{
  "dataset": "CLINC150",
  "config": {
    "k_neighbors": 15,
    "umap_dim": 5,
    "ood_type": "out-of-scope",
    "description": "Out-of-scope queries (OOS_LABEL=42)"
  },
  "data_info": {
    "n_id": 15000,
    "n_ood": 1200,
    "n_total": 16200
  },
  "clustering": {
    "n_clusters": 255,
    "n_noise": 1305,
    "noise_ratio": 0.08055555555555556,
    "min_cluster_size": 20,
    "min_samples": 5
  },
  "nhr_stats": {
    "id_mean": 0.9251066666666669,
    "id_std": 0.24772301533350896,
    "ood_mean": 0.6909444444444446,
    "ood_std": 0.45285047473656886,
    "cohens_d": -0.641552078964292,
    "t_statistic": -29.084888321190785,
    "p_value": 2.4725987837983433e-181,
    "auroc": 0.6330571944444444,
    "direction": "HETEROPHILIC",
    "effect_label": "Medium effect (0.5<|d|<0.8)",
    "embedding_homophily": {
      "id_mean": 0.9707661151308199,
      "ood_mean": 0.8988589931401515,
      "cohens_d": -1.0317683643145479,
      "auroc": 0.8351761111111111
    }
  },
  "baselines": {
    "knn_distance": 0.8861537222222222,
    "mahalanobis": 0.21735194444444444
  },
  "main_finding": {
    "cohens_d": -0.641552078964292,
    "auroc": 0.6330571944444444,
    "direction": "HETEROPHILIC",
    "noise_ratio": 0.08055555555555556
  }
}