{
  "Mahalanobis": {
    "auroc": 81.1056672760512,
    "fpr95": 35.72212065813528,
    "aupr_out": 2.1448582002565155,
    "aupr_in": 99.80505610308452
  },
  "KNN": {
    "auroc": 66.51188299817186,
    "fpr95": 57.495429616087755,
    "aupr_out": 1.210175312284403,
    "aupr_in": 99.61080178604766
  },
  "KNN-10": {
    "auroc": 70.33930530164534,
    "fpr95": 47.36745886654479,
    "aupr_out": 1.359329080213449,
    "aupr_in": 99.66895841334312
  },
  "LOF": {
    "auroc": 86.28702010968922,
    "fpr95": 31.407678244972576,
    "aupr_out": 3.4742406693368886,
    "aupr_in": 99.8571860845423
  },
  "CosineDistance": {
    "auroc": 78.66288848263254,
    "fpr95": 38.06215722120658,
    "aupr_out": 1.9064856800901149,
    "aupr_in": 99.77813696514278
  },
  "Heterophily-Simple": {
    "auroc": 71.62925045703838,
    "fpr95": 46.89213893967093,
    "aupr_out": 1.4250138623835789,
    "aupr_in": 99.68645658192472
  },
  "NegHetero-OOD": {
    "auroc": 70.33930530164534,
    "fpr95": 47.36745886654479,
    "aupr_out": 1.359329080213449,
    "aupr_in": 99.66895841334312
  }
}