{
  "EmbeddingSimilarity": {
    "auroc": 84.57782407407407,
    "fpr95": 51.300000000000004,
    "aupr_out": 73.35733347747922
  },
  "Mahalanobis": {
    "auroc": 78.21842592592593,
    "fpr95": 64.7,
    "aupr_out": 65.32225949697747
  },
  "KNN-10": {
    "auroc": 84.57782407407407,
    "fpr95": 51.300000000000004,
    "aupr_out": 73.35733347747922
  },
  "KNN-200": {
    "auroc": 78.97263888888888,
    "fpr95": 63.849999999999994,
    "aupr_out": 63.6308176184706
  },
  "LOF": {
    "auroc": 79.30520833333333,
    "fpr95": 61.199999999999996,
    "aupr_out": 66.44151203229184
  },
  "CosineDistance": {
    "auroc": 66.86458333333333,
    "fpr95": 82.55,
    "aupr_out": 47.42740150720377
  },
  "MSP": {
    "auroc": 56.57793981481481,
    "fpr95": 87.25,
    "aupr_out": 39.10725676558423
  },
  "Energy": {
    "auroc": 52.13254629629629,
    "fpr95": 93.89999999999999,
    "aupr_out": 36.50160343811186
  },
  "MaxLogit": {
    "auroc": 56.600208333333335,
    "fpr95": 89.05,
    "aupr_out": 39.40972868383742
  },
  "HeterophilyEnhanced": {
    "auroc": 86.9538425925926,
    "fpr95": 47.3,
    "aupr_out": 76.95436074638302
  }
}