{
  "EmbeddingSimilarity": {
    "auroc": 70.33930530164534,
    "fpr95": 46.38025594149909,
    "aupr_out": 1.359329080213449
  },
  "Mahalanobis": {
    "auroc": 75.3872029250457,
    "fpr95": 38.50091407678245,
    "aupr_out": 1.6537024943464602
  },
  "KNN-10": {
    "auroc": 70.33930530164534,
    "fpr95": 46.38025594149909,
    "aupr_out": 1.359329080213449
  },
  "KNN-200": {
    "auroc": 66.51188299817184,
    "fpr95": 52.10237659963437,
    "aupr_out": 1.210175312284403
  },
  "LOF": {
    "auroc": 86.28702010968922,
    "fpr95": 30.146252285191956,
    "aupr_out": 3.4742406693368886
  },
  "CosineDistance": {
    "auroc": 63.96453382084094,
    "fpr95": 52.48628884826325,
    "aupr_out": 1.119213169426776
  },
  "MSP": {
    "auroc": 17.37751371115174,
    "fpr95": 98.66544789762341,
    "aupr_out": 0.5045730627151546
  },
  "Energy": {
    "auroc": 67.23436928702012,
    "fpr95": 62.90676416819013,
    "aupr_out": 1.3157133726989374
  },
  "MaxLogit": {
    "auroc": 16.555027422303475,
    "fpr95": 98.99451553930531,
    "aupr_out": 0.49986533375384196
  },
  "HeterophilyEnhanced": {
    "auroc": 72.85886654478976,
    "fpr95": 44.460694698354665,
    "aupr_out": 1.4929723453660046
  }
}