{
  "clinc150": {
    "EmbeddingSimilarity": {
      "auroc": 70.33930530164534,
      "fpr95": 46.38025594149909,
      "aupr_out": 1.359329080213449
    },
    "Mahalanobis": {
      "auroc": 75.3872029250457,
      "fpr95": 38.50091407678245,
      "aupr_out": 1.6537024943464602
    },
    "KNN-10": {
      "auroc": 70.33930530164534,
      "fpr95": 46.38025594149909,
      "aupr_out": 1.359329080213449
    },
    "KNN-200": {
      "auroc": 66.51188299817184,
      "fpr95": 52.10237659963437,
      "aupr_out": 1.210175312284403
    },
    "LOF": {
      "auroc": 86.28702010968922,
      "fpr95": 30.146252285191956,
      "aupr_out": 3.4742406693368886
    },
    "CosineDistance": {
      "auroc": 63.96453382084094,
      "fpr95": 52.48628884826325,
      "aupr_out": 1.119213169426776
    },
    "MSP": {
      "auroc": 17.37751371115174,
      "fpr95": 98.66544789762341,
      "aupr_out": 0.5045730627151546
    },
    "Energy": {
      "auroc": 67.23436928702012,
      "fpr95": 62.90676416819013,
      "aupr_out": 1.3157133726989374
    },
    "MaxLogit": {
      "auroc": 16.555027422303475,
      "fpr95": 98.99451553930531,
      "aupr_out": 0.49986533375384196
    },
    "HeterophilyEnhanced": {
      "auroc": 72.85886654478976,
      "fpr95": 44.460694698354665,
      "aupr_out": 1.4929723453660046
    }
  },
  "banking77_oos": {
    "EmbeddingSimilarity": {
      "auroc": 84.57782407407407,
      "fpr95": 51.300000000000004,
      "aupr_out": 73.35733347747922
    },
    "Mahalanobis": {
      "auroc": 78.21842592592593,
      "fpr95": 64.7,
      "aupr_out": 65.32225949697747
    },
    "KNN-10": {
      "auroc": 84.57782407407407,
      "fpr95": 51.300000000000004,
      "aupr_out": 73.35733347747922
    },
    "KNN-200": {
      "auroc": 78.97263888888888,
      "fpr95": 63.849999999999994,
      "aupr_out": 63.6308176184706
    },
    "LOF": {
      "auroc": 79.30520833333333,
      "fpr95": 61.199999999999996,
      "aupr_out": 66.44151203229184
    },
    "CosineDistance": {
      "auroc": 66.86458333333333,
      "fpr95": 82.55,
      "aupr_out": 47.42740150720377
    },
    "MSP": {
      "auroc": 56.57793981481481,
      "fpr95": 87.25,
      "aupr_out": 39.10725676558423
    },
    "Energy": {
      "auroc": 52.13254629629629,
      "fpr95": 93.89999999999999,
      "aupr_out": 36.50160343811186
    },
    "MaxLogit": {
      "auroc": 56.600208333333335,
      "fpr95": 89.05,
      "aupr_out": 39.40972868383742
    },
    "HeterophilyEnhanced": {
      "auroc": 86.9538425925926,
      "fpr95": 47.3,
      "aupr_out": 76.95436074638302
    }
  }
}