{
  "timestamp": "2026-01-16T08:35:21.415213",
  "results": {
    "KNN-10": {
      "auroc": 0.843078493647913,
      "aupr": 0.6041166565214529,
      "fpr95": 0.503448275862069
    },
    "LOF": {
      "auroc": 0.8779979582577133,
      "aupr": 0.683487414381943,
      "fpr95": 0.41293103448275864
    },
    "HET-alpha0": {
      "auroc": 0.7302574863883846,
      "aupr": 0.4065646726859061,
      "fpr95": 0.6758620689655173
    },
    "HET-best-alpha": {
      "auroc": 0.7462987749546279,
      "alpha": 0.3
    },
    "KNN+LOF-Hybrid": {
      "auroc": 0.8300453720508167,
      "aupr": 0.6072124728471993,
      "fpr95": 0.5702586206896552
    },
    "KNN-5": {
      "auroc": 0.871166061705989,
      "aupr": 0.6575783433423119,
      "fpr95": 0.4168103448275862
    }
  },
  "best_method": "LOF",
  "best_auroc": 0.8779979582577133
}