{
  "timestamp": "2026-01-16T07:44:49.282282",
  "model": "all-MiniLM-L6-v2",
  "experiment": "bug_fix_verification",
  "clinc150": {
    "KNN-10": {
      "auroc": 0.9582360000000001,
      "aupr": 0.8294034183430773,
      "fpr95": 0.2008888888888889
    },
    "KNN-50": {
      "auroc": 0.939191111111111,
      "aupr": 0.7812298375322975,
      "fpr95": 0.2868888888888889
    },
    "LOF": {
      "auroc": 0.9342833333333335,
      "aupr": 0.7367729988109746,
      "fpr95": 0.22822222222222222
    },
    "HeterophilyEnhancedFixed": {
      "auroc": 0.9454082222222222,
      "aupr": 0.8181967883173856,
      "fpr95": 0.26311111111111113,
      "best_alpha": 0.3,
      "norm_check_passed": "True",
      "direction_fixed": false
    }
  },
  "banking77": {
    "KNN-10": {
      "auroc": 0.843078493647913,
      "aupr": 0.6041166565214529,
      "fpr95": 0.503448275862069
    },
    "KNN-50": {
      "auroc": 0.7302574863883846,
      "aupr": 0.4065646726859061,
      "fpr95": 0.6758620689655173
    },
    "LOF": {
      "auroc": 0.8779979582577133,
      "aupr": 0.683487414381943,
      "fpr95": 0.41293103448275864
    },
    "HeterophilyEnhancedFixed": {
      "auroc": 0.7509233212341198,
      "aupr": 0.485286235044621,
      "fpr95": 0.7262931034482759,
      "best_alpha": 0.5,
      "norm_check_passed": "True",
      "direction_fixed": false
    }
  }
}