{
  "dataset": "clinc150",
  "v2_auroc": 0.7286,
  "v3_auroc": 0.7141253333333333,
  "improvement": -0.014474666666666747,
  "metrics": {
    "auroc": 0.7141253333333333,
    "aupr": 0.331914937815823,
    "fpr95": 0.7968888888888889
  },
  "n_train": 18000,
  "n_test": 5500,
  "n_ood": 1000
}