{
  "dataset": "clinc150",
  "model": "all-MiniLM-L6-v2",
  "v2_auroc": 0.7286,
  "v3_auroc": 0.9582360000000001,
  "improvement": 0.22963600000000006,
  "best_method": "KNN_k10",
  "all_results": {
    "KNN_k10": {
      "auroc": 0.9582360000000001,
      "aupr": 0.8294034183430773,
      "fpr95": 0.2008888888888889
    },
    "KNN_k30": {
      "auroc": 0.947488,
      "aupr": 0.8030372346519431,
      "fpr95": 0.24066666666666667
    },
    "KNN_k50": {
      "auroc": 0.939191111111111,
      "aupr": 0.7812298375322975,
      "fpr95": 0.2868888888888889
    },
    "KNN_k100": {
      "auroc": 0.9207161111111111,
      "aupr": 0.7368787234024229,
      "fpr95": 0.36733333333333335
    },
    "KNN_k200": {
      "auroc": 0.8777915555555555,
      "aupr": 0.657640661286532,
      "fpr95": 0.5026666666666667
    },
    "Mahalanobis": {
      "auroc": 0.8942497777777777,
      "aupr": 0.5769911238288399,
      "fpr95": 0.3973333333333333
    },
    "LOF": {
      "auroc": 0.9342833333333335,
      "aupr": 0.7367729988109746,
      "fpr95": 0.22822222222222222
    }
  },
  "n_train": 18000,
  "n_test": 5500,
  "n_ood": 1000
}