{
  "timestamp": "2026-01-09T08:40:50.825008",
  "model": "all-MiniLM-L6-v2",
  "experiments": {
    "clinc150": {
      "dataset": "CLINC150",
      "n_train": 18000,
      "n_test": 5500,
      "n_ood": 1000,
      "results": {
        "KNN_k10": {
          "auroc": 0.9582360000000001,
          "aupr": 0.8294034183430773,
          "fpr95": 0.2008888888888889
        },
        "KNN_k30": {
          "auroc": 0.947488,
          "aupr": 0.8030372346519431,
          "fpr95": 0.24066666666666667
        },
        "KNN_k50": {
          "auroc": 0.939191111111111,
          "aupr": 0.7812298375322975,
          "fpr95": 0.2868888888888889
        },
        "KNN_k100": {
          "auroc": 0.9207161111111111,
          "aupr": 0.7368787234024229,
          "fpr95": 0.36733333333333335
        },
        "Mahalanobis": {
          "auroc": 0.8942497777777777,
          "aupr": 0.5769911238288399,
          "fpr95": 0.3973333333333333
        },
        "LOF": {
          "auroc": 0.9342833333333335,
          "aupr": 0.7367729988109746,
          "fpr95": 0.22822222222222222
        }
      },
      "best_method": "KNN_k10",
      "best_auroc": 0.9582360000000001
    },
    "banking77": {
      "dataset": "Banking77-OOS",
      "n_train": 7460,
      "n_test": 3080,
      "n_ood": 760,
      "results": {
        "KNN_k10": {
          "auroc": 0.843078493647913,
          "aupr": 0.6041166565214529,
          "fpr95": 0.503448275862069
        },
        "KNN_k30": {
          "auroc": 0.7576494441923776,
          "aupr": 0.45493597880710396,
          "fpr95": 0.6732758620689655
        },
        "KNN_k50": {
          "auroc": 0.7302574863883846,
          "aupr": 0.4065646726859061,
          "fpr95": 0.6758620689655173
        },
        "KNN_k100": {
          "auroc": 0.6832452359346642,
          "aupr": 0.3508878090035953,
          "fpr95": 0.7366379310344827
        },
        "Mahalanobis": {
          "auroc": 0.721084392014519,
          "aupr": 0.45416227209297255,
          "fpr95": 0.7922413793103448
        },
        "LOF": {
          "auroc": 0.8779979582577133,
          "aupr": 0.683487414381943,
          "fpr95": 0.41293103448275864
        }
      },
      "best_method": "LOF",
      "best_auroc": 0.8779979582577133
    }
  }
}