{
  "timestamp": "2026-01-10T12:14:34.031398",
  "model": "all-MiniLM-L6-v2",
  "clinc150": {
    "KNN-10": {
      "auroc": 0.9582360000000001,
      "aupr": 0.8294034183430773,
      "fpr95": 0.2008888888888889
    },
    "KNN-50": {
      "auroc": 0.939191111111111,
      "aupr": 0.7812298375322975,
      "fpr95": 0.2868888888888889
    },
    "KNN-100": {
      "auroc": 0.9207161111111111,
      "aupr": 0.7368787234024229,
      "fpr95": 0.36733333333333335
    },
    "Mahalanobis": {
      "auroc": 0.8942497777777777,
      "aupr": 0.5769911238288399,
      "fpr95": 0.3973333333333333
    },
    "LOF": {
      "auroc": 0.9342833333333335,
      "aupr": 0.7367729988109746,
      "fpr95": 0.22822222222222222
    },
    "MSP": {
      "auroc": 0.9176444444444445,
      "aupr": 0.715265246352366,
      "fpr95": 0.28955555555555557
    },
    "Energy": {
      "auroc": 0.9446751111111111,
      "aupr": 0.779721061841842,
      "fpr95": 0.21866666666666668
    },
    "MaxLogit": {
      "auroc": 0.9470215555555554,
      "aupr": 0.7926821482389893,
      "fpr95": 0.21422222222222223
    },
    "HeterophilyEnhanced": {
      "auroc": 0.8218015555555556,
      "aupr": 0.5607785251470441,
      "fpr95": 0.758
    }
  },
  "banking77": {
    "KNN-10": {
      "auroc": 0.843078493647913,
      "aupr": 0.6041166565214529,
      "fpr95": 0.503448275862069
    },
    "KNN-50": {
      "auroc": 0.7302574863883846,
      "aupr": 0.4065646726859061,
      "fpr95": 0.6758620689655173
    },
    "KNN-100": {
      "auroc": 0.6832452359346642,
      "aupr": 0.3508878090035953,
      "fpr95": 0.7366379310344827
    },
    "Mahalanobis": {
      "auroc": 0.721084392014519,
      "aupr": 0.45416227209297255,
      "fpr95": 0.7922413793103448
    },
    "LOF": {
      "auroc": 0.8779979582577133,
      "aupr": 0.683487414381943,
      "fpr95": 0.41293103448275864
    },
    "MSP": {
      "auroc": 0.8065193965517241,
      "aupr": 0.5714481298881849,
      "fpr95": 0.6810344827586207
    },
    "Energy": {
      "auroc": 0.7903119328493647,
      "aupr": 0.5320179195444501,
      "fpr95": 0.6775862068965517
    },
    "MaxLogit": {
      "auroc": 0.7989382940108892,
      "aupr": 0.5521027911411531,
      "fpr95": 0.6698275862068965
    },
    "HeterophilyEnhanced": {
      "auroc": 0.6774537772232304,
      "aupr": 0.4301395562424722,
      "fpr95": 0.9038793103448276
    }
  }
}