{"auroc": 0.9582360000000001, "aupr": 0.8294034183430773, "fpr95": 0.2008888888888889}