{
  "clinc150": {
    "KNN-10": {
      "auroc_mean": 0.9582360000000001,
      "auroc_std": 0.0,
      "aupr_mean": 0.8294034183430773,
      "aupr_std": 0.0,
      "fpr95_mean": 0.2008888888888889,
      "fpr95_std": 0.0,
      "auroc_list": [
        0.9582360000000001,
        0.9582360000000001,
        0.9582360000000001,
        0.9582360000000001,
        0.9582360000000001
      ]
    },
    "KNN-50": {
      "auroc_mean": 0.939191111111111,
      "auroc_std": 0.0,
      "aupr_mean": 0.7812298375322975,
      "aupr_std": 0.0,
      "fpr95_mean": 0.2868888888888889,
      "fpr95_std": 0.0,
      "auroc_list": [
        0.939191111111111,
        0.939191111111111,
        0.939191111111111,
        0.939191111111111,
        0.939191111111111
      ]
    },
    "LOF": {
      "auroc_mean": 0.9342833333333335,
      "auroc_std": 0.0,
      "aupr_mean": 0.7367729988109746,
      "aupr_std": 0.0,
      "fpr95_mean": 0.2282222222222222,
      "fpr95_std": 2.7755575615628914e-17,
      "auroc_list": [
        0.9342833333333335,
        0.9342833333333335,
        0.9342833333333335,
        0.9342833333333335,
        0.9342833333333335
      ]
    },
    "Mahalanobis": {
      "auroc_mean": 0.8942497777777778,
      "auroc_std": 1.1102230246251565e-16,
      "aupr_mean": 0.5769911238288399,
      "aupr_std": 0.0,
      "fpr95_mean": 0.3973333333333333,
      "fpr95_std": 0.0,
      "auroc_list": [
        0.8942497777777777,
        0.8942497777777777,
        0.8942497777777777,
        0.8942497777777777,
        0.8942497777777777
      ]
    },
    "DA-ADB": {
      "auroc_mean": 0.9649837777777777,
      "auroc_std": 0.0,
      "aupr_mean": 0.8517806780960401,
      "aupr_std": 0.0,
      "fpr95_mean": 0.1491111111111111,
      "fpr95_std": 0.0,
      "auroc_list": [
        0.9649837777777777,
        0.9649837777777777,
        0.9649837777777777,
        0.9649837777777777,
        0.9649837777777777
      ]
    },
    "FLatS": {
      "auroc_mean": 0.7910268888888888,
      "auroc_std": 0.0,
      "aupr_mean": 0.4525532204778718,
      "aupr_std": 0.0,
      "fpr95_mean": 0.6833333333333333,
      "fpr95_std": 0.0,
      "auroc_list": [
        0.7910268888888888,
        0.7910268888888888,
        0.7910268888888888,
        0.7910268888888888,
        0.7910268888888888
      ]
    },
    "RMD": {
      "auroc_mean": 0.8952755555555554,
      "auroc_std": 0.0,
      "aupr_mean": 0.59911905177065,
      "aupr_std": 0.0,
      "fpr95_mean": 0.4104444444444445,
      "fpr95_std": 5.551115123125783e-17,
      "auroc_list": [
        0.8952755555555554,
        0.8952755555555554,
        0.8952755555555554,
        0.8952755555555554,
        0.8952755555555554
      ]
    },
    "HeterophilyEnhanced": {
      "auroc_mean": 0.939191111111111,
      "auroc_std": 0.0,
      "aupr_mean": 0.7812298375322975,
      "aupr_std": 0.0,
      "fpr95_mean": 0.2868888888888889,
      "fpr95_std": 0.0,
      "auroc_list": [
        0.939191111111111,
        0.939191111111111,
        0.939191111111111,
        0.939191111111111,
        0.939191111111111
      ]
    }
  },
  "banking77": {
    "KNN-10": {
      "auroc_mean": 0.843078493647913,
      "auroc_std": 0.0,
      "aupr_mean": 0.6041166565214529,
      "aupr_std": 0.0,
      "fpr95_mean": 0.503448275862069,
      "fpr95_std": 0.0,
      "auroc_list": [
        0.843078493647913,
        0.843078493647913,
        0.843078493647913,
        0.843078493647913,
        0.843078493647913
      ]
    },
    "KNN-50": {
      "auroc_mean": 0.7302574863883846,
      "auroc_std": 0.0,
      "aupr_mean": 0.4065646726859061,
      "aupr_std": 0.0,
      "fpr95_mean": 0.6758620689655173,
      "fpr95_std": 0.0,
      "auroc_list": [
        0.7302574863883846,
        0.7302574863883846,
        0.7302574863883846,
        0.7302574863883846,
        0.7302574863883846
      ]
    },
    "LOF": {
      "auroc_mean": 0.8779979582577134,
      "auroc_std": 1.1102230246251565e-16,
      "aupr_mean": 0.683487414381943,
      "aupr_std": 0.0,
      "fpr95_mean": 0.41293103448275864,
      "fpr95_std": 0.0,
      "auroc_list": [
        0.8779979582577133,
        0.8779979582577133,
        0.8779979582577133,
        0.8779979582577133,
        0.8779979582577133
      ]
    },
    "Mahalanobis": {
      "auroc_mean": 0.721084392014519,
      "auroc_std": 0.0,
      "aupr_mean": 0.4541622720929725,
      "aupr_std": 5.551115123125783e-17,
      "fpr95_mean": 0.7922413793103448,
      "fpr95_std": 0.0,
      "auroc_list": [
        0.721084392014519,
        0.721084392014519,
        0.721084392014519,
        0.721084392014519,
        0.721084392014519
      ]
    },
    "DA-ADB": {
      "auroc_mean": 0.8758598003629764,
      "auroc_std": 0.0,
      "aupr_mean": 0.6707873079314637,
      "aupr_std": 0.0,
      "fpr95_mean": 0.42844827586206896,
      "fpr95_std": 0.0,
      "auroc_list": [
        0.8758598003629764,
        0.8758598003629764,
        0.8758598003629764,
        0.8758598003629764,
        0.8758598003629764
      ]
    },
    "FLatS": {
      "auroc_mean": 0.6287443284936479,
      "auroc_std": 0.0,
      "aupr_mean": 0.3216177261825498,
      "aupr_std": 0.0,
      "fpr95_mean": 0.8534482758620691,
      "fpr95_std": 1.1102230246251565e-16,
      "auroc_list": [
        0.6287443284936479,
        0.6287443284936479,
        0.6287443284936479,
        0.6287443284936479,
        0.6287443284936479
      ]
    },
    "RMD": {
      "auroc_mean": 0.7045247277676951,
      "auroc_std": 0.0,
      "aupr_mean": 0.439265061633196,
      "aupr_std": 0.0,
      "fpr95_mean": 0.8043103448275863,
      "fpr95_std": 1.1102230246251565e-16,
      "auroc_list": [
        0.7045247277676951,
        0.7045247277676951,
        0.7045247277676951,
        0.7045247277676951,
        0.7045247277676951
      ]
    },
    "HeterophilyEnhanced": {
      "auroc_mean": 0.871166061705989,
      "auroc_std": 0.0,
      "aupr_mean": 0.6575783433423119,
      "aupr_std": 0.0,
      "fpr95_mean": 0.4168103448275862,
      "fpr95_std": 0.0,
      "auroc_list": [
        0.871166061705989,
        0.871166061705989,
        0.871166061705989,
        0.871166061705989,
        0.871166061705989
      ]
    }
  },
  "rostd": {
    "KNN-10": {
      "auroc_mean": 0.9964285714285713,
      "auroc_std": 0.0,
      "aupr_mean": 0.992957099410566,
      "aupr_std": 1.1102230246251565e-16,
      "fpr95_mean": 0.017857142857142856,
      "fpr95_std": 0.0,
      "auroc_list": [
        0.9964285714285713,
        0.9964285714285713,
        0.9964285714285713,
        0.9964285714285713,
        0.9964285714285713
      ]
    },
    "KNN-50": {
      "auroc_mean": 0.9714285714285713,
      "auroc_std": 1.1102230246251565e-16,
      "aupr_mean": 0.9493977260290581,
      "aupr_std": 0.0,
      "fpr95_mean": 0.10714285714285714,
      "fpr95_std": 0.0,
      "auroc_list": [
        0.9714285714285714,
        0.9714285714285714,
        0.9714285714285714,
        0.9714285714285714,
        0.9714285714285714
      ]
    },
    "LOF": {
      "auroc_mean": 0.9898809523809524,
      "auroc_std": 0.0,
      "aupr_mean": 0.9815406754480342,
      "aupr_std": 0.0,
      "fpr95_mean": 0.017857142857142856,
      "fpr95_std": 0.0,
      "auroc_list": [
        0.9898809523809524,
        0.9898809523809524,
        0.9898809523809524,
        0.9898809523809524,
        0.9898809523809524
      ]
    },
    "Mahalanobis": {
      "auroc_mean": 1.0,
      "auroc_std": 0.0,
      "aupr_mean": 1.0,
      "aupr_std": 0.0,
      "fpr95_mean": 0.0,
      "fpr95_std": 0.0,
      "auroc_list": [
        1.0,
        1.0,
        1.0,
        1.0,
        1.0
      ]
    },
    "DA-ADB": {
      "auroc_mean": 1.0,
      "auroc_std": 0.0,
      "aupr_mean": 1.0,
      "aupr_std": 0.0,
      "fpr95_mean": 0.0,
      "fpr95_std": 0.0,