{
  "KNN-10": {
    "auroc": 0.9964285714285713,
    "aupr": 0.9929570994105661,
    "fpr95": 0.017857142857142856
  },
  "KNN-50": {
    "auroc": 0.9714285714285714,
    "aupr": 0.9493977260290581,
    "fpr95": 0.10714285714285714
  },
  "LOF": {
    "auroc": 0.9898809523809524,
    "aupr": 0.9815406754480342,
    "fpr95": 0.017857142857142856
  },
  "Mahalanobis": {
    "auroc": 1.0,
    "aupr": 1.0,
    "fpr95": 0.0
  },
  "DA-ADB": {
    "auroc": 1.0,
    "aupr": 1.0,
    "fpr95": 0.0
  },
  "FLatS": {
    "auroc": 0.9964285714285714,
    "aupr": 0.9935186843807533,
    "fpr95": 0.017857142857142856
  },
  "RMD": {
    "auroc": 1.0,
    "aupr": 1.0,
    "fpr95": 0.0
  },
  "HeterophilyEnhanced": {
    "auroc": 0.9714285714285714,
    "aupr": 0.9493977260290581,
    "fpr95": 0.10714285714285714
  }
}