TradingDate,SecurityID,Value
2024.06.03,000003.SZ,0.26325504548188094
2024.06.03,600036.SH,0.09169840566242489
2024.06.03,600024.SH,0.02585924789398626
2024.06.03,600020.SH,0.08596364269983038
2024.06.03,600016.SH,0.028526337891843504
2024.06.03,000010.SZ,0.09074632993146124
2024.06.03,000043.SZ,0.008918929380702696
2024.06.03,600028.SH,0.2240518012866213
2024.06.03,000011.SZ,0.10434041074243124
2024.06.03,600026.SH,0.11730949422876166
2024.06.03,600041.SH,0.05839339440925389
2024.06.03,600011.SH,0.07928747413011383
2024.06.03,000036.SZ,0.37347852013533
2024.06.03,600003.SH,0.06330967441894042
2024.06.03,000008.SZ,0.12356693723846919
2024.06.03,600017.SH,0.14593822327262782
2024.06.03,600042.SH,0.26354701746707454
2024.06.03,000044.SZ,0.07491110311658579
2024.06.03,000039.SZ,0.09802964443727705
2024.06.03,000035.SZ,0.12042263142337653
2024.06.03,600029.SH,0.028188204851916445
2024.06.03,000006.SZ,0.2583734150530242
2024.06.03,000013.SZ,0.05573077564552368
2024.06.03,600018.SH,0.004361164436899926
2024.06.03,000002.SZ,0.03329325548458453
2024.06.03,000016.SZ,0.09061201929863519
2024.06.03,000030.SZ,0.07125401459046997
2024.06.03,000029.SZ,0.12454463960196108
2024.06.03,600038.SH,0.0637382825378875
2024.06.03,600004.SH,0.11116687946716229
2024.06.03,600000.SH,0.23354933959545973
2024.06.03,600043.SH,0.024334660917758336
2024.06.03,000020.SZ,0.20991464769923918
2024.06.03,000019.SZ,0.0698264585967487
2024.06.03,600006.SH,0.40919395589994834
2024.06.03,000007.SZ,0.09940169527420543
2024.06.03,000031.SZ,0.017844520565887576
2024.06.03,600040.SH,0.21357182897808624
2024.06.03,000026.SZ,0.11578707887603097
2024.06.03,000005.SZ,0.1953488512661882
2024.06.03,600030.SH,0.012970459080461794
2024.06.03,600005.SH,0.008749679631188731
2024.06.03,600033.SH,0.01681973340768991
2024.06.03,600039.SH,0.03811066264353328
2024.06.03,600015.SH,0.11291559107140255
2024.06.03,000023.SZ,0.039973974194251784
2024.06.03,600013.SH,0.17075693727780974
2024.06.03,000045.SZ,0.011474506666609376
2024.06.03,600008.SH,0.014753238513743301
2024.06.03,000038.SZ,0.5845557172156919
2024.06.03,600025.SH,0.24032075852994003
2024.06.03,600019.SH,0.04920800857342925
2024.06.03,000012.SZ,0.01818144889357565
2024.06.03,600009.SH,0.10790116874334209
2024.06.03,600021.SH,0.013050703652771162
2024.06.03,000024.SZ,0.006920406415583422
2024.06.03,000004.SZ,0.07336981435510068
2024.06.03,600035.SH,0.1352444906006088
2024.06.03,000048.SZ,0.03228392656469452
2024.06.03,600049.SH,0.04872876652048028
2024.06.03,600022.SH,0.4462733972909401
2024.06.03,000009.SZ,0.1462904699718192
2024.06.03,000021.SZ,0.39796494839098134
2024.06.03,000047.SZ,0.15442702010713893
2024.06.03,000042.SZ,0.09543924728474174
2024.06.03,000025.SZ,0.026469464570435364
2024.06.03,600047.SH,0.0029289625956489362
2024.06.03,600007.SH,0.0810166046664304
2024.06.03,600027.SH,0.32187330719690627
2024.06.03,000034.SZ,0.02401357257377568
2024.06.03,000033.SZ,0.021148913255668478
2024.06.03,600048.SH,0.1750983661900815
2024.06.03,600046.SH,0.012293869478885293
2024.06.03,000017.SZ,0.0270214785438904
2024.06.03,600002.SH,0.23530342448693808
2024.06.03,000037.SZ,0.02556289961478287
2024.06.03,600001.SH,0.21455437550267537
2024.06.03,600034.SH,0.1363610316700958
2024.06.03,000046.SZ,0.34633539499228866
2024.06.03,600012.SH,0.13586428391435462
2024.06.03,600031.SH,0.01319289826891696
2024.06.03,000050.SZ,0.46118598533179206
2024.06.03,000049.SZ,0.013584139639824355
2024.06.03,600045.SH,0.06704895645216814
2024.06.03,000018.SZ,0.1555122642498602
2024.06.03,600014.SH,0.0530128899225486
2024.06.03,600010.SH,0.03257328808941984
2024.06.03,000032.SZ,0.1309969076285225
2024.06.03,000015.SZ,0.018157760150679655
2024.06.03,000028.SZ,0.00940146081486328
2024.06.03,000040.SZ,0.06276554765306064
2024.06.03,600044.SH,0.42430490035061535
2024.06.03,600023.SH,0.13022608419158918
2024.06.03,000001.SZ,0.02437503198914014
2024.06.03,600032.SH,0.2774755329231715
2024.06.03,000014.SZ,0.011408200405070536
2024.06.03,600037.SH,0.3718302640924552
2024.06.03,000041.SZ,0.11650580334743954
2024.06.04,600003.SH,0.07397181186645461
2024.06.04,000038.SZ,0.1354774930708906
2024.06.04,000003.SZ,0.22004718620424815
2024.06.04,000048.SZ,0.15668495173786323
2024.06.04,000016.SZ,0.013170246964727694
2024.06.04,000040.SZ,0.09717127582937442
2024.06.04,000018.SZ,0.37006740240030717
2024.06.04,600049.SH,0.3640357410099627
2024.06.04,000039.SZ,0.14572384347944356
2024.06.04,000019.SZ,0.07824692963993439
2024.06.04,600027.SH,0.10551807226209192
2024.06.04,600044.SH,0.03994284018706467
2024.06.04,000031.SZ,0.030918413309617948
2024.06.04,600029.SH,0.20948339084028408
2024.06.04,600034.SH,0.03574588591075344
2024.06.04,600043.SH,0.11832721302634783
2024.06.04,600007.SH,0.4334574960465365
2024.06.04,000041.SZ,0.13014615748043076
2024.06.04,600024.SH,0.1468266577951497
2024.06.04,600047.SH,0.12250580047598991
2024.06.04,600019.SH,0.3396159450066898
2024.06.04,000011.SZ,0.12635053799152046
2024.06.04,600033.SH,0.025657712375554156
2024.06.04,600014.SH,0.10025198718235752
2024.06.04,600045.SH,0.037922658663255476
2024.06.04,600022.SH,0.0980934752059199
2024.06.04,600005.SH,0.02929781624646323
2024.06.04,600023.SH,0.1216414035740632
2024.06.04,000022.SZ,0.05392653226042542
2024.06.04,000042.SZ,0.16330521926135408
2024.06.04,000007.SZ,0.08506656253558624
2024.06.04,000014.SZ,0.03142101945368743
2024.06.04,600021.SH,0.06569262288297713
2024.06.04,600048.SH,0.12712026978770255
2024.06.04,000013.SZ,0.0386719791696957
2024.06.04,600046.SH,0.012538071126814695
2024.06.04,000026.SZ,0.23210474563824696
2024.06.04,000047.SZ,0.04087154681137245
2024.06.04,600041.SH,0.107382125547224
2024.06.04,600012.SH,0.05743699779898897
2024.06.04,000028.SZ,0.03624215655598025
2024.06.04,600002.SH,0.25277570979369635
2024.06.04,000036.SZ,0.5447620945460657
2024.06.04,000006.SZ,0.03215022628912292
2024.06.04,000024.SZ,0.14410280848080817
2024.06.04,000035.SZ,0.08514831785380125
2024.06.04,000009.SZ,0.3054889857555246
2024.06.04,600042.SH,0.10800648813554359
2024.06.04,600015.SH,0.019055248699537997
2024.06.04,000029.SZ,0.30043392974859845
2024.06.04,000015.SZ,0.5037835907249284
2024.06.04,000002.SZ,0.129493357393304
2024.06.04,600031.SH,0.021257340140274347
2024.06.04,600006.SH,0.2904017671257837
2024.06.04,600017.SH,0.06462066292452384
2024.06.04,600008.SH,0.0373175925967871
2024.06.04,600037.SH,0.14216808676640041
2024.06.04,000027.SZ,0.399209385802567
2024.06.04,600000.SH,0.20244817961285042
2024.06.04,600016.SH,0.1925335252731313
2024.06.04,000010.SZ,0.018068669000065006
2024.06.04,600009.SH,0.21358913162648513
2024.06.04,600030.SH,0.16529903566524637
2024.06.04,000044.SZ,0.1043576914779268
2024.06.04,600013.SH,0.09932159060602194
2024.06.04,000046.SZ,0.005036548666344429
2024.06.04,000025.SZ,0.011306453569698859
2024.06.04,600035.SH,0.13790264778459602
2024.06.04,600039.SH,0.3247682509641753
2024.06.04,600001.SH,0.15261583874070112
2024.06.04,000021.SZ,0.11527666868339169
2024.06.04,600018.SH,0.029506926500942162
2024.06.04,600020.SH,0.1489602457541214
2024.06.04,600026.SH,0.001247880035266384
2024.06.04,600038.SH,0.28236726404134926
2024.06.04,000004.SZ,0.10043249398418176
2024.06.04,000049.SZ,0.06557114368903316
2024.06.04,600004.SH,0.2030933969421181
2024.06.04,600010.SH,0.05936223180334335
2024.06.04,000008.SZ,0.20856106049003256
2024.06.04,000020.SZ,0.07821883817063785
2024.06.04,000023.SZ,0.3459160175009151
2024.06.04,600032.SH,0.08974457195431267
2024.06.04,000043.SZ,0.04548113409249882
2024.06.04,000034.SZ,0.11847699811937237
2024.06.04,000037.SZ,0.11953947680230669
2024.06.04,600011.SH,0.29688816917764704
2024.06.04,000030.SZ,0.04459430793139362
2024.06.04,000050.SZ,0.2345715744181821
2024.06.04,000017.SZ,0.07957488795406706
2024.06.04,600036.SH,0.14607190572043396
2024.06.04,000012.SZ,0.2084658599870926
2024.06.04,600040.SH,0.02262364629832938
2024.06.04,000005.SZ,0.057478455409456335
2024.06.04,000045.SZ,0.067634270730529
2024.06.04,600025.SH,0.017004593360895767
2024.06.04,000033.SZ,0.0448352836550876
2024.06.04,000032.SZ,0.021736886240935085
2024.06.05,600013.SH,0.10921989887716624
2024.06.05,000006.SZ,0.010930985810083286
2024.06.05,600017.SH,0.017427419783060005
2024.06.05,600015.SH,0.05710102191222678
2024.06.05,600032.SH,0.09522379752712637
2024.06.05,600001.SH,0.027991416512658455
2024.06.05,600007.SH,0.010803164886265433
2024.06.05,000031.SZ,0.07356011578385228
2024.06.05,000016.SZ,0.3045116546068358
2024.06.05,000029.SZ,0.10112712577144432
2024.06.05,000048.SZ,0.07681339414081118
2024.06.05,600010.SH,0.026098905118234803
2024.06.05,600034.SH,0.11863080692310357
2024.06.05,000045.SZ,0.008716148397376989
2024.06.05,600029.SH,0.2101006159759646
2024.06.05,000024.SZ,0.4174601841409549
2024.06.05,000037.SZ,0.21735868676924164
2024.06.05,600039.SH,0.0010876092153476993
2024.06.05,000019.SZ,0.09505137115272203
2024.06.05,000003.SZ,0.2275046605482516
2024.06.05,600021.SH,0.21486790892734478
2024.06.05,000036.SZ,0.0009036056703524717
2024.06.05,600023.SH,0.1073394623889186
2024.06.05,000017.SZ,0.2844108953322801
2024.06.05,000026.SZ,0.1324112057762385
2024.06.05,600020.SH,0.3440177124024191
2024.06.05,000030.SZ,0.15277534403064666
2024.06.05,000011.SZ,0.18218001744157755
2024.06.05,600046.SH,0.06354844419727927
2024.06.05,600045.SH,0.38595351917104576
2024.06.05,600012.SH,0.12477960177402957
2024.06.05,000046.SZ,0.23720550350846215
2024.06.05,000010.SZ,0.0033921628222855853
2024.06.05,600041.SH,0.29145833491407425
2024.06.05,000047.SZ,0.04878814609195849
2024.06.05,600043.SH,0.014137730881965243
2024.06.05,600048.SH,0.05657873692040416
2024.06.05,600049.SH,0.07113914364620721
2024.06.05,600025.SH,0.07666231957075886
2024.06.05,600028.SH,0.02515279218896854
2024.06.05,600004.SH,0.017633910031196996
2024.06.05,000050.SZ,0.09139156806523055
2024.06.05,600038.SH,0.013820932659556247
2024.06.05,000002.SZ,0.20985201902742073
2024.06.05,600040.SH,0.17807215831484266
2024.06.05,600027.SH,0.12983086548766248
2024.06.05,000001.SZ,0.0625438602027733
2024.06.05,000028.SZ,0.00521183447169515
2024.06.05,600000.SH,0.02971726031622218
2024.06.05,600026.SH,0.007385017513179147
2024.06.05,000008.SZ,0.04105543676192435
2024.06.05,600022.SH,0.2263533300393283
2024.06.05,000040.SZ,0.017882845158135412
2024.06.05,000022.SZ,0.29597264308921106
2024.06.05,600024.SH,0.05897367848873021
2024.06.05,600033.SH,0.010877486712715581
2024.06.05,600005.SH,0.01137699378145968
2024.06.05,000041.SZ,0.10267106507944027
2024.06.05,000044.SZ,0.10035113628302184
2024.06.05,600011.SH,0.05799955205937453
2024.06.05,600019.SH,0.008625504521991605
2024.06.05,000007.SZ,0.12819823213133494
2024.06.05,000027.SZ,0.06598787651677601
2024.06.05,000042.SZ,0.02003458918137325
2024.06.05,000015.SZ,0.01851264349420077
2024.06.05,000032.SZ,0.04913493680388064
2024.06.05,000038.SZ,0.022050344770251317
2024.06.05,000004.SZ,0.17783452895044966
2024.06.05,000021.SZ,0.0947701632583929
2024.06.05,600047.SH,0.1702329143763832
2024.06.05,000035.SZ,0.15407738625464662
2024.06.05,600008.SH,0.30942996494406183
2024.06.05,600014.SH,0.05092638576334471
2024.06.05,600003.SH,0.052139939989900616
2024.06.05,000043.SZ,0.06843814014702924
2024.06.05,600044.SH,0.0384421236681925
2024.06.05,000034.SZ,0.08275328721634162
2024.06.05,000012.SZ,0.12993359791578485
2024.06.05,000033.SZ,0.06311545721013789
2024.06.05,000009.SZ,0.19514481485093046
2024.06.05,000039.SZ,0.04333675552486541
2024.06.05,600018.SH,0.005514022072643871
2024.06.05,000005.SZ,0.31070628210743056
2024.06.05,000014.SZ,0.20325310312960262
2024.06.05,600002.SH,0.10342338334201397
2024.06.05,000018.SZ,0.02419333915790375
2024.06.05,000020.SZ,0.02814397396350398
2024.06.05,000023.SZ,0.1575220979523891
2024.06.05,600031.SH,0.5030805334695355
2024.06.05,600035.SH,0.14316673177342523
2024.06.05,600009.SH,0.1854201426240846
2024.06.05,600036.SH,0.03401607996206669
2024.06.05,600016.SH,0.16022926379022204
2024.06.05,600037.SH,0.0532626878783499
2024.06.05,000013.SZ,0.2378687496664751
2024.06.05,600006.SH,0.12913538752694512
2024.06.06,000032.SZ,0.07313921686694355
2024.06.06,000045.SZ,0.20779536393924739
2024.06.06,000017.SZ,0.27439396835225954
2024.06.06,000042.SZ,0.005111609250878741
2024.06.06,600031.SH,0.12501556236495803
2024.06.06,000014.SZ,0.22131389949195826
2024.06.06,000036.SZ,0.008840334899864279
2024.06.06,000011.SZ,0.07011808702933081
2024.06.06,000002.SZ,0.019527894045932175
2024.06.06,600037.SH,0.0635025682718492
2024.06.06,000021.SZ,0.31450375054919694
2024.06.06,600028.SH,0.029715392139145994
2024.06.06,000035.SZ,0.06978979918185908
2024.06.06,600011.SH,0.1863438248387724
2024.06.06,600017.SH,0.04722346034785623
2024.06.06,000049.SZ,0.025814049866925128
2024.06.06,600010.SH,0.12393182585951247
2024.06.06,600012.SH,0.05954996277634154
2024.06.06,600026.SH,0.0960737802654128
2024.06.06,000003.SZ,0.08536056589383409
2024.06.06,600002.SH,0.01243474417193784
2024.06.06,000026.SZ,0.33803137260296157
2024.06.06,000046.SZ,0.06976416747025983
2024.06.06,600004.SH,0.03714912677740337
2024.06.06,600029.SH,0.06792872146847447
2024.06.06,600015.SH,0.03771597918978332
2024.06.06,000028.SZ,0.07310096665760155
2024.06.06,000037.SZ,0.10154564440239348
2024.06.06,600000.SH,0.010462153464646653
2024.06.06,000033.SZ,0.2618211681309381
2024.06.06,000031.SZ,0.01137834345914593
2024.06.06,600039.SH,0.01799045198316977
2024.06.06,600047.SH,0.3230541667737321
2024.06.06,000004.SZ,0.06540404790950496
2024.06.06,000020.SZ,0.3538258629659421
2024.06.06,000027.SZ,0.02756509166543035
2024.06.06,600046.SH,0.083102929360382
2024.06.06,600001.SH,0.055717499156070105
2024.06.06,600008.SH,0.05348323092157593
2024.06.06,000008.SZ,0.2544505481286179
2024.06.06,600042.SH,0.02709328011659804
2024.06.06,600003.SH,0.050451372526019604
2024.06.06,600040.SH,0.009814372171773342
2024.06.06,000009.SZ,0.19400116922190863
2024.06.06,000025.SZ,0.012498756848241623
2024.06.06,600033.SH,0.011943172020476954
2024.06.06,000023.SZ,0.027817659146813424
2024.06.06,000019.SZ,0.14316038335571152
2024.06.06,000034.SZ,0.13664397820581253
2024.06.06,600041.SH,0.11331485682014936
2024.06.06,600024.SH,0.43937757179124154
2024.06.06,000039.SZ,0.17608590059334148
2024.06.06,000012.SZ,0.05377227531357599
2024.06.06,600006.SH,0.0724242753578019
2024.06.06,600023.SH,0.04206818084899567
2024.06.06,600027.SH,0.2424689560761304
2024.06.06,000010.SZ,0.17357743547273463
2024.06.06,000015.SZ,0.042537405493791994
2024.06.06,600007.SH,0.07235520096078209
2024.06.06,000005.SZ,0.03673189220651689
2024.06.06,600005.SH,0.08662664294458439
2024.06.06,000013.SZ,0.03936188724818426
2024.06.06,000007.SZ,0.20015476785039385
2024.06.06,000038.SZ,0.19070872902300762
2024.06.06,600013.SH,0.17377606642575763
2024.06.06,600038.SH,0.15655476749035432
2024.06.06,000006.SZ,0.015691028481643648
2024.06.06,000030.SZ,0.013304010853726927
2024.06.06,600045.SH,0.3201557656090305
2024.06.06,000018.SZ,0.2648929877850884
2024.06.06,600049.SH,0.11039340723990333
2024.06.06,000001.SZ,0.0708827432042503
2024.06.06,000044.SZ,0.08763117528322456
2024.06.06,600016.SH,0.19509712768962797
2024.06.06,600025.SH,0.1574007253977676
2024.06.06,600030.SH,0.07129174608274054
2024.06.06,000040.SZ,0.0494767940622263
2024.06.06,000048.SZ,0.022460429855797163
2024.06.06,000022.SZ,0.16618878244473023
2024.06.06,600014.SH,0.008430243628270004
2024.06.06,000016.SZ,0.021856741528169125
2024.06.06,600021.SH,0.16687329085070451
2024.06.06,600044.SH,0.08871726903189533
2024.06.06,600032.SH,0.025758567193924043
2024.06.06,000050.SZ,0.014203851356393703
2024.06.06,600036.SH,0.37556470313317253
2024.06.06,000041.SZ,0.016087321349805617
2024.06.06,000047.SZ,0.016734408125969158
2024.06.06,000024.SZ,0.029479282331421518
2024.06.06,600009.SH,0.13405367304821827
2024.06.06,000029.SZ,0.1284913144329554
2024.06.06,600019.SH,0.03622470241263583
2024.06.06,600043.SH,0.03536529552373101
2024.06.06,600034.SH,0.06222312800175289
2024.06.06,600018.SH,0.1642335473609791
2024.06.06,600022.SH,0.10007631689684546
2024.06.06,600048.SH,0.13323945615158708
2024.06.06,600035.SH,0.0735783769845995
2024.06.07,600013.SH,0.0253823028764808
2024.06.07,000030.SZ,0.03056496100885134
2024.06.07,000011.SZ,0.11942359079267877
2024.06.07,000010.SZ,0.019914019176271724
2024.06.07,600024.SH,0.15354796044016517
2024.06.07,600021.SH,0.6149689017040918
2024.06.07,000033.SZ,0.04805834459096612
2024.06.07,600031.SH,0.07537754805299446
2024.06.07,000004.SZ,0.19184372216145484
2024.06.07,000008.SZ,0.01333594817428353
2024.06.07,000050.SZ,0.2311248533995985
2024.06.07,600008.SH,0.14608182733833516
2024.06.07,000043.SZ,0.030407792958460467
2024.06.07,600002.SH,0.0955565511814871
2024.06.07,000047.SZ,0.09306427151272584
2024.06.07,000044.SZ,0.0495081596545885
2024.06.07,600041.SH,0.6783777934156207
2024.06.07,600030.SH,0.1771371924708384
2024.06.07,600049.SH,0.18109218503640367
2024.06.07,000018.SZ,0.07804519965715949
2024.06.07,600034.SH,0.1598454370870168
2024.06.07,000014.SZ,0.18310432403661514
2024.06.07,000016.SZ,0.0215950137073717
2024.06.07,000007.SZ,0.040915530782755
2024.06.07,000029.SZ,0.04198522612214176
2024.06.07,600038.SH,0.086682100698991
2024.06.07,600026.SH,0.1594668960895804
2024.06.07,600006.SH,0.019718343095856582
2024.06.07,600015.SH,0.22732882616026293
2024.06.07,000042.SZ,0.09596634620904461
2024.06.07,600027.SH,0.11068006771937655
2024.06.07,000037.SZ,0.21722040923709837
2024.06.07,000032.SZ,0.12962754526210968
2024.06.07,000020.SZ,0.01800737466640029
2024.06.07,600018.SH,0.09600877029418561
2024.06.07,000025.SZ,0.047284806467679845
2024.06.07,000034.SZ,0.24108359320554051
2024.06.07,600035.SH,0.11812086751916229
2024.06.07,600048.SH,0.21919136937884337
2024.06.07,000028.SZ,0.036762358837546916
2024.06.07,000049.SZ,0.10023062169129117
2024.06.07,000002.SZ,0.11598792627092615
2024.06.07,000046.SZ,0.2749049091675792
2024.06.07,600001.SH,0.09955224696780729
2024.06.07,000006.SZ,0.1365417245417598
2024.06.07,600033.SH,0.09296260550686536
2024.06.07,000023.SZ,0.07004435991297961
2024.06.07,000031.SZ,0.020879079715497635
2024.06.07,600000.SH,0.04873268563556897
2024.06.07,000027.SZ,0.056181631113909024
2024.06.07,600017.SH,0.3053151226031482
2024.06.07,000038.SZ,0.0954512141478526
2024.06.07,000017.SZ,0.06814205267157455
2024.06.07,600004.SH,0.030157027853909755
2024.06.07,000009.SZ,0.08840231152101975
2024.06.07,000012.SZ,0.03602568206657984
2024.06.07,600019.SH,0.14961519360539416
2024.06.07,600005.SH,0.06074950967091671
2024.06.07,600010.SH,0.2924770026627995
2024.06.07,000021.SZ,0.018153189366322334
2024.06.07,600023.SH,0.1726782113568152
2024.06.07,600003.SH,0.18033332883236514
2024.06.07,000022.SZ,0.013476485801159933
2024.06.07,000041.SZ,0.06454356906206542
2024.06.07,600007.SH,0.09263580516087494
2024.06.07,600025.SH,0.00770715085958605
2024.06.07,000003.SZ,0.001739518571687412
2024.06.07,600020.SH,0.015048847130962635
2024.06.07,600042.SH,0.004005335736920933
2024.06.07,600022.SH,0.033254327311161194
2024.06.07,000024.SZ,0.4036871954335438
2024.06.07,600046.SH,0.0952924314465004
2024.06.07,600044.SH,0.11141469253343247
2024.06.07,600011.SH,0.012498863200214344
2024.06.07,600036.SH,0.13325767008347075
2024.06.07,600012.SH,0.05719104896751879
2024.06.07,000039.SZ,0.7267909890763867
2024.06.07,600043.SH,0.0762376348626547
2024.06.07,600039.SH,0.23954860280736315
2024.06.07,600009.SH,0.03360155581780211
2024.06.07,000045.SZ,0.17750055309388219
2024.06.07,600014.SH,0.08214184518589503
2024.06.07,000035.SZ,0.020608217521985356
2024.06.07,600047.SH,0.10524675190650337
2024.06.07,000048.SZ,0.02643372986698692
2024.06.07,000026.SZ,0.028700221159814458
2024.06.07,600037.SH,0.5269572984197011
2024.06.07,000013.SZ,0.061229937779913896
2024.06.07,000001.SZ,0.132488728562158
2024.06.07,600040.SH,0.041574883735538824
2024.06.07,000036.SZ,0.24208642551806564
2024.06.07,600029.SH,0.0393777048371795
2024.06.07,600016.SH,0.24366983263391298
2024.06.07,000040.SZ,0.40334806130739825
2024.06.07,000019.SZ,0.17470993874102392
2024.06.07,600045.SH,0.16403950048571644
2024.06.07,000005.SZ,0.20912237960195257
2024.06.07,600028.SH,0.017768489975613855
2024.06.10,000029.SZ,0.3835113799243657
2024.06.10,600006.SH,0.16275553979788981
2024.06.10,600038.SH,0.11490652334359251
2024.06.10,600032.SH,0.2306339980823476
2024.06.10,600043.SH,0.10546514218542506
2024.06.10,000049.SZ,0.22062363738054175
2024.06.10,000004.SZ,0.12951717226821044
2024.06.10,600030.SH,0.008122536591542101
2024.06.10,000030.SZ,0.06260383178678428
2024.06.10,600022.SH,0.10411550151229648
2024.06.10,600005.SH,0.13253603876739797
2024.06.10,600042.SH,0.023987353335317284
2024.06.10,000036.SZ,0.1670613768169806
2024.06.10,000027.SZ,0.11542118253222054
2024.06.10,600049.SH,0.20583221282132833
2024.06.10,000010.SZ,0.23518053259291882
2024.06.10,000017.SZ,0.2907536897715064
2024.06.10,600014.SH,0.060463323590505595
2024.06.10,000008.SZ,0.061905778389816875
2024.06.10,600021.SH,0.21470789045751726
2024.06.10,600025.SH,0.014042663067645875
2024.06.10,600026.SH,0.10003421502886664
2024.06.10,000014.SZ,0.022716862541754625
2024.06.10,000009.SZ,0.04981727638600838
2024.06.10,600013.SH,0.4403441204776881
2024.06.10,000015.SZ,0.02500196497446615
2024.06.10,600009.SH,0.02412726320906612
2024.06.10,600034.SH,0.13695290925917383
2024.06.10,000044.SZ,0.0032352679512484064
2024.06.10,600048.SH,0.013268342135466817
2024.06.10,000016.SZ,0.18479778260505075
2024.06.10,000013.SZ,0.1822951169233105
2024.06.10,600002.SH,0.03981441717372169
2024.06.10,600036.SH,0.16567297446655102
2024.06.10,600010.SH,0.10523185726241857
2024.06.10,000023.SZ,0.0013971381987252852
2024.06.10,600041.SH,0.0005029073142296783
2024.06.10,600045.SH,0.14330454083965624
2024.06.10,000001.SZ,0.04308039331510432
2024.06.10,600024.SH,0.07573118075583615
2024.06.10,000025.SZ,0.0026674332437824325
2024.06.10,600033.SH,0.11526849639458761
2024.06.10,600019.SH,0.08449293778358834
2024.06.10,000035.SZ,0.11245605757734062
2024.06.10,000024.SZ,0.032923749228326624
2024.06.10,000018.SZ,0.004302817383982897
2024.06.10,600017.SH,0.017726677282950666
2024.06.10,600037.SH,0.17042539479402363
2024.06.10,000045.SZ,0.3309881131552109
2024.06.10,000046.SZ,0.022437626816351024
2024.06.10,000041.SZ,0.27448649535928704
2024.06.10,600046.SH,0.1225775011343497
2024.06.10,600035.SH,0.39562395765964464
2024.06.10,600040.SH,0.009928501539412308
2024.06.10,600007.SH,0.12818646643834639
2024.06.10,000007.SZ,0.1590915382527693
2024.06.10,600004.SH,0.016004489915491485
2024.06.10,000039.SZ,0.01754424199055801
2024.06.10,600016.SH,0.057388752032728765
2024.06.10,000003.SZ,0.08206932717492157
2024.06.10,600000.SH,0.16009631525448725
2024.06.10,000032.SZ,0.14725569015293966
2024.06.10,000026.SZ,0.18471005612333222
2024.06.10,000002.SZ,0.16451639703147683
2024.06.10,000042.SZ,0.02883289275014938
2024.06.10,000038.SZ,0.4754220252403739
2024.06.10,000011.SZ,0.03732370279412613
2024.06.10,000033.SZ,0.10547903934270714
2024.06.10,600003.SH,0.11723670243885494
2024.06.10,000012.SZ,0.22647100258878694
2024.06.10,000006.SZ,0.23054456850927355
2024.06.10,000040.SZ,0.070051937310915
2024.06.10,600023.SH,0.136466367582159
2024.06.10,000019.SZ,0.009112840359747423
2024.06.10,600011.SH,0.027350067076066215
2024.06.10,600012.SH,0.011176996109917153
2024.06.10,600001.SH,0.0759799864262702
2024.06.10,000034.SZ,0.19376601448859335
2024.06.10,600031.SH,0.048825489846133815
2024.06.10,600018.SH,0.1250981812968866
2024.06.10,600044.SH,0.05671709534304081
2024.06.10,600020.SH,0.23182444557316392
2024.06.10,000037.SZ,0.19429500901907887
2024.06.10,000048.SZ,0.2670946293214218
2024.06.10,600029.SH,0.02752622716954968
2024.06.10,600015.SH,0.038335099402648516
2024.06.10,600039.SH,0.006546361521169441
2024.06.10,600027.SH,0.016239083492399223
2024.06.10,000050.SZ,0.03385437137851214
2024.06.10,000031.SZ,0.22884614882675075
2024.06.10,600047.SH,0.16446880751345966
2024.06.10,000028.SZ,0.07845455632143702
2024.06.10,600008.SH,0.14786436964253222
2024.06.10,000022.SZ,0.15317707454562116
2024.06.10,000021.SZ,0.2067048364803166
2024.06.10,000020.SZ,0.04072039557602579
2024.06.10,000005.SZ,0.005262017567522573
2024.06.11,600039.SH,0.3595334950332917
2024.06.11,600009.SH,0.10422401149746956
2024.06.11,600026.SH,0.1992337265930254
2024.06.11,600034.SH,0.015021965128640393
2024.06.11,600018.SH,0.12592526526648995
2024.06.11,000047.SZ,0.02974688609798942
2024.06.11,000045.SZ,0.148800956399562
2024.06.11,600045.SH,0.04371889957399926
2024.06.11,000039.SZ,0.02766487718328108
2024.06.11,600029.SH,0.09424345176691097
2024.06.11,000005.SZ,0.1897605497274195
2024.06.11,000008.SZ,0.2896903318809116
2024.06.11,000015.SZ,0.031021556281066724
2024.06.11,000010.SZ,0.033319862418925775
2024.06.11,600002.SH,1.1473610128403389
2024.06.11,600037.SH,0.10349433882493951
2024.06.11,600000.SH,0.06038059479982775
2024.06.11,000024.SZ,0.029987590267195382
2024.06.11,000019.SZ,0.16412658856187567
2024.06.11,600006.SH,0.05707549508573262
2024.06.11,600008.SH,0.10248804632082548
2024.06.11,600003.SH,0.001363750346422249
2024.06.11,000013.SZ,0.021302106780320677
2024.06.11,000042.SZ,0.016615135091043776
2024.06.11,000009.SZ,0.07186250346171638
2024.06.11,000046.SZ,0.11491854591248953
2024.06.11,000001.SZ,0.052445040194867766
2024.06.11,000043.SZ,0.03006447977712086
2024.06.11,600024.SH,0.08297886004447201
2024.06.11,000033.SZ,0.32819281960183616
2024.06.11,000026.SZ,0.08680007614513473
2024.06.11,600014.SH,0.03280064685049113
2024.06.11,600047.SH,0.04219743245369359
2024.06.11,000027.SZ,0.062246626635752145
2024.06.11,000004.SZ,0.006503512926766643
2024.06.11,600021.SH,0.055835017973000715
2024.06.11,000041.SZ,0.07411152014583706
2024.06.11,600022.SH,0.36749640293396196
2024.06.11,000031.SZ,0.2999101751860114
2024.06.11,000030.SZ,0.10336918468518681
2024.06.11,600028.SH,0.06836273987730104
2024.06.11,600033.SH,0.036410332680959265
2024.06.11,000040.SZ,0.06662435741903873
2024.06.11,000037.SZ,0.011106236345197654
2024.06.11,000049.SZ,0.032073314826770526
2024.06.11,000021.SZ,0.10322197987828723
2024.06.11,000017.SZ,0.4662851875100775
2024.06.11,600005.SH,0.2508462588223389
2024.06.11,600016.SH,0.2438971914256685
2024.06.11,000003.SZ,0.13808744210686355
2024.06.11,000048.SZ,0.48697996756147444
2024.06.11,000014.SZ,0.05488054502673706
2024.06.11,600012.SH,0.016436760135078433
2024.06.11,000022.SZ,0.02449448231905064
2024.06.11,000038.SZ,0.00492515247595048
2024.06.11,000002.SZ,0.07993920223103924
2024.06.11,600031.SH,0.20612222195042723
2024.06.11,600048.SH,0.06399748033179187
2024.06.11,600041.SH,0.20235940169681396
2024.06.11,600042.SH,0.09934619994629816
2024.06.11,600027.SH,0.0332455395548322
2024.06.11,600036.SH,0.0736018421362551
2024.06.11,600046.SH,0.005059017779193921
2024.06.11,600030.SH,0.0262863792908717
2024.06.11,000044.SZ,0.24577978684177104
2024.06.11,600019.SH,0.19927217633503813
2024.06.11,000020.SZ,0.2921289496072915
2024.06.11,600032.SH,0.14221806499214212
2024.06.11,000036.SZ,0.027028738169347234
2024.06.11,000011.SZ,0.48898823498478056
2024.06.11,600043.SH,0.016478961002734705
2024.06.11,600004.SH,0.061851532838616496
2024.06.11,000012.SZ,0.008324195239391218
2024.06.11,000023.SZ,0.07943024226504668
2024.06.11,600025.SH,0.013970404281018652
2024.06.11,600015.SH,0.03474324698663699
2024.06.11,600035.SH,0.18842183957018266
2024.06.11,600040.SH,0.04176147527448369
2024.06.11,000025.SZ,0.0025388605940779084
2024.06.11,600010.SH,0.144817218224976
2024.06.11,000032.SZ,0.06281381578497246
2024.06.11,000034.SZ,0.03152730476820088
2024.06.11,600044.SH,0.08858633495196874
2024.06.11,600011.SH,0.0655301815337591
2024.06.11,000007.SZ,0.20372997747855556
2024.06.11,600038.SH,0.12105715428718854
2024.06.11,600023.SH,0.059981025877286494
2024.06.11,600001.SH,0.01525844390776652
2024.06.11,600007.SH,0.03145709836119998
2024.06.11,000028.SZ,0.09216799913245141
2024.06.11,000018.SZ,0.18054680966215747
2024.06.11,600049.SH,0.15202052057722454
2024.06.11,000050.SZ,0.07361334829339503
2024.06.11,000029.SZ,0.206005112250736
2024.06.11,000006.SZ,0.04128155950144018
2024.06.11,000016.SZ,0.009992662316941516
2024.06.12,000020.SZ,0.27241739119326785
2024.06.12,600034.SH,0.039777528492746336
2024.06.12,600025.SH,0.019519335239219917
2024.06.12,000043.SZ,0.14330197086050006
2024.06.12,600047.SH,0.08553209695247124
2024.06.12,000023.SZ,0.16050605523032813
2024.06.12,600004.SH,0.021399718582835195
2024.06.12,600041.SH,0.08691247606061799
2024.06.12,600002.SH,0.003284358350526854
2024.06.12,000044.SZ,0.060325666201542796
2024.06.12,600029.SH,0.0637652742578324
2024.06.12,000042.SZ,0.0755113378017691
2024.06.12,600037.SH,0.14139671751125008
2024.06.12,000012.SZ,0.0007249578215656178
2024.06.12,600046.SH,0.5100708998414042
2024.06.12,600042.SH,0.09767696554704287
2024.06.12,600006.SH,0.3180618410507719
2024.06.12,000004.SZ,0.047352710723321874
2024.06.12,600018.SH,0.02557837053140857
2024.06.12,000038.SZ,0.025727334908926633
2024.06.12,000003.SZ,0.17225858814282063
2024.06.12,600049.SH,0.02143516701135992
2024.06.12,600035.SH,0.17660552857095885
2024.06.12,000024.SZ,0.004121181187976312
2024.06.12,600039.SH,0.13971295043773166
2024.06.12,000030.SZ,0.012513853783867364
2024.06.12,000008.SZ,0.13673298215689586
2024.06.12,600043.SH,0.010203301587246335
2024.06.12,000025.SZ,0.01250071480888637
2024.06.12,000010.SZ,0.17704463370582657
2024.06.12,600033.SH,0.2114414604986966
2024.06.12,600036.SH,0.09933077129010215
2024.06.12,600011.SH,0.07754736016474108
2024.06.12,600019.SH,0.09149456505068078
2024.06.12,600003.SH,0.1340471185374726
2024.06.12,600020.SH,0.0464657477761872
2024.06.12,600045.SH,0.04213316929324551
2024.06.12,600014.SH,0.27568469979044424
2024.06.12,600022.SH,0.14900719074927554
2024.06.12,000033.SZ,0.051213239050845565
2024.06.12,600008.SH,0.020403960493031233
2024.06.12,600012.SH,0.14578288822309712
2024.06.12,600016.SH,0.22900943946001812
2024.06.12,000011.SZ,0.15088854619029102
2024.06.12,000049.SZ,0.15239061411294827
2024.06.12,600023.SH,0.09669815982999105
2024.06.12,000050.SZ,0.003305550596847983
2024.06.12,000013.SZ,0.007438958222477077
2024.06.12,000019.SZ,0.014714633896377397
2024.06.12,000041.SZ,0.034581312992723184
2024.06.12,600030.SH,0.17446130078030211
2024.06.12,000027.SZ,0.015192373074658011
2024.06.12,600027.SH,0.009211164884443557
2024.06.12,000029.SZ,0.03210757819839766
2024.06.12,600015.SH,0.025821795572743212
2024.06.12,600010.SH,0.09317146627662251
2024.06.12,000005.SZ,0.006249592777937055
2024.06.12,600038.SH,0.0608121472614956
2024.06.12,000021.SZ,0.2749041738966115
2024.06.12,000002.SZ,0.13017501772284612
2024.06.12,000007.SZ,0.39147865634277446
2024.06.12,000048.SZ,0.15633319011992905
2024.06.12,000001.SZ,0.03934261313418898
2024.06.12,000046.SZ,0.18056604853834543
2024.06.12,600026.SH,0.1955211718641804
2024.06.12,600031.SH,0.1269513083767154
2024.06.12,000017.SZ,0.18025006397592827
2024.06.12,000045.SZ,0.3416758623509795
2024.06.12,000032.SZ,0.08406212897921866
2024.06.12,000034.SZ,0.013440037171936254
2024.06.12,600017.SH,0.0602834530141756
2024.06.12,600040.SH,0.014553649132441412
2024.06.12,600024.SH,0.4974452682307261
2024.06.12,600032.SH,0.014243362836106783
2024.06.12,600044.SH,0.032630033863310585
2024.06.12,600000.SH,0.11683246601567958
2024.06.12,000040.SZ,0.17312269041769454
2024.06.12,600021.SH,0.18450247893460814
2024.06.12,000015.SZ,0.1111679353499368
2024.06.12,000014.SZ,0.02195747370063424
2024.06.12,600007.SH,0.06939581805719011
2024.06.12,000036.SZ,0.2912073174591996
2024.06.12,600005.SH,0.08699686880115966
2024.06.12,000037.SZ,0.0016935172094465207
2024.06.12,000009.SZ,0.09232826840988993
2024.06.12,000047.SZ,0.0034085566457490307
2024.06.12,000035.SZ,0.10450203741895348
2024.06.12,000039.SZ,0.5079225508345269
2024.06.12,000028.SZ,0.08516120217722944
2024.06.12,000031.SZ,0.11200764177457664
2024.06.12,600009.SH,0.16544688917301498
2024.06.12,000006.SZ,0.03884612665525727
2024.06.12,600028.SH,0.012810544125910284
2024.06.12,600001.SH,0.12340802631001616
2024.06.12,000016.SZ,0.049496292486645686
2024.06.12,600013.SH,0.10617958503106983
2024.06.13,600017.SH,0.009029255148731787
2024.06.13,600003.SH,0.06137362167045114
2024.06.13,000020.SZ,0.05083475913677206
2024.06.13,000043.SZ,0.08586199029642241
2024.06.13,000035.SZ,0.14464483403837874
2024.06.13,000030.SZ,0.10903131431584463
2024.06.13,000007.SZ,0.011467592676535805
2024.06.13,600012.SH,0.19849579346322463
2024.06.13,000006.SZ,0.19551994709589596
2024.06.13,600006.SH,0.10714856486230019
2024.06.13,600020.SH,0.028838867201274734
2024.06.13,600023.SH,0.02569800554118441
2024.06.13,600046.SH,0.33449353674036136
2024.06.13,600022.SH,0.020555615467023624
2024.06.13,000028.SZ,0.1097256577127106
2024.06.13,600002.SH,0.3311415173081339
2024.06.13,000029.SZ,0.0406121104586636
2024.06.13,000033.SZ,0.02025899867628828
2024.06.13,600001.SH,0.04087955841162157
2024.06.13,000026.SZ,0.2129348818571431
2024.06.13,600028.SH,0.25218160613518686
2024.06.13,000044.SZ,0.058220598883506586
2024.06.13,600021.SH,0.09197582753500358
2024.06.13,000023.SZ,0.3059824453581407
2024.06.13,000012.SZ,0.028269020699336355
2024.06.13,600034.SH,0.06843316945347627
2024.06.13,000001.SZ,0.1519224497325735
2024.06.13,600040.SH,0.36554261940274924
2024.06.13,000015.SZ,0.30644923829252824
2024.06.13,000014.SZ,0.09828876576457977
2024.06.13,600049.SH,0.05213428191136725
2024.06.13,600036.SH,0.14465892656175217
2024.06.13,000040.SZ,0.017771110084420935
2024.06.13,000047.SZ,0.5917736759211448
2024.06.13,000019.SZ,0.03689696722877959
2024.06.13,000004.SZ,0.09572833757895366
2024.06.13,600038.SH,0.001323923989027618
2024.06.13,000031.SZ,0.0678241010987062
2024.06.13,000008.SZ,0.08504098015122022
2024.06.13,000009.SZ,0.04949847378080536
2024.06.13,600008.SH,0.08434003310299147
2024.06.13,600025.SH,0.015455902050632103
2024.06.13,600016.SH,0.10135634042151143
2024.06.13,600035.SH,0.23735569400432716
2024.06.13,000013.SZ,0.03599937507072856
2024.06.13,600009.SH,0.3029226354822637
2024.06.13,600032.SH,0.048080820316467876
2024.06.13,600048.SH,0.051914543083770824
2024.06.13,000027.SZ,0.08734160796844156
2024.06.13,600014.SH,0.07330723957032043
2024.06.13,000049.SZ,0.09735035645044973
2024.06.13,600007.SH,0.23288643442622278
2024.06.13,600018.SH,0.21315658392630013
2024.06.13,600043.SH,0.0332274632099259
2024.06.13,000039.SZ,0.06444724605173714
2024.06.13,600004.SH,0.2464523835262806
2024.06.13,000024.SZ,0.006980888290715137
2024.06.13,000003.SZ,0.021784790841259814
2024.06.13,000021.SZ,0.009601423013230002
2024.06.13,600011.SH,0.05152123550515279
2024.06.13,000025.SZ,0.054293846220356996
2024.06.13,000002.SZ,0.0007183604416029345
2024.06.13,000045.SZ,0.1336384357748902
2024.06.13,000048.SZ,0.2823381219042214
2024.06.13,000032.SZ,0.06997311073729948
2024.06.13,600031.SH,0.01976425034291768
2024.06.13,600010.SH,0.2686186149468378
2024.06.13,600019.SH,0.22181191613194048
2024.06.13,600027.SH,0.09354323610476654
2024.06.13,000046.SZ,0.006296320325293692
2024.06.13,600037.SH,0.08647135666605855
2024.06.13,000041.SZ,0.06820900091370924
2024.06.13,600047.SH,0.13696802785180728
2024.06.13,600033.SH,0.29117729127317626
2024.06.13,000018.SZ,0.12547001825678744
2024.06.13,600044.SH,0.24050914839653734
2024.06.13,000005.SZ,0.24854709077897105
2024.06.13,600024.SH,0.14505767002916692
2024.06.13,600030.SH,0.10506177935466084
2024.06.13,000042.SZ,0.0006250629518344828
2024.06.13,600013.SH,0.07758572360480717
2024.06.13,000036.SZ,0.0279838737593056
2024.06.13,000050.SZ,0.04947274979703616
2024.06.13,000016.SZ,0.034293539830557204
2024.06.13,600005.SH,0.21156414173938673
2024.06.13,600029.SH,0.0010419223979812437
2024.06.13,000022.SZ,0.10693662299549402
2024.06.13,600000.SH,0.003319492680859588
2024.06.13,600042.SH,0.2756012689641386
2024.06.13,000010.SZ,0.5270391739709724
2024.06.13,600045.SH,0.05825140701174992
2024.06.13,000037.SZ,0.4123775037384555
2024.06.13,000034.SZ,0.0022422716369215525
2024.06.13,600015.SH,0.17820400363757385
2024.06.13,600041.SH,0.15890266314583618
2024.06.13,000011.SZ,0.298658517372948
2024.06.13,600026.SH,0.01076906712763337
2024.06.13,000017.SZ,0.003927956868303006
2024.06.14,000017.SZ,0.05530888727813015
2024.06.14,600018.SH,0.025175820701867906
2024.06.14,000012.SZ,0.08283140993261885
2024.06.14,600006.SH,0.2213050072067635
2024.06.14,000016.SZ,0.4897003534052397
2024.06.14,600012.SH,0.11121721313658714
2024.06.14,600019.SH,0.16740849380689998
2024.06.14,600045.SH,0.0290853318851973
2024.06.14,000027.SZ,0.012438944880375884
2024.06.14,600038.SH,0.08014020027398842
2024.06.14,600008.SH,0.36149854923247976
2024.06.14,000022.SZ,0.21803412569972558
2024.06.14,600023.SH,0.040312158820783
2024.06.14,600000.SH,0.03454170030992158
2024.06.14,600022.SH,0.07769878932231848
2024.06.14,600025.SH,0.07671173393308439
2024.06.14,000036.SZ,0.08624103485964031
2024.06.14,000043.SZ,0.07487267844392263
2024.06.14,000005.SZ,0.1005960567603416
2024.06.14,000037.SZ,0.2731986416366703
2024.06.14,600002.SH,0.051915330569299235
2024.06.14,000018.SZ,0.0357209220699485
2024.06.14,000035.SZ,0.1986572037046186
2024.06.14,600011.SH,0.12983597317335818
2024.06.14,000038.SZ,0.015250535796155599
2024.06.14,000028.SZ,0.047308301426034614
2024.06.14,000031.SZ,0.13137704480039494
2024.06.14,600024.SH,0.22266237898573688
2024.06.14,000029.SZ,0.38992960247134967
2024.06.14,000008.SZ,0.09415024759333206
2024.06.14,000047.SZ,0.03918401257992691
2024.06.14,600043.SH,0.03978178360863763
2024.06.14,600015.SH,0.09454338847716978
2024.06.14,000006.SZ,0.13063797584162795
2024.06.14,600016.SH,0.031121881792515436
2024.06.14,600003.SH,0.10651113605160194
2024.06.14,600020.SH,0.3122261366193361
2024.06.14,600010.SH,0.03242515063023539
2024.06.14,000041.SZ,0.09468561611874715
2024.06.14,600028.SH,0.06611766394787684
2024.06.14,600044.SH,0.1525869804765606
2024.06.14,600013.SH,0.07846096258878855
2024.06.14,000024.SZ,0.10911902249585342
2024.06.14,000034.SZ,0.02598132916354131
2024.06.14,000010.SZ,0.07042001625868967
2024.06.14,000015.SZ,0.017196003149484232
2024.06.14,600041.SH,0.04176676065427937
2024.06.14,600033.SH,0.025809804487663974
2024.06.14,000049.SZ,0.4037651276991784
2024.06.14,600042.SH,0.023510798811300936
2024.06.14,600001.SH,0.03668972336466735
2024.06.14,600014.SH,0.016874101424464223
2024.06.14,000014.SZ,0.05903109977461153
2024.06.14,000050.SZ,0.026826814707815744
2024.06.14,600027.SH,0.3131344390009161
2024.06.14,000042.SZ,0.017963232727956517
2024.06.14,600039.SH,0.12854530927417349
2024.06.14,000044.SZ,0.13989941625828334
2024.06.14,000040.SZ,0.13891881965929528
2024.06.14,000003.SZ,0.09410837325991306
2024.06.14,000025.SZ,0.2837345343516082
2024.06.14,600030.SH,0.09549851769669697
2024.06.14,000011.SZ,0.08529317772604109
2024.06.14,600009.SH,0.12324030225260725
2024.06.14,000030.SZ,0.047779600476016836
2024.06.14,000020.SZ,0.16162980328821241
2024.06.14,000004.SZ,0.1983229786024568
2024.06.14,000009.SZ,0.23125780132674936
2024.06.14,000032.SZ,0.12212068731513537
2024.06.14,600004.SH,0.10145252122415505
2024.06.14,600046.SH,0.7878852138216474
2024.06.14,000019.SZ,0.16345144179184312
2024.06.14,000046.SZ,0.4056179177958955
2024.06.14,000021.SZ,0.18597492148613284
2024.06.14,600032.SH,0.3104661871929929
2024.06.14,600037.SH,0.1090449946087441
2024.06.14,000033.SZ,0.048461769491276015
2024.06.14,000039.SZ,0.0035487815558183215
2024.06.14,000007.SZ,0.0864086823661126
2024.06.14,600026.SH,0.00943900807093578
2024.06.14,000013.SZ,0.24637835559282356
2024.06.14,600005.SH,0.06564587698105522
2024.06.14,600049.SH,0.19574906646561063
2024.06.14,600021.SH,0.05947845641613571
2024.06.14,600029.SH,0.1704438483626446
2024.06.14,600048.SH,0.26940485651714574
2024.06.14,600007.SH,0.19306848532124404
2024.06.14,000026.SZ,0.04018901303870819
2024.06.14,600040.SH,0.17556335305994766
2024.06.14,000002.SZ,0.1173030503260556
2024.06.14,000048.SZ,0.044756137510940576
2024.06.14,000023.SZ,0.04994395741249208
2024.06.14,600031.SH,0.03151502969163235
2024.06.14,600047.SH,0.15759762217216589
2024.06.14,600035.SH,0.21095273747567733
2024.06.14,000045.SZ,0.12203730302882738
2024.06.14,600017.SH,0.3659097230780243
2024.06.17,000016.SZ,0.1537141201004358
2024.06.17,600001.SH,0.3078865470052045
2024.06.17,000041.SZ,0.13890815810749832
2024.06.17,000023.SZ,0.6669549780001066
2024.06.17,000043.SZ,0.0334048108295587
2024.06.17,600004.SH,0.33664263389304316
2024.06.17,600039.SH,0.21886878562995546
2024.06.17,000013.SZ,0.03448910386265863
2024.06.17,000038.SZ,0.0618384413515744
2024.06.17,600020.SH,0.1607968184271364
2024.06.17,000040.SZ,0.39724527744141347
2024.06.17,600036.SH,0.034186053321432416
2024.06.17,000034.SZ,0.352911272355762
2024.06.17,600030.SH,0.057974669568961926
2024.06.17,600033.SH,0.1029456176503871
2024.06.17,000010.SZ,0.0602479374966495
2024.06.17,000036.SZ,0.05569637870194009
2024.06.17,000033.SZ,0.03412867127322388
2024.06.17,600037.SH,0.10100043356657244
2024.06.17,000030.SZ,0.027727263124448707
2024.06.17,000002.SZ,0.5503346257444021
2024.06.17,600013.SH,0.16356264545230434
2024.06.17,000004.SZ,0.058823978378271635
2024.06.17,000044.SZ,0.06619373329397744
2024.06.17,600024.SH,0.11212883209932441
2024.06.17,000046.SZ,0.08005073057839097
2024.06.17,000009.SZ,0.08896921679837991
2024.06.17,600010.SH,0.12457661202317968
2024.06.17,000049.SZ,0.05812616020269434
2024.06.17,600016.SH,0.3150473059116294
2024.06.17,600003.SH,0.025103092431141283
2024.06.17,000031.SZ,0.002112959168893584
2024.06.17,000020.SZ,0.0024502205510908586
2024.06.17,600043.SH,0.037573784459730884
2024.06.17,600026.SH,0.2610497203186151
2024.06.17,600046.SH,0.013807487821436067
2024.06.17,600032.SH,0.1061881164039821
2024.06.17,600009.SH,0.021152655406909235
2024.06.17,000017.SZ,0.15571860160135687
2024.06.17,600000.SH,0.019217766876660203
2024.06.17,600011.SH,0.0035937793175967133
2024.06.17,600018.SH,0.04191204799461939
2024.06.17,000012.SZ,0.006459945887114244
2024.06.17,600008.SH,0.04436506419193014
2024.06.17,600015.SH,0.22204159636777693
2024.06.17,000011.SZ,0.0032773538081903282
2024.06.17,600034.SH,0.20654574157743694
2024.06.17,600038.SH,0.16784788322698482
2024.06.17,600025.SH,0.30605047487943104
2024.06.17,600035.SH,0.2512677254279066
2024.06.17,000006.SZ,0.05492467910294978
2024.06.17,000025.SZ,0.23292994087393593
2024.06.17,600040.SH,0.2686445327866919
2024.06.17,000001.SZ,0.15250751145359306
2024.06.17,600019.SH,0.007559656119301062
2024.06.17,600041.SH,0.06611081097420769
2024.06.17,000024.SZ,0.04419447818091857
2024.06.17,600023.SH,0.2815118706793037
2024.06.17,600028.SH,0.0002206567006427817
2024.06.17,600042.SH,0.02629389643978308
2024.06.17,000045.SZ,0.21585300744981842
2024.06.17,600031.SH,0.10863488067212358
2024.06.17,000048.SZ,0.011980582970463385
2024.06.17,000014.SZ,0.12057479820357883
2024.06.17,000037.SZ,0.1637436245205097
2024.06.17,000005.SZ,0.25806570538561635
2024.06.17,000039.SZ,0.4073543087251733
2024.06.17,600044.SH,0.01014871220752817
2024.06.17,600022.SH,0.07889343350198368
2024.06.17,600014.SH,0.14551133996794804
2024.06.17,600005.SH,0.08850967860946149
2024.06.17,000027.SZ,0.2003933144240229
2024.06.17,600002.SH,0.6498737981673932
2024.06.17,000019.SZ,0.6994437379147131
2024.06.17,600045.SH,0.12828496113104448
2024.06.17,000007.SZ,0.15250653129569655
2024.06.17,000042.SZ,0.2936781187344585
2024.06.17,600006.SH,0.0020090755591749623
2024.06.17,000026.SZ,0.024064656906170007
2024.06.17,000018.SZ,0.0256896934186003
2024.06.17,600027.SH,0.20666610501812255
2024.06.17,000022.SZ,0.399463428980583
2024.06.17,000050.SZ,0.07662571299207101
2024.06.17,600029.SH,0.018817361810629898
2024.06.17,000028.SZ,0.14242559310320385
2024.06.17,000021.SZ,0.029891009400398752
2024.06.17,600007.SH,0.08672829427403786
2024.06.17,600017.SH,0.01647307042165431
2024.06.17,000015.SZ,0.08977891071277778
2024.06.17,600047.SH,0.09177876581504951
2024.06.17,000029.SZ,0.11172444886082167
2024.06.17,000003.SZ,0.11500494898966837
2024.06.17,600021.SH,0.05561899776704425
2024.06.17,600012.SH,0.28477114730620096
2024.06.17,000047.SZ,0.01690952750972321
2024.06.17,600048.SH,0.010484521574724652
2024.06.17,600049.SH,0.07946369297951338
2024.06.17,000008.SZ,0.008563016735462945
2024.06.18,000043.SZ,0.19416822916647392
2024.06.18,000007.SZ,0.19442935574181194
2024.06.18,600040.SH,0.19513113923050815
2024.06.18,600039.SH,0.14638728182985167
2024.06.18,000030.SZ,0.024476672723058677
2024.06.18,000028.SZ,0.09143471710208981
2024.06.18,600046.SH,0.14509965841780867
2024.06.18,600036.SH,0.2565917454174613
2024.06.18,000044.SZ,0.17919204521408807
2024.06.18,600008.SH,0.19307442097650038
2024.06.18,000022.SZ,0.16575262323066522
2024.06.18,600024.SH,0.027110114406441684
2024.06.18,000038.SZ,0.05197197188429646
2024.06.18,600023.SH,0.07577813488926936
2024.06.18,000013.SZ,0.0834585915698133
2024.06.18,000019.SZ,0.07883646698198607
2024.06.18,600033.SH,0.03092162475868765
2024.06.18,600042.SH,0.22173468597256074
2024.06.18,600031.SH,0.048314337838987496
2024.06.18,000031.SZ,0.036816902544950125
2024.06.18,000002.SZ,0.04054563029864669
2024.06.18,600016.SH,0.14259484887140242
2024.06.18,600034.SH,0.1268265217544531
2024.06.18,600022.SH,0.06632545773411139
2024.06.18,600003.SH,0.1643896504670599
2024.06.18,600007.SH,0.061589567028566626
2024.06.18,600048.SH,0.2678535583471101
2024.06.18,000037.SZ,0.414230462288012
2024.06.18,000020.SZ,0.04111872886406088
2024.06.18,600013.SH,0.1404735799926925
2024.06.18,600006.SH,0.2575746831132051
2024.06.18,600041.SH,0.07764679954822089
2024.06.18,600017.SH,0.18390008732411306
2024.06.18,600044.SH,0.05227810434215878
2024.06.18,000026.SZ,0.08381148850851639
2024.06.18,000039.SZ,0.014101012931026877
2024.06.18,000050.SZ,0.026734936815962354
2024.06.18,600019.SH,0.09856075124421822
2024.06.18,600001.SH,0.009629461884322264
2024.06.18,000014.SZ,0.03683885254893671
2024.06.18,000011.SZ,0.07179518723745869
2024.06.18,600029.SH,0.2124065301611487
2024.06.18,600002.SH,0.0073016430959675135
2024.06.18,600012.SH,0.0013778671720478552
2024.06.18,000027.SZ,0.3329781373791088
2024.06.18,600026.SH,0.116964460188872
2024.06.18,000015.SZ,0.06942329251492386
2024.06.18,000036.SZ,0.06977272873458967
2024.06.18,000033.SZ,0.047774605720531174
2024.06.18,600032.SH,0.024623007965306223
2024.06.18,000016.SZ,0.20140122316416462
2024.06.18,600025.SH,0.3214763846553376
2024.06.18,600020.SH,0.11332919398650909
2024.06.18,000010.SZ,0.2873150777034878
2024.06.18,600011.SH,0.07894125326518249
2024.06.18,600005.SH,0.012514424805635369
2024.06.18,000035.SZ,0.22187572259278357
2024.06.18,000048.SZ,0.01124549284660694
2024.06.18,000025.SZ,0.14257990578514176
2024.06.18,000046.SZ,0.09918170661594349
2024.06.18,000001.SZ,0.037393879515146666
2024.06.18,600043.SH,0.0729541559507992
2024.06.18,600037.SH,0.4868189202309719
2024.06.18,000005.SZ,0.12444992952833253
2024.06.18,000029.SZ,0.23665170688929563
2024.06.18,600004.SH,0.02976500200037476
2024.06.18,600027.SH,0.1535970976725885
2024.06.18,000042.SZ,0.09728248729977025
2024.06.18,000009.SZ,0.017200064500606748
2024.06.18,000021.SZ,0.05908484596534296
2024.06.18,600049.SH,0.3751970691990904
2024.06.18,000045.SZ,0.09246388333141174
2024.06.18,600014.SH,0.1952950036825914
2024.06.18,000049.SZ,0.028791091678289825
2024.06.18,000017.SZ,0.19994056349716693
2024.06.18,000012.SZ,0.10782459633855537
2024.06.18,000004.SZ,0.2546151290979185
2024.06.18,000024.SZ,0.05068910856569287
2024.06.18,000018.SZ,0.07778579285521557
2024.06.18,600018.SH,0.23644073481236055
2024.06.18,600047.SH,0.1468959155105225
2024.06.18,600010.SH,0.06142732508413652
2024.06.18,600015.SH,0.016236539548567554
2024.06.18,000041.SZ,0.016729131673499292
2024.06.18,600000.SH,0.5083270536687958
2024.06.18,600028.SH,0.07526591971927003
2024.06.18,600045.SH,0.07275086003100928
2024.06.18,000023.SZ,0.08740354604857256
2024.06.18,000040.SZ,0.5863217108752256
2024.06.18,000032.SZ,0.041330207876924985
2024.06.18,000006.SZ,0.1001913653893833
2024.06.18,600030.SH,0.02447079852120188
2024.06.18,000008.SZ,0.0375192366643336
2024.06.18,600021.SH,0.005284408170633303
2024.06.18,600009.SH,0.03761551911338972
2024.06.18,600035.SH,0.08251049249139707
2024.06.18,000047.SZ,0.03417014893308894
2024.06.18,000034.SZ,0.1165477706215142
2024.06.19,000048.SZ,0.06366540138208578
2024.06.19,600026.SH,0.22726360801964832
2024.06.19,000009.SZ,0.18966826551801624
2024.06.19,000047.SZ,0.10792067982475402
2024.06.19,000019.SZ,0.09931990945526403
2024.06.19,000049.SZ,0.0162522419144406
2024.06.19,600046.SH,0.032446930625651335
2024.06.19,000028.SZ,0.03345137012409369
2024.06.19,000021.SZ,0.00531790488672556
2024.06.19,000037.SZ,0.05544907248206991
2024.06.19,600034.SH,0.10260015286572141
2024.06.19,600022.SH,0.18827433687170425
2024.06.19,600035.SH,0.001843763799799199
2024.06.19,600031.SH,0.08755018067373838
2024.06.19,600047.SH,0.3144187542545565
2024.06.19,600001.SH,0.04395809910255647
2024.06.19,000040.SZ,0.012340479146207017
2024.06.19,600008.SH,0.1735851022105932
2024.06.19,000023.SZ,0.06207956862044753
2024.06.19,600005.SH,0.12204675298095084
2024.06.19,600033.SH,0.04436786301884975
2024.06.19,000011.SZ,0.0916267369106351
2024.06.19,600029.SH,0.3522550098214185
2024.06.19,600036.SH,0.04782496452785996
2024.06.19,600028.SH,0.1644498373975241
2024.06.19,000032.SZ,0.1141138364887998
2024.06.19,600010.SH,0.19766474009678656
2024.06.19,000016.SZ,0.1904644109434074
2024.06.19,600027.SH,0.1040281470081981
2024.06.19,600002.SH,0.31349881179852807
2024.06.19,600009.SH,0.004846897620352975
2024.06.19,600012.SH,0.009268895082343463
2024.06.19,000002.SZ,0.011612766267938814
2024.06.19,000036.SZ,0.10388936895942279
2024.06.19,600016.SH,0.015688730295111416
2024.06.19,600011.SH,0.08779883511117315
2024.06.19,000018.SZ,0.11063735640345024
2024.06.19,000031.SZ,0.1008118523267983
2024.06.19,000007.SZ,0.058953697699936955
2024.06.19,600020.SH,0.09219308185150843
2024.06.19,600013.SH,0.1351897084505327
2024.06.19,600007.SH,0.23900597561774972
2024.06.19,000017.SZ,0.017159377505969384
2024.06.19,600004.SH,0.20769111510786062
2024.06.19,600037.SH,0.0949357243208071
2024.06.19,000022.SZ,0.011871684509763725
2024.06.19,600018.SH,0.06370116877449675
2024.06.19,600023.SH,0.07184975870155177
2024.06.19,600039.SH,0.08638639047585928
2024.06.19,000010.SZ,0.08991155362846627
2024.06.19,600032.SH,0.3094258420554656
2024.06.19,000001.SZ,0.08279434580809375
2024.06.19,000024.SZ,0.09870988467571348
2024.06.19,600000.SH,0.018273297881218245
2024.06.19,600030.SH,0.07772318067098216
2024.06.19,600038.SH,0.2397568375898843
2024.06.19,000004.SZ,0.09458146900223383
2024.06.19,600049.SH,0.047555877402106074
2024.06.19,000025.SZ,0.022638195991386254
2024.06.19,000015.SZ,0.041732904254500484
2024.06.19,000050.SZ,0.04486365393381891
2024.06.19,000035.SZ,0.015010894267767642
2024.06.19,000014.SZ,0.46060793877065986
2024.06.19,600048.SH,0.05068397688056082
2024.06.19,000006.SZ,0.02731745683563914
2024.06.19,000012.SZ,0.048024049772462794
2024.06.19,600024.SH,0.0249384686816812
2024.06.19,000034.SZ,0.1935354076622388
2024.06.19,600044.SH,0.057225232532110454
2024.06.19,000039.SZ,0.00042581207194918887
2024.06.19,600006.SH,0.06691990225763823
2024.06.19,000027.SZ,0.1342625520630663
2024.06.19,000038.SZ,2.4576596205115252e-05
2024.06.19,600019.SH,0.055334449399579134
2024.06.19,600003.SH,0.12898037638705118
2024.06.19,000026.SZ,0.016074649538146784
2024.06.19,000030.SZ,0.03470343934904917
2024.06.19,600040.SH,0.10923827534138501
2024.06.19,600017.SH,0.44989754167900503
2024.06.19,000003.SZ,0.043563220596921484
2024.06.19,600043.SH,0.26969458211096575
2024.06.19,600014.SH,0.24422420198466555
2024.06.19,000013.SZ,0.06726029568410813
2024.06.19,600025.SH,0.06767659682103896
2024.06.19,000033.SZ,0.011866905450381441
2024.06.19,000041.SZ,0.021145697209779105
2024.06.19,600015.SH,0.008023177825374098
2024.06.19,000020.SZ,0.4870591558824068
2024.06.19,000046.SZ,0.16184773962446186
2024.06.19,000008.SZ,0.051340867262610765
2024.06.19,000005.SZ,0.051577782612792694
2024.06.19,600021.SH,0.12598950579095525
2024.06.19,000029.SZ,0.37939264075432116
2024.06.19,600041.SH,0.09923099700428867
2024.06.19,000043.SZ,0.04260318043492965
2024.06.19,000042.SZ,0.14868213282064738
2024.06.19,000045.SZ,0.046337900580436873
2024.06.19,600042.SH,0.3694474897382536
2024.06.20,600040.SH,0.25042108848646366
2024.06.20,600039.SH,0.17213403923930634
2024.06.20,600009.SH,0.4968651801206175
2024.06.20,600002.SH,0.006506573930557075
2024.06.20,600006.SH,0.005934326568018458
2024.06.20,000012.SZ,0.014307133251522138
2024.06.20,000024.SZ,0.053367153173250255
2024.06.20,000001.SZ,0.12484965795298056
2024.06.20,600001.SH,0.009041725140356224
2024.06.20,600007.SH,0.08890425982499064
2024.06.20,000005.SZ,0.2038383373194634
2024.06.20,000033.SZ,0.2955321320813389
2024.06.20,000019.SZ,0.03648143988508201
2024.06.20,600018.SH,0.2117935875745131
2024.06.20,600010.SH,0.07089964366319688
2024.06.20,600046.SH,0.013223334413862014
2024.06.20,600032.SH,0.0146830016602601
2024.06.20,000039.SZ,0.04226402084740203
2024.06.20,000027.SZ,0.05142768434223668
2024.06.20,600020.SH,0.02263356534947795
2024.06.20,000014.SZ,0.08596691128085965
2024.06.20,600037.SH,0.10099614248601764
2024.06.20,600004.SH,0.18545994050294323
2024.06.20,000037.SZ,0.02197106313141791
2024.06.20,000015.SZ,0.15241137521112683
2024.06.20,600043.SH,0.07688966499494033
2024.06.20,000017.SZ,0.11975597687691297
2024.06.20,600013.SH,0.09451220176035804
2024.06.20,000050.SZ,0.11094231709514435
2024.06.20,000010.SZ,0.10576622168982157
2024.06.20,000021.SZ,0.34435502457744305
2024.06.20,000006.SZ,0.05480090478723393
2024.06.20,600034.SH,0.016713514053693687
2024.06.20,000009.SZ,0.014284549537463182
2024.06.20,600000.SH,0.08027166802975083
2024.06.20,000028.SZ,0.03651709160806564
2024.06.20,600049.SH,0.04353571496581061
2024.06.20,000048.SZ,0.0037380965186169885
2024.06.20,000029.SZ,0.07073974658667162
2024.06.20,600011.SH,0.18581205046672147
2024.06.20,000008.SZ,0.05195839953724164
2024.06.20,000041.SZ,0.04037234479625801
2024.06.20,000007.SZ,0.03494566842338012
2024.06.20,000046.SZ,0.05257833398881403
2024.06.20,600028.SH,0.3687241349438458
2024.06.20,600016.SH,0.04441224535224562
2024.06.20,600017.SH,0.0006978069000713572
2024.06.20,000035.SZ,0.15984409393725837
2024.06.20,600019.SH,0.0013372148178527477
2024.06.20,000036.SZ,0.1277866859460861
2024.06.20,000026.SZ,0.1222790757022189
2024.06.20,600041.SH,0.23506795296097371
2024.06.20,000047.SZ,0.01556750315945573
2024.06.20,600023.SH,0.057236192712531074
2024.06.20,000022.SZ,0.35128391723221575
2024.06.20,600035.SH,0.05148740524439555
2024.06.20,000013.SZ,0.020007455236790622
2024.06.20,000016.SZ,0.27343792474554995
2024.06.20,600008.SH,0.04746581025594394
2024.06.20,600038.SH,0.004727994491483107
2024.06.20,600015.SH,0.08103386975145704
2024.06.20,000011.SZ,0.11941981973976339
2024.06.20,000020.SZ,0.031782617956412317
2024.06.20,000045.SZ,0.06410557570934487
2024.06.20,600033.SH,0.11018585168229314
2024.06.20,000038.SZ,0.11469609511084057
2024.06.20,000043.SZ,0.09310847841349888
2024.06.20,600031.SH,0.007106720762825208
2024.06.20,600026.SH,0.020983243362826184
2024.06.20,600025.SH,0.19322081521550896
2024.06.20,600014.SH,0.10743524290862272
2024.06.20,000044.SZ,0.09286015751211812
2024.06.20,600022.SH,0.2453415127587023
2024.06.20,000040.SZ,0.06471087323671926
2024.06.20,600029.SH,0.07269388812079768
2024.06.20,600021.SH,0.025562344078935866
2024.06.20,000018.SZ,0.06652786837628535
2024.06.20,600042.SH,0.06840264038966286
2024.06.20,600005.SH,0.009713398941433889
2024.06.20,600047.SH,0.08940183405420732
2024.06.20,000025.SZ,0.02321890951939149
2024.06.20,000023.SZ,0.19735328515958664
2024.06.20,000004.SZ,0.04674771280225751
2024.06.20,600036.SH,0.07574260027858819
2024.06.20,000042.SZ,0.09575730110955788
2024.06.20,000003.SZ,0.010910374340039575
2024.06.20,600045.SH,0.14884887660365725
2024.06.20,000031.SZ,0.20132906291575473
2024.06.20,000030.SZ,0.040033586358745196
2024.06.20,600048.SH,0.08404140289667567
2024.06.20,000034.SZ,0.06789405812689507
2024.06.20,000032.SZ,0.04832738546520849
2024.06.20,000002.SZ,0.0750208364191947
2024.06.20,600044.SH,0.13900653167608668
2024.06.20,600030.SH,0.043959195627488
2024.06.20,600003.SH,0.04073094674388811
2024.06.20,600012.SH,0.23001484499919664
2024.06.21,000023.SZ,0.23127822166463036
2024.06.21,600002.SH,0.14655885585434422
2024.06.21,600000.SH,0.034779565412515194
2024.06.21,000038.SZ,0.04529324965583742
2024.06.21,600012.SH,0.012917210167164551
2024.06.21,000021.SZ,0.16239776409386514
2024.06.21,000039.SZ,0.006794046817846723
2024.06.21,000011.SZ,0.18078559002333164
2024.06.21,600025.SH,0.04928835601848599
2024.06.21,000020.SZ,0.11795911155066663
2024.06.21,600048.SH,0.019331443588805827
2024.06.21,600026.SH,0.026513775013533462
2024.06.21,000001.SZ,0.30069031940212576
2024.06.21,600044.SH,0.1429179249118267
2024.06.21,600003.SH,0.021234151765927075
2024.06.21,000035.SZ,0.02097595143296172
2024.06.21,600001.SH,0.1663736317741413
2024.06.21,600021.SH,0.04265101879179234
2024.06.21,000046.SZ,0.46888744107136404
2024.06.21,000019.SZ,0.06176345600732687
2024.06.21,000006.SZ,0.37469795526287136
2024.06.21,600019.SH,0.04028328588586153
2024.06.21,000022.SZ,0.2069735957555018
2024.06.21,000041.SZ,0.02210806337898418
2024.06.21,600018.SH,0.14022758115711592
2024.06.21,000031.SZ,0.30057108151975304
2024.06.21,600011.SH,0.07363285990153601
2024.06.21,600045.SH,0.034184366438313386
2024.06.21,000007.SZ,0.07279530896366192
2024.06.21,600005.SH,0.031974021699664804
2024.06.21,000040.SZ,0.1712384340800253
2024.06.21,000009.SZ,0.008404442903350347
2024.06.21,600038.SH,0.01904714506812796
2024.06.21,000002.SZ,0.01846097782512292
2024.06.21,000012.SZ,0.07230090804585672
2024.06.21,600041.SH,0.013622891761925847
2024.06.21,600028.SH,0.013298864809449548
2024.06.21,000043.SZ,0.14979379400308823
2024.06.21,600013.SH,0.012310342364706883
2024.06.21,000028.SZ,0.11756035074863593
2024.06.21,000004.SZ,0.025770351220983655
2024.06.21,600024.SH,0.00323488479161214
2024.06.21,600010.SH,0.035041017712619485
2024.06.21,000042.SZ,0.11045859387024799
2024.06.21,600042.SH,0.04326191775942308
2024.06.21,000025.SZ,0.012001079920229061
2024.06.21,600029.SH,0.07657162075528258
2024.06.21,000029.SZ,0.14372636671981398
2024.06.21,600035.SH,0.06650512256904106
2024.06.21,000018.SZ,0.46209388125638234
2024.06.21,600008.SH,0.101943876817555
2024.06.21,600020.SH,0.07864606625067525
2024.06.21,600007.SH,0.041023716167655724
2024.06.21,600036.SH,0.06218570806244119
2024.06.21,000005.SZ,0.05403698746636235
2024.06.21,000033.SZ,0.19827308262733565
2024.06.21,000050.SZ,0.026138176697647182
2024.06.21,600040.SH,0.24921060176835985
2024.06.21,000049.SZ,0.0900740349353408
2024.06.21,000014.SZ,0.13880353582521515
2024.06.21,600027.SH,0.18737908796816397
2024.06.21,600039.SH,0.13895817369571473
2024.06.21,600015.SH,0.060396708317710095
2024.06.21,000003.SZ,0.0006935841471994659
2024.06.21,000037.SZ,0.4640976740432817
2024.06.21,000010.SZ,0.023737433214280554
2024.06.21,600022.SH,0.01583540614220923
2024.06.21,600037.SH,0.12586217790357934
2024.06.21,600046.SH,0.11748582298942127
2024.06.21,000013.SZ,0.018803120025217102
2024.06.21,600014.SH,0.36081466751977986
2024.06.21,600032.SH,0.15209415120650824
2024.06.21,600033.SH,0.1974851328833798
2024.06.21,600030.SH,0.018808710869926214
2024.06.21,000015.SZ,0.012352878735291799
2024.06.21,600023.SH,0.11790451303045882
2024.06.21,000024.SZ,0.022233751551636448
2024.06.21,600016.SH,0.03707472730616584
2024.06.21,600047.SH,0.25339790893971426
2024.06.21,000047.SZ,0.0030212330446752174
2024.06.21,000032.SZ,0.20161779254390336
2024.06.21,000036.SZ,0.04557764070451601
2024.06.21,600031.SH,0.07354878210046849
2024.06.21,000017.SZ,0.192824093472439
2024.06.21,600017.SH,0.16354779126251773
2024.06.21,000048.SZ,0.4336259743288447
2024.06.21,600009.SH,0.45783282574303086
2024.06.21,000034.SZ,0.0622489419993867
2024.06.21,000044.SZ,0.03287910938747895
2024.06.21,600049.SH,0.03071732688260555
2024.06.21,600006.SH,0.14271125908360777
2024.06.21,000030.SZ,0.05556255079385934
2024.06.21,000045.SZ,0.0649412987335032
2024.06.21,000027.SZ,0.13210864876444103
2024.06.21,000016.SZ,0.1459851714607589
2024.06.21,600043.SH,0.06947243694110665
2024.06.21,000008.SZ,0.15016702123720133
2024.06.24,000035.SZ,0.4635409353345232
2024.06.24,600015.SH,0.23933573642324724
2024.06.24,600039.SH,0.08794606394309207
2024.06.24,600029.SH,0.23302467447165862
2024.06.24,000021.SZ,0.005214578764801967
2024.06.24,000039.SZ,0.4260855599666973
2024.06.24,600024.SH,0.1065823330646391
2024.06.24,000033.SZ,0.24436018740132362
2024.06.24,000042.SZ,0.08902688734549466
2024.06.24,600042.SH,0.3396907971467123
2024.06.24,000020.SZ,0.17992118004435806
2024.06.24,600019.SH,0.3217764784392935
2024.06.24,000036.SZ,0.16344268025404637
2024.06.24,000049.SZ,0.1107569573218749
2024.06.24,000048.SZ,0.1623615848912726
2024.06.24,600031.SH,0.1755327443294617
2024.06.24,000044.SZ,0.16731721696004476
2024.06.24,600013.SH,0.30179066066182947
2024.06.24,600038.SH,0.24139693661863654
2024.06.24,600022.SH,0.3053799030059337
2024.06.24,600008.SH,0.04567498654837503
2024.06.24,600016.SH,0.40687402774013076
2024.06.24,000007.SZ,0.07904248037644193
2024.06.24,600002.SH,0.02836205362297164
2024.06.24,000023.SZ,0.02530907705508391
2024.06.24,000040.SZ,0.07386691385745368
2024.06.24,600037.SH,0.02537805250175642
2024.06.24,600004.SH,0.0562970108237208
2024.06.24,600032.SH,0.27840241934435983
2024.06.24,000016.SZ,0.022730482993589325
2024.06.24,000027.SZ,0.1156163594935291
2024.06.24,000006.SZ,0.0942427571560752
2024.06.24,000046.SZ,0.009605556497177226
2024.06.24,600021.SH,0.05222375919411316
2024.06.24,600046.SH,0.14372741061854818
2024.06.24,600000.SH,0.19727342828432204
2024.06.24,600043.SH,0.09374187015776593
2024.06.24,000024.SZ,0.1025147523729857
2024.06.24,000045.SZ,0.2691120375553557
2024.06.24,000001.SZ,0.22969425748665231
2024.06.24,000028.SZ,0.02706911964047772
2024.06.24,000038.SZ,0.04784391625962136
2024.06.24,600041.SH,0.12657259404978638
2024.06.24,000043.SZ,0.08779787507697448
2024.06.24,600045.SH,0.12673758281931533
2024.06.24,600033.SH,0.08595040905950473
2024.06.24,000009.SZ,0.1246959601038192
2024.06.24,000005.SZ,0.08954413350995793
2024.06.24,000030.SZ,0.040488203721258935
2024.06.24,600049.SH,0.3113329516939559
2024.06.24,000018.SZ,0.011497947622416108
2024.06.24,600014.SH,0.06085459758702919
2024.06.24,600007.SH,0.10511694253625145
2024.06.24,600048.SH,0.2516474675748438
2024.06.24,000012.SZ,0.08500505223804906
2024.06.24,600034.SH,0.0022289771832447475
2024.06.24,600044.SH,0.23583298120518853
2024.06.24,600027.SH,0.171829381336589
2024.06.24,000037.SZ,0.08276405202763554
2024.06.24,000011.SZ,0.09049646232347983
2024.06.24,600020.SH,0.052329984303563136
2024.06.24,000047.SZ,0.31236542270326206
2024.06.24,600040.SH,0.017132811393171517
2024.06.24,000004.SZ,0.1362525048284591
2024.06.24,600012.SH,0.09274531233683318
2024.06.24,000025.SZ,0.11570779939721082
2024.06.24,000013.SZ,0.12943153531651663
2024.06.24,000031.SZ,0.22887431560321556
2024.06.24,600023.SH,0.00803637958307183
2024.06.24,000008.SZ,0.227171806788711
2024.06.24,600005.SH,0.058031575292943
2024.06.24,000041.SZ,0.22183655757673268
2024.06.24,600028.SH,0.05659136484061279
2024.06.24,600030.SH,0.1444383575091216
2024.06.24,600026.SH,0.02990155122978068
2024.06.24,000029.SZ,0.3296414819735536
2024.06.24,600035.SH,0.15378127160843122
2024.06.24,600010.SH,0.001825076627079901
2024.06.24,000032.SZ,0.008603773133170532
2024.06.24,000003.SZ,0.035926732596085406
2024.06.24,000015.SZ,0.10291120554427495
2024.06.24,000017.SZ,0.05277755729705872
2024.06.24,000022.SZ,0.01974187600885726
2024.06.24,000002.SZ,0.12268968173408847
2024.06.24,000014.SZ,0.10220318667335931
2024.06.24,000010.SZ,0.22497904514966202
2024.06.24,600025.SH,0.04401360057485074
2024.06.24,600001.SH,0.1114482755841289
2024.06.24,000026.SZ,0.29100588094323937
2024.06.24,000034.SZ,0.277130873995975
2024.06.24,600009.SH,0.014393065071218063
2024.06.24,000050.SZ,0.20885930581561873
2024.06.24,600017.SH,0.023435024851796448
2024.06.24,600047.SH,0.021594430634443853
2024.06.24,600036.SH,0.0011983937536013645
2024.06.24,600006.SH,0.3073488625660453
2024.06.25,000013.SZ,0.29908381784499266
2024.06.25,000050.SZ,0.17414357007261305
2024.06.25,600010.SH,0.12247307039896446
2024.06.25,000004.SZ,0.005348021166519787
2024.06.25,000015.SZ,0.16622300320473427
2024.06.25,600039.SH,0.08750881797461152
2024.06.25,000009.SZ,0.1386921039165504
2024.06.25,000017.SZ,0.23201972862695885
2024.06.25,600040.SH,0.1940914818427094
2024.06.25,000002.SZ,0.16587648057227097
2024.06.25,600031.SH,0.12367060267648691
2024.06.25,000010.SZ,0.06507047161660934
2024.06.25,000011.SZ,0.18122096473994892
2024.06.25,600023.SH,0.0737692024996834
2024.06.25,600034.SH,0.172985255883983
2024.06.25,600012.SH,0.19705352783663288
2024.06.25,600006.SH,0.057120941766794914
2024.06.25,600007.SH,0.10967190798919331
2024.06.25,600003.SH,0.07688625063887507
2024.06.25,600015.SH,0.0906393668766369
2024.06.25,000008.SZ,0.018041159156030138
2024.06.25,600042.SH,0.32823344169355667
2024.06.25,000044.SZ,0.15954341394010305
2024.06.25,000001.SZ,0.007282324928039725
2024.06.25,600030.SH,0.07172548919441095
2024.06.25,000046.SZ,0.10738739789447058
2024.06.25,000037.SZ,0.09854047551294695
2024.06.25,600033.SH,0.2885560549968802
2024.06.25,600017.SH,0.302667612179805
2024.06.25,600004.SH,0.29714785837470714
2024.06.25,000036.SZ,0.33279796752851304
2024.06.25,000039.SZ,0.10286831102289433
2024.06.25,600038.SH,0.04287308798202006
2024.06.25,000041.SZ,0.039890501503428814
2024.06.25,600044.SH,0.20810395271472518
2024.06.25,000048.SZ,0.033389836534531016
2024.06.25,600036.SH,0.08915955152286047
2024.06.25,000049.SZ,0.07867333833182674
2024.06.25,000006.SZ,0.3325956974259743
2024.06.25,600026.SH,0.039280526329630645
2024.06.25,000024.SZ,0.13293163960849344
2024.06.25,000026.SZ,0.06569316138514278
2024.06.25,600001.SH,0.09803686235836864
2024.06.25,000028.SZ,0.09822798404038238
2024.06.25,600000.SH,0.1126969912281568
2024.06.25,000007.SZ,0.07678473283800333
2024.06.25,000019.SZ,0.13853708681123136
2024.06.25,000035.SZ,0.059624281667151585
2024.06.25,000031.SZ,0.011082143642062083
2024.06.25,000027.SZ,0.20299741837426943
2024.06.25,000023.SZ,0.02779786996894061
2024.06.25,600032.SH,0.07417447797676581
2024.06.25,000022.SZ,0.02707384322858927
2024.06.25,600046.SH,0.37585934117698494
2024.06.25,000025.SZ,0.6042498926009672
2024.06.25,600022.SH,0.3212605276958519
2024.06.25,600028.SH,0.13824073652291327
2024.06.25,600037.SH,0.023163867804979747
2024.06.25,600021.SH,0.39021662932432605
2024.06.25,000016.SZ,0.0312932990873722
2024.06.25,000033.SZ,0.16376832015648166
2024.06.25,600020.SH,0.06374162600350033
2024.06.25,600008.SH,0.011257553548047982
2024.06.25,600049.SH,0.09699110127916015
2024.06.25,600011.SH,0.06767187566787061
2024.06.25,000040.SZ,0.00013120429781991464
2024.06.25,600014.SH,0.08376621633162855
2024.06.25,000042.SZ,0.14451328154015158
2024.06.25,000014.SZ,0.08920505947659715
2024.06.25,600016.SH,0.030066777611217208
2024.06.25,600002.SH,0.1083997942348284
2024.06.25,600045.SH,0.07129171606211158
2024.06.25,600018.SH,0.07462070893456339
2024.06.25,000005.SZ,0.189525863025506
2024.06.25,600027.SH,0.05535999151247191
2024.06.25,600029.SH,0.041250278704646315
2024.06.25,000047.SZ,0.08673920721401483
2024.06.25,000003.SZ,0.06454848498644146
2024.06.25,600035.SH,0.008214029921235643
2024.06.25,000045.SZ,0.05828716900745804
2024.06.25,600041.SH,0.32223727167531024
2024.06.25,600048.SH,0.24988555282924413
2024.06.25,000043.SZ,0.4518010105367907
2024.06.25,000038.SZ,0.13986490497968226
2024.06.25,600047.SH,0.4209940543998567
2024.06.25,600025.SH,0.0649255536019384
2024.06.25,600013.SH,0.11823423551607846
2024.06.25,000021.SZ,0.30100363893566867
2024.06.25,000032.SZ,0.17189266206225487
2024.06.25,000012.SZ,0.06519170722368811
2024.06.25,000034.SZ,0.1421102571156387
2024.06.25,000018.SZ,0.034354245501315356
2024.06.25,000029.SZ,0.07982201376971088
2024.06.25,600043.SH,0.04229684790758851
2024.06.25,000020.SZ,0.11852758964637368
2024.06.25,600009.SH,0.039849423619833825
2024.06.25,000030.SZ,0.14369310151919518
2024.06.26,000014.SZ,0.2159215878835827
2024.06.26,600024.SH,0.024009424681412643
2024.06.26,600028.SH,0.03783672514174831
2024.06.26,000006.SZ,0.1023621011312378
2024.06.26,600029.SH,0.09371706362814133
2024.06.26,600022.SH,0.11079960155949112
2024.06.26,000030.SZ,0.030542688283711372
2024.06.26,600001.SH,0.18283157760806257
2024.06.26,600027.SH,0.20044563930335305
2024.06.26,600020.SH,0.06642718165006903
2024.06.26,000016.SZ,0.10193406968844936
2024.06.26,600034.SH,0.3191538198933024
2024.06.26,600033.SH,0.12171236913406326
2024.06.26,000045.SZ,0.0796155267581196
2024.06.26,000010.SZ,0.05054760075415582
2024.06.26,000048.SZ,0.1210259861578984
2024.06.26,600030.SH,0.11440987094501086
2024.06.26,600023.SH,0.30946996177540587
2024.06.26,000028.SZ,0.019354040877122808
2024.06.26,600002.SH,0.035350024830262235
2024.06.26,000040.SZ,0.046543285130166256
2024.06.26,000019.SZ,0.008819201162910966
2024.06.26,000047.SZ,0.38139333506278156
2024.06.26,600008.SH,0.24013429750285495
2024.06.26,000003.SZ,0.26436346088516277
2024.06.26,600038.SH,0.13019304451596359
2024.06.26,000017.SZ,0.12295136406856123
2024.06.26,600009.SH,0.1619857525982516
2024.06.26,000011.SZ,0.060462172500584936
2024.06.26,000041.SZ,0.03127783038527253
2024.06.26,600018.SH,0.1285125247711719
2024.06.26,600049.SH,0.10589155464817918
2024.06.26,000020.SZ,0.2911766088019602
2024.06.26,600010.SH,0.04239212731430713
2024.06.26,600031.SH,0.014923066142495554
2024.06.26,000036.SZ,0.29355015393855305
2024.06.26,600011.SH,0.05835716982266714
2024.06.26,000013.SZ,0.19491628046000298
2024.06.26,600045.SH,0.10812014885013624
2024.06.26,000037.SZ,0.07690807639144993
2024.06.26,600032.SH,0.06638958450406054
2024.06.26,600044.SH,0.46028874681538223
2024.06.26,600017.SH,0.21018160546906187
2024.06.26,000044.SZ,0.16177440226374507
2024.06.26,000038.SZ,0.04804498640401937
2024.06.26,600014.SH,0.077492075954254
2024.06.26,600021.SH,0.05943909870186844
2024.06.26,000042.SZ,0.43770052931729275
2024.06.26,000008.SZ,0.38368114622122745
2024.06.26,600037.SH,0.1271420281259723
2024.06.26,600016.SH,0.3510760703262278
2024.06.26,000002.SZ,0.042637416642104436
2024.06.26,600012.SH,0.14945940405955244
2024.06.26,600036.SH,0.1453689730486978
2024.06.26,000018.SZ,0.0879466690945889
2024.06.26,600005.SH,0.048252949065859606
2024.06.26,000025.SZ,0.24583729308908653
2024.06.26,000005.SZ,0.21642202103149755
2024.06.26,000021.SZ,0.06801427252280633
2024.06.26,000033.SZ,0.026109577806331954
2024.06.26,000023.SZ,0.05241569828129931
2024.06.26,000001.SZ,0.24815790354925202
2024.06.26,000022.SZ,0.16789418931583583
2024.06.26,600035.SH,0.043722247527873195
2024.06.26,000026.SZ,0.13587985425997193
2024.06.26,000009.SZ,0.013272911280560254
2024.06.26,600047.SH,0.14824310761626705
2024.06.26,000004.SZ,0.05768177178104791
2024.06.26,600004.SH,0.1479217597128903
2024.06.26,600040.SH,0.14006680490190304
2024.06.26,000032.SZ,0.018306517433537353
2024.06.26,600003.SH,0.17350461465817948
2024.06.26,600015.SH,0.08305698594289374
2024.06.26,000031.SZ,0.5083675272904511
2024.06.26,000049.SZ,0.12931665327528058
2024.06.26,000029.SZ,0.08862999951252634
2024.06.26,600046.SH,0.039571847289294505
2024.06.26,600043.SH,0.09889359327311383
2024.06.26,000024.SZ,0.032643245735114325
2024.06.26,000043.SZ,0.13007938467017371
2024.06.26,600039.SH,0.1840855541900407
2024.06.26,600048.SH,0.1291238959535723
2024.06.26,000035.SZ,0.26328025343086386
2024.06.26,600042.SH,0.013851516849509837
2024.06.26,600013.SH,0.021252788386840225
2024.06.26,000034.SZ,0.27536622516023024
2024.06.26,000050.SZ,0.0029173793035608343
2024.06.26,000027.SZ,0.02312817297544308
2024.06.26,600019.SH,0.16275031181933272
2024.06.26,000039.SZ,0.10114500325443639
2024.06.26,000012.SZ,0.013697411264371994
2024.06.26,000046.SZ,0.008762651531980664
2024.06.26,600025.SH,0.027196215099266858
2024.06.26,600006.SH,0.03865565098681647
2024.06.26,000007.SZ,0.2176116720890469
2024.06.26,600000.SH,0.12489523577077251
2024.06.26,600026.SH,0.0979225631137095
2024.06.27,600006.SH,0.08517555398291125
2024.06.27,000018.SZ,0.1957397517118252
2024.06.27,000041.SZ,0.1476248264640098
2024.06.27,000004.SZ,0.08125379762398953
2024.06.27,000043.SZ,0.5679815510994173
2024.06.27,600005.SH,0.10853006280068658
2024.06.27,600007.SH,0.06541380941452407
2024.06.27,000044.SZ,0.3256296481954093
2024.06.27,600028.SH,0.10058331585239096
2024.06.27,000011.SZ,0.04699355473825143
2024.06.27,000005.SZ,0.3668411399164358
2024.06.27,000015.SZ,0.039031846846566125
2024.06.27,000048.SZ,0.041911288267508465
2024.06.27,600041.SH,0.04059720130832305
2024.06.27,000002.SZ,0.008022517544353864
2024.06.27,600011.SH,0.01544103725081816
2024.06.27,600022.SH,0.01939846016541468
2024.06.27,000032.SZ,0.01000955386938681
2024.06.27,000031.SZ,0.07076237112580185
2024.06.27,000019.SZ,0.1738107406459164
2024.06.27,000039.SZ,0.017627034528791514
2024.06.27,000040.SZ,0.03354266015253603
2024.06.27,600036.SH,0.29417475147244027
2024.06.27,600035.SH,0.06427087553899358
2024.06.27,600034.SH,0.013166022051684035
2024.06.27,600033.SH,0.058522184177791405
2024.06.27,000037.SZ,0.3568081587401597
2024.06.27,000047.SZ,0.10360042140512175
2024.06.27,000001.SZ,0.00033841202732670086
2024.06.27,600014.SH,0.5510578055747714
2024.06.27,600049.SH,0.3454781436059017
2024.06.27,600047.SH,0.21229851191883126
2024.06.27,600008.SH,0.0006545607934806012
2024.06.27,600015.SH,0.12176752887842238
2024.06.27,600044.SH,0.5981183427766831
2024.06.27,600039.SH,0.007258127750061358
2024.06.27,000046.SZ,0.3509347621263702
2024.06.27,000007.SZ,0.1869387083795898
2024.06.27,000006.SZ,0.04577947201762864
2024.06.27,000034.SZ,0.20964144672074458
2024.06.27,600021.SH,0.007320559842416397
2024.06.27,000010.SZ,0.04180345605311902
2024.06.27,000008.SZ,0.005872556340730253
2024.06.27,000049.SZ,0.05218975915838496
2024.06.27,000042.SZ,0.13700880904440121
2024.06.27,000003.SZ,0.2389481604157497
2024.06.27,000050.SZ,0.29171960384396245
2024.06.27,600043.SH,0.19375400896311057
2024.06.27,000045.SZ,0.31878539854264215
2024.06.27,600027.SH,0.31737306460663745
2024.06.27,000033.SZ,0.10189359416182109
2024.06.27,600010.SH,0.044308521105045934
2024.06.27,600013.SH,0.5158549880726404
2024.06.27,000029.SZ,0.01855694408565905
2024.06.27,600020.SH,0.0679010563726459
2024.06.27,000026.SZ,0.08437597778913063
2024.06.27,000024.SZ,0.09301756866446156
2024.06.27,000014.SZ,0.07334459577506466
2024.06.27,000023.SZ,0.2543260145073526
2024.06.27,000030.SZ,0.08773499113865958
2024.06.27,000009.SZ,0.17314479533747357
2024.06.27,000025.SZ,0.017299220698044727
2024.06.27,600018.SH,0.5500680994664756
2024.06.27,000028.SZ,0.05839473667129143
2024.06.27,000013.SZ,0.017477099471425128
2024.06.27,600016.SH,0.11640084354206676
2024.06.27,600046.SH,0.05822247633541072
2024.06.27,600019.SH,0.2470685996848933
2024.06.27,600000.SH,0.06397937829869216
2024.06.27,600025.SH,0.011101729746407071
2024.06.27,600029.SH,0.3946904307996182
2024.06.27,600037.SH,0.03819203859994509
2024.06.27,000016.SZ,0.0513270823418322
2024.06.27,600042.SH,0.08683830701044737
2024.06.27,000036.SZ,0.055814793182226895
2024.06.27,600024.SH,0.04300398637545844
2024.06.27,000035.SZ,0.028105677817225477
2024.06.27,600048.SH,0.028972058435489233
2024.06.27,600002.SH,0.08908764426487256
2024.06.27,600031.SH,0.20062558749919887
2024.06.27,000017.SZ,0.029235996914151165
2024.06.27,600001.SH,0.06650591841422021
2024.06.27,600009.SH,0.10352149544002531
2024.06.27,600023.SH,0.28296010725907345
2024.06.27,600012.SH,0.04474953623009179
2024.06.27,600030.SH,0.2651797123911179
2024.06.27,000038.SZ,0.11342497608664144
2024.06.27,000020.SZ,0.13059418661345745
2024.06.27,600045.SH,0.13864306364605658
2024.06.27,000012.SZ,0.2832503968774328
2024.06.27,600032.SH,0.05792436898960504
2024.06.27,600003.SH,0.00019436476195087258
2024.06.27,600026.SH,0.004358184336133627
2024.06.27,600040.SH,0.2982966102670407
2024.06.27,600038.SH,0.006120516841465742
2024.06.27,600017.SH,0.0629303807821938
2024.06.27,600004.SH,0.6668416640327384
2024.06.27,000022.SZ,0.17978392735320445
2024.06.28,000006.SZ,0.1282861747593716
2024.06.28,600046.SH,0.04372641794366842
2024.06.28,000013.SZ,0.007282059288751368
2024.06.28,600021.SH,0.033743218882767205
2024.06.28,000009.SZ,0.29543242367189587
2024.06.28,600044.SH,0.07847652902124792
2024.06.28,600013.SH,0.00917509142524997
2024.06.28,600000.SH,0.11218643439295468
2024.06.28,000030.SZ,0.02792798645101306
2024.06.28,600049.SH,0.4426880472123475
2024.06.28,000028.SZ,0.2298264749763683
2024.06.28,000022.SZ,0.4287597584537061
2024.06.28,000045.SZ,0.16293634969190596
2024.06.28,600030.SH,0.027915431961743647
2024.06.28,600002.SH,0.009614744742770475
2024.06.28,000036.SZ,0.11577361292908113
2024.06.28,000034.SZ,0.00859040175601263
2024.06.28,600048.SH,0.6083242303413252
2024.06.28,000031.SZ,0.06146537075173884
2024.06.28,000050.SZ,0.17487763275283025
2024.06.28,000038.SZ,0.08490388982884423
2024.06.28,000017.SZ,0.12084832276623393
2024.06.28,000001.SZ,0.1273163355812856
2024.06.28,000024.SZ,0.36798258453776533
2024.06.28,600018.SH,0.22043599773548686
2024.06.28,600038.SH,0.020933918247069024
2024.06.28,000003.SZ,0.2933112648609858
2024.06.28,000047.SZ,0.014097503563619315
2024.06.28,000019.SZ,0.03126503489980811
2024.06.28,600026.SH,0.07679058143787136
2024.06.28,600029.SH,0.0014690990036399637
2024.06.28,600042.SH,0.017956718849636576
2024.06.28,600040.SH,0.001497103622289388
2024.06.28,600006.SH,0.056321292264681716
2024.06.28,600007.SH,0.028768996685999994
2024.06.28,000012.SZ,0.10961169091516938
2024.06.28,000011.SZ,0.22662925302306103
2024.06.28,600005.SH,0.0580530181334397
2024.06.28,600010.SH,0.09326159037803344
2024.06.28,000029.SZ,0.004116877839314537
2024.06.28,600027.SH,0.08378635987803912
2024.06.28,600041.SH,0.025304888603945783
2024.06.28,000041.SZ,0.0766975385017589
2024.06.28,000043.SZ,0.11320968481656994
2024.06.28,000014.SZ,0.6856839333877869
2024.06.28,600047.SH,0.43223044518805004
2024.06.28,600011.SH,0.08699982739085972
2024.06.28,600024.SH,0.17625031900873633
2024.06.28,600036.SH,0.02303201154311724
2024.06.28,000042.SZ,0.10126960546028153
2024.06.28,600025.SH,0.11824239054229957
2024.06.28,600045.SH,0.0765513368365501
2024.06.28,000046.SZ,0.05253124719699696
2024.06.28,000020.SZ,0.1503911899430507
2024.06.28,600022.SH,0.015663509661499295
2024.06.28,600017.SH,0.12234090572925638
2024.06.28,000026.SZ,0.004571897335871717
2024.06.28,000004.SZ,0.00382983188517609
2024.06.28,000027.SZ,0.028716021864242665
2024.06.28,000044.SZ,0.2233708631382798
2024.06.28,000010.SZ,0.056408405228718504
2024.06.28,000035.SZ,0.15953487131436256
2024.06.28,600019.SH,0.11824650811062032
2024.06.28,000021.SZ,0.24845054319843873
2024.06.28,600020.SH,0.010042950919572451
2024.06.28,600009.SH,0.34411664228213756
2024.06.28,000018.SZ,0.07686961499767389
2024.06.28,600031.SH,0.07511533931586599
2024.06.28,600001.SH,0.12026826489205543
2024.06.28,600023.SH,0.25083819973912025
2024.06.28,600008.SH,0.37638822167234354
2024.06.28,600034.SH,0.06286222428817484
2024.06.28,600003.SH,0.07558745133561443
2024.06.28,000007.SZ,0.0253587250799962
2024.06.28,600028.SH,0.0931373883303259
2024.06.28,600032.SH,0.019539224944525587
2024.06.28,600037.SH,0.03977668824192589
2024.06.28,000039.SZ,0.021374884620130038
2024.06.28,000049.SZ,0.07501583460972897
2024.06.28,600016.SH,0.10739691999151453
2024.06.28,000008.SZ,0.11584934766609627
2024.06.28,000037.SZ,0.16190314448246618
2024.06.28,000015.SZ,0.2941845609338226
2024.06.28,000002.SZ,0.055605094268181034
2024.06.28,000040.SZ,0.15530629228145368
2024.06.28,000016.SZ,0.05215024107180086
2024.06.28,000048.SZ,0.05303954100985352
2024.06.28,000005.SZ,0.2848422441292914
2024.06.28,600035.SH,0.07792649652571727
2024.06.28,000033.SZ,0.0031529176170568387
2024.06.28,000025.SZ,0.04740556492173865
2024.06.28,600004.SH,0.1482415818735283
2024.06.28,600033.SH,0.05958615123806323
2024.06.28,000032.SZ,0.11846144603749932
2024.06.28,600012.SH,0.024231549585922857
2024.06.28,000023.SZ,0.10097582378456
2024.06.28,600015.SH,0.46825066421654765
2024.07.01,000027.SZ,0.09791244253156846
2024.07.01,000008.SZ,0.13041809958349765
2024.07.01,600047.SH,0.00908034217332668
2024.07.01,600026.SH,0.06839585456212902
2024.07.01,600045.SH,0.7312714752902922
2024.07.01,000026.SZ,0.019832192876262388
2024.07.01,000030.SZ,0.4384339847979039
2024.07.01,000041.SZ,0.1496068933661202
2024.07.01,000044.SZ,0.02012745195225574
2024.07.01,600043.SH,0.05716392860957961
2024.07.01,600046.SH,0.20392054519747183
2024.07.01,000015.SZ,0.027574511084687958
2024.07.01,000036.SZ,0.026634479876691538
2024.07.01,600037.SH,0.05107683949173274
2024.07.01,000047.SZ,0.04234095591925573
2024.07.01,000022.SZ,0.041893885809290765
2024.07.01,600029.SH,0.36330418925615343
2024.07.01,600006.SH,0.20108148163772122
2024.07.01,000010.SZ,0.0361696690390666
2024.07.01,600010.SH,0.14187066315260202
2024.07.01,600036.SH,0.15541868827107086
2024.07.01,600031.SH,0.045998882798514794
2024.07.01,000039.SZ,0.6554211081369694
2024.07.01,600038.SH,0.05670726086612221
2024.07.01,000003.SZ,0.055217059463462344
2024.07.01,000002.SZ,0.07715758849180161
2024.07.01,000019.SZ,0.15772106383902262
2024.07.01,000012.SZ,0.6624713975830281
2024.07.01,000023.SZ,0.09849313917965247
2024.07.01,000005.SZ,0.04174831933127694
2024.07.01,600000.SH,0.04274486815246812
2024.07.01,600035.SH,0.08547893504754528
2024.07.01,000018.SZ,0.0177387568105599
2024.07.01,600001.SH,0.05706917031888639
2024.07.01,000020.SZ,0.08280153803534239
2024.07.01,600021.SH,0.4730291984284353
2024.07.01,600018.SH,0.7724681700397973
2024.07.01,600034.SH,0.2696291052457513
2024.07.01,600049.SH,0.12503723190701346
2024.07.01,000048.SZ,0.2529593183050116
2024.07.01,000032.SZ,0.0076361053517816765
2024.07.01,000016.SZ,0.022492867794199633
2024.07.01,600013.SH,0.018829205709676857
2024.07.01,600020.SH,0.08321201863089554
2024.07.01,600028.SH,0.06534509512556859
2024.07.01,600048.SH,0.05588717128116847
2024.07.01,600040.SH,0.02911051663856505
2024.07.01,600030.SH,0.11435632603731746
2024.07.01,000007.SZ,0.015273038129414945
2024.07.01,600019.SH,0.0037796857536401187
2024.07.01,600005.SH,0.04631180600454443
2024.07.01,600023.SH,0.032319870485207375
2024.07.01,600017.SH,0.054606314724942276
2024.07.01,000004.SZ,0.03257566312115636
2024.07.01,600024.SH,0.05823903559348088
2024.07.01,000009.SZ,0.3099003304176082
2024.07.01,000037.SZ,0.0179824246684075
2024.07.01,600012.SH,0.03133156501673474
2024.07.01,000017.SZ,0.06338792022145415
2024.07.01,600003.SH,0.7646402756000669
2024.07.01,600009.SH,0.000436146923761121
2024.07.01,000006.SZ,0.05117985743283465
2024.07.01,000028.SZ,0.19003126036461657
2024.07.01,000035.SZ,0.11143178916781936
2024.07.01,600025.SH,0.07385407618310837
2024.07.01,000034.SZ,0.018340651255905116
2024.07.01,600015.SH,0.008234373003732968
2024.07.01,000042.SZ,0.2878841035162822
2024.07.01,600007.SH,0.1489474006250148
2024.07.01,000025.SZ,0.02131317910084904
2024.07.01,600014.SH,0.05350162719680893
2024.07.01,000046.SZ,0.20832322420198446
2024.07.01,600039.SH,0.12120357675247294
2024.07.01,600016.SH,0.15992839902826173
2024.07.01,600044.SH,0.1113505538654936
2024.07.01,600027.SH,0.08306783537542713
2024.07.01,600008.SH,0.008174300283985872
2024.07.01,000040.SZ,0.009254855301073837
2024.07.01,000049.SZ,0.3209532320599405
2024.07.01,600022.SH,0.18960165701822887
2024.07.01,000011.SZ,0.008863897503096059
2024.07.01,000029.SZ,0.14504496112987408
2024.07.01,600032.SH,0.05589900522849104
2024.07.01,600002.SH,0.01960456194455256
2024.07.01,000043.SZ,0.03798836244418697
2024.07.01,000031.SZ,0.2754515234466571
2024.07.01,000050.SZ,0.13497699859724746
2024.07.01,000038.SZ,0.0008706126812316128
2024.07.01,000021.SZ,0.15387833603844506
2024.07.01,600011.SH,0.00044341654559535446
2024.07.01,000045.SZ,0.2661707157446932
2024.07.01,000013.SZ,0.11705385394920091
2024.07.01,000024.SZ,0.12282036323598482
2024.07.01,000001.SZ,0.001980066897334594
2024.07.01,000014.SZ,0.008550728813626044
2024.07.01,600042.SH,0.08647143399582084
2024.07.01,600033.SH,0.041591727470716655
2024.07.02,600027.SH,0.08075220686137637
2024.07.02,600041.SH,0.021783442616919432
2024.07.02,600016.SH,0.014607708778094097
2024.07.02,000003.SZ,0.4036654818143927
2024.07.02,600031.SH,0.13597359094343486
2024.07.02,000007.SZ,0.1404118451166614
2024.07.02,600024.SH,0.04477026988591941
2024.07.02,000012.SZ,0.050869479254677545
2024.07.02,000013.SZ,0.14759950443398365
2024.07.02,000009.SZ,0.18044212889494227
2024.07.02,600019.SH,0.008809462237787034
2024.07.02,000027.SZ,0.021529889982541087
2024.07.02,600035.SH,0.03117269252196451
2024.07.02,600010.SH,0.12721347039320366
2024.07.02,000042.SZ,0.31315106208808513
2024.07.02,000015.SZ,0.18410325969778216
2024.07.02,600049.SH,0.1453758576718787
2024.07.02,600013.SH,0.008384252771906832
2024.07.02,600020.SH,0.037911821753901995
2024.07.02,600009.SH,0.3095592290182671
2024.07.02,000023.SZ,0.00610591909572681
2024.07.02,000034.SZ,0.20200655378966925
2024.07.02,600040.SH,0.022413278841173664
2024.07.02,000033.SZ,0.08469117110077269
2024.07.02,600004.SH,0.004576260528207957
2024.07.02,600026.SH,0.2206570424792249
2024.07.02,600029.SH,0.044002050679164253
2024.07.02,600034.SH,0.25360422611166517
2024.07.02,000014.SZ,0.11390559750469274
2024.07.02,600048.SH,0.40184239090025065
2024.07.02,600038.SH,0.2078342508053275
2024.07.02,600030.SH,0.001297907577572452
2024.07.02,000044.SZ,0.0699064988092988
2024.07.02,000004.SZ,0.1628560491674576
2024.07.02,600047.SH,0.10131397894148905
2024.07.02,000036.SZ,0.2906682696285994
2024.07.02,600021.SH,0.07406962366762747
2024.07.02,000045.SZ,0.14743425631347007
2024.07.02,000039.SZ,0.028434488141222045
2024.07.02,600036.SH,0.17244915470921554
2024.07.02,000048.SZ,0.06643595800718341
2024.07.02,600014.SH,0.03591425175983578
2024.07.02,600017.SH,0.172504134874167
2024.07.02,000020.SZ,0.3883907741878692
2024.07.02,600046.SH,0.04255655826636433
2024.07.02,600011.SH,0.007683581257471562
2024.07.02,600012.SH,0.03506982262454299
2024.07.02,600042.SH,0.020950277327177084
2024.07.02,000032.SZ,0.2529940925451226
2024.07.02,600005.SH,0.17890811243793325
2024.07.02,000029.SZ,0.023860528347655566
2024.07.02,000047.SZ,0.2962428065892161
2024.07.02,000019.SZ,0.15605674500256547
2024.07.02,000035.SZ,0.35387068399010596
2024.07.02,000002.SZ,0.04112073050442346
2024.07.02,000043.SZ,0.12221396927526258
2024.07.02,000028.SZ,0.09399400642921515
2024.07.02,000050.SZ,0.06129752985110207
2024.07.02,000049.SZ,0.016759446988108606
2024.07.02,600023.SH,0.09699448575414849
2024.07.02,000006.SZ,0.030379764213165142
2024.07.02,000010.SZ,0.17151076970532747
2024.07.02,000041.SZ,0.45725915187038607
2024.07.02,600043.SH,0.1567191284794739
2024.07.02,600028.SH,0.004463532396788236
2024.07.02,600045.SH,0.05966355702701054
2024.07.02,000018.SZ,0.04632274154803042
2024.07.02,600006.SH,0.13160176873079643
2024.07.02,600033.SH,0.2968140731574067
2024.07.02,000011.SZ,0.383605819445659
2024.07.02,000005.SZ,0.1293403086262801
2024.07.02,000024.SZ,0.0674329051386817
2024.07.02,600039.SH,0.08876799175716
2024.07.02,600022.SH,0.053109121142916126
2024.07.02,000025.SZ,0.045394020944159036
2024.07.02,600007.SH,0.05791473672994549
2024.07.02,000008.SZ,0.0041380383541488415
2024.07.02,000037.SZ,0.11465767038424539
2024.07.02,000017.SZ,0.298020178442095
2024.07.02,000030.SZ,0.37471858331858354
2024.07.02,600037.SH,0.06986036954296684
2024.07.02,600025.SH,0.030213277741669133
2024.07.02,000038.SZ,0.043226699534526895
2024.07.02,600032.SH,0.1009882027316329
2024.07.02,600003.SH,0.08130337304981722
2024.07.02,600001.SH,0.024759377900414506
2024.07.02,600015.SH,0.06191901055524788
2024.07.02,000031.SZ,0.15928618015178928
2024.07.02,000026.SZ,0.027055716588651437
2024.07.02,000022.SZ,0.03387747221461535
2024.07.02,600000.SH,0.1025163806154562
2024.07.02,000001.SZ,0.24165579122418354
2024.07.02,600018.SH,0.07004848626776347
2024.07.02,000046.SZ,0.018886304225181266
2024.07.02,600008.SH,0.018821827792805047
2024.07.02,000016.SZ,0.06526242792673285
2024.07.03,600039.SH,0.3599839920043619
2024.07.03,000028.SZ,0.01928975569937579
2024.07.03,600029.SH,0.13812747400434086
2024.07.03,000013.SZ,0.00365378440339597
2024.07.03,000007.SZ,0.09776208147813185
2024.07.03,600030.SH,0.017320602972711766
2024.07.03,000023.SZ,0.09937928049871668
2024.07.03,000033.SZ,0.13695471783694554
2024.07.03,600002.SH,0.0712747808635419
2024.07.03,600047.SH,0.05553407535353183
2024.07.03,600005.SH,0.08317770728704996
2024.07.03,000039.SZ,0.056098490375472154
2024.07.03,000014.SZ,0.20100016059513698
2024.07.03,600027.SH,0.1411319489321803
2024.07.03,600012.SH,0.09033653689072012
2024.07.03,000006.SZ,0.10230968913258139
2024.07.03,600023.SH,0.060712785491276046
2024.07.03,600034.SH,0.018391592143996133
2024.07.03,600043.SH,0.028232455402292043
2024.07.03,000002.SZ,0.07845712397517349
2024.07.03,000031.SZ,0.010543062498793884
2024.07.03,000019.SZ,0.2835253560847747
2024.07.03,000018.SZ,0.16967988764326591
2024.07.03,600033.SH,0.14984540078870434
2024.07.03,000042.SZ,0.15054492621181775
2024.07.03,600008.SH,0.010841553850743636
2024.07.03,000030.SZ,0.07122574388103502
2024.07.03,600032.SH,0.26930835416199295
2024.07.03,000016.SZ,0.11410691996295808
2024.07.03,000034.SZ,0.13597594958389417
2024.07.03,000029.SZ,0.9293392788838595
2024.07.03,000026.SZ,0.008910557963701523
2024.07.03,000045.SZ,0.02683268757187672
2024.07.03,000032.SZ,0.03176645929286614
2024.07.03,000027.SZ,0.0874164256053011
2024.07.03,600045.SH,0.4468961477168485
2024.07.03,000001.SZ,0.054782929862281074
2024.07.03,600017.SH,0.3594554245379697
2024.07.03,600040.SH,0.002462128747152274
2024.07.03,600037.SH,0.1485954936327559
2024.07.03,000012.SZ,0.22462458598269838
2024.07.03,000009.SZ,0.03162223437240621
2024.07.03,000038.SZ,0.03477863862342816
2024.07.03,000047.SZ,0.20378548699064805
2024.07.03,000011.SZ,0.06593939982272719
2024.07.03,600011.SH,0.07921293024018637
2024.07.03,600048.SH,0.11594565572405233
2024.07.03,600044.SH,0.06591923800227424
2024.07.03,000020.SZ,0.12337098707659237
2024.07.03,000036.SZ,0.026870155325081444
2024.07.03,600025.SH,0.32833665362088876
2024.07.03,000024.SZ,0.28499622530883423
2024.07.03,600041.SH,0.06368746615347347
2024.07.03,600006.SH,0.01666671906886538
2024.07.03,600009.SH,0.05792468781461039
2024.07.03,000008.SZ,0.03874514751320713
2024.07.03,000025.SZ,0.019516547117083005
2024.07.03,600000.SH,0.09941043137175194
2024.07.03,600019.SH,0.05964587418843817
2024.07.03,000041.SZ,0.11067350604375
2024.07.03,600035.SH,0.06397587006757934
2024.07.03,600001.SH,0.45485915176350045
2024.07.03,000050.SZ,0.007617765661220595
2024.07.03,000048.SZ,0.19425735765276964
2024.07.03,000035.SZ,0.06193966356280459
2024.07.03,000010.SZ,0.009456793869718629
2024.07.03,000046.SZ,0.15451106779554763
2024.07.03,000037.SZ,0.06695141328000409
2024.07.03,000044.SZ,0.16516891341559628
2024.07.03,000015.SZ,0.11001193377327408
2024.07.03,600042.SH,0.22742301376049257
2024.07.03,600014.SH,0.06920784612584543
2024.07.03,000017.SZ,0.358005557238278
2024.07.03,600022.SH,0.06298893237687202
2024.07.03,600020.SH,0.0038797530147508938
2024.07.03,600036.SH,0.6370255521405245
2024.07.03,000005.SZ,0.06454783709239292
2024.07.03,600049.SH,0.045651404315510735
2024.07.03,000040.SZ,0.02934399499828265
2024.07.03,600031.SH,0.054954320932729485
2024.07.03,000004.SZ,0.08636307241174777
2024.07.03,000043.SZ,0.05282836963265959
2024.07.03,600021.SH,0.09380468721860696
2024.07.03,600015.SH,0.058963441544667976
2024.07.03,600024.SH,0.10328358379374435
2024.07.03,600026.SH,0.012410305772357237
2024.07.03,600010.SH,0.02378066193001652
2024.07.03,000022.SZ,0.04128857790555459
2024.07.03,000049.SZ,0.05187786287990586
2024.07.03,600013.SH,0.05083855628735113
2024.07.03,000003.SZ,0.1055262104032914
2024.07.03,600028.SH,0.5754956647076899
2024.07.03,600004.SH,0.05090289925247514
2024.07.03,600018.SH,0.3228942188396466
2024.07.03,600038.SH,0.20033046538268082
2024.07.03,600003.SH,0.22929495141679732
2024.07.04,000020.SZ,0.06412865460827022
2024.07.04,000046.SZ,0.0689832879567235
2024.07.04,600007.SH,0.06370051927673594
2024.07.04,600048.SH,0.021810983676211718
2024.07.04,600029.SH,0.2095500772518151
2024.07.04,600011.SH,0.22775175588104296
2024.07.04,000035.SZ,0.07196806911375395
2024.07.04,600008.SH,0.07254230183996944
2024.07.04,600018.SH,0.1331118286561795
2024.07.04,600035.SH,0.32938195483282917
2024.07.04,600025.SH,0.7657290395519618
2024.07.04,600040.SH,0.020509520383007334
2024.07.04,600016.SH,0.043623627145446826
2024.07.04,600044.SH,0.052097831717641534
2024.07.04,600002.SH,0.1215071491833974
2024.07.04,000027.SZ,0.16698445352240368
2024.07.04,600032.SH,0.08593433609931171
2024.07.04,600020.SH,0.012473276038470834
2024.07.04,600024.SH,0.04616208494691928
2024.07.04,600046.SH,0.19105436148784027
2024.07.04,600026.SH,0.15970552454833584
2024.07.04,600019.SH,0.007501878992756634
2024.07.04,600022.SH,0.12555182619314795
2024.07.04,000024.SZ,0.13019308111181319
2024.07.04,600033.SH,0.3031624149082441
2024.07.04,000036.SZ,0.5034037856307598
2024.07.04,000002.SZ,0.0006940041196337485
2024.07.04,000023.SZ,0.152003300450556
2024.07.04,600017.SH,0.12058492197836068
2024.07.04,600027.SH,0.0011196291039917597
2024.07.04,600043.SH,0.03294992672199058
2024.07.04,000026.SZ,0.103358320847129
2024.07.04,600003.SH,0.23133700854956393
2024.07.04,600009.SH,0.38988125524323775
2024.07.04,600012.SH,0.039766700994941756
2024.07.04,600013.SH,0.0768190075167616
2024.07.04,000037.SZ,0.14901847258214193
2024.07.04,000008.SZ,0.08109562096905962
2024.07.04,000044.SZ,0.14861127480666408
2024.07.04,600005.SH,0.18658569886127155
2024.07.04,000012.SZ,0.23211445338320347
2024.07.04,600038.SH,0.149067929800656
2024.07.04,000034.SZ,0.1386673033971206
2024.07.04,600010.SH,0.0488732009898787
2024.07.04,600045.SH,0.033909398485391276
2024.07.04,000040.SZ,0.2837244534688185
2024.07.04,000016.SZ,0.13193010341439773
2024.07.04,000048.SZ,0.13353255104803047
2024.07.04,000039.SZ,0.012074175615727397
2024.07.04,000009.SZ,0.15362575023258687
2024.07.04,600034.SH,0.0001956295630697166
2024.07.04,600039.SH,0.046243424370576734
2024.07.04,000050.SZ,0.05251700995734618
2024.07.04,600021.SH,0.17603133581359007
2024.07.04,600030.SH,0.04743162415627175
2024.07.04,600000.SH,0.11580875122065767
2024.07.04,000031.SZ,0.1252747429253767
2024.07.04,000049.SZ,0.4836231619380988
2024.07.04,000001.SZ,0.2774423886677044
2024.07.04,000005.SZ,0.1395044836093574
2024.07.04,000019.SZ,0.029849897530192508
2024.07.04,600014.SH,0.1260538576612138
2024.07.04,600006.SH,0.08412772919084052
2024.07.04,000041.SZ,0.008364342816481655
2024.07.04,600015.SH,0.16895834618684172
2024.07.04,000047.SZ,0.04488147008496346
2024.07.04,000015.SZ,0.09395722432473325
2024.07.04,000007.SZ,0.15396912449228856
2024.07.04,000006.SZ,0.25036426882118235
2024.07.04,600004.SH,0.12082613730091911
2024.07.04,000033.SZ,0.3312624444810408
2024.07.04,600037.SH,0.004859908217098634
2024.07.04,600023.SH,0.040274755621342806
2024.07.04,000010.SZ,0.20589771241965332
2024.07.04,000013.SZ,0.11024140344958133
2024.07.04,000004.SZ,0.06037763677230494
2024.07.04,600028.SH,0.05491862327821622
2024.07.04,000011.SZ,0.1702555449198815
2024.07.04,000030.SZ,0.03061945132887617
2024.07.04,000032.SZ,0.28433814254093676
2024.07.04,000038.SZ,0.061374035743304134
2024.07.04,000003.SZ,0.009981158832897193
2024.07.04,600041.SH,0.14291754139980797
2024.07.04,000017.SZ,0.013163942960586174
2024.07.04,000043.SZ,0.18710625662329106
2024.07.04,000025.SZ,0.05984425830570984
2024.07.04,600001.SH,0.1843362547910791
2024.07.04,000045.SZ,0.11882163321101498
2024.07.04,600042.SH,0.05105752751643816
2024.07.04,600036.SH,0.10679585019269373
2024.07.04,600047.SH,0.15883731135713827
2024.07.04,000022.SZ,0.02044626194481929
2024.07.04,000014.SZ,0.1143080648148797
2024.07.04,000018.SZ,0.029208225400544026
2024.07.04,600031.SH,0.016447880810529274
2024.07.04,600049.SH,0.21143917509635315
2024.07.04,000029.SZ,0.04295438633759673
2024.07.04,000021.SZ,0.3161797209121253
2024.07.05,600005.SH,0.2743069604013141
2024.07.05,600029.SH,0.24756461683463124
2024.07.05,600001.SH,0.14962501140712378
2024.07.05,000003.SZ,0.023600267435221197
2024.07.05,000004.SZ,0.1251472835456629
2024.07.05,600010.SH,0.008101853213131754
2024.07.05,600047.SH,0.228475579520335
2024.07.05,600002.SH,0.04937829974717619
2024.07.05,600036.SH,0.07165738112998636
2024.07.05,000032.SZ,0.2879111694009882
2024.07.05,600048.SH,0.32997096368592005
2024.07.05,600045.SH,0.0631393725173977
2024.07.05,600023.SH,0.04471690307006069
2024.07.05,000033.SZ,0.018860005402079702
2024.07.05,000039.SZ,0.13648418592257802
2024.07.05,000044.SZ,0.07134492431363816
2024.07.05,000022.SZ,0.024361550778230386
2024.07.05,600006.SH,0.0566433300935014
2024.07.05,600003.SH,0.1948394725482656
2024.07.05,600014.SH,0.05749604195544435
2024.07.05,000028.SZ,0.16602315636124673
2024.07.05,000038.SZ,0.07248132759372265
2024.07.05,600024.SH,0.10014640666102065
2024.07.05,000037.SZ,0.1998721942318015
2024.07.05,000025.SZ,0.11729257381517656
2024.07.05,000009.SZ,0.015895242761142885
2024.07.05,000048.SZ,0.043892643891215714
2024.07.05,000031.SZ,0.16740339118879555
2024.07.05,000023.SZ,0.02722353746711646
2024.07.05,000041.SZ,0.06919644320018084
2024.07.05,000030.SZ,0.007544939741778071
2024.07.05,000010.SZ,0.13185825512239072
2024.07.05,600015.SH,0.17876072007702637
2024.07.05,600013.SH,0.08125351881955661
2024.07.05,000042.SZ,0.05797809271489082
2024.07.05,600026.SH,0.016579760119890367
2024.07.05,000043.SZ,0.295988714231401
2024.07.05,000014.SZ,0.08632846420002488
2024.07.05,600046.SH,0.1587098736888359
2024.07.05,600031.SH,0.20446112369239441
2024.07.05,600038.SH,0.08666083321193112
2024.07.05,000005.SZ,0.07171101646278262
2024.07.05,600007.SH,0.06547195233069501
2024.07.05,600037.SH,0.1519595216025359
2024.07.05,600043.SH,0.039175371307593305
2024.07.05,000001.SZ,0.12653909032432906
2024.07.05,600025.SH,0.047437250409604566
2024.07.05,000016.SZ,0.33841962475946463
2024.07.05,600030.SH,0.08943329664256908
2024.07.05,600039.SH,0.2731099646247163
2024.07.05,600020.SH,0.12026550754940299
2024.07.05,600044.SH,0.0034100983013426404
2024.07.05,000002.SZ,0.22190455920672958
2024.07.05,600040.SH,0.009280848828258983
2024.07.05,600021.SH,0.3561284742231025
2024.07.05,600004.SH,0.06664829908642486
2024.07.05,600035.SH,0.5328260303845983
2024.07.05,000008.SZ,0.14007563702692022
2024.07.05,600012.SH,0.05628185417545403
2024.07.05,000026.SZ,0.2764351774458395
2024.07.05,000034.SZ,0.04406924695852067
2024.07.05,600022.SH,0.06339365125140414
2024.07.05,600008.SH,0.0002816132884566018
2024.07.05,600028.SH,0.014945565462458241
2024.07.05,600042.SH,0.14418272693721965
2024.07.05,000046.SZ,0.008384784180563161
2024.07.05,000029.SZ,0.15993084984530798
2024.07.05,000040.SZ,0.10737034510610548
2024.07.05,600033.SH,0.006113309623788061
2024.07.05,600041.SH,0.32499293787412664
2024.07.05,000015.SZ,0.004749167920138492
2024.07.05,000017.SZ,0.05505000303466565
2024.07.05,000012.SZ,0.18202419691313837
2024.07.05,000013.SZ,0.014996780258516284
2024.07.05,000006.SZ,0.08788430932038882
2024.07.05,000020.SZ,0.1381149574630023
2024.07.05,600049.SH,0.017130570095045268
2024.07.05,000049.SZ,0.05136985708772929
2024.07.05,600034.SH,0.007863655409225727
2024.07.05,000024.SZ,0.012266479791578612
2024.07.05,600018.SH,0.0017257826831417748
2024.07.05,000018.SZ,0.12506330348657343
2024.07.05,000007.SZ,0.05732748329792117
2024.07.05,000021.SZ,0.0002601855519817463
2024.07.05,600017.SH,0.157163883380443
2024.07.05,600016.SH,0.07377824903022681
2024.07.05,600000.SH,0.11580716724996849
2024.07.05,000019.SZ,0.01757525955247685
2024.07.05,600011.SH,0.010571705434089857
2024.07.05,000047.SZ,0.08475329267244468
2024.07.05,000045.SZ,0.07760284176652464
2024.07.05,600032.SH,0.22775177929983578
2024.07.05,000036.SZ,0.13099744953038778
2024.07.05,600009.SH,0.04044993112756393
2024.07.05,000035.SZ,0.12495467622189062
2024.07.05,000050.SZ,0.00602694493467743
2024.07.05,600027.SH,0.16615434834623896
2024.07.05,600019.SH,0.13906767698913539
2024.07.08,000009.SZ,0.052040175163273264
2024.07.08,600034.SH,0.0378031434340658
2024.07.08,600030.SH,0.2168072403938761
2024.07.08,600015.SH,0.036055502682808604
2024.07.08,600032.SH,6.25446731468342e-05
2024.07.08,000042.SZ,0.043567895284806986
2024.07.08,000030.SZ,0.015023761919485847
2024.07.08,600022.SH,0.13340787074441174
2024.07.08,000049.SZ,0.03875932296581131
2024.07.08,600018.SH,0.09011833853805463
2024.07.08,000046.SZ,0.010882769045137195
2024.07.08,000033.SZ,0.36230491172398877
2024.07.08,000028.SZ,0.15350918136886677
2024.07.08,600035.SH,0.13278172556827694
2024.07.08,000050.SZ,0.2149137206591945
2024.07.08,000019.SZ,0.0019519042524456902
2024.07.08,000018.SZ,0.47022850770734714
2024.07.08,000016.SZ,0.039995014587861644
2024.07.08,000014.SZ,0.26999987220936095
2024.07.08,600045.SH,0.07915155207085722
2024.07.08,600012.SH,0.05715652972790387
2024.07.08,000047.SZ,0.13762127432170318
2024.07.08,600039.SH,0.2940100003906197
2024.07.08,000044.SZ,0.1516918982612785
2024.07.08,600029.SH,0.038519672432132175
2024.07.08,600017.SH,0.027198581985316012
2024.07.08,600048.SH,0.0554030633150081
2024.07.08,000003.SZ,0.13805859702672374
2024.07.08,000022.SZ,0.08281398582148398
2024.07.08,000007.SZ,0.140524416848706
2024.07.08,600010.SH,0.2495157297884485
2024.07.08,000011.SZ,0.012789898015727441
2024.07.08,000038.SZ,0.08346264923332465
2024.07.08,000026.SZ,0.1335652967271607
2024.07.08,600036.SH,0.041349506705168126
2024.07.08,000037.SZ,0.4986518703108122
2024.07.08,600001.SH,0.13354152076341153
2024.07.08,600049.SH,0.03780006757393481
2024.07.08,600041.SH,0.02373218655568426
2024.07.08,000008.SZ,0.4137654989988639
2024.07.08,600009.SH,0.14665519264535581
2024.07.08,600008.SH,0.05795090364056776
2024.07.08,600005.SH,0.055269677304766764
2024.07.08,000004.SZ,0.005368361144431609
2024.07.08,000027.SZ,0.19627619471191407
2024.07.08,600042.SH,0.0772972252000161
2024.07.08,000006.SZ,0.17525535183866967
2024.07.08,000034.SZ,0.05706314299585538
2024.07.08,600046.SH,0.0734418857188029
2024.07.08,000039.SZ,0.052941892231795254
2024.07.08,600026.SH,0.004445012278113998
2024.07.08,000041.SZ,0.014021297192902047
2024.07.08,000025.SZ,0.0288934352539777
2024.07.08,000001.SZ,0.08642981336732637
2024.07.08,000029.SZ,0.20977964853060063
2024.07.08,000048.SZ,0.051632122100808385
2024.07.08,600013.SH,0.01347374877798032
2024.07.08,000012.SZ,0.06127446636006477
2024.07.08,000010.SZ,0.000498911910495754
2024.07.08,600038.SH,0.03656175472743303
2024.07.08,600020.SH,0.022780343995233387
2024.07.08,000036.SZ,0.23606176087084724
2024.07.08,600023.SH,0.13892889895357619
2024.07.08,000043.SZ,0.00032274393545578793
2024.07.08,600019.SH,0.03479510070385137
2024.07.08,000002.SZ,0.025051235191134436
2024.07.08,600006.SH,0.0212469029482686
2024.07.08,600007.SH,0.027691113872377486
2024.07.08,600031.SH,0.024634872933899963
2024.07.08,000005.SZ,0.23833159523741357
2024.07.08,600016.SH,0.044765432716456874
2024.07.08,000020.SZ,0.06458789590462957
2024.07.08,600028.SH,0.0033771380376024555
2024.07.08,600024.SH,0.14980097993006672
2024.07.08,000045.SZ,0.1499698873615213
2024.07.08,600044.SH,0.03064196739053047
2024.07.08,600040.SH,0.23392028908584922
2024.07.08,600043.SH,0.0048112272902353734
2024.07.08,000035.SZ,0.15875563318382585
2024.07.08,000017.SZ,0.24922702193792454
2024.07.08,000015.SZ,0.20479169024709495
2024.07.08,600004.SH,0.20635334867535784
2024.07.08,000023.SZ,0.4748024854635662
2024.07.08,600027.SH,0.09022888255669301
2024.07.08,000031.SZ,0.05101229684371181
2024.07.08,600002.SH,0.03306732706688384
2024.07.08,000013.SZ,0.004784978994086861
2024.07.08,600037.SH,0.06305926262950448
2024.07.08,600047.SH,0.0005629254848963782
2024.07.08,600021.SH,0.12652214508876858
2024.07.08,600000.SH,0.1031395331757626
2024.07.08,600014.SH,0.17136690513462957
2024.07.08,600033.SH,0.03245757954418212
2024.07.08,000032.SZ,0.21485688840141753
2024.07.08,000021.SZ,0.04612493567550256
2024.07.08,000024.SZ,0.5311558788504858
2024.07.08,600003.SH,0.1394595133654167
2024.07.08,600011.SH,0.003198744874304495
2024.07.09,600003.SH,0.09119116433943789
2024.07.09,600041.SH,0.09733028872257993
2024.07.09,600027.SH,0.02807936287166601
2024.07.09,600021.SH,0.3994654487773801
2024.07.09,000008.SZ,0.25492640111412246
2024.07.09,000018.SZ,0.09977288711414584
2024.07.09,600026.SH,0.17659697067699764
2024.07.09,600035.SH,0.19511658833588397
2024.07.09,000025.SZ,0.019717779694051564
2024.07.09,000035.SZ,0.20085070444505304
2024.07.09,600011.SH,0.16861733523639968
2024.07.09,600001.SH,0.07207824782575822
2024.07.09,000040.SZ,0.12558119583153288
2024.07.09,600024.SH,0.00018217135299531992
2024.07.09,000010.SZ,0.3444641522449757
2024.07.09,000028.SZ,0.00870556457614256
2024.07.09,600046.SH,0.12762408727155988
2024.07.09,600029.SH,0.2782508902155427
2024.07.09,600016.SH,0.16028000536995635
2024.07.09,000031.SZ,0.18285886150491706
2024.07.09,000026.SZ,0.015618350494636645
2024.07.09,000005.SZ,0.29583975907953247
2024.07.09,000048.SZ,0.13860334636545868
2024.07.09,600044.SH,0.05591182284787976
2024.07.09,600018.SH,0.1741696032875285
2024.07.09,000007.SZ,0.008584390997609138
2024.07.09,000021.SZ,0.18584912510214385
2024.07.09,600015.SH,0.053125261251740975
2024.07.09,000012.SZ,0.0011509296558099695
2024.07.09,000032.SZ,0.0969897782049625
2024.07.09,000042.SZ,0.12184551184689409
2024.07.09,000045.SZ,0.09296021585941532
2024.07.09,600049.SH,0.005322457279866138
2024.07.09,600033.SH,0.1660865033710878
2024.07.09,000043.SZ,0.03216384974969327
2024.07.09,000034.SZ,0.08795388326130683
2024.07.09,600023.SH,0.07364685550455428
2024.07.09,000030.SZ,0.11292595532066078
2024.07.09,600037.SH,0.03915074900202111
2024.07.09,000022.SZ,0.003339932809060053
2024.07.09,600022.SH,0.03394130809255231
2024.07.09,000023.SZ,0.022685082691855873
2024.07.09,600025.SH,0.15551731721325246
2024.07.09,600000.SH,0.1624609931742112
2024.07.09,600039.SH,0.03484803112410895
2024.07.09,600043.SH,0.09444041363970414
2024.07.09,600042.SH,0.11544269599283045
2024.07.09,000020.SZ,0.09527946763907409
2024.07.09,000017.SZ,0.48599942610358393
2024.07.09,600012.SH,0.15187246960907744
2024.07.09,600013.SH,0.42838922149838377
2024.07.09,600002.SH,0.08087433054243497
2024.07.09,000001.SZ,0.005556723155301857
2024.07.09,000015.SZ,0.06011118293165279
2024.07.09,000046.SZ,0.08753339656823848
2024.07.09,600005.SH,0.3470885466373804
2024.07.09,600040.SH,0.13244464016107518
2024.07.09,600038.SH,0.08388717597981667
2024.07.09,600017.SH,0.1886858436584741
2024.07.09,600008.SH,0.04151505162868185
2024.07.09,600006.SH,0.053454414133890515
2024.07.09,000024.SZ,0.023701560475379514
2024.07.09,600031.SH,0.04661734017420683
2024.07.09,000047.SZ,0.02375998691841996
2024.07.09,600014.SH,0.055523052666290575
2024.07.09,600010.SH,0.06534964214400579
2024.07.09,000003.SZ,0.1729321467182189
2024.07.09,000049.SZ,0.4169980255064936
2024.07.09,000009.SZ,0.068200734398652
2024.07.09,600009.SH,0.2842157488556464
2024.07.09,600019.SH,0.3270545344726394
2024.07.09,000038.SZ,0.014106550750882388
2024.07.09,000019.SZ,0.2732161649229821
2024.07.09,000029.SZ,0.005200508020369856
2024.07.09,600048.SH,0.04728245917089997
2024.07.09,600034.SH,0.08255636083279287
2024.07.09,000033.SZ,0.0013998560147470216
2024.07.09,600004.SH,0.13223931944211076
2024.07.09,000004.SZ,0.04325659110646674
2024.07.09,000044.SZ,0.08804467620540855
2024.07.09,600047.SH,0.09310295045426469
2024.07.09,000036.SZ,0.024035478531086306
2024.07.09,000011.SZ,0.0642856092757757
2024.07.09,000016.SZ,0.03522927751340677
2024.07.09,600007.SH,0.44423513458133973
2024.07.09,600030.SH,0.04780162137160281
2024.07.09,600036.SH,0.05968706704421155
2024.07.09,600028.SH,0.12300332211303457
2024.07.09,000039.SZ,0.0837762291458037
2024.07.09,000013.SZ,0.17090129951758568
2024.07.09,600032.SH,0.04768068046722224
2024.07.09,000027.SZ,0.3278873869769263
2024.07.09,000037.SZ,0.21629859441622976
2024.07.09,000002.SZ,0.18701946108984596
2024.07.09,600045.SH,0.15009869410054308
2024.07.09,000041.SZ,0.05926387852149381
2024.07.09,600020.SH,0.012999572486065498
2024.07.09,000014.SZ,0.006826702102804173
2024.07.10,000041.SZ,0.0761995969047018
2024.07.10,600035.SH,0.02062890927764447
2024.07.10,000026.SZ,0.052569213429557955
2024.07.10,000028.SZ,0.09259467829452675
2024.07.10,600007.SH,0.05614996249618309
2024.07.10,600002.SH,0.0222191017429095
2024.07.10,600046.SH,0.2526388979602419
2024.07.10,000037.SZ,0.31001756221987675
2024.07.10,000050.SZ,0.32713935064120714
2024.07.10,600023.SH,0.031081962334350247
2024.07.10,000038.SZ,0.07481969181133154
2024.07.10,000016.SZ,0.2967524228629567
2024.07.10,600020.SH,0.6298933844599248
2024.07.10,000047.SZ,0.01354919853186951
2024.07.10,600008.SH,0.12111726181117707
2024.07.10,600039.SH,0.020372118972337105
2024.07.10,600025.SH,0.12685383993475682
2024.07.10,000042.SZ,0.05930673825577483
2024.07.10,000029.SZ,0.3199571311978068
2024.07.10,000025.SZ,0.009669841659155558
2024.07.10,600047.SH,0.04800174592715696
2024.07.10,600014.SH,0.10086895599180437
2024.07.10,000019.SZ,0.05320446204316589
2024.07.10,000011.SZ,0.08007179861332846
2024.07.10,000032.SZ,0.02440262989021642
2024.07.10,600001.SH,0.20327046400138887
2024.07.10,600003.SH,0.21693117013138055
2024.07.10,000003.SZ,0.008432251766064923
2024.07.10,000017.SZ,0.13546975098876018
2024.07.10,000014.SZ,0.08564261217571298
2024.07.10,600030.SH,0.06866411765799096
2024.07.10,600009.SH,0.14980982815680133
2024.07.10,000035.SZ,0.2887191325826765
2024.07.10,600038.SH,0.11044174537923737
2024.07.10,600021.SH,0.014764504307912462
2024.07.10,600043.SH,0.007382306408268622
2024.07.10,600017.SH,0.11484014845976977
2024.07.10,600016.SH,0.09232679773827077
2024.07.10,600031.SH,0.04356987358649665
2024.07.10,600029.SH,0.033133077953893496
2024.07.10,000048.SZ,0.06307509875739908
2024.07.10,000013.SZ,0.01842966305297239
2024.07.10,000043.SZ,0.0564041187367453
2024.07.10,600015.SH,0.030780733201021298
2024.07.10,000034.SZ,0.024513474180505052
2024.07.10,000009.SZ,0.04672526814299603
2024.07.10,000018.SZ,0.015109021633426154
2024.07.10,000021.SZ,0.39422123697634076
2024.07.10,600045.SH,0.03190336229676738
2024.07.10,000004.SZ,0.097562248370838
2024.07.10,000010.SZ,0.4246128514479392
2024.07.10,600013.SH,0.061170473657721956
2024.07.10,600005.SH,0.47692418040688606
2024.07.10,000027.SZ,0.4168860669496025
2024.07.10,000012.SZ,0.18667334740782163
2024.07.10,000002.SZ,0.0035862397362467365
2024.07.10,000015.SZ,0.04287930343599964
2024.07.10,000022.SZ,0.19655500483269003
2024.07.10,000008.SZ,0.04474385704040039
2024.07.10,600027.SH,0.014232921776954302
2024.07.10,600004.SH,0.012858882513846098
2024.07.10,600026.SH,0.06831711193335231
2024.07.10,600037.SH,0.08135395974227376
2024.07.10,000005.SZ,0.050351185398458786
2024.07.10,600024.SH,0.16030008654165695
2024.07.10,000023.SZ,0.27518945758486757
2024.07.10,000001.SZ,0.03147404135441681
2024.07.10,600048.SH,0.09667613630839328
2024.07.10,600033.SH,0.016026827321898952
2024.07.10,000007.SZ,0.3919401639968611
2024.07.10,000036.SZ,0.19813586137629846
2024.07.10,600049.SH,0.2288259983242213
2024.07.10,000006.SZ,0.27462220002258003
2024.07.10,000030.SZ,0.050554940731281785
2024.07.10,600006.SH,0.08951402745196196
2024.07.10,600044.SH,0.33190980258735425
2024.07.10,000039.SZ,0.21246599949583414
2024.07.10,600000.SH,0.24390618870626438
2024.07.10,600011.SH,0.027324898531906557
2024.07.10,000020.SZ,0.006719889323796237
2024.07.10,600018.SH,0.0200184810144893
2024.07.10,000046.SZ,0.023201158799286945
2024.07.10,600012.SH,0.15522392934379095
2024.07.10,000040.SZ,0.2745690932434326
2024.07.10,600028.SH,0.06198799214909661
2024.07.10,600041.SH,0.06982405114004367
2024.07.10,000049.SZ,0.004830539207717829
2024.07.10,600019.SH,0.18658682270906454
2024.07.10,000045.SZ,0.27135997177100013
2024.07.10,600034.SH,0.18598327207991386
2024.07.10,000033.SZ,0.10446323671756581
2024.07.10,600042.SH,0.033486798873869184
2024.07.10,600040.SH,0.1445351969917736
2024.07.10,000044.SZ,0.03688228143383939
2024.07.10,600010.SH,0.031944015328607925
2024.07.10,600022.SH,0.06544336373961832
2024.07.11,000042.SZ,0.17783662747641377
2024.07.11,600001.SH,0.011329844536742455
2024.07.11,000036.SZ,0.16689568402788302
2024.07.11,000049.SZ,0.06606894819253281
2024.07.11,000031.SZ,0.02590532637186548
2024.07.11,000034.SZ,0.39686648591504575
2024.07.11,600006.SH,0.0585336552422613
2024.07.11,000048.SZ,0.04848341911225531
2024.07.11,600003.SH,0.14881325151792477
2024.07.11,600049.SH,0.11803191859210857
2024.07.11,000023.SZ,0.10902695126367479
2024.07.11,600041.SH,0.24912644288457972
2024.07.11,600048.SH,0.13263260047967304
2024.07.11,000039.SZ,0.06293589715944066
2024.07.11,600037.SH,0.09749281309949695
2024.07.11,600030.SH,0.02418087237138424
2024.07.11,600022.SH,0.14275252795851298
2024.07.11,600017.SH,0.08096782029489906
2024.07.11,000013.SZ,0.0572992248106908
2024.07.11,600023.SH,0.1648497144736496
2024.07.11,000003.SZ,0.37954142312449685
2024.07.11,600004.SH,0.14166921215209285
2024.07.11,600021.SH,0.041810668980858216
2024.07.11,600024.SH,0.06112653946665866
2024.07.11,600009.SH,0.23698580397704935
2024.07.11,000038.SZ,0.04657995366493202
2024.07.11,600000.SH,0.11992377611368112
2024.07.11,000024.SZ,0.06838471790298906
2024.07.11,600044.SH,0.01323212273894319
2024.07.11,000025.SZ,0.06951787170710362
2024.07.11,600010.SH,0.037092823708066776
2024.07.11,000029.SZ,0.07309666360952106
2024.07.11,000014.SZ,0.1822600021440905
2024.07.11,600039.SH,0.09169446382975198
2024.07.11,600034.SH,0.04656595753465849
2024.07.11,000016.SZ,0.004777498004515191
2024.07.11,000040.SZ,0.16697967119731918
2024.07.11,000018.SZ,0.2244542263398848
2024.07.11,000002.SZ,0.011328243618314903
2024.07.11,600040.SH,0.1375646281791531
2024.07.11,600036.SH,0.046300775626320685
2024.07.11,000030.SZ,0.01540183051869746
2024.07.11,000044.SZ,0.0015500727276353224
2024.07.11,000045.SZ,0.23601571151471407
2024.07.11,600029.SH,0.003364956149995802
2024.07.11,600031.SH,0.04036219548075313
2024.07.11,000009.SZ,0.3696176304633571
2024.07.11,600027.SH,0.007713663669285163
2024.07.11,000017.SZ,0.006201027069818903
2024.07.11,000007.SZ,0.028290059523561735
2024.07.11,000037.SZ,0.3865818099212155
2024.07.11,000027.SZ,0.14154895709013374
2024.07.11,600038.SH,0.0918680116564907
2024.07.11,000004.SZ,0.2582110076189848
2024.07.11,600007.SH,0.03137060868704104
2024.07.11,600015.SH,0.13319294903458984
2024.07.11,600008.SH,0.06853745357739924
2024.07.11,000041.SZ,0.030586453904401147
2024.07.11,600014.SH,0.09560365470752863
2024.07.11,000008.SZ,0.17751010987512017
2024.07.11,600028.SH,0.08187821123433026
2024.07.11,600013.SH,0.05198002678803855
2024.07.11,000005.SZ,0.012534342112134632
2024.07.11,600011.SH,0.10694803580634918
2024.07.11,000047.SZ,0.04268792182035973
2024.07.11,000028.SZ,0.05257156700517711
2024.07.11,000021.SZ,0.0531498813267085
2024.07.11,600020.SH,0.07679787966343189
2024.07.11,600026.SH,0.06827616516985231
2024.07.11,000043.SZ,0.23086952916785297
2024.07.11,600042.SH,0.09161058044134404
2024.07.11,600035.SH,0.14154936123292675
2024.07.11,000033.SZ,0.10254035098643893
2024.07.11,600018.SH,0.0042145396812393425
2024.07.11,600033.SH,0.0374098183099279
2024.07.11,600002.SH,0.022672018523703732
2024.07.11,600043.SH,0.09677219803768237
2024.07.11,000026.SZ,0.3390971010468752
2024.07.11,600016.SH,0.017064922260479762
2024.07.11,000035.SZ,0.0642266692954668
2024.07.11,600046.SH,0.09306324816742426
2024.07.11,600045.SH,0.047500405844165976
2024.07.11,000011.SZ,0.11464420014631259
2024.07.11,000032.SZ,0.053774298610827366
2024.07.11,600005.SH,0.06596268768878652
2024.07.11,600012.SH,0.17566448903431467
2024.07.11,000012.SZ,0.08080142090328082
2024.07.11,000050.SZ,0.1483095039051373
2024.07.11,000001.SZ,0.09155555373930294
2024.07.11,000006.SZ,0.02987132745774439
2024.07.11,000010.SZ,0.04976401291369716
2024.07.11,000022.SZ,0.10560263074489798
2024.07.11,000046.SZ,0.06492619548891838
2024.07.11,600047.SH,0.008995064727071646
2024.07.11,600019.SH,0.11046692598367723
2024.07.11,600025.SH,0.13459001939169285
2024.07.11,000015.SZ,0.0280621857027471
2024.07.12,600011.SH,0.08005676998729491
2024.07.12,600012.SH,0.34189726484896105
2024.07.12,600023.SH,0.02226677507517374
2024.07.12,000037.SZ,0.04091373193425918
2024.07.12,000010.SZ,0.18212085852263524
2024.07.12,000001.SZ,0.17758458801689908
2024.07.12,000004.SZ,0.11817829346198476
2024.07.12,000042.SZ,0.09902854949006348
2024.07.12,600007.SH,0.026214861655496604
2024.07.12,000028.SZ,0.03183481576579305
2024.07.12,600006.SH,0.0813927423764742
2024.07.12,600018.SH,0.038582642065482224
2024.07.12,600032.SH,0.01211182029245582
2024.07.12,000045.SZ,0.14514545442648522
2024.07.12,000007.SZ,0.41155155526900933
2024.07.12,600034.SH,0.06606639718605395
2024.07.12,000012.SZ,0.06265417878273592
2024.07.12,000038.SZ,0.08245767701010862
2024.07.12,000030.SZ,0.024002271362751248
2024.07.12,000024.SZ,0.09561589639782024
2024.07.12,000027.SZ,0.12237692321327191
2024.07.12,600009.SH,0.023897426953725605
2024.07.12,600008.SH,0.07438511122583469
2024.07.12,000019.SZ,0.20039377560869479
2024.07.12,600041.SH,0.024729062593424826
2024.07.12,600003.SH,0.13748473759543448
2024.07.12,600025.SH,0.09066863823287573
2024.07.12,000032.SZ,0.014952537440078302
2024.07.12,600042.SH,0.0543880493117314
2024.07.12,000011.SZ,0.05523184422144047
2024.07.12,000048.SZ,0.031013081080942827
2024.07.12,600045.SH,0.09456919662937442
2024.07.12,600019.SH,0.00508426576599114
2024.07.12,000033.SZ,0.328596353286691
2024.07.12,000008.SZ,0.06031259912123553
2024.07.12,600016.SH,0.07093536593584401
2024.07.12,600030.SH,0.0429148639002244
2024.07.12,000043.SZ,0.025029513026035944
2024.07.12,000003.SZ,0.17406823374817598
2024.07.12,000034.SZ,0.07658906087912247
2024.07.12,000002.SZ,0.04401966456083976
2024.07.12,000025.SZ,0.3102459567359736
2024.07.12,000039.SZ,0.14797813431075416
2024.07.12,600010.SH,0.06165530260684403
2024.07.12,000022.SZ,0.22156585630489375
2024.07.12,000041.SZ,0.14665514175218583
2024.07.12,000046.SZ,0.08668374408061445
2024.07.12,000016.SZ,0.21649801107757888
2024.07.12,000044.SZ,0.07957260751604235
2024.07.12,600001.SH,0.0469895592249214
2024.07.12,600033.SH,0.17353715890717966
2024.07.12,000009.SZ,0.05445701565333577
2024.07.12,000036.SZ,0.1247155623803687
2024.07.12,600047.SH,0.1523137030115247
2024.07.12,600005.SH,0.6378319841279232
2024.07.12,600013.SH,0.24952596886286882
2024.07.12,600048.SH,0.016249606242417836
2024.07.12,000020.SZ,0.011597042448151284
2024.07.12,000015.SZ,0.2000185758949277
2024.07.12,600021.SH,0.05642828901351933
2024.07.12,000029.SZ,0.0020630517673480356
2024.07.12,600026.SH,0.13274873896012243
2024.07.12,600002.SH,0.17784163291447963
2024.07.12,000035.SZ,0.02239780008440778
2024.07.12,000017.SZ,0.0997160059622563
2024.07.12,600035.SH,0.17050593485842935
2024.07.12,600046.SH,0.026424664955381472
2024.07.12,600038.SH,0.014806488532946431
2024.07.12,600043.SH,0.02983335040670484
2024.07.12,000005.SZ,0.1413894256003429
2024.07.12,000014.SZ,0.0032311089384135486
2024.07.12,000006.SZ,0.09327834647332939
2024.07.12,600036.SH,0.05955358924653033
2024.07.12,600037.SH,0.08115306568895805
2024.07.12,000040.SZ,0.020980392478450814
2024.07.12,000023.SZ,0.05262957546915845
2024.07.12,600031.SH,0.07484226218087445
2024.07.12,000031.SZ,0.0047571830273575085
2024.07.12,600014.SH,0.010126379471552331
2024.07.12,600024.SH,0.35572313634184577
2024.07.12,000021.SZ,0.002856099529773109
2024.07.12,600044.SH,0.21102490781695807
2024.07.12,600039.SH,0.11648195990010762
2024.07.12,600000.SH,0.001211834300886125
2024.07.12,000026.SZ,0.02992186200669828
2024.07.12,600015.SH,0.2973414004740271
2024.07.12,600049.SH,0.0027518655236437872
2024.07.12,000013.SZ,0.11952650576877785
2024.07.12,600028.SH,0.11650973567856897
2024.07.12,000047.SZ,0.20104439537304178
2024.07.12,600040.SH,0.13768717977547268
2024.07.12,000018.SZ,0.157229438362115
2024.07.12,600004.SH,0.07296591579790501
2024.07.12,600022.SH,0.06105304188973817
2024.07.12,000050.SZ,0.11569108941285261
2024.07.12,600027.SH,0.05298440629766796
2024.07.15,600007.SH,0.029600481510202333
2024.07.15,600036.SH,0.03491243302219528
2024.07.15,600001.SH,0.07118007483532668
2024.07.15,000003.SZ,0.3520095542346515
2024.07.15,000050.SZ,0.10626156067313797
2024.07.15,000026.SZ,0.0036571621296327232
2024.07.15,600025.SH,0.010062338979515072
2024.07.15,600016.SH,0.17980686027743295
2024.07.15,600006.SH,0.03796424892891927
2024.07.15,600038.SH,0.20060885968366424
2024.07.15,000022.SZ,0.030988275325580683
2024.07.15,600009.SH,0.178418096925517
2024.07.15,600010.SH,0.044116652280337246
2024.07.15,600017.SH,0.08341002123218107
2024.07.15,000017.SZ,0.08284298765991634
2024.07.15,600037.SH,0.08166741775147117
2024.07.15,000032.SZ,0.13135045440015825
2024.07.15,000038.SZ,0.0068657134330825835
2024.07.15,000024.SZ,0.04407829039642085
2024.07.15,600040.SH,0.008167542221153712
2024.07.15,600039.SH,0.28507274343450384
2024.07.15,600020.SH,0.0723988380002142
2024.07.15,600042.SH,0.1665602199201118
2024.07.15,000002.SZ,0.02220351963749889
2024.07.15,000018.SZ,0.01062744250870066
2024.07.15,600002.SH,0.08071197354013604
2024.07.15,000012.SZ,0.08014514100406483
2024.07.15,600033.SH,0.05430753307997799
2024.07.15,000020.SZ,0.09945321031606703
2024.07.15,000042.SZ,0.0338743195151265
2024.07.15,600032.SH,0.288317327548906
2024.07.15,600026.SH,0.027523070101634867
2024.07.15,600003.SH,0.12700101533180602
2024.07.15,600030.SH,0.3126982700675784
2024.07.15,600047.SH,0.04098471906432652
2024.07.15,000004.SZ,0.12711894001498036
2024.07.15,000001.SZ,0.030327065472550485
2024.07.15,600005.SH,0.21219472502658202
2024.07.15,600035.SH,0.01945918096214319
2024.07.15,000007.SZ,0.09664758502623129
2024.07.15,000040.SZ,0.1776014514729008
2024.07.15,000013.SZ,0.05901990181646696
2024.07.15,000006.SZ,0.1523917448765579
2024.07.15,600044.SH,0.41842773773237046
2024.07.15,600027.SH,0.029666444142268898
2024.07.15,000014.SZ,0.18562805845847144
2024.07.15,000008.SZ,0.42869585440117836
2024.07.15,000037.SZ,0.07699986413445861
2024.07.15,000047.SZ,0.012617943452636341
2024.07.15,600046.SH,0.06191225010189126
2024.07.15,600000.SH,0.009860527574964039
2024.07.15,000015.SZ,0.19897088254979414
2024.07.15,600048.SH,0.1448036324829752
2024.07.15,000041.SZ,0.05181943524156631
2024.07.15,600011.SH,0.02025649649609158
2024.07.15,600013.SH,0.33934731884942404
2024.07.15,000039.SZ,0.045639849311094015
2024.07.15,000033.SZ,0.20466667860516563
2024.07.15,000046.SZ,0.15656118078135062
2024.07.15,000030.SZ,0.24135757036436759
2024.07.15,600034.SH,0.09968182450671083
2024.07.15,000016.SZ,0.15451794167988858
2024.07.15,000045.SZ,0.053220873649900996
2024.07.15,600023.SH,0.12895788597410768
2024.07.15,000036.SZ,0.32168057977396786
2024.07.15,000048.SZ,0.05639123726021049
2024.07.15,600028.SH,0.014829426443356686
2024.07.15,000021.SZ,0.009307574462702226
2024.07.15,600019.SH,0.2599541662566755
2024.07.15,600004.SH,0.41144694052484043
2024.07.15,000009.SZ,0.22301466503666317
2024.07.15,000011.SZ,0.05555253538172482
2024.07.15,000034.SZ,0.05746099227236632
2024.07.15,000023.SZ,0.060488291463725
2024.07.15,000049.SZ,0.24609874512587307
2024.07.15,600018.SH,0.17617171367704343
2024.07.15,000019.SZ,0.0980300932524932
2024.07.15,000043.SZ,0.034666086312745585
2024.07.15,000035.SZ,0.03000909668672986
2024.07.15,000005.SZ,0.22388059796779108
2024.07.15,600015.SH,0.01703553352251084
2024.07.15,600008.SH,0.04630779342002065
2024.07.15,000010.SZ,0.07847009125798385
2024.07.15,600049.SH,0.07257786909375491
2024.07.15,000044.SZ,0.22590760263025086
2024.07.15,600012.SH,0.006393540356593401
2024.07.15,600022.SH,0.24383652208500922
2024.07.15,000028.SZ,0.04724698749658464
2024.07.15,600021.SH,0.13914491018968764
2024.07.15,600014.SH,0.20289629219630662
2024.07.15,000029.SZ,0.01591513918921454
2024.07.15,600024.SH,0.017967824319056823
2024.07.15,600041.SH,0.3043598721333355
2024.07.15,600045.SH,0.10467270402819856
2024.07.15,600031.SH,0.08667672595887405
2024.07.15,600029.SH,0.02730989489000315
2024.07.15,000031.SZ,0.020704339541755695
2024.07.15,600043.SH,0.062259926899259604
2024.07.16,600043.SH,0.06412704903883694
2024.07.16,600037.SH,0.020206890496855253
2024.07.16,600036.SH,0.0037499585624304567
2024.07.16,000031.SZ,0.06399421378909263
2024.07.16,000009.SZ,0.15376164894901193
2024.07.16,600034.SH,0.042365012816649214
2024.07.16,000046.SZ,0.04861342600450665
2024.07.16,000023.SZ,0.06418761737634993
2024.07.16,600024.SH,0.06886521206956847
2024.07.16,600003.SH,0.030303732456371642
2024.07.16,600013.SH,0.0683506484379174
2024.07.16,600039.SH,0.2368453790758978
2024.07.16,600005.SH,0.02104558968542242
2024.07.16,600048.SH,0.09378893461185532
2024.07.16,600001.SH,0.23106886818583602
2024.07.16,000018.SZ,0.4055878647836203
2024.07.16,600041.SH,0.12689540044433653
2024.07.16,000049.SZ,0.0635207954158071
2024.07.16,000032.SZ,0.007171341187191207
2024.07.16,600019.SH,0.0005249366683057957
2024.07.16,600009.SH,0.031115598341193155
2024.07.16,000019.SZ,0.05487972133369978
2024.07.16,000029.SZ,0.32069006772750625
2024.07.16,600022.SH,0.08056464254420025
2024.07.16,600006.SH,0.09629432861439341
2024.07.16,000017.SZ,0.11051872416158567
2024.07.16,000016.SZ,0.026481425273132884
2024.07.16,000045.SZ,0.010365218373393275
2024.07.16,000012.SZ,0.03560101613401573
2024.07.16,600017.SH,0.2821847792735976
2024.07.16,600044.SH,0.013901247352209984
2024.07.16,600030.SH,0.037899793308636257
2024.07.16,000033.SZ,0.0452244124689103
2024.07.16,600020.SH,0.12668552859079613
2024.07.16,000042.SZ,0.09902924891124554
2024.07.16,600000.SH,0.1264685718430447
2024.07.16,600035.SH,0.12071423984554386
2024.07.16,000005.SZ,0.12000580095690497
2024.07.16,600007.SH,0.015721962584317923
2024.07.16,000047.SZ,0.4618016537882725
2024.07.16,000013.SZ,0.1620933528035105
2024.07.16,000030.SZ,0.0417351294151113
2024.07.16,600031.SH,0.1788449796644784
2024.07.16,000003.SZ,0.2783008824406358
2024.07.16,600011.SH,0.31525841306226937
2024.07.16,000035.SZ,0.24316015630960758
2024.07.16,000026.SZ,0.07717275916686824
2024.07.16,600046.SH,0.03817890888212722
2024.07.16,000025.SZ,0.0400672080943297
2024.07.16,000027.SZ,0.3412956040605675
2024.07.16,000014.SZ,0.23222512964999592
2024.07.16,000039.SZ,0.07208327754473097
2024.07.16,000041.SZ,0.06027594310019711
2024.07.16,600004.SH,0.057772988283653647
2024.07.16,600040.SH,0.11575348620135388
2024.07.16,600049.SH,0.3288153708479876
2024.07.16,600026.SH,0.038236998491464516
2024.07.16,000007.SZ,0.15594536128930114
2024.07.16,600028.SH,0.09553278227191382
2024.07.16,000038.SZ,0.09319875515635564
2024.07.16,000001.SZ,0.3131033737252437
2024.07.16,000028.SZ,0.25636886192982095
2024.07.16,000022.SZ,0.1447639698320675
2024.07.16,000034.SZ,0.05890023627963225
2024.07.16,600015.SH,0.09206309307096103
2024.07.16,600045.SH,0.0024170122745891145
2024.07.16,600027.SH,0.13831891023032153
2024.07.16,000011.SZ,0.25995157532535434
2024.07.16,000036.SZ,0.06920762077438487
2024.07.16,000010.SZ,0.20272665898505285
2024.07.16,000048.SZ,0.013756354076521203
2024.07.16,600033.SH,0.14724475940020507
2024.07.16,000050.SZ,0.025461905261371424
2024.07.16,600029.SH,0.005690772131409717
2024.07.16,000021.SZ,0.05134069648549518
2024.07.16,600032.SH,0.08208852957266735
2024.07.16,600012.SH,0.07842104426506018
2024.07.16,000004.SZ,0.30475081538458
2024.07.16,000044.SZ,0.07060324003583403
2024.07.16,600014.SH,0.02151583261323186
2024.07.16,600016.SH,0.038798125559519954
2024.07.16,000024.SZ,0.09674131852650472
2024.07.16,000002.SZ,0.11397542121401977
2024.07.16,000037.SZ,0.017574778954603486
2024.07.16,600038.SH,0.09599286149197686
2024.07.16,600021.SH,0.05514097490320755
2024.07.16,600018.SH,0.02670591168093594
2024.07.16,600008.SH,0.12747530603701793
2024.07.16,600042.SH,0.058231790905857436
2024.07.16,600047.SH,0.12751700458024084
2024.07.16,000020.SZ,0.3307434630439446
2024.07.16,600002.SH,0.0406102709522188
2024.07.16,600010.SH,0.0022596296024534543
2024.07.16,600025.SH,0.2822113942860993
2024.07.16,000008.SZ,0.11943737082574994
2024.07.16,000043.SZ,0.03707183336563626
2024.07.16,000040.SZ,0.01972100220898367
2024.07.17,000004.SZ,0.15368379105176602
2024.07.17,600023.SH,0.04661114531993107
2024.07.17,600044.SH,0.16130050059448447
2024.07.17,000008.SZ,0.4474430211855354
2024.07.17,000019.SZ,0.40985202148934474
2024.07.17,000012.SZ,0.022281746844709613
2024.07.17,600041.SH,0.20673168147086143
2024.07.17,600034.SH,0.09172178598868369
2024.07.17,000039.SZ,0.0002986799349076245
2024.07.17,600015.SH,0.11408948284571774
2024.07.17,600030.SH,0.13370924104043436
2024.07.17,000018.SZ,0.09856407061748997
2024.07.17,600018.SH,0.2612769389540281
2024.07.17,600002.SH,0.00670933335818437
2024.07.17,000041.SZ,0.06270322337036467
2024.07.17,000007.SZ,0.04630301767828397
2024.07.17,600043.SH,0.016332364685308826
2024.07.17,600025.SH,0.01176867420473097
2024.07.17,600004.SH,0.010336213689535542
2024.07.17,600020.SH,0.31103135379280156
2024.07.17,000010.SZ,0.11927738294361338
2024.07.17,600032.SH,0.02871824318028768
2024.07.17,000042.SZ,0.040550024460808486
2024.07.17,000026.SZ,0.14287685258835348
2024.07.17,000047.SZ,0.5851233553752851
2024.07.17,000034.SZ,0.031009965926605914
2024.07.17,000048.SZ,0.14977267823076726
2024.07.17,600009.SH,0.020929128576790766
2024.07.17,600029.SH,0.0010700097876264665
2024.07.17,000049.SZ,0.08607363741523792
2024.07.17,000011.SZ,0.027697763638325556
2024.07.17,600036.SH,0.18373491510075715
2024.07.17,000015.SZ,0.0054958553627845515
2024.07.17,000013.SZ,0.11432265433932261
2024.07.17,000031.SZ,0.28788874621196614
2024.07.17,600033.SH,0.01680634561521293
2024.07.17,000006.SZ,0.045966832290224004
2024.07.17,600003.SH,0.1297048936317092
2024.07.17,600019.SH,0.05466512514916939
2024.07.17,000032.SZ,0.27991666888931765
2024.07.17,000036.SZ,0.012354589529373919
2024.07.17,600035.SH,0.07264219997862585
2024.07.17,000002.SZ,0.006169256104784313
2024.07.17,600039.SH,0.14784227985811083
2024.07.17,600000.SH,0.05428389352533655
2024.07.17,600031.SH,0.19160184147252954
2024.07.17,600013.SH,0.08632772612998614
2024.07.17,000028.SZ,0.08521136692101128
2024.07.17,600005.SH,0.04638390123798804
2024.07.17,600038.SH,0.035716874193008605
2024.07.17,600049.SH,0.011966823338171175
2024.07.17,000030.SZ,0.055308999058408234
2024.07.17,600046.SH,0.03279280032911346
2024.07.17,000046.SZ,0.23502468082328148
2024.07.17,600040.SH,0.2637229335481451
2024.07.17,000040.SZ,0.2108582441897274
2024.07.17,000003.SZ,0.11611070499077862
2024.07.17,000025.SZ,0.13235016491212193
2024.07.17,000001.SZ,0.107252085970244
2024.07.17,000044.SZ,0.05310229021847248
2024.07.17,600017.SH,0.023527369709121625
2024.07.17,600037.SH,0.20163542588883276
2024.07.17,000022.SZ,0.14895691487297286
2024.07.17,000027.SZ,0.04125259976765213
2024.07.17,000023.SZ,0.057460415867457065
2024.07.17,000033.SZ,0.24401886468315473
2024.07.17,600022.SH,0.04643641237668918
2024.07.17,000020.SZ,0.07520950140180425
2024.07.17,000043.SZ,0.10781867355799553
2024.07.17,600012.SH,0.07297011396240942
2024.07.17,600028.SH,0.06542823408773935
2024.07.17,600048.SH,0.10799029036244276
2024.07.17,000014.SZ,0.1690980954674193
2024.07.17,600011.SH,0.12442896221612336
2024.07.17,600026.SH,0.3220948364762995
2024.07.17,600010.SH,0.535819238052626
2024.07.17,000038.SZ,0.003957608760152817
2024.07.17,600008.SH,0.1413084517345544
2024.07.17,000035.SZ,0.03984226836056809
2024.07.17,000016.SZ,0.08912712900866818
2024.07.17,600027.SH,0.018368195480941523
2024.07.17,000037.SZ,0.06353516748898765
2024.07.17,600021.SH,0.04604660676554207
2024.07.17,000050.SZ,0.1217125961795655
2024.07.17,000021.SZ,0.19449018959759537
2024.07.17,000024.SZ,0.004960609499991686
2024.07.17,000045.SZ,0.002702754107754491
2024.07.17,600007.SH,0.21650557976716295
2024.07.17,600045.SH,0.05598238087397091
2024.07.17,000017.SZ,0.10745940847715224
2024.07.17,600016.SH,0.034683887714455894
2024.07.17,600024.SH,0.09763371323311516
2024.07.17,000029.SZ,0.04654376879962101
2024.07.17,600042.SH,0.05140702966655528
2024.07.17,600001.SH,0.03877708031809556
2024.07.17,000009.SZ,0.14862995483630256
2024.07.17,000005.SZ,0.013645288423688397
2024.07.18,600028.SH,0.008012331573147657
2024.07.18,600039.SH,0.08335926885459709
2024.07.18,000019.SZ,0.09001712625218142
2024.07.18,600014.SH,0.08578751306062701
2024.07.18,600032.SH,0.02281891897156662
2024.07.18,600038.SH,0.13432737643108664
2024.07.18,000013.SZ,0.11673711505725323
2024.07.18,600035.SH,0.24655795496448937
2024.07.18,600011.SH,0.21174667401328806
2024.07.18,000034.SZ,0.38311751509371017
2024.07.18,600012.SH,0.18041753316750808
2024.07.18,000024.SZ,0.04738920118894811
2024.07.18,000043.SZ,0.06889742974634085
2024.07.18,600025.SH,0.010063069835967607
2024.07.18,600026.SH,0.34182805122852233
2024.07.18,000007.SZ,0.04861893683528056
2024.07.18,600043.SH,0.27405422124089934
2024.07.18,000015.SZ,0.24415551337123023
2024.07.18,600016.SH,0.07921750773589034
2024.07.18,000014.SZ,0.10039687317596713
2024.07.18,000038.SZ,0.06634642961501812
2024.07.18,600009.SH,0.0033087618669746743
2024.07.18,600000.SH,0.2132449183591381
2024.07.18,000036.SZ,0.10149216520058474
2024.07.18,000040.SZ,0.06652603428592568
2024.07.18,600041.SH,0.0292567487554887
2024.07.18,000029.SZ,0.03985469034354258
2024.07.18,600042.SH,0.019233657602895558
2024.07.18,000049.SZ,0.22180330129097797
2024.07.18,000050.SZ,0.003170470600862716
2024.07.18,000035.SZ,0.008533059557080452
2024.07.18,600010.SH,0.01999994057628521
2024.07.18,600023.SH,0.08540499074823317
2024.07.18,000039.SZ,0.08499136628579441
2024.07.18,600005.SH,0.08820090188853505
2024.07.18,600022.SH,0.0059320305087410315
2024.07.18,000008.SZ,0.059243899577942224
2024.07.18,000001.SZ,0.3670920299259421
2024.07.18,600002.SH,0.04590909946412649
2024.07.18,000005.SZ,0.09639015895167403
2024.07.18,600006.SH,0.07630736581985138
2024.07.18,600017.SH,0.2382049915078584
2024.07.18,600037.SH,0.1424486161182103
2024.07.18,000020.SZ,0.034094859253681345
2024.07.18,000025.SZ,0.06649363184946563
2024.07.18,000047.SZ,0.00017720519186509043
2024.07.18,600048.SH,0.04371059349415963
2024.07.18,000033.SZ,0.26656578551808624
2024.07.18,600013.SH,0.20889254905418406
2024.07.18,000009.SZ,0.030076670810892384
2024.07.18,600045.SH,2.1717997044571236e-05
2024.07.18,000037.SZ,0.06419058965952314
2024.07.18,600003.SH,0.01087978294069362
2024.07.18,000027.SZ,0.19396932004379297
2024.07.18,600021.SH,0.031110796658434525
2024.07.18,000030.SZ,0.06995522768424026
2024.07.18,600019.SH,0.029773943190143776
2024.07.18,600018.SH,0.09432241263488368
2024.07.18,000016.SZ,0.19270209111422576
2024.07.18,000048.SZ,0.047169135858442644
2024.07.18,000026.SZ,0.02790152770407012
2024.07.18,600030.SH,0.012837984169253172
2024.07.18,000002.SZ,0.029986539975041276
2024.07.18,600044.SH,0.32372476626113705
2024.07.18,000018.SZ,0.011716269377334882
2024.07.18,600029.SH,0.05376686365845325
2024.07.18,000011.SZ,0.0018626613513366107
2024.07.18,000041.SZ,0.15838104220303773
2024.07.18,600008.SH,0.024238447669917656
2024.07.18,600004.SH,0.18559169443966178
2024.07.18,600034.SH,0.09125520356805578
2024.07.18,600040.SH,0.12756329688809592
2024.07.18,000017.SZ,0.17112483070022788
2024.07.18,000012.SZ,0.13167731829559537
2024.07.18,000010.SZ,0.2434018969238713
2024.07.18,000028.SZ,0.03605415624601806
2024.07.18,000042.SZ,0.3014415408663223
2024.07.18,600031.SH,0.17614064173205
2024.07.18,600001.SH,0.03826501505137874
2024.07.18,600007.SH,0.13875731763040963
2024.07.18,000023.SZ,0.17492011984752087
2024.07.18,000032.SZ,0.08429951918494774
2024.07.18,600027.SH,0.07908777282289155
2024.07.18,000031.SZ,0.041899126811115385
2024.07.18,000044.SZ,0.005597593361373978
2024.07.18,000046.SZ,0.13029787677568125
2024.07.18,000006.SZ,0.020876260713301013
2024.07.18,000045.SZ,0.3421244580446807
2024.07.18,600024.SH,0.36390948260068673
2024.07.18,600015.SH,0.12035509193488608
2024.07.18,600049.SH,0.14429492749561998
2024.07.18,000022.SZ,0.07236949680460429
2024.07.18,600020.SH,0.014330821072492105
2024.07.18,600046.SH,0.28388938275233916
2024.07.18,000003.SZ,0.025317551227701938
2024.07.18,600036.SH,0.00033372147777867224
2024.07.18,000021.SZ,0.3122599837545569
2024.07.19,600004.SH,0.0663396905502672
2024.07.19,000002.SZ,0.09909591685538884
2024.07.19,600042.SH,0.13988089540833226
2024.07.19,000042.SZ,0.02590034940119332
2024.07.19,600014.SH,0.00795453329727842
2024.07.19,000047.SZ,0.021916925836412384
2024.07.19,000020.SZ,0.07950479964932859
2024.07.19,000027.SZ,0.031510717115365634
2024.07.19,600024.SH,0.22401004048463985
2024.07.19,600005.SH,0.0432790382018117
2024.07.19,000049.SZ,0.13248901799315627
2024.07.19,600030.SH,0.19507525414664179
2024.07.19,000050.SZ,0.06860813100277202
2024.07.19,000017.SZ,0.05500612801644244
2024.07.19,600027.SH,0.004393901175825092
2024.07.19,000025.SZ,0.22311224544211358
2024.07.19,600041.SH,0.05695794265068003
2024.07.19,600015.SH,0.08160570828951463
2024.07.19,000003.SZ,0.02676740906600667
2024.07.19,600036.SH,0.14579140346108094
2024.07.19,000034.SZ,0.04264639870730293
2024.07.19,600031.SH,0.14630626347482703
2024.07.19,600035.SH,0.00010313920385115728
2024.07.19,000004.SZ,0.09842635622735132
2024.07.19,000007.SZ,0.2709842471570917
2024.07.19,600049.SH,0.07259909627394392
2024.07.19,000040.SZ,0.17202724226869365
2024.07.19,000041.SZ,0.11369641662724009
2024.07.19,600007.SH,0.06122775698281277
2024.07.19,600044.SH,0.10884207132702058
2024.07.19,600046.SH,0.13333425707022575
2024.07.19,600020.SH,0.24594386489456108
2024.07.19,000023.SZ,0.06389260522040782
2024.07.19,600022.SH,0.11398848505146501
2024.07.19,600038.SH,0.016971023335970208
2024.07.19,600040.SH,0.10160926612106404
2024.07.19,000044.SZ,0.496951715185464
2024.07.19,000035.SZ,0.11272776372017229
2024.07.19,600033.SH,0.012018923692581665
2024.07.19,600048.SH,0.02997933295923577
2024.07.19,600013.SH,0.1337865637877754
2024.07.19,600037.SH,0.04365383879129329
2024.07.19,600028.SH,0.03091339313071881
2024.07.19,600039.SH,0.14320657122150268
2024.07.19,000033.SZ,0.14417613092475315
2024.07.19,000006.SZ,0.66846711185415
2024.07.19,000012.SZ,0.02103640375031675
2024.07.19,000028.SZ,0.08876806686798888
2024.07.19,600001.SH,0.025872022747827295
2024.07.19,600032.SH,0.11790392168406288
2024.07.19,000015.SZ,0.07603154913767746
2024.07.19,000022.SZ,0.05314135321466695
2024.07.19,600025.SH,0.15178870659609314
2024.07.19,000005.SZ,0.16945072035202996
2024.07.19,000024.SZ,0.03312184829562379
2024.07.19,000038.SZ,0.035198531902403456
2024.07.19,000013.SZ,0.02736442339107626
2024.07.19,600012.SH,0.05494374561667968
2024.07.19,000037.SZ,0.17934669976106593
2024.07.19,600008.SH,0.022810179745663347
2024.07.19,600029.SH,0.00266875374498351
2024.07.19,600003.SH,0.42615315207757887
2024.07.19,000019.SZ,0.06085012106328562
2024.07.19,000018.SZ,0.00031379927629326374
2024.07.19,600016.SH,0.23686440052463253
2024.07.19,600043.SH,0.014939437781702314
2024.07.19,000021.SZ,0.21451601416547755
2024.07.19,600045.SH,0.10026115993167928
2024.07.19,600009.SH,0.11722034395935149
2024.07.19,600023.SH,0.23066458425984412
2024.07.19,000011.SZ,0.05480830141382186
2024.07.19,000046.SZ,0.0019114960198221033
2024.07.19,600002.SH,0.055460547390330926
2024.07.19,600021.SH,0.03576192337922489
2024.07.19,000048.SZ,0.10373493830285085
2024.07.19,000043.SZ,0.16404235857507143
2024.07.19,600010.SH,0.2079606915795976
2024.07.19,600018.SH,0.1332927986917632
2024.07.19,600026.SH,0.04121556518903936
2024.07.19,000030.SZ,0.23736430150671262
2024.07.19,000026.SZ,0.29457311948407594
2024.07.19,600000.SH,0.006870226534038143
2024.07.19,000008.SZ,0.25316861217046005
2024.07.19,600011.SH,0.12132971979372514
2024.07.19,600034.SH,0.07786350931654472
2024.07.19,600019.SH,0.32383658786069586
2024.07.19,000001.SZ,0.020814693994727372
2024.07.19,000014.SZ,0.10818098253496088
2024.07.19,600047.SH,0.10250608940290196
2024.07.19,600017.SH,0.011252829300994725
2024.07.19,000036.SZ,0.0834712043886208
2024.07.19,000029.SZ,0.034986668543967675
2024.07.19,600006.SH,0.03569007843293678
2024.07.19,000009.SZ,0.16267784570448748
2024.07.19,000032.SZ,0.09194562153831495
2024.07.19,000039.SZ,0.07206999421351121
2024.07.22,000009.SZ,0.0010091153748005423
2024.07.22,600026.SH,0.0032881277445475183
2024.07.22,600027.SH,0.3519176766913915
2024.07.22,000046.SZ,0.08186442018602444
2024.07.22,600000.SH,0.12392822390614325
2024.07.22,600038.SH,0.21471831832671157
2024.07.22,000025.SZ,0.08108130618899018
2024.07.22,600012.SH,0.022303543620367215
2024.07.22,000034.SZ,0.16641279331665654
2024.07.22,600020.SH,0.12179057578465566
2024.07.22,000003.SZ,0.20511344899360023
2024.07.22,000043.SZ,0.36331874346747534
2024.07.22,000026.SZ,0.00820154724075707
2024.07.22,000017.SZ,0.0033032054775958956
2024.07.22,600018.SH,0.48683762385248874
2024.07.22,000029.SZ,0.18303179007776868
2024.07.22,600039.SH,0.3301880708268033
2024.07.22,600009.SH,0.013931971167936442
2024.07.22,600029.SH,0.17774547467619406
2024.07.22,600008.SH,0.3352239634992948
2024.07.22,000036.SZ,0.5313484282177257
2024.07.22,000049.SZ,0.22090187968135863
2024.07.22,000006.SZ,0.25111898193336885
2024.07.22,600040.SH,0.15244860987562736
2024.07.22,000024.SZ,0.018915469264812346
2024.07.22,000020.SZ,0.1311123812574159
2024.07.22,600033.SH,0.07354900594223648
2024.07.22,600004.SH,0.0561665551494806
2024.07.22,000040.SZ,0.0656308109512073
2024.07.22,000021.SZ,0.019867069548071183
2024.07.22,600047.SH,0.16906314688026164
2024.07.22,000048.SZ,0.0061134405955784185
2024.07.22,000031.SZ,0.22967492906149564
2024.07.22,000010.SZ,0.006924578805180122
2024.07.22,600031.SH,0.055721824387485616
2024.07.22,600036.SH,0.0745946718723791
2024.07.22,600001.SH,0.1985349800517713
2024.07.22,000023.SZ,0.16248890586507234
2024.07.22,600021.SH,0.3907268429606499
2024.07.22,000028.SZ,0.03423027665847563
2024.07.22,600017.SH,0.04178192807961502
2024.07.22,000032.SZ,0.02713131397533604
2024.07.22,600025.SH,0.03617224620543187
2024.07.22,000027.SZ,0.20290155309206073
2024.07.22,600003.SH,0.07610238283673353
2024.07.22,600032.SH,0.17214006327707307
2024.07.22,600044.SH,0.03942720866255393
2024.07.22,600006.SH,0.017218830848974357
2024.07.22,000013.SZ,0.0917504668003185
2024.07.22,600023.SH,0.022199974288891033
2024.07.22,600007.SH,0.10999392913447349
2024.07.22,600022.SH,0.05291271560009833
2024.07.22,600043.SH,0.057529714381686387
2024.07.22,600042.SH,0.1946381388057012
2024.07.22,000042.SZ,0.08695587370631974
2024.07.22,000012.SZ,0.01517341055202857
2024.07.22,000038.SZ,0.051581133101153
2024.07.22,000016.SZ,0.06636929594221028
2024.07.22,000035.SZ,0.10434230402967098
2024.07.22,600015.SH,0.48451149759220785
2024.07.22,600041.SH,0.008268851589827179
2024.07.22,600048.SH,0.12897546900734483
2024.07.22,000018.SZ,0.22699531214702506
2024.07.22,000022.SZ,0.014895591092277786
2024.07.22,000007.SZ,0.2547363366256058
2024.07.22,000030.SZ,0.045156195621125696
2024.07.22,600024.SH,0.0030055547275354946
2024.07.22,000045.SZ,0.2455937538835347
2024.07.22,600011.SH,0.16532282020638353
2024.07.22,600005.SH,0.03051247555049623
2024.07.22,000037.SZ,0.07419071093021243
2024.07.22,600045.SH,0.03290924449767084
2024.07.22,000015.SZ,0.1258705911819825
2024.07.22,600016.SH,0.09456370587039437
2024.07.22,000014.SZ,0.024874355579883226
2024.07.22,000011.SZ,0.07617076852737159
2024.07.22,000047.SZ,0.2033317580624189
2024.07.22,600010.SH,0.025892228573096993
2024.07.22,600013.SH,0.06417953832721983
2024.07.22,600034.SH,0.053157964521011354
2024.07.22,000001.SZ,0.2987080281705667
2024.07.22,600046.SH,0.003392623970553905
2024.07.22,600030.SH,0.19484465627139452
2024.07.22,000041.SZ,0.028789751451030816
2024.07.22,000002.SZ,0.00481486194554847
2024.07.22,000033.SZ,0.052703305821463486
2024.07.22,600035.SH,0.07244733921928014
2024.07.22,000050.SZ,0.29036564861599373
2024.07.22,000044.SZ,0.02161354231798974
2024.07.22,000004.SZ,0.4587267652392439
2024.07.22,600014.SH,0.1491987647718648
2024.07.22,000005.SZ,0.012120200905884403
2024.07.22,600019.SH,0.21413116174528313
2024.07.22,600037.SH,0.08420653635113373
2024.07.22,000008.SZ,0.38750441363533683
2024.07.22,600002.SH,0.015367505202455488
2024.07.23,600049.SH,0.01788899416879731
2024.07.23,600015.SH,0.3003786693993215
2024.07.23,000034.SZ,0.0919524511200932
2024.07.23,000045.SZ,0.01606179593827168
2024.07.23,000025.SZ,0.07279044150760824
2024.07.23,000007.SZ,0.42658161248491644
2024.07.23,600008.SH,0.05888286814141845
2024.07.23,600026.SH,0.012483584714661353
2024.07.23,600019.SH,0.46941202680043415
2024.07.23,000037.SZ,0.3477733027200042
2024.07.23,000008.SZ,0.10147646751606378
2024.07.23,600032.SH,0.08177401511219845
2024.07.23,000038.SZ,0.11213437953059142
2024.07.23,000036.SZ,0.06368313660067798
2024.07.23,600041.SH,0.10070907756607829
2024.07.23,000040.SZ,0.31498834893352307
2024.07.23,000022.SZ,0.11199966531616144
2024.07.23,600009.SH,0.034481006187945556
2024.07.23,000032.SZ,0.001605978107581398
2024.07.23,600035.SH,0.09357081613292832
2024.07.23,600025.SH,0.13883487977932274
2024.07.23,000027.SZ,0.2944019242230356
2024.07.23,600011.SH,0.05225086442871903
2024.07.23,000010.SZ,0.12224584479160688
2024.07.23,600027.SH,0.04361130266029485
2024.07.23,600010.SH,0.09209129247180006
2024.07.23,000021.SZ,0.1816063764487438
2024.07.23,000017.SZ,0.14505962426123534
2024.07.23,000014.SZ,0.07338894678795227
2024.07.23,000024.SZ,0.11493988470922818
2024.07.23,000033.SZ,0.11721521820870195
2024.07.23,000028.SZ,0.03805725540771089
2024.07.23,600036.SH,0.0335228279493794
2024.07.23,000002.SZ,0.16063168940447403
2024.07.23,600014.SH,0.22672469588446767
2024.07.23,600016.SH,0.14365690225243274
2024.07.23,000048.SZ,0.508624302430335
2024.07.23,600001.SH,0.16557419856246683
2024.07.23,000019.SZ,0.031456879496472016
2024.07.23,600018.SH,0.3417920629409743
2024.07.23,000016.SZ,0.1603933114093383
2024.07.23,000031.SZ,0.03401060605265614
2024.07.23,600006.SH,0.06526933047512447
2024.07.23,000047.SZ,0.04482627681406382
2024.07.23,600004.SH,0.008205407665287687
2024.07.23,600005.SH,0.3776156495626805
2024.07.23,000030.SZ,0.032441057407808
2024.07.23,000004.SZ,0.08149059901838134
2024.07.23,000003.SZ,0.009618494889382063
2024.07.23,600038.SH,0.06624678274251206
2024.07.23,000046.SZ,0.09691432297340147
2024.07.23,600044.SH,0.1307602610180437
2024.07.23,600040.SH,0.21469306213628825
2024.07.23,600013.SH,0.011561027540578521
2024.07.23,600029.SH,0.0018442870484028473
2024.07.23,600003.SH,0.09098306700564278
2024.07.23,600045.SH,0.05379893389013883
2024.07.23,000029.SZ,0.3472638410875891
2024.07.23,600031.SH,0.13462358275139324
2024.07.23,000018.SZ,0.027624404011553347
2024.07.23,600033.SH,0.024887590740129542
2024.07.23,000015.SZ,0.2509554652562486
2024.07.23,600047.SH,0.008172281848383168
2024.07.23,000013.SZ,0.16003208564248536
2024.07.23,600021.SH,0.3384392657345706
2024.07.23,600042.SH,0.05061877144479982
2024.07.23,600048.SH,0.1788423510717478
2024.07.23,600002.SH,0.28441901759741384
2024.07.23,000020.SZ,0.18219542154450039
2024.07.23,600024.SH,0.08744113558037091
2024.07.23,600043.SH,0.11018862810232517
2024.07.23,000001.SZ,0.19612111399096624
2024.07.23,000039.SZ,0.20866968531874996
2024.07.23,600039.SH,0.09810472581676398
2024.07.23,000044.SZ,0.01843525926683723
2024.07.23,600034.SH,0.4832589159775623
2024.07.23,000012.SZ,0.031924858436289984
2024.07.23,000042.SZ,0.019197259013940173
2024.07.23,600046.SH,0.10161379071123489
2024.07.23,000049.SZ,0.006596689474277904
2024.07.23,600028.SH,0.0797120358268504
2024.07.23,000005.SZ,0.16349697215703368
2024.07.23,000035.SZ,0.11390177937380146
2024.07.23,600012.SH,0.4027876909588774
2024.07.23,600017.SH,0.25854019318188004
2024.07.23,600037.SH,0.21837086398747307
2024.07.23,600000.SH,0.20726122151077975
2024.07.23,000043.SZ,0.12886407461548732
2024.07.23,600023.SH,0.035765184019938855
2024.07.23,000050.SZ,0.004837073632729583
2024.07.23,000041.SZ,0.5274675021698744
2024.07.23,000006.SZ,0.10918148382063877
2024.07.23,000009.SZ,0.1467225101890343
2024.07.23,000023.SZ,0.257639441764585
2024.07.23,600022.SH,0.1792324831883595
2024.07.23,600007.SH,0.14996337674942103
2024.07.24,600033.SH,0.3170687203734554
2024.07.24,000029.SZ,0.012896108817567621
2024.07.24,000037.SZ,0.0832852344951522
2024.07.24,600007.SH,0.136440111918094
2024.07.24,600001.SH,0.14346407438249542
2024.07.24,000005.SZ,0.0652773025176819
2024.07.24,000006.SZ,0.2890997407348627
2024.07.24,600016.SH,0.10823523309439398
2024.07.24,000016.SZ,0.09523159478061034
2024.07.24,600018.SH,0.19498596647454355
2024.07.24,000022.SZ,0.019661947014342204
2024.07.24,000021.SZ,0.032014782265205766
2024.07.24,000010.SZ,0.06645302013528769
2024.07.24,600012.SH,0.08716872281825767
2024.07.24,000015.SZ,0.14412302940829952
2024.07.24,600044.SH,0.13630648868224524
2024.07.24,000024.SZ,0.08336429642365019
2024.07.24,600034.SH,0.06661157987817883
2024.07.24,000002.SZ,0.028541063939886438
2024.07.24,600028.SH,0.08463775945731537
2024.07.24,600002.SH,0.046267024776829924
2024.07.24,600005.SH,0.024071782285914684
2024.07.24,600006.SH,0.005213033788823966
2024.07.24,600046.SH,0.10552368061651617
2024.07.24,600040.SH,0.23287209604279663
2024.07.24,000046.SZ,0.19932229231260165
2024.07.24,000036.SZ,0.17197711742575747
2024.07.24,000023.SZ,0.0989864696313291
2024.07.24,000028.SZ,0.24670591428305777
2024.07.24,600042.SH,0.016200358867572665
2024.07.24,600036.SH,0.01115652277387473
2024.07.24,600003.SH,0.010269521910950187
2024.07.24,000031.SZ,0.06983516656197732
2024.07.24,600017.SH,0.01612570844464194
2024.07.24,000034.SZ,0.08700306419558095
2024.07.24,000008.SZ,0.07466686817035113
2024.07.24,600041.SH,0.12074790847099777
2024.07.24,000030.SZ,0.10184789862321447
2024.07.24,000027.SZ,0.12247619863988111
2024.07.24,600047.SH,0.03341270128968645
2024.07.24,600039.SH,0.05019805255015745
2024.07.24,000019.SZ,0.1787649033364544
2024.07.24,600030.SH,0.10743019937456644
2024.07.24,600026.SH,0.07399098281002235
2024.07.24,600025.SH,0.3160843494921124
2024.07.24,600049.SH,0.020917466254308122
2024.07.24,000049.SZ,0.3193883319875979
2024.07.24,600021.SH,0.000716591891516178
2024.07.24,600029.SH,0.04131681833757715
2024.07.24,000044.SZ,0.010004978486831075
2024.07.24,000045.SZ,0.2243332765115438
2024.07.24,600037.SH,0.02087436931618907
2024.07.24,000012.SZ,0.006009781077550156
2024.07.24,000026.SZ,0.32733392479785917
2024.07.24,000048.SZ,0.21310424941354847
2024.07.24,000007.SZ,0.15391355061978096
2024.07.24,000017.SZ,0.11423729631420301
2024.07.24,000013.SZ,0.1363506276735319
2024.07.24,600038.SH,0.15143676275461682
2024.07.24,600027.SH,0.06528654561141173
2024.07.24,000035.SZ,0.4130704364086127
2024.07.24,000004.SZ,0.14439707994613032
2024.07.24,600020.SH,0.05697611965807999
2024.07.24,600019.SH,0.14289350204686319
2024.07.24,600024.SH,0.4080609896594039
2024.07.24,000020.SZ,0.03212110873970185
2024.07.24,600009.SH,0.006049472992409115
2024.07.24,600015.SH,0.11451529302278685
2024.07.24,000043.SZ,0.029489611141338936
2024.07.24,000038.SZ,0.1793492604344759
2024.07.24,000032.SZ,0.18946651921274213
2024.07.24,600032.SH,0.1727279977899291
2024.07.24,000018.SZ,0.033884548584049316
2024.07.24,000042.SZ,0.23810418134604588
2024.07.24,600010.SH,0.25976327977314484
2024.07.24,000009.SZ,0.3295509433715776
2024.07.24,000040.SZ,0.16214762010882053
2024.07.24,000011.SZ,0.1865769763909726
2024.07.24,000039.SZ,0.0050903018937794595
2024.07.24,600023.SH,0.3933893895906765
2024.07.24,000047.SZ,0.06583568400586623
2024.07.24,000025.SZ,0.14519243777756677
2024.07.24,600048.SH,0.07813448002965644
2024.07.24,000050.SZ,0.052558821316656866
2024.07.24,600008.SH,0.3790419527186069
2024.07.24,600043.SH,0.05820843992561317
2024.07.24,600013.SH,0.03909468500745619
2024.07.24,000001.SZ,0.0880692281848889
2024.07.24,600035.SH,0.01066821656598335
2024.07.24,600000.SH,0.009181336315769966
2024.07.24,600045.SH,0.08818985841795592
2024.07.24,600031.SH,0.11233242277278183
2024.07.24,000014.SZ,0.22609275127620745
2024.07.24,600011.SH,0.07512443616079786
2024.07.24,600014.SH,0.10052737718899972
2024.07.24,600004.SH,0.26350025151070994
2024.07.24,000033.SZ,0.27522871340513155
2024.07.24,000003.SZ,0.029529701130834713
2024.07.25,600034.SH,0.5486899303916817
2024.07.25,000047.SZ,0.11282223729004903
2024.07.25,000033.SZ,0.04951792993385784
2024.07.25,600007.SH,0.15425531864805328
2024.07.25,000042.SZ,0.005704919953778287
2024.07.25,000023.SZ,0.17466210527234116
2024.07.25,000002.SZ,0.09580561825554416
2024.07.25,000038.SZ,0.06675030456564375
2024.07.25,600000.SH,0.14951132454817334
2024.07.25,600047.SH,0.048365707627997495
2024.07.25,000004.SZ,0.14553367570924633
2024.07.25,600028.SH,0.2443271355377546
2024.07.25,600029.SH,0.02248505309292583
2024.07.25,600010.SH,0.057083239990973596
2024.07.25,000019.SZ,0.17661479484422643
2024.07.25,600043.SH,0.01340947761385071
2024.07.25,600044.SH,0.03130408343470169
2024.07.25,000028.SZ,0.05857166202312083
2024.07.25,600009.SH,0.035021971588519815
2024.07.25,600024.SH,0.07253349572705055
2024.07.25,000024.SZ,0.1658035571592534
2024.07.25,000011.SZ,0.1873854046005886
2024.07.25,000026.SZ,0.38896180393668534
2024.07.25,600027.SH,0.05133490185430148
2024.07.25,000036.SZ,0.03201346908894297
2024.07.25,000048.SZ,0.024572661590805296
2024.07.25,600040.SH,0.05849281427691366
2024.07.25,000003.SZ,0.06674997521330181
2024.07.25,000044.SZ,0.24582087885138182
2024.07.25,000009.SZ,0.06242670833633128
2024.07.25,000005.SZ,0.017123924697462756
2024.07.25,000031.SZ,0.03683813317617936
2024.07.25,600030.SH,0.0015264333346411854
2024.07.25,000027.SZ,0.16535935997301077
2024.07.25,600005.SH,0.03080954449299163
2024.07.25,600022.SH,0.0015395773397051996
2024.07.25,600046.SH,0.028927339324923765
2024.07.25,000025.SZ,0.09485021292381639
2024.07.25,600049.SH,0.05363598683669825
2024.07.25,600001.SH,0.11351268746557044
2024.07.25,600035.SH,0.0678468140866689
2024.07.25,600020.SH,0.05140393447300263
2024.07.25,000029.SZ,0.09566887790593483
2024.07.25,600048.SH,0.18387583437706856
2024.07.25,600014.SH,0.012391749790584173
2024.07.25,000032.SZ,0.049078431285760137
2024.07.25,000035.SZ,0.023793208227425554
2024.07.25,600006.SH,0.22619751483405062
2024.07.25,000039.SZ,0.0501000306473802
2024.07.25,600015.SH,0.10613038265640122
2024.07.25,000018.SZ,0.041077014939251366
2024.07.25,600002.SH,0.022039668799357624
2024.07.25,000015.SZ,0.020944867237903623
2024.07.25,000016.SZ,0.08710679543951383
2024.07.25,000030.SZ,0.03457217039445293
2024.07.25,600042.SH,0.08162045923392089
2024.07.25,600033.SH,0.13314615901879936
2024.07.25,600021.SH,0.06350742210075744
2024.07.25,600023.SH,0.036396163672725544
2024.07.25,600037.SH,0.09601059254325629
2024.07.25,000008.SZ,0.03379820137869336
2024.07.25,600039.SH,0.1745108692814466
2024.07.25,000037.SZ,0.029755626610625568
2024.07.25,000013.SZ,0.10795860343558603
2024.07.25,000014.SZ,0.15426888184229168
2024.07.25,000050.SZ,0.7167162284384586
2024.07.25,000020.SZ,0.07196593891931752
2024.07.25,000049.SZ,0.23020653787990755
2024.07.25,000022.SZ,0.04370952582785566
2024.07.25,000007.SZ,0.0016018156636817171
2024.07.25,600017.SH,0.0030364521514359122
2024.07.25,600041.SH,0.07175355955419421
2024.07.25,000043.SZ,0.0860359556639471
2024.07.25,000012.SZ,0.06429279320774403
2024.07.25,600004.SH,0.03683066866418621
2024.07.25,600036.SH,0.10396466807232946
2024.07.25,600045.SH,0.017832090791764666
2024.07.25,600025.SH,0.2693570722200026
2024.07.25,000017.SZ,0.025442810078262785
2024.07.25,600003.SH,0.2781284436987237
2024.07.25,000040.SZ,0.13826928103622174
2024.07.25,600018.SH,0.08046077854603596
2024.07.25,600038.SH,0.004467238148265422
2024.07.25,000021.SZ,0.13078646469310887
2024.07.25,000006.SZ,0.12176582995186819
2024.07.25,600026.SH,0.008746626382138991
2024.07.25,000041.SZ,0.33800392182536126
2024.07.25,000045.SZ,0.06274774010362148
2024.07.25,000001.SZ,0.0016544383391951282
2024.07.25,600031.SH,0.09282234331711292
2024.07.25,000034.SZ,0.1285456247029124
2024.07.25,600032.SH,0.22347496370073158
2024.07.25,600011.SH,0.17644799052337126
2024.07.25,600012.SH,0.12483954837530649
2024.07.25,600013.SH,0.042109977932716446
2024.07.25,000046.SZ,0.001005797585641836
2024.07.25,600019.SH,0.03800196957686686
2024.07.25,600008.SH,0.05185749482718329
2024.07.26,600012.SH,0.03046320062606437
2024.07.26,600003.SH,0.1254972454516782
2024.07.26,000004.SZ,0.04775088216604158
2024.07.26,600027.SH,0.21085820174968287
2024.07.26,600025.SH,0.1434108678138247
2024.07.26,600030.SH,0.24531799029267964
2024.07.26,600004.SH,0.11390413680653398
2024.07.26,000039.SZ,0.20608087202776795
2024.07.26,000002.SZ,0.014305948574253307
2024.07.26,000025.SZ,0.035196107512346246
2024.07.26,600023.SH,0.06650433568884143
2024.07.26,000031.SZ,0.0020486955743435377
2024.07.26,600038.SH,0.4203237045709634
2024.07.26,600045.SH,0.10596717970742266
2024.07.26,000036.SZ,0.2397458314032358
2024.07.26,000024.SZ,0.01353209730227118
2024.07.26,600020.SH,0.059804818293182765
2024.07.26,000023.SZ,0.25549450052419187
2024.07.26,000009.SZ,0.046594487527322884
2024.07.26,000034.SZ,0.017434615278629276
2024.07.26,000033.SZ,0.11396923846440897
2024.07.26,600018.SH,0.0794138154957179
2024.07.26,600049.SH,0.022203067491888363
2024.07.26,000012.SZ,0.20974703225070768
2024.07.26,600015.SH,0.13523203686790916
2024.07.26,600005.SH,0.4947241825385932
2024.07.26,600013.SH,0.0384884328178151
2024.07.26,600037.SH,0.18198458830902742
2024.07.26,000007.SZ,0.22953415237397262
2024.07.26,600026.SH,0.20270883676647983
2024.07.26,000048.SZ,0.1081670132638166
2024.07.26,600022.SH,0.21460135508382186
2024.07.26,600041.SH,0.0690312147508484
2024.07.26,000050.SZ,0.061866000214563996
2024.07.26,000043.SZ,0.039168405499244906
2024.07.26,000020.SZ,0.14726456908295535
2024.07.26,000006.SZ,0.6823527231293469
2024.07.26,000045.SZ,0.10350541083006166
2024.07.26,600032.SH,0.06024011813757435
2024.07.26,000001.SZ,0.004473238935030764
2024.07.26,600011.SH,0.05358333008920978
2024.07.26,000015.SZ,0.03899111072381361
2024.07.26,600039.SH,0.21112706705945866
2024.07.26,600016.SH,0.10550778264177896
2024.07.26,000013.SZ,0.019276454594861596
2024.07.26,600044.SH,0.12027033243291979
2024.07.26,000030.SZ,0.100189566301081
2024.07.26,000018.SZ,0.00412376646538431
2024.07.26,000014.SZ,0.011929622951643067
2024.07.26,000041.SZ,0.21374026687849132
2024.07.26,600002.SH,0.010001380506319608
2024.07.26,600006.SH,0.017614197751591818
2024.07.26,000047.SZ,0.10547536512021893
2024.07.26,600001.SH,0.2740891301108105
2024.07.26,000049.SZ,0.03650515545285389
2024.07.26,600000.SH,0.08974437145328504
2024.07.26,000042.SZ,0.13776490284074544
2024.07.26,000040.SZ,0.04539267123739822
2024.07.26,000027.SZ,0.17632313971352365
2024.07.26,600008.SH,0.20527998538327058
2024.07.26,000035.SZ,0.1006996414051566
2024.07.26,000010.SZ,0.3801054030970089
2024.07.26,000019.SZ,0.01800914249178893
2024.07.26,000026.SZ,0.18011344178228367
2024.07.26,000016.SZ,0.0398113501084923
2024.07.26,600007.SH,0.24292935804638685
2024.07.26,000032.SZ,0.09082759219864944
2024.07.26,600024.SH,0.11874028183719856
2024.07.26,600019.SH,0.010847691375440434
2024.07.26,000038.SZ,0.12810947362708802
2024.07.26,600036.SH,0.023819229581445688
2024.07.26,600047.SH,0.20783249632157547
2024.07.26,000003.SZ,0.12001279446818305
2024.07.26,600029.SH,0.03206662654357851
2024.07.26,000044.SZ,0.09223332508585677
2024.07.26,000046.SZ,0.19547234554235637
2024.07.26,600014.SH,0.07870286856119817
2024.07.26,600040.SH,0.27305063627060555
2024.07.26,600031.SH,0.07785106566163212
2024.07.26,600042.SH,0.0011828367734487844
2024.07.26,000011.SZ,0.1331732606009766
2024.07.26,600034.SH,0.03579452340371686
2024.07.26,000008.SZ,0.18030568039017772
2024.07.26,000017.SZ,0.05538383100804354
2024.07.26,600010.SH,0.2969385918086924
2024.07.26,000022.SZ,0.038244989608547074
2024.07.26,000005.SZ,0.1621719093762598
2024.07.26,600046.SH,0.15041716638469185
2024.07.26,600028.SH,0.03825372276996222
2024.07.26,000021.SZ,0.1613140019391438
2024.07.26,000029.SZ,0.011393357259181638
2024.07.26,600048.SH,0.05163353000070317
2024.07.26,600043.SH,0.22536812348795607
2024.07.26,600033.SH,0.013018856985194371
2024.07.26,600035.SH,0.13072667440526667
2024.07.26,600009.SH,0.009400679210186337
2024.07.26,000037.SZ,0.05333238576868204
2024.07.29,000044.SZ,0.06518150372648533
2024.07.29,000043.SZ,0.09117642483782044
2024.07.29,000034.SZ,0.04671988933146107
2024.07.29,600001.SH,0.19981430299878059
2024.07.29,600034.SH,0.0020731386081021415
2024.07.29,600004.SH,0.2073691446404514
2024.07.29,000027.SZ,0.20383409335776953
2024.07.29,600010.SH,0.0698567868807754
2024.07.29,000033.SZ,0.04244868688543762
2024.07.29,000038.SZ,0.41750096306929535
2024.07.29,000037.SZ,0.02419365759925296
2024.07.29,600015.SH,0.0091869427977024
2024.07.29,000042.SZ,0.05280687877955551
2024.07.29,600036.SH,0.06070089107101435
2024.07.29,000020.SZ,0.1807901374371619
2024.07.29,000019.SZ,0.042734901984929706
2024.07.29,000031.SZ,0.16238089518112878
2024.07.29,600044.SH,0.022629152227912522
2024.07.29,600023.SH,0.03245072364349577
2024.07.29,600026.SH,0.0508977238773839
2024.07.29,000049.SZ,0.1122470003707084
2024.07.29,000023.SZ,0.11579580198788632
2024.07.29,000011.SZ,0.10089447678519181
2024.07.29,600027.SH,0.07929665498937374
2024.07.29,600017.SH,0.32567995877689193
2024.07.29,600025.SH,0.06478676825735379
2024.07.29,000036.SZ,0.004627353990778384
2024.07.29,600016.SH,0.03771461688641908
2024.07.29,600014.SH,0.05170572259116375
2024.07.29,600037.SH,0.007948970511137727
2024.07.29,000009.SZ,0.11521282675817025
2024.07.29,600032.SH,0.1263258367325164
2024.07.29,000008.SZ,0.11632554406276036
2024.07.29,000015.SZ,0.0936362244173848
2024.07.29,600013.SH,0.01784073735275204
2024.07.29,600033.SH,0.10363164565450753
2024.07.29,000024.SZ,0.030707946569546472
2024.07.29,600024.SH,0.32937379623779767
2024.07.29,600028.SH,0.03435131368063965
2024.07.29,000004.SZ,0.010558777099876727
2024.07.29,600042.SH,0.07101499292318014
2024.07.29,600041.SH,0.022959276424879306
2024.07.29,000040.SZ,0.35634893038559784
2024.07.29,000006.SZ,0.17253124876450013
2024.07.29,000050.SZ,0.27716539862718037
2024.07.29,600029.SH,0.22253694723722994
2024.07.29,600006.SH,0.014235551511771053
2024.07.29,000048.SZ,0.07190153463568942
2024.07.29,000016.SZ,0.005396810777865284
2024.07.29,600031.SH,0.07628226454895318
2024.07.29,000047.SZ,0.19176553841689237
2024.07.29,000022.SZ,0.22906712871217125
2024.07.29,000046.SZ,0.028395387426193762
2024.07.29,000039.SZ,0.1085626650982498
2024.07.29,000041.SZ,0.000365886079132384
2024.07.29,000001.SZ,0.05132336144491549
2024.07.29,000010.SZ,0.07524326739419634
2024.07.29,000002.SZ,0.17008275572262505
2024.07.29,600049.SH,0.01418559845213171
2024.07.29,600046.SH,0.08990207838138652
2024.07.29,600008.SH,0.0003597075343289269
2024.07.29,600005.SH,0.17093809693014037
2024.07.29,600048.SH,0.1627113181938972
2024.07.29,600043.SH,0.03514569580393861
2024.07.29,000030.SZ,0.09573447202671201
2024.07.29,000028.SZ,0.20330820025712637
2024.07.29,600035.SH,0.047986022507542136
2024.07.29,000013.SZ,0.03229152193954357
2024.07.29,000025.SZ,0.06198390483192945
2024.07.29,600002.SH,0.20953094544221104
2024.07.29,600003.SH,0.3244415448825229
2024.07.29,600009.SH,0.5227226263408702
2024.07.29,000005.SZ,0.0021886651141302445
2024.07.29,600007.SH,0.018536377301983972
2024.07.29,000018.SZ,0.06335794791019611
2024.07.29,000032.SZ,0.10160077059711217
2024.07.29,600040.SH,0.034602496015599137
2024.07.29,600039.SH,0.13109650900826772
2024.07.29,000026.SZ,0.04206125307031658
2024.07.29,600045.SH,0.09388490078369546
2024.07.29,600019.SH,0.005972602660238621
2024.07.29,600047.SH,0.1218210454912559
2024.07.29,600020.SH,0.1119746426603779
2024.07.29,600011.SH,0.1027951035680861
2024.07.29,600021.SH,0.16476113014826735
2024.07.29,600012.SH,0.044629026445429924
2024.07.29,600030.SH,0.08241389077537822
2024.07.29,000014.SZ,0.10242998094794706
2024.07.29,000007.SZ,0.3500835647597691
2024.07.29,000017.SZ,0.13159446873659172
2024.07.29,600018.SH,0.1626884513203193
2024.07.29,000003.SZ,0.05271490103467151
2024.07.29,600022.SH,0.10758008745294209
2024.07.29,000045.SZ,0.09459462189827107
2024.07.29,000012.SZ,0.22976882224499703
2024.07.29,600038.SH,0.03765866371332809
2024.07.30,000010.SZ,0.20832860387417254
2024.07.30,600005.SH,0.012469924695727927
2024.07.30,000039.SZ,0.043957316888086066
2024.07.30,000048.SZ,0.07676929556869705
2024.07.30,000046.SZ,0.14253180576853133
2024.07.30,000015.SZ,0.01320164091844551
2024.07.30,600046.SH,0.25011247097056255
2024.07.30,600001.SH,0.061773890519419804
2024.07.30,600017.SH,0.3335281165263061
2024.07.30,600013.SH,0.07331395685465111
2024.07.30,000012.SZ,0.11787774366362633
2024.07.30,600006.SH,0.18543462892299709
2024.07.30,600035.SH,0.03743891184611506
2024.07.30,000002.SZ,0.12650768921049987
2024.07.30,600008.SH,0.09840560456534206
2024.07.30,600033.SH,0.011677643540926843
2024.07.30,000013.SZ,0.2016455944714007
2024.07.30,600027.SH,0.006056477265598027
2024.07.30,600012.SH,0.20939407245977396
2024.07.30,600044.SH,0.032543701450418315
2024.07.30,600020.SH,0.166429374935617
2024.07.30,000035.SZ,0.13029065192467768
2024.07.30,600011.SH,0.32984679231448083
2024.07.30,000023.SZ,0.09627265652683448
2024.07.30,000043.SZ,0.19206047181922015
2024.07.30,600023.SH,0.15265953189884648
2024.07.30,000016.SZ,0.023948356248335217
2024.07.30,600025.SH,0.11665602969703598
2024.07.30,600037.SH,0.06404481584064227
2024.07.30,000040.SZ,0.08634321550961149
2024.07.30,000044.SZ,0.03231977077092649
2024.07.30,600042.SH,0.008062271483811194
2024.07.30,000009.SZ,0.04310510548897122
2024.07.30,000011.SZ,0.13956128958498776
2024.07.30,600010.SH,0.01843153356863979
2024.07.30,000037.SZ,0.029322975949526247
2024.07.30,000038.SZ,0.30830885359647253
2024.07.30,000024.SZ,0.5855761041918494
2024.07.30,000027.SZ,0.052140121852381996
2024.07.30,000022.SZ,0.026880196924704024
2024.07.30,600007.SH,0.03543329571018882
2024.07.30,000036.SZ,0.16630886434697895
2024.07.30,000034.SZ,0.0026036583088239313
2024.07.30,000033.SZ,0.14464468453158622
2024.07.30,000050.SZ,0.11299143223452343
2024.07.30,000032.SZ,0.00843143493774862
2024.07.30,000020.SZ,0.3176105065306233
2024.07.30,000025.SZ,0.07251118161608647
2024.07.30,600032.SH,0.04587556680992379
2024.07.30,000017.SZ,0.04249970579529066
2024.07.30,600048.SH,0.11570373669720953
2024.07.30,600016.SH,0.3856547097064378
2024.07.30,600018.SH,0.1449189455309416
2024.07.30,600003.SH,0.05991364106468611
2024.07.30,000014.SZ,0.11185938181663656
2024.07.30,600024.SH,0.029996108438927152
2024.07.30,600022.SH,0.28995122439850957
2024.07.30,600002.SH,0.5546861310594315
2024.07.30,600019.SH,0.09910002042801619
2024.07.30,000029.SZ,0.039553664113076384
2024.07.30,000026.SZ,0.02175054237317767
2024.07.30,000021.SZ,0.6117853080953344
2024.07.30,000003.SZ,0.2722884312536275
2024.07.30,000007.SZ,0.3138775512495774
2024.07.30,600029.SH,0.0009194504524373342
2024.07.30,000030.SZ,0.09455950539158395
2024.07.30,600045.SH,0.1371874834112034
2024.07.30,600036.SH,0.283146707292912
2024.07.30,600014.SH,0.21494729682997726
2024.07.30,600038.SH,0.027342024306309384
2024.07.30,600028.SH,0.17960020398779158
2024.07.30,600047.SH,0.08064173418772096
2024.07.30,600031.SH,0.3045197034512858
2024.07.30,000004.SZ,0.030438642375671312
2024.07.30,000028.SZ,0.21942791753492782
2024.07.30,600043.SH,0.0030672354601013994
2024.07.30,000001.SZ,0.13665644000689045
2024.07.30,000008.SZ,0.5765571646118993
2024.07.30,000005.SZ,0.30008915466636893
2024.07.30,600040.SH,0.0006366093635130554
2024.07.30,000049.SZ,0.39844794354574964
2024.07.30,000019.SZ,0.11704848629100734
2024.07.30,000006.SZ,0.023198857718683595
2024.07.30,000047.SZ,0.03125577652787274
2024.07.30,000031.SZ,0.1005042023374399
2024.07.30,600039.SH,0.03321894285853573
2024.07.30,600000.SH,0.28690242986259895
2024.07.30,600021.SH,0.15475261580437724
2024.07.30,600049.SH,0.33611428858369935
2024.07.30,600030.SH,0.12075022713254667
2024.07.30,000045.SZ,0.17322862847653192
2024.07.30,000042.SZ,0.04148745003576607
2024.07.30,600041.SH,0.04339010673419372
2024.07.30,600015.SH,0.04494376595743756
2024.07.30,000018.SZ,0.020573260338047683
2024.07.30,000041.SZ,0.020906246516758754
2024.07.30,600034.SH,0.15485237217946754
2024.07.30,600004.SH,0.019819446299570373
2024.07.31,600034.SH,0.0018274330916191184
2024.07.31,600030.SH,0.01950537652229118
2024.07.31,600007.SH,0.1630156676606315
2024.07.31,600009.SH,0.010749159959857462
2024.07.31,600015.SH,0.01597818385664875
2024.07.31,000047.SZ,0.048798113081659794
2024.07.31,000009.SZ,0.13576910163748862
2024.07.31,600045.SH,0.15552541220486002
2024.07.31,600043.SH,0.052535728631142635
2024.07.31,000019.SZ,0.05136963161423172
2024.07.31,000042.SZ,0.0026685607451773117
2024.07.31,000013.SZ,0.18592834549326362
2024.07.31,600022.SH,0.013222429922828455
2024.07.31,600021.SH,0.10807497272244425
2024.07.31,600028.SH,0.046381676816113264
2024.07.31,600046.SH,0.22508973771153917
2024.07.31,000033.SZ,0.02803793217004915
2024.07.31,000007.SZ,0.20031180334978024
2024.07.31,000045.SZ,0.03909743782002014
2024.07.31,000027.SZ,0.22043554831354586
2024.07.31,600016.SH,0.06728896842968357
2024.07.31,000006.SZ,0.049184432798884944
2024.07.31,000025.SZ,0.0019889327459296498
2024.07.31,600023.SH,0.03805555111826563
2024.07.31,600008.SH,0.012951473473603566
2024.07.31,000038.SZ,0.13178045393936488
2024.07.31,000050.SZ,0.11811792858600376
2024.07.31,000043.SZ,0.07035509211107703
2024.07.31,600005.SH,0.030002565355658192
2024.07.31,000016.SZ,0.02547654564881228
2024.07.31,600048.SH,0.5142589546096801
2024.07.31,600014.SH,0.20357817046198767
2024.07.31,600039.SH,0.1548249759981126
2024.07.31,600010.SH,0.0420507316785468
2024.07.31,000014.SZ,0.037326766916308915
2024.07.31,600033.SH,0.053888562149403046
2024.07.31,000024.SZ,0.33135979406513005
2024.07.31,600047.SH,0.09668004444131852
2024.07.31,000044.SZ,0.04526057279108562
2024.07.31,000036.SZ,0.006648682616330127
2024.07.31,000002.SZ,0.19325410800143272
2024.07.31,600029.SH,0.13803383011781686
2024.07.31,600002.SH,0.12341326542261322
2024.07.31,600044.SH,0.05649367232797287
2024.07.31,600013.SH,0.06030174153675752
2024.07.31,000040.SZ,0.07353233260683545
2024.07.31,600026.SH,0.21707862804521325
2024.07.31,600017.SH,0.003008513512751483
2024.07.31,600049.SH,0.02080785584246815
2024.07.31,000048.SZ,0.2402784557520171
2024.07.31,000032.SZ,0.045305100039882217
2024.07.31,600024.SH,0.03379564287492873
2024.07.31,600036.SH,0.08025095418909978
2024.07.31,000015.SZ,0.008768511388657259
2024.07.31,000018.SZ,0.07617137701021592
2024.07.31,000005.SZ,0.09478205005677827
2024.07.31,600042.SH,0.08541069088057772
2024.07.31,600025.SH,0.03415091912598984
2024.07.31,600001.SH,0.10048748520196552
2024.07.31,000017.SZ,0.20855911259453722
2024.07.31,000020.SZ,0.31752509850378896
2024.07.31,000030.SZ,0.0003962443153224779
2024.07.31,600035.SH,0.11701644329294451
2024.07.31,000011.SZ,0.19766602860783164
2024.07.31,000049.SZ,0.0102607682049157
2024.07.31,000039.SZ,0.14834677392415463
2024.07.31,000023.SZ,0.25687221972010355
2024.07.31,000026.SZ,0.032460134387234794
2024.07.31,000041.SZ,0.15638464992469595
2024.07.31,600040.SH,0.4120637578552276
2024.07.31,600006.SH,0.04467537132587562
2024.07.31,000029.SZ,0.008894543200837284
2024.07.31,000046.SZ,0.07959646915919293
2024.07.31,000028.SZ,0.1906646592804266
2024.07.31,000010.SZ,0.01245081036535367
2024.07.31,000035.SZ,0.18329102269603745
2024.07.31,000022.SZ,0.3894951306708701
2024.07.31,600000.SH,0.519066355444913
2024.07.31,600003.SH,0.26732271941375185
2024.07.31,600019.SH,0.21298892195327257
2024.07.31,600031.SH,0.021805517133397068
2024.07.31,000001.SZ,0.13603548833809195
2024.07.31,600020.SH,0.02560932865252975
2024.07.31,000031.SZ,0.1185702295775675
2024.07.31,600012.SH,0.03801817175929193
2024.07.31,600037.SH,0.02698541456016966
2024.07.31,600018.SH,0.43407215955191086
2024.07.31,600041.SH,0.10633630088593866
2024.07.31,600011.SH,0.0970931949345851
2024.07.31,000037.SZ,0.1265608544163308
2024.07.31,600027.SH,0.17347143176985624
2024.07.31,600004.SH,0.03481314464761568
2024.07.31,000004.SZ,0.14993313556859425
2024.07.31,000034.SZ,0.23444134774832498
2024.07.31,000021.SZ,0.030671953178020937
2024.07.31,600032.SH,0.15379599909312722
2024.07.31,000012.SZ,0.07054782125757551
2024.07.31,600038.SH,0.08690318650821269
2024.08.01,000021.SZ,0.1792126462602859
2024.08.01,600037.SH,0.01719623420329851
2024.08.01,600021.SH,0.010112581082800455
2024.08.01,600040.SH,0.001489315052375213
2024.08.01,000042.SZ,0.00102130048246044
2024.08.01,000029.SZ,0.06683626573702754
2024.08.01,000022.SZ,0.03634229378403575
2024.08.01,000025.SZ,0.253572020336117
2024.08.01,600027.SH,0.03529154225501793
2024.08.01,000037.SZ,0.06961873099833588
2024.08.01,000012.SZ,0.26170917629081475
2024.08.01,000016.SZ,0.08843077957857878
2024.08.01,600009.SH,0.13248941721147459
2024.08.01,600035.SH,0.3471326376032278
2024.08.01,600039.SH,0.11364002318810035
2024.08.01,600013.SH,0.03199395730716509
2024.08.01,600004.SH,0.01597573241660406
2024.08.01,000043.SZ,0.006336598429080526
2024.08.01,600043.SH,0.01217222959932742
2024.08.01,000041.SZ,0.13025174764844155
2024.08.01,000033.SZ,0.06611663498231282
2024.08.01,000028.SZ,0.014907249329071618
2024.08.01,600034.SH,0.04199208457052744
2024.08.01,600010.SH,0.07348421599995376
2024.08.01,600015.SH,0.058478715139804266
2024.08.01,600024.SH,0.08671992157806845
2024.08.01,600029.SH,0.009105334468633644
2024.08.01,600020.SH,0.38200989770875493
2024.08.01,000048.SZ,0.2098404474259781
2024.08.01,600047.SH,0.11783107432815147
2024.08.01,000018.SZ,0.17686346491564325
2024.08.01,600022.SH,0.4792347141492132
2024.08.01,600031.SH,0.061374399155380246
2024.08.01,600000.SH,0.007310169257252471
2024.08.01,600049.SH,0.06922204674264389
2024.08.01,000008.SZ,0.07964857670497914
2024.08.01,000026.SZ,0.16884003965806874
2024.08.01,600030.SH,0.005500929023741664
2024.08.01,000030.SZ,0.2953279205254058
2024.08.01,000027.SZ,0.14886323723863595
2024.08.01,600011.SH,0.17655686638835785
2024.08.01,000015.SZ,0.09334666302411183
2024.08.01,600042.SH,0.023684402351215293
2024.08.01,000023.SZ,0.04914100380780159
2024.08.01,000024.SZ,0.016504670546630455
2024.08.01,000005.SZ,0.14255546011292264
2024.08.01,000001.SZ,0.09539613874467386
2024.08.01,600018.SH,0.11352928581935715
2024.08.01,000049.SZ,0.08578095663642017
2024.08.01,000031.SZ,0.30204803125926194
2024.08.01,600036.SH,0.13102274145668438
2024.08.01,000006.SZ,0.36930191735371215
2024.08.01,000035.SZ,0.0031707189297682146
2024.08.01,000003.SZ,0.1239892294593554
2024.08.01,000020.SZ,6.915825243270948e-05
2024.08.01,000038.SZ,0.038720991914588554
2024.08.01,600046.SH,0.1563490150592953
2024.08.01,600017.SH,0.3418209302998986
2024.08.01,000039.SZ,0.18516743230975333
2024.08.01,000047.SZ,0.6096488949694165
2024.08.01,000007.SZ,0.16162865695900794
2024.08.01,600006.SH,0.2646049182723607
2024.08.01,000044.SZ,0.14857224426333293
2024.08.01,600033.SH,0.47802235408910626
2024.08.01,600012.SH,0.3036232789122456
2024.08.01,600044.SH,0.1385582081705163
2024.08.01,600003.SH,0.13014438624230748
2024.08.01,000032.SZ,0.043529031151899204
2024.08.01,600032.SH,0.08300470190718177
2024.08.01,000019.SZ,0.0462509637947578
2024.08.01,000045.SZ,0.032301078840585785
2024.08.01,000040.SZ,0.11888774538891873
2024.08.01,600001.SH,0.021548751361320326
2024.08.01,000002.SZ,0.1820755680700653
2024.08.01,000010.SZ,0.19382964537895503
2024.08.01,600026.SH,0.09192775816807038
2024.08.01,600028.SH,0.00819210291814068
2024.08.01,600023.SH,0.2636477339726846
2024.08.01,600041.SH,0.003960519218475821
2024.08.01,600048.SH,0.1019906803435136
2024.08.01,600025.SH,0.018660126433891838
2024.08.01,600016.SH,0.008558088659285853
2024.08.01,600045.SH,0.08821052826910172
2024.08.01,600014.SH,0.013191388486051388
2024.08.01,600038.SH,0.29734504326318534
2024.08.01,000013.SZ,0.3654912081550052
2024.08.01,600007.SH,0.23604706245765883
2024.08.01,600019.SH,0.14409933976725484
2024.08.01,600005.SH,0.016554132966283577
2024.08.01,000036.SZ,0.3709841164763725
2024.08.01,000046.SZ,0.030139749591570557
2024.08.01,000009.SZ,0.03985364469952895
2024.08.01,000004.SZ,0.11137659922659396
2024.08.01,600008.SH,0.06914553917580965
2024.08.01,000050.SZ,0.18734238534998696
2024.08.01,000034.SZ,0.16195973957210102
2024.08.02,000036.SZ,0.09696101515714801
2024.08.02,600033.SH,0.07519864882596201
2024.08.02,000012.SZ,0.17272944684205604
2024.08.02,600019.SH,0.23017538978569219
2024.08.02,000020.SZ,0.017108681234687555
2024.08.02,000003.SZ,0.0778718367031747
2024.08.02,600027.SH,0.20420866439932883
2024.08.02,000038.SZ,0.10546310776861223
2024.08.02,600018.SH,0.13462881470528032
2024.08.02,000030.SZ,0.10513573737151732
2024.08.02,600011.SH,0.06507504282263295
2024.08.02,600026.SH,0.10918732434829842
2024.08.02,000034.SZ,0.04310654914282788
2024.08.02,000033.SZ,0.18067742956692812
2024.08.02,600021.SH,0.19352225795606778
2024.08.02,600014.SH,0.01912540431058695
2024.08.02,000027.SZ,0.12283663775721264
2024.08.02,000001.SZ,0.023414628849280413
2024.08.02,000041.SZ,0.14935629409706694
2024.08.02,600041.SH,0.058265466212891005
2024.08.02,000040.SZ,0.5130784865252479
2024.08.02,600025.SH,0.09983150024738316
2024.08.02,600028.SH,0.003874877355188139
2024.08.02,600009.SH,0.08096009020867116
2024.08.02,600015.SH,0.18513827492124113
2024.08.02,000049.SZ,0.026226350725556433
2024.08.02,000037.SZ,0.07572906050646723
2024.08.02,600012.SH,0.006374906002896752
2024.08.02,000021.SZ,0.12277117427134453
2024.08.02,000002.SZ,0.03195016848940423
2024.08.02,600043.SH,0.007545293653523647
2024.08.02,600007.SH,0.20411998429971626
2024.08.02,000045.SZ,0.41139652260326864
2024.08.02,600020.SH,0.775385322180459
2024.08.02,600023.SH,0.027073808480413204
2024.08.02,000019.SZ,0.19999958493028458
2024.08.02,600034.SH,0.09313964418825094
2024.08.02,000007.SZ,0.029190123939576165
2024.08.02,000009.SZ,0.14096259454520974
2024.08.02,600002.SH,0.19743720521326083
2024.08.02,600037.SH,0.1730649808086862
2024.08.02,000047.SZ,0.025017252282029622
2024.08.02,000015.SZ,0.24669465566532592
2024.08.02,000008.SZ,0.06695837311599151
2024.08.02,600017.SH,0.010253260600866926
2024.08.02,000050.SZ,0.00045967094294847583
2024.08.02,600047.SH,0.020853561684516964
2024.08.02,000025.SZ,0.07130534619825957
2024.08.02,000011.SZ,0.17111963440658987
2024.08.02,000029.SZ,0.01820101103293311
2024.08.02,000032.SZ,0.32186245978589784
2024.08.02,600001.SH,0.0032997204839023313
2024.08.02,000022.SZ,0.1587647023384039
2024.08.02,600000.SH,0.34085996445998684
2024.08.02,600039.SH,0.5698038378006596
2024.08.02,600004.SH,0.09405628936230447
2024.08.02,000005.SZ,0.0779544129526213
2024.08.02,600036.SH,0.18857617863406761
2024.08.02,000017.SZ,0.17112794869911765
2024.08.02,000026.SZ,0.04279446277742498
2024.08.02,000018.SZ,0.08616123145638446
2024.08.02,000014.SZ,0.055812988645120305
2024.08.02,000043.SZ,0.1708553047272688
2024.08.02,000016.SZ,0.04684873280867106
2024.08.02,000046.SZ,0.4522453929677817
2024.08.02,000006.SZ,0.4445469633950177
2024.08.02,600045.SH,0.010699611642638987
2024.08.02,000028.SZ,0.01519354167441515
2024.08.02,600013.SH,0.15904918824846168
2024.08.02,600010.SH,0.016914369627221534
2024.08.02,000004.SZ,0.26146973425592585
2024.08.02,600032.SH,0.09533038791274814
2024.08.02,600042.SH,0.05100921610891466
2024.08.02,000044.SZ,0.021755585747953894
2024.08.02,600046.SH,0.0723059858716043
2024.08.02,600024.SH,0.10150668995417132
2024.08.02,000023.SZ,0.10014235540144661
2024.08.02,000024.SZ,0.17605087736591846
2024.08.02,600048.SH,0.019109565154578984
2024.08.02,000042.SZ,0.10152744599777368
2024.08.02,000035.SZ,0.015858408985910632
2024.08.02,600003.SH,0.046967679668848884
2024.08.02,600006.SH,0.04258149915855338
2024.08.02,600049.SH,0.02928798413954922
2024.08.02,600022.SH,0.020203832612199234
2024.08.02,600029.SH,0.0012391145051134538
2024.08.02,000013.SZ,0.22600907019797475
2024.08.02,000039.SZ,0.0792171041016018
2024.08.02,000048.SZ,0.01155738978023128
2024.08.02,000010.SZ,0.03063716890126962
2024.08.02,600040.SH,0.08117849866854417
2024.08.02,600005.SH,0.0006789813014269542
2024.08.02,600038.SH,0.1410345823081218
2024.08.02,600030.SH,0.011679496038122971
2024.08.02,600031.SH,0.20734529651469272
2024.08.02,600016.SH,0.25707199737685726
2024.08.05,000010.SZ,0.06946458029642419
2024.08.05,000035.SZ,0.21126222381144086
2024.08.05,600047.SH,0.049135307051142316
2024.08.05,600017.SH,0.06432948806021765
2024.08.05,000014.SZ,0.015709008835094105
2024.08.05,000047.SZ,0.008419758686288815
2024.08.05,000043.SZ,0.03510564134000613
2024.08.05,600036.SH,0.02947788844632206
2024.08.05,600022.SH,0.01690096469009182
2024.08.05,000022.SZ,0.2152243160112684
2024.08.05,000023.SZ,0.013603728537991683
2024.08.05,600006.SH,0.13523697952078906
2024.08.05,600014.SH,0.03024822125668946
2024.08.05,000027.SZ,0.21074520303045433
2024.08.05,600041.SH,0.05956009948857945
2024.08.05,600030.SH,0.06393391812921624
2024.08.05,000028.SZ,0.30289739024216394
2024.08.05,000034.SZ,0.17123981639622823
2024.08.05,600018.SH,0.018366587938275045
2024.08.05,000033.SZ,0.12429387077323824
2024.08.05,600042.SH,0.010163660171923656
2024.08.05,600023.SH,0.10413664104297651
2024.08.05,600034.SH,0.047231069271608035
2024.08.05,600012.SH,0.027409698807908365
2024.08.05,600033.SH,0.03300458834831256
2024.08.05,000042.SZ,0.05625040001658413
2024.08.05,600007.SH,0.15688051893229557
2024.08.05,000012.SZ,0.10374779126542377
2024.08.05,600049.SH,0.08215639333326022
2024.08.05,000030.SZ,0.27456891156708946
2024.08.05,000037.SZ,0.09407318192322382
2024.08.05,600035.SH,0.5570442678617548
2024.08.05,600045.SH,0.0012551222332883999
2024.08.05,000019.SZ,0.01023041175487767
2024.08.05,000048.SZ,0.1397870241726334
2024.08.05,000050.SZ,0.036604237087606996
2024.08.05,600015.SH,0.07762442398000481
2024.08.05,000038.SZ,0.00801075143258934
2024.08.05,600037.SH,0.026333413932528974
2024.08.05,000031.SZ,0.15534651781831899
2024.08.05,600038.SH,0.02171766995680146
2024.08.05,000005.SZ,0.10453658386881083
2024.08.05,600004.SH,0.21741387461660241
2024.08.05,000049.SZ,0.13455905877193183
2024.08.05,600032.SH,0.06942277578547296
2024.08.05,600008.SH,0.0007695154713690332
2024.08.05,000007.SZ,0.19069318345651884
2024.08.05,600031.SH,0.01033567561068835
2024.08.05,600028.SH,0.045947152704530383
2024.08.05,600029.SH,0.062221089285220736
2024.08.05,000020.SZ,0.0901199040373573
2024.08.05,600026.SH,0.029889288965456045
2024.08.05,600043.SH,0.40308602163876767
2024.08.05,000025.SZ,0.10434434472774264
2024.08.05,000002.SZ,0.1763940517559615
2024.08.05,600002.SH,0.3879291005561921
2024.08.05,000018.SZ,0.030065679911467465
2024.08.05,000046.SZ,0.10049690641949596
2024.08.05,000041.SZ,0.04510657417036477
2024.08.05,600003.SH,0.11472644704655578
2024.08.05,000024.SZ,0.005051472630140433
2024.08.05,600001.SH,0.0026063410155866364
2024.08.05,600027.SH,0.07152650611598554
2024.08.05,000015.SZ,0.027502124313821548
2024.08.05,000021.SZ,0.03851637678724954
2024.08.05,000036.SZ,0.0039584631208121265
2024.08.05,000017.SZ,0.15767553184049096
2024.08.05,600046.SH,0.31797804998184115
2024.08.05,000039.SZ,0.08775202521871836
2024.08.05,600005.SH,0.11710309353416744
2024.08.05,600020.SH,0.06864478793918179
2024.08.05,600040.SH,0.06678598313135498
2024.08.05,000040.SZ,0.07151562797503452
2024.08.05,000029.SZ,0.02913088992013925
2024.08.05,600048.SH,0.06219510117013205
2024.08.05,600025.SH,0.042075073257995456
2024.08.05,000016.SZ,0.1672735002237241
2024.08.05,600009.SH,0.11918843910126974
2024.08.05,000011.SZ,0.07910608779957881
2024.08.05,000009.SZ,0.019333272795145403
2024.08.05,000008.SZ,0.08892519997233309
2024.08.05,000004.SZ,0.0018404003746309125
2024.08.05,000045.SZ,0.08515601377878265
2024.08.05,000013.SZ,0.03241117905510675
2024.08.05,000032.SZ,0.02747963409212855
2024.08.05,600024.SH,0.04396547133417577
2024.08.05,600010.SH,0.027469735483914733
2024.08.05,600016.SH,0.03841699737165609
2024.08.05,600013.SH,0.04185832730577769
2024.08.05,600011.SH,0.16270492216450805
2024.08.05,000001.SZ,0.024547535763358917
2024.08.05,600019.SH,0.10864476964381649
2024.08.05,600044.SH,0.19915468588209553
2024.08.05,000006.SZ,0.13513458399506367
2024.08.05,000026.SZ,0.32287073185483095
2024.08.05,000044.SZ,0.09033823067057974
2024.08.06,000035.SZ,0.1564014022088923
2024.08.06,600022.SH,0.23566813516919502
2024.08.06,000003.SZ,0.26779670001743827
2024.08.06,600038.SH,0.062411852315920696
2024.08.06,000036.SZ,0.4228753920298694
2024.08.06,000025.SZ,0.038858468524573975
2024.08.06,000032.SZ,0.06314123622044561
2024.08.06,000010.SZ,0.17900850479192143
2024.08.06,000034.SZ,0.12713887323596243
2024.08.06,600000.SH,0.020798655697657358
2024.08.06,000046.SZ,0.01849085226433912
2024.08.06,000033.SZ,0.17914564613798706
2024.08.06,600015.SH,0.06939569505711493
2024.08.06,000040.SZ,0.08899256257719021
2024.08.06,000007.SZ,0.010590011652267356
2024.08.06,000044.SZ,0.36559032778050615
2024.08.06,600007.SH,0.00915055743517602
2024.08.06,600043.SH,0.02254350402535808
2024.08.06,000001.SZ,0.011266455206661703
2024.08.06,000008.SZ,0.022617227057745125
2024.08.06,000029.SZ,0.016023266104669757
2024.08.06,600012.SH,0.027809772849270737
2024.08.06,600014.SH,0.1230811543322578
2024.08.06,000013.SZ,0.043446819951042645
2024.08.06,000028.SZ,0.0541188591461002
2024.08.06,600033.SH,0.004987973970476324
2024.08.06,600031.SH,0.12378575196827254
2024.08.06,600037.SH,0.29141575813370735
2024.08.06,600004.SH,0.17016516837627627
2024.08.06,000011.SZ,0.038979800931341554
2024.08.06,600044.SH,0.1086604760054954
2024.08.06,600039.SH,0.16454264118007209
2024.08.06,600026.SH,0.15067493330652498
2024.08.06,600009.SH,0.19835563398629266
2024.08.06,600042.SH,0.007754987866649384
2024.08.06,600041.SH,0.19721444749451572
2024.08.06,000024.SZ,0.07646415741636294
2024.08.06,000006.SZ,0.029338423429702817
2024.08.06,000043.SZ,0.17801629780249595
2024.08.06,600032.SH,0.11428999677636827
2024.08.06,600006.SH,0.565196001306816
2024.08.06,000037.SZ,0.07717279662303944
2024.08.06,600025.SH,0.4024549250744598
2024.08.06,000015.SZ,0.05050108826411725
2024.08.06,600003.SH,0.007762964727635803
2024.08.06,000039.SZ,0.26162721795473454
2024.08.06,600019.SH,0.2004479136302633
2024.08.06,600046.SH,0.36696845050884175
2024.08.06,000009.SZ,0.09028962704029184
2024.08.06,000019.SZ,0.14419169651714017
2024.08.06,600036.SH,0.005719911119896383
2024.08.06,600045.SH,0.4618663594374969
2024.08.06,600016.SH,0.008975227336901542
2024.08.06,600024.SH,0.14217898001953896
2024.08.06,000049.SZ,0.014441182787971404
2024.08.06,600048.SH,0.4468230979716917
2024.08.06,000022.SZ,0.3412533242544599
2024.08.06,000050.SZ,0.015170041859882978
2024.08.06,000042.SZ,0.016519898790081637
2024.08.06,600013.SH,0.033044389806253266
2024.08.06,600011.SH,0.3213624616991556
2024.08.06,600040.SH,0.033190339868622735
2024.08.06,000045.SZ,0.10757138181386333
2024.08.06,600001.SH,0.11407794886015364
2024.08.06,600010.SH,0.002342805293334912
2024.08.06,600002.SH,0.021544642993688128
2024.08.06,000030.SZ,0.09877326443019423
2024.08.06,000021.SZ,0.033498203787438646
2024.08.06,600047.SH,0.02962873370158095
2024.08.06,000012.SZ,0.004843668342098209
2024.08.06,600023.SH,0.03928485342219548
2024.08.06,000002.SZ,0.053303695781997285
2024.08.06,600035.SH,0.004464508107550754
2024.08.06,000017.SZ,0.10066133534748065
2024.08.06,000026.SZ,0.0714957262343771
2024.08.06,600027.SH,0.017158082266421845
2024.08.06,600017.SH,0.12283613271405583
2024.08.06,000041.SZ,0.18232640934272154
2024.08.06,000004.SZ,0.08893597173217486
2024.08.06,600005.SH,0.02455790666616888
2024.08.06,000018.SZ,0.12281285729654677
2024.08.06,000047.SZ,0.1257042463585911
2024.08.06,600030.SH,0.01259003825455962
2024.08.06,600049.SH,0.02089687039887873
2024.08.06,600034.SH,0.002087303796099951
2024.08.06,600028.SH,0.01719806067542457
2024.08.06,600021.SH,0.025977785004601336
2024.08.06,000016.SZ,0.06536046468248849
2024.08.06,000038.SZ,0.3806803625376239
2024.08.06,000014.SZ,0.029926079268063083
2024.08.06,000031.SZ,0.09039409150987626
2024.08.06,600008.SH,0.18354993496790212
2024.08.06,000023.SZ,0.0003904082106322788
2024.08.06,600029.SH,0.22957081278831076
2024.08.06,600020.SH,0.03954794528165361
2024.08.06,000005.SZ,0.10158464255513261
2024.08.07,000045.SZ,0.06933681898772096
2024.08.07,000037.SZ,0.09216106072085382
2024.08.07,000022.SZ,0.017653760361920276
2024.08.07,000049.SZ,0.024909508246922594
2024.08.07,000002.SZ,0.19896358172046075
2024.08.07,600023.SH,0.03028757254050225
2024.08.07,000009.SZ,0.020752960245381896
2024.08.07,000038.SZ,0.18765890788821554
2024.08.07,000015.SZ,0.14721069920785945
2024.08.07,000046.SZ,0.18445192086330592
2024.08.07,000019.SZ,0.009346814488799909
2024.08.07,600026.SH,0.013932416800226818
2024.08.07,600041.SH,0.10480972845891884
2024.08.07,600020.SH,0.07728769071420909
2024.08.07,000048.SZ,0.052420602317279755
2024.08.07,000001.SZ,0.12417555974366162
2024.08.07,000043.SZ,0.24958976378065825
2024.08.07,600033.SH,0.12503267476391225
2024.08.07,600037.SH,0.32852852471751376
2024.08.07,600015.SH,0.033903360023110105
2024.08.07,000016.SZ,0.025369845431215822
2024.08.07,000024.SZ,0.01840443555804753
2024.08.07,000021.SZ,0.17663432344460975
2024.08.07,600031.SH,0.26889094513520256
2024.08.07,600049.SH,0.12603017208550854
2024.08.07,600013.SH,0.007071266949406922
2024.08.07,600042.SH,0.02936356336227977
2024.08.07,000007.SZ,0.0029158198151721455
2024.08.07,000047.SZ,0.4210347676816449
2024.08.07,000029.SZ,0.04738239432130679
2024.08.07,000012.SZ,0.012075047029537251
2024.08.07,600016.SH,0.11613790569113296
2024.08.07,600017.SH,0.03048314284706756
2024.08.07,600010.SH,0.337278618006434
2024.08.07,000011.SZ,0.11636569093893322
2024.08.07,000027.SZ,0.13035926609702178
2024.08.07,600046.SH,0.09096880055494017
2024.08.07,600028.SH,0.018512594215743604
2024.08.07,000031.SZ,0.009422122640549035
2024.08.07,600003.SH,0.05953894763618354
2024.08.07,600025.SH,0.29716508247691764
2024.08.07,000040.SZ,0.0012532431775555744
2024.08.07,600004.SH,0.45124196475451384
2024.08.07,000020.SZ,0.10652085391798649
2024.08.07,600000.SH,0.03248007688307953
2024.08.07,000008.SZ,0.136636103953718
2024.08.07,000042.SZ,0.03757160352746649
2024.08.07,600005.SH,0.011445605223652773
2024.08.07,600002.SH,0.057125912831609095
2024.08.07,600014.SH,0.03201153586593477
2024.08.07,000036.SZ,0.3470308565024406
2024.08.07,000005.SZ,0.03626201971030739
2024.08.07,600009.SH,0.03816189664352447
2024.08.07,600019.SH,0.04500282830212706
2024.08.07,000003.SZ,0.11568753473006495
2024.08.07,600021.SH,0.10099511328696228
2024.08.07,600034.SH,0.2605423565680187
2024.08.07,000013.SZ,0.14482785645407617
2024.08.07,600011.SH,0.00976850807013501
2024.08.07,600029.SH,0.3049900399337753
2024.08.07,600007.SH,0.008536016146898875
2024.08.07,600047.SH,0.018718186551570756
2024.08.07,000025.SZ,0.01764960640594235
2024.08.07,000034.SZ,0.22200169821607496
2024.08.07,000044.SZ,0.1988484568537404
2024.08.07,600001.SH,0.16870034383201188
2024.08.07,000050.SZ,0.44394304539410046
2024.08.07,000023.SZ,0.015700229743673435
2024.08.07,600035.SH,0.0015124064297697432
2024.08.07,600030.SH,0.010502922624434474
2024.08.07,600040.SH,0.029196948588893754
2024.08.07,000041.SZ,0.11886230948939687
2024.08.07,600024.SH,0.13253166077911924
2024.08.07,000018.SZ,0.0019540009861735617
2024.08.07,600038.SH,0.18328283183166588
2024.08.07,600048.SH,0.15424403375320758
2024.08.07,600006.SH,0.03359289582057009
2024.08.07,600008.SH,0.2904677800438679
2024.08.07,600045.SH,0.18508579785438997
2024.08.07,000017.SZ,0.03826897041070314
2024.08.07,000014.SZ,0.008101759049414878
2024.08.07,000033.SZ,0.06331273976023549
2024.08.07,000030.SZ,0.0928584437753169
2024.08.07,000032.SZ,0.014761462977207764
2024.08.07,600018.SH,0.059055928945139204
2024.08.07,600027.SH,0.20965410217260105
2024.08.07,000028.SZ,0.08476542687045177
2024.08.07,000006.SZ,0.1982905150393324
2024.08.07,000035.SZ,0.04394834353522596
2024.08.07,600044.SH,0.21376362469937618
2024.08.07,000026.SZ,0.043708236477646434
2024.08.07,600032.SH,0.20441397694673852
2024.08.07,000039.SZ,0.1017148104022631
2024.08.07,600036.SH,0.011895909305585496
2024.08.07,600043.SH,0.05148459453733265
2024.08.07,600012.SH,0.17832476294577013
2024.08.08,600045.SH,0.08087926666219442
2024.08.08,600040.SH,0.2831194726509223
2024.08.08,600021.SH,0.013720751410985258
2024.08.08,000043.SZ,0.933171680224396
2024.08.08,000046.SZ,0.22278703667893002
2024.08.08,000020.SZ,0.02262912511791468
2024.08.08,600023.SH,0.017353331325736104
2024.08.08,000031.SZ,0.20171336657967137
2024.08.08,600020.SH,0.48346489767195927
2024.08.08,600026.SH,0.0007486202532067947
2024.08.08,600010.SH,0.11049680103225369
2024.08.08,600044.SH,0.0777031637641527
2024.08.08,600049.SH,0.04136547443946223
2024.08.08,000022.SZ,0.030007411580824213
2024.08.08,000002.SZ,0.01493264225279177
2024.08.08,000010.SZ,0.05054602711802081
2024.08.08,000040.SZ,0.22316247190811273
2024.08.08,000008.SZ,0.011572310860997113
2024.08.08,600046.SH,0.2987615562198812
2024.08.08,600000.SH,0.12473822616621226
2024.08.08,600029.SH,0.007377039052567544
2024.08.08,600027.SH,0.159356762946833
2024.08.08,600048.SH,0.04667247844872524
2024.08.08,000024.SZ,0.057141257183278046
2024.08.08,000014.SZ,0.11144146830154347
2024.08.08,000032.SZ,0.1016955413683087
2024.08.08,600032.SH,0.41606677833709815
2024.08.08,000037.SZ,0.16860869556734812
2024.08.08,000019.SZ,0.07988869843035196
2024.08.08,000005.SZ,0.061920961333232286
2024.08.08,000047.SZ,0.04337021784279483
2024.08.08,600014.SH,0.0031000071489693387
2024.08.08,000004.SZ,0.2093984638940648
2024.08.08,000028.SZ,0.04617732965150247
2024.08.08,000029.SZ,0.1356313333167254
2024.08.08,000039.SZ,0.0791204082486787
2024.08.08,000048.SZ,0.166487055309178
2024.08.08,600034.SH,0.05491561761971201
2024.08.08,600035.SH,0.24017894336794215
2024.08.08,000025.SZ,0.07215526729466169
2024.08.08,000006.SZ,0.007468542493039693
2024.08.08,600031.SH,0.042630680590018045
2024.08.08,600038.SH,0.08494176338131681
2024.08.08,000035.SZ,0.24493104231851384
2024.08.08,600025.SH,0.06883582290862471
2024.08.08,000003.SZ,0.0055028691722073305
2024.08.08,600012.SH,0.07706944828657035
2024.08.08,600039.SH,0.09346423391680408
2024.08.08,600001.SH,0.07829642185375817
2024.08.08,000021.SZ,0.6363172351269594
2024.08.08,000027.SZ,0.059022992446822804
2024.08.08,600004.SH,0.1703062615737325
2024.08.08,000036.SZ,0.14744173779247452
2024.08.08,000050.SZ,0.046099658541902566
2024.08.08,600030.SH,0.0071452150048553755
2024.08.08,000015.SZ,0.13472478868211424
2024.08.08,600022.SH,0.15738794464592712
2024.08.08,000012.SZ,0.1254312131708176
2024.08.08,000042.SZ,0.09729714774767544
2024.08.08,000016.SZ,0.2205199031131032
2024.08.08,600036.SH,0.05968433354376388
2024.08.08,000049.SZ,0.03220347564992898
2024.08.08,000007.SZ,0.07140045376481095
2024.08.08,600005.SH,0.2729513957443945
2024.08.08,000030.SZ,0.11293420652212242
2024.08.08,000018.SZ,0.023147606910630336
2024.08.08,000023.SZ,0.023580800029241504
2024.08.08,000013.SZ,0.09522595182660938
2024.08.08,600007.SH,0.06470572202890051
2024.08.08,000038.SZ,0.014796509649172679
2024.08.08,600008.SH,0.13082252058803828
2024.08.08,000033.SZ,0.22742091212709076
2024.08.08,600013.SH,0.03573278929104955
2024.08.08,600002.SH,0.09430082072673292
2024.08.08,600043.SH,0.005371562294257596
2024.08.08,600037.SH,0.03521695338788799
2024.08.08,600019.SH,0.6601072604183243
2024.08.08,000017.SZ,0.16534668598216595
2024.08.08,000034.SZ,0.014225614476047413
2024.08.08,600016.SH,0.18418268990638084
2024.08.08,600015.SH,0.13274126897156743
2024.08.08,000045.SZ,0.08478786342880952
2024.08.08,000001.SZ,0.07705833606760702
2024.08.08,600003.SH,0.06103725149404034
2024.08.08,600033.SH,0.011092302863215865
2024.08.08,600009.SH,0.2091247275302977
2024.08.08,600047.SH,0.11823230882139216
2024.08.08,000026.SZ,0.036819571621629514
2024.08.08,600017.SH,0.0038662609514670695
2024.08.08,600018.SH,0.004708458526220274
2024.08.08,600042.SH,0.006865072835287189
2024.08.08,600028.SH,0.06327654295191931
2024.08.08,000041.SZ,0.16663064327752647
2024.08.08,000009.SZ,0.040413709962821336
2024.08.08,600024.SH,0.14829142298139708
2024.08.08,000011.SZ,0.000590936131590719
2024.08.08,600041.SH,0.04790329900819642
2024.08.09,000030.SZ,0.15370444625139165
2024.08.09,600016.SH,0.24949969322486465
2024.08.09,000044.SZ,0.2769270284421267
2024.08.09,000013.SZ,0.06115824181485373
2024.08.09,000032.SZ,0.4332190114181094
2024.08.09,000024.SZ,0.0697118480272935
2024.08.09,600043.SH,0.0234016485515833
2024.08.09,600049.SH,0.3021709200668952
2024.08.09,000040.SZ,0.026658123221931524
2024.08.09,000025.SZ,0.011901895032880628
2024.08.09,000012.SZ,0.3259459166799797
2024.08.09,600022.SH,0.006255034182915648
2024.08.09,000028.SZ,0.1838080574066589
2024.08.09,000043.SZ,0.5616717231265157
2024.08.09,000014.SZ,0.1402032944606462
2024.08.09,600002.SH,0.15168006464141107
2024.08.09,600025.SH,0.10905175995473484
2024.08.09,000010.SZ,0.05940548579088827
2024.08.09,000029.SZ,0.03325237369919929
2024.08.09,000034.SZ,0.5164842200783841
2024.08.09,000050.SZ,0.24303297288733777
2024.08.09,600019.SH,0.10285427087910479
2024.08.09,600004.SH,0.012652241702136404
2024.08.09,600042.SH,0.005274423920445039
2024.08.09,600031.SH,0.039196674391498175
2024.08.09,600047.SH,0.028002074184300736
2024.08.09,000005.SZ,0.46995807618676816
2024.08.09,000041.SZ,0.16343034357050312
2024.08.09,000018.SZ,0.014157777611746018
2024.08.09,600021.SH,0.292612546714024
2024.08.09,600030.SH,0.12157043945053692
2024.08.09,000008.SZ,0.06223029434190993
2024.08.09,600015.SH,0.030942238797836547
2024.08.09,000031.SZ,0.2149925764053533
2024.08.09,000027.SZ,0.12922113760128376
2024.08.09,600006.SH,0.022786648670574373
2024.08.09,000007.SZ,0.2178696653891509
2024.08.09,000001.SZ,0.4664844252356461
2024.08.09,000022.SZ,0.02406418709525815
2024.08.09,000020.SZ,0.07274275937250928
2024.08.09,600039.SH,0.024281955049244998
2024.08.09,600035.SH,0.27486151708481493
2024.08.09,600008.SH,0.02228645613991711
2024.08.09,600018.SH,0.024000663218282113
2024.08.09,000045.SZ,0.27905326766499805
2024.08.09,600033.SH,0.056603579483303315
2024.08.09,600032.SH,0.31619649225448937
2024.08.09,000023.SZ,0.007713324653371659
2024.08.09,000038.SZ,0.16163726329683165
2024.08.09,000049.SZ,0.1466984602181577
2024.08.09,600011.SH,0.03324923642110861
2024.08.09,000037.SZ,0.008244173637440826
2024.08.09,600034.SH,0.0012336104096200137
2024.08.09,600001.SH,0.21632712136732035
2024.08.09,600029.SH,0.30663633389477024
2024.08.09,600020.SH,0.09844986562899123
2024.08.09,000046.SZ,0.05186002525729734
2024.08.09,000002.SZ,0.00831035927887105
2024.08.09,000035.SZ,0.08060411459577199
2024.08.09,600024.SH,0.35639405599874824
2024.08.09,000004.SZ,0.2360343321726199
2024.08.09,600007.SH,0.0950648774063834
2024.08.09,600044.SH,0.012246944342698156
2024.08.09,600005.SH,0.11086527536873478
2024.08.09,600046.SH,0.012475218432170164
2024.08.09,600045.SH,0.25740604528878236
2024.08.09,600037.SH,0.21259866462662144
2024.08.09,600009.SH,0.20949284535899987
2024.08.09,600012.SH,0.0007796148267304995
2024.08.09,000021.SZ,0.025558595536194426
2024.08.09,600027.SH,0.21301730122995274
2024.08.09,000033.SZ,0.09115859077135308
2024.08.09,600041.SH,0.11697605555518753
2024.08.09,000042.SZ,0.04759098533789954
2024.08.09,600017.SH,0.17483448779891092
2024.08.09,600000.SH,0.09880583249276108
2024.08.09,000048.SZ,0.13033745374589062
2024.08.09,600026.SH,0.0642938817876432
2024.08.09,600040.SH,0.03686839018214598
2024.08.09,000019.SZ,0.001959207645051354
2024.08.09,000036.SZ,0.008101634171938123
2024.08.09,600028.SH,0.020348495693967458
2024.08.09,000003.SZ,0.005110485395843885
2024.08.09,600023.SH,0.18279333999488828
2024.08.09,000016.SZ,0.15433572573446935
2024.08.09,600014.SH,0.040383084329920105
2024.08.09,600036.SH,0.10291883058503781
2024.08.09,600048.SH,0.09300451597005609
2024.08.09,000039.SZ,0.26003415171844835
2024.08.09,600038.SH,0.014374508619840957
2024.08.09,000017.SZ,0.37001537270363194
2024.08.09,000047.SZ,0.002100554267677807
2024.08.09,600013.SH,0.15712812467761553
2024.08.09,000015.SZ,0.01227261062822185
2024.08.09,000026.SZ,0.17978932500782027
2024.08.09,000006.SZ,0.027112334012426548
2024.08.12,600025.SH,0.03920510180804699
2024.08.12,000006.SZ,0.09195931948788587
2024.08.12,000015.SZ,0.15489004350625377
2024.08.12,000040.SZ,0.09943162280619448
2024.08.12,000002.SZ,0.09744016050065227
2024.08.12,600002.SH,0.05596217434947687
2024.08.12,000017.SZ,0.03941934727833789
2024.08.12,000030.SZ,0.04077803591599008
2024.08.12,600047.SH,0.1514502976604368
2024.08.12,000023.SZ,0.12107750731665001
2024.08.12,000025.SZ,0.033013089371784446
2024.08.12,000028.SZ,0.1311402337923099
2024.08.12,600018.SH,0.10393814751883193
2024.08.12,000048.SZ,0.0016225893821972895
2024.08.12,000005.SZ,0.046110637340059935
2024.08.12,600026.SH,0.06876393757668997
2024.08.12,600000.SH,0.05338524604863527
2024.08.12,600040.SH,0.38132627399193286
2024.08.12,000011.SZ,0.04992903512465631
2024.08.12,000037.SZ,0.10641493374582864
2024.08.12,600004.SH,0.14691802338035787
2024.08.12,600041.SH,0.2526843446487
2024.08.12,600003.SH,0.07577659581545597
2024.08.12,000038.SZ,0.006308111413851784
2024.08.12,600009.SH,0.07509850472557053
2024.08.12,000045.SZ,0.21492378526982084
2024.08.12,000024.SZ,0.0073729292245972265
2024.08.12,000003.SZ,0.17084418784669003
2024.08.12,000018.SZ,0.0815175521758161
2024.08.12,600049.SH,0.10436120845338193
2024.08.12,600005.SH,0.011859354895769426
2024.08.12,600031.SH,0.04066434979405742
2024.08.12,000042.SZ,0.02624990591000949
2024.08.12,600001.SH,0.028492131268884027
2024.08.12,600007.SH,0.23256579346198572
2024.08.12,000043.SZ,0.05363729453520455
2024.08.12,600036.SH,0.1843283243015503
2024.08.12,000033.SZ,0.361711813994837
2024.08.12,600013.SH,0.04403491752782684
2024.08.12,000035.SZ,0.07922730969227107
2024.08.12,600015.SH,0.31622913100585437
2024.08.12,000012.SZ,0.24513806448761752
2024.08.12,000010.SZ,0.06560233960141124
2024.08.12,000009.SZ,0.09084973822906328
2024.08.12,600020.SH,0.2466350191730107
2024.08.12,000036.SZ,0.14123136495145655
2024.08.12,000016.SZ,0.01099316770953041
2024.08.12,600030.SH,0.47535952844711754
2024.08.12,600010.SH,0.060766578231257175
2024.08.12,000008.SZ,0.030328234370343037
2024.08.12,000019.SZ,0.2142367189903578
2024.08.12,600008.SH,0.13139124490643442
2024.08.12,000031.SZ,0.14015591412728012
2024.08.12,600037.SH,0.12695476017913332
2024.08.12,000021.SZ,0.016936882701046735
2024.08.12,600035.SH,0.02909838464292102
2024.08.12,600006.SH,0.2744994760703341
2024.08.12,600016.SH,0.4158862823081758
2024.08.12,600024.SH,0.012285554572283499
2024.08.12,600022.SH,0.1441828555659372
2024.08.12,600046.SH,0.10495370759082315
2024.08.12,600032.SH,0.01082966661656846
2024.08.12,000007.SZ,0.14391829994860986
2024.08.12,600014.SH,0.10009689813853118
2024.08.12,000004.SZ,0.0532956141509795
2024.08.12,600028.SH,0.18940313450033977
2024.08.12,000026.SZ,0.3396056030834215
2024.08.12,600039.SH,0.25243806319493056
2024.08.12,000050.SZ,0.4962224065880463
2024.08.12,000034.SZ,0.03383946907119051
2024.08.12,000046.SZ,0.12466941477545139
2024.08.12,600029.SH,0.08005943106853823
2024.08.12,000047.SZ,0.09146934852175145
2024.08.12,600044.SH,0.008251062523462657
2024.08.12,600042.SH,0.06530339930668555
2024.08.12,600012.SH,0.08123528748582727
2024.08.12,600045.SH,0.07444736934984089
2024.08.12,000001.SZ,0.06452581960710972
2024.08.12,600021.SH,0.05587298644449289
2024.08.12,600023.SH,0.04925609024886091
2024.08.12,600027.SH,0.045519062232008835
2024.08.12,000020.SZ,0.28250106236091926
2024.08.12,000044.SZ,0.1985439588186563
2024.08.12,600038.SH,0.09887573985623899
2024.08.12,000022.SZ,0.0688231523089722
2024.08.12,000039.SZ,0.13163519752715075
2024.08.12,000032.SZ,0.17696206314718396
2024.08.12,000049.SZ,0.00993244576945737
2024.08.12,000027.SZ,0.03698016693651941
2024.08.12,600048.SH,0.2107418614058015
2024.08.12,000029.SZ,0.10976398412797186
2024.08.12,000014.SZ,0.05217490378669474
2024.08.12,600033.SH,0.25073877529416333
2024.08.12,000041.SZ,0.04505960333814413
2024.08.12,600011.SH,0.00111160499630594
2024.08.12,600019.SH,0.03401843210818072
2024.08.12,600043.SH,0.2657426977584075
2024.08.12,600034.SH,0.04402301399481655
2024.08.13,000016.SZ,0.020485900415152983
2024.08.13,600016.SH,0.07582993059651943
2024.08.13,600000.SH,0.1816106947551069
2024.08.13,600048.SH,0.006124936419192852
2024.08.13,600021.SH,0.030385706947184236
2024.08.13,600037.SH,0.04281686792339172
2024.08.13,600025.SH,0.15038215866610374
2024.08.13,000009.SZ,0.009019056593033292
2024.08.13,600014.SH,0.002494501601650324
2024.08.13,600019.SH,0.08126510056761825
2024.08.13,000015.SZ,0.16561505324136072
2024.08.13,600045.SH,0.03483061350885519
2024.08.13,000028.SZ,0.08443780393198493
2024.08.13,600017.SH,0.05404772491596043
2024.08.13,600023.SH,0.1791473973009301
2024.08.13,600004.SH,0.08151813680865624
2024.08.13,600030.SH,0.3719738500460679
2024.08.13,600013.SH,0.19162742799503374
2024.08.13,600007.SH,0.23382242448774052
2024.08.13,000049.SZ,0.015408038805252738
2024.08.13,600040.SH,0.06436720881416864
2024.08.13,000007.SZ,0.12285887680921008
2024.08.13,000006.SZ,0.3858753746481983
2024.08.13,000019.SZ,0.005847716624952827
2024.08.13,000032.SZ,0.05288958516424426
2024.08.13,000046.SZ,0.07841167352211946
2024.08.13,600039.SH,0.03156275831742603
2024.08.13,000024.SZ,0.03349217304260164
2024.08.13,000017.SZ,0.03876825559095
2024.08.13,000014.SZ,0.24470442006526025
2024.08.13,000018.SZ,0.024345938867228915
2024.08.13,600011.SH,0.014539558032310404
2024.08.13,000001.SZ,0.002666496376583079
2024.08.13,600044.SH,0.3220291242091393
2024.08.13,600015.SH,0.026190392474149407
2024.08.13,600003.SH,0.08323972342285738
2024.08.13,000031.SZ,0.16552653070618933
2024.08.13,600008.SH,0.10628020054092771
2024.08.13,000002.SZ,0.04568042844445946
2024.08.13,000043.SZ,0.002258638216262477
2024.08.13,600002.SH,0.03809316774973425
2024.08.13,000005.SZ,0.34141796401892344
2024.08.13,000025.SZ,0.0057075203564613845
2024.08.13,000029.SZ,0.11894933504945616
2024.08.13,600026.SH,0.07926132523317013
2024.08.13,000041.SZ,0.006355166406996948
2024.08.13,000037.SZ,0.08224190570315083
2024.08.13,600033.SH,0.07260488256947252
2024.08.13,600010.SH,0.024021803755180877
2024.08.13,000008.SZ,0.017546561246085845
2024.08.13,000035.SZ,0.0008845613745508741
2024.08.13,000030.SZ,0.33949396304446666
2024.08.13,600036.SH,0.051194311191162405
2024.08.13,000013.SZ,0.28013146733217753
2024.08.13,600028.SH,0.1063943172016224
2024.08.13,000011.SZ,0.1592172375790935
2024.08.13,000033.SZ,0.23271111181778123
2024.08.13,000026.SZ,0.01731926520280978
2024.08.13,600047.SH,0.06289741605673381
2024.08.13,600035.SH,0.03402838276506671
2024.08.13,600001.SH,0.1057142012730052
2024.08.13,000027.SZ,0.002617959978481157
2024.08.13,600034.SH,0.07960818012859235
2024.08.13,600020.SH,0.04994369186426856
2024.08.13,600018.SH,0.03247362722411328
2024.08.13,600005.SH,0.0785595442873898
2024.08.13,600027.SH,0.07939358146043927
2024.08.13,000023.SZ,0.05822242996854853
2024.08.13,600042.SH,0.08932873533961795
2024.08.13,000038.SZ,0.015029903253819843
2024.08.13,000039.SZ,0.1737405806203517
2024.08.13,000048.SZ,0.18553457832840517
2024.08.13,000010.SZ,0.26395087269810563
2024.08.13,600043.SH,0.10923166066686515
2024.08.13,000022.SZ,0.037364746400018856
2024.08.13,000003.SZ,0.3448398002041551
2024.08.13,600038.SH,0.08491110922064457
2024.08.13,000044.SZ,0.06837590965470063
2024.08.13,000036.SZ,0.026934315941736276
2024.08.13,600024.SH,0.10028263433715155
2024.08.13,600032.SH,0.34490880875353985
2024.08.13,600009.SH,0.0819389993263068
2024.08.13,000045.SZ,0.294562264122664
2024.08.13,600031.SH,0.21470337588286448
2024.08.13,000050.SZ,0.4027202866835077
2024.08.13,600022.SH,0.20377291301979703
2024.08.13,000047.SZ,0.04892449826386678
2024.08.13,600046.SH,0.21923663583762404
2024.08.13,600012.SH,0.02680739224647519
2024.08.13,600006.SH,0.00811392700958776
2024.08.13,000012.SZ,0.09432400276821433
2024.08.13,000034.SZ,0.1560778860419717
2024.08.13,600029.SH,0.30349535711544384
2024.08.13,000021.SZ,0.006466688933035381
2024.08.13,000020.SZ,0.06438689684754315
2024.08.13,600041.SH,0.12128733227661444
2024.08.14,600035.SH,0.036181775729571715
2024.08.14,000046.SZ,0.20976544957418072
2024.08.14,600013.SH,0.052340682159164605
2024.08.14,600010.SH,0.19339650786337442
2024.08.14,000021.SZ,0.026548835264074262
2024.08.14,600019.SH,0.14964662598509948
2024.08.14,000015.SZ,0.037710661268474936
2024.08.14,000022.SZ,0.022805773446938845
2024.08.14,000030.SZ,0.060559002495073025
2024.08.14,000004.SZ,0.10520916212152809
2024.08.14,000005.SZ,0.009124539424490286
2024.08.14,600006.SH,0.04201601591669088
2024.08.14,000002.SZ,0.040165181501613176
2024.08.14,000012.SZ,0.03167914187286889
2024.08.14,600016.SH,0.06361973976929838
2024.08.14,600011.SH,0.007090913997700816
2024.08.14,600037.SH,0.2583260933803119
2024.08.14,600024.SH,0.13846746501590593
2024.08.14,000017.SZ,0.0075476210401651
2024.08.14,600009.SH,0.020196594335354517
2024.08.14,000032.SZ,0.037201254376871905
2024.08.14,600012.SH,0.05021422109983675
2024.08.14,600017.SH,0.5894957507767669
2024.08.14,000037.SZ,0.13746326012232107
2024.08.14,600046.SH,0.016793526790703867
2024.08.14,600033.SH,0.05178636546316664
2024.08.14,000050.SZ,0.054411885906251706
2024.08.14,600049.SH,0.1895241232374268
2024.08.14,000048.SZ,0.05839177837566024
2024.08.14,000019.SZ,0.0810578251221867
2024.08.14,600047.SH,0.25093829021490427
2024.08.14,600044.SH,0.04033563882111717
2024.08.14,000009.SZ,0.21735750853014804
2024.08.14,600040.SH,0.06772203503700876
2024.08.14,000007.SZ,0.03492351887214872
2024.08.14,600029.SH,0.07125734466074993
2024.08.14,000025.SZ,0.10739530928628324
2024.08.14,600027.SH,0.1029364424104295
2024.08.14,600014.SH,0.07994891604297283
2024.08.14,600021.SH,0.020354754232278695
2024.08.14,000029.SZ,0.29085551586310004
2024.08.14,600002.SH,0.044978650600153915
2024.08.14,600001.SH,0.11797541159877295
2024.08.14,000003.SZ,0.10105359115033224
2024.08.14,000006.SZ,0.04606345534327145
2024.08.14,600043.SH,0.2664012852176936
2024.08.14,000041.SZ,0.0128512454956526
2024.08.14,600004.SH,0.06634822736812478
2024.08.14,600000.SH,0.2594826080986273
2024.08.14,600028.SH,0.005533923326861631
2024.08.14,600031.SH,0.2484383864821107
2024.08.14,000039.SZ,0.06052960710086044
2024.08.14,600008.SH,0.07614108677927181
2024.08.14,000014.SZ,0.08935506911586749
2024.08.14,000033.SZ,0.0065984919686307725
2024.08.14,000028.SZ,0.050951940094989934
2024.08.14,000045.SZ,0.02560573510888439
2024.08.14,000038.SZ,0.2702305931063291
2024.08.14,000027.SZ,0.13001097046258275
2024.08.14,000001.SZ,0.046481459273259376
2024.08.14,000035.SZ,0.048466729636692185
2024.08.14,000034.SZ,0.011997049970732903
2024.08.14,000047.SZ,0.01814139845220395
2024.08.14,600022.SH,0.2130375587378265
2024.08.14,000011.SZ,0.003395336364295813
2024.08.14,600042.SH,0.046915385178644055
2024.08.14,600018.SH,0.256718866668923
2024.08.14,000013.SZ,0.20850597669935353
2024.08.14,000049.SZ,0.07762694638018504
2024.08.14,600039.SH,0.3233325298043347
2024.08.14,000023.SZ,0.29643437651195276
2024.08.14,000018.SZ,0.24519096806888477
2024.08.14,600030.SH,0.07543390373481869
2024.08.14,600026.SH,0.00326524579530455
2024.08.14,600015.SH,0.22079174713654992
2024.08.14,600034.SH,0.022201214155166828
2024.08.14,000036.SZ,0.028230854108452625
2024.08.14,000008.SZ,0.11888134473713047
2024.08.14,000026.SZ,0.10536101301734445
2024.08.14,000040.SZ,0.27650298544775553
2024.08.14,600023.SH,0.04788290242315161
2024.08.14,000044.SZ,0.3822620335410676
2024.08.14,000024.SZ,0.022450677273706577
2024.08.14,000042.SZ,0.0577540520578822
2024.08.14,600025.SH,0.0256672909314941
2024.08.14,000010.SZ,0.2543685837016021
2024.08.14,600032.SH,0.0816678018972392
2024.08.14,600048.SH,0.05834586269624222
2024.08.14,600005.SH,0.2852564825252469
2024.08.14,600007.SH,0.023424695154038135
2024.08.14,600020.SH,0.025863456718375654
2024.08.14,600038.SH,0.05345402239455564
2024.08.14,600003.SH,0.12875741158250478
2024.08.14,000016.SZ,0.0022448213098769706
2024.08.14,600041.SH,0.022032994925347653
2024.08.14,600045.SH,0.19999138509474895
2024.08.14,000031.SZ,0.10225593228289652
2024.08.14,000020.SZ,0.02530483841579924
2024.08.15,600044.SH,0.15508763225166025
2024.08.15,000038.SZ,0.14773640412578873
2024.08.15,600031.SH,0.17106435506291287
2024.08.15,000043.SZ,0.08585134922691567
2024.08.15,600037.SH,0.04262667484474977
2024.08.15,000025.SZ,0.01271667614130413
2024.08.15,600018.SH,0.3107546095924429
2024.08.15,600027.SH,0.05025707692893704
2024.08.15,600041.SH,0.025861004279906584
2024.08.15,000039.SZ,0.016503994352001203
2024.08.15,600024.SH,0.05134689807274323
2024.08.15,600010.SH,0.013852414221781127
2024.08.15,000034.SZ,0.01965241168244388
2024.08.15,600045.SH,0.12057915321137487
2024.08.15,000029.SZ,0.03320681922126917
2024.08.15,000042.SZ,0.4962997499443584
2024.08.15,600017.SH,0.11838164797672172
2024.08.15,000007.SZ,0.13137194706289199
2024.08.15,000001.SZ,0.042469646598694594
2024.08.15,000008.SZ,0.027803742154213253
2024.08.15,600008.SH,0.1130798956775793
2024.08.15,000026.SZ,0.2361165731321134
2024.08.15,600047.SH,0.1675602095197271
2024.08.15,000027.SZ,0.0619803522914432
2024.08.15,600038.SH,0.06954318709516391
2024.08.15,000014.SZ,0.011470812162611277
2024.08.15,600026.SH,0.1612375796081118
2024.08.15,600001.SH,0.08548382557613782
2024.08.15,000011.SZ,0.23113474487013497
2024.08.15,000015.SZ,0.03275238509203477
2024.08.15,000028.SZ,0.12594426780204948
2024.08.15,000046.SZ,0.3586453790339009
2024.08.15,000036.SZ,0.003543416407371915
2024.08.15,600034.SH,0.0778520931229195
2024.08.15,000022.SZ,0.017913144725022215
2024.08.15,600039.SH,0.18707217332222953
2024.08.15,000049.SZ,0.025196185220344045
2024.08.15,600000.SH,0.1474976614117344
2024.08.15,000035.SZ,0.1470813782719513
2024.08.15,000012.SZ,0.19123873215479337
2024.08.15,000040.SZ,0.08907891762333293
2024.08.15,600036.SH,0.0034217307875423764
2024.08.15,600012.SH,0.002420907017291077
2024.08.15,000018.SZ,0.2570557473412922
2024.08.15,000045.SZ,0.27546003554713666
2024.08.15,000004.SZ,0.2330104586417256
2024.08.15,600019.SH,0.10631437200777787
2024.08.15,000016.SZ,0.20416819462857472
2024.08.15,000017.SZ,0.02386345087086406
2024.08.15,000005.SZ,0.03169613009856682
2024.08.15,000024.SZ,0.04984168688266874
2024.08.15,600049.SH,0.15966507871961033
2024.08.15,000032.SZ,0.08621964909215646
2024.08.15,000048.SZ,0.18085645407308432
2024.08.15,600043.SH,0.05681037439536347
2024.08.15,600020.SH,0.1783293587993896
2024.08.15,000019.SZ,0.1448901319511006
2024.08.15,000013.SZ,0.2674887211345913
2024.08.15,600016.SH,0.056310071185508744
2024.08.15,600035.SH,0.1353849332748155
2024.08.15,600030.SH,0.2769379009921759
2024.08.15,000003.SZ,0.22217156700004945
2024.08.15,600021.SH,0.01042876070630162
2024.08.15,000030.SZ,0.21225766340420607
2024.08.15,000010.SZ,0.26645232185296647
2024.08.15,600003.SH,0.04888403013864657
2024.08.15,600025.SH,0.09104677683908813
2024.08.15,600006.SH,0.0554276559528291
2024.08.15,000031.SZ,0.15813187809545004
2024.08.15,600023.SH,0.3169672468308094
2024.08.15,000020.SZ,0.06434797959995188
2024.08.15,600048.SH,0.09269176012372067
2024.08.15,000037.SZ,0.018308265020770667
2024.08.15,000041.SZ,0.07634484440500353
2024.08.15,600032.SH,0.043384219967687127
2024.08.15,600029.SH,0.07225549196543192
2024.08.15,000002.SZ,0.15817560478751602
2024.08.15,600042.SH,0.1917893153440354
2024.08.15,600028.SH,0.01325307537109105
2024.08.15,600033.SH,0.23959933727299026
2024.08.15,000021.SZ,0.013955739063021092
2024.08.15,600009.SH,0.11656926676835348
2024.08.15,600022.SH,0.20025112506819395
2024.08.15,000009.SZ,0.10148213644637236
2024.08.15,600011.SH,0.22738784722721042
2024.08.15,600013.SH,0.040799826533220646
2024.08.15,000047.SZ,0.22315112168381368
2024.08.15,600014.SH,0.07322399378243123
2024.08.15,600015.SH,0.11281701725472938
2024.08.15,000023.SZ,0.221771301139418
2024.08.15,000006.SZ,0.044005135700073375
2024.08.15,600002.SH,0.15584131456295006
2024.08.15,600007.SH,0.03550515451286495
2024.08.15,600040.SH,0.10044124748270533
2024.08.15,000044.SZ,0.05874196938139349
2024.08.15,000033.SZ,0.044329606464154334
2024.08.15,600046.SH,0.31403873348787475
2024.08.16,600018.SH,0.07623597706735964
2024.08.16,600032.SH,0.32971561430874613
2024.08.16,600015.SH,0.0612767668256893
2024.08.16,600038.SH,0.023927730081293806
2024.08.16,600010.SH,0.035148633170235574
2024.08.16,000047.SZ,0.0016299575894798562
2024.08.16,000022.SZ,0.25395615376646613
2024.08.16,000041.SZ,0.09031415962877798
2024.08.16,600007.SH,0.4493354502658263
2024.08.16,600002.SH,0.12412011931089857
2024.08.16,000049.SZ,0.18610861315765426
2024.08.16,600035.SH,0.11827964980785999
2024.08.16,600001.SH,0.2393376142836034
2024.08.16,000025.SZ,0.03474618274946816
2024.08.16,600031.SH,0.01951320277709353
2024.08.16,000024.SZ,0.010264141032723285
2024.08.16,000030.SZ,0.16906639383711455
2024.08.16,600021.SH,0.0075832252442326244
2024.08.16,000045.SZ,0.14656561616964012
2024.08.16,000043.SZ,0.3240658266045042
2024.08.16,000021.SZ,0.782773239709734
2024.08.16,600042.SH,0.15131068869810105
2024.08.16,600013.SH,0.0030177004525164305
2024.08.16,600019.SH,0.004803310029370194
2024.08.16,000010.SZ,0.19893476963984036
2024.08.16,000018.SZ,0.6485386096849424
2024.08.16,000031.SZ,0.07356034036374956
2024.08.16,000006.SZ,0.12397863409158282
2024.08.16,000028.SZ,0.04282878752455921
2024.08.16,000008.SZ,0.13247177058396362
2024.08.16,600046.SH,0.005687980665784657
2024.08.16,000011.SZ,0.08602873682974786
2024.08.16,600011.SH,0.356710190331847
2024.08.16,000040.SZ,0.05991392051814931
2024.08.16,000037.SZ,0.031007724459860504
2024.08.16,600037.SH,0.27366937003934766
2024.08.16,000033.SZ,0.07995116314242537
2024.08.16,600012.SH,0.24213514962875107
2024.08.16,600033.SH,0.13185106803768942
2024.08.16,600017.SH,0.04141086193651354
2024.08.16,000027.SZ,0.5251252699454222
2024.08.16,000039.SZ,0.02371065182212826
2024.08.16,000017.SZ,0.18839441507788882
2024.08.16,000035.SZ,0.1722334179295446
2024.08.16,600025.SH,0.258403450169493
2024.08.16,000002.SZ,0.03985373081873376
2024.08.16,000003.SZ,0.03179213255629044
2024.08.16,000012.SZ,0.18522823900929047
2024.08.16,000032.SZ,0.021622397821483865
2024.08.16,600039.SH,0.09550217073804354
2024.08.16,600005.SH,0.01590146700886377
2024.08.16,600024.SH,0.15769913653000112
2024.08.16,000044.SZ,0.05318030896661436
2024.08.16,000023.SZ,0.3387039690569717
2024.08.16,000004.SZ,0.12415848990043524
2024.08.16,600045.SH,0.10538564425038247
2024.08.16,000048.SZ,0.031814405940041174
2024.08.16,000029.SZ,0.149661531829095
2024.08.16,000042.SZ,0.083193278734205
2024.08.16,000007.SZ,0.05097871272236675
2024.08.16,000014.SZ,0.14146510071913873
2024.08.16,000016.SZ,0.4649883011482283
2024.08.16,600009.SH,0.045852048311750965
2024.08.16,000013.SZ,0.21352973541036058
2024.08.16,600034.SH,0.0494418327539141
2024.08.16,000015.SZ,0.0992107126659472
2024.08.16,600043.SH,0.024058216830382236
2024.08.16,600000.SH,0.09747893438021568
2024.08.16,600006.SH,0.11305281344250175
2024.08.16,000019.SZ,0.07023553963643363
2024.08.16,600026.SH,0.0907104756066117
2024.08.16,600023.SH,0.1518531258753044
2024.08.16,000038.SZ,0.06361948707080176
2024.08.16,600022.SH,0.041470263626537544
2024.08.16,600049.SH,0.29922260730643624
2024.08.16,600016.SH,0.0455312769728599
2024.08.16,600027.SH,0.07277992405135206
2024.08.16,600044.SH,0.13407417151697332
2024.08.16,000026.SZ,0.027548833863476264
2024.08.16,600020.SH,0.3798381865153194
2024.08.16,000001.SZ,0.3470330091395756
2024.08.16,000036.SZ,0.393277389692071
2024.08.16,000005.SZ,0.10148391487578665
2024.08.16,600030.SH,0.06388617584646679
2024.08.16,000046.SZ,0.47782997329868193
2024.08.16,000020.SZ,0.15559797415828125
2024.08.16,600048.SH,0.042425306962164885
2024.08.16,600040.SH,0.1821520979999622
2024.08.16,600003.SH,0.024273540546285624
2024.08.16,600047.SH,0.011032687787880963
2024.08.16,600004.SH,0.450741057766617
2024.08.16,600008.SH,0.0023822620626377726
2024.08.16,000009.SZ,0.016088657475495833
2024.08.16,600014.SH,0.01954613432631522
2024.08.16,600036.SH,0.014387420677897564
2024.08.16,000050.SZ,0.4008238210977269
2024.08.16,000034.SZ,0.12359634503878027
2024.08.19,000048.SZ,0.18334380473282338
2024.08.19,000012.SZ,0.28933290423801045
2024.08.19,600021.SH,0.021704151374597302
2024.08.19,600030.SH,0.14683628013940572
2024.08.19,600041.SH,0.4008832305096959
2024.08.19,600049.SH,0.36723342870257586
2024.08.19,600007.SH,0.033106580706273814
2024.08.19,600042.SH,0.044709621744608415
2024.08.19,000004.SZ,0.01934219092294085
2024.08.19,600001.SH,0.03504887624418597
2024.08.19,000037.SZ,0.0633576999361549
2024.08.19,000036.SZ,0.01981875704369803
2024.08.19,000049.SZ,0.005774619661887586
2024.08.19,600008.SH,0.046732023931728206
2024.08.19,000023.SZ,0.24682725962510427
2024.08.19,600003.SH,0.0329554814128876
2024.08.19,000044.SZ,0.1331034816822604
2024.08.19,600013.SH,0.09502415348685013
2024.08.19,000028.SZ,0.18601594937487995
2024.08.19,000029.SZ,0.021553862188875547
2024.08.19,000047.SZ,0.003132465419540741
2024.08.19,000008.SZ,0.2020862219103825
2024.08.19,600039.SH,0.16024574021359525
2024.08.19,000018.SZ,0.05750814694171394
2024.08.19,600035.SH,0.22497631506722712
2024.08.19,600043.SH,0.025445019626482036
2024.08.19,000016.SZ,0.02112461514092168
2024.08.19,600046.SH,0.0438603074205741
2024.08.19,600005.SH,0.0476835254161651
2024.08.19,000035.SZ,0.04394654577487487
2024.08.19,600025.SH,0.10461675281653708
2024.08.19,600022.SH,0.10936968437111398
2024.08.19,600029.SH,0.013021421549967688
2024.08.19,000022.SZ,0.038022091890052505
2024.08.19,600015.SH,0.1871668789065512
2024.08.19,600036.SH,0.0369592292834682
2024.08.19,000010.SZ,0.3345778711373013
2024.08.19,000019.SZ,0.04276231886771024
2024.08.19,000031.SZ,0.08952150844957778
2024.08.19,600012.SH,0.006445032013598255
2024.08.19,600014.SH,0.475421346769183
2024.08.19,600047.SH,0.2360865572795114
2024.08.19,000015.SZ,0.01922765863558474
2024.08.19,000045.SZ,0.018689669882691738
2024.08.19,600048.SH,0.23392472187581778
2024.08.19,600045.SH,0.2906756669508055
2024.08.19,600010.SH,0.10238666743155903
2024.08.19,000011.SZ,0.30376720320540995
2024.08.19,000002.SZ,0.03651383386946633
2024.08.19,000042.SZ,0.04839499715396384
2024.08.19,600016.SH,0.02923591941973239
2024.08.19,600009.SH,0.09507091631914018
2024.08.19,000041.SZ,0.06001980999919243
2024.08.19,600032.SH,0.06172348865078357
2024.08.19,000013.SZ,0.3296786827629092
2024.08.19,000030.SZ,0.0736563673406342
2024.08.19,000021.SZ,0.08159713560771363
2024.08.19,000003.SZ,0.06809197517627527
2024.08.19,000046.SZ,0.03589462830811564
2024.08.19,000020.SZ,0.21654654768692408
2024.08.19,000006.SZ,0.060855381592295484
2024.08.19,600031.SH,0.014147614243440918
2024.08.19,000033.SZ,0.13283182213421277
2024.08.19,000014.SZ,0.3862345318889736
2024.08.19,600024.SH,0.14906049902075438
2024.08.19,600038.SH,0.0752663305173751
2024.08.19,000024.SZ,0.06336078779205534
2024.08.19,000017.SZ,0.11680161360420609
2024.08.19,600037.SH,0.15866415075390958
2024.08.19,000007.SZ,0.23154935740610397
2024.08.19,600033.SH,0.05936805547012473
2024.08.19,600026.SH,0.019575620699825515
2024.08.19,600019.SH,0.1090888644273367
2024.08.19,000038.SZ,0.09074479244277937
2024.08.19,600040.SH,0.056378234102870343
2024.08.19,600023.SH,0.017403489692022562
2024.08.19,600004.SH,0.12327229574611787
2024.08.19,000050.SZ,0.024146898962189217
2024.08.19,000032.SZ,0.0020971228060015883
2024.08.19,600017.SH,0.07474645026123856
2024.08.19,000025.SZ,0.10873691732601147
2024.08.19,000040.SZ,0.3473346482660723
2024.08.19,600000.SH,0.01896551138511914
2024.08.19,000034.SZ,0.15818812737753046
2024.08.19,000026.SZ,0.03892768513587315
2024.08.19,600027.SH,0.33581885745507367
2024.08.19,000009.SZ,0.21093813226036764
2024.08.19,000039.SZ,0.0067155831201329485
2024.08.19,600020.SH,0.026126938394766503
2024.08.19,000027.SZ,0.0053072106328951206
2024.08.19,600044.SH,0.07178327238760585
2024.08.19,600034.SH,0.07620805924418299
2024.08.19,000001.SZ,0.11701486905702599
2024.08.19,600006.SH,0.0001226776439691933
2024.08.19,600002.SH,0.2828128659212527
2024.08.19,000043.SZ,0.13954327583494677
2024.08.19,600011.SH,0.15479099192648674
2024.08.20,600004.SH,0.2236102204124996
2024.08.20,000045.SZ,0.7876948343855552
2024.08.20,600031.SH,0.010239447089415874
2024.08.20,000014.SZ,0.018807533680941086
2024.08.20,600018.SH,0.16073951262724484
2024.08.20,600026.SH,0.04889155902169968
2024.08.20,600034.SH,0.3794764923606374
2024.08.20,600012.SH,0.19852296907192563
2024.08.20,600003.SH,0.049369639208641534
2024.08.20,600044.SH,0.09002576557184525
2024.08.20,600047.SH,0.08448224061673913
2024.08.20,600029.SH,0.34782947916847634
2024.08.20,000047.SZ,0.4377457762329892
2024.08.20,600025.SH,0.018938106110826008
2024.08.20,000021.SZ,0.13659918992415035
2024.08.20,000044.SZ,0.03871977448182821
2024.08.20,600022.SH,0.07062751881581644
2024.08.20,000030.SZ,0.042348975040017986
2024.08.20,000031.SZ,0.14382639077665704
2024.08.20,000023.SZ,0.014782181512389414
2024.08.20,600011.SH,0.09466255295736765
2024.08.20,000037.SZ,0.21525269766220748
2024.08.20,000039.SZ,0.05447917370124053
2024.08.20,000019.SZ,0.18761161465696058
2024.08.20,600021.SH,0.0962221969491137
2024.08.20,000008.SZ,0.27064496106827185
2024.08.20,000050.SZ,0.03833329327530134
2024.08.20,600027.SH,0.11139649423779117
2024.08.20,600043.SH,0.02466058061541088
2024.08.20,000036.SZ,0.4147823259928761
2024.08.20,000026.SZ,0.023924977490307586
2024.08.20,600020.SH,0.014244431289263
2024.08.20,600040.SH,0.024193576336442424
2024.08.20,600048.SH,0.09181853541505644
2024.08.20,000002.SZ,0.21651614349222825
2024.08.20,000048.SZ,0.20439272239461775
2024.08.20,600030.SH,0.17946832062441223
2024.08.20,000025.SZ,0.18508750404164837
2024.08.20,000009.SZ,0.0997352357258202
2024.08.20,600024.SH,0.022368842020234498
2024.08.20,600049.SH,0.35018255847489266
2024.08.20,600035.SH,0.3000342163403285
2024.08.20,000011.SZ,0.03288758713040894
2024.08.20,600007.SH,0.14864415813241313
2024.08.20,000028.SZ,0.06321679957315858
2024.08.20,600045.SH,0.12065835767130424
2024.08.20,600009.SH,0.19358141341199042
2024.08.20,000010.SZ,0.011857624331935471
2024.08.20,600037.SH,0.5058881890602898
2024.08.20,000005.SZ,0.10769490686151324
2024.08.20,600014.SH,0.013449342505446917
2024.08.20,000034.SZ,0.15229116334703516
2024.08.20,000046.SZ,0.21721875458577752
2024.08.20,000006.SZ,0.5113141003268128
2024.08.20,000015.SZ,0.027452282986317363
2024.08.20,000003.SZ,0.02004799662912757
2024.08.20,600002.SH,0.15113986535015914
2024.08.20,600046.SH,0.06527737720995853
2024.08.20,000033.SZ,0.04440404937678732
2024.08.20,600041.SH,0.11425843610716391
2024.08.20,600042.SH,0.044474578848165344
2024.08.20,000013.SZ,0.0929686923140677
2024.08.20,600039.SH,0.058223932450906186
2024.08.20,000038.SZ,0.007318104777592508
2024.08.20,000007.SZ,0.08400923583519118
2024.08.20,600013.SH,0.3226883573283046
2024.08.20,600006.SH,0.02917976057947947
2024.08.20,000024.SZ,0.10665814049366737
2024.08.20,000027.SZ,0.03731499505880514
2024.08.20,000049.SZ,0.03112137528745513
2024.08.20,000042.SZ,0.09069550649673123
2024.08.20,600023.SH,0.01858337151908459
2024.08.20,000040.SZ,0.03760575705631893
2024.08.20,000029.SZ,0.2721754585307432
2024.08.20,600036.SH,0.023327787367432875
2024.08.20,600008.SH,0.020821565373965317
2024.08.20,600010.SH,0.4031258799967077
2024.08.20,600005.SH,0.5894728736747369
2024.08.20,000020.SZ,0.11831094212612624
2024.08.20,000041.SZ,0.010072595304876723
2024.08.20,000016.SZ,0.0562067680672947
2024.08.20,000035.SZ,0.10542359327154172
2024.08.20,600033.SH,0.1435600433658101
2024.08.20,000012.SZ,0.09802719362325547
2024.08.20,600015.SH,0.052289377399398144
2024.08.20,600017.SH,0.08569535704241203
2024.08.20,600001.SH,0.15230791692113274
2024.08.20,000004.SZ,0.010063370353373702
2024.08.20,000032.SZ,0.06531624503189701
2024.08.20,000043.SZ,0.09286741374446796
2024.08.20,000001.SZ,0.0022623447471887786
2024.08.20,000018.SZ,0.011396571494444674
2024.08.20,600019.SH,0.0028906076701916998
2024.08.20,600016.SH,0.2648922923289859
2024.08.20,600032.SH,0.06066941292256907
2024.08.20,600000.SH,0.021710434669093642
2024.08.20,000017.SZ,0.0881215437534348
2024.08.21,000003.SZ,0.23330881849858043
2024.08.21,600008.SH,0.09539317165745348
2024.08.21,000050.SZ,0.05066322394846764
2024.08.21,600012.SH,0.005399567858600182
2024.08.21,000026.SZ,0.08804990270781551
2024.08.21,000016.SZ,0.02662676098215511
2024.08.21,000048.SZ,0.07486425991773596
2024.08.21,600018.SH,0.16478726000194166
2024.08.21,000045.SZ,0.2364155347811026
2024.08.21,600041.SH,0.14622899138729983
2024.08.21,000013.SZ,0.6349146119888719
2024.08.21,600040.SH,0.15064481370920024
2024.08.21,600025.SH,0.11056228362159701
2024.08.21,000021.SZ,0.026890403413904217
2024.08.21,000020.SZ,0.17431173549434173
2024.08.21,600019.SH,0.002352961115330732
2024.08.21,600047.SH,0.25580115520906227
2024.08.21,000010.SZ,0.43012708902317714
2024.08.21,000017.SZ,0.10873769068074284
2024.08.21,000019.SZ,0.30526546706148106
2024.08.21,600049.SH,0.0737947077249872
2024.08.21,600005.SH,0.011522854438325705
2024.08.21,600038.SH,0.026699203332748167
2024.08.21,000046.SZ,0.027752703440062768
2024.08.21,600031.SH,0.17715358483225233
2024.08.21,600048.SH,0.09030722239738281
2024.08.21,000035.SZ,0.13771408905841437
2024.08.21,600020.SH,0.2523719127880953
2024.08.21,600022.SH,0.01514820633386872
2024.08.21,000040.SZ,0.008083136901924592
2024.08.21,600033.SH,0.13799701297814335
2024.08.21,000024.SZ,0.02840718249911152
2024.08.21,600023.SH,0.16603843831596574
2024.08.21,600013.SH,0.16516414756791684
2024.08.21,600000.SH,0.20570345442092208
2024.08.21,000037.SZ,0.2213597340121463
2024.08.21,600029.SH,0.2232737743978393
2024.08.21,600026.SH,0.22380282723071368
2024.08.21,600024.SH,0.26309675478495376
2024.08.21,600046.SH,0.37567081915491957
2024.08.21,600032.SH,0.052235741148201155
2024.08.21,600003.SH,0.3605253558722846
2024.08.21,000022.SZ,0.1323162704966575
2024.08.21,600034.SH,0.018684858386452872
2024.08.21,600035.SH,0.043765602167358725
2024.08.21,000014.SZ,0.04371782594898686
2024.08.21,600037.SH,0.01124429598384523
2024.08.21,600011.SH,0.1111132528516297
2024.08.21,000004.SZ,0.23435814917318068
2024.08.21,000029.SZ,0.01664631292334156
2024.08.21,000023.SZ,0.49040320104707086
2024.08.21,600039.SH,0.12438327663594131
2024.08.21,600043.SH,0.09828676355376542
2024.08.21,000015.SZ,0.08456779431774658
2024.08.21,600009.SH,0.07829342032034296
2024.08.21,000039.SZ,0.02518176085409895
2024.08.21,000032.SZ,0.15550213981633673
2024.08.21,000031.SZ,0.05530701953672945
2024.08.21,000006.SZ,0.012501458491164474
2024.08.21,600027.SH,0.2844354812632497
2024.08.21,000036.SZ,0.020875318710078503
2024.08.21,600007.SH,0.5176671850195249
2024.08.21,600010.SH,0.08963928262766799
2024.08.21,000034.SZ,0.029764071975642334
2024.08.21,000011.SZ,0.3132166036032105
2024.08.21,600015.SH,0.12512364084703845
2024.08.21,600045.SH,0.007017121794182486
2024.08.21,000049.SZ,0.059301097468738496
2024.08.21,600002.SH,0.12890619765619202
2024.08.21,600036.SH,0.18474993180896754
2024.08.21,600021.SH,0.25191383822499686
2024.08.21,600001.SH,0.011448874831089004
2024.08.21,000025.SZ,0.09492883728674961
2024.08.21,000002.SZ,0.35588859322402705
2024.08.21,600030.SH,0.08013312181374911
2024.08.21,000028.SZ,0.026127543934897062
2024.08.21,000009.SZ,0.3266130008008383
2024.08.21,000018.SZ,0.1620174629891643
2024.08.21,000007.SZ,0.20800252469793745
2024.08.21,000042.SZ,0.1388923304246026
2024.08.21,000027.SZ,0.0471881381814383
2024.08.21,000008.SZ,0.12733555305749217
2024.08.21,000043.SZ,0.026148944209410954
2024.08.21,000047.SZ,0.09686381174762498
2024.08.21,600014.SH,0.11575553094204144
2024.08.21,000001.SZ,0.01890871538700683
2024.08.21,600006.SH,0.01555524922937824
2024.08.21,000033.SZ,0.036373954205212965
2024.08.21,600028.SH,0.032476700757381065
2024.08.21,000038.SZ,0.15668423291256883
2024.08.21,600004.SH,0.11620001812590586
2024.08.21,600042.SH,0.031366937320481694
2024.08.21,600016.SH,0.04716569302049157
2024.08.21,000005.SZ,0.08081235890409369
2024.08.21,000041.SZ,0.004755164087045383
2024.08.21,600017.SH,0.17989877011463665
2024.08.21,000012.SZ,0.029848808452471183
2024.08.22,000004.SZ,0.13864942435054872
2024.08.22,600035.SH,0.21396740841321968
2024.08.22,600042.SH,0.018073777571738146
2024.08.22,000034.SZ,0.02244887792114886
2024.08.22,600015.SH,0.030076164030440115
2024.08.22,600022.SH,0.056449564464685395
2024.08.22,000047.SZ,0.14521637455522818
2024.08.22,600029.SH,0.027132646930524543
2024.08.22,000042.SZ,0.10073402481247613
2024.08.22,600010.SH,0.1396470824624414
2024.08.22,000010.SZ,0.09893263557965669
2024.08.22,000008.SZ,0.042325995086536415
2024.08.22,600014.SH,0.03642148966357228
2024.08.22,000024.SZ,0.10539651650616183
2024.08.22,600017.SH,0.16229622921675552
2024.08.22,000019.SZ,0.035162166117709774
2024.08.22,600046.SH,0.3414828749916593
2024.08.22,600032.SH,0.07779385540777459
2024.08.22,600037.SH,0.08410974209814576
2024.08.22,600039.SH,0.37341577107657814
2024.08.22,000040.SZ,0.15442121127865976
2024.08.22,000005.SZ,0.33548265094482355
2024.08.22,600034.SH,0.1065480043957408
2024.08.22,000041.SZ,0.015327473906002994
2024.08.22,600006.SH,0.006754202785247161
2024.08.22,000045.SZ,0.1337144677420415
2024.08.22,000022.SZ,0.09445095670292072
2024.08.22,600049.SH,0.41555347171507584
2024.08.22,000032.SZ,0.39708022839899243
2024.08.22,600011.SH,0.3568688233129282
2024.08.22,600018.SH,0.12038344490575364
2024.08.22,600040.SH,0.12730465733992835
2024.08.22,600003.SH,0.06132429283553122
2024.08.22,600005.SH,0.16117052760777661
2024.08.22,000018.SZ,0.09737914125846159
2024.08.22,600024.SH,0.03925662278497232
2024.08.22,000033.SZ,0.08603536202625882
2024.08.22,600043.SH,0.060657337654889516
2024.08.22,000030.SZ,0.07278109579176355
2024.08.22,600013.SH,0.015832817592758706
2024.08.22,600007.SH,0.07189710515240244
2024.08.22,600020.SH,0.01826010068738698
2024.08.22,600021.SH,0.08794477954525977
2024.08.22,000050.SZ,0.01667902432546683
2024.08.22,000013.SZ,0.1270270319297227
2024.08.22,600033.SH,0.0753319198168875
2024.08.22,600004.SH,0.1507243441074668
2024.08.22,000038.SZ,0.08958150787598103
2024.08.22,000016.SZ,0.1431282862204052
2024.08.22,000049.SZ,0.04575585086445188
2024.08.22,000044.SZ,0.06261013183086049
2024.08.22,000006.SZ,0.042363450813961034
2024.08.22,600031.SH,0.0211686100495583
2024.08.22,000003.SZ,0.007832523973557132
2024.08.22,000043.SZ,0.1348584394463766
2024.08.22,000017.SZ,0.028915802568193334
2024.08.22,000028.SZ,0.15337442032313128
2024.08.22,000036.SZ,0.019394547594137574
2024.08.22,600000.SH,0.051638998222959615
2024.08.22,600026.SH,0.09625895351480424
2024.08.22,600019.SH,0.05526408436229631
2024.08.22,600002.SH,0.2064612729987793
2024.08.22,000037.SZ,0.1099037039264651
2024.08.22,000031.SZ,0.03481642017950309
2024.08.22,600028.SH,0.054299979859620685
2024.08.22,000012.SZ,0.27443635018347695
2024.08.22,600016.SH,0.0439288736535818
2024.08.22,600030.SH,0.051189530278751415
2024.08.22,600009.SH,0.12332204849913438
2024.08.22,600048.SH,0.36272645750229
2024.08.22,600012.SH,0.087028416558048
2024.08.22,600027.SH,0.025648537977852465
2024.08.22,600036.SH,1.2591055448516841
2024.08.22,000027.SZ,0.022727470279437088
2024.08.22,000015.SZ,0.14081637118237447
2024.08.22,000029.SZ,0.03449066385275714
2024.08.22,600001.SH,0.2819500182972025
2024.08.22,000002.SZ,0.1568495614878937
2024.08.22,600025.SH,0.031098239227096203
2024.08.22,000009.SZ,0.006940171907300115
2024.08.22,600047.SH,0.3453009841054303
2024.08.22,000021.SZ,0.10007633669928885
2024.08.22,000011.SZ,0.08134655534127772
2024.08.22,600008.SH,0.4399436088521909
2024.08.22,000001.SZ,0.25325019081978356
2024.08.22,000025.SZ,0.030816604048110468
2024.08.22,000023.SZ,0.05705248083645945
2024.08.22,000035.SZ,0.03204407955816988
2024.08.22,600045.SH,0.2647520116508897
2024.08.22,000039.SZ,0.2737383714733325
2024.08.22,000048.SZ,0.5016271654289377
2024.08.22,600044.SH,0.07603665720924258
2024.08.22,000026.SZ,0.04033940331650271
2024.08.22,600038.SH,0.0316374171932464
2024.08.22,000007.SZ,0.3758655912815335
2024.08.22,000020.SZ,0.17554510145743976
2024.08.23,000032.SZ,0.11248816011635591
2024.08.23,600035.SH,0.12515455753931137
2024.08.23,000020.SZ,0.020893577435607606
2024.08.23,000009.SZ,0.05245000525204643
2024.08.23,000004.SZ,0.03935281863126338
2024.08.23,600016.SH,0.0501224611929923
2024.08.23,600021.SH,0.029854415928407447
2024.08.23,600024.SH,0.009242237194252871
2024.08.23,000025.SZ,0.02468545967163704
2024.08.23,000033.SZ,0.02378092366030632
2024.08.23,600005.SH,0.17126730980971802
2024.08.23,000038.SZ,0.152044391190002
2024.08.23,600037.SH,0.40238939461306467
2024.08.23,600033.SH,0.11681610853993059
2024.08.23,600004.SH,0.045226850760218124
2024.08.23,000023.SZ,0.16494489501312293
2024.08.23,600013.SH,0.2970109832155195
2024.08.23,600044.SH,0.019931538370319978
2024.08.23,600040.SH,0.20213931273652627
2024.08.23,000012.SZ,0.05514979623434898
2024.08.23,000044.SZ,0.2093072773905078
2024.08.23,600023.SH,0.0002515622760493133
2024.08.23,600002.SH,0.1162222598197105
2024.08.23,000040.SZ,0.021161733653783238
2024.08.23,000029.SZ,0.039882617123327115
2024.08.23,000002.SZ,0.020182089676489625
2024.08.23,600017.SH,0.18459666247700673
2024.08.23,000008.SZ,0.00397650255022625
2024.08.23,600029.SH,0.2377408983329221
2024.08.23,000030.SZ,0.02407211185188299
2024.08.23,600039.SH,0.058239640543557895
2024.08.23,000027.SZ,0.020331915835984107
2024.08.23,000028.SZ,0.1854714629045517
2024.08.23,600009.SH,0.20011956539670434
2024.08.23,600006.SH,0.013977684082839814
2024.08.23,600012.SH,0.011846539824913349
2024.08.23,000006.SZ,0.03908537935165354
2024.08.23,000034.SZ,0.0321586282082891
2024.08.23,000019.SZ,0.024835668492005015
2024.08.23,000036.SZ,0.022778754073424418
2024.08.23,000050.SZ,0.024861630907939428
2024.08.23,000022.SZ,0.08568104421867963
2024.08.23,000048.SZ,0.08162155113903595
2024.08.23,600031.SH,0.1381171830515765
2024.08.23,000017.SZ,0.11257818245056721
2024.08.23,600001.SH,0.18485218779678647
2024.08.23,600027.SH,0.028562592351600084
2024.08.23,000037.SZ,0.2998089356429948
2024.08.23,000016.SZ,0.028290887210276436
2024.08.23,600010.SH,0.13263560154066656
2024.08.23,600032.SH,0.2113421016152322
2024.08.23,000043.SZ,0.11717011600720888
2024.08.23,000010.SZ,0.027797451527246126
2024.08.23,000005.SZ,0.049555176902563704
2024.08.23,600038.SH,0.19375659730982317
2024.08.23,600011.SH,0.2790874036661582
2024.08.23,600020.SH,0.0005979105847560512
2024.08.23,600043.SH,0.17076475866736154
2024.08.23,000039.SZ,0.3583316021008511
2024.08.23,000035.SZ,0.02562596300437231
2024.08.23,600030.SH,0.04336159542925393
2024.08.23,000031.SZ,0.17965847615465563
2024.08.23,000014.SZ,0.035421248894371836
2024.08.23,000021.SZ,0.03260153199952911
2024.08.23,600046.SH,0.055325941962477365
2024.08.23,000041.SZ,0.011250636372806433
2024.08.23,000018.SZ,0.1361757338970777
2024.08.23,600025.SH,0.19375360900853258
2024.08.23,600019.SH,0.19575356086864956
2024.08.23,600047.SH,0.15884447349270409
2024.08.23,000046.SZ,0.08501572451465292
2024.08.23,600028.SH,0.48662331315945
2024.08.23,600041.SH,0.27975354562927585
2024.08.23,600007.SH,0.09267979364854914
2024.08.23,000003.SZ,0.0411076869286871
2024.08.23,000015.SZ,0.11702025836385463
2024.08.23,600014.SH,0.0037513565525357667
2024.08.23,000047.SZ,0.18484024112525563
2024.08.23,000024.SZ,0.09054853961859587
2024.08.23,600036.SH,0.019239799180868773
2024.08.23,600015.SH,0.13880839099466222
2024.08.23,600045.SH,0.008768791794200608
2024.08.23,000045.SZ,0.5608679864991759
2024.08.23,600048.SH,0.025604769162705245
2024.08.23,600049.SH,0.3467503824045436
2024.08.23,000011.SZ,0.15252755861487066
2024.08.23,600034.SH,0.04741266488151046
2024.08.23,600008.SH,0.3142347259022029
2024.08.23,600026.SH,0.009160151944594333
2024.08.23,600000.SH,0.07576100161263899
2024.08.23,000042.SZ,0.07067867174907759
2024.08.23,000007.SZ,0.19828300344016805
2024.08.23,000026.SZ,0.12634557493554954
2024.08.23,600042.SH,0.002027254184041906
2024.08.23,600003.SH,0.13825501496388412
2024.08.23,600022.SH,0.11458342420565393
2024.08.23,000049.SZ,0.05151988285966602
