TradingDate,SecurityID,Value
2024.06.03,000034.SZ,0.03466496368332882
2024.06.03,000030.SZ,0.07691936161430464
2024.06.03,000019.SZ,0.03581231557690761
2024.06.03,600022.SH,0.024001611319707405
2024.06.03,000014.SZ,0.06811047174772188
2024.06.03,600029.SH,0.300734846807721
2024.06.03,600027.SH,0.08656196377216951
2024.06.03,000009.SZ,0.1444015961960297
2024.06.03,000001.SZ,0.15356685109979862
2024.06.03,000042.SZ,0.05296345118046466
2024.06.03,600021.SH,0.03343500891463092
2024.06.03,600005.SH,0.4869033476369769
2024.06.03,000040.SZ,0.38620885383758563
2024.06.03,000050.SZ,0.18262568617978298
2024.06.03,600002.SH,0.004683607340428647
2024.06.03,600007.SH,0.10954600923577311
2024.06.03,000005.SZ,0.445076622020131
2024.06.03,000023.SZ,0.006358439068164697
2024.06.03,000027.SZ,0.1051658969239696
2024.06.03,000043.SZ,0.15443413368022066
2024.06.03,600044.SH,0.04266145242225136
2024.06.03,000047.SZ,0.09652137156887396
2024.06.03,000031.SZ,0.16486460023067984
2024.06.03,000036.SZ,0.14174691194852698
2024.06.03,000021.SZ,0.19434874393867277
2024.06.03,600028.SH,0.11945952115560421
2024.06.03,000044.SZ,0.1903444226306749
2024.06.03,000007.SZ,0.03878040879852566
2024.06.03,000011.SZ,0.14507589637250842
2024.06.03,000028.SZ,0.23458331673330202
2024.06.03,600040.SH,0.002718052211398986
2024.06.03,000024.SZ,0.08986445964649055
2024.06.03,600000.SH,0.21411538878517725
2024.06.03,600039.SH,0.09613319263201199
2024.06.03,000022.SZ,0.003296666276408802
2024.06.03,000010.SZ,0.0019295584772899047
2024.06.03,600045.SH,0.08656103374661783
2024.06.03,600046.SH,0.18143026785386954
2024.06.03,600012.SH,0.15845956383686632
2024.06.03,600034.SH,0.037231108799194834
2024.06.03,600043.SH,0.20468604145206407
2024.06.03,600038.SH,0.4105061848710506
2024.06.03,600014.SH,0.07008631097678764
2024.06.03,600011.SH,0.157007477406698
2024.06.03,000025.SZ,0.013538455956568368
2024.06.03,000029.SZ,0.20116413890816412
2024.06.03,600048.SH,0.033686343976065396
2024.06.03,600003.SH,0.14383071929950275
2024.06.03,600037.SH,0.005433069323544065
2024.06.03,600020.SH,0.16977927583134889
2024.06.03,000016.SZ,0.005061196973235772
2024.06.03,000006.SZ,0.2766093612872889
2024.06.03,600016.SH,0.003351736141373845
2024.06.03,000045.SZ,0.06774667343381399
2024.06.03,000048.SZ,0.26782519576815805
2024.06.03,000046.SZ,0.09774897001942835
2024.06.03,600018.SH,0.0003926181835585828
2024.06.03,000037.SZ,0.027836764225063954
2024.06.03,000032.SZ,0.14042189403243988
2024.06.03,000002.SZ,0.007979540545464804
2024.06.03,000015.SZ,0.04893967999693269
2024.06.03,600033.SH,0.03921312402610672
2024.06.03,600036.SH,0.11831055813439476
2024.06.03,600009.SH,0.015981180165409403
2024.06.03,600047.SH,0.005567492002509252
2024.06.03,600030.SH,0.058678931521778804
2024.06.03,000004.SZ,0.22499535060030013
2024.06.03,600019.SH,0.04710673793151945
2024.06.03,600049.SH,0.05377504974501274
2024.06.03,600026.SH,0.0543332827447649
2024.06.03,000039.SZ,0.022272003986202805
2024.06.03,600001.SH,0.2302599028880905
2024.06.03,600023.SH,0.0734679012712137
2024.06.03,000026.SZ,0.1935954083037889
2024.06.03,600024.SH,0.07738882597238728
2024.06.03,600006.SH,0.067445741715758
2024.06.03,000017.SZ,0.09117591722051108
2024.06.03,600041.SH,0.13803135605012185
2024.06.03,000012.SZ,0.18239688627931436
2024.06.03,600017.SH,0.026877531297390605
2024.06.03,600008.SH,0.12066824609737485
2024.06.03,000020.SZ,0.024253712721601955
2024.06.03,600025.SH,0.1559472859907576
2024.06.03,000038.SZ,0.32426240746400325
2024.06.03,600031.SH,0.08485088893221909
2024.06.03,000008.SZ,0.12635710388438834
2024.06.03,600035.SH,0.034805020067503974
2024.06.03,600032.SH,0.14298971497853286
2024.06.03,600010.SH,0.16227616451036653
2024.06.03,000003.SZ,0.04009768687839789
2024.06.03,600013.SH,0.03470690407501497
2024.06.03,600015.SH,0.12280353380042779
2024.06.03,000018.SZ,0.028510445798603234
2024.06.03,000035.SZ,0.6793156243813995
2024.06.03,000013.SZ,0.054193854308405856
2024.06.03,000033.SZ,0.046047653352176574
2024.06.03,000041.SZ,0.041086984285216586
2024.06.04,000030.SZ,0.2609513793335396
2024.06.04,600031.SH,0.0823451343790101
2024.06.04,000017.SZ,0.0875272568394869
2024.06.04,600011.SH,0.0006184775793254006
2024.06.04,600045.SH,0.07770459940995593
2024.06.04,600034.SH,0.046219206739006945
2024.06.04,600037.SH,0.22453439448246926
2024.06.04,600001.SH,0.07182745339183676
2024.06.04,000047.SZ,0.2599851932698085
2024.06.04,600029.SH,0.22317962457899115
2024.06.04,000024.SZ,0.19085816453005608
2024.06.04,000049.SZ,0.029382940620085292
2024.06.04,600032.SH,0.35253539430156805
2024.06.04,600038.SH,0.11623259678889483
2024.06.04,600027.SH,0.030986992534743497
2024.06.04,600025.SH,0.09159561573971403
2024.06.04,600015.SH,0.010658284095601833
2024.06.04,000032.SZ,0.015526674650667507
2024.06.04,000025.SZ,0.09923849716793552
2024.06.04,600020.SH,0.05680592562417215
2024.06.04,000027.SZ,0.028976765797536292
2024.06.04,600042.SH,0.11732239925798472
2024.06.04,000045.SZ,0.003019716324875185
2024.06.04,000009.SZ,0.09803255752516106
2024.06.04,000006.SZ,0.002996961672163263
2024.06.04,000022.SZ,0.0042131948526364
2024.06.04,000046.SZ,0.06512659228104563
2024.06.04,000021.SZ,0.05993134909290986
2024.06.04,000008.SZ,0.22091101819459785
2024.06.04,000010.SZ,0.07960357799867447
2024.06.04,000035.SZ,0.2415427503912873
2024.06.04,600048.SH,0.5458663431843993
2024.06.04,600024.SH,0.25318149013449726
2024.06.04,000019.SZ,0.055348805216510075
2024.06.04,600023.SH,0.05867286192446789
2024.06.04,000007.SZ,0.08312274257557278
2024.06.04,600021.SH,0.1024204105884959
2024.06.04,000036.SZ,0.13801357007797
2024.06.04,600010.SH,0.07584618606861293
2024.06.04,600033.SH,0.20909383931801853
2024.06.04,600016.SH,0.08692841010147183
2024.06.04,600000.SH,0.35061884750800654
2024.06.04,600043.SH,0.35175210784487376
2024.06.04,600036.SH,0.08886394680651201
2024.06.04,600009.SH,0.0583408355275182
2024.06.04,000001.SZ,0.10896705074733708
2024.06.04,000018.SZ,0.07719092226151994
2024.06.04,600028.SH,0.3065503247039247
2024.06.04,000002.SZ,0.05926170602064714
2024.06.04,000003.SZ,0.013627226465276795
2024.06.04,000014.SZ,0.12391536257500481
2024.06.04,000026.SZ,0.2765639863123848
2024.06.04,000048.SZ,0.11197706985497322
2024.06.04,600003.SH,0.011074632413541344
2024.06.04,600013.SH,0.07492743486681895
2024.06.04,600040.SH,0.020846572538216104
2024.06.04,600018.SH,0.03417833650061349
2024.06.04,000004.SZ,0.22185422410397415
2024.06.04,600046.SH,0.4215871128669033
2024.06.04,000040.SZ,0.0026850071523302835
2024.06.04,600004.SH,0.09204988589415346
2024.06.04,600044.SH,0.014731905313358927
2024.06.04,000023.SZ,0.08551383256670182
2024.06.04,600049.SH,0.042535697647514845
2024.06.04,000020.SZ,0.17796301578215304
2024.06.04,000031.SZ,0.0543615868376727
2024.06.04,000033.SZ,0.05687321946452668
2024.06.04,000042.SZ,0.13754959936275235
2024.06.04,000044.SZ,0.2504178222868591
2024.06.04,600041.SH,0.21372169840513214
2024.06.04,600008.SH,0.06013660494826126
2024.06.04,600026.SH,0.3027151078131615
2024.06.04,600005.SH,0.05537211639475789
2024.06.04,000012.SZ,0.04249560271363866
2024.06.04,600030.SH,0.0004915147425809053
2024.06.04,000041.SZ,0.06558368752016792
2024.06.04,600017.SH,0.31388571308983454
2024.06.04,000034.SZ,0.16719008194297155
2024.06.04,000016.SZ,0.09563942624440239
2024.06.04,600022.SH,0.020050683377037058
2024.06.04,600007.SH,0.7447009776975824
2024.06.04,000043.SZ,0.3374961277311033
2024.06.04,000050.SZ,0.10126822005653285
2024.06.04,600039.SH,0.03985367607105535
2024.06.04,600014.SH,0.034277106978488354
2024.06.04,000037.SZ,0.05293188146443746
2024.06.04,000013.SZ,0.15870369475177387
2024.06.04,600006.SH,0.05628161400299381
2024.06.04,600019.SH,0.47876017751338157
2024.06.04,000011.SZ,0.07513040712849538
2024.06.04,600012.SH,0.23466991541144067
2024.06.04,600035.SH,0.17938801779203783
2024.06.04,000028.SZ,0.15219962789923638
2024.06.04,000038.SZ,0.06196888227244349
2024.06.04,000005.SZ,0.11429589407707191
2024.06.04,000015.SZ,0.07334669924456066
2024.06.04,000039.SZ,0.003321575620529187
2024.06.04,600002.SH,0.20904452879238783
2024.06.05,000018.SZ,0.3340665803039174
2024.06.05,000020.SZ,0.09286770627587818
2024.06.05,000021.SZ,0.0302977540754047
2024.06.05,600012.SH,0.10144724340645798
2024.06.05,600044.SH,0.01634693511133068
2024.06.05,600010.SH,0.3252240794972359
2024.06.05,000041.SZ,0.04311991978141451
2024.06.05,600026.SH,0.1200632387277955
2024.06.05,000037.SZ,0.10190198913263802
2024.06.05,600021.SH,0.07963155358399851
2024.06.05,600041.SH,0.03299459803666263
2024.06.05,000013.SZ,0.024853666282131585
2024.06.05,600039.SH,0.06722264796363091
2024.06.05,000001.SZ,0.2525373676889778
2024.06.05,000009.SZ,0.06381792627084627
2024.06.05,000030.SZ,0.0814050788646589
2024.06.05,600047.SH,0.009518061417473389
2024.06.05,000047.SZ,0.04763263231311055
2024.06.05,000031.SZ,0.25508859238818127
2024.06.05,000010.SZ,0.0034391996581875466
2024.06.05,000048.SZ,0.008965535800647401
2024.06.05,600015.SH,0.2582248981451591
2024.06.05,000049.SZ,0.13471382965937048
2024.06.05,600022.SH,0.057932955054278465
2024.06.05,000027.SZ,0.45156192316953275
2024.06.05,000039.SZ,0.021956378473794908
2024.06.05,000034.SZ,0.053840686603501546
2024.06.05,600027.SH,0.1310182949660941
2024.06.05,000038.SZ,0.05091363251779872
2024.06.05,600043.SH,0.11206260433370588
2024.06.05,600000.SH,0.016260034688086088
2024.06.05,000002.SZ,0.6104422230356078
2024.06.05,600042.SH,0.0072942610629945035
2024.06.05,600046.SH,0.18174494338679184
2024.06.05,600018.SH,0.03526325632783165
2024.06.05,600002.SH,0.3135789754790332
2024.06.05,600004.SH,0.07168636463916732
2024.06.05,600030.SH,0.1888796978092874
2024.06.05,600013.SH,0.3051937288289335
2024.06.05,600049.SH,0.08493751347311447
2024.06.05,600020.SH,0.01684143023399967
2024.06.05,000046.SZ,0.14566754077638566
2024.06.05,600009.SH,0.19309722041939145
2024.06.05,000019.SZ,0.14928413797871853
2024.06.05,600024.SH,0.039769995466713816
2024.06.05,000003.SZ,0.033077160670809215
2024.06.05,600003.SH,0.07838469747516337
2024.06.05,000036.SZ,0.050141887562654454
2024.06.05,600014.SH,0.01930851413098376
2024.06.05,000026.SZ,0.012388192442292131
2024.06.05,600019.SH,0.14067216654394338
2024.06.05,000042.SZ,0.056570686415265456
2024.06.05,000025.SZ,0.052135433642986194
2024.06.05,000024.SZ,0.06456729895049772
2024.06.05,600031.SH,0.08918647598424292
2024.06.05,600025.SH,0.021843476076432337
2024.06.05,000043.SZ,0.015128648520669148
2024.06.05,000045.SZ,0.016911001072141555
2024.06.05,600006.SH,0.08203455286613852
2024.06.05,600048.SH,0.019578821509511592
2024.06.05,000017.SZ,0.09759054910589365
2024.06.05,600029.SH,0.07646790095579431
2024.06.05,600037.SH,0.013628342529678001
2024.06.05,600045.SH,0.33761038025893486
2024.06.05,600035.SH,0.1587475956707637
2024.06.05,000032.SZ,0.516150913950144
2024.06.05,600008.SH,0.14124574148045993
2024.06.05,600016.SH,0.016565169657624095
2024.06.05,000006.SZ,0.03584575406753566
2024.06.05,000016.SZ,0.17012359032814348
2024.06.05,000035.SZ,0.09759032066458032
2024.06.05,600038.SH,0.04247013175736218
2024.06.05,000023.SZ,0.024118585822296378
2024.06.05,000040.SZ,0.10721404873058506
2024.06.05,600034.SH,0.20820558377180798
2024.06.05,000014.SZ,0.1303569530269279
2024.06.05,600023.SH,0.0331959881646261
2024.06.05,000033.SZ,0.12546187160691732
2024.06.05,000007.SZ,0.24074327169215148
2024.06.05,600005.SH,0.016287800422366553
2024.06.05,000008.SZ,0.6776240792025333
2024.06.05,000012.SZ,0.1829667237057664
2024.06.05,000044.SZ,0.014787399981570729
2024.06.05,000029.SZ,0.09449447806442422
2024.06.05,000022.SZ,0.434086658867343
2024.06.05,600028.SH,0.13239545238465233
2024.06.05,000011.SZ,0.029411299626541775
2024.06.05,000005.SZ,0.023838473451887783
2024.06.05,600040.SH,0.021856757923997227
2024.06.05,600036.SH,0.02421861672528176
2024.06.05,600032.SH,0.07728050355767764
2024.06.05,600017.SH,0.2539060534873373
2024.06.05,000004.SZ,0.16743209504088127
2024.06.05,600033.SH,0.04836594930273946
2024.06.05,600011.SH,0.1336111588261127
2024.06.05,000050.SZ,0.060564148409176566
2024.06.06,000014.SZ,0.2221101720196176
2024.06.06,000004.SZ,0.029280600981024942
2024.06.06,600020.SH,0.25322946427657317
2024.06.06,000039.SZ,0.14093477457077866
2024.06.06,600041.SH,0.02497552294359245
2024.06.06,600012.SH,0.07255776809722256
2024.06.06,600018.SH,0.1944392510800361
2024.06.06,600029.SH,0.046700218416397696
2024.06.06,000029.SZ,0.03414358850160915
2024.06.06,000027.SZ,0.04560404097789633
2024.06.06,000048.SZ,0.3549225840559006
2024.06.06,000031.SZ,0.13405457866970405
2024.06.06,600008.SH,0.1526020883176632
2024.06.06,600046.SH,0.23637850681508973
2024.06.06,600014.SH,0.15569157734246505
2024.06.06,000016.SZ,0.011647679668330708
2024.06.06,600031.SH,0.17639158271721952
2024.06.06,000024.SZ,0.02711121774196464
2024.06.06,000007.SZ,0.1456218591844465
2024.06.06,000019.SZ,0.006456581060846195
2024.06.06,600030.SH,0.12767746000411465
2024.06.06,600000.SH,0.04195929556383921
2024.06.06,000022.SZ,0.04513470652363515
2024.06.06,000042.SZ,0.0361200528651177
2024.06.06,000034.SZ,0.0291043425602901
2024.06.06,000006.SZ,0.15832552600506733
2024.06.06,600048.SH,0.025379431290496447
2024.06.06,600044.SH,0.1534166567731403
2024.06.06,600045.SH,0.0997119314411944
2024.06.06,000050.SZ,0.016462367134707584
2024.06.06,600028.SH,0.013741590114867148
2024.06.06,600015.SH,0.20797544693064882
2024.06.06,000046.SZ,0.14765975809261522
2024.06.06,600011.SH,0.07870263712528153
2024.06.06,000035.SZ,0.05981015447739436
2024.06.06,000017.SZ,0.08296952791476009
2024.06.06,600023.SH,0.08534467944284567
2024.06.06,000008.SZ,0.3406335398725167
2024.06.06,000045.SZ,0.09219306264062463
2024.06.06,600009.SH,0.02748133238767744
2024.06.06,000043.SZ,0.10092285043533285
2024.06.06,600037.SH,0.39297810031970837
2024.06.06,600005.SH,0.07379380636790259
2024.06.06,600024.SH,0.35187053094934156
2024.06.06,600007.SH,0.33326626870145154
2024.06.06,600004.SH,0.03826790796014051
2024.06.06,000002.SZ,0.1806101758953722
2024.06.06,600019.SH,0.18689732482376037
2024.06.06,000015.SZ,0.00025043081098979474
2024.06.06,600039.SH,0.5335902733742041
2024.06.06,600035.SH,0.062004252007993345
2024.06.06,600017.SH,0.13915625217151667
2024.06.06,000036.SZ,0.14017599909051595
2024.06.06,600033.SH,0.0008297414108708615
2024.06.06,600022.SH,0.03404673329189855
2024.06.06,000030.SZ,0.12692494697362927
2024.06.06,600006.SH,0.026741821060366166
2024.06.06,000005.SZ,0.14098681747739844
2024.06.06,600025.SH,0.1362512339682835
2024.06.06,000028.SZ,0.007057799125535935
2024.06.06,600010.SH,0.1868282175617265
2024.06.06,000047.SZ,0.16782150519700625
2024.06.06,000041.SZ,0.026157178451034612
2024.06.06,000044.SZ,0.09170793303042059
2024.06.06,600038.SH,0.05295430177013463
2024.06.06,600002.SH,0.022721697297689213
2024.06.06,000018.SZ,0.11445954618074594
2024.06.06,600016.SH,0.10867028021067102
2024.06.06,000011.SZ,0.31928574921030944
2024.06.06,600027.SH,0.1372384022530459
2024.06.06,000049.SZ,0.0001868289147783141
2024.06.06,000025.SZ,0.060237797161293925
2024.06.06,600001.SH,0.048325910027624985
2024.06.06,600003.SH,0.14715175306901104
2024.06.06,600042.SH,0.3506594464205065
2024.06.06,000012.SZ,0.2144803984414037
2024.06.06,000010.SZ,0.280936682104516
2024.06.06,000040.SZ,0.07328789389375223
2024.06.06,600034.SH,0.011299718316872437
2024.06.06,600047.SH,0.035907470558283874
2024.06.06,600026.SH,0.016202681793963142
2024.06.06,600013.SH,0.020179935145456036
2024.06.06,000038.SZ,0.023789253856163397
2024.06.06,000037.SZ,0.1558791243691494
2024.06.06,600036.SH,0.2986819256711434
2024.06.06,000013.SZ,0.009818835160507694
2024.06.06,000021.SZ,0.053304322127070855
2024.06.06,000033.SZ,0.13887067242014753
2024.06.06,000023.SZ,0.019740074294867682
2024.06.06,600049.SH,0.04032014316512368
2024.06.06,600021.SH,0.14346096330687733
2024.06.06,000003.SZ,0.0528823681985646
2024.06.06,600032.SH,0.2682696902941032
2024.06.06,000009.SZ,0.26660623292249486
2024.06.06,000001.SZ,0.09091106914411204
2024.06.06,000026.SZ,0.016550275459029023
2024.06.06,000032.SZ,0.00854215558090338
2024.06.06,600043.SH,0.0567200788009404
2024.06.07,600043.SH,0.012108893328935518
2024.06.07,600023.SH,0.19194910378578858
2024.06.07,000025.SZ,0.08374461277336633
2024.06.07,000027.SZ,0.2975979571729146
2024.06.07,000038.SZ,0.19463247449696205
2024.06.07,600037.SH,0.11246524030207541
2024.06.07,600013.SH,0.011963445824682901
2024.06.07,600024.SH,0.02140315877066368
2024.06.07,600032.SH,0.046701227761505495
2024.06.07,000046.SZ,0.012735327052908252
2024.06.07,000033.SZ,0.0945230412630627
2024.06.07,600035.SH,0.01957930715891475
2024.06.07,600010.SH,0.13886231735120608
2024.06.07,600027.SH,0.04412928061564833
2024.06.07,000041.SZ,0.08475522586861957
2024.06.07,000015.SZ,0.19635194566639672
2024.06.07,000021.SZ,0.07468101650327875
2024.06.07,600014.SH,0.19269138396808852
2024.06.07,600000.SH,0.019380655237902274
2024.06.07,000003.SZ,0.0936345628612152
2024.06.07,600038.SH,0.028907929155476794
2024.06.07,000028.SZ,0.026863709039803264
2024.06.07,600015.SH,0.09986855389766773
2024.06.07,600042.SH,0.1464198097880056
2024.06.07,000001.SZ,0.1104809867121857
2024.06.07,600017.SH,0.1309325128988703
2024.06.07,600018.SH,0.28905771037704203
2024.06.07,600020.SH,0.23983953990034051
2024.06.07,000040.SZ,0.05767312907689244
2024.06.07,600004.SH,0.0425858532036129
2024.06.07,000020.SZ,0.11398613064145385
2024.06.07,600022.SH,0.0570855568445391
2024.06.07,000037.SZ,0.0612267686938952
2024.06.07,000018.SZ,0.10458188016849713
2024.06.07,600002.SH,0.3751191631054782
2024.06.07,600008.SH,0.06621893433898651
2024.06.07,600033.SH,0.1766105478378723
2024.06.07,600016.SH,0.01937195909789453
2024.06.07,000017.SZ,0.2054296388859028
2024.06.07,000024.SZ,0.2565733861345945
2024.06.07,600026.SH,0.21076590966878758
2024.06.07,000008.SZ,0.09433601544986675
2024.06.07,000002.SZ,0.013243605672479763
2024.06.07,600005.SH,0.02000438621418401
2024.06.07,600034.SH,0.011641359771914519
2024.06.07,600006.SH,0.43209476817814446
2024.06.07,000042.SZ,0.0012923050126314017
2024.06.07,000029.SZ,0.25453917674979687
2024.06.07,000004.SZ,0.037308244641220574
2024.06.07,000047.SZ,0.22399060110914237
2024.06.07,600048.SH,0.37521282418829366
2024.06.07,000010.SZ,0.3640496421318909
2024.06.07,000036.SZ,0.022453323783273756
2024.06.07,000016.SZ,0.027279618736546694
2024.06.07,600007.SH,0.07902785798322078
2024.06.07,000035.SZ,0.024645674370338305
2024.06.07,600029.SH,0.04784779646235012
2024.06.07,000011.SZ,0.3584479383091395
2024.06.07,000050.SZ,0.09854617905754734
2024.06.07,000039.SZ,0.0489871229710765
2024.06.07,000044.SZ,0.027230277701459256
2024.06.07,600021.SH,0.4930521216914206
2024.06.07,000032.SZ,0.16942646314935308
2024.06.07,000019.SZ,0.07636435940860294
2024.06.07,600041.SH,0.09925048889036582
2024.06.07,000043.SZ,0.016096796152043808
2024.06.07,600045.SH,0.1254476610684849
2024.06.07,600028.SH,0.14037525091216138
2024.06.07,000023.SZ,0.06855593542274495
2024.06.07,600012.SH,0.01565571510450334
2024.06.07,000006.SZ,0.041409687643945925
2024.06.07,600049.SH,0.20871669774539475
2024.06.07,000030.SZ,0.05832519524733932
2024.06.07,000005.SZ,0.3000102244729133
2024.06.07,000034.SZ,0.2432612656364037
2024.06.07,600036.SH,0.4434096642949842
2024.06.07,600039.SH,0.12357755936401763
2024.06.07,600025.SH,0.014699021787858276
2024.06.07,000049.SZ,0.047226681648073476
2024.06.07,000026.SZ,0.31184204399820936
2024.06.07,600046.SH,0.26756323122727105
2024.06.07,000045.SZ,0.04869527547374473
2024.06.07,000022.SZ,0.0011309332875523161
2024.06.07,000031.SZ,0.2563373899779229
2024.06.07,600009.SH,0.07101518146707471
2024.06.07,600003.SH,0.19526068629855292
2024.06.07,000048.SZ,0.25968733510483144
2024.06.07,600047.SH,0.2986901504121028
2024.06.07,000009.SZ,0.031937379101809334
2024.06.07,600044.SH,0.10715764526089387
2024.06.07,600019.SH,0.1566201160125691
2024.06.07,000012.SZ,0.023240161440901713
2024.06.07,000014.SZ,0.17895328360151613
2024.06.07,600011.SH,0.014350971995682115
2024.06.07,600040.SH,0.02572443021173706
2024.06.07,600030.SH,0.27409103656672185
2024.06.07,000013.SZ,0.2949762997919238
2024.06.07,600001.SH,0.023639265847059963
2024.06.10,000006.SZ,0.1009762267477546
2024.06.10,600039.SH,0.19515862951932175
2024.06.10,600041.SH,0.02867599757134305
2024.06.10,000042.SZ,0.03363616553307747
2024.06.10,000029.SZ,0.06111787894023433
2024.06.10,000046.SZ,0.012373588505991759
2024.06.10,600007.SH,0.042057814776384705
2024.06.10,600046.SH,0.14577062924782422
2024.06.10,000049.SZ,0.4055916054025756
2024.06.10,000014.SZ,0.41895174040580535
2024.06.10,000002.SZ,0.0253531590851192
2024.06.10,600048.SH,0.3727827319861502
2024.06.10,000034.SZ,0.07989098119543514
2024.06.10,600005.SH,0.05344838004954377
2024.06.10,600016.SH,0.05456586348050085
2024.06.10,600014.SH,0.03132744348970341
2024.06.10,600038.SH,0.24702919138392307
2024.06.10,000039.SZ,0.04335193989838309
2024.06.10,000036.SZ,0.06130863771991983
2024.06.10,600040.SH,0.01195397034537869
2024.06.10,600028.SH,0.009950922220631249
2024.06.10,000026.SZ,0.21633199204561693
2024.06.10,000045.SZ,0.1416446817028072
2024.06.10,600021.SH,0.08206122014104152
2024.06.10,600003.SH,0.043578812685406955
2024.06.10,600001.SH,0.006515088925870824
2024.06.10,000037.SZ,0.3332604298443828
2024.06.10,000023.SZ,0.0006683999777080888
2024.06.10,600013.SH,0.05681887566607741
2024.06.10,600027.SH,0.1553925067736487
2024.06.10,000041.SZ,0.11051822240930674
2024.06.10,000047.SZ,0.02417427382852455
2024.06.10,000040.SZ,0.21740880963369422
2024.06.10,000020.SZ,0.06452624100870083
2024.06.10,600049.SH,0.14037071880206842
2024.06.10,600019.SH,0.040079592700438135
2024.06.10,600008.SH,0.16819993791683424
2024.06.10,000012.SZ,0.14389301421865028
2024.06.10,600000.SH,0.6745185513719902
2024.06.10,600047.SH,0.13600489254175283
2024.06.10,000050.SZ,0.03054509061139536
2024.06.10,000048.SZ,0.005033212337517643
2024.06.10,600034.SH,0.12012238835306424
2024.06.10,000030.SZ,0.1825826864279218
2024.06.10,600009.SH,0.2139445285075404
2024.06.10,600032.SH,0.059824857426537995
2024.06.10,600025.SH,0.5712681870544313
2024.06.10,000008.SZ,0.10771001205554834
2024.06.10,000031.SZ,0.08020436333000165
2024.06.10,600023.SH,0.30201310966458916
2024.06.10,600010.SH,0.47728939662144965
2024.06.10,000043.SZ,0.05405408614231414
2024.06.10,600030.SH,0.2352810488740592
2024.06.10,000016.SZ,0.35492392976830006
2024.06.10,600036.SH,0.050260232820260556
2024.06.10,000018.SZ,0.02723944752701507
2024.06.10,000003.SZ,0.0570750127211472
2024.06.10,600035.SH,0.12502781287918985
2024.06.10,000005.SZ,0.36512801485605034
2024.06.10,600031.SH,0.014207044486667406
2024.06.10,000025.SZ,0.22664857282967057
2024.06.10,000013.SZ,0.03438018477164202
2024.06.10,000001.SZ,0.22453726871322455
2024.06.10,600022.SH,0.20045290010084155
2024.06.10,600042.SH,0.0778136993991835
2024.06.10,600006.SH,0.2144094102133339
2024.06.10,600004.SH,0.09055941091729831
2024.06.10,600045.SH,0.08863362736402969
2024.06.10,000044.SZ,0.08400750709443043
2024.06.10,000021.SZ,0.01774513991959039
2024.06.10,000004.SZ,0.06935321077575794
2024.06.10,600033.SH,0.024855227206270508
2024.06.10,600020.SH,0.12751472498200536
2024.06.10,600044.SH,0.0962825595577126
2024.06.10,000015.SZ,0.07809808736476269
2024.06.10,000027.SZ,0.21829773049665332
2024.06.10,000017.SZ,0.5185997548191733
2024.06.10,600024.SH,0.032835149185213276
2024.06.10,000024.SZ,0.1725848966486429
2024.06.10,000035.SZ,0.04962090456779185
2024.06.10,600026.SH,0.43989045191892945
2024.06.10,600017.SH,0.02075387782272968
2024.06.10,600011.SH,0.006244102189940041
2024.06.10,600015.SH,0.045324373542377804
2024.06.10,600043.SH,0.02073536354474725
2024.06.10,600012.SH,0.1863949610631981
2024.06.10,600018.SH,0.20652014497523152
2024.06.10,000038.SZ,0.29732061512813635
2024.06.10,000033.SZ,0.1809706698640899
2024.06.10,600029.SH,0.06247311146051656
2024.06.10,600037.SH,0.006374879927685981
2024.06.10,000028.SZ,0.24988495828309026
2024.06.10,000032.SZ,0.003300147362527408
2024.06.10,000007.SZ,0.19739074733587939
2024.06.10,000019.SZ,0.17249087226074414
2024.06.10,600002.SH,0.423728729887512
2024.06.11,000024.SZ,0.14604102150017562
2024.06.11,600041.SH,0.010416761067456478
2024.06.11,000034.SZ,0.2474678237235008
2024.06.11,000030.SZ,0.08798797377231114
2024.06.11,000004.SZ,0.04838812290609705
2024.06.11,000044.SZ,0.04031332771214932
2024.06.11,600002.SH,0.16325571003737166
2024.06.11,000001.SZ,0.014712434571194678
2024.06.11,600028.SH,0.09614972230972627
2024.06.11,600016.SH,0.14932220877863017
2024.06.11,000037.SZ,0.3702956597426919
2024.06.11,000022.SZ,0.16738844365650812
2024.06.11,000002.SZ,0.11204539080352667
2024.06.11,600007.SH,0.04282515341415626
2024.06.11,000020.SZ,0.0007695229730429666
2024.06.11,600043.SH,0.548602172017809
2024.06.11,600020.SH,0.012436834752353515
2024.06.11,600029.SH,0.23258986556442623
2024.06.11,000017.SZ,0.016091350171116514
2024.06.11,600000.SH,0.009380538088267474
2024.06.11,600001.SH,0.10665433823321309
2024.06.11,600045.SH,0.12748269812089502
2024.06.11,000012.SZ,0.00870393317987847
2024.06.11,600044.SH,0.06100317179044751
2024.06.11,600040.SH,0.10125795174348293
2024.06.11,600032.SH,0.04016381042888264
2024.06.11,600008.SH,0.020877671401821216
2024.06.11,600024.SH,0.03354815065703452
2024.06.11,000035.SZ,0.11747923070387115
2024.06.11,000009.SZ,0.02568979739213606
2024.06.11,000014.SZ,0.07166641731170122
2024.06.11,600019.SH,0.0034821443714263198
2024.06.11,000016.SZ,0.11861071860620899
2024.06.11,600003.SH,0.11124080287725216
2024.06.11,000042.SZ,0.12931713118326527
2024.06.11,600038.SH,0.056702713753072675
2024.06.11,000026.SZ,0.025982151821527837
2024.06.11,000048.SZ,0.03628270193196766
2024.06.11,600005.SH,0.13907478224603018
2024.06.11,000025.SZ,0.09813572488817232
2024.06.11,000023.SZ,0.304403494551604
2024.06.11,600046.SH,0.016486326941191565
2024.06.11,000031.SZ,0.7904914652153064
2024.06.11,600027.SH,0.028046038805296263
2024.06.11,600021.SH,0.06766047772039187
2024.06.11,600011.SH,0.3287584115920312
2024.06.11,000039.SZ,0.1262401294259957
2024.06.11,000036.SZ,0.009644883002554488
2024.06.11,600037.SH,0.11893621277376897
2024.06.11,600047.SH,0.053340697142965375
2024.06.11,000050.SZ,0.16841641801935964
2024.06.11,000028.SZ,0.1617977774165596
2024.06.11,600022.SH,0.031570683951852356
2024.06.11,600009.SH,0.04081991133335612
2024.06.11,000032.SZ,0.09892584858803499
2024.06.11,000011.SZ,0.0019312004404124083
2024.06.11,600017.SH,0.08978950420287653
2024.06.11,600049.SH,0.15837166341262443
2024.06.11,600025.SH,0.12240142298664196
2024.06.11,000043.SZ,0.28466911844102094
2024.06.11,000015.SZ,0.17932067201566665
2024.06.11,600004.SH,0.20913090134562118
2024.06.11,600010.SH,0.042391495858240646
2024.06.11,600030.SH,0.258900303920761
2024.06.11,000047.SZ,0.39245667521031935
2024.06.11,600014.SH,0.1315743068637464
2024.06.11,600033.SH,0.24132891765749948
2024.06.11,000013.SZ,0.03539223987353101
2024.06.11,000019.SZ,0.05592685438024022
2024.06.11,000008.SZ,0.30455062046518655
2024.06.11,000003.SZ,0.05334815900422818
2024.06.11,000010.SZ,0.03875357536666873
2024.06.11,600015.SH,0.2401529721678285
2024.06.11,600048.SH,0.012658151759944737
2024.06.11,600013.SH,0.0555828445048744
2024.06.11,600018.SH,0.060088724545197536
2024.06.11,600026.SH,0.015579698101865701
2024.06.11,600034.SH,0.13061569363560846
2024.06.11,000038.SZ,0.025966175588627165
2024.06.11,600031.SH,0.023360055473677206
2024.06.11,000045.SZ,0.22103142963256417
2024.06.11,000021.SZ,0.03673296865700128
2024.06.11,000046.SZ,0.015507373964124388
2024.06.11,000041.SZ,0.006983899739599009
2024.06.11,600006.SH,0.2899357677747233
2024.06.11,600012.SH,0.03551142020977435
2024.06.11,000027.SZ,0.20326720464933354
2024.06.11,000040.SZ,0.301113198670356
2024.06.11,600035.SH,0.19811888543848158
2024.06.11,600036.SH,0.1874938980334717
2024.06.11,600042.SH,0.03696863612213554
2024.06.11,600023.SH,0.14908527009952371
2024.06.11,600039.SH,0.140207284505045
2024.06.11,000018.SZ,0.1240355311474903
2024.06.11,000005.SZ,0.017106847795584825
2024.06.11,000049.SZ,0.6009875327244898
2024.06.12,000012.SZ,0.07480909636286967
2024.06.12,600008.SH,0.17743092367603436
2024.06.12,600019.SH,0.01812955289657261
2024.06.12,000035.SZ,0.3231687424865367
2024.06.12,600029.SH,0.004860551212390499
2024.06.12,000004.SZ,0.14475157833071195
2024.06.12,000042.SZ,0.02464631978183599
2024.06.12,600030.SH,0.2779163136356621
2024.06.12,600045.SH,0.14406550329956444
2024.06.12,600037.SH,0.1631369292278762
2024.06.12,600025.SH,0.17857708426568222
2024.06.12,600003.SH,0.0649745840931203
2024.06.12,000040.SZ,0.05099474954034241
2024.06.12,000028.SZ,0.017616892435572993
2024.06.12,000008.SZ,0.24472625998858377
2024.06.12,000048.SZ,0.15788760348757122
2024.06.12,000031.SZ,0.04727641668175925
2024.06.12,000050.SZ,0.04737395037481523
2024.06.12,000015.SZ,0.2571888030312434
2024.06.12,600048.SH,0.08915381338769386
2024.06.12,000034.SZ,0.1708704784743649
2024.06.12,000025.SZ,0.027308526048269752
2024.06.12,000010.SZ,0.09504606786740485
2024.06.12,600015.SH,0.06694205872202004
2024.06.12,600046.SH,0.5549757259541915
2024.06.12,600009.SH,0.23226625903388862
2024.06.12,000047.SZ,0.06859130371741061
2024.06.12,600033.SH,0.03402069692198073
2024.06.12,600020.SH,0.3162112355535139
2024.06.12,600018.SH,0.02012466926902504
2024.06.12,600032.SH,0.027900774983645044
2024.06.12,000049.SZ,0.029670379452999402
2024.06.12,600002.SH,0.01045615878262594
2024.06.12,600038.SH,0.055597032472830266
2024.06.12,600016.SH,0.004860311516946889
2024.06.12,000037.SZ,0.09775009730257886
2024.06.12,000030.SZ,0.26612882838132385
2024.06.12,600036.SH,0.05215079565466306
2024.06.12,000003.SZ,0.05066975232043102
2024.06.12,000011.SZ,0.11482844754051848
2024.06.12,600004.SH,0.06613023742048643
2024.06.12,000019.SZ,0.08422550765085533
2024.06.12,000026.SZ,0.03930585706065577
2024.06.12,600001.SH,0.10879278015572942
2024.06.12,000016.SZ,0.08558041412279448
2024.06.12,000007.SZ,0.25083960163407015
2024.06.12,000006.SZ,0.29933646227162514
2024.06.12,000036.SZ,0.3082351658257305
2024.06.12,600041.SH,0.0354511319646355
2024.06.12,000038.SZ,0.03959709539934566
2024.06.12,600028.SH,0.2569021980839636
2024.06.12,600024.SH,0.16948524816877758
2024.06.12,000017.SZ,0.069811111222587
2024.06.12,600023.SH,0.10781135855216133
2024.06.12,600005.SH,0.011925721669600453
2024.06.12,000022.SZ,0.022837871256121998
2024.06.12,000020.SZ,0.04537199569409845
2024.06.12,600006.SH,0.11993847838475802
2024.06.12,600021.SH,0.05082039059284436
2024.06.12,000046.SZ,0.23487666605801955
2024.06.12,600013.SH,0.07374782962232138
2024.06.12,600049.SH,0.007485981545270935
2024.06.12,600011.SH,0.0008652673619239023
2024.06.12,600012.SH,0.10646460935700225
2024.06.12,600010.SH,0.1164228334014302
2024.06.12,600027.SH,0.08022935951761233
2024.06.12,600047.SH,0.02042197125998282
2024.06.12,000027.SZ,0.08196928214940555
2024.06.12,600031.SH,0.1283991215382256
2024.06.12,000029.SZ,0.12164652879256743
2024.06.12,600040.SH,0.24906362581807237
2024.06.12,600014.SH,0.226109257082282
2024.06.12,000014.SZ,0.037451898902075016
2024.06.12,000005.SZ,0.04708838574946917
2024.06.12,000032.SZ,0.026819290512520827
2024.06.12,000021.SZ,0.07130734737481918
2024.06.12,600017.SH,0.0057119651972781585
2024.06.12,600043.SH,0.1937516584515168
2024.06.12,000009.SZ,0.0013117824097375627
2024.06.12,600044.SH,0.22656370843892548
2024.06.12,000044.SZ,0.5404572146067564
2024.06.12,600000.SH,0.12392709129726565
2024.06.12,600042.SH,0.07584820098461846
2024.06.12,000001.SZ,0.32362075793135997
2024.06.12,000043.SZ,0.07196371252111324
2024.06.12,600035.SH,0.24858303396485676
2024.06.12,000013.SZ,0.04920950874171436
2024.06.12,000033.SZ,0.13415353312746903
2024.06.12,000024.SZ,0.00346458280692169
2024.06.12,000041.SZ,0.16559298053597368
2024.06.12,000045.SZ,0.21003525975218656
2024.06.12,000039.SZ,0.03622343865484297
2024.06.12,000002.SZ,0.11265907650314612
2024.06.12,600039.SH,0.11502921550384211
2024.06.12,600007.SH,0.049681719224754346
2024.06.12,600034.SH,0.11107452780043406
2024.06.13,000024.SZ,0.2189675315691447
2024.06.13,600020.SH,0.17189042701506083
2024.06.13,600007.SH,0.08113412891700965
2024.06.13,000019.SZ,0.07106227431651704
2024.06.13,000031.SZ,0.042938370410905355
2024.06.13,000043.SZ,0.09124833043121945
2024.06.13,000010.SZ,0.05084508701836449
2024.06.13,600015.SH,0.07346704996334419
2024.06.13,600029.SH,0.02257316669814717
2024.06.13,000029.SZ,0.025402447400429115
2024.06.13,600021.SH,0.048798306974540746
2024.06.13,600014.SH,0.21589500480067214
2024.06.13,000016.SZ,0.005426244848023926
2024.06.13,600047.SH,0.09048381893937643
2024.06.13,600035.SH,0.2276761991958055
2024.06.13,600025.SH,0.1092491259638439
2024.06.13,000021.SZ,0.023260500473242084
2024.06.13,600041.SH,0.05141540795053107
2024.06.13,000042.SZ,0.048462753635358125
2024.06.13,600026.SH,0.44139595847431096
2024.06.13,000026.SZ,0.029657221140298076
2024.06.13,600036.SH,0.12863514742482843
2024.06.13,000034.SZ,0.023571231198956866
2024.06.13,000002.SZ,0.03590577927352289
2024.06.13,600024.SH,0.10850716161007247
2024.06.13,000049.SZ,0.1111460992666381
2024.06.13,600013.SH,0.07383436906149664
2024.06.13,600033.SH,0.07402841145427935
2024.06.13,000006.SZ,0.25406631524908124
2024.06.13,600039.SH,0.30458539663592554
2024.06.13,000020.SZ,0.12141527700676853
2024.06.13,600002.SH,0.19103457960802062
2024.06.13,600032.SH,0.10569006944905625
2024.06.13,000004.SZ,0.2569252617992704
2024.06.13,000039.SZ,0.02944939391437317
2024.06.13,600028.SH,0.5454635300240424
2024.06.13,600038.SH,0.14420703994332884
2024.06.13,000032.SZ,0.0030198303064352993
2024.06.13,000048.SZ,0.025028411240615323
2024.06.13,600016.SH,0.19378444933357344
2024.06.13,000030.SZ,0.4169860397650826
2024.06.13,000012.SZ,0.17882340249371487
2024.06.13,600042.SH,0.18620792923458682
2024.06.13,000017.SZ,0.07779980632270629
2024.06.13,600019.SH,0.40909413984816845
2024.06.13,600045.SH,0.2065205205621402
2024.06.13,000018.SZ,0.0027931424122996282
2024.06.13,000022.SZ,0.13814788412436316
2024.06.13,600004.SH,0.22042120253379346
2024.06.13,000015.SZ,0.26191102910036473
2024.06.13,000035.SZ,0.05779746838774365
2024.06.13,000008.SZ,0.060605497385145805
2024.06.13,000028.SZ,0.12171757659929601
2024.06.13,600017.SH,0.0687459472297422
2024.06.13,600010.SH,0.04283710061821416
2024.06.13,600023.SH,0.15603829561373123
2024.06.13,600027.SH,0.06470346950200834
2024.06.13,000040.SZ,0.035927213504076114
2024.06.13,600048.SH,0.06521542445669727
2024.06.13,600012.SH,0.02097370226963002
2024.06.13,000009.SZ,0.08557184794198434
2024.06.13,000046.SZ,0.029962927517470483
2024.06.13,600040.SH,0.01731280617853419
2024.06.13,000005.SZ,0.21377314790487828
2024.06.13,000036.SZ,0.14198640754912625
2024.06.13,000047.SZ,0.16607220777526321
2024.06.13,600031.SH,0.057903639040409835
2024.06.13,600034.SH,0.03799208167033067
2024.06.13,600011.SH,0.10601995741760963
2024.06.13,000023.SZ,0.13530324753258816
2024.06.13,000007.SZ,0.07378975137424686
2024.06.13,000014.SZ,0.1515470672562984
2024.06.13,600022.SH,0.0509382887097297
2024.06.13,000025.SZ,0.0041913715207829065
2024.06.13,000027.SZ,0.057230226343847196
2024.06.13,000038.SZ,0.02292714923334389
2024.06.13,600008.SH,0.049511394139362154
2024.06.13,600018.SH,0.09061764682970909
2024.06.13,000037.SZ,0.1003972779801164
2024.06.13,000050.SZ,0.04731901850822903
2024.06.13,600000.SH,0.11628688115116448
2024.06.13,600037.SH,0.3952025731148033
2024.06.13,600049.SH,0.17461200933663934
2024.06.13,000033.SZ,0.06859003594703601
2024.06.13,000001.SZ,0.3024213458886122
2024.06.13,600043.SH,0.10955415481349945
2024.06.13,600009.SH,0.00984501728533084
2024.06.13,000045.SZ,0.006786327326423426
2024.06.13,600003.SH,0.051223753371552744
2024.06.13,000003.SZ,0.4054380682657446
2024.06.13,600044.SH,0.19787020732796828
2024.06.13,600046.SH,0.0072207477085431925
2024.06.13,000011.SZ,0.42022355104736614
2024.06.13,600006.SH,0.15256615317939737
2024.06.13,000041.SZ,0.0038788079227834843
2024.06.13,600030.SH,0.043566363590220696
2024.06.14,600011.SH,0.08630458669264703
2024.06.14,600035.SH,0.06407756387603386
2024.06.14,600043.SH,0.3025583231303796
2024.06.14,600044.SH,0.021028283859469473
2024.06.14,600018.SH,0.023026456994030886
2024.06.14,000049.SZ,0.1421979282487688
2024.06.14,600031.SH,0.014001428868923646
2024.06.14,000023.SZ,0.004111443760964625
2024.06.14,000042.SZ,0.10337635246042082
2024.06.14,000005.SZ,0.08589608057884564
2024.06.14,600005.SH,0.07616095255733404
2024.06.14,000025.SZ,0.3580588312587141
2024.06.14,000019.SZ,0.09767955869699999
2024.06.14,600033.SH,0.1346131573278512
2024.06.14,000036.SZ,0.0055593868129335524
2024.06.14,000041.SZ,0.03191799106321993
2024.06.14,600013.SH,0.18092070760405243
2024.06.14,600039.SH,0.0542453737195088
2024.06.14,600015.SH,0.018672279263350227
2024.06.14,000038.SZ,0.1857281170198016
2024.06.14,000030.SZ,0.11469349052046134
2024.06.14,600042.SH,0.13251648659433993
2024.06.14,600017.SH,0.012269999043581375
2024.06.14,000014.SZ,0.213496120044216
2024.06.14,000047.SZ,0.039696836361471345
2024.06.14,000007.SZ,0.0076732172127421654
2024.06.14,000021.SZ,0.30712769660380257
2024.06.14,000013.SZ,0.005522848151881878
2024.06.14,000002.SZ,0.007334463410272882
2024.06.14,600020.SH,0.18588326256301663
2024.06.14,000048.SZ,0.5139968581988962
2024.06.14,600038.SH,0.02109069093562061
2024.06.14,600007.SH,0.05737486290866548
2024.06.14,600048.SH,0.1301223782996243
2024.06.14,000035.SZ,0.06670006781667427
2024.06.14,000045.SZ,0.49736802553811366
2024.06.14,600028.SH,0.6453411891200558
2024.06.14,000040.SZ,0.008321797269362828
2024.06.14,600037.SH,0.09053943945906646
2024.06.14,000029.SZ,0.25056365760627064
2024.06.14,000031.SZ,0.04139650660585098
2024.06.14,600030.SH,0.022040720302187608
2024.06.14,600006.SH,0.03114843135299786
2024.06.14,600049.SH,0.05570152198543208
2024.06.14,000006.SZ,0.18638789152454469
2024.06.14,000001.SZ,0.000680770552126019
2024.06.14,000004.SZ,0.020616274369478525
2024.06.14,600019.SH,0.09673676970937403
2024.06.14,600023.SH,0.14026413330493812
2024.06.14,000022.SZ,0.0014676454343904898
2024.06.14,600046.SH,0.23076351265716266
2024.06.14,600021.SH,0.018834660182752924
2024.06.14,000043.SZ,0.2340096308878999
2024.06.14,000046.SZ,0.12743106152214448
2024.06.14,000018.SZ,0.07324995302913959
2024.06.14,600001.SH,0.004347016649107452
2024.06.14,600040.SH,0.12413238223408632
2024.06.14,000012.SZ,0.048675118808248145
2024.06.14,600014.SH,0.028904714417257265
2024.06.14,600008.SH,0.48107705516314864
2024.06.14,600024.SH,0.12959787834977163
2024.06.14,000039.SZ,0.040609843322167966
2024.06.14,600016.SH,0.022339263805377985
2024.06.14,000032.SZ,0.04569004788396634
2024.06.14,000026.SZ,0.11774539277273653
2024.06.14,600009.SH,0.1020586921898609
2024.06.14,600010.SH,0.08116061624024254
2024.06.14,000009.SZ,0.03902071273548239
2024.06.14,600026.SH,0.005597354400438126
2024.06.14,600003.SH,0.11813641840366802
2024.06.14,600022.SH,0.26336522913441435
2024.06.14,000044.SZ,0.2375506988231333
2024.06.14,000015.SZ,0.16202723846994324
2024.06.14,000037.SZ,0.10959668374674754
2024.06.14,000011.SZ,0.23968626963845266
2024.06.14,600045.SH,0.05990681947414791
2024.06.14,000024.SZ,0.002922414062971994
2024.06.14,000050.SZ,0.11553794539178236
2024.06.14,600032.SH,0.02705204500942674
2024.06.14,000033.SZ,0.031567563853813
2024.06.14,600041.SH,0.20132721292304026
2024.06.14,000016.SZ,0.05266209052141111
2024.06.14,000028.SZ,0.11786696156750609
2024.06.14,000034.SZ,0.4762811593031823
2024.06.14,000008.SZ,0.379039219568429
2024.06.14,600000.SH,0.17999790351988332
2024.06.14,000027.SZ,0.21774681990489192
2024.06.14,600029.SH,0.19581623347199714
2024.06.14,600027.SH,0.08245422076883335
2024.06.14,600036.SH,0.1846149881458147
2024.06.14,600004.SH,0.12969677724323028
2024.06.14,600034.SH,0.26072367055115026
2024.06.14,000017.SZ,0.04678079948890261
2024.06.14,000020.SZ,0.3302206042908302
2024.06.14,000010.SZ,0.2014190147369134
2024.06.14,600002.SH,0.02428460106427419
2024.06.14,600047.SH,0.2351747315594919
2024.06.14,600025.SH,0.618163287151339
2024.06.17,600010.SH,0.2953139226075046
2024.06.17,600008.SH,0.0031681808026379314
2024.06.17,600042.SH,0.1227710951235132
2024.06.17,600014.SH,0.02739414721057772
2024.06.17,600026.SH,0.0038819025304962763
2024.06.17,600045.SH,0.0073887779886721
2024.06.17,600000.SH,0.21333303235614118
2024.06.17,000040.SZ,0.1593337648713096
2024.06.17,000020.SZ,0.060633645686456385
2024.06.17,600040.SH,0.0068998684775894775
2024.06.17,000031.SZ,0.15970308890767956
2024.06.17,000009.SZ,0.16998364859298876
2024.06.17,600021.SH,0.013642280476971217
2024.06.17,600022.SH,0.11273231973026415
2024.06.17,600024.SH,0.2378954249818545
2024.06.17,600038.SH,0.5194968112289228
2024.06.17,000007.SZ,0.1123467999531858
2024.06.17,000012.SZ,0.09570302166975295
2024.06.17,600035.SH,0.20472309849439957
2024.06.17,600033.SH,0.17835172457941534
2024.06.17,000037.SZ,0.1793969343050312
2024.06.17,600009.SH,0.03558592104778879
2024.06.17,600044.SH,0.26909576049005185
2024.06.17,600041.SH,0.5122116925488981
2024.06.17,600012.SH,0.07756884689013491
2024.06.17,000014.SZ,0.1951323205468926
2024.06.17,600037.SH,0.21773949908386211
2024.06.17,600001.SH,0.28004212781453025
2024.06.17,600015.SH,0.030391450180396844
2024.06.17,000015.SZ,0.09569056541429291
2024.06.17,000038.SZ,0.3161360593507462
2024.06.17,000026.SZ,0.1342256480248881
2024.06.17,000030.SZ,0.07092241443501793
2024.06.17,000017.SZ,0.057810405556367156
2024.06.17,600039.SH,0.23276352887506652
2024.06.17,600049.SH,0.07417526249418466
2024.06.17,600036.SH,0.08114532773041787
2024.06.17,600003.SH,0.09265248872892566
2024.06.17,600034.SH,0.09508091696862489
2024.06.17,000022.SZ,0.07164740967292385
2024.06.17,600019.SH,0.11845810925584661
2024.06.17,600046.SH,0.08251906378466661
2024.06.17,000047.SZ,0.018556688543224058
2024.06.17,600006.SH,0.009057152975008266
2024.06.17,000035.SZ,0.07086343649546863
2024.06.17,600017.SH,0.1267043764330423
2024.06.17,000028.SZ,0.006185196272776098
2024.06.17,000033.SZ,0.2323740937326104
2024.06.17,600047.SH,0.272850362690639
2024.06.17,000001.SZ,0.1587960749422573
2024.06.17,000025.SZ,0.04209377820800619
2024.06.17,000048.SZ,0.10025661147946223
2024.06.17,000043.SZ,0.11016909700496202
2024.06.17,000016.SZ,0.06668426015485521
2024.06.17,000011.SZ,0.042048791209879234
2024.06.17,000050.SZ,0.224464164408981
2024.06.17,000034.SZ,0.14797215059730123
2024.06.17,000032.SZ,0.25370697001971587
2024.06.17,600032.SH,0.05384106962189459
2024.06.17,000019.SZ,0.21712446309909814
2024.06.17,000049.SZ,0.011557348164362227
2024.06.17,600018.SH,0.04954145425203561
2024.06.17,000045.SZ,0.11416043065077672
2024.06.17,000004.SZ,0.08023216292087886
2024.06.17,000021.SZ,0.1645704009494128
2024.06.17,600023.SH,0.07650512532385305
2024.06.17,000046.SZ,0.11691196707240653
2024.06.17,000008.SZ,0.08980156883289825
2024.06.17,000018.SZ,0.02055873980344501
2024.06.17,600020.SH,0.23492412796869055
2024.06.17,000010.SZ,0.07195233754787625
2024.06.17,600007.SH,0.24937493954339024
2024.06.17,000013.SZ,0.07148984951728513
2024.06.17,000023.SZ,0.046954845450126
2024.06.17,000027.SZ,0.30999200434996005
2024.06.17,600043.SH,0.007195482605787805
2024.06.17,000005.SZ,0.22793640060609038
2024.06.17,000039.SZ,0.04524367630648369
2024.06.17,600031.SH,0.007244594833044938
2024.06.17,600027.SH,0.029672637068422006
2024.06.17,000041.SZ,0.04451216582430703
2024.06.17,600013.SH,0.05610745594650734
2024.06.17,600005.SH,0.09758395545464839
2024.06.17,600011.SH,0.03384506162877354
2024.06.17,600030.SH,0.03654208424545857
2024.06.17,600048.SH,0.2655402584318008
2024.06.17,000042.SZ,0.01171257410112591
2024.06.17,000024.SZ,0.0014109532281272724
2024.06.17,000006.SZ,0.058255091185066596
2024.06.17,600025.SH,0.1599668546033085
2024.06.17,600028.SH,0.14503926237611847
2024.06.17,000002.SZ,0.025110045992191892
2024.06.17,000003.SZ,0.30561644881053335
2024.06.17,000036.SZ,0.03923501866014509
2024.06.17,000044.SZ,0.03600226603294243
2024.06.17,600004.SH,0.4792032900161972
2024.06.17,000029.SZ,0.007707755412689791
2024.06.18,000005.SZ,0.15436890701618103
2024.06.18,600021.SH,0.021486227749560653
2024.06.18,000001.SZ,0.2800997762219718
2024.06.18,000047.SZ,0.22214475857782925
2024.06.18,000014.SZ,0.2336971527983091
2024.06.18,000008.SZ,0.01196325107303419
2024.06.18,000018.SZ,0.0920427730370519
2024.06.18,600010.SH,0.04147450611745008
2024.06.18,000025.SZ,0.05872623149730778
2024.06.18,600044.SH,0.27599386809946486
2024.06.18,600031.SH,0.17601723955711804
2024.06.18,600002.SH,0.03648308595156601
2024.06.18,000022.SZ,0.03893862709524303
2024.06.18,000038.SZ,0.23901652281396824
2024.06.18,600016.SH,0.3959366751293763
2024.06.18,600005.SH,0.09528420993791117
2024.06.18,000042.SZ,0.014435979839618189
2024.06.18,600004.SH,0.3380739805504229
2024.06.18,000034.SZ,0.02091575329073668
2024.06.18,000048.SZ,0.11404743341793505
2024.06.18,600035.SH,0.14332628180771265
2024.06.18,000040.SZ,0.04394675372958888
2024.06.18,000013.SZ,0.2660695762244797
2024.06.18,600020.SH,0.014850536980536112
2024.06.18,000045.SZ,0.06566257619379584
2024.06.18,000035.SZ,0.16656190629927664
2024.06.18,600026.SH,0.0486245294791355
2024.06.18,000015.SZ,0.10416080485055167
2024.06.18,600000.SH,0.0075116961683373475
2024.06.18,600018.SH,0.04562894852750657
2024.06.18,000032.SZ,0.07033897361178403
2024.06.18,000039.SZ,0.20712138671124627
2024.06.18,600012.SH,0.09197175797377496
2024.06.18,000030.SZ,0.12146169048202521
2024.06.18,000002.SZ,0.11926874424876058
2024.06.18,600028.SH,0.0012649249023476137
2024.06.18,600034.SH,0.09743424218533715
2024.06.18,000017.SZ,0.15485396484024572
2024.06.18,000019.SZ,0.16239154183414004
2024.06.18,000041.SZ,0.11528699922962882
2024.06.18,000020.SZ,0.07606876985686997
2024.06.18,000021.SZ,0.023298893861371628
2024.06.18,600027.SH,0.11566807012443621
2024.06.18,000029.SZ,0.10670043814310688
2024.06.18,000028.SZ,0.04076879752815393
2024.06.18,600022.SH,0.3325773913089462
2024.06.18,600001.SH,0.3325512608147299
2024.06.18,600041.SH,0.08710510647346911
2024.06.18,600037.SH,0.055563953393635894
2024.06.18,000009.SZ,0.10205373145351293
2024.06.18,000036.SZ,0.327373549037035
2024.06.18,000026.SZ,0.020010010809114808
2024.06.18,600047.SH,0.05467433704395532
2024.06.18,000044.SZ,0.04936768812668498
2024.06.18,600011.SH,0.11907680843311942
2024.06.18,000046.SZ,0.022276553122082567
2024.06.18,600048.SH,0.3449113736714088
2024.06.18,600033.SH,0.07104781009413302
2024.06.18,600038.SH,0.030473958967440623
2024.06.18,000049.SZ,0.025146642139466872
2024.06.18,000027.SZ,0.023943361741792443
2024.06.18,000037.SZ,0.2488586039932823
2024.06.18,600014.SH,0.13557974431991074
2024.06.18,600013.SH,0.20868717164525663
2024.06.18,000033.SZ,0.003451672397015848
2024.06.18,600008.SH,0.14900871053156453
2024.06.18,600009.SH,0.2847358199650925
2024.06.18,600015.SH,0.09494492105907128
2024.06.18,000010.SZ,0.12958228039311534
2024.06.18,600007.SH,0.09415435236588077
2024.06.18,600006.SH,0.01637060944840715
2024.06.18,000003.SZ,0.05792863454979833
2024.06.18,600049.SH,0.09062957269953283
2024.06.18,600042.SH,0.022154376162709502
2024.06.18,600039.SH,0.13213130431620385
2024.06.18,000007.SZ,0.2263821351815481
2024.06.18,600019.SH,0.04161781976085778
2024.06.18,600029.SH,0.1850816564462674
2024.06.18,600025.SH,0.042615972594306946
2024.06.18,000050.SZ,0.015366714224359293
2024.06.18,000023.SZ,0.3097715896610172
2024.06.18,600030.SH,0.05312579594825053
2024.06.18,600017.SH,0.12053546164993506
2024.06.18,600032.SH,0.014063827459413978
2024.06.18,000043.SZ,0.009064551894173219
2024.06.18,600024.SH,0.029556194772768093
2024.06.18,600036.SH,0.14719164843680035
2024.06.18,600040.SH,0.13805901500714415
2024.06.18,000016.SZ,0.11678645576752684
2024.06.18,000011.SZ,0.0560059715703366
2024.06.18,600046.SH,0.07592646015317153
2024.06.18,000006.SZ,0.0467765750027421
2024.06.18,000004.SZ,0.2094764696648043
2024.06.18,600003.SH,0.05248222767390321
2024.06.18,000012.SZ,0.013138737230073236
2024.06.18,600045.SH,0.10776601370123937
2024.06.18,000031.SZ,0.01987196168278048
2024.06.19,600034.SH,0.11858569928222126
2024.06.19,600023.SH,0.12428664654781783
2024.06.19,600012.SH,0.1924939713874904
2024.06.19,600008.SH,0.13678596775852833
2024.06.19,000024.SZ,0.0014149327073248285
2024.06.19,000020.SZ,0.0037146675824424754
2024.06.19,000008.SZ,0.0010566040375499636
2024.06.19,600046.SH,0.3702676482929463
2024.06.19,000030.SZ,0.00859383272298007
2024.06.19,600044.SH,0.014855671258250894
2024.06.19,600026.SH,0.1577655523567725
2024.06.19,000043.SZ,0.14785937862456025
2024.06.19,000041.SZ,0.13129717400691332
2024.06.19,000046.SZ,0.014830799130400769
2024.06.19,000036.SZ,0.07781864519138045
2024.06.19,000018.SZ,0.3017763040179924
2024.06.19,600024.SH,0.04105193902550902
2024.06.19,000049.SZ,0.004396286981161215
2024.06.19,000027.SZ,0.01277823257620053
2024.06.19,600045.SH,0.05701761514808096
2024.06.19,000014.SZ,0.052252851900459064
2024.06.19,000009.SZ,0.15219627454473109
2024.06.19,600022.SH,0.11146348111521374
2024.06.19,600032.SH,0.2054173097499949
2024.06.19,600043.SH,0.3060516897624515
2024.06.19,000012.SZ,0.29015942107574566
2024.06.19,000044.SZ,0.10505010229526937
2024.06.19,600007.SH,0.01139447504879619
2024.06.19,600002.SH,0.31695170222798863
2024.06.19,600015.SH,0.11398451061985299
2024.06.19,000026.SZ,0.01896478142602184
2024.06.19,000006.SZ,0.08123292541893522
2024.06.19,000025.SZ,0.08067506406493262
2024.06.19,600019.SH,0.032960504733139995
2024.06.19,600033.SH,0.1357661017451548
2024.06.19,600039.SH,0.01592740818340275
2024.06.19,600001.SH,0.039645666762086716
2024.06.19,000042.SZ,0.38076664404883853
2024.06.19,600037.SH,0.19731799117250517
2024.06.19,000032.SZ,0.22091870411403006
2024.06.19,000047.SZ,0.3022559496833786
2024.06.19,600013.SH,0.03403973914996682
2024.06.19,600047.SH,0.039444995136659056
2024.06.19,000037.SZ,0.013160218670980994
2024.06.19,600010.SH,0.2116574401521355
2024.06.19,600049.SH,0.23188015352726696
2024.06.19,600029.SH,0.0024943220767775455
2024.06.19,000011.SZ,0.32930358303456875
2024.06.19,000050.SZ,0.042090163761839494
2024.06.19,000048.SZ,0.6678995525033328
2024.06.19,600020.SH,0.01869872341160229
2024.06.19,000039.SZ,0.35083163427657654
2024.06.19,000022.SZ,0.08103847043075564
2024.06.19,600036.SH,0.1299762891123504
2024.06.19,000001.SZ,0.03521224812758644
2024.06.19,600003.SH,0.20472487854865076
2024.06.19,000035.SZ,0.20294962664498617
2024.06.19,000004.SZ,0.789161502932164
2024.06.19,000034.SZ,0.28301548372941127
2024.06.19,600005.SH,0.05718221423138342
2024.06.19,000005.SZ,0.018666636083045755
2024.06.19,000023.SZ,0.05911440963570164
2024.06.19,600031.SH,0.18283277627864553
2024.06.19,000029.SZ,0.0682387729254354
2024.06.19,000010.SZ,0.10815291251078603
2024.06.19,000031.SZ,0.05269701831473494
2024.06.19,600021.SH,0.1885126875014043
2024.06.19,000028.SZ,0.07497907261485286
2024.06.19,600009.SH,0.0535852073130523
2024.06.19,600035.SH,0.19803024585838983
2024.06.19,600041.SH,0.14914333396367602
2024.06.19,600004.SH,0.0035473668316237405
2024.06.19,000019.SZ,0.0018016034583713258
2024.06.19,000045.SZ,0.0337446718938636
2024.06.19,600006.SH,0.044933163174713193
2024.06.19,600000.SH,0.1234205290388508
2024.06.19,600025.SH,0.16361164364996467
2024.06.19,000013.SZ,0.07767479421326252
2024.06.19,000002.SZ,0.14194947498787072
2024.06.19,600028.SH,0.2241338558337021
2024.06.19,600027.SH,0.010499637786634822
2024.06.19,000021.SZ,0.5763203279016946
2024.06.19,000007.SZ,0.022496397744878376
2024.06.19,000003.SZ,0.12089601180202379
2024.06.19,600014.SH,0.11515231740536784
2024.06.19,600042.SH,0.1598943537897771
2024.06.19,000038.SZ,0.16604658471175915
2024.06.19,000040.SZ,0.14648259231814714
2024.06.19,600040.SH,0.10021190680751957
2024.06.19,600048.SH,0.030682499601023115
2024.06.19,000016.SZ,0.2799528979737692
2024.06.19,600018.SH,0.09312266620718361
2024.06.19,600011.SH,0.24426594958662098
2024.06.19,600016.SH,0.029769251209031587
2024.06.19,600038.SH,0.12142621334894037
2024.06.19,600017.SH,0.09616911700398931
2024.06.19,000015.SZ,0.17186228573110002
2024.06.19,600030.SH,0.044730859199095134
2024.06.20,600040.SH,0.1692115220456002
2024.06.20,600033.SH,0.2390298566063125
2024.06.20,000035.SZ,0.06787717807261173
2024.06.20,600002.SH,0.06035528350628469
2024.06.20,000006.SZ,0.05230923975307391
2024.06.20,000045.SZ,0.24149800748638675
2024.06.20,600012.SH,0.46912569755812555
2024.06.20,000025.SZ,0.06262585292450049
2024.06.20,600001.SH,0.3570238590080254
2024.06.20,600027.SH,0.0024060639581630783
2024.06.20,000012.SZ,0.1932882405459336
2024.06.20,000001.SZ,0.4169240561405175
2024.06.20,000010.SZ,0.08180572279891775
2024.06.20,000002.SZ,0.09779502636279125
2024.06.20,000043.SZ,0.15869951367998603
2024.06.20,000018.SZ,0.06587977957587442
2024.06.20,000048.SZ,0.14074187531275362
2024.06.20,600014.SH,0.09329221371191448
2024.06.20,600045.SH,0.003158818689782688
2024.06.20,000029.SZ,0.044437617339026556
2024.06.20,000028.SZ,0.03139640223738947
2024.06.20,000022.SZ,0.21621370553734442
2024.06.20,600009.SH,0.10370848127586896
2024.06.20,600021.SH,0.0064958946148833685
2024.06.20,000023.SZ,0.07336562879722074
2024.06.20,000030.SZ,0.0012671086604695194
2024.06.20,600029.SH,0.025814207288076107
2024.06.20,600028.SH,0.1162023882577484
2024.06.20,600016.SH,0.10682580096149283
2024.06.20,000008.SZ,0.11982734984804021
2024.06.20,000021.SZ,0.13219017355717577
2024.06.20,000042.SZ,0.2573141593642651
2024.06.20,600013.SH,0.1717546290464528
2024.06.20,600010.SH,0.0182288204623085
2024.06.20,000032.SZ,0.19555777990384532
2024.06.20,600047.SH,0.033431611144648814
2024.06.20,000027.SZ,0.06879774760322017
2024.06.20,000049.SZ,0.041263170025736665
2024.06.20,000015.SZ,0.1962247259878591
2024.06.20,000050.SZ,0.11446127088853902
2024.06.20,000031.SZ,0.044515371025717676
2024.06.20,600023.SH,0.004479401782184487
2024.06.20,600026.SH,0.12770977628948385
2024.06.20,000007.SZ,0.02222101322239488
2024.06.20,000037.SZ,0.1516498794391903
2024.06.20,600036.SH,0.31555708349630057
2024.06.20,000016.SZ,0.20835875559403558
2024.06.20,000038.SZ,0.092166659436989
2024.06.20,000014.SZ,0.025926876892514803
2024.06.20,600038.SH,0.05142765734029575
2024.06.20,600004.SH,0.2343985312659355
2024.06.20,600011.SH,0.08407777221360063
2024.06.20,600022.SH,0.025830414932781494
2024.06.20,600049.SH,0.030967938359578357
2024.06.20,000019.SZ,0.08525748599737369
2024.06.20,000039.SZ,0.13343945381229957
2024.06.20,600041.SH,0.013675734161710943
2024.06.20,600032.SH,0.13066098925687025
2024.06.20,600048.SH,0.1355553480912211
2024.06.20,000003.SZ,0.045072293004612546
2024.06.20,000047.SZ,0.11711005772128097
2024.06.20,600005.SH,0.05013169157463674
2024.06.20,000033.SZ,0.03223593160131509
2024.06.20,600046.SH,0.08217764035311935
2024.06.20,600003.SH,0.007979054256194239
2024.06.20,000034.SZ,0.03439986655518187
2024.06.20,000013.SZ,0.2827124688801331
2024.06.20,000017.SZ,0.2906879010153581
2024.06.20,600020.SH,0.00515651912657698
2024.06.20,000004.SZ,0.007576559126324301
2024.06.20,600000.SH,0.002445152499372473
2024.06.20,000046.SZ,0.0005502484571217077
2024.06.20,600008.SH,0.19601513521734787
2024.06.20,000040.SZ,0.09150062909701502
2024.06.20,600039.SH,0.06636451270953582
2024.06.20,000036.SZ,0.16918808781140787
2024.06.20,600018.SH,0.1612843464503253
2024.06.20,600031.SH,0.10767403900884527
2024.06.20,000020.SZ,0.3246632513143581
2024.06.20,600042.SH,0.07531249695964835
2024.06.20,600037.SH,0.10367542490193896
2024.06.20,600034.SH,0.13323168913672245
2024.06.20,000009.SZ,0.08905017513745647
2024.06.20,600015.SH,0.11989877194638252
2024.06.20,600035.SH,0.0380939222139394
2024.06.20,600025.SH,0.1493781350981738
2024.06.20,000041.SZ,0.003480273504775382
2024.06.20,600019.SH,0.0965763042779557
2024.06.20,000005.SZ,0.011981140887365373
2024.06.20,600024.SH,0.0012657570271973858
2024.06.20,000044.SZ,0.012961182208643915
2024.06.20,600006.SH,0.05982714889874761
2024.06.20,600030.SH,0.4083930058215908
2024.06.20,000011.SZ,0.2587105129368038
2024.06.20,600043.SH,0.03915495215276432
2024.06.20,000024.SZ,0.7687221744721809
2024.06.21,000024.SZ,0.03202223529479375
2024.06.21,000002.SZ,0.06972595013746564
2024.06.21,000012.SZ,0.011576926144242597
2024.06.21,000015.SZ,0.22585359741916677
2024.06.21,600016.SH,0.054360850980956894
2024.06.21,600003.SH,0.017189240753710068
2024.06.21,000047.SZ,0.06452233173396416
2024.06.21,000011.SZ,0.08080902227883849
2024.06.21,000025.SZ,0.12014062842416101
2024.06.21,000018.SZ,0.04060764928318558
2024.06.21,600027.SH,0.040615411783962996
2024.06.21,600023.SH,0.08132740888130179
2024.06.21,000034.SZ,0.010890698651540827
2024.06.21,600036.SH,0.2514534713530494
2024.06.21,600042.SH,0.04028894159214528
2024.06.21,600048.SH,0.010630572590678112
2024.06.21,600010.SH,0.22318834224493606
2024.06.21,600011.SH,0.21004586903361688
2024.06.21,000049.SZ,0.7251143307546336
2024.06.21,600031.SH,0.2138593052837817
2024.06.21,000040.SZ,0.029141149096248622
2024.06.21,000019.SZ,0.13296867986280278
2024.06.21,600014.SH,0.07477602833959895
2024.06.21,600046.SH,0.32695044582191884
2024.06.21,000031.SZ,0.3723920951861188
2024.06.21,600007.SH,0.052051333231422955
2024.06.21,000020.SZ,0.04442077267036369
2024.06.21,600026.SH,0.1610177802699168
2024.06.21,600038.SH,0.0011425348229560952
2024.06.21,600021.SH,0.057317348229180616
2024.06.21,000027.SZ,0.3430816561722136
2024.06.21,000029.SZ,0.0657696944578831
2024.06.21,000046.SZ,0.0402592125304695
2024.06.21,600012.SH,0.04690719458244161
2024.06.21,000008.SZ,0.014222478314091418
2024.06.21,000035.SZ,0.24579291272950332
2024.06.21,000041.SZ,0.03406638167737092
2024.06.21,600001.SH,0.03317151841732727
2024.06.21,000007.SZ,0.0782281211391691
2024.06.21,000017.SZ,0.07197128160368614
2024.06.21,600013.SH,0.09861496680531
2024.06.21,000028.SZ,0.3810646000676331
2024.06.21,600044.SH,0.11215663200541674
2024.06.21,600045.SH,0.011938639609520154
2024.06.21,600029.SH,0.18459857390640433
2024.06.21,600024.SH,0.10768535361850325
2024.06.21,600047.SH,0.0958428657282867
2024.06.21,000005.SZ,0.35046552654862345
2024.06.21,000032.SZ,0.37419610432612865
2024.06.21,600049.SH,0.29128820107764214
2024.06.21,600008.SH,0.0020751909587904986
2024.06.21,600025.SH,0.11943347230363248
2024.06.21,000026.SZ,0.0629169525805813
2024.06.21,600043.SH,0.11462646087369371
2024.06.21,000039.SZ,0.03743815686390411
2024.06.21,000023.SZ,0.04406471547655608
2024.06.21,000009.SZ,0.0795666547630993
2024.06.21,600009.SH,0.1485025742604804
2024.06.21,000010.SZ,0.0987657628474598
2024.06.21,600028.SH,0.07527804298152015
2024.06.21,000036.SZ,0.021769122334459583
2024.06.21,000045.SZ,0.0004236151493399645
2024.06.21,000044.SZ,0.0777966175502715
2024.06.21,600020.SH,0.0228765666745594
2024.06.21,000004.SZ,0.02762794329016371
2024.06.21,000003.SZ,0.015063772024450077
2024.06.21,600035.SH,0.09100148516668961
2024.06.21,000016.SZ,0.03204098595685424
2024.06.21,600039.SH,0.07505611752646037
2024.06.21,600032.SH,0.4102956893997057
2024.06.21,600030.SH,0.15067189688314025
2024.06.21,000013.SZ,0.3387869226511716
2024.06.21,600037.SH,0.05814309122614441
2024.06.21,600000.SH,0.09569948312292709
2024.06.21,000021.SZ,0.12610333830979195
2024.06.21,000050.SZ,0.006072192297769726
2024.06.21,000042.SZ,0.06895825240715164
2024.06.21,000001.SZ,0.3916797372982133
2024.06.21,600034.SH,0.23697854136239427
2024.06.21,600006.SH,0.05861609785798781
2024.06.21,600018.SH,0.14016179078922933
2024.06.21,000030.SZ,0.04623229783181978
2024.06.21,600019.SH,0.027557452927593342
2024.06.21,600022.SH,0.14051956826802964
2024.06.21,000048.SZ,0.009792774065129769
2024.06.21,600005.SH,0.1417899333953884
2024.06.21,000037.SZ,0.023343682885628294
2024.06.21,600040.SH,0.02529981565331326
2024.06.21,000022.SZ,0.14577552224641982
2024.06.21,000033.SZ,0.019958072251673484
2024.06.21,600033.SH,0.2433794069706749
2024.06.21,000006.SZ,0.17480931836800645
2024.06.21,600002.SH,0.3226603288228077
2024.06.21,600004.SH,0.02768332364955135
2024.06.21,600015.SH,0.11037784345678443
2024.06.21,600017.SH,0.17751116242463505
2024.06.21,000038.SZ,0.1075007931314994
2024.06.21,600041.SH,0.10091834584780954
2024.06.24,000024.SZ,0.024793513781705658
2024.06.24,600006.SH,0.05667428860921087
2024.06.24,600045.SH,0.20011559799835674
2024.06.24,600007.SH,0.0739293283346021
2024.06.24,600011.SH,0.09307942988956437
2024.06.24,600026.SH,0.04022351848935199
2024.06.24,600038.SH,0.17522380632105108
2024.06.24,600004.SH,0.15518496188488984
2024.06.24,000008.SZ,0.0343724225572052
2024.06.24,600000.SH,0.42161602096131173
2024.06.24,600021.SH,0.05893832132312507
2024.06.24,600001.SH,0.023100801197398543
2024.06.24,600020.SH,0.06351915272426063
2024.06.24,000032.SZ,0.027182391826528526
2024.06.24,600030.SH,0.08725241335077047
2024.06.24,000019.SZ,0.04370816424874536
2024.06.24,000009.SZ,0.05406523154778353
2024.06.24,000047.SZ,0.10666351501467126
2024.06.24,600012.SH,0.27732635415177465
2024.06.24,600040.SH,0.09335719654130865
2024.06.24,600016.SH,0.23046070159305423
2024.06.24,600049.SH,0.13210613002442878
2024.06.24,000050.SZ,0.03897417597873236
2024.06.24,000013.SZ,0.11672903495978734
2024.06.24,000021.SZ,0.019720700563222348
2024.06.24,000007.SZ,0.07137302857223321
2024.06.24,600043.SH,0.013659889884143983
2024.06.24,600009.SH,0.02915651402608527
2024.06.24,000005.SZ,0.052486123480846206
2024.06.24,000015.SZ,0.847151703954158
2024.06.24,600015.SH,0.10023491631050366
2024.06.24,000025.SZ,0.36969406192675347
2024.06.24,000014.SZ,0.165877326368556
2024.06.24,600044.SH,0.21877984225918387
2024.06.24,000004.SZ,0.10906120255738132
2024.06.24,600048.SH,0.0288826629350724
2024.06.24,000003.SZ,0.06213647619958251
2024.06.24,000049.SZ,0.21562921337081437
2024.06.24,600032.SH,0.4162357709747243
2024.06.24,000016.SZ,0.062013139646178925
2024.06.24,000044.SZ,0.2913422950281243
2024.06.24,000046.SZ,0.002520399157790746
2024.06.24,000035.SZ,0.18427946037514167
2024.06.24,000045.SZ,0.3488543958322943
2024.06.24,000048.SZ,0.04963180799730853
2024.06.24,600046.SH,0.052077901237518404
2024.06.24,600035.SH,0.24280419905044548
2024.06.24,000026.SZ,0.005060927139478947
2024.06.24,600005.SH,0.0915825637717969
2024.06.24,600008.SH,0.009695878957018301
2024.06.24,000043.SZ,0.3147255235329239
2024.06.24,600034.SH,0.002362070214222337
2024.06.24,600003.SH,0.07213227670407987
2024.06.24,600010.SH,0.013314118876789648
2024.06.24,000023.SZ,0.1878338705823471
2024.06.24,600019.SH,0.16454620153796903
2024.06.24,000041.SZ,0.044721128076833726
2024.06.24,000033.SZ,0.08296123265562652
2024.06.24,000028.SZ,0.0020185638963459715
2024.06.24,000037.SZ,0.07371564920962173
2024.06.24,600023.SH,0.03260305978272531
2024.06.24,000017.SZ,0.11628855533021004
2024.06.24,600029.SH,0.03187769791003194
2024.06.24,000027.SZ,0.004173195112373416
2024.06.24,600041.SH,0.0019084831022967684
2024.06.24,000010.SZ,0.1307363123399216
2024.06.24,600002.SH,0.14606914545001637
2024.06.24,600025.SH,0.06690257922130892
2024.06.24,000018.SZ,0.07854326959615868
2024.06.24,000038.SZ,0.09106381066814757
2024.06.24,600022.SH,0.14351529480158828
2024.06.24,000034.SZ,0.16116409014129957
2024.06.24,600037.SH,0.12507573567659586
2024.06.24,000012.SZ,0.16056871137194442
2024.06.24,600036.SH,0.030372266339871484
2024.06.24,600039.SH,0.04301472847920798
2024.06.24,000001.SZ,0.06531181533341202
2024.06.24,000022.SZ,0.019785885036616758
2024.06.24,000042.SZ,0.10581469612241075
2024.06.24,600024.SH,0.4031885243422898
2024.06.24,000040.SZ,0.03886022975673695
2024.06.24,000039.SZ,0.1288940539560545
2024.06.24,000036.SZ,0.0018575003575139856
2024.06.24,600018.SH,0.053457608570222234
2024.06.24,000002.SZ,0.017751063001319203
2024.06.24,000029.SZ,0.006547736175354869
2024.06.24,600047.SH,0.578286195426533
2024.06.24,000020.SZ,0.026757635371863518
2024.06.24,600013.SH,0.4608476666182335
2024.06.24,000006.SZ,0.061080633306944195
2024.06.24,600017.SH,0.09392372416795197
2024.06.24,000031.SZ,0.4524818857825953
2024.06.24,600027.SH,0.13945895600286312
2024.06.24,600042.SH,0.07652301023813894
2024.06.24,000011.SZ,0.041190250181935166
2024.06.24,000030.SZ,0.05085812067437339
2024.06.24,600014.SH,0.056500751665412206
2024.06.24,600033.SH,0.015472748232312324
2024.06.25,600040.SH,0.03705018290303081
2024.06.25,600022.SH,0.08480219206521282
2024.06.25,000020.SZ,0.06792404346819927
2024.06.25,600043.SH,0.052612279639620674
2024.06.25,600048.SH,0.048877764013499914
2024.06.25,000019.SZ,0.09487139374760777
2024.06.25,000043.SZ,0.005972024110691923
2024.06.25,600003.SH,0.006541839767644045
2024.06.25,000037.SZ,0.10706019354868294
2024.06.25,600019.SH,0.11021460031087388
2024.06.25,000024.SZ,0.21749231464698968
2024.06.25,600035.SH,0.1433596736394321
2024.06.25,000040.SZ,0.009953441993527351
2024.06.25,600008.SH,0.004373895769043272
2024.06.25,600041.SH,0.2418434335138796
2024.06.25,600015.SH,0.04515860439619735
2024.06.25,600038.SH,0.15309779705432486
2024.06.25,000047.SZ,0.005599035924735682
2024.06.25,000001.SZ,0.13121380716843717
2024.06.25,600037.SH,0.017474498984230997
2024.06.25,000005.SZ,0.4232749730716907
2024.06.25,600014.SH,0.10591397418116978
2024.06.25,000038.SZ,0.14428432544487796
2024.06.25,600009.SH,0.1456011205374477
2024.06.25,000022.SZ,0.060065508185089246
2024.06.25,600017.SH,0.15405395276774697
2024.06.25,000006.SZ,0.0005833960484910509
2024.06.25,600018.SH,0.021805389820923737
2024.06.25,600021.SH,0.11384160936575549
2024.06.25,000031.SZ,0.06643155492989308
2024.06.25,000014.SZ,0.38678751440488846
2024.06.25,600045.SH,0.4189503487651652
2024.06.25,000004.SZ,0.009480474671677239
2024.06.25,600047.SH,0.13564478001986227
2024.06.25,600046.SH,0.04880542784846921
2024.06.25,000023.SZ,0.14558447453437368
2024.06.25,000030.SZ,0.3389265786602571
2024.06.25,600031.SH,0.12823883662536906
2024.06.25,600025.SH,0.00835995107494259
2024.06.25,000039.SZ,0.024558092814666883
2024.06.25,000003.SZ,0.06143853848449291
2024.06.25,600029.SH,0.014679907904189708
2024.06.25,600042.SH,0.005993362393140875
2024.06.25,000048.SZ,0.02666018554221281
2024.06.25,600016.SH,0.21332675847299293
2024.06.25,000007.SZ,0.23339289454245532
2024.06.25,000044.SZ,0.13591317917545306
2024.06.25,000026.SZ,0.007796707336569484
2024.06.25,000034.SZ,0.22697212959342042
2024.06.25,600034.SH,0.06600431854625688
2024.06.25,000028.SZ,0.09199050515230744
2024.06.25,000002.SZ,0.30782612298695045
2024.06.25,000049.SZ,0.05127398430611555
2024.06.25,600049.SH,0.032472225614709374
2024.06.25,000008.SZ,0.0576686359386891
2024.06.25,600002.SH,0.07514000173172354
2024.06.25,600028.SH,0.11968420220452013
2024.06.25,000042.SZ,0.12737808764165606
2024.06.25,000016.SZ,0.07545431167568137
2024.06.25,600007.SH,0.06501785782782776
2024.06.25,600006.SH,0.0313373894240421
2024.06.25,000017.SZ,0.15705534924136974
2024.06.25,600004.SH,0.06678673892654388
2024.06.25,600027.SH,0.41770721083031176
2024.06.25,000050.SZ,0.0743310280979814
2024.06.25,000033.SZ,0.03824145550345334
2024.06.25,600026.SH,0.03555986467680548
2024.06.25,600000.SH,0.07752587829542139
2024.06.25,600013.SH,0.15275045834707185
2024.06.25,000029.SZ,0.42715639261317434
2024.06.25,000032.SZ,0.13374160361646134
2024.06.25,000012.SZ,0.20861712770144858
2024.06.25,000027.SZ,0.062313939246387826
2024.06.25,000010.SZ,0.21759816975356192
2024.06.25,600020.SH,0.4319031148237731
2024.06.25,600010.SH,0.20700751148490434
2024.06.25,600005.SH,0.04355742007240017
2024.06.25,000035.SZ,0.08480985295482182
2024.06.25,600012.SH,0.19162525969025132
2024.06.25,600036.SH,0.2583745292147096
2024.06.25,600032.SH,0.08076906724230117
2024.06.25,000018.SZ,0.027718526828728177
2024.06.25,000013.SZ,0.004193389915219407
2024.06.25,000021.SZ,0.11902720041956086
2024.06.25,600033.SH,0.08088883694653785
2024.06.25,600030.SH,0.000541329082629747
2024.06.25,600039.SH,0.021732930596018125
2024.06.25,600024.SH,0.14635679281782638
2024.06.25,600001.SH,0.08244409531697919
2024.06.25,000025.SZ,0.17450114905688185
2024.06.25,600044.SH,0.004236697678786986
2024.06.25,000041.SZ,0.13980618440156742
2024.06.25,000009.SZ,0.14949245731117833
2024.06.25,600023.SH,0.09983233086002924
2024.06.25,000045.SZ,0.3008909912115833
2024.06.25,000011.SZ,0.04823915785515093
2024.06.25,600011.SH,0.3896117262435831
2024.06.26,000026.SZ,0.11094428725705527
2024.06.26,600016.SH,0.028641512137076226
2024.06.26,000040.SZ,0.045295290954933703
2024.06.26,000023.SZ,0.3273155766076459
2024.06.26,000004.SZ,0.01859502598736638
2024.06.26,000044.SZ,0.025397616463357687
2024.06.26,000048.SZ,0.01485861826626535
2024.06.26,000033.SZ,0.012878894114407251
2024.06.26,000011.SZ,0.010011218827860721
2024.06.26,000001.SZ,0.06788121056864706
2024.06.26,000029.SZ,0.04539036673257101
2024.06.26,000039.SZ,0.057541741260995066
2024.06.26,000012.SZ,0.019308890380282117
2024.06.26,600030.SH,0.5428266326730438
2024.06.26,600009.SH,0.06372578967999513
2024.06.26,000047.SZ,0.0072772202226060465
2024.06.26,600013.SH,0.09080537634104999
2024.06.26,600045.SH,0.0026183473339321415
2024.06.26,600006.SH,0.4209899859535668
2024.06.26,000018.SZ,0.15337517660447125
2024.06.26,600018.SH,0.01202952618493663
2024.06.26,600020.SH,0.045320308744874645
2024.06.26,600005.SH,0.01730240206779533
2024.06.26,000049.SZ,0.03074943566881023
2024.06.26,600014.SH,0.15786877301017344
2024.06.26,000024.SZ,0.06644534831950959
2024.06.26,000042.SZ,0.21614014414315105
2024.06.26,000038.SZ,0.03993732664583576
2024.06.26,000003.SZ,0.14596049756076548
2024.06.26,600033.SH,0.038480351554495106
2024.06.26,000043.SZ,0.07679674051941958
2024.06.26,600023.SH,0.011885682947245685
2024.06.26,600003.SH,0.006876947285849902
2024.06.26,600031.SH,0.025457467429217204
2024.06.26,600015.SH,0.20307081390460102
2024.06.26,600048.SH,0.14105316470370985
2024.06.26,600011.SH,0.5415685672925347
2024.06.26,600040.SH,0.3981005331194944
2024.06.26,600012.SH,0.00420216006607838
2024.06.26,600024.SH,0.3918155290220701
2024.06.26,600044.SH,0.026880642344702384
2024.06.26,000030.SZ,0.02454170125927615
2024.06.26,600041.SH,0.10939106564309241
2024.06.26,600000.SH,0.10002277477186008
2024.06.26,600043.SH,0.17766263391670728
2024.06.26,000028.SZ,0.020187300218262382
2024.06.26,000034.SZ,0.1152654249810217
2024.06.26,600037.SH,0.091470452624519
2024.06.26,600038.SH,0.0642643208277452
2024.06.26,000032.SZ,0.016426531220476208
2024.06.26,000027.SZ,0.22875830774003916
2024.06.26,600035.SH,0.27268790980969865
2024.06.26,600049.SH,0.11673767732520231
2024.06.26,000031.SZ,0.07642679234990774
2024.06.26,600017.SH,0.009487113787177422
2024.06.26,600001.SH,0.13682064631132812
2024.06.26,600034.SH,0.330353544391263
2024.06.26,600046.SH,0.07972975292461501
2024.06.26,000009.SZ,0.05956989016500406
2024.06.26,000013.SZ,0.013902884493988677
2024.06.26,000021.SZ,0.06839006708732379
2024.06.26,000006.SZ,0.038877403221894764
2024.06.26,600032.SH,0.0063441212332111105
2024.06.26,600039.SH,0.023964419694504798
2024.06.26,600029.SH,0.033635853717383174
2024.06.26,000007.SZ,0.1062605072929394
2024.06.26,600042.SH,0.03406161422068826
2024.06.26,600036.SH,0.034158396934630485
2024.06.26,000036.SZ,0.12319870993772238
2024.06.26,600027.SH,0.14914446379891358
2024.06.26,000019.SZ,0.12436626047281633
2024.06.26,600007.SH,0.27491655873411036
2024.06.26,600008.SH,0.3224311443825995
2024.06.26,000041.SZ,0.09872248252138821
2024.06.26,000017.SZ,0.16882984982471286
2024.06.26,000020.SZ,0.21069758393879903
2024.06.26,600010.SH,0.38561423601517797
2024.06.26,600019.SH,0.0500058431528717
2024.06.26,000045.SZ,0.006706797928212697
2024.06.26,000005.SZ,0.04490861679483934
2024.06.26,000016.SZ,0.05065542719412095
2024.06.26,000008.SZ,0.04475490046553714
2024.06.26,000014.SZ,0.037632410205801936
2024.06.26,000046.SZ,0.011719668351869343
2024.06.26,600047.SH,0.1536960353243179
2024.06.26,600025.SH,0.0006681050123804183
2024.06.26,000022.SZ,0.046859273827668496
2024.06.26,000050.SZ,0.0006714288112426074
2024.06.26,000037.SZ,0.21453145531860657
2024.06.26,000002.SZ,0.12737207898936562
2024.06.26,600028.SH,0.055069398990447306
2024.06.26,600004.SH,0.01972689217037257
2024.06.26,000015.SZ,0.25186868214024366
2024.06.26,000025.SZ,0.05350505541904741
2024.06.26,600026.SH,0.0897655164211294
2024.06.26,600002.SH,0.268775881244758
2024.06.26,000035.SZ,0.016088984441779825
2024.06.26,600021.SH,0.13790707394760846
2024.06.27,600000.SH,0.07506248090673148
2024.06.27,600030.SH,0.08560352092178913
2024.06.27,600042.SH,0.07994663212083783
2024.06.27,000033.SZ,0.48452159795172717
2024.06.27,600033.SH,0.1946557042663348
2024.06.27,000039.SZ,0.12079614047392331
2024.06.27,600027.SH,0.057261729860517446
2024.06.27,000003.SZ,0.1775181560354327
2024.06.27,000048.SZ,0.06135391990152722
2024.06.27,000020.SZ,0.3652454035433999
2024.06.27,600039.SH,0.0438574824451656
2024.06.27,600035.SH,0.014133366369101084
2024.06.27,600046.SH,0.16908930068466024
2024.06.27,000029.SZ,0.11201012983420928
2024.06.27,600040.SH,0.03077769539734099
2024.06.27,600022.SH,0.6034467469913787
2024.06.27,600008.SH,0.05011765325590693
2024.06.27,600024.SH,0.016817626027719235
2024.06.27,000042.SZ,0.15600734394975665
2024.06.27,000028.SZ,0.17816339749118992
2024.06.27,000019.SZ,0.13688891761913627
2024.06.27,600005.SH,0.1810847382876197
2024.06.27,600001.SH,0.2212874605147143
2024.06.27,600016.SH,0.018611708115185123
2024.06.27,600004.SH,0.12382873178747025
2024.06.27,000007.SZ,0.23917638114447873
2024.06.27,000049.SZ,0.09796117291287142
2024.06.27,000013.SZ,0.02636737534027379
2024.06.27,600012.SH,0.04097585020472686
2024.06.27,000006.SZ,0.11316746749799131
2024.06.27,600021.SH,0.15917814441489395
2024.06.27,600009.SH,0.03635684733724841
2024.06.27,000047.SZ,0.003939397705902369
2024.06.27,000014.SZ,0.18303750018618678
2024.06.27,600047.SH,0.09869724159442134
2024.06.27,000002.SZ,0.08930897823481711
2024.06.27,600017.SH,0.46875203461445547
2024.06.27,000005.SZ,0.35447348265224576
2024.06.27,000021.SZ,0.031995764113788766
2024.06.27,600034.SH,0.30043140081308284
2024.06.27,000012.SZ,0.15680339223878062
2024.06.27,000034.SZ,0.033809865759620694
2024.06.27,600003.SH,0.06621899732786071
2024.06.27,000009.SZ,0.26768697333177416
2024.06.27,000025.SZ,0.17354736578923177
2024.06.27,000027.SZ,0.01870693934074697
2024.06.27,000023.SZ,0.4857985448065657
2024.06.27,600007.SH,0.056253431080731005
2024.06.27,600018.SH,0.06452825614031847
2024.06.27,600013.SH,0.14895378576593019
2024.06.27,000037.SZ,0.20663677417984064
2024.06.27,600045.SH,0.010972806868128012
2024.06.27,000046.SZ,0.048724238173870324
2024.06.27,600006.SH,0.4235625058514591
2024.06.27,600002.SH,0.49649463418180395
2024.06.27,000030.SZ,0.08183984809726295
2024.06.27,600031.SH,0.04883699388970453
2024.06.27,600044.SH,0.02761516066999069
2024.06.27,600041.SH,0.1794354696266913
2024.06.27,000050.SZ,0.05367822611457482
2024.06.27,000010.SZ,0.2218211177733354
2024.06.27,000017.SZ,0.0007493689949074113
2024.06.27,000036.SZ,0.19521020145241
2024.06.27,000018.SZ,0.08976628693069286
2024.06.27,000035.SZ,0.1678959851708255
2024.06.27,600010.SH,0.06695948550433545
2024.06.27,000031.SZ,0.19614383398233037
2024.06.27,000043.SZ,0.057265463101903405
2024.06.27,600049.SH,0.10774281418185365
2024.06.27,000038.SZ,0.021584305503231874
2024.06.27,600023.SH,0.24236161914641566
2024.06.27,600032.SH,0.283935977908582
2024.06.27,000008.SZ,0.026341631605921085
2024.06.27,600036.SH,0.17423829848221933
2024.06.27,000004.SZ,0.025258125495973904
2024.06.27,000024.SZ,0.03935685625157445
2024.06.27,600020.SH,0.05130239235178616
2024.06.27,600037.SH,0.09713533318473529
2024.06.27,600015.SH,0.09477920709975474
2024.06.27,600038.SH,0.14626579104976173
2024.06.27,000022.SZ,0.0729139371196902
2024.06.27,000016.SZ,0.4726907863412199
2024.06.27,000045.SZ,0.3848783446804527
2024.06.27,000026.SZ,0.10601663310937288
2024.06.27,600043.SH,0.047529730088561754
2024.06.27,000041.SZ,0.009787314169862754
2024.06.27,600014.SH,0.015134325497984923
2024.06.27,000015.SZ,0.11843112654467249
2024.06.27,600025.SH,0.03727998857729081
2024.06.27,000011.SZ,0.38511713713071644
2024.06.27,000044.SZ,0.07945033293644038
2024.06.27,600029.SH,0.1616245719122035
2024.06.27,600011.SH,0.012569469927881521
2024.06.27,000040.SZ,0.12814942765959536
2024.06.27,600026.SH,0.018029610721151786
2024.06.27,000001.SZ,0.06963702662958425
2024.06.27,600048.SH,0.01677573729339366
2024.06.28,000015.SZ,0.36104620560304007
2024.06.28,000038.SZ,0.0757491874747669
2024.06.28,000005.SZ,0.3524168811242631
2024.06.28,000018.SZ,0.00046634964112455174
2024.06.28,600041.SH,0.14326695768454523
2024.06.28,000040.SZ,0.012930448093581237
2024.06.28,000037.SZ,0.02244144740181348
2024.06.28,000035.SZ,0.06245221117096042
2024.06.28,000006.SZ,0.012463271229691453
2024.06.28,000034.SZ,0.06766370527423983
2024.06.28,000030.SZ,0.09097820922453267
2024.06.28,000047.SZ,0.21324618085241048
2024.06.28,600000.SH,0.04964559177470412
2024.06.28,600014.SH,0.18347436414600604
2024.06.28,000039.SZ,0.15856874524617004
2024.06.28,000036.SZ,0.3621255696332475
2024.06.28,600002.SH,0.005345468382616943
2024.06.28,600047.SH,0.2544290587581214
2024.06.28,600006.SH,0.32048515482599005
2024.06.28,000049.SZ,0.2602657510224078
2024.06.28,600017.SH,0.11319251476503074
2024.06.28,000032.SZ,0.08282951671219535
2024.06.28,600013.SH,0.04038697701552222
2024.06.28,000023.SZ,0.1829166211595347
2024.06.28,600003.SH,0.04287164270700437
2024.06.28,000003.SZ,0.005823767869421168
2024.06.28,600046.SH,0.1620565925040797
2024.06.28,600038.SH,0.2328962864151751
2024.06.28,600048.SH,0.1588579824721536
2024.06.28,000043.SZ,0.3625327936485208
2024.06.28,000028.SZ,0.005546996323836611
2024.06.28,000022.SZ,0.08546251178816876
2024.06.28,600027.SH,0.02344201277920145
2024.06.28,600044.SH,0.14466088116663608
2024.06.28,600031.SH,0.18163499638287303
2024.06.28,600028.SH,0.021882810408807348
2024.06.28,000048.SZ,0.11763768508733087
2024.06.28,600026.SH,0.06672575895919677
2024.06.28,600011.SH,0.026567698613277395
2024.06.28,000017.SZ,0.051280012456111794
2024.06.28,600001.SH,0.03206187466624681
2024.06.28,000029.SZ,0.08509005928558842
2024.06.28,600016.SH,0.08283052505698094
2024.06.28,000001.SZ,0.19624480952935627
2024.06.28,600005.SH,0.0012475167432748641
2024.06.28,600032.SH,0.14211598947316695
2024.06.28,600008.SH,0.15364864098782222
2024.06.28,000046.SZ,0.10228939325041168
2024.06.28,600037.SH,0.17885044670227418
2024.06.28,600019.SH,0.002774812617756246
2024.06.28,600034.SH,0.004637693459808157
2024.06.28,600018.SH,0.15339436981370239
2024.06.28,600024.SH,0.1278700153511333
2024.06.28,000007.SZ,0.2536077596045295
2024.06.28,600043.SH,0.07046297314886231
2024.06.28,000050.SZ,0.09095799955340743
2024.06.28,600033.SH,0.22487292266411085
2024.06.28,000004.SZ,0.131789305645454
2024.06.28,600010.SH,0.1305662043410247
2024.06.28,000012.SZ,0.11184638273386081
2024.06.28,600039.SH,0.40626290145175603
2024.06.28,600023.SH,0.13235429678387536
2024.06.28,600021.SH,0.018576595454907585
2024.06.28,000019.SZ,0.034322542233267785
2024.06.28,000020.SZ,0.016173006540583845
2024.06.28,000009.SZ,0.1052482571886127
2024.06.28,000033.SZ,0.0066520180978729875
2024.06.28,000002.SZ,0.09513358888121942
2024.06.28,000042.SZ,0.18799735429166053
2024.06.28,000014.SZ,0.05526101280109952
2024.06.28,600036.SH,0.046418417530961986
2024.06.28,600004.SH,0.00082380549549086
2024.06.28,600015.SH,0.05439794291624367
2024.06.28,000027.SZ,0.027693466788694585
2024.06.28,000016.SZ,0.4103440715311981
2024.06.28,600042.SH,0.2754862776834654
2024.06.28,600020.SH,0.003821285060627685
2024.06.28,600040.SH,0.2536121720868128
2024.06.28,000031.SZ,0.01279209955896609
2024.06.28,000044.SZ,0.05238871978431819
2024.06.28,600029.SH,0.12304895618004946
2024.06.28,000011.SZ,0.08447237292309752
2024.06.28,000021.SZ,0.08118510034326455
2024.06.28,600035.SH,0.1963834111928023
2024.06.28,600009.SH,0.0024832032719220827
2024.06.28,600007.SH,0.27529130681643704
2024.06.28,000024.SZ,0.1619058584126198
2024.06.28,000025.SZ,0.4298206388899392
2024.06.28,000026.SZ,0.029016803663707475
2024.06.28,600022.SH,0.08008399107884866
2024.06.28,600045.SH,0.04957600875502965
2024.06.28,600025.SH,0.0856613370918944
2024.06.28,000045.SZ,0.0925901400318781
2024.06.28,600012.SH,0.0956526293332944
2024.06.28,000008.SZ,0.018772766852354093
2024.06.28,000013.SZ,0.28816199187835884
2024.06.28,600030.SH,0.16344132174412504
2024.06.28,000041.SZ,0.2477500899006134
2024.07.01,000014.SZ,0.012911283571714465
2024.07.01,600010.SH,0.2919825520348629
2024.07.01,000037.SZ,0.16874932671910492
2024.07.01,000039.SZ,0.09723096185387992
2024.07.01,000013.SZ,0.11914147713720827
2024.07.01,600006.SH,0.014738627376274615
2024.07.01,000010.SZ,0.009310181517471731
2024.07.01,000031.SZ,0.022152668223345173
2024.07.01,000007.SZ,0.01636966910438881
2024.07.01,600032.SH,0.1866508843117133
2024.07.01,600046.SH,0.009530031527050929
2024.07.01,600038.SH,0.3270049104841776
2024.07.01,600035.SH,0.3966830290733252
2024.07.01,600048.SH,0.0604023214584116
2024.07.01,600023.SH,0.44732256034336826
2024.07.01,000018.SZ,0.14257763732455106
2024.07.01,000022.SZ,0.08917066830478003
2024.07.01,600047.SH,0.023567719375130948
2024.07.01,600008.SH,0.06992881766350478
2024.07.01,000050.SZ,0.02136195956550989
2024.07.01,000026.SZ,0.17654491885206708
2024.07.01,000025.SZ,0.0844873648484754
2024.07.01,000001.SZ,0.23120178090148996
2024.07.01,600016.SH,0.012071970543055938
2024.07.01,000011.SZ,0.2604638064040829
2024.07.01,600004.SH,0.18925802552402787
2024.07.01,600039.SH,0.017276356160459194
2024.07.01,600030.SH,0.11402608203871634
2024.07.01,000041.SZ,0.5673483988871783
2024.07.01,000048.SZ,0.1512601317632815
2024.07.01,600014.SH,0.029557465017659608
2024.07.01,600043.SH,0.19179298473515102
2024.07.01,000020.SZ,0.08591372398576737
2024.07.01,000040.SZ,0.05150917428542379
2024.07.01,000002.SZ,0.04226540381139126
2024.07.01,000003.SZ,0.3435693574506372
2024.07.01,000044.SZ,0.011742800093246925
2024.07.01,600019.SH,0.0011271719621842023
2024.07.01,000028.SZ,0.6665449792496994
2024.07.01,000015.SZ,0.3763323324518144
2024.07.01,600045.SH,0.12397184105319453
2024.07.01,600011.SH,0.15745166230035135
2024.07.01,600037.SH,0.058018412568740914
2024.07.01,600013.SH,0.05954707781989617
2024.07.01,600024.SH,0.4976090183789774
2024.07.01,000049.SZ,0.12881283889005107
2024.07.01,000047.SZ,0.006013249771944169
2024.07.01,600042.SH,0.03343143872964188
2024.07.01,600049.SH,0.2672015657695053
2024.07.01,600041.SH,0.006625458480143695
2024.07.01,000012.SZ,0.029237528116019085
2024.07.01,600020.SH,0.005436728640198774
2024.07.01,000021.SZ,0.04148311860431578
2024.07.01,600034.SH,0.0008191350196715291
2024.07.01,000038.SZ,0.10765079144105977
2024.07.01,000035.SZ,0.052547628583466836
2024.07.01,000019.SZ,0.21261812450761894
2024.07.01,000027.SZ,0.11994542692429512
2024.07.01,600009.SH,0.16985409450306366
2024.07.01,600015.SH,0.1318157246705942
2024.07.01,000029.SZ,0.17435066069539637
2024.07.01,600022.SH,0.3072962194698674
2024.07.01,000030.SZ,0.3232798709950737
2024.07.01,600003.SH,0.13343676457178752
2024.07.01,600025.SH,0.04373270070607618
2024.07.01,600026.SH,0.09558217306258548
2024.07.01,600021.SH,0.23034892566127252
2024.07.01,000033.SZ,0.09891096976896055
2024.07.01,000043.SZ,0.013212925706308675
2024.07.01,000009.SZ,0.04805460396021126
2024.07.01,000042.SZ,0.06009125469046361
2024.07.01,600028.SH,0.07852089942215516
2024.07.01,000004.SZ,0.270068824204075
2024.07.01,000024.SZ,0.3502048467952506
2024.07.01,000017.SZ,0.045581456687263565
2024.07.01,600033.SH,0.06783836342854153
2024.07.01,000045.SZ,0.04882230209752321
2024.07.01,000023.SZ,0.09669831690783412
2024.07.01,600027.SH,0.11280944489274153
2024.07.01,600012.SH,0.07008234739428179
2024.07.01,000006.SZ,0.0477332551278034
2024.07.01,000005.SZ,0.01467986503547427
2024.07.01,600007.SH,0.004479116297380155
2024.07.01,600036.SH,0.09126366356487241
2024.07.01,600018.SH,0.011645976240952937
2024.07.01,600002.SH,0.23928995073580867
2024.07.01,000034.SZ,0.008856523144440595
2024.07.01,600031.SH,0.16678201737653284
2024.07.01,000046.SZ,0.06723119778216032
2024.07.01,000016.SZ,0.3382638697322646
2024.07.01,600040.SH,0.22233229172144
2024.07.01,600005.SH,0.3979318132132501
2024.07.01,000008.SZ,0.12032926468051909
2024.07.01,600001.SH,0.29737849164205477
2024.07.01,000036.SZ,0.0073765881408764215
2024.07.01,600017.SH,0.03477720164387777
2024.07.01,600029.SH,0.1133253211705931
2024.07.01,600044.SH,0.14039899225203326
2024.07.02,000030.SZ,0.019498107386176317
2024.07.02,600049.SH,0.029644940925357566
2024.07.02,000045.SZ,0.027530416374019078
2024.07.02,600041.SH,0.01093445697662386
2024.07.02,600018.SH,0.10013736464260714
2024.07.02,600047.SH,0.4949727059081818
2024.07.02,600022.SH,0.05752640098929526
2024.07.02,000037.SZ,0.07413207279705157
2024.07.02,600004.SH,0.020576607605471423
2024.07.02,000033.SZ,0.09574951129667023
2024.07.02,600015.SH,0.036677246602455756
2024.07.02,600006.SH,0.08264444517536576
2024.07.02,000008.SZ,0.03665888185647867
2024.07.02,000009.SZ,0.15935644692713027
2024.07.02,000046.SZ,0.02728020219299445
2024.07.02,600042.SH,0.004588317679247087
2024.07.02,600002.SH,0.1210298589472471
2024.07.02,000043.SZ,0.019085819946032492
2024.07.02,000010.SZ,0.10309068864822568
2024.07.02,000034.SZ,0.044101345676642964
2024.07.02,600044.SH,0.08668878237136377
2024.07.02,600028.SH,0.002013636811829664
2024.07.02,600014.SH,0.005472290195515036
2024.07.02,600040.SH,0.011645520771215803
2024.07.02,000031.SZ,0.0659676637706846
2024.07.02,600043.SH,0.05870608946715185
2024.07.02,600020.SH,0.023230441231890348
2024.07.02,600010.SH,0.13126058045096914
2024.07.02,000047.SZ,0.027632409104495215
2024.07.02,000021.SZ,0.021117104233828673
2024.07.02,600039.SH,0.018171019636751096
2024.07.02,000005.SZ,0.5184782771387223
2024.07.02,000015.SZ,0.08082761021327163
2024.07.02,600029.SH,0.11193082969568946
2024.07.02,000042.SZ,0.06041729626732509
2024.07.02,000035.SZ,0.1320038282013739
2024.07.02,600017.SH,0.048134537869795914
2024.07.02,600027.SH,0.046636195148743176
2024.07.02,000029.SZ,0.18075611988862342
2024.07.02,000041.SZ,0.1193138127026961
2024.07.02,600030.SH,0.046481695881564214
2024.07.02,600038.SH,0.10350387956478219
2024.07.02,000038.SZ,0.20793617396642428
2024.07.02,600046.SH,0.1183634591326874
2024.07.02,600037.SH,0.15465829483411972
2024.07.02,000049.SZ,0.07885695168276242
2024.07.02,600031.SH,0.003933803488674013
2024.07.02,000014.SZ,0.15550814794986403
2024.07.02,600000.SH,0.03990667892646106
2024.07.02,600033.SH,0.06806882378807115
2024.07.02,000023.SZ,0.15041700093407748
2024.07.02,000013.SZ,0.015820580990883095
2024.07.02,600032.SH,0.025723646104947533
2024.07.02,600005.SH,0.007089074409155808
2024.07.02,000036.SZ,0.10292109995714617
2024.07.02,000018.SZ,0.07315995364681048
2024.07.02,600045.SH,0.04446954076282066
2024.07.02,000028.SZ,0.1189673604985597
2024.07.02,000044.SZ,0.027623330875642928
2024.07.02,600003.SH,0.22890784552290339
2024.07.02,000011.SZ,0.017686464210452158
2024.07.02,600035.SH,0.04401111135436105
2024.07.02,600019.SH,0.046428742427509974
2024.07.02,000007.SZ,0.12024111822799081
2024.07.02,600025.SH,0.003967422090846261
2024.07.02,600026.SH,0.05127467800257998
2024.07.02,000024.SZ,0.10964704816253246
2024.07.02,000032.SZ,0.0028811379859578342
2024.07.02,600023.SH,0.059677567497793495
2024.07.02,000012.SZ,0.430632466230043
2024.07.02,600034.SH,0.06445671137823566
2024.07.02,000040.SZ,0.006736016378247003
2024.07.02,600009.SH,0.20806815661220657
2024.07.02,000003.SZ,0.4783501059446182
2024.07.02,600001.SH,0.024674163153083305
2024.07.02,600011.SH,0.13634603030303086
2024.07.02,000017.SZ,0.2710278373531471
2024.07.02,600021.SH,0.06799409464590876
2024.07.02,000006.SZ,0.08629648004043491
2024.07.02,600012.SH,0.001688431646323253
2024.07.02,600048.SH,0.5178371447891248
2024.07.02,000020.SZ,0.1313415403098242
2024.07.02,000039.SZ,0.0883666723694164
2024.07.02,000050.SZ,0.019914978306376677
2024.07.02,000016.SZ,0.1615142263882421
2024.07.02,000002.SZ,0.022314539067294064
2024.07.02,600016.SH,0.034237955074758096
2024.07.02,000048.SZ,0.012142777550264376
2024.07.02,600024.SH,0.0419235874655475
2024.07.02,000019.SZ,0.015197922372562173
2024.07.02,000025.SZ,0.08638535189409847
2024.07.02,000001.SZ,0.17042101529352077
2024.07.02,600036.SH,0.27732812202532386
2024.07.02,600008.SH,0.09627604833212756
2024.07.02,000026.SZ,0.02057867493779155
2024.07.02,000004.SZ,0.06250089641108553
2024.07.03,000014.SZ,0.0032316918186566794
2024.07.03,000017.SZ,0.2253769472883039
2024.07.03,000007.SZ,0.015489130574727042
2024.07.03,600022.SH,0.019978380745353824
2024.07.03,000024.SZ,0.10279562410207507
2024.07.03,000012.SZ,0.07641493329866249
2024.07.03,600027.SH,0.052316046896265914
2024.07.03,600005.SH,0.006412275783686789
2024.07.03,600039.SH,0.059142993233289344
2024.07.03,600035.SH,0.15771440094330283
2024.07.03,000019.SZ,0.0030119274814690753
2024.07.03,600047.SH,0.002171022569458014
2024.07.03,600044.SH,0.1174762756776873
2024.07.03,600032.SH,0.04591240253598807
2024.07.03,600009.SH,0.38347160251375445
2024.07.03,600023.SH,0.0004960187161949587
2024.07.03,000049.SZ,0.10024110323990099
2024.07.03,600021.SH,0.27222733748161015
2024.07.03,000011.SZ,0.018771511464574953
2024.07.03,000048.SZ,0.04710617902075091
2024.07.03,000046.SZ,0.17329574165540534
2024.07.03,600028.SH,0.276212307553896
2024.07.03,000041.SZ,0.13683791193182507
2024.07.03,000030.SZ,0.11825538045235578
2024.07.03,600000.SH,0.1598554264990778
2024.07.03,600042.SH,0.12214669491717473
2024.07.03,000043.SZ,0.018432286208983285
2024.07.03,600020.SH,0.07314086695484565
2024.07.03,600001.SH,0.19811652417974376
2024.07.03,600002.SH,0.10960673921334171
2024.07.03,600014.SH,0.04841231133867153
2024.07.03,000013.SZ,0.09266034508565636
2024.07.03,600025.SH,0.26523263187458695
2024.07.03,600043.SH,0.028197955804947376
2024.07.03,000001.SZ,0.10088356627904664
2024.07.03,600016.SH,0.40996932298105415
2024.07.03,000006.SZ,0.13935616748208493
2024.07.03,600045.SH,0.0740772170702166
2024.07.03,000005.SZ,0.04942766989404279
2024.07.03,000003.SZ,0.002270610170810697
2024.07.03,000029.SZ,0.1362471973514927
2024.07.03,600006.SH,0.18912277259512414
2024.07.03,600049.SH,0.15096095612014715
2024.07.03,600013.SH,0.016028922853492663
2024.07.03,000038.SZ,0.06258403072145556
2024.07.03,600026.SH,0.10603473451843352
2024.07.03,000004.SZ,0.13293377404475124
2024.07.03,000023.SZ,0.11193476563947966
2024.07.03,000050.SZ,0.0627093499598517
2024.07.03,000010.SZ,0.0182671501549228
2024.07.03,600041.SH,0.088085183187872
2024.07.03,000044.SZ,0.07341203010263786
2024.07.03,600029.SH,0.15655353518514464
2024.07.03,000018.SZ,0.2942645970848097
2024.07.03,600015.SH,0.1523907520700988
2024.07.03,000008.SZ,0.022117730537664446
2024.07.03,000021.SZ,0.0043350572182685445
2024.07.03,600010.SH,0.1699060500991187
2024.07.03,000042.SZ,0.054825847784234674
2024.07.03,000015.SZ,0.025920757088983535
2024.07.03,600040.SH,0.13293292180254063
2024.07.03,600017.SH,0.011391652189314287
2024.07.03,600034.SH,0.004626084890939799
2024.07.03,000045.SZ,0.4468134856573824
2024.07.03,000036.SZ,0.13980646827567345
2024.07.03,000033.SZ,0.08992986417186824
2024.07.03,000028.SZ,0.007693125964003541
2024.07.03,000032.SZ,0.27780038781730165
2024.07.03,000026.SZ,0.08037686117943611
2024.07.03,600036.SH,0.07382704541379728
2024.07.03,600038.SH,0.042282231036397534
2024.07.03,000047.SZ,0.23219439587129972
2024.07.03,600019.SH,0.021948185085065554
2024.07.03,600024.SH,0.008847228875030281
2024.07.03,600046.SH,0.019812637248578277
2024.07.03,000035.SZ,0.10215997818432271
2024.07.03,600003.SH,0.04563739266103915
2024.07.03,000031.SZ,0.12229448078073175
2024.07.03,000034.SZ,0.1928784297035525
2024.07.03,600011.SH,0.14619515290778382
2024.07.03,600030.SH,0.21855482846060584
2024.07.03,600008.SH,0.12903339788303902
2024.07.03,600018.SH,0.19305917529561956
2024.07.03,600037.SH,0.3897532292073439
2024.07.03,600031.SH,0.0887521547117805
2024.07.03,000027.SZ,0.3884617773523447
2024.07.03,000025.SZ,0.1471670248511924
2024.07.03,000016.SZ,0.009000892962010312
2024.07.03,600004.SH,0.031004555550535884
2024.07.03,600012.SH,0.16234571993209765
2024.07.03,000002.SZ,0.26193072323846106
2024.07.03,600048.SH,0.064022574620802
2024.07.03,000040.SZ,0.27030977788488864
2024.07.03,000037.SZ,0.13072320191754122
2024.07.03,000039.SZ,0.26370661707615184
2024.07.03,600007.SH,0.1288345133714533
2024.07.03,600033.SH,0.014007791341005488
2024.07.04,000046.SZ,0.02841330508458514
2024.07.04,000010.SZ,0.29455014064772767
2024.07.04,000038.SZ,0.036844650316939745
2024.07.04,600002.SH,0.01186332660495626
2024.07.04,600011.SH,0.034786901354330026
2024.07.04,000018.SZ,0.14494030113093995
2024.07.04,000014.SZ,0.21329107927124996
2024.07.04,000049.SZ,0.02812821669487404
2024.07.04,600048.SH,0.2653836581206148
2024.07.04,600009.SH,0.10248895777474108
2024.07.04,600036.SH,0.0602746804611997
2024.07.04,000033.SZ,0.07146285347977817
2024.07.04,000047.SZ,0.16398827169171892
2024.07.04,000030.SZ,0.019545884635600533
2024.07.04,000032.SZ,0.013574566313054882
2024.07.04,600015.SH,0.005699503378001063
2024.07.04,600010.SH,0.045773586031495214
2024.07.04,600007.SH,0.06356334122222451
2024.07.04,600034.SH,0.0033375979378524644
2024.07.04,000044.SZ,0.05947209135072106
2024.07.04,000011.SZ,0.13883441033171526
2024.07.04,000019.SZ,0.32342481254187105
2024.07.04,000041.SZ,0.012428168149790395
2024.07.04,000021.SZ,0.07419801443559026
2024.07.04,000015.SZ,0.06402424029781888
2024.07.04,600042.SH,0.14940065332377195
2024.07.04,000035.SZ,0.014133290535502252
2024.07.04,000016.SZ,0.04058174801479653
2024.07.04,600047.SH,0.1874592507011415
2024.07.04,600039.SH,0.07128770188876402
2024.07.04,000022.SZ,0.029575325867869578
2024.07.04,600004.SH,0.05069199160031914
2024.07.04,600000.SH,0.17041042067355838
2024.07.04,600035.SH,0.13040307417223782
2024.07.04,000048.SZ,0.15390569925500383
2024.07.04,000006.SZ,0.16045752069845742
2024.07.04,000012.SZ,0.47856722688789455
2024.07.04,000026.SZ,0.05974637663727685
2024.07.04,000029.SZ,0.07733319776463078
2024.07.04,600046.SH,0.08669652453246987
2024.07.04,000004.SZ,0.03313480284323595
2024.07.04,600019.SH,0.14383263929072734
2024.07.04,600008.SH,0.06967292176211777
2024.07.04,600043.SH,0.1298902381352581
2024.07.04,600045.SH,0.08972486012982948
2024.07.04,600003.SH,0.07235531304878898
2024.07.04,000045.SZ,0.11972043411300191
2024.07.04,600041.SH,0.4431714807337461
2024.07.04,600014.SH,0.07359404318924484
2024.07.04,000002.SZ,0.06327788711022493
2024.07.04,600020.SH,0.040132025789301626
2024.07.04,600017.SH,0.09484964884562147
2024.07.04,000031.SZ,0.023444037534779628
2024.07.04,000037.SZ,0.14903711526167007
2024.07.04,000009.SZ,0.04162155562558793
2024.07.04,000025.SZ,0.08860604107875528
2024.07.04,600038.SH,0.08093225408456002
2024.07.04,600001.SH,0.45312929911293576
2024.07.04,000024.SZ,0.007111433172151965
2024.07.04,000039.SZ,0.08866899745395247
2024.07.04,000020.SZ,0.028243659066841415
2024.07.04,000005.SZ,0.008787034947194728
2024.07.04,000003.SZ,0.03889413186808206
2024.07.04,600021.SH,0.010930360934204901
2024.07.04,600044.SH,0.02278457971278646
2024.07.04,000036.SZ,0.31194161456054953
2024.07.04,600026.SH,0.6308556762168364
2024.07.04,000008.SZ,0.15776345402774114
2024.07.04,600027.SH,0.03860509108091777
2024.07.04,000017.SZ,0.042077129888919367
2024.07.04,000013.SZ,0.2783069964634504
2024.07.04,000027.SZ,0.245353123684404
2024.07.04,000034.SZ,0.19648497486250394
2024.07.04,600031.SH,0.2442383108158452
2024.07.04,600012.SH,0.057674223554215524
2024.07.04,600025.SH,0.15378425895528955
2024.07.04,600022.SH,0.07700517596862291
2024.07.04,000007.SZ,0.021032205677480764
2024.07.04,600029.SH,0.003834738843412239
2024.07.04,000042.SZ,0.23592745522064357
2024.07.04,600024.SH,0.03051961229936983
2024.07.04,600013.SH,0.03350466083462622
2024.07.04,600032.SH,0.012523421560340219
2024.07.04,600005.SH,0.09084822353581466
2024.07.04,600040.SH,0.11362218718390463
2024.07.04,600049.SH,0.1570121424521618
2024.07.04,600023.SH,0.07925268157012755
2024.07.04,600030.SH,0.21427509116568066
2024.07.04,000028.SZ,0.07432590910743318
2024.07.04,000023.SZ,0.031823088328191904
2024.07.04,600028.SH,0.03047406863762475
2024.07.04,600033.SH,0.11958405091147886
2024.07.04,000040.SZ,0.19629608254112682
2024.07.04,600018.SH,0.49375268870825556
2024.07.04,000050.SZ,0.22535066302413895
2024.07.04,000043.SZ,1.0117122773151388
2024.07.04,600037.SH,0.12415841703196627
2024.07.05,000005.SZ,0.09499097726957081
2024.07.05,000043.SZ,0.22030682781457755
2024.07.05,000046.SZ,0.2732998929520257
2024.07.05,000036.SZ,0.20524002234049027
2024.07.05,600047.SH,0.17506386479720665
2024.07.05,600041.SH,0.026283758600577085
2024.07.05,600046.SH,0.2535299589714884
2024.07.05,600021.SH,0.015477485869002295
2024.07.05,000013.SZ,0.005418478882520887
2024.07.05,000048.SZ,0.06864331850433715
2024.07.05,600002.SH,0.2605216723107319
2024.07.05,000004.SZ,0.08338589315950064
2024.07.05,600045.SH,0.038540008681950684
2024.07.05,000047.SZ,0.08112825611780346
2024.07.05,600004.SH,0.007231087630502297
2024.07.05,600036.SH,0.10504333592040968
2024.07.05,600039.SH,0.0717490787544298
2024.07.05,000007.SZ,0.10694581025878047
2024.07.05,000003.SZ,0.004607883969058551
2024.07.05,000018.SZ,0.350380211170929
2024.07.05,000022.SZ,0.0641063125655275
2024.07.05,000009.SZ,0.05102805791138032
2024.07.05,600005.SH,0.018556630031717737
2024.07.05,000041.SZ,0.05440425235960195
2024.07.05,600038.SH,0.23160626054680533
2024.07.05,600026.SH,0.25787997404489976
2024.07.05,600013.SH,0.10651142305832469
2024.07.05,000032.SZ,0.0352330257180179
2024.07.05,600033.SH,0.16428039055729343
2024.07.05,000030.SZ,0.028433355423941827
2024.07.05,000045.SZ,0.08183126116516114
2024.07.05,600027.SH,0.19998906072641565
2024.07.05,000019.SZ,0.1452513241302932
2024.07.05,600009.SH,0.0533530723043298
2024.07.05,000008.SZ,0.10319595830394597
2024.07.05,600043.SH,0.41616521159142694
2024.07.05,600011.SH,0.20785384749138316
2024.07.05,600015.SH,0.04213123934869914
2024.07.05,600048.SH,0.08338426490124767
2024.07.05,000050.SZ,0.08344461604353032
2024.07.05,600030.SH,0.005305013545829391
2024.07.05,600028.SH,0.0460413855806371
2024.07.05,000034.SZ,0.031088526357802015
2024.07.05,600020.SH,0.05978852027728744
2024.07.05,000012.SZ,0.06869738008654161
2024.07.05,600003.SH,0.033729592234109755
2024.07.05,000039.SZ,0.12779410328292515
2024.07.05,600019.SH,0.02453087879830038
2024.07.05,000035.SZ,0.1425112466710802
2024.07.05,000049.SZ,0.06353002214424212
2024.07.05,000006.SZ,0.035570816045555696
2024.07.05,600042.SH,0.06348396109570943
2024.07.05,600025.SH,0.10147966061658076
2024.07.05,600044.SH,0.017595484502006625
2024.07.05,000033.SZ,0.02880412533721861
2024.07.05,000025.SZ,0.09220407141319936
2024.07.05,000001.SZ,0.049117571267475096
2024.07.05,600040.SH,0.10392422611243313
2024.07.05,600012.SH,0.19961265010843632
2024.07.05,000021.SZ,0.006935577937448324
2024.07.05,000020.SZ,0.09278519888296272
2024.07.05,000017.SZ,0.23622216897761078
2024.07.05,000016.SZ,0.03786543007799091
2024.07.05,000044.SZ,0.13615755281601805
2024.07.05,600010.SH,0.06864346575906613
2024.07.05,000027.SZ,0.025069798908596473
2024.07.05,600016.SH,0.12724818215255118
2024.07.05,600017.SH,0.2286046268415255
2024.07.05,600023.SH,0.03226206173059725
2024.07.05,000023.SZ,0.0036133290265215304
2024.07.05,000028.SZ,0.02490954920778829
2024.07.05,600024.SH,0.22035728385332023
2024.07.05,000029.SZ,0.05189537954492368
2024.07.05,600032.SH,0.0742696614386395
2024.07.05,000037.SZ,0.057761709370365504
2024.07.05,600029.SH,0.2648527084021733
2024.07.05,600007.SH,0.14566993556335156
2024.07.05,600014.SH,0.031745587836903816
2024.07.05,000010.SZ,0.15429583282669077
2024.07.05,600049.SH,0.01017728329389969
2024.07.05,600006.SH,0.11022083276114776
2024.07.05,000024.SZ,0.03825318167024236
2024.07.05,000042.SZ,0.05335215449866922
2024.07.05,000040.SZ,0.027483259861635967
2024.07.05,600031.SH,0.06987532966390048
2024.07.05,000031.SZ,0.026380689017768452
2024.07.05,600034.SH,0.0023695174380759148
2024.07.05,000026.SZ,0.25917325586550516
2024.07.05,000011.SZ,0.1897615416557645
2024.07.05,000015.SZ,0.07445178334735686
2024.07.05,000014.SZ,0.018927094299142022
2024.07.05,600008.SH,0.047362232139969915
2024.07.05,600018.SH,0.17130605551064226
2024.07.05,000038.SZ,0.05946287475249877
2024.07.05,600035.SH,0.18802762612078702
2024.07.05,600037.SH,0.04982765882181951
2024.07.05,600000.SH,0.08317441970948336
2024.07.08,000013.SZ,0.01828821047886986
2024.07.08,600045.SH,0.006916631635087337
2024.07.08,000015.SZ,0.14051067104717468
2024.07.08,600014.SH,0.05070925091950987
2024.07.08,000044.SZ,0.2033513024091288
2024.07.08,600002.SH,0.08683427731921592
2024.07.08,600049.SH,0.08306567517934312
2024.07.08,000048.SZ,0.011799093622505514
2024.07.08,000008.SZ,0.02263201540262618
2024.07.08,600034.SH,0.04006570543037553
2024.07.08,600001.SH,0.06946077045383144
2024.07.08,000041.SZ,0.11675904360123589
2024.07.08,000018.SZ,0.23444938094627837
2024.07.08,600039.SH,0.04422308612631903
2024.07.08,600028.SH,0.049371197772454294
2024.07.08,000031.SZ,0.05355733983417357
2024.07.08,000001.SZ,0.2277449375802081
2024.07.08,600010.SH,0.304504837340206
2024.07.08,600040.SH,0.3533231977171867
2024.07.08,600024.SH,0.08103451154426017
2024.07.08,000028.SZ,0.02687058391132715
2024.07.08,000047.SZ,0.07051769795927063
2024.07.08,600018.SH,0.06736315772336735
2024.07.08,000023.SZ,0.01636228974722353
2024.07.08,600003.SH,0.1299840975063693
2024.07.08,000020.SZ,0.13562825310447071
2024.07.08,000003.SZ,0.06503818876650501
2024.07.08,000022.SZ,0.08848219128882641
2024.07.08,000049.SZ,0.04619024274006257
2024.07.08,600041.SH,0.12371381958715057
2024.07.08,000007.SZ,0.010689442818987822
2024.07.08,000006.SZ,0.09457504559149107
2024.07.08,000045.SZ,0.012739880069419432
2024.07.08,000016.SZ,0.0008876315744368365
2024.07.08,600022.SH,0.06797015100866784
2024.07.08,600006.SH,0.24983202976499466
2024.07.08,000011.SZ,0.0641954054644138
2024.07.08,600038.SH,0.16206277674172706
2024.07.08,000019.SZ,0.03314546975407243
2024.07.08,000030.SZ,0.30085018902468896
2024.07.08,000036.SZ,0.03571514902353972
2024.07.08,600004.SH,0.17791842839526514
2024.07.08,600007.SH,0.020722483461513435
2024.07.08,600011.SH,0.6360016393682771
2024.07.08,600030.SH,0.18156097279147337
2024.07.08,000004.SZ,0.45677068631029044
2024.07.08,600005.SH,0.2303435402473776
2024.07.08,600032.SH,0.08141572430331594
2024.07.08,600009.SH,0.18467968858629352
2024.07.08,600016.SH,0.07954898970326106
2024.07.08,000037.SZ,0.11524394080659053
2024.07.08,000027.SZ,0.018022138531113452
2024.07.08,600012.SH,0.39199653296839604
2024.07.08,600033.SH,0.15971440938630987
2024.07.08,000039.SZ,0.009516291062064574
2024.07.08,000034.SZ,0.18820046887288822
2024.07.08,600013.SH,0.09788451192946486
2024.07.08,000005.SZ,0.11789592576898147
2024.07.08,600048.SH,0.14025045007870315
2024.07.08,000021.SZ,0.02566162580358335
2024.07.08,000050.SZ,0.13395442607135896
2024.07.08,000033.SZ,0.23191402530653893
2024.07.08,600047.SH,0.11832884134779224
2024.07.08,000010.SZ,0.033729580177118745
2024.07.08,600008.SH,0.18904286084418156
2024.07.08,000040.SZ,0.2574727818205128
2024.07.08,000026.SZ,0.3659403464813725
2024.07.08,000038.SZ,0.5101774611613685
2024.07.08,000012.SZ,0.40305266175622245
2024.07.08,600044.SH,0.15851153472098806
2024.07.08,000009.SZ,0.03225239610747705
2024.07.08,000046.SZ,0.1712016472580918
2024.07.08,000035.SZ,0.003580983365593497
2024.07.08,000025.SZ,0.21925699005439556
2024.07.08,000042.SZ,0.3275574376354718
2024.07.08,600017.SH,0.00020514656783370496
2024.07.08,000032.SZ,0.3373259708393659
2024.07.08,600042.SH,0.05652678360529921
2024.07.08,000029.SZ,0.09792075277214861
2024.07.08,000024.SZ,0.0030572802415682965
2024.07.08,600020.SH,0.13270794383317927
2024.07.08,000043.SZ,0.012599809807692312
2024.07.08,600037.SH,0.03244140594499211
2024.07.08,600025.SH,0.2490761359900036
2024.07.08,600036.SH,0.22267473806157448
2024.07.08,600023.SH,0.15906995340784655
2024.07.08,600015.SH,0.0697511256223589
2024.07.08,600026.SH,0.18691847213944449
2024.07.08,600021.SH,0.03180001232855537
2024.07.08,600027.SH,0.13867248900534615
2024.07.08,600035.SH,0.008644040744888025
2024.07.08,000002.SZ,0.1156345929507416
2024.07.08,000017.SZ,0.08779023447596111
2024.07.08,600029.SH,0.012578324320245327
2024.07.08,600000.SH,0.04204930328321605
2024.07.08,600046.SH,0.1674325409069625
2024.07.09,600047.SH,0.13607784527106828
2024.07.09,600008.SH,0.05756212450799287
2024.07.09,000017.SZ,0.02501809658586458
2024.07.09,600037.SH,0.03983095469664821
2024.07.09,000012.SZ,0.06986241205154267
2024.07.09,000043.SZ,0.24509393879800484
2024.07.09,000018.SZ,0.00600739735071105
2024.07.09,600027.SH,0.08436699608564954
2024.07.09,000045.SZ,0.2511339780839638
2024.07.09,600002.SH,0.3198032429160235
2024.07.09,600007.SH,0.3256867036940092
2024.07.09,600005.SH,0.025922220386584306
2024.07.09,000016.SZ,0.048166847749451965
2024.07.09,000013.SZ,0.26237025095862776
2024.07.09,600010.SH,0.1270410110029437
2024.07.09,600044.SH,0.028885120406340618
2024.07.09,600042.SH,0.14378667033200368
2024.07.09,000005.SZ,0.07829201187761532
2024.07.09,000008.SZ,0.14840159373204687
2024.07.09,600025.SH,0.138755315307812
2024.07.09,600013.SH,0.09634381468644997
2024.07.09,000027.SZ,0.030603385337963158
2024.07.09,600018.SH,0.08964174907118501
2024.07.09,000044.SZ,0.08678739885770687
2024.07.09,600006.SH,0.31267371697984103
2024.07.09,000037.SZ,0.041621115550735416
2024.07.09,000028.SZ,0.11883374380426366
2024.07.09,000015.SZ,0.11181541240896187
2024.07.09,600014.SH,0.3447619739280035
2024.07.09,000036.SZ,0.02045059635141551
2024.07.09,600004.SH,0.012581726716048278
2024.07.09,600049.SH,0.17581594104274703
2024.07.09,600001.SH,0.058573711827875664
2024.07.09,000026.SZ,0.0021433296952513975
2024.07.09,000031.SZ,0.2704638416595824
2024.07.09,600032.SH,0.40989659688925456
2024.07.09,000048.SZ,0.13625762326858137
2024.07.09,600015.SH,0.2080548008535315
2024.07.09,600039.SH,0.13426410945433576
2024.07.09,000024.SZ,0.11373049932284948
2024.07.09,000034.SZ,0.03816386186380418
2024.07.09,000042.SZ,0.019349537322247326
2024.07.09,600028.SH,0.02229050467111398
2024.07.09,000001.SZ,0.05901635367789279
2024.07.09,000021.SZ,0.04686641660888316
2024.07.09,000014.SZ,0.04007111434010906
2024.07.09,600038.SH,0.08555580228351148
2024.07.09,000039.SZ,0.16870414123359395
2024.07.09,000010.SZ,0.010690092169286496
2024.07.09,600011.SH,0.09368257627875631
2024.07.09,000019.SZ,0.013725047805410746
2024.07.09,000032.SZ,0.20391024532613286
2024.07.09,600024.SH,0.09715129244525537
2024.07.09,600033.SH,0.3677207242781917
2024.07.09,600029.SH,0.08381700903544977
2024.07.09,000022.SZ,0.07307834012907027
2024.07.09,000050.SZ,0.02300171848911601
2024.07.09,000025.SZ,0.11318124570155425
2024.07.09,000035.SZ,0.22020799940283786
2024.07.09,000041.SZ,0.16346457141332124
2024.07.09,000020.SZ,0.060081020194060246
2024.07.09,000004.SZ,0.2442562631036573
2024.07.09,000046.SZ,0.11531483727564858
2024.07.09,000040.SZ,0.12228713177349546
2024.07.09,000049.SZ,0.45451274195629204
2024.07.09,600034.SH,0.015156837722538178
2024.07.09,600031.SH,0.13469729971554342
2024.07.09,600022.SH,0.13325335185017684
2024.07.09,000029.SZ,0.17113219942606145
2024.07.09,600048.SH,0.06975207662037854
2024.07.09,600041.SH,0.22783359259999644
2024.07.09,600046.SH,0.4611028827370819
2024.07.09,600017.SH,0.24709648914639118
2024.07.09,600040.SH,0.2283364631154973
2024.07.09,600026.SH,0.04724516849036071
2024.07.09,000002.SZ,0.2362319227408074
2024.07.09,000030.SZ,0.5812095604312467
2024.07.09,600020.SH,0.1929210899665481
2024.07.09,600030.SH,0.07506190384649393
2024.07.09,000038.SZ,0.23179260387410222
2024.07.09,600043.SH,0.16029703324659994
2024.07.09,600012.SH,0.026665175606870213
2024.07.09,000033.SZ,0.017460942309140675
2024.07.09,600009.SH,0.3025873196181707
2024.07.09,000006.SZ,0.17725782465875523
2024.07.09,000009.SZ,0.0424584822400294
2024.07.09,600036.SH,0.14867217580778438
2024.07.09,600016.SH,0.2131491906937015
2024.07.09,600023.SH,0.03542948534402884
2024.07.09,600003.SH,0.0174758924566499
2024.07.09,000023.SZ,0.062325484813652014
2024.07.09,600035.SH,0.20837214677462995
2024.07.09,600021.SH,0.004510714735111451
2024.07.09,000047.SZ,0.11031724891160863
2024.07.09,000007.SZ,0.16935184654039842
2024.07.09,000003.SZ,0.021124597377980694
2024.07.09,600019.SH,0.2081613716583902
2024.07.09,000011.SZ,0.08396375151348884
2024.07.10,600025.SH,0.10833552678165463
2024.07.10,600007.SH,0.058066286168783614
2024.07.10,000025.SZ,0.030385886462627174
2024.07.10,600008.SH,0.25577334723806244
2024.07.10,600036.SH,0.022538608849268442
2024.07.10,000037.SZ,0.04946008155069024
2024.07.10,600009.SH,0.13512015033984753
2024.07.10,000045.SZ,0.2622088663150559
2024.07.10,000020.SZ,0.05249034189114263
2024.07.10,600027.SH,0.06434326945312448
2024.07.10,000044.SZ,0.1365002209994888
2024.07.10,600040.SH,0.006604530018436293
2024.07.10,600042.SH,0.03635687531728113
2024.07.10,000002.SZ,0.03272782492172277
2024.07.10,600035.SH,0.044870304238820324
2024.07.10,000018.SZ,0.08335164584036156
2024.07.10,000021.SZ,0.09381578090831619
2024.07.10,000028.SZ,0.1259141576958892
2024.07.10,000032.SZ,0.02097522748989036
2024.07.10,000043.SZ,0.14823456149651446
2024.07.10,000012.SZ,0.3067231902385259
2024.07.10,600044.SH,0.11770965480078187
2024.07.10,000013.SZ,0.0404315029729906
2024.07.10,600043.SH,0.044428370334056444
2024.07.10,600028.SH,0.02540502951555067
2024.07.10,000040.SZ,0.11651021786405077
2024.07.10,000019.SZ,0.08336022667177002
2024.07.10,000046.SZ,0.014051781002692255
2024.07.10,000039.SZ,0.15192361035769988
2024.07.10,600048.SH,0.28287955976293966
2024.07.10,000016.SZ,0.00795361725652742
2024.07.10,000033.SZ,0.11731524092287053
2024.07.10,000048.SZ,0.06022555443106662
2024.07.10,600018.SH,0.004567721900757025
2024.07.10,000006.SZ,0.3120660966520468
2024.07.10,600001.SH,0.52351550819139
2024.07.10,000029.SZ,0.1328394559081455
2024.07.10,000042.SZ,0.38801611119871127
2024.07.10,600022.SH,0.19715907935704347
2024.07.10,600026.SH,0.09716291762576236
2024.07.10,600032.SH,0.24956815984962694
2024.07.10,000030.SZ,0.1786362726129498
2024.07.10,600023.SH,0.09756607039230925
2024.07.10,600021.SH,0.051139377267708584
2024.07.10,600033.SH,0.0813875794700672
2024.07.10,600014.SH,0.027311451983346738
2024.07.10,000031.SZ,0.01122922779427065
2024.07.10,600000.SH,0.05745816790491913
2024.07.10,600041.SH,0.14341782491058463
2024.07.10,000050.SZ,0.15631447619661548
2024.07.10,600045.SH,0.4043695901726314
2024.07.10,600005.SH,0.02638065210276456
2024.07.10,600020.SH,0.046630380013548446
2024.07.10,000041.SZ,0.03544743458922798
2024.07.10,600038.SH,0.2537168752660547
2024.07.10,600019.SH,0.006383312582431643
2024.07.10,000022.SZ,0.2886648324465504
2024.07.10,600049.SH,0.09574167088056688
2024.07.10,000017.SZ,0.2510571751779956
2024.07.10,600006.SH,0.066913656243379
2024.07.10,000011.SZ,0.11168665806721306
2024.07.10,000010.SZ,0.03587080633250969
2024.07.10,000027.SZ,0.0794248971786173
2024.07.10,000024.SZ,0.15486956443873984
2024.07.10,600013.SH,0.17048070326195325
2024.07.10,600004.SH,0.05810963485867591
2024.07.10,000023.SZ,0.11235768302488455
2024.07.10,000034.SZ,0.01844910787082891
2024.07.10,600010.SH,0.6771044571725385
2024.07.10,600016.SH,0.06529770928901665
2024.07.10,000038.SZ,0.1738499266777181
2024.07.10,000009.SZ,0.023854185300486417
2024.07.10,000036.SZ,0.011589945050720956
2024.07.10,000005.SZ,0.0107643564704095
2024.07.10,000003.SZ,0.12121377286309193
2024.07.10,000049.SZ,0.041923553653858296
2024.07.10,600031.SH,0.047653105644125504
2024.07.10,000007.SZ,0.04945872022207881
2024.07.10,600039.SH,0.20665815996712444
2024.07.10,600002.SH,0.005472572437779792
2024.07.10,600024.SH,0.030122101110221015
2024.07.10,600011.SH,0.06221073773011522
2024.07.10,600012.SH,0.2818991433875292
2024.07.10,000014.SZ,0.04658071294825767
2024.07.10,600046.SH,0.030543884134015858
2024.07.10,000015.SZ,0.029060328990848747
2024.07.10,000001.SZ,0.03188988063549924
2024.07.10,000004.SZ,0.45979927162752315
2024.07.10,600037.SH,0.044347012043923446
2024.07.10,000047.SZ,0.05472022220326304
2024.07.10,600030.SH,0.010245054080843792
2024.07.10,000026.SZ,0.2690285324688969
2024.07.10,600047.SH,0.2739228105123986
2024.07.10,600034.SH,0.028940727346512148
2024.07.10,600003.SH,0.1991043960732729
2024.07.10,600017.SH,0.5930071856767504
2024.07.10,000008.SZ,0.007876669922093226
2024.07.11,000020.SZ,0.04752584944503075
2024.07.11,000027.SZ,0.18638650774019078
2024.07.11,600012.SH,0.026577397989337934
2024.07.11,600041.SH,0.03568523130632067
2024.07.11,600033.SH,0.00913451654974246
2024.07.11,600018.SH,0.0750935594152812
2024.07.11,600008.SH,0.3828301341166308
2024.07.11,000011.SZ,0.045744635119436196
2024.07.11,600044.SH,0.09460084949489063
2024.07.11,600037.SH,0.17161496164117856
2024.07.11,600027.SH,0.07877385265184121
2024.07.11,000049.SZ,0.07451388494940739
2024.07.11,000026.SZ,0.05607225524515723
2024.07.11,000004.SZ,0.06677530750384356
2024.07.11,600029.SH,0.004668517396155034
2024.07.11,000038.SZ,0.1196136793380008
2024.07.11,000028.SZ,0.10181310662968633
2024.07.11,000002.SZ,0.19688584684121738
2024.07.11,000006.SZ,0.029633448035853285
2024.07.11,600046.SH,0.001869464390439572
2024.07.11,600043.SH,0.023908515548931298
2024.07.11,600019.SH,0.09424382312934443
2024.07.11,600047.SH,0.017265642351275232
2024.07.11,000042.SZ,0.03915344726002983
2024.07.11,600030.SH,0.10187896281876441
2024.07.11,600048.SH,0.027398347443303193
2024.07.11,000003.SZ,0.026888355041354606
2024.07.11,000050.SZ,0.012098071563400287
2024.07.11,600025.SH,0.047614950393091444
2024.07.11,000013.SZ,0.0450354540329902
2024.07.11,600006.SH,0.16984600216629478
2024.07.11,000037.SZ,0.13874593469670715
2024.07.11,000039.SZ,0.028502442233655598
2024.07.11,600014.SH,0.09117389420253022
2024.07.11,000016.SZ,0.03921781619186111
2024.07.11,600032.SH,0.03335571358355242
2024.07.11,000005.SZ,0.10950022051983255
2024.07.11,000025.SZ,0.02273258403451954
2024.07.11,600004.SH,0.06410197986381473
2024.07.11,000032.SZ,0.3109785978955776
2024.07.11,000023.SZ,0.08477061116467594
2024.07.11,000036.SZ,0.10644172416743158
2024.07.11,000033.SZ,0.06452812399173273
2024.07.11,000022.SZ,0.09472324642055774
2024.07.11,000024.SZ,0.1585600897230977
2024.07.11,000014.SZ,0.20519141001604926
2024.07.11,000007.SZ,0.009190441329500339
2024.07.11,600013.SH,0.02249046476387397
2024.07.11,600028.SH,0.030687099463002084
2024.07.11,600045.SH,0.007003520781622731
2024.07.11,600040.SH,0.15647401880513473
2024.07.11,000045.SZ,0.07626795705856788
2024.07.11,600020.SH,0.11126958574245037
2024.07.11,000019.SZ,0.09182524983419167
2024.07.11,600005.SH,0.5279484811336438
2024.07.11,000047.SZ,0.14121043999534155
2024.07.11,600035.SH,0.08174195599267486
2024.07.11,600042.SH,0.341751857272953
2024.07.11,000010.SZ,0.07099387317108133
2024.07.11,000043.SZ,0.1860332030906302
2024.07.11,600015.SH,0.039370834531260925
2024.07.11,000009.SZ,0.26448407316999195
2024.07.11,600017.SH,0.0666902869378545
2024.07.11,000034.SZ,0.03858115808257344
2024.07.11,600011.SH,0.1948817578947687
2024.07.11,000018.SZ,0.0073059301067846
2024.07.11,600036.SH,0.08951849725034002
2024.07.11,000048.SZ,0.24870676497148755
2024.07.11,600049.SH,0.16848414934401723
2024.07.11,000017.SZ,0.05561778056698856
2024.07.11,000012.SZ,0.1484006669936757
2024.07.11,600031.SH,0.30895883943575925
2024.07.11,600034.SH,0.07019412187786932
2024.07.11,600039.SH,0.05439704778510346
2024.07.11,000041.SZ,0.016282267716102094
2024.07.11,000040.SZ,0.02020402782405849
2024.07.11,600038.SH,0.2803023658715324
2024.07.11,600003.SH,0.14947999557863714
2024.07.11,600021.SH,0.06155445324894575
2024.07.11,000044.SZ,0.1847616845679837
2024.07.11,000015.SZ,0.05348645313462903
2024.07.11,600026.SH,0.0019924656233563346
2024.07.11,600023.SH,0.27697243068182886
2024.07.11,000031.SZ,0.08084937180211943
2024.07.11,600000.SH,0.08015327569155738
2024.07.11,000008.SZ,0.1590228487303864
2024.07.11,000030.SZ,0.07646837989132958
2024.07.11,600009.SH,0.0017417575022087572
2024.07.11,000021.SZ,0.018212460723122118
2024.07.11,000001.SZ,0.06355388014026621
2024.07.11,600010.SH,0.29756753838687927
2024.07.11,600024.SH,0.10803111589797368
2024.07.11,600007.SH,0.04584324048468125
2024.07.11,000046.SZ,0.012054419554827549
2024.07.11,000035.SZ,0.12870394121668374
2024.07.11,000029.SZ,0.08539394954418608
2024.07.12,600004.SH,0.06138087832047981
2024.07.12,000008.SZ,0.30175276470872564
2024.07.12,000014.SZ,0.23836882211054833
2024.07.12,600028.SH,0.28278732769462794
2024.07.12,600006.SH,0.02764995749494928
2024.07.12,600041.SH,0.34391214495685646
2024.07.12,600022.SH,0.14665819420403797
2024.07.12,000010.SZ,0.17887948139247273
2024.07.12,000030.SZ,0.6437345395491774
2024.07.12,600018.SH,0.34780472214035274
2024.07.12,000026.SZ,0.04785742960752799
2024.07.12,000049.SZ,0.221098962038128
2024.07.12,600017.SH,0.09199000050122755
2024.07.12,600039.SH,0.033550875514315764
2024.07.12,600026.SH,0.2675003686742107
2024.07.12,000004.SZ,0.021220470289307132
2024.07.12,600046.SH,0.24907283177206516
2024.07.12,600031.SH,0.6323152698583032
2024.07.12,000001.SZ,0.00940963022227808
2024.07.12,600035.SH,0.04997730461231822
2024.07.12,000031.SZ,0.20619414564582164
2024.07.12,600007.SH,0.10336915198595321
2024.07.12,000039.SZ,0.009724533687814901
2024.07.12,600037.SH,0.11415866176301397
2024.07.12,600016.SH,0.25554756366594567
2024.07.12,000038.SZ,0.06972018195634101
2024.07.12,600003.SH,0.4056293298797445
2024.07.12,000025.SZ,0.0016651996732820712
2024.07.12,600023.SH,0.13139137296310036
2024.07.12,600038.SH,0.009593697702722241
2024.07.12,000013.SZ,0.07491649934109168
2024.07.12,000047.SZ,0.058427652988384565
2024.07.12,000043.SZ,0.014386735951795671
2024.07.12,000012.SZ,0.2491489691919925
2024.07.12,600029.SH,0.21687320552846276
2024.07.12,600005.SH,0.02571576635999306
2024.07.12,000033.SZ,0.05031039266124463
2024.07.12,000035.SZ,0.056219347222861434
2024.07.12,600021.SH,0.1472024480414296
2024.07.12,000022.SZ,0.006252962277059323
2024.07.12,000037.SZ,0.06543646261170476
2024.07.12,600012.SH,0.03784636009149925
2024.07.12,000024.SZ,0.13247157382156777
2024.07.12,600044.SH,0.03652649398335623
2024.07.12,600030.SH,0.025679046605818573
2024.07.12,000048.SZ,0.012449506498230824
2024.07.12,600048.SH,0.03290089932132334
2024.07.12,000003.SZ,0.1289288254953
2024.07.12,600014.SH,0.162095163572707
2024.07.12,600009.SH,0.3818795265570455
2024.07.12,600011.SH,0.002673068220005323
2024.07.12,000034.SZ,0.09596230364269558
2024.07.12,600019.SH,0.00511405531352946
2024.07.12,600033.SH,0.4153099845947021
2024.07.12,600024.SH,0.06769740049370766
2024.07.12,600000.SH,0.19895601374818458
2024.07.12,000041.SZ,0.11079214142993075
2024.07.12,000006.SZ,0.17246398689466658
2024.07.12,000017.SZ,0.005054861893358917
2024.07.12,000005.SZ,0.10083605095889876
2024.07.12,000044.SZ,0.03081962311507821
2024.07.12,000020.SZ,0.09010829515698954
2024.07.12,600049.SH,0.09888752037648806
2024.07.12,600001.SH,0.05028421336740262
2024.07.12,600008.SH,0.15605713101930496
2024.07.12,000018.SZ,0.22596985548691767
2024.07.12,000036.SZ,0.012017450863074815
2024.07.12,600020.SH,0.002688805493465988
2024.07.12,600032.SH,0.2502971566093045
2024.07.12,600042.SH,0.09324725486736266
2024.07.12,600013.SH,0.0856710053128059
2024.07.12,600002.SH,0.4264170014910331
2024.07.12,000046.SZ,0.042414321173518614
2024.07.12,600025.SH,0.08058551787787749
2024.07.12,000027.SZ,0.14110763144265293
2024.07.12,000019.SZ,0.03611533858284896
2024.07.12,000042.SZ,0.078125687262891
2024.07.12,600010.SH,0.1653516373258125
2024.07.12,000015.SZ,0.08768182387878039
2024.07.12,600034.SH,0.13940618551855774
2024.07.12,600036.SH,0.20501522451715676
2024.07.12,000028.SZ,0.012727168804158192
2024.07.12,600040.SH,0.3211673199518526
2024.07.12,000023.SZ,0.19717115856295106
2024.07.12,000021.SZ,0.013907563655078229
2024.07.12,600047.SH,0.0841766169224323
2024.07.12,000002.SZ,0.018226946320286132
2024.07.12,600043.SH,0.24963018305208173
2024.07.12,600045.SH,0.11888962170062652
2024.07.12,000032.SZ,0.01668417433017986
2024.07.12,600015.SH,0.042108680123206246
2024.07.12,600027.SH,0.20947271356646
2024.07.12,000007.SZ,0.020532235059290107
2024.07.12,000045.SZ,0.1511356975418132
2024.07.12,000040.SZ,0.013768800010093044
2024.07.12,000011.SZ,0.11707342606200773
2024.07.12,000029.SZ,0.08395567903099943
2024.07.15,600011.SH,0.030721347675298716
2024.07.15,000001.SZ,0.047180554224873286
2024.07.15,600007.SH,0.021074882020900822
2024.07.15,000019.SZ,0.08276466550008649
2024.07.15,000024.SZ,0.01641846046321744
2024.07.15,600019.SH,0.10159523116928602
2024.07.15,000046.SZ,0.11537879039765107
2024.07.15,600005.SH,0.025203426182156177
2024.07.15,600030.SH,0.02091049711095364
2024.07.15,600023.SH,0.05242803988845686
2024.07.15,600024.SH,0.05799832676603016
2024.07.15,000004.SZ,0.22828890905803914
2024.07.15,600032.SH,0.16817018855282878
2024.07.15,600000.SH,0.14189635428834793
2024.07.15,600042.SH,0.10619180098629273
2024.07.15,000047.SZ,0.11486540404501308
2024.07.15,000038.SZ,0.1664483801311593
2024.07.15,000041.SZ,0.02559833663014565
2024.07.15,600044.SH,0.0735447335926696
2024.07.15,000035.SZ,0.009558440792345939
2024.07.15,600049.SH,0.04142869785560146
2024.07.15,600009.SH,0.023822991656574304
2024.07.15,000027.SZ,0.43741876925650514
2024.07.15,600041.SH,0.19953293161360108
2024.07.15,000042.SZ,0.20246741345509722
2024.07.15,600039.SH,0.21209608826051393
2024.07.15,600022.SH,0.014417804013335261
2024.07.15,000015.SZ,0.022959838149072848
2024.07.15,000008.SZ,0.053426607083356455
2024.07.15,000013.SZ,0.11870409683747099
2024.07.15,600002.SH,0.15005051226142999
2024.07.15,600034.SH,0.044610007435055776
2024.07.15,600017.SH,0.10470410077754147
2024.07.15,600038.SH,0.10235272438315667
2024.07.15,600031.SH,0.10974167526299318
2024.07.15,000023.SZ,0.12144685580386187
2024.07.15,000006.SZ,0.499486176851812
2024.07.15,600037.SH,0.05263817123467792
2024.07.15,000039.SZ,0.04201787974183811
2024.07.15,600016.SH,0.05223771368219147
2024.07.15,000045.SZ,0.388064967655041
2024.07.15,000014.SZ,0.05830082397094197
2024.07.15,600036.SH,0.02906416286555856
2024.07.15,600035.SH,0.018776749108753658
2024.07.15,600026.SH,0.10547421390706481
2024.07.15,600033.SH,0.12884279196864315
2024.07.15,000029.SZ,0.05836249574463412
2024.07.15,600018.SH,0.06537757514784243
2024.07.15,600006.SH,0.0015137976816528846
2024.07.15,000050.SZ,0.043118235220217405
2024.07.15,000025.SZ,0.2691922837537201
2024.07.15,600001.SH,0.19434192344058415
2024.07.15,600047.SH,0.1777385694038659
2024.07.15,000030.SZ,0.10348590885283439
2024.07.15,000012.SZ,0.06738307115551995
2024.07.15,000028.SZ,0.07496972962100094
2024.07.15,600003.SH,0.10269819976221907
2024.07.15,000043.SZ,0.025501676307440137
2024.07.15,600015.SH,0.1904000097737009
2024.07.15,000005.SZ,0.012280222855368728
2024.07.15,000022.SZ,0.07230175297295881
2024.07.15,000031.SZ,0.03882305126831153
2024.07.15,000036.SZ,0.18604780551838745
2024.07.15,600045.SH,0.18586636851636634
2024.07.15,000007.SZ,0.03731455381353227
2024.07.15,600012.SH,0.03015781736086675
2024.07.15,600013.SH,0.004997251098124898
2024.07.15,000037.SZ,0.11089256241748464
2024.07.15,600029.SH,0.016402759823886233
2024.07.15,600027.SH,0.122541647786461
2024.07.15,000018.SZ,0.19458106558611588
2024.07.15,000003.SZ,0.18236181363673726
2024.07.15,000021.SZ,0.1470381603580588
2024.07.15,600025.SH,0.15726723673208043
2024.07.15,000034.SZ,0.27835557596649657
2024.07.15,600008.SH,0.22657991752181922
2024.07.15,600040.SH,0.08131536392684048
2024.07.15,000032.SZ,0.3564895870539442
2024.07.15,600048.SH,0.030560520364727
2024.07.15,000011.SZ,0.08747772338479828
2024.07.15,000044.SZ,0.09060513860963164
2024.07.15,600014.SH,0.28478876088001714
2024.07.15,600028.SH,0.37189121714333123
2024.07.15,000016.SZ,0.028879854488292528
2024.07.15,000033.SZ,0.24291507696273393
2024.07.15,000010.SZ,0.3789384686878963
2024.07.15,600043.SH,0.13566605938268483
2024.07.15,600010.SH,0.035676631587663314
2024.07.15,600046.SH,0.3089743143807041
2024.07.15,000049.SZ,0.06461046170870187
2024.07.15,000048.SZ,0.029790773434606996
2024.07.15,600004.SH,0.06315345154477241
2024.07.15,000002.SZ,0.0908655069517587
2024.07.15,000020.SZ,0.012379195618385524
2024.07.15,600021.SH,0.09454437110040492
2024.07.15,000017.SZ,0.019455567795881167
2024.07.16,000032.SZ,0.08894823900447317
2024.07.16,600025.SH,0.00631565392748967
2024.07.16,000040.SZ,0.02447012808087157
2024.07.16,000037.SZ,0.26392888291389643
2024.07.16,000047.SZ,0.15626236119494985
2024.07.16,600045.SH,0.11332899054975812
2024.07.16,600011.SH,0.007557731721893347
2024.07.16,600021.SH,0.28696868068317927
2024.07.16,000011.SZ,0.2521780886538718
2024.07.16,600039.SH,0.2737233910942348
2024.07.16,600029.SH,0.020698508659015954
2024.07.16,000016.SZ,0.22444897300054573
2024.07.16,000049.SZ,0.13677429077624328
2024.07.16,600023.SH,0.06580414626499952
2024.07.16,000001.SZ,0.08745446758672609
2024.07.16,600008.SH,0.012952785234090715
2024.07.16,000003.SZ,0.17981935873771848
2024.07.16,000034.SZ,0.3364539022975227
2024.07.16,000033.SZ,0.3673304296808504
2024.07.16,000024.SZ,0.02446071011989484
2024.07.16,600036.SH,0.1287695863306818
2024.07.16,000012.SZ,0.06700859656575885
2024.07.16,600000.SH,0.08808666896572873
2024.07.16,000046.SZ,0.013647700199374349
2024.07.16,000017.SZ,0.40450242708686357
2024.07.16,600019.SH,0.022120359390745754
2024.07.16,600026.SH,0.052475644709366935
2024.07.16,000022.SZ,0.032539872316644396
2024.07.16,600031.SH,0.028463203829698382
2024.07.16,600018.SH,0.2261958379050052
2024.07.16,600015.SH,0.08770860481814954
2024.07.16,600046.SH,0.30581865886713
2024.07.16,000035.SZ,0.050525927239289455
2024.07.16,000013.SZ,0.0087174550602727
2024.07.16,600028.SH,0.03358520967444776
2024.07.16,600007.SH,0.11231859383787364
2024.07.16,600010.SH,0.07584221611528666
2024.07.16,000045.SZ,0.17177050879464653
2024.07.16,000004.SZ,0.029794911135292788
2024.07.16,000025.SZ,0.030815299226300906
2024.07.16,000026.SZ,0.05236043447010722
2024.07.16,000014.SZ,0.052734237061188884
2024.07.16,600049.SH,0.07949273124170143
2024.07.16,600009.SH,0.01785671916844792
2024.07.16,000009.SZ,0.17608779033945005
2024.07.16,000005.SZ,0.09340911197829468
2024.07.16,000020.SZ,0.02000771676130035
2024.07.16,600014.SH,0.15525120022485425
2024.07.16,600047.SH,0.0903271135997519
2024.07.16,000018.SZ,0.10845389291793943
2024.07.16,000008.SZ,0.15995084258176595
2024.07.16,600013.SH,0.28581530680368894
2024.07.16,600024.SH,0.01746451473816112
2024.07.16,000019.SZ,0.34874081067255597
2024.07.16,000042.SZ,0.010141874818398565
2024.07.16,000041.SZ,0.13015153802247623
2024.07.16,600027.SH,0.017603311262809958
2024.07.16,600017.SH,0.07710506155939538
2024.07.16,600002.SH,0.2089443053814286
2024.07.16,600005.SH,0.30381171041953303
2024.07.16,600003.SH,0.038683770657441996
2024.07.16,600016.SH,0.2611723876484638
2024.07.16,000027.SZ,0.1833777611973769
2024.07.16,600042.SH,0.00780644765604387
2024.07.16,000038.SZ,0.16382992693936937
2024.07.16,000043.SZ,0.20977407834295697
2024.07.16,000002.SZ,0.03062566254205475
2024.07.16,600041.SH,0.11430466091021961
2024.07.16,000039.SZ,0.4235598523171281
2024.07.16,600040.SH,0.027680266618382104
2024.07.16,000029.SZ,0.12852882728587947
2024.07.16,600048.SH,0.03437684516510904
2024.07.16,600020.SH,0.09926537915148492
2024.07.16,000010.SZ,0.07591426958366215
2024.07.16,000050.SZ,0.11189360782729028
2024.07.16,600034.SH,0.2906481795711704
2024.07.16,000007.SZ,0.14138746014309025
2024.07.16,600044.SH,0.20673453002862385
2024.07.16,600037.SH,0.16323930019958766
2024.07.16,600012.SH,0.11329417310430955
2024.07.16,000044.SZ,0.07085291528354043
2024.07.16,600033.SH,0.16502918804728445
2024.07.16,000028.SZ,0.1555182758857546
2024.07.16,000006.SZ,0.11494178005126132
2024.07.16,600001.SH,0.24889380517011903
2024.07.16,600035.SH,0.4189841496340564
2024.07.16,000036.SZ,0.43898204559019083
2024.07.16,600043.SH,0.32676497000020455
2024.07.16,600004.SH,0.030897410940345885
2024.07.16,600006.SH,0.2577543084616851
2024.07.16,600032.SH,0.1091016571968713
2024.07.16,000023.SZ,0.037797786667292915
2024.07.16,000021.SZ,0.020871931735867905
2024.07.16,600030.SH,0.3595412771278555
2024.07.16,000048.SZ,0.06783613341365534
2024.07.16,600022.SH,0.44474335874234083
2024.07.17,000003.SZ,0.01582780003254024
2024.07.17,000048.SZ,0.48127037947059814
2024.07.17,000001.SZ,0.003634571656920314
2024.07.17,600006.SH,0.16770444908963242
2024.07.17,600034.SH,0.2961827117291443
2024.07.17,600017.SH,0.11586762941639685
2024.07.17,600010.SH,0.5460088031956449
2024.07.17,600044.SH,0.14755305968843724
2024.07.17,600019.SH,0.024674205108438953
2024.07.17,600001.SH,0.4578716533309943
2024.07.17,600045.SH,0.011298981719697128
2024.07.17,000044.SZ,0.0006195605361956596
2024.07.17,000031.SZ,0.0684107639800772
2024.07.17,000036.SZ,0.03137116671032014
2024.07.17,000040.SZ,0.022697329174025394
2024.07.17,000006.SZ,0.055769829324732866
2024.07.17,600009.SH,0.08689212873062287
2024.07.17,000050.SZ,0.31175996722305865
2024.07.17,000021.SZ,0.19730228871929625
2024.07.17,600039.SH,0.18097332081356618
2024.07.17,600015.SH,0.18362510115811187
2024.07.17,000042.SZ,0.131852872412235
2024.07.17,600021.SH,0.024396599424504048
2024.07.17,600049.SH,0.07461042766184592
2024.07.17,600047.SH,0.1296546087019161
2024.07.17,600013.SH,0.019780095210881917
2024.07.17,600018.SH,0.28119027169129507
2024.07.17,000028.SZ,0.23219129963950208
2024.07.17,000005.SZ,0.28492133725698515
2024.07.17,000015.SZ,0.034052988666579284
2024.07.17,600041.SH,0.24721122595552122
2024.07.17,000010.SZ,0.019560613821456744
2024.07.17,000025.SZ,0.2583965984862783
2024.07.17,600035.SH,0.2931153982305678
2024.07.17,000011.SZ,0.10672178051955174
2024.07.17,000043.SZ,0.15243724483729706
2024.07.17,000002.SZ,0.3766304169278047
2024.07.17,600025.SH,0.32704302956850667
2024.07.17,000022.SZ,0.0719747367381699
2024.07.17,000046.SZ,0.08313272756408067
2024.07.17,000026.SZ,0.14522707750809888
2024.07.17,600028.SH,0.27921356371288436
2024.07.17,000016.SZ,0.10126874577364652
2024.07.17,600007.SH,0.01726841244672441
2024.07.17,000024.SZ,0.037784551444362935
2024.07.17,000008.SZ,0.022104967203973945
2024.07.17,000009.SZ,0.20351023492282316
2024.07.17,600012.SH,0.04003426911977973
2024.07.17,000033.SZ,0.0009869015854113517
2024.07.17,000035.SZ,0.16551788425461916
2024.07.17,000045.SZ,0.03559613405539104
2024.07.17,600020.SH,0.2808126549203448
2024.07.17,600043.SH,0.16579159083598247
2024.07.17,600026.SH,0.1056854994242281
2024.07.17,000027.SZ,0.13715671033326987
2024.07.17,000019.SZ,0.20698779289382024
2024.07.17,600033.SH,0.031066423104081566
2024.07.17,000012.SZ,0.2635146800929928
2024.07.17,000034.SZ,0.04744210242557658
2024.07.17,000030.SZ,0.002130989502716171
2024.07.17,000038.SZ,0.21489009099897582
2024.07.17,600004.SH,0.037323045139058646
2024.07.17,600011.SH,0.008873976707793293
2024.07.17,000017.SZ,0.005159877409100001
2024.07.17,600042.SH,0.14677663548409461
2024.07.17,600008.SH,0.005923098674779373
2024.07.17,000041.SZ,0.07785156103796541
2024.07.17,600022.SH,0.1395698525234706
2024.07.17,000004.SZ,0.2760777777316102
2024.07.17,600030.SH,0.048472190934791264
2024.07.17,600002.SH,0.5340679743607127
2024.07.17,600027.SH,0.05381364180355152
2024.07.17,600000.SH,0.08261780443264606
2024.07.17,000013.SZ,0.41646531656412866
2024.07.17,600016.SH,0.03558464577453227
2024.07.17,600031.SH,0.03521388894862074
2024.07.17,000020.SZ,0.2532291201418259
2024.07.17,000037.SZ,0.006935716658497891
2024.07.17,600023.SH,0.11338750203128191
2024.07.17,000014.SZ,0.046609419126058795
2024.07.17,600024.SH,0.013169025735836221
2024.07.17,600046.SH,0.10725971133459361
2024.07.17,600032.SH,0.03504117471527961
2024.07.17,600036.SH,0.08338074368859995
2024.07.17,600048.SH,0.0635158458008922
2024.07.17,600014.SH,0.05346467991270891
2024.07.17,000049.SZ,0.4898696707197037
2024.07.17,600038.SH,0.1635713399954621
2024.07.17,600029.SH,0.06957089777473632
2024.07.17,000018.SZ,0.16218031406556047
2024.07.17,000032.SZ,0.010344662874704575
2024.07.17,000029.SZ,0.12387633555436234
2024.07.17,000023.SZ,0.1529564392972858
2024.07.17,600040.SH,0.17453816806788153
2024.07.17,600037.SH,0.033673295235634615
2024.07.17,000039.SZ,0.0659383312816286
2024.07.17,000047.SZ,0.16226964789955653
2024.07.18,600035.SH,0.03909037954723659
2024.07.18,000026.SZ,0.02417439256205753
2024.07.18,600003.SH,0.13603944705556734
2024.07.18,000013.SZ,0.12003905355114937
2024.07.18,000007.SZ,0.03513535514582786
2024.07.18,000014.SZ,0.07314672648465222
2024.07.18,600006.SH,0.12951183538611577
2024.07.18,600014.SH,0.16763550202459276
2024.07.18,600044.SH,0.056707835143842006
2024.07.18,600011.SH,0.0004939325465723185
2024.07.18,600022.SH,0.01674725737479475
2024.07.18,000043.SZ,0.012203188152924782
2024.07.18,600017.SH,0.009674234229893887
2024.07.18,000022.SZ,0.01974372417939482
2024.07.18,600034.SH,0.3567022682988211
2024.07.18,600008.SH,0.022693065064054
2024.07.18,000045.SZ,0.011128096156727387
2024.07.18,000001.SZ,0.014867331606833015
2024.07.18,600041.SH,0.1187346321369468
2024.07.18,000050.SZ,0.31921959210034156
2024.07.18,000016.SZ,0.044191625034997815
2024.07.18,000032.SZ,0.15828496931421018
2024.07.18,600046.SH,0.028200954919227757
2024.07.18,000044.SZ,0.25839895790304523
2024.07.18,000028.SZ,0.09718759854291045
2024.07.18,000036.SZ,0.018470460425935243
2024.07.18,600007.SH,0.016056727348951787
2024.07.18,000018.SZ,0.05755977737205154
2024.07.18,000030.SZ,0.005311792218248835
2024.07.18,000020.SZ,0.04109272598598523
2024.07.18,000012.SZ,0.08251230165329416
2024.07.18,000049.SZ,0.17400653683553388
2024.07.18,600020.SH,0.1778337065724112
2024.07.18,000033.SZ,0.03815033311494728
2024.07.18,000046.SZ,0.0628888115596397
2024.07.18,600028.SH,0.14635945809297846
2024.07.18,600029.SH,0.12427495886842303
2024.07.18,000041.SZ,0.0037438236646212776
2024.07.18,000034.SZ,0.012442779638082943
2024.07.18,600048.SH,0.11682030705225706
2024.07.18,000011.SZ,0.06416829162203648
2024.07.18,000047.SZ,0.08841881562110673
2024.07.18,000024.SZ,0.11238136924469935
2024.07.18,000031.SZ,0.20752764361922096
2024.07.18,600031.SH,0.48543383344120905
2024.07.18,600047.SH,0.026894461403687727
2024.07.18,000048.SZ,0.05223055261461389
2024.07.18,600045.SH,0.12974678033770137
2024.07.18,000023.SZ,0.08053879570827642
2024.07.18,600015.SH,0.08934423140651142
2024.07.18,000021.SZ,0.0728468165045675
2024.07.18,000002.SZ,0.08105247183746998
2024.07.18,600040.SH,0.0004297024377912354
2024.07.18,000037.SZ,0.03286388269351881
2024.07.18,000005.SZ,0.051625202766388795
2024.07.18,600025.SH,0.05824041576703764
2024.07.18,000009.SZ,0.013592626338729943
2024.07.18,600049.SH,0.18055553937995839
2024.07.18,600036.SH,0.1612623668892164
2024.07.18,600001.SH,0.06162961865454514
2024.07.18,600037.SH,0.275572525607474
2024.07.18,600005.SH,0.5505117908416385
2024.07.18,000029.SZ,0.06828201075594872
2024.07.18,000008.SZ,0.01323082757856356
2024.07.18,000004.SZ,0.11490782445499355
2024.07.18,000027.SZ,0.00783044146865595
2024.07.18,600002.SH,0.15712538979489055
2024.07.18,600027.SH,0.10514475449285228
2024.07.18,600018.SH,0.0033031127861544098
2024.07.18,000017.SZ,0.08243133824353546
2024.07.18,000040.SZ,0.013952382893811491
2024.07.18,000019.SZ,0.5133120025852603
2024.07.18,000042.SZ,0.1506614594941144
2024.07.18,600012.SH,0.1388386321490387
2024.07.18,600010.SH,0.05584455818465681
2024.07.18,000035.SZ,0.08681215759518017
2024.07.18,000006.SZ,0.28050798852557357
2024.07.18,600009.SH,0.004883772361627809
2024.07.18,000025.SZ,0.21744662507342352
2024.07.18,600004.SH,0.011481792122439147
2024.07.18,600024.SH,0.1808735652601601
2024.07.18,000038.SZ,0.05904369587758261
2024.07.18,000015.SZ,0.0018721950512993408
2024.07.18,600013.SH,0.06092150747039698
2024.07.18,000003.SZ,0.011694327434568413
2024.07.18,600026.SH,0.0330052503540934
2024.07.18,600038.SH,0.04967201671772003
2024.07.18,600030.SH,0.03416652155880684
2024.07.18,600016.SH,0.192557086120498
2024.07.18,000010.SZ,0.20749635101991906
2024.07.18,600039.SH,0.013114132522585508
2024.07.18,600023.SH,0.009595234409550832
2024.07.18,600032.SH,0.013703024267404822
2024.07.18,600042.SH,0.054894083933086014
2024.07.18,000039.SZ,0.011676750499532823
2024.07.18,600000.SH,0.05735649214612442
2024.07.19,000027.SZ,0.012487970193084555
2024.07.19,600027.SH,0.28573791758343325
2024.07.19,600048.SH,0.015175548663881062
2024.07.19,000047.SZ,0.07164805513603124
2024.07.19,600020.SH,0.21907039673132633
2024.07.19,600007.SH,0.08364390935567559
2024.07.19,600008.SH,0.06199203202217409
2024.07.19,000014.SZ,0.0501279279198077
2024.07.19,600032.SH,0.26897566589241234
2024.07.19,000037.SZ,0.06340402475055332
2024.07.19,600039.SH,0.14769580280844213
2024.07.19,000009.SZ,0.06613146506571971
2024.07.19,000007.SZ,0.0010110246744785259
2024.07.19,600006.SH,0.02872876443217145
2024.07.19,600035.SH,0.13051163025619086
2024.07.19,600030.SH,0.09371013960552513
2024.07.19,600016.SH,0.02687803758596785
2024.07.19,000035.SZ,0.21675451360797304
2024.07.19,600046.SH,0.1078711898321043
2024.07.19,600018.SH,0.3221744614349408
2024.07.19,600043.SH,0.029166664200987354
2024.07.19,000006.SZ,0.3207682120780376
2024.07.19,000023.SZ,0.09123584602459259
2024.07.19,000040.SZ,0.4116858700042655
2024.07.19,600017.SH,0.22484362264720723
2024.07.19,600014.SH,0.08460206051574155
2024.07.19,600002.SH,0.13990845321596201
2024.07.19,000031.SZ,0.1268783452193171
2024.07.19,600024.SH,0.023782753238146312
2024.07.19,000030.SZ,0.014419259176564576
2024.07.19,600004.SH,0.14547664018613696
2024.07.19,000026.SZ,0.20372951666338981
2024.07.19,600009.SH,0.09144862619549596
2024.07.19,000039.SZ,0.08606090822609916
2024.07.19,000028.SZ,0.008484923051128638
2024.07.19,000046.SZ,0.032949188468025546
2024.07.19,000003.SZ,0.0364347516746814
2024.07.19,600012.SH,0.008397515216698698
2024.07.19,600034.SH,0.19367765689195282
2024.07.19,600000.SH,0.09352923582921592
2024.07.19,600015.SH,0.02902809854373757
2024.07.19,000015.SZ,0.03915845150669152
2024.07.19,600033.SH,0.06071501958142719
2024.07.19,600026.SH,0.08397171632285995
2024.07.19,600011.SH,0.1662315099537814
2024.07.19,600045.SH,0.14178267919781615
2024.07.19,000041.SZ,0.01677722642256242
2024.07.19,000036.SZ,0.01340456860215596
2024.07.19,600005.SH,0.04776612236103912
2024.07.19,000049.SZ,0.111215436600906
2024.07.19,000044.SZ,0.19158598513972155
2024.07.19,000013.SZ,0.022325073716424594
2024.07.19,600025.SH,0.017551862420521876
2024.07.19,000020.SZ,0.2836496796861171
2024.07.19,600040.SH,0.08803103567833406
2024.07.19,000033.SZ,0.047063076455951425
2024.07.19,600042.SH,0.12123007534107064
2024.07.19,000018.SZ,0.2682374211578831
2024.07.19,000045.SZ,0.0029735907805221893
2024.07.19,000048.SZ,0.22871675108988568
2024.07.19,600036.SH,0.027250808112642574
2024.07.19,000010.SZ,0.37513678234032083
2024.07.19,600031.SH,0.002226067120438453
2024.07.19,000032.SZ,0.04637682125399155
2024.07.19,000025.SZ,0.24188680911316318
2024.07.19,600010.SH,0.003463908579961259
2024.07.19,600038.SH,0.31076670286748515
2024.07.19,000005.SZ,0.0269847899124478
2024.07.19,000021.SZ,0.01469195543552458
2024.07.19,000050.SZ,0.17103414384513238
2024.07.19,600019.SH,0.12417816766539147
2024.07.19,000043.SZ,0.1519214776109153
2024.07.19,600013.SH,0.04588587794550474
2024.07.19,600022.SH,0.0012876566625178692
2024.07.19,000022.SZ,0.18404357397612778
2024.07.19,000011.SZ,0.4686148680205823
2024.07.19,000019.SZ,0.1816456731932997
2024.07.19,600041.SH,0.0493772728813469
2024.07.19,000038.SZ,0.03449807142592864
2024.07.19,600003.SH,0.11923133665442304
2024.07.19,600049.SH,0.015700065204597626
2024.07.19,600001.SH,0.2160311268084592
2024.07.19,600021.SH,0.013689183276261523
2024.07.19,000029.SZ,0.12201120966015082
2024.07.19,000004.SZ,0.10941287561262862
2024.07.19,000001.SZ,0.36503529259284406
2024.07.19,000008.SZ,0.12006332307653199
2024.07.19,600028.SH,0.05538030402996034
2024.07.19,600044.SH,0.20674385676217213
2024.07.19,000034.SZ,0.06520165943039585
2024.07.19,000012.SZ,0.06460159035426652
2024.07.19,000024.SZ,0.08912376895176756
2024.07.19,600047.SH,0.008493783149329609
2024.07.19,000016.SZ,0.0937159614113954
2024.07.19,000042.SZ,0.17626444275270914
2024.07.19,600029.SH,0.059055452853379466
2024.07.22,000050.SZ,0.07557806096689901
2024.07.22,600023.SH,0.07688980843860327
2024.07.22,000033.SZ,0.07170889827468682
2024.07.22,000031.SZ,0.10481072747007278
2024.07.22,600039.SH,0.10115695323264244
2024.07.22,000037.SZ,0.2690706385790411
2024.07.22,600008.SH,0.05823696919230888
2024.07.22,600013.SH,0.04452900407816013
2024.07.22,600022.SH,0.15514399388275382
2024.07.22,000027.SZ,0.521415059411708
2024.07.22,000024.SZ,0.07527069256927427
2024.07.22,600027.SH,0.1788252377028774
2024.07.22,600047.SH,0.7063293704782432
2024.07.22,600004.SH,0.3242599258946272
2024.07.22,000007.SZ,0.05070144787360637
2024.07.22,600040.SH,0.16951772078427968
2024.07.22,600019.SH,0.08709843903573938
2024.07.22,000016.SZ,0.2762063018357636
2024.07.22,000022.SZ,0.39271061221655834
2024.07.22,000035.SZ,0.03329584126766872
2024.07.22,600032.SH,0.17592217477298497
2024.07.22,600035.SH,0.011833898333536635
2024.07.22,000019.SZ,0.14541642222353274
2024.07.22,600045.SH,0.48263521701977524
2024.07.22,600002.SH,0.3026031441477556
2024.07.22,600037.SH,0.173726228909909
2024.07.22,600038.SH,0.08546617389644565
2024.07.22,600031.SH,0.24965291709864915
2024.07.22,600011.SH,0.09941596241840969
2024.07.22,000012.SZ,0.18297935033947943
2024.07.22,000041.SZ,0.07699023322311419
2024.07.22,000014.SZ,0.0947930838808228
2024.07.22,600003.SH,0.06461678956753063
2024.07.22,000036.SZ,0.16431480128651743
2024.07.22,000026.SZ,0.3089820274442574
2024.07.22,000049.SZ,0.531761462106062
2024.07.22,000039.SZ,0.19914022551017566
2024.07.22,000029.SZ,0.17592475400089702
2024.07.22,000001.SZ,0.07277619390640458
2024.07.22,000043.SZ,0.059426308431089
2024.07.22,000002.SZ,0.054539663160587906
2024.07.22,000047.SZ,0.42814936054223146
2024.07.22,000017.SZ,0.2711371261530325
2024.07.22,600015.SH,0.3422334795774841
2024.07.22,000004.SZ,0.043925635236676704
2024.07.22,600017.SH,0.010256527188735402
2024.07.22,000046.SZ,0.1008763020542464
2024.07.22,000032.SZ,0.0256180285667491
2024.07.22,000042.SZ,0.14852085636350976
2024.07.22,000018.SZ,0.03682388712320588
2024.07.22,600046.SH,0.012223685431036507
2024.07.22,600020.SH,0.06288220881595946
2024.07.22,600005.SH,0.1407083375978122
2024.07.22,600009.SH,0.10210357213491873
2024.07.22,000040.SZ,0.027779338998281722
2024.07.22,600024.SH,0.1320142888884593
2024.07.22,000030.SZ,0.004673167721668609
2024.07.22,000021.SZ,0.08637396961606433
2024.07.22,600001.SH,0.09944980986082563
2024.07.22,600026.SH,0.03990909256724826
2024.07.22,600016.SH,0.005809545082066729
2024.07.22,600042.SH,0.20635189988675834
2024.07.22,600033.SH,0.19830709042672004
2024.07.22,000011.SZ,0.0512439301969944
2024.07.22,600000.SH,0.040827826506756405
2024.07.22,600018.SH,0.027856994874561707
2024.07.22,600006.SH,0.054272588396914005
2024.07.22,600007.SH,0.07261683886344363
2024.07.22,600028.SH,0.17371150689979817
2024.07.22,600014.SH,0.012648280487991926
2024.07.22,600010.SH,0.1559047393571448
2024.07.22,600012.SH,0.20889326015062296
2024.07.22,000025.SZ,0.02506120818154314
2024.07.22,600021.SH,0.2588832808074931
2024.07.22,000015.SZ,0.27925132340679654
2024.07.22,000023.SZ,0.15418490605009663
2024.07.22,600043.SH,0.014696788270271351
2024.07.22,600030.SH,0.13958393956872828
2024.07.22,000038.SZ,0.1412080244119087
2024.07.22,000009.SZ,0.05697127464472926
2024.07.22,000034.SZ,0.13724211858557886
2024.07.22,000020.SZ,0.07814684217794497
2024.07.22,000005.SZ,0.08492396682363114
2024.07.22,000010.SZ,0.015113744064766973
2024.07.22,600048.SH,0.15655289846584933
2024.07.22,000003.SZ,0.40593744700662443
2024.07.22,600025.SH,0.03435269105690511
2024.07.22,000013.SZ,0.06120479878523008
2024.07.22,600034.SH,0.0125673070303873
2024.07.22,000044.SZ,0.031264481444244846
2024.07.22,600029.SH,0.1287646620118927
2024.07.22,600036.SH,0.08048734482371467
2024.07.22,000028.SZ,0.200685224444278
2024.07.22,000045.SZ,0.07789404142494155
2024.07.22,600049.SH,0.04612909154464753
2024.07.22,600041.SH,0.061253853685346936
2024.07.23,000005.SZ,0.0921280957430345
2024.07.23,600022.SH,0.10488379608914496
2024.07.23,600024.SH,0.07996355237811606
2024.07.23,600012.SH,0.11009307971047233
2024.07.23,600047.SH,0.040898866551514305
2024.07.23,000008.SZ,0.0028303364708235595
2024.07.23,600026.SH,0.04308624092560683
2024.07.23,600005.SH,0.029247883518170557
2024.07.23,000049.SZ,0.0756162553763316
2024.07.23,000041.SZ,0.0309075164084523
2024.07.23,600045.SH,0.06329710647994466
2024.07.23,600007.SH,0.21889699572548607
2024.07.23,600048.SH,0.17865197120013282
2024.07.23,000021.SZ,0.1458095856850334
2024.07.23,600029.SH,0.04836903766846516
2024.07.23,600035.SH,0.030969319490126775
2024.07.23,000043.SZ,0.08707577622112832
2024.07.23,000037.SZ,0.2088182911328805
2024.07.23,600046.SH,0.07127749159641161
2024.07.23,000033.SZ,0.02567628592905124
2024.07.23,000035.SZ,0.13558006869105743
2024.07.23,000023.SZ,0.007733599396859684
2024.07.23,600001.SH,0.023989239358254304
2024.07.23,600004.SH,0.020155854245704215
2024.07.23,000042.SZ,0.27200760439307764
2024.07.23,600018.SH,0.008164497363942395
2024.07.23,000011.SZ,0.011220094998422052
2024.07.23,000022.SZ,0.05615257055820467
2024.07.23,600023.SH,0.2118724611273644
2024.07.23,600002.SH,0.22305813184847173
2024.07.23,000047.SZ,0.028765822766879473
2024.07.23,000024.SZ,0.039886052556205816
2024.07.23,600013.SH,0.06860803564544771
2024.07.23,600043.SH,0.08297528543369179
2024.07.23,600025.SH,0.0589939045566226
2024.07.23,000004.SZ,0.09127543108787524
2024.07.23,600041.SH,0.06027972879490363
2024.07.23,000029.SZ,0.03061299230258137
2024.07.23,000017.SZ,0.27251892358644564
2024.07.23,600044.SH,0.4358712225336318
2024.07.23,600032.SH,0.02600409784052074
2024.07.23,600034.SH,0.042910414987995325
2024.07.23,000006.SZ,0.08992050115617016
2024.07.23,000003.SZ,0.00748530372349007
2024.07.23,000026.SZ,0.06057907982477726
2024.07.23,000007.SZ,0.0786311751030715
2024.07.23,000018.SZ,0.35579618001467755
2024.07.23,600000.SH,0.05081261422280131
2024.07.23,000048.SZ,0.024786913815383338
2024.07.23,000015.SZ,0.4181047511114714
2024.07.23,000019.SZ,0.16353025781148345
2024.07.23,600010.SH,0.027669937925260533
2024.07.23,000039.SZ,0.1568366499118351
2024.07.23,600027.SH,0.09130909789938887
2024.07.23,600017.SH,0.13171161565049985
2024.07.23,000045.SZ,0.1242558695229624
2024.07.23,600036.SH,0.20124011500880304
2024.07.23,600039.SH,0.1814843414385719
2024.07.23,600038.SH,0.08538524904151515
2024.07.23,000002.SZ,0.09014391983174763
2024.07.23,000038.SZ,0.11103656430615515
2024.07.23,600030.SH,0.09215170543233495
2024.07.23,600016.SH,0.10262904621734387
2024.07.23,600006.SH,0.003864376878012114
2024.07.23,000020.SZ,0.019126173591273457
2024.07.23,000030.SZ,0.06276996967917747
2024.07.23,600008.SH,0.13283984092591317
2024.07.23,000010.SZ,0.008958373644768109
2024.07.23,600033.SH,0.11132325048903029
2024.07.23,000040.SZ,0.0015963300680359458
2024.07.23,000013.SZ,0.07958713004247589
2024.07.23,600011.SH,0.12725761898123164
2024.07.23,000014.SZ,0.025792773241413415
2024.07.23,600042.SH,0.00746997710466454
2024.07.23,000028.SZ,0.14331890720087453
2024.07.23,000050.SZ,0.2493192336048983
2024.07.23,600031.SH,0.0036714531321675238
2024.07.23,600015.SH,0.02399255150362673
2024.07.23,000025.SZ,0.04374852775467615
2024.07.23,600021.SH,0.22949958317204566
2024.07.23,600009.SH,0.018790629179888035
2024.07.23,000012.SZ,0.13784616360599058
2024.07.23,600040.SH,0.028627114912913205
2024.07.23,600003.SH,0.18383672088069855
2024.07.23,000046.SZ,0.2667092095496877
2024.07.23,600037.SH,0.08106910875540559
2024.07.23,000044.SZ,0.05521922681593724
2024.07.23,600020.SH,0.03819626936930239
2024.07.23,000031.SZ,0.10090677754906681
2024.07.23,600028.SH,0.34608555073622976
2024.07.23,600019.SH,0.039974562336874964
2024.07.23,000001.SZ,0.05070504090015732
2024.07.23,600014.SH,0.01288955671122723
2024.07.23,000036.SZ,0.06511514075640518
2024.07.23,000009.SZ,0.1364731623695663
2024.07.23,000034.SZ,0.04920783964601988
2024.07.23,000027.SZ,0.0047476636718207016
2024.07.24,600033.SH,0.24681905622335848
2024.07.24,600018.SH,0.036553376953916375
2024.07.24,000022.SZ,0.10476513421452752
2024.07.24,000024.SZ,0.021932188819385103
2024.07.24,000040.SZ,0.04385761113365548
2024.07.24,000034.SZ,0.10078790415256268
2024.07.24,600043.SH,0.026460557439300817
2024.07.24,000018.SZ,0.20993314412640063
2024.07.24,000047.SZ,0.29218457685810273
2024.07.24,600032.SH,0.025667716363407
2024.07.24,000032.SZ,0.06605127205248133
2024.07.24,600039.SH,0.20430460099453093
2024.07.24,600022.SH,0.19528082236764016
2024.07.24,600014.SH,0.03915534407575021
2024.07.24,000044.SZ,0.09832816515682204
2024.07.24,000049.SZ,0.01441752848133771
2024.07.24,600028.SH,0.03367490874424215
2024.07.24,000033.SZ,0.009702678287706493
2024.07.24,600008.SH,0.4892304433615096
2024.07.24,600020.SH,0.04621786098407106
2024.07.24,000005.SZ,0.14491532235437202
2024.07.24,000001.SZ,0.07243087663277309
2024.07.24,600002.SH,0.27950544056137255
2024.07.24,000017.SZ,0.0016319966073873283
2024.07.24,000014.SZ,0.19003031697021572
2024.07.24,600025.SH,0.09316008758614036
2024.07.24,600010.SH,0.13430776065310246
2024.07.24,000048.SZ,0.003644887614554301
2024.07.24,000035.SZ,0.013456522510007856
2024.07.24,600038.SH,0.3585682184553815
2024.07.24,600023.SH,0.08453977398907891
2024.07.24,600021.SH,0.09749330548183847
2024.07.24,600036.SH,0.25629510574563297
2024.07.24,600005.SH,0.0136058523290161
2024.07.24,000045.SZ,0.4104426393956441
2024.07.24,600044.SH,0.14649991800055295
2024.07.24,000011.SZ,0.16040870019590756
2024.07.24,000027.SZ,0.16486834059795044
2024.07.24,600026.SH,0.12556559996438935
2024.07.24,000029.SZ,0.03819193128134538
2024.07.24,000008.SZ,0.005691392893712187
2024.07.24,600034.SH,0.022158446390266106
2024.07.24,600012.SH,0.6098811320291279
2024.07.24,600000.SH,0.022828697504116358
2024.07.24,000031.SZ,0.25924976799107946
2024.07.24,600013.SH,0.09755644669608342
2024.07.24,600035.SH,0.10518101042386621
2024.07.24,000026.SZ,0.25117627747560817
2024.07.24,600031.SH,0.08324791256922767
2024.07.24,600030.SH,0.14349691184070093
2024.07.24,000012.SZ,0.03204024026054078
2024.07.24,000007.SZ,0.06152262054332353
2024.07.24,600016.SH,0.05042945372527283
2024.07.24,600037.SH,0.005247045536906349
2024.07.24,600045.SH,0.1127620022990555
2024.07.24,600004.SH,0.27207647959276254
2024.07.24,000004.SZ,0.024584930670854557
2024.07.24,000037.SZ,0.0965460303251968
2024.07.24,600049.SH,0.08004440389337684
2024.07.24,600042.SH,0.04364610938472923
2024.07.24,000041.SZ,0.02885554482468773
2024.07.24,600047.SH,0.08281431568171808
2024.07.24,600027.SH,0.13285088199779152
2024.07.24,600029.SH,0.02137835270967308
2024.07.24,000020.SZ,0.002006774228361042
2024.07.24,600024.SH,0.07289934324417424
2024.07.24,000021.SZ,0.10992465610140466
2024.07.24,000050.SZ,0.013125334083253204
2024.07.24,000003.SZ,0.21968323439769408
2024.07.24,600007.SH,0.19480595320526398
2024.07.24,000030.SZ,0.06487253479110504
2024.07.24,600009.SH,0.0677959383005425
2024.07.24,000006.SZ,0.10007292043037265
2024.07.24,600048.SH,0.020629063765417358
2024.07.24,000019.SZ,0.17724734523034003
2024.07.24,600019.SH,0.028254833153939715
2024.07.24,000046.SZ,0.4869664359145251
2024.07.24,600040.SH,0.007182206137855675
2024.07.24,000013.SZ,0.11807665593931886
2024.07.24,000009.SZ,0.040590898147552824
2024.07.24,000025.SZ,0.019414352047455972
2024.07.24,600001.SH,0.20677918865291564
2024.07.24,000015.SZ,0.026055436281140015
2024.07.24,000038.SZ,0.023943489068688754
2024.07.24,600006.SH,0.16501057020803875
2024.07.24,000043.SZ,0.006414957850129352
2024.07.24,000036.SZ,0.07685106523882806
2024.07.24,000002.SZ,0.0011946222582173674
2024.07.24,000016.SZ,0.0956750961049126
2024.07.24,600011.SH,0.3783356067389917
2024.07.24,600017.SH,0.33391884044294107
2024.07.24,000042.SZ,0.2699628727795172
2024.07.24,000039.SZ,0.039198394801939276
2024.07.24,600041.SH,0.06864101370142298
2024.07.24,600003.SH,0.021925802742721587
2024.07.24,000028.SZ,0.40785626560619553
2024.07.25,600040.SH,0.0500441880735632
2024.07.25,000011.SZ,0.002214952485157545
2024.07.25,000025.SZ,0.0408092506779941
2024.07.25,600002.SH,0.22277094107739
2024.07.25,000006.SZ,0.032713157479836705
2024.07.25,000014.SZ,0.12838891082442225
2024.07.25,000034.SZ,0.042846233844505435
2024.07.25,000031.SZ,0.16952890102715346
2024.07.25,000002.SZ,0.017229470321128343
2024.07.25,000039.SZ,0.20422515958515028
2024.07.25,000032.SZ,0.07124750955545335
2024.07.25,000050.SZ,0.3209897486979028
2024.07.25,600012.SH,0.19356634901116943
2024.07.25,600003.SH,0.07579233517905627
2024.07.25,600019.SH,0.05729122067736613
2024.07.25,600032.SH,0.04056379562747575
2024.07.25,000026.SZ,0.6221968839380309
2024.07.25,000001.SZ,0.013948677743058623
2024.07.25,000028.SZ,0.08913656905912652
2024.07.25,600043.SH,0.2967077921195939
2024.07.25,000008.SZ,0.007589287400743249
2024.07.25,600028.SH,0.14936898274653265
2024.07.25,600041.SH,0.02473059595137368
2024.07.25,600022.SH,0.005310970988859631
2024.07.25,000022.SZ,0.14822900450768534
2024.07.25,000037.SZ,0.13722988178268958
2024.07.25,000049.SZ,0.04314058714446627
2024.07.25,000033.SZ,0.051914927678352076
2024.07.25,600026.SH,0.09239843778657694
2024.07.25,600037.SH,0.3409517392062015
2024.07.25,000036.SZ,0.15205767348347415
2024.07.25,600017.SH,0.09879522206510645
2024.07.25,000015.SZ,0.1435813000712189
2024.07.25,600027.SH,0.13384685295492996
2024.07.25,600045.SH,0.009554611166912075
2024.07.25,600010.SH,0.2812618629364703
2024.07.25,600009.SH,0.10964150080226784
2024.07.25,000021.SZ,0.03538178628522199
2024.07.25,600024.SH,0.08389855029910175
2024.07.25,600008.SH,0.04534981130440723
2024.07.25,600020.SH,0.31411223341810895
2024.07.25,600007.SH,0.17483257525147616
2024.07.25,000027.SZ,0.0084545751137534
2024.07.25,600021.SH,0.06174313468654063
2024.07.25,600044.SH,0.0554912058925869
2024.07.25,000035.SZ,0.23623748885885665
2024.07.25,600014.SH,0.39146280739455047
2024.07.25,600013.SH,0.07084835206052346
2024.07.25,600035.SH,0.20125141638898972
2024.07.25,600004.SH,0.14315195214152318
2024.07.25,600034.SH,0.140991173261075
2024.07.25,000024.SZ,0.057192923127716074
2024.07.25,600038.SH,0.008993317300867755
2024.07.25,600047.SH,0.008688314581122226
2024.07.25,000047.SZ,0.2740650168254915
2024.07.25,000043.SZ,0.022971308006874053
2024.07.25,000045.SZ,0.023323034307590054
2024.07.25,600048.SH,0.12110053881495154
2024.07.25,600042.SH,0.026814187396431426
2024.07.25,000007.SZ,0.25580826146961466
2024.07.25,600031.SH,0.07655984828055905
2024.07.25,000016.SZ,0.018482064116591902
2024.07.25,000003.SZ,0.01167386747910645
2024.07.25,000044.SZ,0.3642182737155593
2024.07.25,600015.SH,0.046087032338208905
2024.07.25,000038.SZ,0.05567295148016443
2024.07.25,000018.SZ,0.03647899927898151
2024.07.25,600025.SH,0.013285305406855076
2024.07.25,000017.SZ,0.0731460427355036
2024.07.25,600030.SH,0.018020245579420294
2024.07.25,600018.SH,0.08379318662588744
2024.07.25,000004.SZ,0.15191901643740194
2024.07.25,000040.SZ,0.03632428838510034
2024.07.25,000046.SZ,0.08408929307747234
2024.07.25,600023.SH,0.1305635466933384
2024.07.25,000042.SZ,0.12620902235196185
2024.07.25,600000.SH,0.14341620522502493
2024.07.25,000019.SZ,0.039261797788220594
2024.07.25,600011.SH,0.14555255060013406
2024.07.25,600006.SH,0.07616616178016054
2024.07.25,000012.SZ,0.06758752775244435
2024.07.25,000009.SZ,0.4414227848006672
2024.07.25,000048.SZ,0.23270101861685896
2024.07.25,000023.SZ,0.13912772607278598
2024.07.25,600049.SH,0.021151594621740554
2024.07.25,600046.SH,0.011974576530918558
2024.07.25,600016.SH,0.027970878827191115
2024.07.25,000041.SZ,0.3418541501702025
2024.07.25,000013.SZ,0.015914339796180767
2024.07.25,600033.SH,0.10148798534555434
2024.07.25,600036.SH,0.1401789106137398
2024.07.25,000029.SZ,0.07799306756394812
2024.07.25,000005.SZ,0.251106921436612
2024.07.25,600039.SH,0.01097925315779221
2024.07.25,000010.SZ,0.0389291593579066
2024.07.25,600001.SH,0.10666217949530615
2024.07.26,600042.SH,0.029461086000806685
2024.07.26,600010.SH,0.04106347743390954
2024.07.26,000031.SZ,0.014959259921738162
2024.07.26,600014.SH,0.053025675054203504
2024.07.26,600006.SH,0.05141278304362234
2024.07.26,600008.SH,0.08632393209643471
2024.07.26,000042.SZ,0.1682783595211048
2024.07.26,000038.SZ,0.29083778178030684
2024.07.26,000037.SZ,0.03824219135043289
2024.07.26,600037.SH,0.4053194075445838
2024.07.26,600000.SH,0.18363607592429187
2024.07.26,000024.SZ,0.5420793784465167
2024.07.26,000002.SZ,0.15411527189657057
2024.07.26,600027.SH,0.04839027472294487
2024.07.26,000016.SZ,0.09331883194537552
2024.07.26,600041.SH,0.07620950332384951
2024.07.26,000019.SZ,0.18338985329431925
2024.07.26,000035.SZ,0.07406477353141369
2024.07.26,600030.SH,0.05565604976026298
2024.07.26,600038.SH,0.17704992925989296
2024.07.26,600032.SH,0.024099818676484343
2024.07.26,600046.SH,0.04138095271424801
2024.07.26,600005.SH,0.09246277360943216
2024.07.26,000044.SZ,0.2247367868830064
2024.07.26,000040.SZ,0.05742277709613002
2024.07.26,600035.SH,0.23688129220400164
2024.07.26,600025.SH,0.017247123846953944
2024.07.26,600019.SH,0.2679810518982321
2024.07.26,000032.SZ,0.042151954817286806
2024.07.26,600016.SH,0.08325179980617388
2024.07.26,600047.SH,0.20495857373639795
2024.07.26,000020.SZ,0.044080510183883634
2024.07.26,000018.SZ,0.15589354057817523
2024.07.26,600040.SH,0.1287591503225363
2024.07.26,000007.SZ,0.05947575589362783
2024.07.26,000001.SZ,0.022673587014233994
2024.07.26,600013.SH,0.016185034416937194
2024.07.26,600020.SH,0.03897227936668552
2024.07.26,000045.SZ,0.13882583814234464
2024.07.26,000043.SZ,0.1934120220543641
2024.07.26,600023.SH,0.05583662745745431
2024.07.26,600036.SH,0.21732443665210677
2024.07.26,600029.SH,0.26164726388226994
2024.07.26,000003.SZ,0.07811213569527176
2024.07.26,000036.SZ,0.14215900076745824
2024.07.26,600049.SH,0.12403556734934697
2024.07.26,000025.SZ,0.5450604554827315
2024.07.26,600018.SH,0.02355721174469353
2024.07.26,600002.SH,0.03879758396929769
2024.07.26,000013.SZ,0.041803250793287734
2024.07.26,000008.SZ,0.08880664387411179
2024.07.26,600007.SH,0.01773343328255734
2024.07.26,000006.SZ,0.057496427280196896
2024.07.26,000033.SZ,0.3046781141557097
2024.07.26,000004.SZ,0.11726309160569225
2024.07.26,000048.SZ,0.0018350271901417658
2024.07.26,000005.SZ,0.0480707143966772
2024.07.26,600015.SH,0.27145575847522163
2024.07.26,000046.SZ,0.10334814599705151
2024.07.26,000029.SZ,0.012086701025725784
2024.07.26,600039.SH,0.23905690248579262
2024.07.26,600017.SH,0.006993231138438407
2024.07.26,600033.SH,0.06415334323971833
2024.07.26,000021.SZ,0.17260807597232677
2024.07.26,600028.SH,0.13649372734491966
2024.07.26,600001.SH,0.020921510059472882
2024.07.26,000028.SZ,0.18678780501896627
2024.07.26,000017.SZ,0.16156790960626244
2024.07.26,000049.SZ,0.10695771803782379
2024.07.26,000030.SZ,0.300276295463048
2024.07.26,000026.SZ,0.002652344501026126
2024.07.26,000014.SZ,0.10743301698523619
2024.07.26,000009.SZ,0.16794372996709378
2024.07.26,600034.SH,0.022931460146522146
2024.07.26,600009.SH,0.016075979560821293
2024.07.26,000011.SZ,0.10556125621563191
2024.07.26,000023.SZ,0.02168657447209164
2024.07.26,600004.SH,0.19527842961350952
2024.07.26,600024.SH,0.018143165746826968
2024.07.26,600045.SH,0.24108910395032676
2024.07.26,600021.SH,0.018347788686678454
2024.07.26,600003.SH,0.03939611081585747
2024.07.26,000015.SZ,0.34612396013451824
2024.07.26,000012.SZ,0.17114569822330242
2024.07.26,600012.SH,0.16776248918003345
2024.07.26,600022.SH,0.033767701740260114
2024.07.26,600044.SH,0.12475939094983624
2024.07.26,000041.SZ,0.062103452773426535
2024.07.26,600048.SH,0.13485725639012822
2024.07.26,000039.SZ,0.060208428211948745
2024.07.26,000047.SZ,0.10697710706550316
2024.07.26,600031.SH,0.30240553861698316
2024.07.26,000022.SZ,0.023399925075466416
2024.07.26,000027.SZ,0.5753688086191981
2024.07.26,600043.SH,0.23564942809244646
2024.07.26,600011.SH,0.023767211229324608
2024.07.29,000012.SZ,0.04376534708414328
2024.07.29,000043.SZ,0.1970362178048646
2024.07.29,600006.SH,0.042443790483793695
2024.07.29,000041.SZ,0.05244548204233882
2024.07.29,600042.SH,0.4424890555439188
2024.07.29,600038.SH,0.07641237316507657
2024.07.29,600019.SH,0.3528342869454071
2024.07.29,000036.SZ,0.06628198337284022
2024.07.29,000045.SZ,0.28866828600177236
2024.07.29,600013.SH,0.06298477187666493
2024.07.29,600018.SH,0.024900647648627545
2024.07.29,600021.SH,0.10475821252017596
2024.07.29,600036.SH,0.3305876826315587
2024.07.29,000048.SZ,0.15512130400629373
2024.07.29,600033.SH,0.09982360323844743
2024.07.29,000035.SZ,0.05313065218721408
2024.07.29,000004.SZ,0.023532419233941934
2024.07.29,000034.SZ,0.3284012668418553
2024.07.29,600049.SH,0.29333648635622683
2024.07.29,600044.SH,0.11298443922859525
2024.07.29,000013.SZ,0.09765346008020627
2024.07.29,000029.SZ,0.08268922446175846
2024.07.29,600040.SH,0.44938179358314567
2024.07.29,600003.SH,0.18320626542257176
2024.07.29,600002.SH,0.22136839736976416
2024.07.29,000002.SZ,0.4491459442869333
2024.07.29,000016.SZ,0.0041993127239086814
2024.07.29,000007.SZ,0.33942423415610345
2024.07.29,600022.SH,0.2561428971879895
2024.07.29,600000.SH,0.04351432005469122
2024.07.29,000003.SZ,0.008570897674638795
2024.07.29,000010.SZ,0.3654955131015417
2024.07.29,000039.SZ,0.07516964549516704
2024.07.29,600032.SH,0.018204093500500458
2024.07.29,600041.SH,0.018690981456196784
2024.07.29,000024.SZ,0.05619451020409925
2024.07.29,600007.SH,0.28976458685848616
2024.07.29,600026.SH,0.00311794751511089
2024.07.29,000018.SZ,0.35988442732210923
2024.07.29,600043.SH,0.039698743127063334
2024.07.29,000031.SZ,0.13197996565978554
2024.07.29,000008.SZ,0.06712255456055703
2024.07.29,000030.SZ,0.08079605346207841
2024.07.29,000025.SZ,0.11638470573270916
2024.07.29,600037.SH,0.2284240265210814
2024.07.29,000050.SZ,0.07697959132125216
2024.07.29,000022.SZ,0.05480877787794357
2024.07.29,000049.SZ,0.2685799323021829
2024.07.29,000042.SZ,0.39842233349661005
2024.07.29,600016.SH,0.16580866586228538
2024.07.29,600035.SH,0.19511674964536502
2024.07.29,600024.SH,0.07249199237069845
2024.07.29,600046.SH,0.00938412255912801
2024.07.29,600029.SH,0.0028152357029027613
2024.07.29,600004.SH,0.23021487629617307
2024.07.29,600039.SH,0.01911810354177166
2024.07.29,600015.SH,0.1372796649768494
2024.07.29,600010.SH,0.0010785970829369055
2024.07.29,600047.SH,0.009781964996873045
2024.07.29,600011.SH,0.06897925259972118
2024.07.29,000021.SZ,0.26102507390184004
2024.07.29,600014.SH,0.09905720933402257
2024.07.29,000020.SZ,0.28873364723561423
2024.07.29,600009.SH,0.137032053557662
2024.07.29,000023.SZ,0.00017347664552717467
2024.07.29,000027.SZ,0.17506091108136065
2024.07.29,600020.SH,0.00695251197021094
2024.07.29,600027.SH,0.4220215243171131
2024.07.29,000037.SZ,0.19418083267804195
2024.07.29,600008.SH,0.18246411889909558
2024.07.29,600012.SH,0.07645181634325748
2024.07.29,600005.SH,0.21145253052005308
2024.07.29,000038.SZ,0.039811756985382744
2024.07.29,600025.SH,0.28179691104041077
2024.07.29,000009.SZ,0.002328285508664677
2024.07.29,600001.SH,0.16972570833420075
2024.07.29,000015.SZ,0.15627251166915232
2024.07.29,000026.SZ,0.5875509064628379
2024.07.29,000047.SZ,0.10894529147454299
2024.07.29,000033.SZ,0.024986677129186195
2024.07.29,000006.SZ,0.010971468601451066
2024.07.29,600034.SH,0.07091956990942351
2024.07.29,600048.SH,0.22209683143183578
2024.07.29,000019.SZ,0.022400096846456143
2024.07.29,000040.SZ,0.11393965042988236
2024.07.29,600030.SH,0.2095361551409401
2024.07.29,000001.SZ,0.020931799013714617
2024.07.29,600045.SH,0.0035820706263260172
2024.07.29,600023.SH,0.1960050056467599
2024.07.29,600031.SH,0.028501380329466117
2024.07.29,000017.SZ,0.2236391914957529
2024.07.29,000028.SZ,0.09352903972580041
2024.07.29,000044.SZ,0.09766071817759736
2024.07.29,000046.SZ,0.06226635178161648
2024.07.29,600017.SH,0.07824769784325433
2024.07.29,000014.SZ,0.019633805839209616
2024.07.29,000011.SZ,0.05655400859538702
2024.07.30,000044.SZ,0.010587185406031797
2024.07.30,600017.SH,0.010762375457577996
2024.07.30,000018.SZ,0.19130760124512572
2024.07.30,000023.SZ,0.06115304715255392
2024.07.30,000028.SZ,0.02048285227127836
2024.07.30,000041.SZ,0.012192944764333559
2024.07.30,000034.SZ,0.03710062687224735
2024.07.30,600030.SH,0.002215333722279072
2024.07.30,600006.SH,0.1708674605939437
2024.07.30,000040.SZ,0.12140460610353523
2024.07.30,000007.SZ,0.1826528557399015
2024.07.30,000042.SZ,0.06998984748430538
2024.07.30,000049.SZ,0.07816228025605733
2024.07.30,000015.SZ,0.03547169659701795
2024.07.30,600009.SH,0.050261471263326994
2024.07.30,600027.SH,0.22074505712274584
2024.07.30,000037.SZ,0.23120624824607647
2024.07.30,000027.SZ,0.14150157835792446
2024.07.30,600037.SH,0.27777914778251966
2024.07.30,000003.SZ,0.07859293171557163
2024.07.30,600036.SH,0.07547830756727092
2024.07.30,000047.SZ,0.13475272136610952
2024.07.30,600021.SH,0.0036842636107925673
2024.07.30,000031.SZ,0.09951500362482756
2024.07.30,600031.SH,0.016411990665118906
2024.07.30,600013.SH,0.4020263094763587
2024.07.30,600010.SH,0.13050301159039257
2024.07.30,000016.SZ,0.07727476070017558
2024.07.30,000020.SZ,0.048111801936075636
2024.07.30,600034.SH,0.0326488994340931
2024.07.30,600049.SH,0.0017740269700651256
2024.07.30,600026.SH,0.24027132954348177
2024.07.30,600014.SH,0.09690732154202335
2024.07.30,600045.SH,0.04760792659293539
2024.07.30,600041.SH,0.0371706781946853
2024.07.30,000036.SZ,0.009360993750577125
2024.07.30,000014.SZ,0.09065517305054084
2024.07.30,000030.SZ,0.10625924215371434
2024.07.30,600020.SH,0.01966870164703381
2024.07.30,600015.SH,0.015406420878683819
2024.07.30,600023.SH,0.06400461250324264
2024.07.30,600042.SH,0.16644596097013345
2024.07.30,000011.SZ,0.033016624446778706
2024.07.30,600047.SH,0.0317936964653015
2024.07.30,600005.SH,0.1678305996781733
2024.07.30,600043.SH,0.16464484167526058
2024.07.30,000019.SZ,0.5127887546816678
2024.07.30,600025.SH,0.2603914379092457
2024.07.30,000032.SZ,0.07795178291382074
2024.07.30,000033.SZ,0.03130363769712741
2024.07.30,000024.SZ,0.028552262950476366
2024.07.30,000026.SZ,0.026029632913582786
2024.07.30,600035.SH,0.3630895521744824
2024.07.30,600032.SH,0.018235392443498616
2024.07.30,600012.SH,0.22671837662572478
2024.07.30,000038.SZ,0.2577737790311361
2024.07.30,000009.SZ,0.31010303278235146
2024.07.30,000022.SZ,0.04070829695426066
2024.07.30,600039.SH,0.012765152167975765
2024.07.30,600048.SH,0.257668780478259
2024.07.30,000017.SZ,0.11707435572856001
2024.07.30,600008.SH,0.16118043392354814
2024.07.30,000046.SZ,0.23815840643791253
2024.07.30,600040.SH,0.09835871405780965
2024.07.30,600019.SH,0.026591627486236592
2024.07.30,000021.SZ,0.13053305042338675
2024.07.30,000050.SZ,0.24657076281192822
2024.07.30,000008.SZ,0.19653089303364535
2024.07.30,000004.SZ,0.11056191598613099
2024.07.30,600011.SH,0.07988948608624355
2024.07.30,000048.SZ,0.10301783590025115
2024.07.30,600018.SH,0.20379781578553371
2024.07.30,600022.SH,0.0940321821209608
2024.07.30,600007.SH,0.03964537799268847
2024.07.30,000001.SZ,0.1590729445677603
2024.07.30,600024.SH,0.10422862076426706
2024.07.30,000045.SZ,0.4213960462762357
2024.07.30,600002.SH,0.5752045594036906
2024.07.30,000013.SZ,0.12742040512898126
2024.07.30,600038.SH,0.15710692645167953
2024.07.30,600046.SH,0.06550894069005633
2024.07.30,600044.SH,0.04251721812728934
2024.07.30,000010.SZ,0.13594156105948801
2024.07.30,600003.SH,0.3071143064674994
2024.07.30,000005.SZ,0.009470489294829895
2024.07.30,600033.SH,0.042902856869317996
2024.07.30,600016.SH,0.05824050932380371
2024.07.30,600000.SH,0.19522681821083115
2024.07.30,600028.SH,0.018639502672680632
2024.07.30,000025.SZ,0.04755428814267768
2024.07.30,000029.SZ,0.12153478196257056
2024.07.30,600029.SH,0.06382432173884253
2024.07.30,600004.SH,0.004755994754011592
2024.07.30,000039.SZ,0.16772633858029207
2024.07.30,000012.SZ,0.13409451248537707
2024.07.30,600001.SH,0.023252306436847427
2024.07.30,000002.SZ,0.09363170938230463
2024.07.31,600004.SH,0.024797255998955735
2024.07.31,000003.SZ,0.06833978665069129
2024.07.31,000043.SZ,0.3852194080089592
2024.07.31,000010.SZ,0.01032277193180841
2024.07.31,600030.SH,0.027768437954409447
2024.07.31,600012.SH,0.10042095325390879
2024.07.31,000035.SZ,0.6680300517953578
2024.07.31,600001.SH,0.018332266399778335
2024.07.31,600034.SH,0.0469228576984266
2024.07.31,600023.SH,0.22764389966368925
2024.07.31,600040.SH,0.041640942517386675
2024.07.31,000030.SZ,0.011426232334749774
2024.07.31,000036.SZ,0.20761575975658808
2024.07.31,600018.SH,0.04473228859871345
2024.07.31,000017.SZ,0.0016130846043731467
2024.07.31,000048.SZ,0.12616369541699213
2024.07.31,000019.SZ,0.08990528407401865
2024.07.31,600014.SH,0.0035032938836122023
2024.07.31,600019.SH,0.13169137489285365
2024.07.31,000042.SZ,0.21619712956299678
2024.07.31,600009.SH,0.22576675758934744
2024.07.31,600039.SH,0.3928922838551804
2024.07.31,000047.SZ,0.18735100955864073
2024.07.31,600035.SH,0.2532591482632049
2024.07.31,000008.SZ,0.23541370557514524
2024.07.31,000044.SZ,0.23559126618271362
2024.07.31,000014.SZ,0.06448974229861586
2024.07.31,000015.SZ,0.3284243509703876
2024.07.31,000002.SZ,0.13734127645097138
2024.07.31,600000.SH,0.05579991558722781
2024.07.31,600027.SH,0.017040671644262533
2024.07.31,000039.SZ,0.08871928384796013
2024.07.31,000012.SZ,0.0412917916500646
2024.07.31,000013.SZ,0.0785101469174716
2024.07.31,000007.SZ,0.0016242135466174306
2024.07.31,000041.SZ,0.11091553919206049
2024.07.31,600047.SH,0.02808730230718397
2024.07.31,000005.SZ,0.006366392184371096
2024.07.31,600006.SH,0.18734445840673994
2024.07.31,600024.SH,0.03899551521368092
2024.07.31,600016.SH,0.02382665051980932
2024.07.31,000018.SZ,0.3143848112966187
2024.07.31,000045.SZ,0.09551635683244268
2024.07.31,600045.SH,0.04981143089769393
2024.07.31,600044.SH,0.12907520787663976
2024.07.31,600043.SH,0.029837338334214408
2024.07.31,600003.SH,0.055246836831486915
2024.07.31,600029.SH,0.11553695330992902
2024.07.31,600031.SH,0.102459623687922
2024.07.31,600020.SH,0.04743962656571129
2024.07.31,000040.SZ,0.05505564849647533
2024.07.31,000009.SZ,0.05527413910249421
2024.07.31,000016.SZ,0.3554438171380203
2024.07.31,000038.SZ,0.13053984218668707
2024.07.31,000020.SZ,0.3103196742941009
2024.07.31,600008.SH,0.1968487290669079
2024.07.31,600005.SH,0.05012797644044305
2024.07.31,000025.SZ,0.20126704431644474
2024.07.31,000006.SZ,0.002841127926911325
2024.07.31,000022.SZ,0.39660642856903006
2024.07.31,600007.SH,0.023897211016189503
2024.07.31,600022.SH,0.024261300159178805
2024.07.31,000028.SZ,0.04335042710528971
2024.07.31,000026.SZ,0.09148280460819393
2024.07.31,600011.SH,0.07408251456132312
2024.07.31,600017.SH,0.0381043332949625
2024.07.31,600026.SH,0.016166172741161892
2024.07.31,000029.SZ,0.05595221858514041
2024.07.31,000037.SZ,0.04363423326655454
2024.07.31,000011.SZ,0.0002112646922552382
2024.07.31,600038.SH,0.2204695131629935
2024.07.31,000032.SZ,0.00619542009120611
2024.07.31,000034.SZ,0.025186038688452223
2024.07.31,600002.SH,0.03031433844959907
2024.07.31,000033.SZ,0.19472975882175306
2024.07.31,000024.SZ,0.12736267466662454
2024.07.31,600032.SH,0.03141853404776498
2024.07.31,600025.SH,0.08534817473919225
2024.07.31,600033.SH,0.609417647209919
2024.07.31,600015.SH,0.38963573106044547
2024.07.31,000049.SZ,0.14931492152014383
2024.07.31,000021.SZ,0.025907928415292752
2024.07.31,600028.SH,0.10879061693782253
2024.07.31,600048.SH,0.14617839942635089
2024.07.31,000001.SZ,0.015556808851242245
2024.07.31,600013.SH,0.06763135481172532
2024.07.31,000031.SZ,0.03588857092521385
2024.07.31,000046.SZ,0.1524475340200977
2024.07.31,600037.SH,0.12223006031092574
2024.07.31,000023.SZ,0.11969083503578924
2024.07.31,600036.SH,0.16228430281531836
2024.07.31,600046.SH,0.2570724241565025
2024.07.31,600049.SH,0.04727383833916381
2024.07.31,600021.SH,0.17377654003626503
2024.07.31,000004.SZ,0.013170413492391488
2024.07.31,600010.SH,0.33105342402288906
2024.07.31,000050.SZ,0.05893262863571968
2024.08.01,000016.SZ,0.19264286372281617
2024.08.01,000003.SZ,0.05393392385846263
2024.08.01,600004.SH,0.090914455635835
2024.08.01,000026.SZ,0.02025541234527675
2024.08.01,600024.SH,0.1520930044834752
2024.08.01,000005.SZ,0.11518775729791961
2024.08.01,600016.SH,0.07122671471669538
2024.08.01,000037.SZ,0.16450667010986056
2024.08.01,000024.SZ,0.16551046551205242
2024.08.01,600028.SH,0.13254848373799272
2024.08.01,600029.SH,0.026195726587986655
2024.08.01,600017.SH,0.1422819602962991
2024.08.01,600022.SH,0.09820998005704025
2024.08.01,000013.SZ,0.0009152532473722291
2024.08.01,600034.SH,0.15228410291765568
2024.08.01,600019.SH,0.052178541261379975
2024.08.01,000018.SZ,0.022574706286044886
2024.08.01,600036.SH,0.003022740978363518
2024.08.01,000035.SZ,0.5923509936768848
2024.08.01,600014.SH,0.05614166653488579
2024.08.01,600033.SH,0.21570545644437863
2024.08.01,600015.SH,0.16802479273885232
2024.08.01,000044.SZ,0.5114116718304667
2024.08.01,000023.SZ,0.3052208713494391
2024.08.01,000020.SZ,0.08209291090656856
2024.08.01,000019.SZ,0.17843456381993011
2024.08.01,600040.SH,0.05154571064118762
2024.08.01,600037.SH,0.03663279390688247
2024.08.01,600043.SH,0.4373138057957738
2024.08.01,600013.SH,0.13612251260945177
2024.08.01,000045.SZ,0.15133986746636885
2024.08.01,600011.SH,0.06479140668744841
2024.08.01,600041.SH,0.13396663785034169
2024.08.01,600035.SH,0.2003545767277238
2024.08.01,600044.SH,0.30254483654246506
2024.08.01,600025.SH,0.002633173587883126
2024.08.01,000022.SZ,0.17478665415905092
2024.08.01,000032.SZ,0.022212721588958716
2024.08.01,600042.SH,0.0032669248485213236
2024.08.01,000025.SZ,0.015372335385959232
2024.08.01,000048.SZ,0.11318361793188539
2024.08.01,600046.SH,0.19949107207563135
2024.08.01,000034.SZ,0.05610914534921717
2024.08.01,600023.SH,0.01671913353999044
2024.08.01,600006.SH,0.45694169202831914
2024.08.01,000047.SZ,0.08628015544892383
2024.08.01,600027.SH,0.0289837066589444
2024.08.01,600008.SH,0.0838886091751202
2024.08.01,000001.SZ,0.09154159937330106
2024.08.01,000015.SZ,0.2043135773546356
2024.08.01,000017.SZ,0.014928934054081128
2024.08.01,000036.SZ,0.05064923126366499
2024.08.01,600026.SH,0.028735860819183393
2024.08.01,000049.SZ,0.12069161581451995
2024.08.01,600045.SH,0.05132386082001387
2024.08.01,000041.SZ,0.08529872782747126
2024.08.01,600021.SH,0.05740302341826049
2024.08.01,000004.SZ,0.04673226249481273
2024.08.01,000040.SZ,0.11927773418768729
2024.08.01,000031.SZ,0.024076816318002348
2024.08.01,600009.SH,0.0496202333888596
2024.08.01,600018.SH,0.06933830048561995
2024.08.01,600038.SH,0.08434061823930492
2024.08.01,600012.SH,0.04934613126552734
2024.08.01,000028.SZ,0.12178998261855015
2024.08.01,000010.SZ,0.139401686972486
2024.08.01,600031.SH,0.3800623847060741
2024.08.01,600007.SH,0.0252837456136468
2024.08.01,000027.SZ,0.42087552465210837
2024.08.01,000042.SZ,0.04598580738021798
2024.08.01,000011.SZ,0.045683572052634396
2024.08.01,000039.SZ,0.002921392274959815
2024.08.01,000008.SZ,0.07712019120246624
2024.08.01,600002.SH,0.022405157569067427
2024.08.01,000046.SZ,0.1388849179924589
2024.08.01,600020.SH,0.007707523296191571
2024.08.01,000038.SZ,0.2586007058007139
2024.08.01,000007.SZ,0.08231358595160869
2024.08.01,600005.SH,0.014220404283561238
2024.08.01,600048.SH,0.11802437165686436
2024.08.01,600003.SH,0.033039794386825964
2024.08.01,600000.SH,0.2892008427661352
2024.08.01,600001.SH,0.05584671649735977
2024.08.01,000009.SZ,0.002010583471016011
2024.08.01,600030.SH,0.2595189844750153
2024.08.01,000002.SZ,0.062298003402022926
2024.08.01,600032.SH,0.08378220936101707
2024.08.01,600039.SH,0.020403260996432415
2024.08.01,000029.SZ,0.17197075636748868
2024.08.01,000030.SZ,0.007317579666365397
2024.08.01,000050.SZ,0.1538402127818774
2024.08.01,000006.SZ,0.11094983392300836
2024.08.01,600047.SH,0.006974643714131332
2024.08.01,000014.SZ,0.19904764331024385
2024.08.01,600049.SH,0.1708753970798567
2024.08.01,000043.SZ,0.07982120779610151
2024.08.01,000021.SZ,0.13552452689155217
2024.08.02,600028.SH,0.06221190325425383
2024.08.02,000021.SZ,0.09332205234774121
2024.08.02,600002.SH,0.17350711330380328
2024.08.02,000042.SZ,0.27556254247823003
2024.08.02,000040.SZ,0.11488636282850032
2024.08.02,600022.SH,0.14900313451785652
2024.08.02,000036.SZ,0.15698454114713867
2024.08.02,600012.SH,0.21179823805317846
2024.08.02,000043.SZ,0.1164351915789857
2024.08.02,000048.SZ,0.07815117952464871
2024.08.02,000027.SZ,0.24768998678165802
2024.08.02,000033.SZ,0.1501274535246118
2024.08.02,600031.SH,0.023309966591025803
2024.08.02,000013.SZ,0.02344352516175346
2024.08.02,000001.SZ,0.07425661288650827
2024.08.02,000002.SZ,0.09658209611499378
2024.08.02,600035.SH,0.16647887252992297
2024.08.02,000041.SZ,0.18557362663465526
2024.08.02,600024.SH,0.02373181178184814
2024.08.02,000030.SZ,0.020897887462306662
2024.08.02,600015.SH,0.1850058998747783
2024.08.02,000038.SZ,0.0751837667019406
2024.08.02,600044.SH,0.12248434282225146
2024.08.02,600004.SH,0.27938371797961103
2024.08.02,600000.SH,0.060386313622183364
2024.08.02,000034.SZ,0.2745336051970227
2024.08.02,000037.SZ,0.25558728586579593
2024.08.02,000028.SZ,0.012836619778174872
2024.08.02,000032.SZ,0.07504530559406673
2024.08.02,600013.SH,0.061747699890653165
2024.08.02,600046.SH,0.49721804325935476
2024.08.02,000015.SZ,0.042253240120592596
2024.08.02,000014.SZ,0.20343961249065923
2024.08.02,000044.SZ,0.394922184229072
2024.08.02,600003.SH,0.15733822945181045
2024.08.02,600033.SH,0.08242818780671583
2024.08.02,600039.SH,0.07363737362890689
2024.08.02,000018.SZ,0.031076640032157425
2024.08.02,000046.SZ,0.05317378295841493
2024.08.02,600005.SH,0.000402803449705829
2024.08.02,600047.SH,0.0878378915645794
2024.08.02,600030.SH,0.030745322055069236
2024.08.02,600027.SH,0.09271943499193876
2024.08.02,000011.SZ,0.18188333766461434
2024.08.02,600021.SH,0.04573243788857368
2024.08.02,600006.SH,0.06450290302273144
2024.08.02,600019.SH,0.17525904776241077
2024.08.02,000049.SZ,0.2664688844541845
2024.08.02,000007.SZ,0.3588381192328325
2024.08.02,000006.SZ,0.020454472063055718
2024.08.02,000029.SZ,0.1354823984995566
2024.08.02,000005.SZ,0.14025686098481316
2024.08.02,000026.SZ,0.028860928701336185
2024.08.02,600048.SH,0.09163828446425712
2024.08.02,600023.SH,0.07121704181878488
2024.08.02,000016.SZ,0.012365343337580421
2024.08.02,000047.SZ,0.05582033774144977
2024.08.02,000012.SZ,0.0003963785714628
2024.08.02,000009.SZ,0.03092677646650806
2024.08.02,000031.SZ,0.30336553240935726
2024.08.02,000025.SZ,0.02486161691613145
2024.08.02,600038.SH,0.16535089085855798
2024.08.02,600040.SH,0.17209232010386255
2024.08.02,600041.SH,0.6923570058799632
2024.08.02,600034.SH,0.0927080530933529
2024.08.02,600010.SH,0.07387716572343292
2024.08.02,600043.SH,0.4018537640353662
2024.08.02,000023.SZ,0.1552380506810284
2024.08.02,600049.SH,0.06480213796080542
2024.08.02,600017.SH,0.048434696325970326
2024.08.02,600008.SH,0.3247701008196075
2024.08.02,600007.SH,0.40894421681004756
2024.08.02,600032.SH,0.11231473384251198
2024.08.02,600009.SH,0.008924768753673096
2024.08.02,600042.SH,0.21831206153192592
2024.08.02,600025.SH,0.13005884464323667
2024.08.02,600014.SH,0.26626566560268544
2024.08.02,000020.SZ,0.021738394578109204
2024.08.02,600016.SH,0.24145521400146802
2024.08.02,000003.SZ,0.013464324685409337
2024.08.02,600001.SH,0.028551558622709847
2024.08.02,600011.SH,0.07853945913851024
2024.08.02,000045.SZ,0.09141951565618488
2024.08.02,600045.SH,0.2546439858400464
2024.08.02,000004.SZ,0.014352710025073441
2024.08.02,000019.SZ,0.07848139662980678
2024.08.02,600020.SH,0.0349778418386979
2024.08.02,600037.SH,0.06723159318982039
2024.08.02,000024.SZ,0.18379932084749256
2024.08.02,000039.SZ,0.11966987153949685
2024.08.02,000008.SZ,0.35300320763197435
2024.08.02,000035.SZ,0.08743754331340291
2024.08.02,600018.SH,0.19944503783301473
2024.08.02,600029.SH,0.1772093041905473
2024.08.02,600036.SH,0.12165561045625022
2024.08.02,000017.SZ,0.05305443372599602
2024.08.02,600026.SH,0.19371090172038977
2024.08.02,000010.SZ,0.011667382723494523
2024.08.05,000029.SZ,0.03317681781295084
2024.08.05,600028.SH,0.30565897566994504
2024.08.05,600017.SH,0.003669295193248145
2024.08.05,000023.SZ,0.13515256279138194
2024.08.05,000037.SZ,0.00945069535611456
2024.08.05,600011.SH,0.23949884911558647
2024.08.05,000019.SZ,0.09135936568025908
2024.08.05,600013.SH,0.0027424461655639887
2024.08.05,000018.SZ,0.09672343012832393
2024.08.05,600030.SH,0.30312757112969035
2024.08.05,000002.SZ,0.5271809925456586
2024.08.05,600036.SH,0.04672667105027977
2024.08.05,000010.SZ,0.0072637845219058845
2024.08.05,000020.SZ,0.355588796184698
2024.08.05,000040.SZ,0.032900755439604835
2024.08.05,000006.SZ,0.24313218392193256
2024.08.05,000030.SZ,0.050495785781189455
2024.08.05,600010.SH,0.02511106166803634
2024.08.05,000041.SZ,0.2924749850083242
2024.08.05,600039.SH,0.03065526408221066
2024.08.05,000049.SZ,0.07285632868761345
2024.08.05,600018.SH,0.17498913740503097
2024.08.05,000036.SZ,0.19317273709915267
2024.08.05,600012.SH,0.10329456046613844
2024.08.05,600006.SH,0.18139188148677732
2024.08.05,600000.SH,0.04363919065307271
2024.08.05,000005.SZ,0.017018835628788028
2024.08.05,000047.SZ,0.0042642630324533585
2024.08.05,600037.SH,0.24404389595465673
2024.08.05,600019.SH,0.16410542578534523
2024.08.05,000048.SZ,0.02481171181598618
2024.08.05,000025.SZ,0.009928882061389227
2024.08.05,600003.SH,0.06650949071387474
2024.08.05,000014.SZ,0.13266936216733916
2024.08.05,600035.SH,0.010804660266476742
2024.08.05,000031.SZ,0.07160685582997368
2024.08.05,600005.SH,0.2167828530650903
2024.08.05,000004.SZ,0.12157239587411227
2024.08.05,600027.SH,0.028337856531121988
2024.08.05,000003.SZ,0.026502598144314486
2024.08.05,600022.SH,0.04884152782141463
2024.08.05,600048.SH,0.03802709976099363
2024.08.05,600046.SH,0.06877679710887864
2024.08.05,600043.SH,0.13959819947243138
2024.08.05,000021.SZ,0.044583641291624426
2024.08.05,000027.SZ,0.030139759368366596
2024.08.05,000009.SZ,0.03289228062231152
2024.08.05,000022.SZ,0.15171898846091225
2024.08.05,000044.SZ,0.09315779534747747
2024.08.05,600004.SH,0.02626871278071631
2024.08.05,600009.SH,0.11469023479284428
2024.08.05,600047.SH,0.013901902375296565
2024.08.05,600040.SH,0.17854151366959423
2024.08.05,600029.SH,0.06240790359263107
2024.08.05,600038.SH,0.05020926084992138
2024.08.05,600015.SH,0.015377170843801843
2024.08.05,000035.SZ,0.24080653367681767
2024.08.05,000026.SZ,0.00940975605721034
2024.08.05,600031.SH,0.1197859665306872
2024.08.05,000039.SZ,0.03141445016801008
2024.08.05,000050.SZ,0.1321136372323838
2024.08.05,600049.SH,0.03486537755193131
2024.08.05,000028.SZ,0.20004033985305003
2024.08.05,000024.SZ,0.030039688569251505
2024.08.05,600042.SH,0.014666604529075901
2024.08.05,000015.SZ,0.01844203530128522
2024.08.05,600024.SH,0.021627196514217628
2024.08.05,600032.SH,0.08308288780762074
2024.08.05,000034.SZ,0.2401842573834268
2024.08.05,600021.SH,0.0020950368925591947
2024.08.05,600007.SH,0.23742651490940284
2024.08.05,600020.SH,0.19793142207613923
2024.08.05,000007.SZ,0.0646524094680897
2024.08.05,000016.SZ,0.21417905638215143
2024.08.05,600034.SH,0.16700112259657596
2024.08.05,000017.SZ,0.1416728953940559
2024.08.05,600016.SH,0.21220016694279165
2024.08.05,000046.SZ,0.05735250702301588
2024.08.05,600001.SH,0.05018840343998715
2024.08.05,600014.SH,0.010061047031939718
2024.08.05,600044.SH,0.053616873038850925
2024.08.05,000011.SZ,0.06150461197956885
2024.08.05,000045.SZ,0.047434627137527996
2024.08.05,600008.SH,0.01575651927591881
2024.08.05,000043.SZ,0.08675930581341645
2024.08.05,600033.SH,0.6877977897832254
2024.08.05,600045.SH,0.030986276663849566
2024.08.05,000033.SZ,0.13969371596088073
2024.08.05,000012.SZ,0.0633667454856582
2024.08.05,600041.SH,0.07378361355877695
2024.08.05,000008.SZ,0.004287546354034812
2024.08.05,000013.SZ,0.046475509454837076
2024.08.05,000042.SZ,0.4187343711131243
2024.08.05,600026.SH,0.09586116251213962
2024.08.05,600023.SH,0.021677171492898866
2024.08.05,600002.SH,0.1963055660597758
2024.08.05,000001.SZ,0.09294109775378365
2024.08.05,600025.SH,0.22734893249889218
2024.08.06,600037.SH,0.16013941282132535
2024.08.06,000048.SZ,0.17596294966672754
2024.08.06,600021.SH,0.01760600086522287
2024.08.06,000025.SZ,0.19285218816446614
2024.08.06,000012.SZ,0.038871515584839804
2024.08.06,600047.SH,0.022172689078346488
2024.08.06,000023.SZ,0.25214597566342334
2024.08.06,600042.SH,0.23355938691596
2024.08.06,600002.SH,0.09213747020653161
2024.08.06,600027.SH,0.06117387357838465
2024.08.06,600015.SH,0.27001059227169333
2024.08.06,000006.SZ,0.0012200266952243255
2024.08.06,600031.SH,0.010371305948198673
2024.08.06,600008.SH,0.39453429107668586
2024.08.06,000031.SZ,0.06312223817999528
2024.08.06,000035.SZ,0.0483420412387613
2024.08.06,600043.SH,0.193414162577272
2024.08.06,000037.SZ,0.5033527493524811
2024.08.06,600033.SH,0.16171789514008156
2024.08.06,000013.SZ,0.12176703963438212
2024.08.06,600012.SH,0.2664340977707241
2024.08.06,600001.SH,0.06821345510726803
2024.08.06,000008.SZ,0.03613593039870868
2024.08.06,600011.SH,0.03969548781523299
2024.08.06,600014.SH,0.02680804658656682
2024.08.06,000022.SZ,0.010698931955660133
2024.08.06,000016.SZ,0.038264510914638714
2024.08.06,600044.SH,0.026285892092689868
2024.08.06,600010.SH,0.05213442498060166
2024.08.06,000024.SZ,0.1631459215039476
2024.08.06,000017.SZ,0.022314371939521318
2024.08.06,600032.SH,0.133109919510022
2024.08.06,000014.SZ,0.07219554658608801
2024.08.06,600019.SH,0.06852868603826584
2024.08.06,600041.SH,0.043587499739254895
2024.08.06,000028.SZ,0.06615952179902146
2024.08.06,000002.SZ,0.34318369819370304
2024.08.06,000007.SZ,0.07438357906405552
2024.08.06,000004.SZ,0.19409424110708118
2024.08.06,000041.SZ,0.025989299435066705
2024.08.06,000009.SZ,0.012290329357464248
2024.08.06,000034.SZ,0.00032085596696329827
2024.08.06,000040.SZ,0.150125946677846
2024.08.06,000033.SZ,0.033327138903521125
2024.08.06,600040.SH,0.07265986610720636
2024.08.06,600018.SH,0.25090154672303916
2024.08.06,600029.SH,0.05007488159277168
2024.08.06,600025.SH,0.01972003437324447
2024.08.06,600028.SH,0.07562729955124002
2024.08.06,000001.SZ,0.04794864890037413
2024.08.06,000018.SZ,0.1333156215551645
2024.08.06,600022.SH,0.300965462419016
2024.08.06,600000.SH,0.21278679615561197
2024.08.06,600017.SH,0.07263750984427912
2024.08.06,000032.SZ,0.019410211516856752
2024.08.06,000010.SZ,0.43655968445040333
2024.08.06,600039.SH,0.12330520161286777
2024.08.06,600036.SH,0.44981020520227394
2024.08.06,600006.SH,0.16657549283267553
2024.08.06,600035.SH,0.00452748738491997
2024.08.06,000049.SZ,0.41683427822341557
2024.08.06,000036.SZ,0.044598230397060144
2024.08.06,000029.SZ,0.0018010603009242288
2024.08.06,600038.SH,0.06613259268099504
2024.08.06,600004.SH,0.07343866662828319
2024.08.06,600007.SH,0.041848826436245525
2024.08.06,600020.SH,0.0017804192781749337
2024.08.06,000047.SZ,0.10740098109896193
2024.08.06,600048.SH,0.16140956080256788
2024.08.06,600026.SH,0.09469568179878729
2024.08.06,000019.SZ,0.1822315651255451
2024.08.06,000044.SZ,0.005518038156345472
2024.08.06,000026.SZ,0.46713883016479824
2024.08.06,000046.SZ,0.22108456338820748
2024.08.06,600046.SH,0.0004197781553197183
2024.08.06,000015.SZ,0.1902969854099594
2024.08.06,000038.SZ,0.09521687098813622
2024.08.06,000030.SZ,0.15184050159524326
2024.08.06,000050.SZ,0.48508783336750283
2024.08.06,000039.SZ,0.27805986140198075
2024.08.06,600034.SH,0.04911629082235775
2024.08.06,000045.SZ,0.05125148580958341
2024.08.06,600005.SH,0.018970037228499513
2024.08.06,000003.SZ,0.05799834589243734
2024.08.06,000021.SZ,0.21426880170714466
2024.08.06,600024.SH,0.03847458357246369
2024.08.06,000020.SZ,0.04369274310455023
2024.08.06,000027.SZ,0.039007222819613246
2024.08.06,600009.SH,0.08738820324794234
2024.08.06,600049.SH,0.019717257662103863
2024.08.06,600013.SH,0.01359914879923391
2024.08.06,000042.SZ,0.21985686545690303
2024.08.06,000011.SZ,0.004960209456623386
2024.08.06,000005.SZ,0.027446952856453648
2024.08.06,600045.SH,0.024391339978160665
2024.08.06,600016.SH,0.26145869161676266
2024.08.06,600023.SH,0.06429698511508548
2024.08.06,600030.SH,0.2241645224002399
2024.08.07,000007.SZ,0.21039159913777047
2024.08.07,000022.SZ,0.2387094521278506
2024.08.07,000011.SZ,0.06829643221191316
2024.08.07,600048.SH,0.24115606375106496
2024.08.07,600040.SH,0.035109840110757365
2024.08.07,600004.SH,0.38082501738107916
2024.08.07,600020.SH,0.06525040068511419
2024.08.07,000014.SZ,0.08149805414911215
2024.08.07,000040.SZ,0.044198038146484896
2024.08.07,000041.SZ,0.31955846881151145
2024.08.07,600018.SH,0.36509351207877494
2024.08.07,000037.SZ,0.02943622164458291
2024.08.07,600031.SH,0.18771579985075823
2024.08.07,000021.SZ,0.03137341487525149
2024.08.07,000030.SZ,0.07362863754690499
2024.08.07,000042.SZ,0.04793416549934889
2024.08.07,000002.SZ,0.08185829467725764
2024.08.07,000006.SZ,0.05632438054342817
2024.08.07,000047.SZ,0.24551371751381632
2024.08.07,000019.SZ,0.09740087102941487
2024.08.07,000013.SZ,0.04839903210978147
2024.08.07,600007.SH,0.029028270376814942
2024.08.07,600011.SH,0.2937389575962323
2024.08.07,600033.SH,0.045848278683349654
2024.08.07,600039.SH,0.01696147526001276
2024.08.07,600026.SH,0.29020495869005153
2024.08.07,600046.SH,0.07317844287534617
2024.08.07,600030.SH,0.11149827838034479
2024.08.07,000031.SZ,0.09717376797446745
2024.08.07,600028.SH,0.13269148051388985
2024.08.07,600029.SH,0.1309651946505883
2024.08.07,000028.SZ,0.016030524266647805
2024.08.07,000050.SZ,0.16181502214982588
2024.08.07,600017.SH,0.12742477559565843
2024.08.07,600044.SH,0.2128784397147237
2024.08.07,000003.SZ,0.011257506310090315
2024.08.07,000029.SZ,0.0035386277571620856
2024.08.07,000038.SZ,0.2452655489478935
2024.08.07,600042.SH,0.06811606603003871
2024.08.07,000032.SZ,0.024965363814940404
2024.08.07,600036.SH,0.08406882339021676
2024.08.07,000036.SZ,0.4456164933931766
2024.08.07,000024.SZ,0.24688671796102515
2024.08.07,600022.SH,0.014792691880260266
2024.08.07,600032.SH,0.13206464201995194
2024.08.07,000044.SZ,0.11680657895343305
2024.08.07,600019.SH,0.02555529477970308
2024.08.07,600035.SH,0.43854580956232164
2024.08.07,000027.SZ,0.0278748771696936
2024.08.07,600025.SH,0.17390294449353325
2024.08.07,600045.SH,0.0349931839734185
2024.08.07,000023.SZ,0.10077286849014987
2024.08.07,000025.SZ,0.07274356864691167
2024.08.07,600013.SH,0.13758109394192075
2024.08.07,000016.SZ,0.29866483073329997
2024.08.07,600023.SH,0.07041576292786994
2024.08.07,000009.SZ,0.10951786409235238
2024.08.07,600015.SH,0.0023609311145224455
2024.08.07,600047.SH,0.0009313221279934123
2024.08.07,600003.SH,0.07046320019131334
2024.08.07,600027.SH,0.02561212356408914
2024.08.07,600010.SH,0.1975797299850786
2024.08.07,000049.SZ,0.1594304232831528
2024.08.07,000008.SZ,0.22620447366312396
2024.08.07,000026.SZ,0.06685940596323019
2024.08.07,600049.SH,0.08626152160382691
2024.08.07,600034.SH,0.01977983241894181
2024.08.07,000018.SZ,0.022457332917635887
2024.08.07,000048.SZ,0.3486933438732187
2024.08.07,000046.SZ,0.3814533143966637
2024.08.07,000012.SZ,0.04454877107556651
2024.08.07,600012.SH,0.07180637286552935
2024.08.07,600014.SH,0.014971060120342168
2024.08.07,600041.SH,0.1960803831574333
2024.08.07,600001.SH,0.10484900347679899
2024.08.07,600006.SH,0.14597154498228213
2024.08.07,000020.SZ,0.16318826793770116
2024.08.07,000034.SZ,0.027304977232172265
2024.08.07,600016.SH,0.06565449132708519
2024.08.07,000045.SZ,0.022189459608594485
2024.08.07,000017.SZ,0.14413194972653348
2024.08.07,600005.SH,0.09209755257311326
2024.08.07,000039.SZ,0.22353234461193014
2024.08.07,000010.SZ,0.3055914522559566
2024.08.07,000005.SZ,0.10353758886758459
2024.08.07,000043.SZ,0.009866697496724582
2024.08.07,600024.SH,0.07860435818648265
2024.08.07,000033.SZ,0.07943401191894467
2024.08.07,600021.SH,0.10308530283355881
2024.08.07,600000.SH,0.04794625862874109
2024.08.07,000004.SZ,0.07519254691741371
2024.08.07,600038.SH,0.22297548204536569
2024.08.07,600008.SH,0.12203836872787849
2024.08.07,000035.SZ,0.03880365508827878
2024.08.07,000001.SZ,0.01094014276921285
2024.08.07,000015.SZ,0.1892916665674714
2024.08.08,600020.SH,0.012450663252284347
2024.08.08,000005.SZ,0.06242099151932656
2024.08.08,600010.SH,0.06484042261984609
2024.08.08,000048.SZ,0.1899041620049717
2024.08.08,000046.SZ,0.03048081639741972
2024.08.08,000025.SZ,0.06317310449197042
2024.08.08,600008.SH,0.016277057953640144
2024.08.08,000036.SZ,0.1381555775166101
2024.08.08,600047.SH,0.0508864741335408
2024.08.08,600005.SH,0.0016763520924452605
2024.08.08,600026.SH,0.03834821724740359
2024.08.08,000035.SZ,0.2890682263954541
2024.08.08,000021.SZ,0.024040588109258014
2024.08.08,600018.SH,0.0011940162715592289
2024.08.08,600004.SH,0.05497350799646957
2024.08.08,000004.SZ,0.24984995008463645
2024.08.08,600030.SH,0.0202683245530171
2024.08.08,600027.SH,0.1619735764313398
2024.08.08,600045.SH,0.0747937693552576
2024.08.08,600049.SH,0.021785567936370678
2024.08.08,000020.SZ,0.05249491367896514
2024.08.08,600029.SH,0.16952543462089356
2024.08.08,600039.SH,0.16081350565030197
2024.08.08,600022.SH,0.06902882315143152
2024.08.08,000029.SZ,0.06762287375174164
2024.08.08,000045.SZ,0.030500141077522643
2024.08.08,000017.SZ,0.1554976290122189
2024.08.08,000016.SZ,0.03153454752371512
2024.08.08,000018.SZ,0.1672577280366127
2024.08.08,600038.SH,0.023351465953603046
2024.08.08,000003.SZ,0.08510094746603931
2024.08.08,000038.SZ,0.031189482097387092
2024.08.08,000034.SZ,0.013426951278434298
2024.08.08,000023.SZ,0.06464909799881775
2024.08.08,000026.SZ,0.18912260147103385
2024.08.08,600036.SH,0.12493045850382067
2024.08.08,000008.SZ,0.09813246544952055
2024.08.08,000049.SZ,0.07047275281812805
2024.08.08,000009.SZ,0.01988430749544578
2024.08.08,000037.SZ,0.08446767489361479
2024.08.08,600023.SH,0.03569368030868832
2024.08.08,600032.SH,0.12509726122763726
2024.08.08,600031.SH,0.04983191112941779
2024.08.08,600002.SH,0.07318631247959272
2024.08.08,600033.SH,0.002684714754215193
2024.08.08,000044.SZ,0.005382593588137142
2024.08.08,000027.SZ,0.1461277215318775
2024.08.08,000014.SZ,0.09711223443411379
2024.08.08,000039.SZ,0.060467954896351754
2024.08.08,600019.SH,0.24632957260626034
2024.08.08,600028.SH,0.04818515104542757
2024.08.08,000011.SZ,0.03630548719384408
2024.08.08,000032.SZ,0.1450024868184103
2024.08.08,000006.SZ,0.25916866248437137
2024.08.08,600016.SH,0.24879665252494396
2024.08.08,600012.SH,0.16544663553313366
2024.08.08,600037.SH,0.01661269939037449
2024.08.08,600046.SH,0.08467662881350427
2024.08.08,600017.SH,0.36081508232488435
2024.08.08,600041.SH,0.04603637064155336
2024.08.08,000012.SZ,0.15543603841937323
2024.08.08,000031.SZ,0.023168850194747487
2024.08.08,000022.SZ,0.1993756091054524
2024.08.08,000024.SZ,0.010106297062876324
2024.08.08,600044.SH,0.07998765962176249
2024.08.08,600003.SH,0.30853484976325596
2024.08.08,000001.SZ,0.20755317898671824
2024.08.08,000033.SZ,0.03602767395048863
2024.08.08,000007.SZ,0.03783647253691936
2024.08.08,000010.SZ,0.13361223533665634
2024.08.08,000019.SZ,0.12427967566931623
2024.08.08,600034.SH,0.17374461333930868
2024.08.08,600011.SH,0.017389458019400082
2024.08.08,600009.SH,0.20157417174798248
2024.08.08,000015.SZ,0.06990061362032955
2024.08.08,000047.SZ,0.09275427570061483
2024.08.08,600024.SH,0.14655212853701832
2024.08.08,600000.SH,0.14151180648862866
2024.08.08,000042.SZ,0.08502474794488821
2024.08.08,000013.SZ,0.27983067812349116
2024.08.08,600025.SH,0.009714541765118614
2024.08.08,600013.SH,0.06518813392341419
2024.08.08,000050.SZ,0.27988048850316194
2024.08.08,600007.SH,0.005143231427014408
2024.08.08,600042.SH,0.1448919867500728
2024.08.08,600006.SH,0.08426427783277338
2024.08.08,000043.SZ,0.17968768510390146
2024.08.08,600035.SH,0.08331421720376164
2024.08.08,000028.SZ,0.007381812360827864
2024.08.08,600014.SH,0.013933327192361887
2024.08.08,600040.SH,0.05670162522887644
2024.08.08,000041.SZ,0.22742218420220045
2024.08.08,600015.SH,0.01742397933939509
2024.08.08,000030.SZ,0.10940946857742576
2024.08.08,600001.SH,0.05550342400289133
2024.08.08,000002.SZ,0.14694514200275516
2024.08.08,600048.SH,0.024095978683497596
2024.08.09,600019.SH,0.1858520713981773
2024.08.09,000007.SZ,0.2356253316526053
2024.08.09,600005.SH,0.08716461983387236
2024.08.09,000004.SZ,0.21910020150902337
2024.08.09,600014.SH,0.11720589476419478
2024.08.09,600013.SH,0.020448905425227235
2024.08.09,000011.SZ,0.07342654025107269
2024.08.09,000043.SZ,0.047753098332901894
2024.08.09,600023.SH,0.021393404233868464
2024.08.09,000008.SZ,0.2320080265277809
2024.08.09,600016.SH,0.28818407414936087
2024.08.09,600049.SH,0.046868482427091705
2024.08.09,600040.SH,0.23068133444147784
2024.08.09,600047.SH,0.04168991594541519
2024.08.09,600032.SH,0.026282061626962085
2024.08.09,000014.SZ,0.40535366841196274
2024.08.09,000041.SZ,0.05253717323275765
2024.08.09,000050.SZ,0.024839577654180274
2024.08.09,000001.SZ,0.3238461703564239
2024.08.09,600007.SH,0.11335798186995524
2024.08.09,000039.SZ,0.05972623278081643
2024.08.09,600038.SH,0.046284918899684675
2024.08.09,000032.SZ,0.09363912357903022
2024.08.09,000023.SZ,0.05928107871515258
2024.08.09,000047.SZ,0.13962920483543403
2024.08.09,000042.SZ,0.05203479549900771
2024.08.09,000034.SZ,0.014991907529801556
2024.08.09,600037.SH,0.09324388129213014
2024.08.09,000038.SZ,0.3005845948313705
2024.08.09,600024.SH,0.006821206526914015
2024.08.09,000003.SZ,0.11194723410640148
2024.08.09,000048.SZ,0.17924398917355674
2024.08.09,600034.SH,0.07127263138403937
2024.08.09,000040.SZ,0.14959569406776868
2024.08.09,600003.SH,0.1539859289845857
2024.08.09,600022.SH,0.003906004220978537
2024.08.09,000019.SZ,0.1648003188412615
2024.08.09,000045.SZ,0.005950423850064537
2024.08.09,000026.SZ,0.17958941218887658
2024.08.09,600035.SH,0.24702109910003603
2024.08.09,000022.SZ,0.02059086024349562
2024.08.09,000016.SZ,0.03647815733509477
2024.08.09,600018.SH,0.1662717225482561
2024.08.09,600026.SH,0.17338714076014078
2024.08.09,000049.SZ,0.1681297442291231
2024.08.09,600030.SH,0.018854845656543016
2024.08.09,600012.SH,0.09092481285645673
2024.08.09,000021.SZ,0.16291811272578396
2024.08.09,600025.SH,0.06050526925940588
2024.08.09,600048.SH,0.11329836882920907
2024.08.09,600042.SH,0.19380728646302134
2024.08.09,600009.SH,0.01852320847750766
2024.08.09,000013.SZ,0.4183005271115386
2024.08.09,000010.SZ,0.12465548214940596
2024.08.09,000030.SZ,0.0461789963661134
2024.08.09,000018.SZ,0.022329490116507453
2024.08.09,600029.SH,0.06648016921005984
2024.08.09,600044.SH,0.04113879350982058
2024.08.09,000025.SZ,0.011866535581881785
2024.08.09,600008.SH,0.31693905969039116
2024.08.09,000009.SZ,0.07487096605491182
2024.08.09,600010.SH,0.007035306484088436
2024.08.09,600043.SH,0.07356138869737067
2024.08.09,000015.SZ,0.1322665765736704
2024.08.09,600031.SH,0.07348784610252802
2024.08.09,600011.SH,0.026473504271311333
2024.08.09,600028.SH,0.10876761901753762
2024.08.09,000017.SZ,0.0655079838032868
2024.08.09,600002.SH,0.2140463717932658
2024.08.09,000044.SZ,0.39186816681769576
2024.08.09,600046.SH,0.006376957142525852
2024.08.09,600006.SH,0.04286546112263358
2024.08.09,000029.SZ,0.022017460347503147
2024.08.09,600021.SH,0.05058764053024062
2024.08.09,000033.SZ,0.10821819965846685
2024.08.09,000037.SZ,0.07376029826574446
2024.08.09,600015.SH,0.1438916310407734
2024.08.09,000035.SZ,0.037755728498526785
2024.08.09,000028.SZ,0.08752232608671943
2024.08.09,000002.SZ,0.029302903502096377
2024.08.09,600027.SH,0.529626417339224
2024.08.09,600041.SH,0.09233979827264514
2024.08.09,600045.SH,0.08614488828852386
2024.08.09,600000.SH,0.01585020511748672
2024.08.09,600020.SH,0.21064853465520908
2024.08.09,600001.SH,0.027622849428406315
2024.08.09,600004.SH,0.07048032686860244
2024.08.09,000046.SZ,0.18106465325637247
2024.08.09,000031.SZ,0.14855043095337248
2024.08.09,000012.SZ,0.26902357546739597
2024.08.09,000006.SZ,3.175259676195454e-05
2024.08.09,600033.SH,0.20107232447169224
2024.08.09,600017.SH,0.10180288365781472
2024.08.09,000036.SZ,0.024232317244424793
2024.08.09,000005.SZ,0.1087685105431072
2024.08.09,000027.SZ,0.33671574796828785
2024.08.09,000024.SZ,0.31232989433770986
2024.08.09,600039.SH,0.09344816843854258
2024.08.12,000006.SZ,0.03679420007698653
2024.08.12,000049.SZ,0.18568152119576514
2024.08.12,000035.SZ,0.05552190850344893
2024.08.12,600049.SH,0.020771524472486914
2024.08.12,000022.SZ,0.16265578747082102
2024.08.12,600019.SH,0.3668799357487998
2024.08.12,600030.SH,0.0479047254297227
2024.08.12,000011.SZ,0.2320486366934806
2024.08.12,600046.SH,0.20510454587427537
2024.08.12,000039.SZ,0.0484508397781047
2024.08.12,000048.SZ,0.029808007362493425
2024.08.12,600037.SH,0.11654606796371228
2024.08.12,000014.SZ,0.13390466123950748
2024.08.12,000001.SZ,0.05896569842357423
2024.08.12,600045.SH,0.1821705719061973
2024.08.12,000044.SZ,0.0015400365839861082
2024.08.12,000025.SZ,0.11702052585008876
2024.08.12,600034.SH,0.12172774355787294
2024.08.12,600040.SH,0.04121259239583567
2024.08.12,600041.SH,0.029381441461169285
2024.08.12,000029.SZ,0.027385989956967324
2024.08.12,600042.SH,0.012171759956518093
2024.08.12,600013.SH,0.3500600069700765
2024.08.12,000012.SZ,0.22115380742715351
2024.08.12,000003.SZ,0.025924956610926492
2024.08.12,600010.SH,0.038051688011819004
2024.08.12,000042.SZ,0.16726309617766205
2024.08.12,000002.SZ,0.015334576753528046
2024.08.12,000033.SZ,0.16213361116497124
2024.08.12,000050.SZ,0.26759287148861993
2024.08.12,000043.SZ,0.015283862570617507
2024.08.12,600028.SH,0.11470495133291839
2024.08.12,600038.SH,0.07173297119593691
2024.08.12,600022.SH,0.04646457330222642
2024.08.12,600005.SH,0.005490623306834332
2024.08.12,600003.SH,0.05999472755007357
2024.08.12,000028.SZ,0.06916434212437425
2024.08.12,600026.SH,0.024450522274504168
2024.08.12,600024.SH,0.09099614429527161
2024.08.12,600025.SH,0.3205079580724814
2024.08.12,600000.SH,0.008400269421902208
2024.08.12,600031.SH,0.19218501096753848
2024.08.12,000040.SZ,0.03699215270811285
2024.08.12,000015.SZ,0.0039816907838089825
2024.08.12,600012.SH,0.010204165897461462
2024.08.12,000020.SZ,0.017270557880872128
2024.08.12,000030.SZ,0.04411647976402813
2024.08.12,000047.SZ,0.07134236213132031
2024.08.12,600043.SH,0.26293547483992286
2024.08.12,600011.SH,0.0031389507603650805
2024.08.12,600001.SH,0.0011575833593571994
2024.08.12,000019.SZ,0.139417307859221
2024.08.12,600015.SH,0.010207440984785583
2024.08.12,600035.SH,0.00823249429062174
2024.08.12,600047.SH,0.510494537622507
2024.08.12,000005.SZ,0.024749973212837968
2024.08.12,600017.SH,0.03137461806061727
2024.08.12,600039.SH,0.12248701287463575
2024.08.12,000007.SZ,0.11002771198299621
2024.08.12,000026.SZ,0.3182166874283832
2024.08.12,600032.SH,0.039321278974004954
2024.08.12,600029.SH,0.049668531318860704
2024.08.12,000036.SZ,0.0847428049315757
2024.08.12,000041.SZ,0.0008754499837969096
2024.08.12,000017.SZ,0.04539947304582029
2024.08.12,000013.SZ,0.05389573202346785
2024.08.12,600006.SH,0.08325429518342586
2024.08.12,000046.SZ,0.026743185331273366
2024.08.12,600021.SH,0.10942926774320949
2024.08.12,000045.SZ,0.5636968725609941
2024.08.12,600016.SH,0.005748091496328168
2024.08.12,600004.SH,0.006205262227846572
2024.08.12,600002.SH,0.052870229477217895
2024.08.12,000038.SZ,0.11455572903597006
2024.08.12,000009.SZ,0.10733585416413544
2024.08.12,000037.SZ,0.12559963161045856
2024.08.12,600048.SH,0.16233821323050585
2024.08.12,600007.SH,0.3761726858716531
2024.08.12,000031.SZ,0.13061600988238795
2024.08.12,600008.SH,0.1109215054435634
2024.08.12,000024.SZ,0.15652906250560233
2024.08.12,600033.SH,0.036250723174735
2024.08.12,000004.SZ,0.15559662223470505
2024.08.12,000018.SZ,0.1818179441476217
2024.08.12,600044.SH,0.11780437591050993
2024.08.12,000016.SZ,0.09820337458833726
2024.08.12,600014.SH,0.0012289022960783878
2024.08.12,600020.SH,0.31824847562987735
2024.08.12,600018.SH,0.3979637614337364
2024.08.12,600027.SH,0.01940654180621188
2024.08.12,000027.SZ,0.08389456170084773
2024.08.12,600009.SH,0.014284063845439314
2024.08.12,000021.SZ,0.15505999048347674
2024.08.12,000023.SZ,0.23459681959910045
2024.08.12,600036.SH,0.08323624018562953
2024.08.12,000034.SZ,0.7179162232602158
2024.08.12,000010.SZ,0.18741695116941554
2024.08.13,000049.SZ,0.02400319504251234
2024.08.13,600041.SH,0.1942240699730432
2024.08.13,600038.SH,0.045443703378209827
2024.08.13,600014.SH,0.012366499474631108
2024.08.13,600002.SH,0.05093197597811602
2024.08.13,000045.SZ,0.014338503356947141
2024.08.13,600030.SH,0.21212353221706481
2024.08.13,600008.SH,0.01343199130831429
2024.08.13,600029.SH,0.01669051990177391
2024.08.13,600010.SH,0.166400108846162
2024.08.13,000036.SZ,0.12295969971193337
2024.08.13,000019.SZ,0.06115174728775276
2024.08.13,000044.SZ,0.26089802051184563
2024.08.13,600018.SH,0.1567467697172381
2024.08.13,000022.SZ,0.434024716124108
2024.08.13,000021.SZ,0.03741482020535037
2024.08.13,600036.SH,0.01229253533206051
2024.08.13,600048.SH,0.0006399002917694444
2024.08.13,000018.SZ,0.09124946644775064
2024.08.13,000033.SZ,0.2264058364872956
2024.08.13,000035.SZ,0.09461327028581028
2024.08.13,000024.SZ,0.21696931256004534
2024.08.13,600016.SH,0.4305485631408072
2024.08.13,600035.SH,0.01549627267118712
2024.08.13,600006.SH,0.39548577680076613
2024.08.13,000027.SZ,0.11868149969385107
2024.08.13,000005.SZ,0.007383724578169592
2024.08.13,600020.SH,0.19978286536064813
2024.08.13,600022.SH,0.24368126412990787
2024.08.13,000032.SZ,0.13071726452297874
2024.08.13,000041.SZ,0.027137695024789136
2024.08.13,600007.SH,0.00671495960735021
2024.08.13,600034.SH,0.25666756108245936
2024.08.13,000007.SZ,0.15724153023578616
2024.08.13,000001.SZ,0.05483459515701873
2024.08.13,600040.SH,0.4196047309907328
2024.08.13,000014.SZ,0.2612861261470956
2024.08.13,000010.SZ,0.09844279432587308
2024.08.13,600013.SH,0.07278867105055177
2024.08.13,000039.SZ,0.039835093561547574
2024.08.13,600044.SH,0.25910551440319773
2024.08.13,000003.SZ,0.4061708855886193
2024.08.13,000006.SZ,0.054172650693696936
2024.08.13,000043.SZ,0.1263457768183556
2024.08.13,000034.SZ,0.058877352331542225
2024.08.13,000025.SZ,0.08974868718989851
2024.08.13,000028.SZ,0.11724217245964502
2024.08.13,000011.SZ,0.11839938405211452
2024.08.13,000016.SZ,0.073239017744269
2024.08.13,600043.SH,0.15093792911177212
2024.08.13,000009.SZ,0.1604633453314605
2024.08.13,600025.SH,0.01753474168542562
2024.08.13,000040.SZ,0.19092428001024242
2024.08.13,000017.SZ,0.052672641428895224
2024.08.13,600019.SH,0.11386038662342537
2024.08.13,000048.SZ,0.03340941035800713
2024.08.13,000047.SZ,0.028818492950509794
2024.08.13,600037.SH,0.10610337803805966
2024.08.13,000026.SZ,0.3532066966646825
2024.08.13,000008.SZ,0.1327119706914309
2024.08.13,600024.SH,0.07546082544733072
2024.08.13,600000.SH,0.026001647291090054
2024.08.13,600046.SH,0.06004935678322279
2024.08.13,000030.SZ,0.013271911893031495
2024.08.13,000023.SZ,0.050812164841743945
2024.08.13,000002.SZ,0.08659043270669048
2024.08.13,600033.SH,0.13360583754938804
2024.08.13,000046.SZ,0.06072653044027814
2024.08.13,600021.SH,0.37316674957247004
2024.08.13,000050.SZ,0.20474997537578407
2024.08.13,000015.SZ,0.04032643492841288
2024.08.13,000029.SZ,0.3728685234323706
2024.08.13,600031.SH,0.07013708540534856
2024.08.13,000013.SZ,0.01933772040114362
2024.08.13,600012.SH,0.046845194691011546
2024.08.13,600049.SH,0.1182586291384608
2024.08.13,000004.SZ,0.39709821574291715
2024.08.13,600011.SH,0.18535999632667222
2024.08.13,600026.SH,0.1339120383764746
2024.08.13,600023.SH,0.01713209210220266
2024.08.13,600042.SH,0.036312502443766874
2024.08.13,600003.SH,0.053113719223197395
2024.08.13,600004.SH,0.09740459908265088
2024.08.13,000038.SZ,0.10121680925499532
2024.08.13,600045.SH,0.09972748567556221
2024.08.13,000037.SZ,0.2977037526008219
2024.08.13,600009.SH,0.17252296330120237
2024.08.13,600005.SH,0.03455641700498448
2024.08.13,600032.SH,0.10790302182432263
2024.08.13,000012.SZ,0.022889157098530517
2024.08.13,000020.SZ,0.08853177360775559
2024.08.13,600047.SH,0.05259219987935387
2024.08.13,600001.SH,0.11898240948506827
2024.08.13,600039.SH,0.01584508006808477
2024.08.13,000042.SZ,0.07039558644409487
2024.08.13,600017.SH,0.011191684371565442
2024.08.13,000031.SZ,0.11095173397077131
2024.08.13,600028.SH,0.1652011405267834
2024.08.14,000035.SZ,0.32547611154747463
2024.08.14,600023.SH,0.022488698364953957
2024.08.14,600018.SH,0.031228727577585078
2024.08.14,000046.SZ,0.1259790580041179
2024.08.14,000008.SZ,0.086221736193356
2024.08.14,600011.SH,0.0838843394183224
2024.08.14,600015.SH,0.03635971562783496
2024.08.14,000043.SZ,0.062463663443410276
2024.08.14,600043.SH,0.010165918019500534
2024.08.14,000023.SZ,0.023551315311253984
2024.08.14,000024.SZ,0.01859561210639335
2024.08.14,600004.SH,0.06120781926659418
2024.08.14,600003.SH,0.005249699583187146
2024.08.14,600036.SH,0.1330045001742401
2024.08.14,000005.SZ,0.07386804597421416
2024.08.14,600024.SH,0.0245960244497052
2024.08.14,600049.SH,0.11714810643859387
2024.08.14,600007.SH,0.019320882306717836
2024.08.14,600037.SH,0.13863513451262333
2024.08.14,000025.SZ,0.02861013369043736
2024.08.14,000042.SZ,0.08909592678726407
2024.08.14,000041.SZ,0.02392378213294986
2024.08.14,600031.SH,0.13558370104417136
2024.08.14,600038.SH,0.10702303319702063
2024.08.14,600016.SH,0.18796370596659628
2024.08.14,600039.SH,0.17016678515202302
2024.08.14,000010.SZ,0.1314778745788169
2024.08.14,000031.SZ,0.0842406515929692
2024.08.14,600022.SH,0.09184410472417477
2024.08.14,600010.SH,0.06316069822717425
2024.08.14,600034.SH,0.044993259331743585
2024.08.14,000018.SZ,0.015242811088762893
2024.08.14,600020.SH,0.1403732688131494
2024.08.14,600013.SH,0.19990030962253427
2024.08.14,000012.SZ,0.12272531166684512
2024.08.14,000048.SZ,0.5206892153622277
2024.08.14,600045.SH,0.1380057600667525
2024.08.14,600040.SH,0.11739112518927908
2024.08.14,600046.SH,0.10777776786413658
2024.08.14,000015.SZ,0.004693506306074531
2024.08.14,000032.SZ,0.0038945549298573874
2024.08.14,600021.SH,0.029507608450728043
2024.08.14,000004.SZ,0.05037078757829922
2024.08.14,600014.SH,0.1057220537802239
2024.08.14,000003.SZ,0.009944036438611487
2024.08.14,600001.SH,0.026988119818121672
2024.08.14,600026.SH,0.1404148943593433
2024.08.14,000044.SZ,0.11172682397112943
2024.08.14,000028.SZ,0.08162601040062271
2024.08.14,600033.SH,0.5325656743341384
2024.08.14,600000.SH,0.13599816920892407
2024.08.14,000013.SZ,0.05427956489325727
2024.08.14,600008.SH,0.08333679965423835
2024.08.14,000047.SZ,0.004933528710037744
2024.08.14,000009.SZ,0.05174338077556571
2024.08.14,000034.SZ,0.10395990618529355
2024.08.14,000001.SZ,0.03493582898471103
2024.08.14,000021.SZ,0.034106743458267495
2024.08.14,600002.SH,0.13279626371176206
2024.08.14,000026.SZ,0.060432048771727594
2024.08.14,600017.SH,0.028721866280038078
2024.08.14,600029.SH,0.1142366147266017
2024.08.14,000038.SZ,0.22908346774703647
2024.08.14,600042.SH,0.012742857000691584
2024.08.14,000002.SZ,0.04757411716733139
2024.08.14,000039.SZ,0.1615373180245572
2024.08.14,000027.SZ,0.008126942564638827
2024.08.14,000029.SZ,0.20621963468239063
2024.08.14,000017.SZ,0.13652325326705972
2024.08.14,000006.SZ,0.349638492569062
2024.08.14,600006.SH,0.11461506478195495
2024.08.14,000020.SZ,0.3046353155312401
2024.08.14,600005.SH,0.08556391153344522
2024.08.14,000050.SZ,0.048948609110191645
2024.08.14,600027.SH,0.0959189889717902
2024.08.14,000014.SZ,0.053327827249831615
2024.08.14,000033.SZ,0.06671387764951588
2024.08.14,600035.SH,0.11484876069039877
2024.08.14,000049.SZ,0.29514194989191395
2024.08.14,000019.SZ,0.15085879385492978
2024.08.14,600028.SH,0.22966448123959604
2024.08.14,000016.SZ,0.3913709929484073
2024.08.14,000040.SZ,0.053864793058770975
2024.08.14,000045.SZ,0.0746721412706671
2024.08.14,600019.SH,0.026313725904066197
2024.08.14,000011.SZ,0.014890466323994093
2024.08.14,600032.SH,0.2164001825979192
2024.08.14,000036.SZ,0.1611299977633419
2024.08.14,000007.SZ,0.1532786198120881
2024.08.14,600012.SH,0.2059240252987077
2024.08.14,600041.SH,0.05549038734587678
2024.08.14,600044.SH,0.03965580275493432
2024.08.14,600047.SH,0.0650459635036128
2024.08.14,000030.SZ,0.09611982602233717
2024.08.14,600009.SH,0.0015721254604463269
2024.08.14,600030.SH,0.004659201538366748
2024.08.14,600048.SH,0.17921020792714729
2024.08.14,000037.SZ,0.2522987294059492
2024.08.15,000004.SZ,0.06308337989591438
2024.08.15,600048.SH,0.13809404354141996
2024.08.15,600042.SH,0.038971795702876254
2024.08.15,000043.SZ,0.15754636878544692
2024.08.15,000033.SZ,0.1225242340629474
2024.08.15,600007.SH,0.1421524794447902
2024.08.15,000006.SZ,0.13395026190619708
2024.08.15,000005.SZ,0.06044485655024977
2024.08.15,600003.SH,0.22574418607928498
2024.08.15,000036.SZ,0.09099120377656578
2024.08.15,000014.SZ,0.10471309357876293
2024.08.15,600045.SH,0.03487261135581554
2024.08.15,600014.SH,0.19471775572333355
2024.08.15,600037.SH,0.1796558449144867
2024.08.15,000030.SZ,0.013421237146921292
2024.08.15,600030.SH,0.03062860534813249
2024.08.15,000049.SZ,0.14041847948024128
2024.08.15,600004.SH,0.1489387633643739
2024.08.15,600019.SH,0.06672221208628573
2024.08.15,600017.SH,0.5648928842048857
2024.08.15,600000.SH,0.09460634813590704
2024.08.15,600033.SH,0.017725997791798606
2024.08.15,000037.SZ,0.005898089165726561
2024.08.15,000050.SZ,0.05943484603510568
2024.08.15,000009.SZ,0.12765992551792693
2024.08.15,600036.SH,0.10431593463366592
2024.08.15,000020.SZ,0.04074450864155054
2024.08.15,000007.SZ,0.02787761930918599
2024.08.15,000039.SZ,0.09446078684682976
2024.08.15,600026.SH,0.13243931836608158
2024.08.15,600044.SH,0.04827134607162628
2024.08.15,600022.SH,0.20497620856507606
2024.08.15,600028.SH,0.039689029120371075
2024.08.15,600032.SH,0.10682557631872266
2024.08.15,600040.SH,0.5745453355351967
2024.08.15,600038.SH,0.04543600545834889
2024.08.15,000038.SZ,0.19378084257343614
2024.08.15,000015.SZ,0.10592534257112664
2024.08.15,600031.SH,0.08273912176724889
2024.08.15,600013.SH,0.057179514673605825
2024.08.15,000026.SZ,0.02422988600607601
2024.08.15,000021.SZ,0.05189851082688806
2024.08.15,600008.SH,0.011002149945500698
2024.08.15,000010.SZ,0.03932699674232096
2024.08.15,600020.SH,0.05492553685237844
2024.08.15,600027.SH,0.5396153585262314
2024.08.15,600018.SH,0.07794306689613685
2024.08.15,000022.SZ,0.025024529667422944
2024.08.15,000012.SZ,0.0872820528400543
2024.08.15,000018.SZ,0.1199815742725655
2024.08.15,600006.SH,0.19329346045472146
2024.08.15,000045.SZ,0.08104349106398878
2024.08.15,600024.SH,0.016205280256283358
2024.08.15,600029.SH,0.005565777174331597
2024.08.15,000025.SZ,0.17354287530978954
2024.08.15,000040.SZ,0.0012436504403074275
2024.08.15,000046.SZ,0.13862204188987473
2024.08.15,600041.SH,0.07923252330295662
2024.08.15,000001.SZ,0.16797487293462843
2024.08.15,000035.SZ,0.028220016295213868
2024.08.15,600016.SH,0.11685520855695725
2024.08.15,000029.SZ,0.002761032000806504
2024.08.15,600043.SH,0.012905919798792432
2024.08.15,000019.SZ,0.059934087466714456
2024.08.15,000016.SZ,0.038824961586129116
2024.08.15,000011.SZ,0.04345186313353079
2024.08.15,000027.SZ,0.09954119551326945
2024.08.15,600046.SH,0.015520230118743955
2024.08.15,000013.SZ,0.2807650090163543
2024.08.15,600005.SH,0.21589535619688652
2024.08.15,000017.SZ,0.009247852193267885
2024.08.15,000028.SZ,0.07078483538117922
2024.08.15,600035.SH,0.07980211581405405
2024.08.15,600011.SH,0.10384937674018907
2024.08.15,000047.SZ,0.08545625856079536
2024.08.15,600034.SH,0.05071969007460067
2024.08.15,600012.SH,0.10378790049693379
2024.08.15,600001.SH,0.03646059260151218
2024.08.15,600049.SH,0.4339314379710224
2024.08.15,000031.SZ,0.00257965549063611
2024.08.15,600021.SH,0.09096449736021289
2024.08.15,000048.SZ,0.03913968815164424
2024.08.15,000002.SZ,0.11001714250695518
2024.08.15,000003.SZ,0.04161904260255943
2024.08.15,600039.SH,0.09203378375802854
2024.08.15,600023.SH,0.4498177731323585
2024.08.15,000041.SZ,0.01651861058045533
2024.08.15,600025.SH,0.050244670042241174
2024.08.15,000023.SZ,0.013981123727512305
2024.08.15,600010.SH,0.12388591277181282
2024.08.15,600009.SH,0.05758755699947091
2024.08.15,000044.SZ,0.19482459062274385
2024.08.15,000008.SZ,0.06326225162773716
2024.08.15,000032.SZ,0.18497565766937007
2024.08.15,000024.SZ,0.0016468117144290255
2024.08.15,600002.SH,0.18769430584562344
2024.08.16,600017.SH,0.21424789153050258
2024.08.16,000001.SZ,0.11391894024164068
2024.08.16,000047.SZ,0.23367692400523973
2024.08.16,600046.SH,0.03139220550459918
2024.08.16,000012.SZ,0.15351449140809006
2024.08.16,600027.SH,0.17959230963639142
2024.08.16,000036.SZ,0.0477993208263301
2024.08.16,000013.SZ,0.005512985310743169
2024.08.16,600044.SH,0.008871704502658796
2024.08.16,000025.SZ,0.40796118700035383
2024.08.16,600015.SH,0.02304343368338687
2024.08.16,600040.SH,0.09742721202788633
2024.08.16,600031.SH,0.19124158056274254
2024.08.16,000002.SZ,0.017868993194670352
2024.08.16,000003.SZ,0.08922811748488249
2024.08.16,600004.SH,0.02585404078975018
2024.08.16,000039.SZ,0.08598702680252554
2024.08.16,000041.SZ,0.009846268998138815
2024.08.16,600018.SH,0.001737784048324074
2024.08.16,600008.SH,0.0897105735829297
2024.08.16,000006.SZ,0.030923242826917618
2024.08.16,600049.SH,0.26611681565902634
2024.08.16,000022.SZ,0.0852431213779494
2024.08.16,600032.SH,0.016082201548284204
2024.08.16,600001.SH,0.1267058291251979
2024.08.16,600043.SH,0.0898921292971993
2024.08.16,000048.SZ,0.32574274185263885
2024.08.16,000005.SZ,0.03831258381134966
2024.08.16,600039.SH,0.0369878910406733
2024.08.16,600035.SH,0.08124167134009332
2024.08.16,000009.SZ,0.14849481205231604
2024.08.16,000016.SZ,0.019287310046604157
2024.08.16,600019.SH,0.12651774273138125
2024.08.16,600009.SH,0.8897971638290485
2024.08.16,600010.SH,0.214078539405027
2024.08.16,600034.SH,0.13437917276696518
2024.08.16,000007.SZ,0.008060869109105721
2024.08.16,600041.SH,0.06720176567213874
2024.08.16,600005.SH,0.0700283321991657
2024.08.16,000038.SZ,0.01296370069860023
2024.08.16,600020.SH,0.06397950688425282
2024.08.16,000031.SZ,0.253414434067066
2024.08.16,000030.SZ,0.06945435045053193
2024.08.16,600014.SH,0.02739448185541694
2024.08.16,600013.SH,0.000934664441985887
2024.08.16,600012.SH,0.059359832027733234
2024.08.16,600028.SH,0.5046631448796837
2024.08.16,600047.SH,0.16491280710066678
2024.08.16,000023.SZ,0.05051665812078296
2024.08.16,600024.SH,0.1795325620984672
2024.08.16,000004.SZ,0.023500018893862627
2024.08.16,000049.SZ,0.022308301442390523
2024.08.16,000011.SZ,0.023018329789759887
2024.08.16,000043.SZ,0.20864937152930396
2024.08.16,600045.SH,0.11029304771415799
2024.08.16,600036.SH,0.009443930011450635
2024.08.16,000037.SZ,0.17876787153966583
2024.08.16,000045.SZ,0.20575738557740442
2024.08.16,000027.SZ,0.20087802375137395
2024.08.16,600021.SH,0.16457445978239668
2024.08.16,600022.SH,0.0314174356463015
2024.08.16,000008.SZ,0.040966179104058524
2024.08.16,000010.SZ,0.10987207393354982
2024.08.16,000024.SZ,0.01668490892585115
2024.08.16,600007.SH,0.10707319016412423
2024.08.16,600000.SH,0.09794448664531008
2024.08.16,600042.SH,0.12782820016700472
2024.08.16,000042.SZ,0.1431125972058458
2024.08.16,000032.SZ,0.06667873541862393
2024.08.16,000028.SZ,0.049767724048960404
2024.08.16,000044.SZ,0.01333304095174401
2024.08.16,000034.SZ,0.028342346347796536
2024.08.16,000050.SZ,0.03164770673986273
2024.08.16,000033.SZ,0.13093557841039555
2024.08.16,000017.SZ,0.05357477294790537
2024.08.16,000020.SZ,0.06493714078821808
2024.08.16,600033.SH,0.12469644040875467
2024.08.16,600030.SH,0.02873619326817548
2024.08.16,000014.SZ,0.04194351361033627
2024.08.16,000019.SZ,0.1449338783722294
2024.08.16,600002.SH,0.01651448329610819
2024.08.16,600011.SH,0.07253022504338082
2024.08.16,000015.SZ,0.11821573202997716
2024.08.16,600016.SH,0.0458272028345359
2024.08.16,600038.SH,0.22374113838562742
2024.08.16,000029.SZ,0.04755300495432091
2024.08.16,000021.SZ,0.28539075915660495
2024.08.16,000018.SZ,0.04067398602494013
2024.08.16,600006.SH,0.04412433934602906
2024.08.16,600025.SH,0.0708413922937585
2024.08.16,000046.SZ,0.018843328763932046
2024.08.16,000040.SZ,0.11648831394622895
2024.08.16,000035.SZ,0.2267309496231736
2024.08.16,000026.SZ,0.002479648452399586
2024.08.16,600026.SH,0.00878933597444193
2024.08.16,600029.SH,0.002789647799411079
2024.08.16,600003.SH,0.10385368902751309
2024.08.16,600023.SH,0.09704344881124312
2024.08.19,600021.SH,0.3870753212725092
2024.08.19,600045.SH,0.1490301490737923
2024.08.19,000046.SZ,0.07057030678019799
2024.08.19,600011.SH,0.05667349042213797
2024.08.19,000019.SZ,0.06618368358676198
2024.08.19,000039.SZ,0.05629295243451202
2024.08.19,000029.SZ,0.10340658439024962
2024.08.19,000038.SZ,0.10254808307226677
2024.08.19,000008.SZ,0.007127118669687379
2024.08.19,600031.SH,0.41183608098793834
2024.08.19,600008.SH,0.1561943088901557
2024.08.19,600013.SH,0.10073477345319547
2024.08.19,000037.SZ,0.09402339784066674
2024.08.19,600016.SH,0.16436962066863553
2024.08.19,600015.SH,0.16660636912496793
2024.08.19,000025.SZ,0.012156937127243448
2024.08.19,600000.SH,0.07215188149375831
2024.08.19,000015.SZ,0.05438971725016595
2024.08.19,000033.SZ,0.09312233877812345
2024.08.19,000003.SZ,0.0831360043589527
2024.08.19,600023.SH,0.10834429030064167
2024.08.19,600036.SH,0.13675651473338155
2024.08.19,600024.SH,0.11643728893207517
2024.08.19,600046.SH,0.11451317456360038
2024.08.19,600034.SH,0.18676038338228523
2024.08.19,600019.SH,0.05844990191852431
2024.08.19,600005.SH,0.06261719754304912
2024.08.19,600041.SH,0.1750370180775204
2024.08.19,000047.SZ,0.11701406132790157
2024.08.19,600020.SH,0.4975365093808429
2024.08.19,600006.SH,0.12185824531699758
2024.08.19,000036.SZ,0.015744886158266726
2024.08.19,600004.SH,0.07689054239159952
2024.08.19,600029.SH,0.027935159396232898
2024.08.19,000017.SZ,0.09155267113548685
2024.08.19,600007.SH,0.13906986320428896
2024.08.19,600037.SH,0.00963536856570868
2024.08.19,000014.SZ,0.0530364036667737
2024.08.19,000006.SZ,0.11091642571032553
2024.08.19,600001.SH,0.42012785157244753
2024.08.19,000024.SZ,0.040954495450854965
2024.08.19,600022.SH,0.3920849921327409
2024.08.19,000042.SZ,0.18903874927373385
2024.08.19,000044.SZ,4.256302849695879e-05
2024.08.19,600040.SH,0.1470540166857986
2024.08.19,600014.SH,0.004342310215381658
2024.08.19,000012.SZ,0.06599251430465174
2024.08.19,000009.SZ,0.011463209234825165
2024.08.19,000035.SZ,0.10258595415732524
2024.08.19,600030.SH,0.17470517370748706
2024.08.19,000027.SZ,0.46067519810631474
2024.08.19,000043.SZ,0.12193817830408489
2024.08.19,600017.SH,0.018276924616420446
2024.08.19,000004.SZ,0.051555904012402926
2024.08.19,000045.SZ,0.003953436867609006
2024.08.19,000016.SZ,0.1048169469625525
2024.08.19,000013.SZ,0.004570819237648483
2024.08.19,000041.SZ,0.12082412627529988
2024.08.19,000022.SZ,0.10882640560343244
2024.08.19,600048.SH,0.02066402602807409
2024.08.19,000002.SZ,0.09061756118368484
2024.08.19,600035.SH,0.052601059607508806
2024.08.19,600012.SH,0.07010475211741134
2024.08.19,000049.SZ,0.19104539178504268
2024.08.19,000030.SZ,0.2945596342575673
2024.08.19,600002.SH,0.002979591054555906
2024.08.19,600003.SH,0.2747772939754642
2024.08.19,000040.SZ,0.0813825773321412
2024.08.19,600018.SH,0.033862959545273755
2024.08.19,600028.SH,0.06827696398420137
2024.08.19,000011.SZ,0.050801159457002344
2024.08.19,600027.SH,0.05923806426598147
2024.08.19,000050.SZ,0.007436462531174814
2024.08.19,000001.SZ,0.08242522176355391
2024.08.19,600042.SH,0.08160643583230409
2024.08.19,600044.SH,0.04665574679660655
2024.08.19,000018.SZ,0.3217708927351555
2024.08.19,600039.SH,0.17625012467710943
2024.08.19,600047.SH,0.28727958615937615
2024.08.19,000026.SZ,0.05748841788831123
2024.08.19,600032.SH,0.3665003989937378
2024.08.19,000005.SZ,0.014672579543926251
2024.08.19,000023.SZ,0.04405836476469272
2024.08.19,600049.SH,0.050460349760182745
2024.08.19,000021.SZ,0.015922712948772073
2024.08.19,600026.SH,0.07604774812358925
2024.08.19,600043.SH,0.08890484330799561
2024.08.19,000028.SZ,0.0671406383135023
2024.08.19,000020.SZ,0.027134027869097733
2024.08.19,600009.SH,0.07330082872684647
2024.08.19,000007.SZ,0.024900293331349105
2024.08.19,000034.SZ,0.2558991285584397
2024.08.19,000032.SZ,0.2264263840147939
2024.08.19,600033.SH,0.08511503081794912
2024.08.19,600010.SH,0.3889478564127232
2024.08.19,600025.SH,0.03982182223745057
2024.08.19,600038.SH,0.08456152055685574
2024.08.20,000036.SZ,0.011167363075353515
2024.08.20,000012.SZ,0.01638334587105207
2024.08.20,600000.SH,0.1537051358540724
2024.08.20,000001.SZ,0.11096581694797843
2024.08.20,000016.SZ,0.056669451418226026
2024.08.20,600035.SH,0.014713261025954397
2024.08.20,600021.SH,0.07909374044736596
2024.08.20,000015.SZ,0.013703627848916097
2024.08.20,600033.SH,0.04699469962846966
2024.08.20,600047.SH,0.017397221622306707
2024.08.20,000030.SZ,0.01422371094107874
2024.08.20,000029.SZ,0.028770961234899705
2024.08.20,000043.SZ,0.12643849793874504
2024.08.20,000003.SZ,0.058041100116887484
2024.08.20,000041.SZ,0.12761352401318152
2024.08.20,000020.SZ,0.07372588653209666
2024.08.20,600001.SH,0.3397933902159239
2024.08.20,000039.SZ,0.016602763512323197
2024.08.20,600030.SH,0.5260524767653807
2024.08.20,600003.SH,0.22426001005986582
2024.08.20,600025.SH,0.41446776300082905
2024.08.20,600044.SH,0.008554692390499644
2024.08.20,000040.SZ,0.25582470853205763
2024.08.20,000007.SZ,0.04431515009528017
2024.08.20,600028.SH,0.07914913116227068
2024.08.20,600024.SH,0.03709561758535377
2024.08.20,600023.SH,0.07688285764668681
2024.08.20,600019.SH,0.02592173697379519
2024.08.20,600016.SH,0.002791353547536605
2024.08.20,000017.SZ,0.11134927795845553
2024.08.20,600038.SH,0.14817438913578923
2024.08.20,600034.SH,0.08333144187366306
2024.08.20,600026.SH,0.05942927666947144
2024.08.20,600027.SH,0.03462686717737572
2024.08.20,600042.SH,0.30495864234593506
2024.08.20,000010.SZ,0.13500312567511003
2024.08.20,600046.SH,0.014371264118839714
2024.08.20,600010.SH,0.42770253534532454
2024.08.20,000031.SZ,0.0995567523799353
2024.08.20,600015.SH,0.14932480309013862
2024.08.20,600005.SH,0.10996123630781951
2024.08.20,000019.SZ,0.011380712102086118
2024.08.20,600006.SH,0.20059136425737223
2024.08.20,000021.SZ,0.18694544607990574
2024.08.20,600002.SH,0.02215098973604937
2024.08.20,000037.SZ,0.03281700431252503
2024.08.20,000004.SZ,0.006683777783190366
2024.08.20,600022.SH,0.06033741796909856
2024.08.20,000032.SZ,0.015924877258014718
2024.08.20,000050.SZ,0.06149341170567742
2024.08.20,600041.SH,0.036261862650667824
2024.08.20,600040.SH,0.03507459754186835
2024.08.20,600031.SH,0.13714595495795992
2024.08.20,000024.SZ,0.1865981954548327
2024.08.20,600009.SH,0.031211709925868164
2024.08.20,600049.SH,0.1380556156632145
2024.08.20,000045.SZ,0.10899052652920557
2024.08.20,000002.SZ,0.1483515733131822
2024.08.20,600048.SH,0.10606566148390534
2024.08.20,600037.SH,0.3439934130853733
2024.08.20,000044.SZ,0.22475731576851468
2024.08.20,000034.SZ,0.09575690356365896
2024.08.20,600014.SH,0.2524361609057463
2024.08.20,600004.SH,0.06739700097167926
2024.08.20,000005.SZ,0.1904145170162206
2024.08.20,000047.SZ,0.1394987530518056
2024.08.20,600011.SH,0.062371000355936915
2024.08.20,600018.SH,0.22774396666937274
2024.08.20,600012.SH,0.4796594457540316
2024.08.20,600020.SH,0.036942773861178446
2024.08.20,600013.SH,0.23721872197122887
2024.08.20,600029.SH,0.0037944293278329346
2024.08.20,000006.SZ,0.10433524885378521
2024.08.20,000009.SZ,0.16781882565838008
2024.08.20,600036.SH,0.14173239004181729
2024.08.20,000014.SZ,0.1968672005782811
2024.08.20,000028.SZ,0.07687661524667916
2024.08.20,000025.SZ,0.05800186554278311
2024.08.20,000023.SZ,0.002340717660311342
2024.08.20,600032.SH,0.06773390937638218
2024.08.20,600039.SH,0.007638612881386316
2024.08.20,600007.SH,0.08592954270267213
2024.08.20,000008.SZ,0.2461105311574125
2024.08.20,000035.SZ,0.14086688511755754
2024.08.20,600043.SH,0.20621428985668117
2024.08.20,000049.SZ,0.044415506534107425
2024.08.20,600017.SH,0.010328892891272007
2024.08.20,000011.SZ,0.018133134589901217
2024.08.20,600008.SH,0.04505448719235131
2024.08.20,000046.SZ,0.08046713650698277
2024.08.20,000026.SZ,0.04611247802005321
2024.08.20,000013.SZ,0.09738223392994964
2024.08.20,600045.SH,0.09211385811694983
2024.08.20,000042.SZ,0.15675352402465934
2024.08.20,000048.SZ,0.14772439613209468
2024.08.20,000038.SZ,0.0533576972768419
2024.08.20,000033.SZ,0.05981748179547403
2024.08.21,000012.SZ,0.03971215022750306
2024.08.21,600012.SH,0.01297105422709329
2024.08.21,000020.SZ,0.11654071884383545
2024.08.21,000006.SZ,0.011652386488188355
2024.08.21,600027.SH,0.010675908901478475
2024.08.21,600003.SH,0.09138934871645243
2024.08.21,600029.SH,0.33362584185031424
2024.08.21,600024.SH,0.15483911268947537
2024.08.21,600049.SH,0.01237146083167614
2024.08.21,000017.SZ,0.15407560640168783
2024.08.21,000009.SZ,0.13397156727996737
2024.08.21,600031.SH,0.03158209425693835
2024.08.21,600044.SH,0.03427093179621909
2024.08.21,000041.SZ,0.2770209260947555
2024.08.21,000031.SZ,0.08156326529913173
2024.08.21,000049.SZ,0.06988342849675752
2024.08.21,600030.SH,0.03691066442063659
2024.08.21,000045.SZ,0.25344884095249476
2024.08.21,600001.SH,0.08361388933411706
2024.08.21,000014.SZ,0.1585480044360113
2024.08.21,600039.SH,0.008086573737465732
2024.08.21,600000.SH,0.1375695474091496
2024.08.21,000030.SZ,0.1230792459799031
2024.08.21,000043.SZ,0.1674241593289979
2024.08.21,600020.SH,0.08143681514709676
2024.08.21,000015.SZ,0.11131261600842869
2024.08.21,000029.SZ,0.411134670078797
2024.08.21,600007.SH,0.08727785408158206
2024.08.21,000048.SZ,0.46917834364629657
2024.08.21,000025.SZ,0.14199721625945377
2024.08.21,000033.SZ,0.1626538759655944
2024.08.21,600014.SH,0.061239758781984475
2024.08.21,600033.SH,0.04594783402708329
2024.08.21,000021.SZ,0.15937695373177513
2024.08.21,000037.SZ,0.20189491355094347
2024.08.21,000047.SZ,0.18457517916303748
2024.08.21,600016.SH,0.16173191260766262
2024.08.21,600032.SH,0.08109241025666189
2024.08.21,000007.SZ,0.019991038363488197
2024.08.21,600038.SH,0.012353138021324414
2024.08.21,600035.SH,0.09807129347196136
2024.08.21,600002.SH,0.18851549212857405
2024.08.21,000032.SZ,0.1400566576276717
2024.08.21,600009.SH,0.03487297675519519
2024.08.21,000035.SZ,0.12059600503477852
2024.08.21,000001.SZ,0.11251202655740876
2024.08.21,600010.SH,0.612789249453484
2024.08.21,000013.SZ,0.018084833022870072
2024.08.21,000034.SZ,0.0552836315625254
2024.08.21,600045.SH,0.08761982591251102
2024.08.21,000024.SZ,0.014972904281897506
2024.08.21,600043.SH,0.36564304717555873
2024.08.21,600048.SH,0.04101946239021153
2024.08.21,600005.SH,0.2371528968605874
2024.08.21,000046.SZ,0.01777857484501077
2024.08.21,000050.SZ,0.22730814317808562
2024.08.21,000005.SZ,0.23714220875752165
2024.08.21,000044.SZ,0.03473011981404386
2024.08.21,600046.SH,0.15176629530416846
2024.08.21,000036.SZ,0.025933816735626874
2024.08.21,000038.SZ,0.1422438244334738
2024.08.21,000039.SZ,0.20930657709299968
2024.08.21,600006.SH,0.005404508656997783
2024.08.21,600041.SH,0.153682915347891
2024.08.21,600036.SH,0.10595579294650806
2024.08.21,600025.SH,0.3995855034849868
2024.08.21,000026.SZ,0.12956161565392638
2024.08.21,600015.SH,0.01920277105677034
2024.08.21,000027.SZ,0.04616517894972593
2024.08.21,000028.SZ,0.02640053924587606
2024.08.21,000042.SZ,0.10179956173834312
2024.08.21,600040.SH,0.23159316029794433
2024.08.21,000008.SZ,0.050045792315527235
2024.08.21,600028.SH,0.21909979232909746
2024.08.21,000011.SZ,0.09126172751717107
2024.08.21,000022.SZ,0.1300117474094203
2024.08.21,000010.SZ,0.062275571143170755
2024.08.21,600034.SH,0.007742013198388768
2024.08.21,600017.SH,0.03173484614348516
2024.08.21,600008.SH,0.020458843950437806
2024.08.21,600047.SH,0.10571908475775996
2024.08.21,600023.SH,0.09412402270868685
2024.08.21,000023.SZ,0.1831746554769842
2024.08.21,000018.SZ,0.0485275581207555
2024.08.21,000004.SZ,0.15380151425881244
2024.08.21,600026.SH,0.05293319434043797
2024.08.21,000019.SZ,0.04410619299460451
2024.08.21,600011.SH,0.17703454167788102
2024.08.21,600037.SH,0.05472188337306019
2024.08.21,000002.SZ,0.08901305462777342
2024.08.21,600018.SH,0.024023686993219648
2024.08.21,600004.SH,0.16084818499958622
2024.08.21,600021.SH,0.11196333060339843
2024.08.21,000003.SZ,0.36275734933385995
2024.08.21,600022.SH,0.14601165812918912
2024.08.21,000040.SZ,0.014575903821299698
2024.08.22,000016.SZ,0.042088592070249904
2024.08.22,000002.SZ,0.1576932099547852
2024.08.22,600022.SH,0.1329127797670533
2024.08.22,600021.SH,0.06304386913896623
2024.08.22,600013.SH,0.1485409887563746
2024.08.22,600033.SH,0.0884310662174826
2024.08.22,600019.SH,0.11862935927385367
2024.08.22,600035.SH,0.07546142299031128
2024.08.22,600009.SH,0.006153053150536417
2024.08.22,600023.SH,0.0369702198871483
2024.08.22,600007.SH,0.08045193412579493
2024.08.22,000014.SZ,0.026377522506205956
2024.08.22,600042.SH,0.3325431870092782
2024.08.22,600040.SH,0.41148123525661057
2024.08.22,000028.SZ,0.09534844747609317
2024.08.22,600028.SH,0.18886235749897373
2024.08.22,000009.SZ,0.003920571164132571
2024.08.22,000049.SZ,0.09174251473101848
2024.08.22,000018.SZ,0.08345797119218765
2024.08.22,000027.SZ,0.03115762309500918
2024.08.22,000030.SZ,0.09218299820694484
2024.08.22,000022.SZ,0.14671504908833463
2024.08.22,000037.SZ,0.13373839123387268
2024.08.22,000033.SZ,0.022690574357239934
2024.08.22,000004.SZ,0.012916299459671814
2024.08.22,000050.SZ,0.15805608961718856
2024.08.22,600024.SH,0.047332162568096005
2024.08.22,000039.SZ,0.006319479147533028
2024.08.22,000035.SZ,0.08555643564661053
2024.08.22,600015.SH,0.3034493469509751
2024.08.22,000041.SZ,0.004813866156877432
2024.08.22,000024.SZ,0.023300013007556845
2024.08.22,000008.SZ,0.07901479071145494
2024.08.22,600044.SH,0.0790690432781242
2024.08.22,000010.SZ,0.009680981572158591
2024.08.22,600011.SH,0.04575009977491731
2024.08.22,600045.SH,0.11608953371477522
2024.08.22,000007.SZ,0.2002046683574862
2024.08.22,600005.SH,0.032500838052535015
2024.08.22,600034.SH,0.07803880662131944
2024.08.22,000047.SZ,0.1351740922622346
2024.08.22,000013.SZ,0.018514579536768924
2024.08.22,600000.SH,0.09965533001074414
2024.08.22,000019.SZ,0.42146394739422427
2024.08.22,000006.SZ,0.03940500396225484
2024.08.22,600038.SH,0.22375671850007098
2024.08.22,600025.SH,0.0027839895794596814
2024.08.22,600049.SH,0.09561494654994826
2024.08.22,600003.SH,0.09541797590421114
2024.08.22,600032.SH,0.10016975240787485
2024.08.22,600027.SH,0.16027654790325885
2024.08.22,600029.SH,0.07205526269839153
2024.08.22,600004.SH,0.09683090283536683
2024.08.22,000021.SZ,0.06355456050607688
2024.08.22,600037.SH,0.11216408943689046
2024.08.22,600046.SH,0.15390844815651447
2024.08.22,000020.SZ,0.1899331755370533
2024.08.22,000040.SZ,0.0709156622949137
2024.08.22,600041.SH,0.12635282205248102
2024.08.22,000029.SZ,0.16961646090341576
2024.08.22,000032.SZ,0.5995442126486147
2024.08.22,600018.SH,0.18264770748694378
2024.08.22,000043.SZ,0.17332386299469257
2024.08.22,600016.SH,0.15759551177736433
2024.08.22,000005.SZ,0.17954283526849293
2024.08.22,000038.SZ,0.09899460604076946
2024.08.22,600043.SH,0.3948865569677388
2024.08.22,600002.SH,0.22344889064561038
2024.08.22,000034.SZ,0.08650420805852614
2024.08.22,000015.SZ,0.17411088588608992
2024.08.22,000046.SZ,0.3058433413695533
2024.08.22,600012.SH,0.03965375801244634
2024.08.22,600031.SH,0.06592194215096535
2024.08.22,600008.SH,0.0008038255693144462
2024.08.22,000048.SZ,0.09477586184170254
2024.08.22,600014.SH,0.06858300512660799
2024.08.22,000017.SZ,0.05484070114011312
2024.08.22,000044.SZ,0.279803628012346
2024.08.22,600010.SH,0.11749989330866946
2024.08.22,000026.SZ,0.16226692322993783
2024.08.22,600047.SH,0.004657250240733531
2024.08.22,000003.SZ,0.07839162025412137
2024.08.22,000011.SZ,0.06782575343905184
2024.08.22,000023.SZ,0.1124592703260443
2024.08.22,000012.SZ,0.22909055317636967
2024.08.22,600039.SH,0.010209960588792555
2024.08.22,600006.SH,0.0603586889976537
2024.08.22,600036.SH,0.09074618897488981
2024.08.22,000042.SZ,0.023071779858045812
2024.08.22,600020.SH,0.01734263162248332
2024.08.22,600026.SH,0.004054683908693805
2024.08.22,600048.SH,0.05202117543976885
2024.08.22,000045.SZ,0.05134239816954028
2024.08.22,000025.SZ,0.18986562535730114
2024.08.22,600030.SH,0.023918960765018805
2024.08.22,600001.SH,0.13866380390503466
2024.08.22,000031.SZ,0.18648091770245911
2024.08.23,000014.SZ,0.692205111373499
2024.08.23,000045.SZ,0.27898266452587833
2024.08.23,000032.SZ,0.021669474707528877
2024.08.23,000020.SZ,0.018300041089074518
2024.08.23,000018.SZ,0.02170140744877902
2024.08.23,600024.SH,0.0747891538519935
2024.08.23,000037.SZ,0.005875445324503429
2024.08.23,000011.SZ,0.33537498549766903
2024.08.23,000001.SZ,0.02736992191884316
2024.08.23,000030.SZ,0.09722430154635996
2024.08.23,000036.SZ,0.15864051571207768
2024.08.23,600031.SH,0.4544320390535453
2024.08.23,000016.SZ,0.01002618953918294
2024.08.23,000002.SZ,0.06993951209720668
2024.08.23,600011.SH,0.058581761428730623
2024.08.23,600016.SH,0.22433476656578002
2024.08.23,000031.SZ,0.04304051427470375
2024.08.23,000021.SZ,0.06410703591599379
2024.08.23,000015.SZ,0.021479368672109138
2024.08.23,000022.SZ,0.021492898449668188
2024.08.23,000047.SZ,0.006301252116421538
2024.08.23,600044.SH,0.1897261631545428
2024.08.23,600013.SH,0.1893034185702603
2024.08.23,000050.SZ,0.02477418631826005
2024.08.23,600009.SH,0.16600467863399998
2024.08.23,600032.SH,0.08058590574585812
2024.08.23,000039.SZ,0.08514579020373628
2024.08.23,000043.SZ,0.18579758282721653
2024.08.23,600038.SH,0.06735328526272855
2024.08.23,000034.SZ,0.11223167903608981
2024.08.23,600046.SH,0.18411692414257183
2024.08.23,600019.SH,0.044191142881811515
2024.08.23,600014.SH,0.2703301398271529
2024.08.23,600030.SH,0.322717056032804
2024.08.23,600015.SH,0.2735373136193048
2024.08.23,600029.SH,0.0008135938655309713
2024.08.23,000049.SZ,0.05322153878489823
2024.08.23,600004.SH,0.14585318434377328
2024.08.23,000048.SZ,0.0722239674075199
2024.08.23,000046.SZ,0.008689895945296431
2024.08.23,000038.SZ,0.14951131039206472
2024.08.23,600021.SH,0.09645909876649003
2024.08.23,000019.SZ,0.03835920473327133
2024.08.23,600008.SH,0.014646729753602861
2024.08.23,600005.SH,0.058497503336101375
2024.08.23,600042.SH,0.14750002450635608
2024.08.23,000024.SZ,0.09570010580101453
2024.08.23,600001.SH,0.01808526669037187
2024.08.23,600033.SH,0.018005904144941347
2024.08.23,000017.SZ,0.18973386672458123
2024.08.23,600003.SH,0.017322499574053477
2024.08.23,000035.SZ,0.11418804135123926
2024.08.23,000012.SZ,0.017483105012827408
2024.08.23,000010.SZ,0.01988268776089279
2024.08.23,600036.SH,0.09079264495059053
2024.08.23,600028.SH,0.016426046231351764
2024.08.23,600026.SH,0.163581042620159
2024.08.23,600002.SH,0.2236664496476689
2024.08.23,600039.SH,0.04000886579774767
2024.08.23,000005.SZ,0.0860449633531234
2024.08.23,600025.SH,0.30125799196897557
2024.08.23,600041.SH,0.04942484323262322
2024.08.23,600010.SH,0.05718085199387045
2024.08.23,600027.SH,0.028895322469551742
2024.08.23,000003.SZ,0.16187580734381485
2024.08.23,000026.SZ,0.09297840882688871
2024.08.23,600047.SH,0.017932114468091332
2024.08.23,000040.SZ,0.11399490384136851
2024.08.23,000004.SZ,0.04189501907662253
2024.08.23,600020.SH,0.026388000367954422
2024.08.23,600048.SH,0.16579568651984292
2024.08.23,000028.SZ,0.17020329029062292
2024.08.23,600000.SH,0.03325346278484192
2024.08.23,600006.SH,0.05772571841996236
2024.08.23,600040.SH,0.274598310161115
2024.08.23,000029.SZ,0.12180145796896749
2024.08.23,600049.SH,0.07970637190459473
2024.08.23,600022.SH,0.07478874353985655
2024.08.23,600034.SH,0.41209810143474773
2024.08.23,000027.SZ,0.3348593156977313
2024.08.23,600045.SH,0.2444753870308337
2024.08.23,000041.SZ,0.12906870569098997
2024.08.23,000044.SZ,0.33760222849451843
2024.08.23,600037.SH,0.07466421553577234
2024.08.23,000033.SZ,0.1982669649320635
2024.08.23,600007.SH,0.08012260177181997
2024.08.23,000023.SZ,0.24450003686648034
2024.08.23,600023.SH,0.10444988885711877
2024.08.23,000042.SZ,0.25258466759284603
2024.08.23,000006.SZ,0.23359347087095575
2024.08.23,000008.SZ,0.12862058598610351
2024.08.23,600043.SH,0.1326528428862494
2024.08.23,000007.SZ,0.01495462902215003
2024.08.23,000013.SZ,0.02471606237809505
2024.08.23,000025.SZ,0.03820460236054806
2024.08.23,600035.SH,0.06190870690522021
