TradingDate,SecurityID,Value
2024.06.03,600016.SH,0.12527003063332548
2024.06.03,000017.SZ,0.2436021201035505
2024.06.03,000024.SZ,0.07341647234551907
2024.06.03,000046.SZ,0.38504250268427687
2024.06.03,600003.SH,0.22131059591661636
2024.06.03,000022.SZ,0.02016208678263083
2024.06.03,000008.SZ,0.1173542677360237
2024.06.03,000032.SZ,0.08051193505869475
2024.06.03,600009.SH,0.052850588068247786
2024.06.03,000035.SZ,0.2790748955602821
2024.06.03,000042.SZ,0.03672430184622939
2024.06.03,600014.SH,0.5378959115287795
2024.06.03,600006.SH,0.20972144325812728
2024.06.03,600023.SH,0.3500727861617919
2024.06.03,000015.SZ,0.01655260787390207
2024.06.03,600017.SH,0.36451034741690413
2024.06.03,000029.SZ,0.1959907046530806
2024.06.03,600042.SH,0.13437097624905797
2024.06.03,600021.SH,0.1374917986191844
2024.06.03,600011.SH,0.04261188346724295
2024.06.03,600025.SH,0.1139785613241374
2024.06.03,000031.SZ,0.002494913930819405
2024.06.03,000009.SZ,0.04625242503729522
2024.06.03,000010.SZ,0.061129742269254474
2024.06.03,000005.SZ,0.11497566228265467
2024.06.03,000025.SZ,0.02999543646807657
2024.06.03,600040.SH,0.27961771072064107
2024.06.03,600020.SH,0.6563118194566082
2024.06.03,600008.SH,0.051791805775341725
2024.06.03,600027.SH,0.6169507881685463
2024.06.03,600032.SH,0.00804767245984119
2024.06.03,600041.SH,0.07917848907469736
2024.06.03,600029.SH,0.10003513418709702
2024.06.03,600019.SH,0.13284833037552674
2024.06.03,000012.SZ,0.011322049746951019
2024.06.03,600048.SH,0.23395572950106805
2024.06.03,000002.SZ,0.06690439411417035
2024.06.03,000040.SZ,0.07724508836296887
2024.06.03,000050.SZ,0.08379635393151749
2024.06.03,000014.SZ,0.04364033482157856
2024.06.03,600005.SH,0.05359290534309285
2024.06.03,000001.SZ,0.1182408022472302
2024.06.03,600001.SH,0.04277152450557573
2024.06.03,600024.SH,0.037955824248452515
2024.06.03,600022.SH,0.12382210507466754
2024.06.03,600030.SH,0.37772727569624065
2024.06.03,000039.SZ,0.2831395286121511
2024.06.03,000016.SZ,0.20499692303276645
2024.06.03,600033.SH,0.029483581210975066
2024.06.03,600034.SH,0.13628914704657222
2024.06.03,600046.SH,0.03218307224268727
2024.06.03,600031.SH,0.051966268790685624
2024.06.03,600015.SH,0.019039166163242385
2024.06.03,000038.SZ,0.1968194664565502
2024.06.03,000013.SZ,0.2974991451387512
2024.06.03,000027.SZ,0.107731415084
2024.06.03,000026.SZ,0.07446310732833118
2024.06.03,000041.SZ,0.11083602553740154
2024.06.03,600004.SH,0.034157489483132915
2024.06.03,000019.SZ,0.026469184453545614
2024.06.03,000037.SZ,0.009750855684264344
2024.06.03,600013.SH,0.29752558437244214
2024.06.03,600037.SH,0.021671516856787656
2024.06.03,000020.SZ,0.2602290675221783
2024.06.03,000048.SZ,0.024257098848070615
2024.06.03,600035.SH,0.041946016563102394
2024.06.03,000043.SZ,0.2096390845203312
2024.06.03,000047.SZ,0.025536216700835935
2024.06.03,000033.SZ,0.019034236100501964
2024.06.03,600047.SH,0.04446899887981285
2024.06.03,000049.SZ,0.3025422961856263
2024.06.03,600039.SH,0.07400624190419464
2024.06.03,600012.SH,0.015027312239261487
2024.06.03,600038.SH,0.07591346413422605
2024.06.03,600049.SH,0.24130863937280994
2024.06.03,600007.SH,0.2846911415842033
2024.06.03,600043.SH,0.1969179707435379
2024.06.03,600000.SH,0.14175952803917907
2024.06.03,600018.SH,0.16542132564222098
2024.06.03,600045.SH,0.04002871401963583
2024.06.03,000028.SZ,0.21366017046237876
2024.06.03,000021.SZ,0.010826394133423697
2024.06.03,600044.SH,0.1014723422371271
2024.06.03,000036.SZ,0.006892750466410731
2024.06.03,000006.SZ,0.1843176581910525
2024.06.03,000034.SZ,0.15643152236589594
2024.06.03,000023.SZ,0.02025676705278687
2024.06.03,000018.SZ,0.19816963522721978
2024.06.03,000003.SZ,0.5389477273338942
2024.06.03,600002.SH,0.15035696719940117
2024.06.03,000044.SZ,0.10658991944127398
2024.06.03,600028.SH,0.045055923502494585
2024.06.03,000011.SZ,0.27832628088639083
2024.06.03,000007.SZ,0.1404142111547065
2024.06.03,600026.SH,0.06895198327438494
2024.06.03,000004.SZ,0.19895309725322347
2024.06.03,600010.SH,0.10515260328739602
2024.06.04,000048.SZ,0.007797697241651703
2024.06.04,600040.SH,0.17760754124346212
2024.06.04,600002.SH,0.21698292229186764
2024.06.04,000001.SZ,0.04683467003672783
2024.06.04,000026.SZ,0.047414331546201775
2024.06.04,600013.SH,0.05335263675896008
2024.06.04,000049.SZ,0.11740185187774108
2024.06.04,000012.SZ,0.1444149557324422
2024.06.04,000050.SZ,0.04200437625367704
2024.06.04,600025.SH,0.010053776018815944
2024.06.04,600015.SH,0.1938634194884962
2024.06.04,000024.SZ,0.13072850204480804
2024.06.04,600022.SH,0.16278741714526632
2024.06.04,000042.SZ,0.09461921597087183
2024.06.04,600026.SH,0.09238680917528527
2024.06.04,000033.SZ,0.05674306829854034
2024.06.04,000044.SZ,0.0759664199623825
2024.06.04,600047.SH,0.2143081418132927
2024.06.04,000015.SZ,0.07477149781248625
2024.06.04,000007.SZ,0.011491814098418386
2024.06.04,000032.SZ,0.018328199961348948
2024.06.04,600045.SH,0.049234993691971096
2024.06.04,600029.SH,0.11536544218909019
2024.06.04,000016.SZ,0.14929173220459574
2024.06.04,600041.SH,0.03434538223462808
2024.06.04,000010.SZ,0.08813580315964196
2024.06.04,000011.SZ,0.028790832806186953
2024.06.04,600004.SH,0.06829346165993797
2024.06.04,600000.SH,0.08039277223093619
2024.06.04,600024.SH,0.12226784879594452
2024.06.04,000036.SZ,0.17735190812304094
2024.06.04,000035.SZ,0.011086933392041844
2024.06.04,600033.SH,0.02467032232454995
2024.06.04,600046.SH,0.049242589818873424
2024.06.04,600049.SH,0.0945990954016431
2024.06.04,600043.SH,0.021803174459244633
2024.06.04,600008.SH,0.261490337099779
2024.06.04,000004.SZ,0.007492853791675708
2024.06.04,000025.SZ,0.04852682951510992
2024.06.04,600020.SH,0.014346914046155963
2024.06.04,600034.SH,0.07030988915454062
2024.06.04,000031.SZ,0.12829562060249983
2024.06.04,000038.SZ,0.053690716583655186
2024.06.04,600014.SH,0.04472442905598517
2024.06.04,600031.SH,0.10626979214303825
2024.06.04,600048.SH,0.044589143661308166
2024.06.04,600044.SH,0.040524690693635554
2024.06.04,000021.SZ,0.06437705962132248
2024.06.04,600036.SH,0.15346935491137592
2024.06.04,600006.SH,0.1309152727740559
2024.06.04,600032.SH,0.15078952032165724
2024.06.04,000039.SZ,0.1671582476057958
2024.06.04,000002.SZ,0.07191932380168636
2024.06.04,000013.SZ,0.32778365827808387
2024.06.04,000005.SZ,0.11795401532303164
2024.06.04,600039.SH,0.22313634260242782
2024.06.04,000034.SZ,0.014037303255028773
2024.06.04,600030.SH,0.0202019864435902
2024.06.04,600011.SH,0.25770901988692874
2024.06.04,600028.SH,0.007688535049442844
2024.06.04,600012.SH,0.5674065820947279
2024.06.04,600035.SH,0.0011605693611549325
2024.06.04,000029.SZ,0.03581127178270308
2024.06.04,600017.SH,0.053978656661288864
2024.06.04,000027.SZ,0.11822168968641149
2024.06.04,000037.SZ,0.1990363577136549
2024.06.04,000009.SZ,0.4225636823298679
2024.06.04,000041.SZ,0.005392978278306894
2024.06.04,600007.SH,0.021748948169512557
2024.06.04,600027.SH,0.14064664068230265
2024.06.04,600016.SH,0.009369773156290444
2024.06.04,000040.SZ,0.02614193905988403
2024.06.04,600009.SH,0.07226724079327482
2024.06.04,000017.SZ,0.05827425174021238
2024.06.04,000046.SZ,0.014533479373138616
2024.06.04,600042.SH,0.02870389924380751
2024.06.04,600019.SH,0.19577247559421124
2024.06.04,000020.SZ,0.27253346773455434
2024.06.04,000023.SZ,0.013769240299869652
2024.06.04,000003.SZ,0.04265692379279857
2024.06.04,000022.SZ,0.005779209283635433
2024.06.04,000006.SZ,0.09349723300341845
2024.06.04,600010.SH,0.09470942067159485
2024.06.04,000047.SZ,0.1180834880747475
2024.06.04,600001.SH,0.057986137289777806
2024.06.04,000019.SZ,0.18464785484081903
2024.06.04,000008.SZ,0.08913660223762895
2024.06.04,600023.SH,0.12902079507741254
2024.06.04,000014.SZ,0.07640633177346784
2024.06.04,000030.SZ,0.08879907016817809
2024.06.04,600005.SH,0.08793343305111789
2024.06.04,600018.SH,0.046259074459365855
2024.06.04,600037.SH,0.018946982796086868
2024.06.04,000028.SZ,0.8014160196677892
2024.06.04,000043.SZ,0.01531004922468079
2024.06.04,000018.SZ,0.2622445595765741
2024.06.04,600021.SH,0.14474665769186856
2024.06.05,000025.SZ,0.24768406637501655
2024.06.05,600024.SH,0.11623659871928406
2024.06.05,600028.SH,0.16673175387970132
2024.06.05,000020.SZ,0.13590714977551202
2024.06.05,000019.SZ,0.10473705999317971
2024.06.05,600005.SH,0.03615758800688753
2024.06.05,600042.SH,0.07850055539240046
2024.06.05,600045.SH,0.0893059428340954
2024.06.05,600033.SH,0.05799082074487763
2024.06.05,000031.SZ,0.06334559875245496
2024.06.05,600031.SH,0.10216475538598871
2024.06.05,600037.SH,0.1220244052338589
2024.06.05,600018.SH,0.01902677658889076
2024.06.05,600035.SH,0.024979759453921033
2024.06.05,600010.SH,0.05905989145186894
2024.06.05,600044.SH,0.19928858861934348
2024.06.05,600000.SH,0.073039906753011
2024.06.05,600029.SH,0.1154365719130355
2024.06.05,600038.SH,0.02769677455357677
2024.06.05,000015.SZ,0.03711239953390027
2024.06.05,600043.SH,0.3137154699115103
2024.06.05,000007.SZ,0.2527370582017165
2024.06.05,600022.SH,0.07244861412777559
2024.06.05,000006.SZ,0.0743455302645189
2024.06.05,000003.SZ,0.01872080309483763
2024.06.05,000030.SZ,0.011480961186364946
2024.06.05,600012.SH,0.3615605840572663
2024.06.05,600020.SH,0.0710536044693029
2024.06.05,000032.SZ,0.2013684090682649
2024.06.05,000033.SZ,0.006813959397222254
2024.06.05,000036.SZ,0.05754352194440232
2024.06.05,000010.SZ,0.15315547772625496
2024.06.05,600009.SH,0.14614857793230782
2024.06.05,600041.SH,0.0004319492966312586
2024.06.05,000037.SZ,0.3854417241507955
2024.06.05,600023.SH,0.2333815040882882
2024.06.05,000043.SZ,0.03864888183776517
2024.06.05,600025.SH,0.012192229804674434
2024.06.05,000002.SZ,0.016362041226435718
2024.06.05,000014.SZ,0.1344215001916623
2024.06.05,600040.SH,0.05062703900102121
2024.06.05,600008.SH,0.03300257432082143
2024.06.05,600047.SH,0.054124506919368404
2024.06.05,000013.SZ,0.05115085600063552
2024.06.05,600034.SH,0.30777893024053027
2024.06.05,000044.SZ,0.10895217148633336
2024.06.05,000038.SZ,0.06494234588517997
2024.06.05,000004.SZ,0.11733876633912722
2024.06.05,000042.SZ,0.18395866076954517
2024.06.05,000023.SZ,0.12635313496279113
2024.06.05,000022.SZ,0.016522345953269263
2024.06.05,000008.SZ,0.08330924929653309
2024.06.05,000050.SZ,0.11095376192137926
2024.06.05,600003.SH,0.03257556932847754
2024.06.05,600032.SH,0.10987374003836362
2024.06.05,600011.SH,0.2359426206499562
2024.06.05,600026.SH,0.0021056686896761645
2024.06.05,600014.SH,0.03573017077478629
2024.06.05,600030.SH,0.3094162641477785
2024.06.05,000048.SZ,0.04230642469364097
2024.06.05,000049.SZ,0.0761769169565673
2024.06.05,000046.SZ,0.02275169554226382
2024.06.05,000028.SZ,0.5032113185173634
2024.06.05,600049.SH,0.240414982613614
2024.06.05,600017.SH,0.027158088196090405
2024.06.05,600019.SH,0.08177912713195237
2024.06.05,600048.SH,0.01977128848469917
2024.06.05,000047.SZ,0.08604126494602404
2024.06.05,000045.SZ,0.03372031285314559
2024.06.05,000009.SZ,0.06344146120673251
2024.06.05,600004.SH,0.0069616423746821435
2024.06.05,000039.SZ,0.02822190447468214
2024.06.05,000005.SZ,0.06488664390744187
2024.06.05,000012.SZ,0.012991618932120376
2024.06.05,600046.SH,0.003555483923849549
2024.06.05,600013.SH,0.014044880078681751
2024.06.05,000035.SZ,0.004773616334415739
2024.06.05,000024.SZ,0.0026068106958408404
2024.06.05,000021.SZ,0.021883161569036
2024.06.05,000017.SZ,0.03569551635961196
2024.06.05,600039.SH,0.1022136383319333
2024.06.05,000001.SZ,0.173580878561575
2024.06.05,000011.SZ,0.13021382609629711
2024.06.05,000040.SZ,0.18268892730397715
2024.06.05,600001.SH,0.34711603371103145
2024.06.05,000026.SZ,0.006875565218075784
2024.06.05,000034.SZ,0.5473861285075826
2024.06.05,600007.SH,0.09868061806167942
2024.06.05,600036.SH,0.29558486152842767
2024.06.05,600021.SH,0.2121917442194988
2024.06.05,600015.SH,0.06796533702966795
2024.06.05,600016.SH,0.11290591623040472
2024.06.05,000041.SZ,0.059073194434244844
2024.06.05,000016.SZ,0.05139612095477929
2024.06.05,000027.SZ,0.07412058487044552
2024.06.05,000029.SZ,0.03835022685265174
2024.06.05,600006.SH,0.00969972382981615
2024.06.05,600002.SH,0.04716635465794228
2024.06.06,000022.SZ,0.21876745813469928
2024.06.06,600036.SH,0.008636870322740147
2024.06.06,600014.SH,0.007735722240017291
2024.06.06,000009.SZ,0.12281641691262989
2024.06.06,600017.SH,0.021401616836888158
2024.06.06,000035.SZ,0.19569250206181207
2024.06.06,000017.SZ,0.17148748434470584
2024.06.06,000018.SZ,0.1881888605540844
2024.06.06,600031.SH,0.02805420010145877
2024.06.06,600011.SH,0.20593590877763754
2024.06.06,600021.SH,0.024626579263702365
2024.06.06,000010.SZ,0.37628019390081674
2024.06.06,000049.SZ,0.220232698917159
2024.06.06,600000.SH,0.027552457316714796
2024.06.06,600006.SH,0.011635987700654347
2024.06.06,600020.SH,0.05462332448096619
2024.06.06,600002.SH,0.09825755350765847
2024.06.06,000038.SZ,0.08384326863816507
2024.06.06,600028.SH,0.06422946790013234
2024.06.06,600009.SH,0.26784971189981466
2024.06.06,600005.SH,0.05922542906012522
2024.06.06,600049.SH,0.0018524560732067804
2024.06.06,000008.SZ,0.09680138177815417
2024.06.06,000025.SZ,0.14641229438514491
2024.06.06,600004.SH,0.03781319734100709
2024.06.06,000012.SZ,0.5362459800644604
2024.06.06,600033.SH,0.3425115952799966
2024.06.06,000048.SZ,0.07949231640301735
2024.06.06,000041.SZ,0.29571936172915075
2024.06.06,600015.SH,0.1904021786382144
2024.06.06,000026.SZ,0.16803731774693437
2024.06.06,600019.SH,0.09751192066435171
2024.06.06,000050.SZ,0.04360980918614993
2024.06.06,600041.SH,0.16020200377502866
2024.06.06,600046.SH,0.026094063022590964
2024.06.06,000024.SZ,0.04331670712050989
2024.06.06,000036.SZ,0.21393774303916296
2024.06.06,000033.SZ,0.1385310393032333
2024.06.06,000028.SZ,0.17254796054970395
2024.06.06,000032.SZ,0.06411687617917688
2024.06.06,600016.SH,0.11411023166372639
2024.06.06,000016.SZ,0.13829124781536647
2024.06.06,000021.SZ,0.10639273490339615
2024.06.06,000020.SZ,0.42600387359383896
2024.06.06,600001.SH,0.03205165536530802
2024.06.06,600010.SH,0.06663435528013804
2024.06.06,000045.SZ,0.04362032015573585
2024.06.06,600040.SH,0.1107516583513818
2024.06.06,000004.SZ,0.1695071744277631
2024.06.06,600026.SH,0.1621886318556451
2024.06.06,600018.SH,0.13206683214008275
2024.06.06,600045.SH,0.0914928232902335
2024.06.06,000006.SZ,0.27041118725689167
2024.06.06,000039.SZ,0.05905781905541837
2024.06.06,000043.SZ,0.052843181695272544
2024.06.06,000011.SZ,0.3062303071390504
2024.06.06,000046.SZ,0.11777595771126065
2024.06.06,600030.SH,0.10040525534668222
2024.06.06,600034.SH,0.20838679473329724
2024.06.06,600023.SH,0.06522660431821106
2024.06.06,600039.SH,0.11863474135379244
2024.06.06,000047.SZ,0.08918592403618979
2024.06.06,600008.SH,0.0012650520055663603
2024.06.06,000003.SZ,0.06887756827977858
2024.06.06,000013.SZ,0.008556642980664894
2024.06.06,000030.SZ,0.02382765910290368
2024.06.06,000037.SZ,0.14970258380716314
2024.06.06,600027.SH,0.04764315037555443
2024.06.06,000042.SZ,0.05905629010880775
2024.06.06,000005.SZ,0.008528931039120943
2024.06.06,600032.SH,0.2183479502428912
2024.06.06,600025.SH,0.10676866930792575
2024.06.06,600012.SH,0.056329706609329275
2024.06.06,000015.SZ,0.023049885185580588
2024.06.06,000001.SZ,0.06582762355624218
2024.06.06,000027.SZ,0.04219525331709556
2024.06.06,600042.SH,0.15744454953945253
2024.06.06,000019.SZ,0.28665786830017903
2024.06.06,000029.SZ,0.009365099698203273
2024.06.06,600048.SH,0.082738174691797
2024.06.06,000014.SZ,0.2176255822475287
2024.06.06,600007.SH,0.03430116264491328
2024.06.06,600013.SH,0.12251164183814407
2024.06.06,000034.SZ,0.020018726586188168
2024.06.06,600043.SH,0.03396715594929516
2024.06.06,000023.SZ,0.1685659136757639
2024.06.06,000044.SZ,0.1683874307058133
2024.06.06,600044.SH,0.041356917592304955
2024.06.06,600038.SH,0.012810706901100423
2024.06.06,600003.SH,0.14278727111947684
2024.06.06,000040.SZ,0.01637778727519435
2024.06.06,000002.SZ,0.12031517268490134
2024.06.06,000031.SZ,0.12396451642578217
2024.06.06,000007.SZ,0.19437926626621244
2024.06.06,600022.SH,0.13418607046906264
2024.06.06,600035.SH,0.17458573238691977
2024.06.07,600029.SH,0.14954294616983319
2024.06.07,600035.SH,0.10468822920622736
2024.06.07,600034.SH,0.17471951664107627
2024.06.07,000004.SZ,0.029427428897131028
2024.06.07,600016.SH,0.0442467019610725
2024.06.07,600014.SH,0.016024121904367354
2024.06.07,000041.SZ,0.13731541554060833
2024.06.07,600008.SH,0.16710877175673908
2024.06.07,000013.SZ,0.08423219393664207
2024.06.07,000029.SZ,0.036920401646013526
2024.06.07,000035.SZ,0.01922965129422421
2024.06.07,600031.SH,0.3213526595097612
2024.06.07,000002.SZ,0.12101445383486015
2024.06.07,000048.SZ,0.0026971526826991095
2024.06.07,000049.SZ,0.5843402408025193
2024.06.07,600017.SH,0.20249998487270957
2024.06.07,600047.SH,0.13307565722037218
2024.06.07,000025.SZ,0.2925648716043703
2024.06.07,000046.SZ,0.02486027367557334
2024.06.07,600013.SH,0.14900403239507287
2024.06.07,000012.SZ,0.03655397884315461
2024.06.07,600010.SH,0.03967130648862159
2024.06.07,600011.SH,0.19897239194978192
2024.06.07,000031.SZ,0.09935297562529594
2024.06.07,600002.SH,0.10397442838981506
2024.06.07,600026.SH,0.06792328573442208
2024.06.07,600044.SH,0.15677066591471367
2024.06.07,600037.SH,0.07659326194366876
2024.06.07,600045.SH,0.3752587201091393
2024.06.07,600015.SH,0.031346661491696085
2024.06.07,600049.SH,0.09933759761600301
2024.06.07,000043.SZ,0.0024690453193731946
2024.06.07,000027.SZ,0.16556593474608983
2024.06.07,600028.SH,0.3209479675152892
2024.06.07,000009.SZ,0.022769672428837453
2024.06.07,600032.SH,0.023970436774391604
2024.06.07,000023.SZ,0.22868757397490705
2024.06.07,600042.SH,0.06847067077164905
2024.06.07,000032.SZ,0.10855249125450643
2024.06.07,000001.SZ,0.006918110523476377
2024.06.07,600025.SH,0.0672806853438217
2024.06.07,600041.SH,0.171348866575215
2024.06.07,000050.SZ,0.3171878851662324
2024.06.07,000040.SZ,0.13100594774813815
2024.06.07,000039.SZ,0.12548557942480765
2024.06.07,600040.SH,0.13848205695609966
2024.06.07,600024.SH,0.0573887790104171
2024.06.07,600009.SH,0.08898144876822811
2024.06.07,000005.SZ,0.011138683929527916
2024.06.07,000011.SZ,0.15202013610486562
2024.06.07,600039.SH,0.3153095630443812
2024.06.07,000006.SZ,0.03507947601199958
2024.06.07,000047.SZ,0.2724411626670785
2024.06.07,000016.SZ,0.05647039966168856
2024.06.07,000028.SZ,0.1104144541765859
2024.06.07,600007.SH,0.003161016705132619
2024.06.07,600018.SH,0.13828753344409225
2024.06.07,600048.SH,0.13560233421169296
2024.06.07,600038.SH,0.05151169219979771
2024.06.07,000010.SZ,0.3051432874099451
2024.06.07,600003.SH,0.16115926997473357
2024.06.07,000019.SZ,0.09895451764697343
2024.06.07,000008.SZ,0.019622203242328308
2024.06.07,000038.SZ,0.03567462600566687
2024.06.07,600022.SH,0.02283655961486091
2024.06.07,000015.SZ,0.2104513631237367
2024.06.07,000044.SZ,0.20988260904986228
2024.06.07,000007.SZ,0.057107166773498926
2024.06.07,000022.SZ,0.49873695683112135
2024.06.07,600023.SH,0.0954137991622002
2024.06.07,000020.SZ,0.11324452807058509
2024.06.07,600006.SH,0.15091874136318587
2024.06.07,000018.SZ,0.12386981849959408
2024.06.07,000042.SZ,0.19048671461145
2024.06.07,000033.SZ,0.0059880754235315265
2024.06.07,600030.SH,0.15405140757625893
2024.06.07,600001.SH,0.054926517063624274
2024.06.07,000024.SZ,0.22195312571414333
2024.06.07,000014.SZ,0.12166102726620828
2024.06.07,600004.SH,0.21545876877867634
2024.06.07,600000.SH,0.23208285416500105
2024.06.07,600046.SH,0.12799931037780987
2024.06.07,600036.SH,0.2526056171542763
2024.06.07,600033.SH,0.12538367333748623
2024.06.07,000021.SZ,0.08882549989933385
2024.06.07,000036.SZ,0.13415883583199475
2024.06.07,600043.SH,0.1699379872968475
2024.06.07,600012.SH,0.15307280152400296
2024.06.07,000003.SZ,0.019761527031538637
2024.06.07,600005.SH,0.08894541077671893
2024.06.07,000037.SZ,0.2470905797192734
2024.06.07,600027.SH,0.1932270600940846
2024.06.07,000045.SZ,0.31698516545596295
2024.06.07,600019.SH,0.052626227012810924
2024.06.07,000030.SZ,0.020650558783731735
2024.06.07,600021.SH,0.18383012279690597
2024.06.10,600004.SH,0.248463129079684
2024.06.10,000021.SZ,0.01727480195146696
2024.06.10,000009.SZ,0.05275035472504524
2024.06.10,000002.SZ,0.15660634991714348
2024.06.10,600000.SH,0.045135952422193336
2024.06.10,600039.SH,0.0016293282590800584
2024.06.10,600006.SH,0.0014968589217711713
2024.06.10,600014.SH,0.16970884849162202
2024.06.10,600047.SH,0.08473705420907951
2024.06.10,600034.SH,0.1920032837515498
2024.06.10,000029.SZ,0.008462818759640498
2024.06.10,600009.SH,0.47488910954203023
2024.06.10,600025.SH,0.5783369018423434
2024.06.10,600007.SH,0.05773411090227637
2024.06.10,000018.SZ,0.03334026252307294
2024.06.10,600028.SH,0.05346750774392704
2024.06.10,600020.SH,0.06384495443760801
2024.06.10,600008.SH,0.38574387117335784
2024.06.10,000016.SZ,0.05452067762398285
2024.06.10,000019.SZ,0.016370643922389457
2024.06.10,600031.SH,0.08629196939910933
2024.06.10,000008.SZ,0.1615506132167648
2024.06.10,000025.SZ,0.18039909468047602
2024.06.10,000012.SZ,0.2710086207235685
2024.06.10,000006.SZ,0.14707133261631097
2024.06.10,000030.SZ,0.0637550929946883
2024.06.10,000049.SZ,0.2953427216736705
2024.06.10,600019.SH,0.18118253466922182
2024.06.10,000034.SZ,0.050771673412253394
2024.06.10,600043.SH,0.14820590001796713
2024.06.10,000015.SZ,0.07122458800838039
2024.06.10,600036.SH,0.08559428771585806
2024.06.10,000011.SZ,0.0075075229112950455
2024.06.10,000044.SZ,0.0024604931020019696
2024.06.10,600046.SH,0.05246134078825001
2024.06.10,000028.SZ,0.11863344719076926
2024.06.10,600040.SH,0.28513797858570106
2024.06.10,000003.SZ,0.015418272353026072
2024.06.10,000033.SZ,0.07561779645157862
2024.06.10,000026.SZ,0.002567470768537621
2024.06.10,600018.SH,0.03796982865840807
2024.06.10,000024.SZ,0.07081901822774617
2024.06.10,000023.SZ,0.3993784403111085
2024.06.10,000007.SZ,0.005356969850867011
2024.06.10,000014.SZ,0.03026630951227821
2024.06.10,000047.SZ,0.06660975918657566
2024.06.10,600049.SH,0.24891472749789237
2024.06.10,600015.SH,0.012427947260976468
2024.06.10,600022.SH,0.011257817238887248
2024.06.10,000050.SZ,0.04154727177236612
2024.06.10,000042.SZ,0.05601743890805478
2024.06.10,000043.SZ,0.18194290664456753
2024.06.10,600023.SH,0.08604269345214523
2024.06.10,600042.SH,0.03518851818477638
2024.06.10,000010.SZ,0.040491243168104624
2024.06.10,000038.SZ,0.0904370412739813
2024.06.10,600037.SH,0.10606232192695153
2024.06.10,000045.SZ,0.22635904555410752
2024.06.10,600032.SH,0.056203556787580655
2024.06.10,600045.SH,0.06658544919862713
2024.06.10,000040.SZ,0.09217112345116596
2024.06.10,000039.SZ,0.10615641312928803
2024.06.10,600010.SH,0.15418783834010263
2024.06.10,600012.SH,0.046506644888726745
2024.06.10,600027.SH,0.11624604082130371
2024.06.10,000004.SZ,0.09748055891503934
2024.06.10,600033.SH,0.04163437182489955
2024.06.10,000017.SZ,0.5119606258047386
2024.06.10,600016.SH,0.09135461297495068
2024.06.10,600011.SH,0.0004545378283990858
2024.06.10,000031.SZ,0.02059862426932061
2024.06.10,600017.SH,0.33482838432244605
2024.06.10,600026.SH,0.1451851830118123
2024.06.10,000041.SZ,0.015162507740787529
2024.06.10,600002.SH,0.22514595254997136
2024.06.10,600021.SH,0.15558242580570053
2024.06.10,600001.SH,0.09703116297646801
2024.06.10,000013.SZ,0.02264389463998442
2024.06.10,000001.SZ,0.5513490565675773
2024.06.10,000046.SZ,0.15815137439508523
2024.06.10,600003.SH,0.13602678614818606
2024.06.10,000022.SZ,0.005647041499723733
2024.06.10,000037.SZ,0.05418303537085844
2024.06.10,600044.SH,0.03361346074678168
2024.06.10,000032.SZ,0.08135951454789449
2024.06.10,000027.SZ,0.020853849520766864
2024.06.10,600038.SH,0.12242572312731861
2024.06.10,600041.SH,0.17226401131779995
2024.06.10,600024.SH,0.07723312330109022
2024.06.10,000035.SZ,0.2789351736366185
2024.06.10,600035.SH,0.2916026218729638
2024.06.10,600005.SH,0.0615993405319435
2024.06.10,000005.SZ,0.051096531978035514
2024.06.10,600048.SH,0.03429984821000423
2024.06.10,600029.SH,0.016089880433638293
2024.06.10,600013.SH,0.20549444545776863
2024.06.11,600019.SH,0.03270042583252221
2024.06.11,000039.SZ,0.21639519567454907
2024.06.11,600021.SH,0.25086873467313126
2024.06.11,000017.SZ,0.05516602147039745
2024.06.11,000042.SZ,0.10032032316886144
2024.06.11,600017.SH,0.17433424177418713
2024.06.11,600040.SH,0.27731852146151437
2024.06.11,600049.SH,0.1159676834156931
2024.06.11,600023.SH,0.043346281978021636
2024.06.11,600007.SH,0.13253217578601117
2024.06.11,600003.SH,0.1533122909346545
2024.06.11,600013.SH,0.11303802512401685
2024.06.11,000004.SZ,0.2352892571685217
2024.06.11,000019.SZ,0.1535001156684272
2024.06.11,000033.SZ,0.0739643026977138
2024.06.11,600014.SH,0.01410636792320807
2024.06.11,000029.SZ,0.12099490621773318
2024.06.11,600028.SH,0.10293217268832419
2024.06.11,600000.SH,0.17396126397961836
2024.06.11,000002.SZ,0.0368609499457371
2024.06.11,600039.SH,0.3085719801412298
2024.06.11,000030.SZ,0.028951653920419977
2024.06.11,600048.SH,0.3820426874366131
2024.06.11,000036.SZ,0.12132864190901119
2024.06.11,000016.SZ,0.2269353985367269
2024.06.11,600011.SH,0.10776300532686514
2024.06.11,000048.SZ,0.031070299657694984
2024.06.11,600043.SH,0.1628593413304688
2024.06.11,000032.SZ,0.011507862328074561
2024.06.11,600015.SH,0.045134493077138536
2024.06.11,600026.SH,0.2645612318546933
2024.06.11,000038.SZ,0.10226939025797697
2024.06.11,000008.SZ,0.0473455240770271
2024.06.11,600033.SH,0.1302232007324374
2024.06.11,600024.SH,0.057730540245448055
2024.06.11,600046.SH,0.19095169645485552
2024.06.11,000044.SZ,0.0862240176173377
2024.06.11,600032.SH,0.013658994532993823
2024.06.11,000050.SZ,0.0627878126017205
2024.06.11,000037.SZ,0.04312113602687873
2024.06.11,600047.SH,0.08966988640503033
2024.06.11,000007.SZ,0.07389938339463549
2024.06.11,600036.SH,0.10638164796388062
2024.06.11,000025.SZ,0.287199511678717
2024.06.11,000043.SZ,0.038387615610619444
2024.06.11,000026.SZ,0.012345502745797576
2024.06.11,600037.SH,0.1613486094160472
2024.06.11,600004.SH,0.05112576139003762
2024.06.11,000027.SZ,0.12223452771817682
2024.06.11,000010.SZ,0.1052304246221471
2024.06.11,000006.SZ,0.01032423827800576
2024.06.11,000041.SZ,0.11437990289719388
2024.06.11,000018.SZ,0.3327808122271475
2024.06.11,600020.SH,0.035541175356835195
2024.06.11,600005.SH,0.04459579567831616
2024.06.11,000015.SZ,0.0739514806165893
2024.06.11,600038.SH,0.06278222618059194
2024.06.11,600041.SH,0.028784930195917026
2024.06.11,600010.SH,0.032711743692490365
2024.06.11,600009.SH,0.1567864339127443
2024.06.11,600025.SH,0.08243276457275665
2024.06.11,000031.SZ,0.030538562458558533
2024.06.11,600035.SH,0.09519475480516505
2024.06.11,000001.SZ,0.19366873638501653
2024.06.11,600030.SH,0.28197576707887695
2024.06.11,000047.SZ,0.008972465071004269
2024.06.11,000040.SZ,0.023873391087909077
2024.06.11,600018.SH,0.11852091125287159
2024.06.11,000046.SZ,0.2241658038687114
2024.06.11,600012.SH,0.2343333602849562
2024.06.11,600031.SH,0.09140703352447911
2024.06.11,600002.SH,0.039302076411146115
2024.06.11,000024.SZ,0.30456897261887356
2024.06.11,000009.SZ,0.4259653450417845
2024.06.11,000022.SZ,0.2086918694408845
2024.06.11,000011.SZ,0.02616658445996321
2024.06.11,000034.SZ,0.08976343689740084
2024.06.11,600045.SH,0.19035850705656784
2024.06.11,600001.SH,0.05132168447048008
2024.06.11,000035.SZ,0.16373496696677153
2024.06.11,600034.SH,0.11637396633167636
2024.06.11,000049.SZ,0.112346537864869
2024.06.11,600022.SH,0.0982354373571432
2024.06.11,600027.SH,0.20446522949282406
2024.06.11,600008.SH,0.07315066061176617
2024.06.11,600044.SH,0.06742187788307841
2024.06.11,000021.SZ,0.11759570480835853
2024.06.11,000003.SZ,0.6189185967497454
2024.06.11,000020.SZ,0.15399000148352074
2024.06.11,600042.SH,0.012834555792926918
2024.06.11,000005.SZ,0.07085797407348662
2024.06.11,600029.SH,0.07393949885061499
2024.06.11,000012.SZ,0.095922123640901
2024.06.11,000028.SZ,0.21677761409723229
2024.06.11,600006.SH,0.09465267082676956
2024.06.11,000045.SZ,0.3938072961447052
2024.06.11,000023.SZ,0.012493254156933423
2024.06.11,600016.SH,0.00802834331198469
2024.06.12,600012.SH,0.20814170198696338
2024.06.12,000003.SZ,0.029182690766306016
2024.06.12,600031.SH,0.780387613355367
2024.06.12,000019.SZ,0.10062690095208604
2024.06.12,600037.SH,0.005723746071177341
2024.06.12,000005.SZ,0.05801412678180672
2024.06.12,000030.SZ,0.13351257357873259
2024.06.12,000001.SZ,0.15523395655047081
2024.06.12,600044.SH,0.07918596837127442
2024.06.12,600014.SH,0.0011380612863736823
2024.06.12,600042.SH,0.00399705512303399
2024.06.12,000024.SZ,0.004758648826496556
2024.06.12,600043.SH,0.14351827770105396
2024.06.12,000026.SZ,0.05404112765261074
2024.06.12,600009.SH,0.07267527242692325
2024.06.12,000028.SZ,0.027655350831698598
2024.06.12,000018.SZ,0.27532255179742926
2024.06.12,600027.SH,0.07518356179823929
2024.06.12,000049.SZ,0.046821437158992195
2024.06.12,600001.SH,0.09819565617520427
2024.06.12,000036.SZ,0.04761496291133629
2024.06.12,600033.SH,0.019392705992851398
2024.06.12,000050.SZ,0.043447115218641294
2024.06.12,600024.SH,0.06536745961132057
2024.06.12,000046.SZ,0.03385425909827044
2024.06.12,000047.SZ,0.027071451981711316
2024.06.12,000013.SZ,0.11033472500134625
2024.06.12,600038.SH,0.03796112211173901
2024.06.12,000022.SZ,0.06611990770648805
2024.06.12,000039.SZ,0.0028608198999042966
2024.06.12,600040.SH,0.24138164829922598
2024.06.12,000037.SZ,0.11511882257169055
2024.06.12,600029.SH,0.0036307154194483242
2024.06.12,000012.SZ,0.03693843186423525
2024.06.12,600041.SH,0.06298869357101555
2024.06.12,600007.SH,0.08467128794154231
2024.06.12,000044.SZ,0.029695254555683056
2024.06.12,000007.SZ,0.007422131192505191
2024.06.12,600035.SH,0.018985783910740954
2024.06.12,600028.SH,0.2801594979068016
2024.06.12,600004.SH,0.04287111751595738
2024.06.12,000045.SZ,0.630982386445531
2024.06.12,000041.SZ,0.12017207897322292
2024.06.12,000002.SZ,0.04157773961685542
2024.06.12,600005.SH,0.19375110586926353
2024.06.12,000032.SZ,0.2142528982726598
2024.06.12,600036.SH,0.0015888096380561254
2024.06.12,600017.SH,0.09872323229628452
2024.06.12,000031.SZ,0.03498430538121489
2024.06.12,600018.SH,0.08526424246518419
2024.06.12,000010.SZ,0.2886201833855158
2024.06.12,600049.SH,0.013997256533126702
2024.06.12,600030.SH,0.034168874157451935
2024.06.12,000040.SZ,0.11976818161335444
2024.06.12,000035.SZ,0.00976651690420041
2024.06.12,000029.SZ,0.05119478555077778
2024.06.12,000008.SZ,0.025560062638822732
2024.06.12,600013.SH,0.24816439831749784
2024.06.12,000033.SZ,0.11878849606581694
2024.06.12,600047.SH,0.09434748899483802
2024.06.12,000043.SZ,0.08939110693456258
2024.06.12,600045.SH,0.081915406095032
2024.06.12,000020.SZ,0.08164865817890227
2024.06.12,600000.SH,0.0016563878395866771
2024.06.12,000014.SZ,0.014643399037034517
2024.06.12,600032.SH,0.07626240296085805
2024.06.12,600002.SH,0.22771778259832037
2024.06.12,600008.SH,0.072051642067876
2024.06.12,600046.SH,0.12668831682025153
2024.06.12,600020.SH,0.2099545945363254
2024.06.12,600016.SH,2.489269168998263e-05
2024.06.12,600021.SH,0.2453881206605721
2024.06.12,600022.SH,0.35159680814143246
2024.06.12,600003.SH,0.05715748281593356
2024.06.12,600039.SH,0.8819746354689632
2024.06.12,000042.SZ,0.0046112875824669474
2024.06.12,000025.SZ,0.028698240061507632
2024.06.12,600006.SH,0.0180921231809815
2024.06.12,000021.SZ,0.11740829513561461
2024.06.12,000006.SZ,0.21952019068774006
2024.06.12,000016.SZ,0.24853443649791307
2024.06.12,600025.SH,0.06404151757652345
2024.06.12,000009.SZ,0.19304877317384617
2024.06.12,000038.SZ,0.11935699057444209
2024.06.12,600015.SH,0.05502134281745156
2024.06.12,600023.SH,0.2597514261988593
2024.06.12,000017.SZ,0.1907864823485263
2024.06.12,000011.SZ,0.10018186119045036
2024.06.12,000048.SZ,0.3413709508807412
2024.06.12,000027.SZ,0.01227973078030995
2024.06.12,600034.SH,0.17992200500717845
2024.06.12,000004.SZ,0.08079329487611608
2024.06.12,600026.SH,0.05778106074552531
2024.06.12,600011.SH,0.31426142364819376
2024.06.12,600010.SH,0.06940410827922153
2024.06.12,000023.SZ,0.013006846217323587
2024.06.12,600019.SH,0.07919288454343357
2024.06.12,600048.SH,0.16148122146298033
2024.06.13,000007.SZ,0.05459915575875032
2024.06.13,600016.SH,0.3465769969682523
2024.06.13,600026.SH,0.1977947582519673
2024.06.13,600018.SH,0.026180877074571833
2024.06.13,000012.SZ,0.1689603138386512
2024.06.13,000003.SZ,0.11607854857641241
2024.06.13,600009.SH,0.012489283629613388
2024.06.13,000049.SZ,0.06253379693831101
2024.06.13,600023.SH,0.3411127824340865
2024.06.13,000015.SZ,0.11017387845992029
2024.06.13,600044.SH,0.18203124428759895
2024.06.13,600010.SH,0.01708273540545932
2024.06.13,600014.SH,0.14878386549330924
2024.06.13,000050.SZ,0.35191198850864774
2024.06.13,600043.SH,0.26049508311019515
2024.06.13,000006.SZ,0.010600300696615257
2024.06.13,000001.SZ,0.2023314314531342
2024.06.13,000020.SZ,0.14210988415723225
2024.06.13,600027.SH,0.07303300448321158
2024.06.13,000035.SZ,0.4283565632588197
2024.06.13,000024.SZ,0.09074108862636221
2024.06.13,600015.SH,0.002603476023609876
2024.06.13,600021.SH,0.13275085937517295
2024.06.13,000039.SZ,0.15091284174258954
2024.06.13,000009.SZ,0.1475155650205316
2024.06.13,000042.SZ,0.08629393544793063
2024.06.13,600048.SH,0.4053381877523181
2024.06.13,600036.SH,0.34451999069625266
2024.06.13,600034.SH,0.03832325751539179
2024.06.13,000011.SZ,0.09090495518267479
2024.06.13,600012.SH,0.15833652349501176
2024.06.13,000025.SZ,0.11856975823181068
2024.06.13,600037.SH,0.13053550925141036
2024.06.13,000043.SZ,0.18031620365473625
2024.06.13,000014.SZ,0.13309807952110658
2024.06.13,600002.SH,0.03261428580649647
2024.06.13,600013.SH,0.04594324021018936
2024.06.13,600003.SH,0.09208397277875445
2024.06.13,000037.SZ,0.5503760997831175
2024.06.13,000034.SZ,0.18408798671458557
2024.06.13,000047.SZ,0.062150493428115926
2024.06.13,600046.SH,0.16960195430421604
2024.06.13,000013.SZ,0.32017618953405264
2024.06.13,000028.SZ,0.046521915670175155
2024.06.13,600047.SH,0.29758296668360074
2024.06.13,000023.SZ,0.08121625274476918
2024.06.13,600017.SH,0.006635691295972512
2024.06.13,000030.SZ,0.09669917833254538
2024.06.13,600001.SH,0.1451887489818797
2024.06.13,600007.SH,0.003314254281716892
2024.06.13,000038.SZ,0.277364398318675
2024.06.13,600049.SH,0.15864670925985946
2024.06.13,600004.SH,0.10738487350894306
2024.06.13,000016.SZ,0.05549452668222706
2024.06.13,000018.SZ,0.1615304516944762
2024.06.13,600032.SH,0.0786349215090134
2024.06.13,000031.SZ,0.16165561333231504
2024.06.13,000010.SZ,0.02935569670473799
2024.06.13,600030.SH,0.2956966345228946
2024.06.13,600006.SH,0.16208753813144897
2024.06.13,000026.SZ,0.03487457321883979
2024.06.13,600025.SH,0.060069863357860985
2024.06.13,600000.SH,0.08479697123261513
2024.06.13,000027.SZ,0.14591553292157866
2024.06.13,600038.SH,0.1300921271896356
2024.06.13,000046.SZ,0.049640856433929105
2024.06.13,600045.SH,0.013692982527914692
2024.06.13,000017.SZ,0.02395525742861787
2024.06.13,000033.SZ,0.21227479042069297
2024.06.13,600008.SH,0.08375431472772268
2024.06.13,000021.SZ,0.016746919115255044
2024.06.13,000004.SZ,0.19733126314577584
2024.06.13,600020.SH,0.0239153463671163
2024.06.13,600019.SH,0.24897018608716714
2024.06.13,000019.SZ,0.08146203497008683
2024.06.13,000008.SZ,0.27204836430362217
2024.06.13,600005.SH,0.14398261682411012
2024.06.13,000048.SZ,0.25706204249622855
2024.06.13,600041.SH,0.29744110887607156
2024.06.13,000005.SZ,0.07335904235646229
2024.06.13,600039.SH,0.03251417539808915
2024.06.13,000044.SZ,0.2524765871273483
2024.06.13,000045.SZ,0.05918135894555184
2024.06.13,000036.SZ,0.050323591801851364
2024.06.13,600022.SH,0.05307746114312677
2024.06.13,600028.SH,0.050697483089334604
2024.06.13,600033.SH,0.009196919093403012
2024.06.13,000040.SZ,0.11333189892299028
2024.06.13,600042.SH,0.07672066975127859
2024.06.13,000022.SZ,0.06752394567964423
2024.06.13,000032.SZ,0.2988014484234499
2024.06.13,000029.SZ,0.40612693405185146
2024.06.13,600024.SH,0.315701097857069
2024.06.13,600029.SH,0.08230163191475635
2024.06.13,600011.SH,0.009580024182965018
2024.06.13,000002.SZ,0.11529424516114385
2024.06.13,600035.SH,0.13425693802487235
2024.06.13,000041.SZ,0.016061893618536317
2024.06.14,600026.SH,0.0770683292388585
2024.06.14,000007.SZ,0.012489103584011372
2024.06.14,600019.SH,0.07902305524051237
2024.06.14,000033.SZ,0.051431589876975825
2024.06.14,000043.SZ,0.09880226096556631
2024.06.14,600034.SH,0.41589064728518377
2024.06.14,000016.SZ,0.22705041018400857
2024.06.14,600007.SH,0.07964129160403953
2024.06.14,000034.SZ,0.07769943912044687
2024.06.14,000025.SZ,0.07279054975778176
2024.06.14,000006.SZ,0.02688522674451214
2024.06.14,600017.SH,0.005999979920085838
2024.06.14,600028.SH,0.15271778022413604
2024.06.14,000036.SZ,0.07016780255062179
2024.06.14,600045.SH,0.05027391162754585
2024.06.14,600049.SH,0.029813207315868156
2024.06.14,600016.SH,0.008126739394046414
2024.06.14,600038.SH,0.2502890644761281
2024.06.14,000013.SZ,0.009656581740173647
2024.06.14,000035.SZ,0.4986330415938541
2024.06.14,600040.SH,0.14074541682243405
2024.06.14,600029.SH,0.47366135579855384
2024.06.14,600039.SH,0.004053384345574444
2024.06.14,000041.SZ,0.06106769000984861
2024.06.14,600048.SH,0.14980613313411462
2024.06.14,600036.SH,0.2820444880049934
2024.06.14,600004.SH,0.1310912735637517
2024.06.14,000024.SZ,0.04654941300846382
2024.06.14,600018.SH,0.1209711907108223
2024.06.14,600043.SH,0.004732512398961982
2024.06.14,000018.SZ,0.031131952012114928
2024.06.14,600030.SH,0.11439772854208421
2024.06.14,600002.SH,0.13838027038983333
2024.06.14,600020.SH,0.10933690629264937
2024.06.14,000046.SZ,0.027119256410004282
2024.06.14,000049.SZ,0.23869615963422092
2024.06.14,600046.SH,0.1711996529332473
2024.06.14,600003.SH,0.07256941754413629
2024.06.14,000029.SZ,0.2738112507739177
2024.06.14,000048.SZ,0.08655107746186323
2024.06.14,600033.SH,0.1651010078110181
2024.06.14,000038.SZ,0.06472480686720548
2024.06.14,600012.SH,0.0883636099770031
2024.06.14,600035.SH,0.12271606106942004
2024.06.14,000014.SZ,0.031336448081688534
2024.06.14,600024.SH,0.019455385255970282
2024.06.14,600031.SH,0.1342914432531093
2024.06.14,000032.SZ,0.13169307716922796
2024.06.14,000028.SZ,0.44848881969360854
2024.06.14,600001.SH,0.13330313932403912
2024.06.14,000017.SZ,0.16845320094677105
2024.06.14,600027.SH,0.48771002556769605
2024.06.14,600010.SH,0.14060793708933145
2024.06.14,000044.SZ,0.017517354252472896
2024.06.14,000011.SZ,0.010335638106713946
2024.06.14,600041.SH,0.2677975745735862
2024.06.14,000005.SZ,0.07030486047718286
2024.06.14,000002.SZ,0.16946823798047886
2024.06.14,600015.SH,0.17101229706908158
2024.06.14,000027.SZ,0.3425790116914477
2024.06.14,000026.SZ,0.128920378091173
2024.06.14,000015.SZ,0.31476516411608635
2024.06.14,600032.SH,0.08955795632114635
2024.06.14,000004.SZ,0.009349671250171459
2024.06.14,600009.SH,0.004170606581103926
2024.06.14,000001.SZ,0.11096046326555918
2024.06.14,600000.SH,0.42059906662491436
2024.06.14,600022.SH,0.1419715149075426
2024.06.14,000037.SZ,0.18095636383870878
2024.06.14,000030.SZ,0.005114395563173002
2024.06.14,000039.SZ,0.1590231813482936
2024.06.14,600047.SH,0.08713437977907591
2024.06.14,000008.SZ,0.0663552396953414
2024.06.14,000050.SZ,0.18445244023227655
2024.06.14,000009.SZ,0.11167794118569463
2024.06.14,000019.SZ,0.01075532343094104
2024.06.14,000023.SZ,0.028026623400560523
2024.06.14,600013.SH,0.03768972570906103
2024.06.14,600008.SH,0.1509710045307203
2024.06.14,000040.SZ,0.1308118380155547
2024.06.14,600023.SH,0.09964531162538655
2024.06.14,600014.SH,0.15702238543271563
2024.06.14,000045.SZ,0.0036480669803089713
2024.06.14,000012.SZ,0.03462006858607012
2024.06.14,000031.SZ,0.03999156366626971
2024.06.14,000042.SZ,0.019015256986923648
2024.06.14,600044.SH,0.010958114416755697
2024.06.14,000003.SZ,0.03214897864111062
2024.06.14,600021.SH,0.0063440592293697775
2024.06.14,600037.SH,0.09782657965373362
2024.06.14,600042.SH,0.0015025134934216647
2024.06.14,600005.SH,0.017580213853190287
2024.06.14,000020.SZ,0.13335345757559947
2024.06.14,600006.SH,0.12431601710668103
2024.06.14,600011.SH,0.07421467631874604
2024.06.14,000021.SZ,0.08241034406440002
2024.06.17,600009.SH,0.23609726133097894
2024.06.17,000023.SZ,0.0010368111374308093
2024.06.17,000033.SZ,0.051862785270794354
2024.06.17,000028.SZ,0.07175609445562935
2024.06.17,600019.SH,0.001118296433763939
2024.06.17,600025.SH,0.14301169440046338
2024.06.17,600039.SH,0.26926199367322645
2024.06.17,600042.SH,0.02655244977568934
2024.06.17,600035.SH,0.031151554167757202
2024.06.17,600043.SH,0.04458214019676077
2024.06.17,600027.SH,0.055312733763941135
2024.06.17,600047.SH,0.22505154933643215
2024.06.17,000021.SZ,0.18832315445731546
2024.06.17,000012.SZ,0.2465441561026869
2024.06.17,000004.SZ,0.12902606060577348
2024.06.17,000038.SZ,0.003985072622430204
2024.06.17,600016.SH,0.04744547629100257
2024.06.17,600006.SH,0.09415713437884458
2024.06.17,600026.SH,0.2159760288334518
2024.06.17,000034.SZ,0.18161694232092737
2024.06.17,000036.SZ,0.03290972986106727
2024.06.17,000040.SZ,0.042149909946502855
2024.06.17,000020.SZ,0.18879338181950162
2024.06.17,000044.SZ,0.17653501728627294
2024.06.17,000048.SZ,0.03214216178154502
2024.06.17,600004.SH,0.038464024633239044
2024.06.17,600045.SH,0.07476814927395893
2024.06.17,600014.SH,0.09348481501247069
2024.06.17,600044.SH,0.16145122903504983
2024.06.17,600038.SH,0.3603452793876628
2024.06.17,000015.SZ,0.11029536526340093
2024.06.17,000047.SZ,0.01338789026957951
2024.06.17,600040.SH,0.48948580856915863
2024.06.17,000022.SZ,0.0547812329745276
2024.06.17,000029.SZ,0.08600556523145099
2024.06.17,000042.SZ,0.1268734472048661
2024.06.17,600011.SH,0.018393626443278095
2024.06.17,600048.SH,0.10676722646358205
2024.06.17,600022.SH,0.18515331786282133
2024.06.17,600021.SH,0.008372988483184612
2024.06.17,000024.SZ,0.1107219066407019
2024.06.17,600001.SH,0.09993562752557103
2024.06.17,000031.SZ,0.20980862375658038
2024.06.17,600036.SH,0.1445836830875674
2024.06.17,600030.SH,0.13898711705609124
2024.06.17,000007.SZ,0.111620467688888
2024.06.17,600018.SH,0.1268486082447854
2024.06.17,000001.SZ,0.026714402500805753
2024.06.17,600005.SH,0.07458432324918736
2024.06.17,600029.SH,0.29532655332022417
2024.06.17,600017.SH,0.24415797004970102
2024.06.17,000002.SZ,0.11140783195360346
2024.06.17,600024.SH,0.014030183757339491
2024.06.17,000011.SZ,0.2559522425268337
2024.06.17,000032.SZ,0.052110828943669696
2024.06.17,000008.SZ,0.14565932484251512
2024.06.17,600000.SH,0.08566194740734027
2024.06.17,600034.SH,0.2077046722267423
2024.06.17,600049.SH,0.03803032683670579
2024.06.17,000017.SZ,0.05275318046884512
2024.06.17,000005.SZ,0.017996267775304997
2024.06.17,000046.SZ,0.028086621489820794
2024.06.17,000019.SZ,0.016340213124813
2024.06.17,000045.SZ,0.21901655708695414
2024.06.17,000026.SZ,0.17774113956672438
2024.06.17,600003.SH,0.05289142383158536
2024.06.17,600008.SH,0.04757603407614321
2024.06.17,600033.SH,0.21063929154902394
2024.06.17,000027.SZ,0.18620798893320634
2024.06.17,000039.SZ,0.12251086399663072
2024.06.17,600023.SH,0.2030860290686205
2024.06.17,600032.SH,0.013843125042764316
2024.06.17,000037.SZ,0.2018001735089817
2024.06.17,600031.SH,0.10896264884904625
2024.06.17,000030.SZ,0.07916952882657091
2024.06.17,000009.SZ,0.004222410177185822
2024.06.17,000016.SZ,0.24672100088800383
2024.06.17,600046.SH,0.042889391192467964
2024.06.17,600037.SH,0.023474908948571675
2024.06.17,000003.SZ,0.12097052739862559
2024.06.17,000006.SZ,0.03143668730338034
2024.06.17,000014.SZ,0.04627650406851691
2024.06.17,600015.SH,0.3342338150820956
2024.06.17,600002.SH,0.009802973940111313
2024.06.17,600041.SH,0.07235085750950015
2024.06.17,600013.SH,0.01727514591248775
2024.06.17,000043.SZ,0.15153986101857206
2024.06.17,600007.SH,0.07688228628648833
2024.06.17,600010.SH,0.026071187889338453
2024.06.17,600020.SH,0.24255861174989551
2024.06.17,000049.SZ,0.02987861016452771
2024.06.17,000050.SZ,0.043475146896831476
2024.06.17,600012.SH,0.029100760537427075
2024.06.17,000013.SZ,0.040134925048728766
2024.06.17,600028.SH,0.15681290618205837
2024.06.17,000010.SZ,0.14762732666934192
2024.06.18,000044.SZ,0.041015290255718026
2024.06.18,600038.SH,0.09465127251433446
2024.06.18,600010.SH,0.031589931963007814
2024.06.18,600045.SH,0.09101402813466172
2024.06.18,600016.SH,0.05969482113165325
2024.06.18,600018.SH,0.08855207859168675
2024.06.18,000046.SZ,0.21519692736574206
2024.06.18,600020.SH,0.006691441350281927
2024.06.18,600035.SH,0.08882448134216557
2024.06.18,600008.SH,0.051250901332237614
2024.06.18,000022.SZ,0.09769979712940265
2024.06.18,000006.SZ,0.2488983297386676
2024.06.18,600039.SH,0.03142965963426665
2024.06.18,600030.SH,0.21083871760271358
2024.06.18,600022.SH,0.05850277481215618
2024.06.18,000024.SZ,0.0029658197731766782
2024.06.18,000045.SZ,0.3809794750576969
2024.06.18,000023.SZ,0.25447754492237773
2024.06.18,000039.SZ,0.19677902850665055
2024.06.18,000029.SZ,0.395155932089863
2024.06.18,000001.SZ,0.14967076847799524
2024.06.18,000049.SZ,0.03084625884842695
2024.06.18,000050.SZ,0.2914917479651437
2024.06.18,600019.SH,0.05990476842556681
2024.06.18,000040.SZ,0.07460820705194125
2024.06.18,000013.SZ,0.06323024911894147
2024.06.18,000043.SZ,0.11047032104589223
2024.06.18,600006.SH,0.00471661698142326
2024.06.18,000028.SZ,0.04961838381793058
2024.06.18,600032.SH,0.18298508539883324
2024.06.18,000016.SZ,0.06886287298748378
2024.06.18,000035.SZ,0.19656919514833096
2024.06.18,600021.SH,0.06128523500477848
2024.06.18,000011.SZ,0.06496054087198598
2024.06.18,600040.SH,0.08090438942076918
2024.06.18,000048.SZ,0.24779235707173916
2024.06.18,000019.SZ,0.005454217164436377
2024.06.18,600013.SH,0.02149082270274935
2024.06.18,000025.SZ,0.221269401647607
2024.06.18,000008.SZ,0.5478662033259064
2024.06.18,600011.SH,0.05919923345485071
2024.06.18,600042.SH,0.265678571228826
2024.06.18,600005.SH,0.012913733239151256
2024.06.18,000020.SZ,0.01399502166232119
2024.06.18,000018.SZ,0.05886428866226906
2024.06.18,000038.SZ,0.08111823705466703
2024.06.18,600014.SH,0.25353947245030983
2024.06.18,000009.SZ,0.3627395926146838
2024.06.18,600004.SH,0.00412748373636444
2024.06.18,600028.SH,0.0260104135451256
2024.06.18,000012.SZ,0.1109148922383116
2024.06.18,600031.SH,0.017864887006399106
2024.06.18,600048.SH,0.286936380164717
2024.06.18,000005.SZ,0.01819748444572213
2024.06.18,600026.SH,0.061788346171734385
2024.06.18,600012.SH,0.20827185949665378
2024.06.18,000021.SZ,0.049327681711062235
2024.06.18,600024.SH,0.2991723543018268
2024.06.18,000032.SZ,0.55728544405494
2024.06.18,000037.SZ,0.06232273397888985
2024.06.18,000010.SZ,0.0040758317447091965
2024.06.18,600027.SH,0.13321442578707784
2024.06.18,000015.SZ,0.12754159421850036
2024.06.18,000026.SZ,0.14654809874961408
2024.06.18,600029.SH,0.011083899243325401
2024.06.18,600003.SH,0.3289463745832983
2024.06.18,600046.SH,0.011415406342369353
2024.06.18,000031.SZ,0.025504730858660736
2024.06.18,600017.SH,0.05340093376181132
2024.06.18,000014.SZ,0.060206815876663496
2024.06.18,000033.SZ,0.007628092612712308
2024.06.18,600009.SH,0.4438741472798128
2024.06.18,000027.SZ,0.05434472966090145
2024.06.18,000003.SZ,0.14396475575538126
2024.06.18,000036.SZ,0.03884202627870343
2024.06.18,000034.SZ,0.08260551080329147
2024.06.18,600007.SH,0.018972505702012823
2024.06.18,600000.SH,0.03656961353497911
2024.06.18,000007.SZ,0.11815378092709358
2024.06.18,000042.SZ,0.01610027429136876
2024.06.18,600049.SH,0.03520423100607416
2024.06.18,600037.SH,0.038573490564531764
2024.06.18,600002.SH,0.12234152986510376
2024.06.18,000004.SZ,0.3117642188696662
2024.06.18,600043.SH,0.07000516454609765
2024.06.18,600001.SH,0.07609083116412745
2024.06.18,600044.SH,0.007406962014998506
2024.06.18,000017.SZ,0.24015942889519493
2024.06.18,000047.SZ,0.06672162831359797
2024.06.18,000030.SZ,0.07444151787772292
2024.06.18,600023.SH,0.06653510207790177
2024.06.18,000041.SZ,0.12857114599919375
2024.06.18,600047.SH,0.2605092184882029
2024.06.18,600034.SH,0.09070881129834807
2024.06.18,600036.SH,0.12043909634323005
2024.06.18,600025.SH,0.34620391463269573
2024.06.18,600015.SH,0.02079719476362049
2024.06.19,600007.SH,0.22723385459361506
2024.06.19,000002.SZ,0.00012219067237855143
2024.06.19,000040.SZ,0.07162128622775801
2024.06.19,600012.SH,0.2966429407348683
2024.06.19,600017.SH,0.03240716140001309
2024.06.19,600016.SH,0.027217772148864297
2024.06.19,000024.SZ,0.15674619815041704
2024.06.19,000016.SZ,0.23429587904571209
2024.06.19,600013.SH,0.07182613397751479
2024.06.19,600001.SH,0.17026499926046323
2024.06.19,600041.SH,0.04912925864122802
2024.06.19,600032.SH,0.10700638877583242
2024.06.19,600031.SH,0.07597965318886592
2024.06.19,000026.SZ,0.07640136098985105
2024.06.19,000027.SZ,0.14297761593497083
2024.06.19,000022.SZ,0.09956844440689196
2024.06.19,000021.SZ,0.2770356712380845
2024.06.19,000010.SZ,0.31939829384341645
2024.06.19,000028.SZ,0.14878574911030723
2024.06.19,600000.SH,0.33060569962000425
2024.06.19,000038.SZ,0.017016648671530476
2024.06.19,000049.SZ,0.3728676661218323
2024.06.19,600014.SH,0.06335218940104836
2024.06.19,600036.SH,0.0008154859123688504
2024.06.19,000006.SZ,0.0734292965215719
2024.06.19,000039.SZ,0.1247815654236622
2024.06.19,000034.SZ,0.11463575322522092
2024.06.19,000001.SZ,0.019062407978201693
2024.06.19,600027.SH,0.13655542322227107
2024.06.19,600030.SH,0.09663376900684088
2024.06.19,000031.SZ,0.0713574244355605
2024.06.19,000037.SZ,0.031740905619166315
2024.06.19,000007.SZ,0.06946877620727715
2024.06.19,600040.SH,0.1432856133383667
2024.06.19,000048.SZ,0.02355808438936539
2024.06.19,600008.SH,0.1283530354036804
2024.06.19,600049.SH,0.15848954520426584
2024.06.19,600033.SH,0.05648448949327913
2024.06.19,000036.SZ,0.1550046035610063
2024.06.19,600028.SH,0.08666289158435941
2024.06.19,000041.SZ,0.0319046115694086
2024.06.19,000017.SZ,0.10406619951830282
2024.06.19,600025.SH,0.051514866583646096
2024.06.19,600019.SH,0.1777454227768025
2024.06.19,000025.SZ,0.2506045461542099
2024.06.19,600045.SH,0.003976258459721646
2024.06.19,000047.SZ,0.0943328917534367
2024.06.19,600005.SH,0.00423740290120727
2024.06.19,600048.SH,0.05180336975414865
2024.06.19,000023.SZ,0.005037929762764496
2024.06.19,600024.SH,0.029365918041167574
2024.06.19,000003.SZ,0.42285319662198917
2024.06.19,000019.SZ,0.06952873758675032
2024.06.19,000009.SZ,0.06481251983404311
2024.06.19,000043.SZ,0.07682871413040589
2024.06.19,000018.SZ,0.020294320747796024
2024.06.19,600023.SH,0.18370812792437208
2024.06.19,600029.SH,0.039890605459639544
2024.06.19,600004.SH,0.40664463813803337
2024.06.19,000004.SZ,0.05673154749274516
2024.06.19,600018.SH,0.03294046896461377
2024.06.19,000042.SZ,0.08045418055738371
2024.06.19,600039.SH,0.044950760472790036
2024.06.19,600010.SH,0.02765409804898147
2024.06.19,600047.SH,0.2630949236687971
2024.06.19,000020.SZ,0.06546758858011296
2024.06.19,600020.SH,0.2235142015887164
2024.06.19,000013.SZ,0.012025378072414954
2024.06.19,600009.SH,0.022529033982387325
2024.06.19,600046.SH,0.12151950935509824
2024.06.19,600015.SH,0.01374516293776117
2024.06.19,600006.SH,0.0013612991625350508
2024.06.19,600021.SH,0.027562572832685185
2024.06.19,600042.SH,0.22329777611508841
2024.06.19,000008.SZ,0.24990130920362386
2024.06.19,000045.SZ,0.15634171877859093
2024.06.19,000012.SZ,0.0037549011467543866
2024.06.19,000030.SZ,0.06107018680944042
2024.06.19,600034.SH,0.27848300229326844
2024.06.19,600044.SH,0.1913502893716643
2024.06.19,000046.SZ,0.2470423926691188
2024.06.19,000035.SZ,0.021741603071774238
2024.06.19,600035.SH,0.3625862654630136
2024.06.19,000050.SZ,0.009736638989059403
2024.06.19,600002.SH,0.08335772223059616
2024.06.19,600038.SH,0.0974436273733015
2024.06.19,000033.SZ,0.008309198399655458
2024.06.19,600026.SH,0.24148919417329837
2024.06.19,600022.SH,0.17079928623815335
2024.06.19,000005.SZ,0.09690170053714031
2024.06.19,000014.SZ,0.3171694320207982
2024.06.19,600003.SH,0.1171485288390963
2024.06.19,600011.SH,0.07959584347936198
2024.06.19,000011.SZ,0.20152439918502024
2024.06.19,000032.SZ,0.038501168239198295
2024.06.19,000044.SZ,0.10130526191955946
2024.06.20,600021.SH,0.21618368762777265
2024.06.20,000014.SZ,0.020212782393608592
2024.06.20,000008.SZ,0.14072271080147614
2024.06.20,000007.SZ,0.16823266764102016
2024.06.20,600019.SH,0.07806204846826287
2024.06.20,000016.SZ,0.31931761942843173
2024.06.20,600044.SH,0.03878459323860231
2024.06.20,600004.SH,0.061560752673312194
2024.06.20,000023.SZ,0.15225209811695492
2024.06.20,600002.SH,0.09893829479813829
2024.06.20,600009.SH,0.11238650582954714
2024.06.20,600016.SH,0.04576704240156174
2024.06.20,000034.SZ,0.013018131295926529
2024.06.20,600036.SH,0.003370364883337523
2024.06.20,600038.SH,0.007221677963249974
2024.06.20,600003.SH,0.05965129192200635
2024.06.20,000039.SZ,0.036391861664362556
2024.06.20,000010.SZ,0.014073252054090903
2024.06.20,000012.SZ,0.08081961694511776
2024.06.20,600031.SH,0.06400376810935765
2024.06.20,000011.SZ,0.008221504163190863
2024.06.20,000006.SZ,0.2741598889069397
2024.06.20,000005.SZ,0.16024122270791677
2024.06.20,000025.SZ,0.10028358861264093
2024.06.20,000009.SZ,0.06451640114774433
2024.06.20,000049.SZ,0.10968182160243464
2024.06.20,600028.SH,0.022009190126610227
2024.06.20,000044.SZ,0.03917803362860386
2024.06.20,000013.SZ,0.33620311156141003
2024.06.20,600017.SH,0.003463508291527958
2024.06.20,000028.SZ,0.24720090067885475
2024.06.20,600048.SH,0.1517704191945925
2024.06.20,000002.SZ,0.04383862422267176
2024.06.20,000045.SZ,0.24191981725851427
2024.06.20,000048.SZ,0.17353260334377107
2024.06.20,000043.SZ,0.2045872847949496
2024.06.20,000041.SZ,0.11494060613360962
2024.06.20,000042.SZ,0.05969463895258581
2024.06.20,000001.SZ,0.12827448436834035
2024.06.20,600012.SH,0.25468267996600824
2024.06.20,600037.SH,0.026124057036170743
2024.06.20,600045.SH,0.16607598896917963
2024.06.20,600027.SH,0.08423239651641898
2024.06.20,600034.SH,0.04886736958867164
2024.06.20,600000.SH,0.00727096108611892
2024.06.20,000040.SZ,0.013839154485067373
2024.06.20,600047.SH,0.52231523965322
2024.06.20,600043.SH,0.17026485863759222
2024.06.20,600014.SH,0.08572258768679893
2024.06.20,600006.SH,0.046811601961303975
2024.06.20,000033.SZ,0.12686786267032463
2024.06.20,000036.SZ,0.43504449640311266
2024.06.20,000004.SZ,0.19159465924787844
2024.06.20,600010.SH,0.004127437888356644
2024.06.20,000047.SZ,0.002492951246141745
2024.06.20,000018.SZ,0.17180573149724399
2024.06.20,000015.SZ,0.01128009630832026
2024.06.20,600008.SH,0.04216265947498565
2024.06.20,600030.SH,0.13258927428065417
2024.06.20,600033.SH,0.010626301321685457
2024.06.20,000038.SZ,0.097022941779823
2024.06.20,600001.SH,0.03592737946676716
2024.06.20,600026.SH,0.022116057606048664
2024.06.20,000029.SZ,0.35597474492977793
2024.06.20,000003.SZ,0.05028830273158585
2024.06.20,000026.SZ,0.24052205373436022
2024.06.20,600040.SH,0.000717881216662403
2024.06.20,600041.SH,0.09482774318386239
2024.06.20,600011.SH,0.3315890083889755
2024.06.20,000035.SZ,0.2885045154697886
2024.06.20,600025.SH,0.0950476780239485
2024.06.20,600039.SH,0.27945999857250714
2024.06.20,600023.SH,0.03249713946398257
2024.06.20,600018.SH,0.25057510503549507
2024.06.20,600015.SH,0.15011494486820479
2024.06.20,000032.SZ,0.024682431599161694
2024.06.20,000022.SZ,0.19032427591067008
2024.06.20,000021.SZ,0.022358429354447134
2024.06.20,600024.SH,0.02703561135037524
2024.06.20,000019.SZ,0.21576169748621604
2024.06.20,600049.SH,0.056801064203086615
2024.06.20,600029.SH,0.1211598616361311
2024.06.20,000046.SZ,0.0016552489054362399
2024.06.20,600046.SH,0.12848431336432636
2024.06.20,000020.SZ,0.09762031446788394
2024.06.20,600013.SH,0.18918680621111883
2024.06.20,000031.SZ,0.03780427349296017
2024.06.20,600032.SH,0.18641618538371588
2024.06.20,000037.SZ,0.18101083551146827
2024.06.20,600005.SH,0.07096086396282995
2024.06.20,000027.SZ,0.08900316967597854
2024.06.20,600020.SH,0.13994526723068568
2024.06.20,000030.SZ,0.07640455860665116
2024.06.20,000050.SZ,0.046249652865725605
2024.06.20,600007.SH,0.03398025675622818
2024.06.20,600042.SH,0.13434598918271323
2024.06.21,600035.SH,0.03361874936246457
2024.06.21,600048.SH,0.049379149007889485
2024.06.21,000023.SZ,0.019496277531721822
2024.06.21,600045.SH,0.10170777495615321
2024.06.21,600042.SH,0.06496443323409169
2024.06.21,000046.SZ,0.08046338246835606
2024.06.21,000003.SZ,0.1630489026493461
2024.06.21,000026.SZ,0.04209025499372055
2024.06.21,600044.SH,0.027996685859107348
2024.06.21,600012.SH,0.007349442158442686
2024.06.21,600017.SH,0.1275598030508968
2024.06.21,000030.SZ,0.45467515314600293
2024.06.21,000040.SZ,0.181428472616472
2024.06.21,600047.SH,0.13595808640980278
2024.06.21,000036.SZ,0.09117135504746281
2024.06.21,000007.SZ,0.11120104582901642
2024.06.21,600030.SH,0.08137472837806914
2024.06.21,000014.SZ,0.003146900032027678
2024.06.21,600032.SH,0.033777038381828633
2024.06.21,000018.SZ,0.21238039571301187
2024.06.21,600038.SH,0.3968279889947153
2024.06.21,000027.SZ,0.31921379294226754
2024.06.21,000035.SZ,0.025351092230429254
2024.06.21,600000.SH,0.4708512025945256
2024.06.21,600036.SH,0.10174908934804823
2024.06.21,600005.SH,0.02171948332634145
2024.06.21,600009.SH,0.09181580630346116
2024.06.21,600033.SH,0.1029987705721535
2024.06.21,000025.SZ,0.05830945772549929
2024.06.21,000033.SZ,0.053601254157191504
2024.06.21,600016.SH,0.04814714911793855
2024.06.21,000020.SZ,0.0014999547966157004
2024.06.21,600015.SH,0.18046823140137125
2024.06.21,600014.SH,0.13079941551785773
2024.06.21,600018.SH,0.11266771213449364
2024.06.21,600041.SH,0.06273339139657502
2024.06.21,600001.SH,0.007024193143736912
2024.06.21,600023.SH,0.1641322760873173
2024.06.21,000049.SZ,0.07185055126423477
2024.06.21,000006.SZ,0.0113523960471216
2024.06.21,000022.SZ,0.39863775984438177
2024.06.21,000032.SZ,0.19979885172011635
2024.06.21,000012.SZ,0.20170883330392053
2024.06.21,000028.SZ,0.013908078636942448
2024.06.21,000045.SZ,0.11079663064853681
2024.06.21,000024.SZ,0.052700399354573074
2024.06.21,600040.SH,0.23147893530306562
2024.06.21,000029.SZ,0.02924613007088225
2024.06.21,600028.SH,0.18050719093480921
2024.06.21,000005.SZ,0.5303702235346439
2024.06.21,000008.SZ,0.050812517648387484
2024.06.21,600013.SH,0.07945317107232347
2024.06.21,600006.SH,0.2659731455932466
2024.06.21,600004.SH,0.15346659409766455
2024.06.21,000009.SZ,0.16171544747220448
2024.06.21,600011.SH,0.22354888501173753
2024.06.21,600037.SH,0.039956946194633504
2024.06.21,000015.SZ,0.2604887186483345
2024.06.21,600039.SH,0.19317286851484744
2024.06.21,000034.SZ,0.03339822605960474
2024.06.21,600034.SH,0.1554985137618499
2024.06.21,000039.SZ,0.09157686776948191
2024.06.21,600049.SH,0.0957188417096794
2024.06.21,000038.SZ,0.008440060742957643
2024.06.21,000010.SZ,0.05383941305304855
2024.06.21,000011.SZ,0.026850192396682585
2024.06.21,000004.SZ,0.17563448152753924
2024.06.21,000042.SZ,0.12064421390315785
2024.06.21,600027.SH,0.250571276264524
2024.06.21,600029.SH,0.20861294992146737
2024.06.21,600020.SH,0.07918828742175396
2024.06.21,000047.SZ,0.24628371270737567
2024.06.21,600007.SH,0.03399793394105657
2024.06.21,600043.SH,0.07108932703250409
2024.06.21,600019.SH,0.09514207706932591
2024.06.21,600002.SH,0.2177401019775981
2024.06.21,000044.SZ,0.12977623199989616
2024.06.21,000019.SZ,0.030470631495922662
2024.06.21,000043.SZ,0.059321259975375525
2024.06.21,600025.SH,0.002744182017100717
2024.06.21,000037.SZ,0.25118958859032375
2024.06.21,600010.SH,0.1649265676625207
2024.06.21,000016.SZ,0.11915536618847299
2024.06.21,600008.SH,0.0749369226054947
2024.06.21,000001.SZ,0.17585722671776452
2024.06.21,000017.SZ,0.2292125836605397
2024.06.21,600022.SH,0.03602090021409478
2024.06.21,000021.SZ,0.288247029396515
2024.06.21,000041.SZ,0.08021523476455632
2024.06.21,600024.SH,0.12100686826343521
2024.06.21,000013.SZ,0.05908558349919443
2024.06.21,000002.SZ,0.13010707590566958
2024.06.21,000048.SZ,0.9414122879472645
2024.06.21,000050.SZ,0.08643120241298934
2024.06.21,600026.SH,0.013452050862872047
2024.06.21,000031.SZ,0.03214989298410308
2024.06.21,600003.SH,0.11276172139213778
2024.06.24,000020.SZ,0.015122197857981702
2024.06.24,600036.SH,0.03426165016311625
2024.06.24,600026.SH,0.6547525716524747
2024.06.24,000016.SZ,0.0074542443663625675
2024.06.24,000003.SZ,0.17715232284225865
2024.06.24,600038.SH,0.11430527925941014
2024.06.24,000017.SZ,0.20187427293002017
2024.06.24,600037.SH,0.06736327912259686
2024.06.24,000015.SZ,0.10811072123001328
2024.06.24,600013.SH,0.40746411628507523
2024.06.24,600042.SH,0.06314716580343605
2024.06.24,000050.SZ,0.06330060582508208
2024.06.24,600035.SH,0.17827382541177664
2024.06.24,600034.SH,0.09240304992856418
2024.06.24,000034.SZ,0.038783744057804596
2024.06.24,000013.SZ,0.18004611254500072
2024.06.24,000007.SZ,0.21494825403520534
2024.06.24,000033.SZ,0.04564726865915446
2024.06.24,000037.SZ,0.10927838542575657
2024.06.24,000023.SZ,0.020171949593309937
2024.06.24,600025.SH,0.2473254143577027
2024.06.24,600045.SH,0.13288082688763714
2024.06.24,000036.SZ,0.1803380944148179
2024.06.24,000002.SZ,0.06620868014488622
2024.06.24,000014.SZ,0.021709573433411976
2024.06.24,000010.SZ,0.05608329679073152
2024.06.24,600003.SH,0.020398099866506796
2024.06.24,600049.SH,0.0009202690174363041
2024.06.24,000019.SZ,0.2487877923206212
2024.06.24,000049.SZ,0.3062286950883573
2024.06.24,000028.SZ,0.205529815643625
2024.06.24,600029.SH,0.01955318092082134
2024.06.24,600010.SH,0.10783593040068312
2024.06.24,000026.SZ,0.17427318910785866
2024.06.24,600031.SH,0.12638322039116173
2024.06.24,000029.SZ,0.0868040131166276
2024.06.24,000040.SZ,0.0002999236001443248
2024.06.24,600000.SH,0.0643300752140763
2024.06.24,600047.SH,0.06170261990645634
2024.06.24,600021.SH,0.020995531017267862
2024.06.24,600001.SH,0.17717315021815278
2024.06.24,600040.SH,0.09359394117503939
2024.06.24,000043.SZ,0.2172629120984636
2024.06.24,000048.SZ,0.14766929166542872
2024.06.24,600009.SH,0.09402378501340894
2024.06.24,600022.SH,0.057669623193252445
2024.06.24,000025.SZ,0.010024015429872147
2024.06.24,000004.SZ,0.1803629507497043
2024.06.24,000044.SZ,0.024481144855170323
2024.06.24,000046.SZ,0.16691005559236483
2024.06.24,000012.SZ,0.03412939310695593
2024.06.24,000045.SZ,0.22610739090618084
2024.06.24,600041.SH,0.17931371282343372
2024.06.24,600044.SH,0.18106860255641496
2024.06.24,600028.SH,0.1455670292532493
2024.06.24,600002.SH,0.14251108975506802
2024.06.24,600043.SH,0.05791331264804734
2024.06.24,000038.SZ,0.23422450354580518
2024.06.24,000008.SZ,0.02696990999415147
2024.06.24,600033.SH,0.022963403641542042
2024.06.24,600006.SH,0.034945698983704636
2024.06.24,000030.SZ,0.30365897673720893
2024.06.24,000024.SZ,0.04189804191592891
2024.06.24,000031.SZ,0.2240649763377655
2024.06.24,000006.SZ,0.26375491937127915
2024.06.24,600004.SH,0.024948856590345177
2024.06.24,000035.SZ,0.09171289021598795
2024.06.24,600005.SH,0.14687037731617533
2024.06.24,600019.SH,0.034233203840769326
2024.06.24,600046.SH,0.10039577143780541
2024.06.24,600030.SH,0.2993805608601966
2024.06.24,600008.SH,0.013307514911203498
2024.06.24,600048.SH,0.17555318637406078
2024.06.24,000018.SZ,0.054544021358626044
2024.06.24,600027.SH,0.3987185163453929
2024.06.24,000005.SZ,0.10127337801312558
2024.06.24,600012.SH,0.09991798520402669
2024.06.24,000032.SZ,0.5177592324108659
2024.06.24,000022.SZ,0.3850062953688171
2024.06.24,000047.SZ,0.01286807119128897
2024.06.24,000011.SZ,0.07073004603304107
2024.06.24,600032.SH,0.6097968677971761
2024.06.24,600011.SH,0.5547937224916967
2024.06.24,000041.SZ,0.17944367063833594
2024.06.24,000001.SZ,0.04821420255484403
2024.06.24,000039.SZ,0.13805428115584953
2024.06.24,000042.SZ,0.0028815535313459983
2024.06.24,600020.SH,0.09281690108477131
2024.06.24,600024.SH,0.1314229640487649
2024.06.24,600018.SH,0.1462805541891071
2024.06.24,000009.SZ,0.07468771929346156
2024.06.24,600015.SH,0.4412435544854942
2024.06.24,000027.SZ,0.21718580176851154
2024.06.24,600039.SH,0.11066764661907487
2024.06.24,600016.SH,0.10299243048300682
2024.06.24,600017.SH,0.17422974273315464
2024.06.24,000021.SZ,0.001876357269959696
2024.06.24,600014.SH,0.03446941363093592
2024.06.25,000028.SZ,0.011035539162794256
2024.06.25,600030.SH,0.035539501986926014
2024.06.25,000032.SZ,0.0010142276610730866
2024.06.25,600022.SH,0.35471331239774395
2024.06.25,000035.SZ,0.10785263737667385
2024.06.25,600019.SH,0.048363973861008325
2024.06.25,600014.SH,0.23699528826713895
2024.06.25,000044.SZ,0.021428260976328162
2024.06.25,600013.SH,0.136281140259737
2024.06.25,000015.SZ,0.1020532125099243
2024.06.25,600002.SH,0.11569890253232294
2024.06.25,600047.SH,0.047305038311041984
2024.06.25,000036.SZ,0.07682288155809605
2024.06.25,600008.SH,0.031095857463762498
2024.06.25,000013.SZ,0.03787657366849322
2024.06.25,000009.SZ,0.018761126212528154
2024.06.25,600027.SH,0.030048553055476882
2024.06.25,000026.SZ,0.15193754910321158
2024.06.25,600018.SH,0.000584296151017425
2024.06.25,600006.SH,0.2078908078734743
2024.06.25,600024.SH,0.0461265046884779
2024.06.25,600017.SH,0.24676966543128465
2024.06.25,600026.SH,0.013001236490889523
2024.06.25,600021.SH,0.566455638454337
2024.06.25,000021.SZ,0.024231564682250663
2024.06.25,600012.SH,0.08205233247684621
2024.06.25,600045.SH,0.027134845819556774
2024.06.25,000014.SZ,0.2209807951903178
2024.06.25,000030.SZ,0.005750346584617573
2024.06.25,000037.SZ,0.13340762793459338
2024.06.25,000042.SZ,0.18963909870086532
2024.06.25,000027.SZ,0.18345196240010175
2024.06.25,600003.SH,0.004707282458715927
2024.06.25,000006.SZ,0.02219646367782083
2024.06.25,600049.SH,0.4499713754011076
2024.06.25,000016.SZ,0.10596039707746942
2024.06.25,000039.SZ,0.1434649968126727
2024.06.25,000050.SZ,0.048485900107669455
2024.06.25,000022.SZ,0.08395785979956262
2024.06.25,000018.SZ,0.03143784861989676
2024.06.25,000048.SZ,0.10440975738370391
2024.06.25,000019.SZ,0.005461844394480473
2024.06.25,600039.SH,0.2997330006317014
2024.06.25,600032.SH,0.013584074608687005
2024.06.25,000017.SZ,0.047881551603324114
2024.06.25,600038.SH,0.01856897324063285
2024.06.25,000024.SZ,0.16505541411081054
2024.06.25,600033.SH,0.12171386215482716
2024.06.25,600046.SH,0.14721820276223707
2024.06.25,000045.SZ,0.3412117381346447
2024.06.25,000031.SZ,0.01577712464949273
2024.06.25,600000.SH,0.17124447467834036
2024.06.25,600041.SH,0.09361935781441683
2024.06.25,600020.SH,0.41230380373262976
2024.06.25,600007.SH,0.24881590671014242
2024.06.25,600005.SH,0.17169877623970053
2024.06.25,600044.SH,0.4360364833608751
2024.06.25,600011.SH,0.07697636724175352
2024.06.25,000033.SZ,0.13387070481246124
2024.06.25,000004.SZ,0.19251871809032556
2024.06.25,000041.SZ,0.024264361137161725
2024.06.25,600031.SH,0.012239888270139259
2024.06.25,600029.SH,0.2626071502629555
2024.06.25,600015.SH,0.18008957675745613
2024.06.25,000029.SZ,0.054249329033776716
2024.06.25,600042.SH,0.16098505718197617
2024.06.25,600004.SH,0.17603229023763495
2024.06.25,000038.SZ,0.019811622408988643
2024.06.25,000011.SZ,0.04855074080688386
2024.06.25,600035.SH,0.0524884435742593
2024.06.25,600043.SH,0.10255494129967062
2024.06.25,600023.SH,0.2977555179313534
2024.06.25,000020.SZ,0.06248943631481537
2024.06.25,000010.SZ,0.005880587386562085
2024.06.25,000040.SZ,0.0020913499980694636
2024.06.25,600016.SH,0.127299594513839
2024.06.25,000049.SZ,0.10430886941527123
2024.06.25,600009.SH,0.040400460815783364
2024.06.25,000007.SZ,0.06784043336790263
2024.06.25,600025.SH,0.08184518523634542
2024.06.25,000034.SZ,0.1379353746091959
2024.06.25,600040.SH,0.020056502225011912
2024.06.25,600034.SH,0.07407690606287763
2024.06.25,600010.SH,0.15066526586164924
2024.06.25,000005.SZ,0.10869515082451592
2024.06.25,000023.SZ,0.039482076310626994
2024.06.25,000002.SZ,0.03946336267457701
2024.06.25,600048.SH,0.04006616692515285
2024.06.25,000008.SZ,0.06777051174182291
2024.06.25,000001.SZ,0.4727618102524697
2024.06.25,000025.SZ,0.11504230600853373
2024.06.25,000046.SZ,0.004477340394879849
2024.06.25,600001.SH,0.0354053119398213
2024.06.25,600028.SH,0.028084260888313856
2024.06.25,000003.SZ,0.11126836333592639
2024.06.25,000012.SZ,0.045777472828482144
2024.06.26,600014.SH,0.07931221983202533
2024.06.26,600010.SH,0.031574110725629885
2024.06.26,600039.SH,0.18765878219088117
2024.06.26,600034.SH,0.1479546310690004
2024.06.26,000043.SZ,0.04420840630833222
2024.06.26,600026.SH,0.0166570709611423
2024.06.26,600043.SH,0.023883251524005816
2024.06.26,600005.SH,0.09661702762792251
2024.06.26,000033.SZ,0.20595354253890155
2024.06.26,000021.SZ,0.046856290777830836
2024.06.26,000039.SZ,0.03237225416204686
2024.06.26,000018.SZ,0.18846758297053656
2024.06.26,600032.SH,0.2671668401835913
2024.06.26,000015.SZ,0.08594625931411701
2024.06.26,000028.SZ,0.07547869572071092
2024.06.26,600025.SH,0.4817535256368605
2024.06.26,000004.SZ,0.18079812138666018
2024.06.26,000034.SZ,0.3539132069263112
2024.06.26,600027.SH,0.11405564731809714
2024.06.26,600042.SH,0.005362121003421886
2024.06.26,600045.SH,0.08154016438036443
2024.06.26,000011.SZ,0.1770461013752511
2024.06.26,000009.SZ,0.12816751157433506
2024.06.26,600029.SH,0.05297530220036784
2024.06.26,000007.SZ,0.02465071116148425
2024.06.26,000045.SZ,0.00541194635834866
2024.06.26,000030.SZ,0.25336903820058954
2024.06.26,600023.SH,0.010566220862771236
2024.06.26,600022.SH,0.14025560218498037
2024.06.26,000012.SZ,0.18521000996578227
2024.06.26,600003.SH,0.06870686724086195
2024.06.26,600011.SH,0.04341200527819615
2024.06.26,000008.SZ,0.01761928595919293
2024.06.26,000037.SZ,0.13709499498495295
2024.06.26,600041.SH,0.08648895514857652
2024.06.26,000010.SZ,0.12128502776465523
2024.06.26,600020.SH,0.2585499403881625
2024.06.26,600017.SH,0.07351545134871812
2024.06.26,600047.SH,0.03203761907615526
2024.06.26,000024.SZ,0.42255934198626505
2024.06.26,000042.SZ,0.07223999544506558
2024.06.26,600035.SH,0.022536205274145397
2024.06.26,600036.SH,0.06233367207662896
2024.06.26,600001.SH,0.08772605498404566
2024.06.26,000041.SZ,0.1078201227484021
2024.06.26,000013.SZ,0.02503573729289543
2024.06.26,600037.SH,0.3603503319667904
2024.06.26,600046.SH,0.20197064739075257
2024.06.26,000025.SZ,0.0624765979982524
2024.06.26,000019.SZ,0.04676960429430197
2024.06.26,000020.SZ,0.04864785672126141
2024.06.26,600000.SH,0.10667633278136875
2024.06.26,600007.SH,0.038890851114252466
2024.06.26,600033.SH,0.18561508031687063
2024.06.26,000003.SZ,0.010262241450048433
2024.06.26,000038.SZ,0.015337270470676168
2024.06.26,600008.SH,0.28030545698437964
2024.06.26,000049.SZ,0.1962767577785189
2024.06.26,600009.SH,0.003972156355620028
2024.06.26,000040.SZ,0.015874839205736326
2024.06.26,600044.SH,0.01566501078019018
2024.06.26,600031.SH,0.1619487316988776
2024.06.26,600015.SH,0.048320415522542154
2024.06.26,000022.SZ,0.20477324847192704
2024.06.26,000050.SZ,0.06349997911546468
2024.06.26,000047.SZ,0.2804710497410101
2024.06.26,600038.SH,0.09649271373463322
2024.06.26,600030.SH,0.2974790068293412
2024.06.26,600040.SH,0.012143759622398866
2024.06.26,000001.SZ,0.22806311532159973
2024.06.26,000046.SZ,0.1711533695551842
2024.06.26,000023.SZ,0.27226751865856924
2024.06.26,600016.SH,0.04797501641972918
2024.06.26,600012.SH,0.2116156601983351
2024.06.26,600024.SH,0.14907204217182188
2024.06.26,000026.SZ,0.16872057465435997
2024.06.26,000016.SZ,0.0411255164492689
2024.06.26,000017.SZ,0.00018304357716528093
2024.06.26,000036.SZ,0.2640606977485827
2024.06.26,000031.SZ,0.06714047988873836
2024.06.26,600013.SH,0.04026427949747755
2024.06.26,600019.SH,0.6648698897696537
2024.06.26,600002.SH,0.03276051543689322
2024.06.26,000032.SZ,0.12918790984981837
2024.06.26,600018.SH,0.04638376255486249
2024.06.26,000044.SZ,0.34143244306071374
2024.06.26,000014.SZ,0.014817412862668588
2024.06.26,600004.SH,0.22408771227750854
2024.06.26,000006.SZ,0.22208592444547595
2024.06.26,000005.SZ,0.12372090696676732
2024.06.26,600021.SH,0.1481735160488835
2024.06.26,600049.SH,0.09374011597166665
2024.06.26,600048.SH,0.024871175737939365
2024.06.26,000048.SZ,0.05307709006550912
2024.06.26,000027.SZ,0.11559515360496683
2024.06.26,000002.SZ,0.013266709243981226
2024.06.27,000027.SZ,0.0397372241325609
2024.06.27,000015.SZ,0.22196554262327797
2024.06.27,600034.SH,0.14815503151303805
2024.06.27,600014.SH,0.1798123337794957
2024.06.27,600038.SH,0.1333256953803986
2024.06.27,600043.SH,0.04987387561647397
2024.06.27,600033.SH,0.17252554738942308
2024.06.27,600032.SH,0.044962935102872734
2024.06.27,600037.SH,0.33986203450623453
2024.06.27,600039.SH,0.2892187058657305
2024.06.27,000046.SZ,0.01875965875699685
2024.06.27,600009.SH,0.04173406525802485
2024.06.27,000011.SZ,0.07688618503812984
2024.06.27,600030.SH,0.15195271837799953
2024.06.27,000005.SZ,0.04757803890673859
2024.06.27,600029.SH,0.07888450026449591
2024.06.27,000013.SZ,0.034557104750568536
2024.06.27,600022.SH,0.026498246630696116
2024.06.27,600006.SH,0.20948839817948073
2024.06.27,000022.SZ,0.02731771452173474
2024.06.27,000007.SZ,0.01871702960806377
2024.06.27,000025.SZ,0.07175254149410987
2024.06.27,000018.SZ,0.06636618175862277
2024.06.27,000010.SZ,0.14224183971019896
2024.06.27,600042.SH,0.00732871588635707
2024.06.27,600021.SH,0.1799971940216648
2024.06.27,000024.SZ,0.15399101388465475
2024.06.27,000049.SZ,0.0886749905217432
2024.06.27,000043.SZ,0.0704706830286635
2024.06.27,000048.SZ,0.16740713196344914
2024.06.27,600047.SH,0.04909224837355831
2024.06.27,000004.SZ,0.40122364459809395
2024.06.27,000039.SZ,0.1433403850504658
2024.06.27,000028.SZ,0.156811975255614
2024.06.27,600012.SH,0.05352036263301844
2024.06.27,600020.SH,0.002888907919204283
2024.06.27,600028.SH,0.31615909725153263
2024.06.27,600018.SH,0.07495364758339908
2024.06.27,000033.SZ,0.044065458210077846
2024.06.27,600001.SH,0.14917828462651075
2024.06.27,000034.SZ,0.004811533913322965
2024.06.27,600041.SH,0.228922991907453
2024.06.27,000029.SZ,0.1969044579054778
2024.06.27,000009.SZ,0.29330544420188204
2024.06.27,600004.SH,0.024126107988277235
2024.06.27,000003.SZ,0.0417123916467633
2024.06.27,600026.SH,0.02613806868366788
2024.06.27,600019.SH,0.044589225029603094
2024.06.27,000040.SZ,0.12561037842265166
2024.06.27,000047.SZ,0.08600748732750418
2024.06.27,000050.SZ,0.03498481336722791
2024.06.27,600046.SH,0.08475925399249652
2024.06.27,000037.SZ,0.2966683984171686
2024.06.27,600013.SH,0.02318693074390621
2024.06.27,600023.SH,0.017218064239076417
2024.06.27,000032.SZ,0.29001626507426653
2024.06.27,000020.SZ,0.17958978245747906
2024.06.27,000023.SZ,0.0353741047511308
2024.06.27,600048.SH,0.251278259402459
2024.06.27,000026.SZ,0.262481888434744
2024.06.27,000030.SZ,0.023467787550529653
2024.06.27,600024.SH,0.0006869968281825233
2024.06.27,600027.SH,0.35583787173766623
2024.06.27,600008.SH,0.17331065526842315
2024.06.27,600002.SH,0.07902611604962323
2024.06.27,600017.SH,0.1271959750722764
2024.06.27,000044.SZ,0.04580336485657967
2024.06.27,600035.SH,0.578687132362964
2024.06.27,000016.SZ,0.11809369705179214
2024.06.27,000041.SZ,0.01568122639460339
2024.06.27,600045.SH,0.0023469956240191538
2024.06.27,000014.SZ,0.008585925073151581
2024.06.27,600010.SH,0.049122347931846055
2024.06.27,600007.SH,0.14722502744606264
2024.06.27,000008.SZ,0.08208750060649285
2024.06.27,000031.SZ,0.02575684347362441
2024.06.27,000042.SZ,0.07242757060485998
2024.06.27,600005.SH,0.3873727151726213
2024.06.27,600003.SH,0.2785028318931644
2024.06.27,600011.SH,0.03771903790420882
2024.06.27,000019.SZ,0.021536582231190402
2024.06.27,000045.SZ,0.43663034771279197
2024.06.27,000017.SZ,0.021517723207708162
2024.06.27,600015.SH,0.09437869704534237
2024.06.27,600016.SH,0.4387717929481672
2024.06.27,000036.SZ,0.03447365338578383
2024.06.27,000012.SZ,0.006365784653040156
2024.06.27,600000.SH,0.13920510574384554
2024.06.27,000038.SZ,0.11304361799229266
2024.06.27,000021.SZ,0.048947300896911544
2024.06.27,600036.SH,0.41955884715227465
2024.06.27,600040.SH,0.01797434446648684
2024.06.27,000035.SZ,0.07894368399119783
2024.06.27,000001.SZ,0.04277780547157054
2024.06.27,600031.SH,0.041003320842787655
2024.06.27,600044.SH,0.00771962811699463
2024.06.27,600025.SH,0.14001371766921492
2024.06.27,000006.SZ,0.004211682683981215
2024.06.28,000018.SZ,0.057593125331979404
2024.06.28,000031.SZ,0.28133375875626304
2024.06.28,000036.SZ,0.2768492202254655
2024.06.28,600040.SH,0.059684896985748935
2024.06.28,000032.SZ,0.21726291068777465
2024.06.28,000048.SZ,0.016635002521377344
2024.06.28,000003.SZ,0.13070294386446216
2024.06.28,600001.SH,0.1492193065818374
2024.06.28,000029.SZ,0.27487420056493095
2024.06.28,000009.SZ,0.1930673943822671
2024.06.28,600017.SH,0.0340928756759781
2024.06.28,000005.SZ,0.051169474609481
2024.06.28,000046.SZ,0.0367774079351862
2024.06.28,600013.SH,0.014475340536363705
2024.06.28,000042.SZ,0.03190665072364513
2024.06.28,000044.SZ,0.004532591494704952
2024.06.28,000019.SZ,0.19780986873744122
2024.06.28,600018.SH,0.16163350258626777
2024.06.28,600037.SH,0.0965102876731275
2024.06.28,000012.SZ,0.0428747804054721
2024.06.28,000034.SZ,0.0629446059116137
2024.06.28,000006.SZ,0.08231368819093228
2024.06.28,600042.SH,0.09813894479418121
2024.06.28,600016.SH,0.07383892883158033
2024.06.28,600000.SH,0.11022239584561662
2024.06.28,600038.SH,0.08521452924675274
2024.06.28,600043.SH,0.33125383449038726
2024.06.28,600023.SH,0.18877503884744434
2024.06.28,000025.SZ,0.0628677504155611
2024.06.28,600044.SH,0.6878934150659716
2024.06.28,600009.SH,0.08389256555697758
2024.06.28,600032.SH,0.030745645681392642
2024.06.28,600027.SH,0.010991715873401925
2024.06.28,000023.SZ,0.015114611973209818
2024.06.28,600021.SH,0.03896291285798257
2024.06.28,000045.SZ,0.14469029385581875
2024.06.28,600034.SH,0.1980517203765963
2024.06.28,600006.SH,0.06621201957031585
2024.06.28,600005.SH,0.1177235665763914
2024.06.28,000050.SZ,0.07724650555457054
2024.06.28,600046.SH,0.11808814498922111
2024.06.28,000002.SZ,0.11739463697832347
2024.06.28,000041.SZ,0.005208566157960612
2024.06.28,000047.SZ,0.05257252233190457
2024.06.28,000035.SZ,0.10905283820323522
2024.06.28,600048.SH,0.07087723001096768
2024.06.28,600024.SH,0.12476984185918474
2024.06.28,600031.SH,0.13919398948763784
2024.06.28,000022.SZ,0.4490079278714561
2024.06.28,600015.SH,0.18527977759403363
2024.06.28,600045.SH,0.01820987517660846
2024.06.28,600035.SH,0.029059412116222105
2024.06.28,000013.SZ,0.013009587188935487
2024.06.28,600010.SH,0.05120475072844575
2024.06.28,600041.SH,0.04015418143051386
2024.06.28,000010.SZ,0.45888412724319
2024.06.28,600036.SH,0.13713504265552026
2024.06.28,000027.SZ,0.19623481352132105
2024.06.28,600022.SH,0.3806332727097298
2024.06.28,000015.SZ,0.09342403428852182
2024.06.28,600003.SH,0.06861787484612718
2024.06.28,000014.SZ,0.2915562833244101
2024.06.28,000049.SZ,0.21873833845795687
2024.06.28,000037.SZ,0.07596572716899802
2024.06.28,000028.SZ,0.2016243894659319
2024.06.28,000024.SZ,0.0476083740297506
2024.06.28,600030.SH,0.07429471939178328
2024.06.28,000039.SZ,0.036792416733864394
2024.06.28,600012.SH,0.20089094768637028
2024.06.28,600028.SH,0.009406975540352584
2024.06.28,600033.SH,0.05110591340545955
2024.06.28,000038.SZ,0.06509201476487053
2024.06.28,600002.SH,0.6158792038822707
2024.06.28,000011.SZ,0.208780987241751
2024.06.28,600029.SH,0.19413007430552545
2024.06.28,000026.SZ,0.1273010900624665
2024.06.28,000001.SZ,0.05030736589278892
2024.06.28,600025.SH,0.2971124054590626
2024.06.28,000007.SZ,0.01068792373298559
2024.06.28,600047.SH,0.01836484725134203
2024.06.28,600014.SH,0.010712359294303331
2024.06.28,600049.SH,0.04236094904067455
2024.06.28,600007.SH,0.13768810292550626
2024.06.28,600020.SH,0.0519258847582878
2024.06.28,000040.SZ,0.2791226903405552
2024.06.28,000033.SZ,0.3553303368551005
2024.06.28,000043.SZ,0.19904744196079638
2024.06.28,000016.SZ,0.015455487564682287
2024.06.28,000008.SZ,0.17381640242021984
2024.06.28,600026.SH,0.02597498098246483
2024.06.28,000020.SZ,0.030739922047714804
2024.06.28,600039.SH,0.1824761882939297
2024.06.28,000030.SZ,0.23938013233199154
2024.06.28,600011.SH,0.04727379549933553
2024.06.28,600019.SH,0.013619242701748
2024.06.28,000021.SZ,0.06800372803823686
2024.07.01,000018.SZ,0.16184945176276294
2024.07.01,600036.SH,0.10296859182697508
2024.07.01,000041.SZ,0.011427957804758223
2024.07.01,600001.SH,0.12872798336867486
2024.07.01,000044.SZ,0.08286724313713784
2024.07.01,000046.SZ,0.004775305800722956
2024.07.01,600022.SH,0.11001662113448073
2024.07.01,600029.SH,0.026843091226333434
2024.07.01,600042.SH,0.008652522524540705
2024.07.01,000022.SZ,0.146862519335751
2024.07.01,600038.SH,0.08588701678155863
2024.07.01,000023.SZ,0.19553439959043215
2024.07.01,000030.SZ,0.04007448528847523
2024.07.01,600016.SH,0.09244971282755994
2024.07.01,600043.SH,0.20783141023451882
2024.07.01,000010.SZ,0.10231975410462392
2024.07.01,600039.SH,0.1069600223487765
2024.07.01,600005.SH,0.12156513685595088
2024.07.01,600031.SH,0.06276975004160501
2024.07.01,600023.SH,0.04930060805596392
2024.07.01,000001.SZ,0.11889263408380608
2024.07.01,000029.SZ,0.235508387363091
2024.07.01,600015.SH,0.011128118368417022
2024.07.01,000027.SZ,0.07610012469400596
2024.07.01,000036.SZ,0.21383787835276982
2024.07.01,000045.SZ,0.3342439976146157
2024.07.01,000033.SZ,0.2807020596573506
2024.07.01,000009.SZ,0.0038907387763079592
2024.07.01,600040.SH,0.35923765618320985
2024.07.01,600009.SH,0.1330851977297183
2024.07.01,000028.SZ,0.3832749597760142
2024.07.01,000020.SZ,0.13622721441431093
2024.07.01,600019.SH,0.37682542890933424
2024.07.01,600049.SH,0.36070681834880947
2024.07.01,000015.SZ,0.1346110254761622
2024.07.01,600013.SH,0.034249504345161205
2024.07.01,600034.SH,0.01693282834812659
2024.07.01,000037.SZ,0.0628518731020289
2024.07.01,000014.SZ,0.025712840091446795
2024.07.01,600024.SH,0.025365959205247847
2024.07.01,000035.SZ,0.011434784234336144
2024.07.01,600010.SH,0.0479953494205231
2024.07.01,600047.SH,0.22435901407899353
2024.07.01,600027.SH,0.08301346670634582
2024.07.01,600048.SH,0.0791167921350897
2024.07.01,600032.SH,0.0797689877306259
2024.07.01,600026.SH,0.04311124277880406
2024.07.01,000032.SZ,0.001323189319393814
2024.07.01,600003.SH,0.058916925301468887
2024.07.01,600021.SH,0.001714229947518508
2024.07.01,600002.SH,0.0365871945126392
2024.07.01,000026.SZ,0.4128340389853151
2024.07.01,000039.SZ,0.11396767916767223
2024.07.01,600012.SH,0.19279109674154243
2024.07.01,000017.SZ,0.033716493012779604
2024.07.01,600006.SH,0.015939341764433106
2024.07.01,600020.SH,0.11821837282635293
2024.07.01,600007.SH,0.015674009626817496
2024.07.01,600017.SH,0.22056187826656407
2024.07.01,000048.SZ,0.17259334959756412
2024.07.01,600025.SH,0.0008531272693052056
2024.07.01,000049.SZ,0.14698327105531542
2024.07.01,600037.SH,0.16154074851920489
2024.07.01,000021.SZ,0.11638645300076572
2024.07.01,000016.SZ,0.05336318752890341
2024.07.01,000050.SZ,0.4102987965576593
2024.07.01,600018.SH,0.15501380561584294
2024.07.01,000047.SZ,0.019776405411941953
2024.07.01,000024.SZ,0.08404519472510162
2024.07.01,000011.SZ,0.05763678543036496
2024.07.01,600004.SH,0.20134971157479928
2024.07.01,000043.SZ,0.17682358700840523
2024.07.01,600028.SH,0.059481993987563396
2024.07.01,000031.SZ,0.11535750697144904
2024.07.01,600000.SH,0.025124945687107905
2024.07.01,600044.SH,0.12244657881694966
2024.07.01,600045.SH,0.029265430610901304
2024.07.01,600046.SH,0.18718682745581833
2024.07.01,000038.SZ,0.37642627438684073
2024.07.01,600011.SH,0.03059519971279516
2024.07.01,600008.SH,0.02049924764166606
2024.07.01,000025.SZ,0.12633292302761012
2024.07.01,000042.SZ,0.0007669476343903659
2024.07.01,600014.SH,0.1892344820377487
2024.07.01,000007.SZ,0.4105997107128897
2024.07.01,600030.SH,0.10099167996317387
2024.07.01,000002.SZ,0.5103882870589509
2024.07.01,600035.SH,0.033648136160029825
2024.07.01,000008.SZ,0.10541953796490242
2024.07.01,000003.SZ,0.0857942299935847
2024.07.01,000005.SZ,0.20459116575654349
2024.07.01,600041.SH,0.041124240542218936
2024.07.01,000013.SZ,0.06934768744135053
2024.07.01,600033.SH,0.02927972041879797
2024.07.01,000019.SZ,0.02626140230513659
2024.07.01,000012.SZ,0.093427398038503
2024.07.02,000024.SZ,0.08048936507923225
2024.07.02,600025.SH,0.13781985177077596
2024.07.02,600005.SH,0.08343140813855766
2024.07.02,000028.SZ,0.11220225570510274
2024.07.02,000019.SZ,0.0759156592339117
2024.07.02,600034.SH,0.1790834082222358
2024.07.02,600012.SH,0.17013934578826267
2024.07.02,600036.SH,0.05041347055406013
2024.07.02,000016.SZ,0.04461677847799998
2024.07.02,000035.SZ,0.05147369120226341
2024.07.02,000014.SZ,0.24230213678040466
2024.07.02,000011.SZ,0.3530347992610816
2024.07.02,600028.SH,0.11074270476177091
2024.07.02,600030.SH,0.008861938373903458
2024.07.02,000033.SZ,0.4092844159391973
2024.07.02,600038.SH,0.6088708161966364
2024.07.02,000015.SZ,0.023488312683860316
2024.07.02,000025.SZ,0.025527096750325568
2024.07.02,600047.SH,0.03662378507140754
2024.07.02,600004.SH,0.007366706959388239
2024.07.02,000030.SZ,0.04095869706618241
2024.07.02,600043.SH,0.07887365934458143
2024.07.02,000041.SZ,0.025141292975647326
2024.07.02,000007.SZ,0.048590555101043986
2024.07.02,000023.SZ,0.08049620864877352
2024.07.02,600044.SH,0.16859986629812804
2024.07.02,600020.SH,0.062201075781372954
2024.07.02,000013.SZ,0.010056868147555338
2024.07.02,600023.SH,0.037861137293136324
2024.07.02,000040.SZ,0.021834194532080655
2024.07.02,000003.SZ,0.20601355368255284
2024.07.02,000001.SZ,0.1125789281903659
2024.07.02,000048.SZ,0.06339598423777797
2024.07.02,000046.SZ,0.12714522732382832
2024.07.02,000045.SZ,0.4490357932368961
2024.07.02,000020.SZ,0.025985213128330215
2024.07.02,000002.SZ,0.01836059714424433
2024.07.02,600026.SH,0.05371263378016414
2024.07.02,600007.SH,0.10788586022870666
2024.07.02,600037.SH,0.5780374414227285
2024.07.02,000037.SZ,0.6747010986170398
2024.07.02,600018.SH,0.0483869385860847
2024.07.02,600049.SH,0.16142547616519998
2024.07.02,600017.SH,0.04135708899423799
2024.07.02,600008.SH,0.002306671997328549
2024.07.02,600014.SH,0.03148109740856634
2024.07.02,000049.SZ,0.1969898698120913
2024.07.02,600032.SH,0.07959451734235506
2024.07.02,600045.SH,0.026657075834472094
2024.07.02,600035.SH,0.05858049026676036
2024.07.02,000008.SZ,0.27822885596945524
2024.07.02,600009.SH,0.13879058692130075
2024.07.02,000021.SZ,0.06598190932438545
2024.07.02,000005.SZ,0.0551317822430999
2024.07.02,000027.SZ,0.03604990062450325
2024.07.02,600000.SH,0.14126126791711593
2024.07.02,000039.SZ,0.13931845841248314
2024.07.02,600040.SH,0.1153249618669338
2024.07.02,000032.SZ,0.0030678015043514454
2024.07.02,000009.SZ,0.3945746688392657
2024.07.02,600022.SH,0.09147286856046158
2024.07.02,000034.SZ,0.31096511552108286
2024.07.02,600001.SH,0.3365124650658613
2024.07.02,000006.SZ,0.27051845657154394
2024.07.02,600021.SH,0.20506489775133607
2024.07.02,000043.SZ,0.08311616959847225
2024.07.02,000017.SZ,0.001999351816157515
2024.07.02,600042.SH,0.05936037484507746
2024.07.02,600003.SH,0.07915828154721544
2024.07.02,600027.SH,0.01723320535994241
2024.07.02,000031.SZ,0.06047560540924855
2024.07.02,000050.SZ,0.013192883510620522
2024.07.02,600019.SH,0.1489618400929797
2024.07.02,000044.SZ,0.16822928297275286
2024.07.02,000012.SZ,0.21233906595385435
2024.07.02,600006.SH,0.009283616135367684
2024.07.02,600033.SH,0.07813022890638527
2024.07.02,600002.SH,0.09803709700645324
2024.07.02,000042.SZ,0.01520674213787611
2024.07.02,600010.SH,0.35882271643694486
2024.07.02,600041.SH,0.09033727731003133
2024.07.02,000047.SZ,0.07482190256739468
2024.07.02,600046.SH,0.1339051352336656
2024.07.02,000004.SZ,0.12814787510476994
2024.07.02,000029.SZ,0.12703877919214351
2024.07.02,600015.SH,0.07855539642928415
2024.07.02,600029.SH,0.010042398499882912
2024.07.02,600031.SH,0.025779645831218532
2024.07.02,000010.SZ,0.2088533764402133
2024.07.02,600048.SH,0.037277119436872536
2024.07.02,000038.SZ,0.06388362173449659
2024.07.02,600039.SH,0.13367140614227566
2024.07.02,000022.SZ,0.09671889712309924
2024.07.02,000026.SZ,0.5409738598497463
2024.07.02,600024.SH,0.12197340426487768
2024.07.02,600013.SH,0.011728710418208083
2024.07.03,000032.SZ,0.00886671414549002
2024.07.03,000046.SZ,0.11628476958939991
2024.07.03,600027.SH,0.24544130813228726
2024.07.03,000050.SZ,0.14292453722694273
2024.07.03,000037.SZ,0.12284561072862273
2024.07.03,000007.SZ,0.14291316307910729
2024.07.03,000041.SZ,0.15397595328535355
2024.07.03,600007.SH,0.27445414490689196
2024.07.03,600042.SH,0.11641577411109565
2024.07.03,600024.SH,0.20357592259088894
2024.07.03,600014.SH,0.13982771135870598
2024.07.03,000048.SZ,0.18827915719726399
2024.07.03,000025.SZ,0.018431887728921938
2024.07.03,000026.SZ,0.14067478127020458
2024.07.03,600046.SH,0.471272908455158
2024.07.03,000014.SZ,0.3755450518275822
2024.07.03,000047.SZ,0.02977835919237345
2024.07.03,600029.SH,0.06302557868899737
2024.07.03,000031.SZ,0.12398165856205949
2024.07.03,600026.SH,0.057420177660325145
2024.07.03,000027.SZ,0.030577568036857135
2024.07.03,600011.SH,0.014286288713334257
2024.07.03,600040.SH,0.14584275891925724
2024.07.03,600003.SH,0.05077773677752036
2024.07.03,600038.SH,0.06518321111089398
2024.07.03,000020.SZ,0.007616246444678247
2024.07.03,000008.SZ,0.035785238309163844
2024.07.03,000045.SZ,0.0033071242144885864
2024.07.03,600020.SH,0.0988519599026668
2024.07.03,000019.SZ,0.15170076979063601
2024.07.03,600012.SH,0.23161840366984107
2024.07.03,600004.SH,0.014125533011640842
2024.07.03,600030.SH,0.0010492301515964645
2024.07.03,000021.SZ,0.02030725559809711
2024.07.03,000035.SZ,0.4851432670041817
2024.07.03,600025.SH,0.08558540222474671
2024.07.03,600041.SH,0.054999285588743355
2024.07.03,000005.SZ,0.15615181780053877
2024.07.03,600001.SH,0.0487061625303593
2024.07.03,000016.SZ,0.026978374006055652
2024.07.03,600045.SH,0.2901066813887888
2024.07.03,000036.SZ,0.28550482894392826
2024.07.03,600049.SH,0.11571274112967984
2024.07.03,600017.SH,0.033337510263989456
2024.07.03,000043.SZ,0.0767559435493504
2024.07.03,600036.SH,0.09811872632169066
2024.07.03,000004.SZ,0.012343052387539934
2024.07.03,600022.SH,0.00023968802986702362
2024.07.03,000044.SZ,0.20222682206063716
2024.07.03,600018.SH,0.0098144046670135
2024.07.03,600023.SH,0.07547897172053031
2024.07.03,600013.SH,0.033465547539979885
2024.07.03,000013.SZ,0.03988435353231344
2024.07.03,000023.SZ,0.057085746158118324
2024.07.03,000017.SZ,0.360842900802023
2024.07.03,600035.SH,0.133351813648961
2024.07.03,600010.SH,0.31109089985093064
2024.07.03,600034.SH,0.05650878231043317
2024.07.03,000039.SZ,0.10562180749942246
2024.07.03,000003.SZ,0.006059878039622357
2024.07.03,600005.SH,0.09956505337550343
2024.07.03,000006.SZ,0.2705254142547278
2024.07.03,000040.SZ,0.01268209792898718
2024.07.03,000015.SZ,0.02498381954618278
2024.07.03,000012.SZ,0.024885851441880814
2024.07.03,600006.SH,0.06368378358585315
2024.07.03,600044.SH,0.05938313526103539
2024.07.03,000042.SZ,0.09393010058017838
2024.07.03,000011.SZ,0.10794089724406031
2024.07.03,000002.SZ,0.42529866692894597
2024.07.03,000030.SZ,0.10036784664399767
2024.07.03,000033.SZ,0.0001052924163353038
2024.07.03,600009.SH,0.0029588029309462445
2024.07.03,600019.SH,0.07989907913597973
2024.07.03,600047.SH,0.9175198298355485
2024.07.03,000038.SZ,0.04313225404609141
2024.07.03,000018.SZ,0.04003584153101816
2024.07.03,000022.SZ,0.01291864504172518
2024.07.03,600021.SH,0.04332695726764676
2024.07.03,000049.SZ,0.021409750944511273
2024.07.03,000010.SZ,0.19186782068735442
2024.07.03,000001.SZ,0.13420301696115136
2024.07.03,600048.SH,0.020021340711576307
2024.07.03,600000.SH,0.005800040460851849
2024.07.03,000029.SZ,0.009115323985908122
2024.07.03,600043.SH,0.011855103842827208
2024.07.03,600015.SH,0.39207959810528004
2024.07.03,000034.SZ,0.017387206500977054
2024.07.03,000024.SZ,0.020271849345446777
2024.07.03,600008.SH,0.01339489469634302
2024.07.03,600033.SH,0.015280643032445036
2024.07.03,600032.SH,0.035782119727428695
2024.07.03,600016.SH,0.06954425992432814
2024.07.03,000028.SZ,0.012883661991502895
2024.07.03,600031.SH,0.08093841080348342
2024.07.03,000009.SZ,0.10018007432863407
2024.07.04,600010.SH,0.015233375176679068
2024.07.04,000010.SZ,0.03819875431955702
2024.07.04,600026.SH,0.0453182803924013
2024.07.04,600019.SH,0.036157260987966566
2024.07.04,000015.SZ,0.19978242346065736
2024.07.04,000048.SZ,0.208691911419869
2024.07.04,000003.SZ,0.11743670069655014
2024.07.04,600043.SH,0.03734066893471984
2024.07.04,000024.SZ,0.3747377863788465
2024.07.04,000002.SZ,0.017254747766053003
2024.07.04,000032.SZ,0.05712722893280855
2024.07.04,600027.SH,0.05687961711719505
2024.07.04,000027.SZ,0.0006468796023223849
2024.07.04,000022.SZ,0.26749373120929576
2024.07.04,000047.SZ,0.009472848696625152
2024.07.04,000009.SZ,0.02119426695944195
2024.07.04,600041.SH,0.31915702989457917
2024.07.04,600003.SH,0.183463998317234
2024.07.04,600007.SH,0.28279823298221846
2024.07.04,000016.SZ,0.09223475452533719
2024.07.04,600006.SH,0.3591528650138452
2024.07.04,000007.SZ,0.12897356373992874
2024.07.04,600005.SH,0.07219229918733328
2024.07.04,600008.SH,0.046933347090325414
2024.07.04,600011.SH,0.2171604910962669
2024.07.04,600024.SH,0.033752459881236145
2024.07.04,000046.SZ,0.24389174060682406
2024.07.04,000029.SZ,0.033867061340098314
2024.07.04,600000.SH,0.20934517845644487
2024.07.04,000037.SZ,0.4292354713707102
2024.07.04,600021.SH,0.06074017753338864
2024.07.04,600047.SH,0.07948509404429514
2024.07.04,600028.SH,0.006588638270900487
2024.07.04,600031.SH,0.15294884518925997
2024.07.04,600017.SH,0.03217192416982078
2024.07.04,000030.SZ,0.005032588773790122
2024.07.04,000023.SZ,0.10897010839226141
2024.07.04,000038.SZ,0.06934578066657122
2024.07.04,000042.SZ,0.1876820950379299
2024.07.04,600046.SH,0.19148193761311302
2024.07.04,600009.SH,0.1519823489500106
2024.07.04,000034.SZ,0.041268825576848245
2024.07.04,600022.SH,0.1942831934021472
2024.07.04,600044.SH,0.027752888371616595
2024.07.04,000012.SZ,0.046454947382764886
2024.07.04,600025.SH,0.08761660953468732
2024.07.04,600030.SH,0.161726592132778
2024.07.04,000040.SZ,0.024199501725042205
2024.07.04,000044.SZ,0.027567468703241785
2024.07.04,000017.SZ,0.07805145954562132
2024.07.04,600014.SH,0.10699447266286617
2024.07.04,600032.SH,0.010010769503227272
2024.07.04,600035.SH,0.02879084088943546
2024.07.04,000013.SZ,0.06040949640543099
2024.07.04,600004.SH,0.012391380925401247
2024.07.04,000049.SZ,0.1431948603093132
2024.07.04,000006.SZ,0.03275093666224763
2024.07.04,000025.SZ,0.21795262584973252
2024.07.04,000014.SZ,0.045485655911724425
2024.07.04,600042.SH,0.06142140574982805
2024.07.04,000019.SZ,0.3188391910321499
2024.07.04,000033.SZ,0.09982382086268392
2024.07.04,000004.SZ,0.05288478721784384
2024.07.04,000001.SZ,0.08267284606811488
2024.07.04,000018.SZ,0.10794178637458385
2024.07.04,600034.SH,0.39172026252294223
2024.07.04,600023.SH,0.07533270471975213
2024.07.04,600039.SH,0.022501597302594885
2024.07.04,000005.SZ,0.13508012056343038
2024.07.04,000026.SZ,0.026635191911997553
2024.07.04,600016.SH,0.19362124768324301
2024.07.04,600029.SH,0.001356877834544133
2024.07.04,000008.SZ,0.038066452556098446
2024.07.04,600040.SH,0.0588630421490706
2024.07.04,600037.SH,0.0864671701538646
2024.07.04,000045.SZ,0.1093972959825938
2024.07.04,000020.SZ,0.14581967183384217
2024.07.04,600048.SH,0.37486326754733945
2024.07.04,600049.SH,0.1132921612876145
2024.07.04,600038.SH,0.0013446228896496959
2024.07.04,600045.SH,0.037968369287210646
2024.07.04,000043.SZ,0.2535236339251036
2024.07.04,000041.SZ,0.15132395302022358
2024.07.04,600018.SH,0.03620905847748311
2024.07.04,000036.SZ,0.1636617971497931
2024.07.04,000021.SZ,0.19851052040653797
2024.07.04,600020.SH,0.03800360491468128
2024.07.04,600001.SH,0.2701768425827979
2024.07.04,600002.SH,0.03857228154179274
2024.07.04,000039.SZ,0.102489138672294
2024.07.04,000011.SZ,0.07795413563030255
2024.07.04,000035.SZ,0.06289356135688624
2024.07.04,000028.SZ,0.27516001035794
2024.07.04,600015.SH,0.36564950593080736
2024.07.04,600033.SH,0.1204692845684134
2024.07.04,000050.SZ,0.31720658530756424
2024.07.04,600013.SH,0.13228312220101335
2024.07.04,600012.SH,0.23518789224558986
2024.07.05,600022.SH,0.10850637478651717
2024.07.05,600032.SH,0.024085259259438673
2024.07.05,000007.SZ,0.01678435606391253
2024.07.05,600047.SH,0.07083783061497792
2024.07.05,600028.SH,0.10629914353532686
2024.07.05,000048.SZ,0.06875783118401667
2024.07.05,000046.SZ,0.11079139208079206
2024.07.05,000019.SZ,0.05617274812004217
2024.07.05,000044.SZ,0.21692215990897754
2024.07.05,600046.SH,0.007277109673416902
2024.07.05,000027.SZ,0.8668509925240102
2024.07.05,600040.SH,0.06876768977651282
2024.07.05,600015.SH,0.18452313233420273
2024.07.05,000029.SZ,0.0006661846577908636
2024.07.05,600035.SH,0.012227669129040117
2024.07.05,000004.SZ,0.3440374773945272
2024.07.05,600031.SH,0.012367515095977792
2024.07.05,000013.SZ,0.033060762773816074
2024.07.05,000005.SZ,0.09011260954312783
2024.07.05,000045.SZ,0.12219103463782438
2024.07.05,600000.SH,0.09804338938269418
2024.07.05,000043.SZ,0.07618093498345004
2024.07.05,600002.SH,0.1966326141813888
2024.07.05,600013.SH,0.28522145146171923
2024.07.05,000006.SZ,0.2377516732938854
2024.07.05,600018.SH,0.11979899579168023
2024.07.05,000039.SZ,0.40062540994992074
2024.07.05,000023.SZ,0.17530488690626872
2024.07.05,000049.SZ,0.04711364543455843
2024.07.05,600044.SH,0.044589716242012224
2024.07.05,000020.SZ,0.02070534013933569
2024.07.05,600006.SH,0.11865839626085152
2024.07.05,000003.SZ,0.029736233618879164
2024.07.05,600049.SH,0.24043168533318882
2024.07.05,000036.SZ,0.13290512165488774
2024.07.05,600001.SH,0.16858032406876136
2024.07.05,600011.SH,0.03160120323104621
2024.07.05,600034.SH,0.14883706674271355
2024.07.05,600025.SH,0.016024769904980366
2024.07.05,600007.SH,0.07108356650626417
2024.07.05,000010.SZ,0.006584708770934293
2024.07.05,600012.SH,0.13393500847035836
2024.07.05,600030.SH,0.006006132167855537
2024.07.05,000035.SZ,0.06546856355829718
2024.07.05,600037.SH,0.04805838352809398
2024.07.05,000047.SZ,0.3012101252320468
2024.07.05,000037.SZ,0.06727946386702258
2024.07.05,000001.SZ,0.2228091093457677
2024.07.05,600023.SH,0.29834172600783965
2024.07.05,600039.SH,0.04979217119915644
2024.07.05,600004.SH,0.012520000493005204
2024.07.05,000034.SZ,0.025996121940781443
2024.07.05,600020.SH,0.08347087462438674
2024.07.05,000018.SZ,0.0227171042022335
2024.07.05,000031.SZ,0.06984203463132609
2024.07.05,600014.SH,0.07212833827015996
2024.07.05,600029.SH,0.10214991015262409
2024.07.05,000022.SZ,0.06629411255909719
2024.07.05,000025.SZ,0.13761075807218562
2024.07.05,000002.SZ,0.11100066484976504
2024.07.05,600045.SH,0.08584956509030925
2024.07.05,000015.SZ,0.35097374385201474
2024.07.05,000008.SZ,0.07474832897698147
2024.07.05,000016.SZ,0.20255862720033052
2024.07.05,600016.SH,0.1785839999975255
2024.07.05,000028.SZ,0.2031858524077346
2024.07.05,600027.SH,0.009483013841780588
2024.07.05,000042.SZ,0.010198327065148472
2024.07.05,600048.SH,0.2690403584516139
2024.07.05,000026.SZ,0.11454434222301242
2024.07.05,000024.SZ,0.06040692630284306
2024.07.05,000030.SZ,0.03875190923020973
2024.07.05,600042.SH,0.008148198191515814
2024.07.05,600041.SH,0.28234705475950306
2024.07.05,600010.SH,0.3296577694499473
2024.07.05,000040.SZ,0.014599591631462157
2024.07.05,600019.SH,0.005262109061010599
2024.07.05,000032.SZ,0.3842503716917024
2024.07.05,600043.SH,0.31875451999002585
2024.07.05,600008.SH,0.1846334662858557
2024.07.05,000017.SZ,0.025174064096102886
2024.07.05,600036.SH,0.05769320524068377
2024.07.05,000011.SZ,0.11297316495325309
2024.07.05,000012.SZ,0.08819593270433072
2024.07.05,600038.SH,0.24530691126608448
2024.07.05,600009.SH,0.08690066177179466
2024.07.05,600005.SH,0.15027504230913658
2024.07.05,600017.SH,0.01548643560580941
2024.07.05,000050.SZ,0.14735815637135732
2024.07.05,600033.SH,0.2561457130590199
2024.07.05,000038.SZ,0.020074582959350593
2024.07.05,000014.SZ,0.0928581552710519
2024.07.05,000033.SZ,0.12970731835397573
2024.07.05,600021.SH,0.048474734969567945
2024.07.05,000041.SZ,0.2688344720424624
2024.07.05,600024.SH,0.27569333881343416
2024.07.05,600026.SH,0.18247683368039014
2024.07.08,000047.SZ,0.11580838661647139
2024.07.08,000008.SZ,0.1445602009878205
2024.07.08,600042.SH,0.008796730606602098
2024.07.08,000009.SZ,0.4421178732282108
2024.07.08,600022.SH,0.008505945109850595
2024.07.08,000037.SZ,0.03624296452343915
2024.07.08,600009.SH,0.003302539765254151
2024.07.08,000024.SZ,0.028670863345621054
2024.07.08,000010.SZ,0.24475281547444008
2024.07.08,600003.SH,0.3061930163179611
2024.07.08,600010.SH,0.025962990446050906
2024.07.08,000023.SZ,0.38650392102779035
2024.07.08,600011.SH,0.051728549708040195
2024.07.08,000035.SZ,0.3314492893349108
2024.07.08,000016.SZ,0.0034511778602532746
2024.07.08,600048.SH,0.04675929689312892
2024.07.08,000025.SZ,0.18009797454169182
2024.07.08,600039.SH,0.01630159677929624
2024.07.08,000006.SZ,0.010169482805651213
2024.07.08,000030.SZ,0.2681685484396735
2024.07.08,600047.SH,0.01959794039733702
2024.07.08,600043.SH,0.1286212459129134
2024.07.08,600036.SH,0.16305754246773524
2024.07.08,000014.SZ,0.18527864842775094
2024.07.08,000032.SZ,0.16331932393039858
2024.07.08,600041.SH,0.04120873550474166
2024.07.08,600040.SH,0.5151357245994875
2024.07.08,600032.SH,0.10551617737998462
2024.07.08,000044.SZ,0.012149911341163472
2024.07.08,600030.SH,0.044519974929246524
2024.07.08,000013.SZ,0.1465759283938714
2024.07.08,000038.SZ,0.02949153332304027
2024.07.08,000018.SZ,0.16442603701974265
2024.07.08,600033.SH,0.09528067307351745
2024.07.08,600031.SH,0.11523261479830642
2024.07.08,000001.SZ,0.026851061967032915
2024.07.08,000029.SZ,0.0030462699502723694
2024.07.08,000034.SZ,0.1906044285410688
2024.07.08,000040.SZ,0.0037194291406402766
2024.07.08,600025.SH,0.00980692547239169
2024.07.08,000007.SZ,0.006922604900586454
2024.07.08,600035.SH,0.12785973780822343
2024.07.08,000042.SZ,0.15968035006376444
2024.07.08,000021.SZ,0.21531262888079977
2024.07.08,600037.SH,0.1330337277996322
2024.07.08,000033.SZ,0.726189459767667
2024.07.08,600038.SH,0.005270259094781488
2024.07.08,600006.SH,0.0635872518701383
2024.07.08,600034.SH,0.029151881492085623
2024.07.08,000045.SZ,0.595198076742864
2024.07.08,000003.SZ,0.007420378667397552
2024.07.08,000020.SZ,0.05131241497974027
2024.07.08,600015.SH,0.289589507066206
2024.07.08,000019.SZ,0.04125359254555577
2024.07.08,000049.SZ,0.09163702832664522
2024.07.08,600004.SH,0.0808825545492679
2024.07.08,600013.SH,0.036040806483284546
2024.07.08,000039.SZ,0.012858421617447052
2024.07.08,000022.SZ,0.09413126931810202
2024.07.08,600017.SH,0.1453189089245517
2024.07.08,000036.SZ,0.19177950971354596
2024.07.08,600026.SH,0.28536998238490285
2024.07.08,600027.SH,0.06632824884825182
2024.07.08,000043.SZ,0.04682451748342565
2024.07.08,600018.SH,0.0966424716693015
2024.07.08,600012.SH,0.06198762715828305
2024.07.08,600007.SH,0.017273633910672354
2024.07.08,000005.SZ,0.31936402284386084
2024.07.08,000031.SZ,0.03785270491665149
2024.07.08,600008.SH,0.1554925411064131
2024.07.08,000011.SZ,0.11527184238804991
2024.07.08,600045.SH,0.04648843241797243
2024.07.08,000027.SZ,0.0693199752874
2024.07.08,600046.SH,0.08409076494191625
2024.07.08,600021.SH,0.3342925319998434
2024.07.08,600016.SH,0.05503285151679328
2024.07.08,600044.SH,0.02932798902973834
2024.07.08,600005.SH,0.1142448503591868
2024.07.08,000048.SZ,0.03760529274964232
2024.07.08,000046.SZ,0.03849518414568858
2024.07.08,600049.SH,0.028277870530186534
2024.07.08,000012.SZ,0.10303206135189981
2024.07.08,000017.SZ,0.05611475699066592
2024.07.08,000004.SZ,0.04382030651522835
2024.07.08,600020.SH,0.2849552161512706
2024.07.08,600028.SH,0.014458430735865715
2024.07.08,000028.SZ,0.0492571519493736
2024.07.08,000015.SZ,0.02661172234915068
2024.07.08,600014.SH,0.2796380589400077
2024.07.08,000041.SZ,0.1734308046480697
2024.07.08,600000.SH,0.17990426820285674
2024.07.08,600002.SH,0.12030551393627907
2024.07.08,000050.SZ,0.04341271858895797
2024.07.08,600024.SH,0.07687653230903266
2024.07.08,600023.SH,0.021463355559866313
2024.07.08,000002.SZ,0.0886633841018318
2024.07.08,600001.SH,0.29568588132708834
2024.07.08,600029.SH,0.03533568780161249
2024.07.09,000027.SZ,0.03065887341436629
2024.07.09,000044.SZ,0.2253938530308166
2024.07.09,000023.SZ,0.1575182145555951
2024.07.09,600025.SH,0.06682305621282833
2024.07.09,600034.SH,0.06950166612668299
2024.07.09,600009.SH,0.017570493393364493
2024.07.09,000040.SZ,0.1381642322327172
2024.07.09,600006.SH,0.10156669654153262
2024.07.09,000031.SZ,0.16188508654992273
2024.07.09,600040.SH,0.014963523921866284
2024.07.09,000010.SZ,0.008174634575096625
2024.07.09,000020.SZ,0.28931331182451453
2024.07.09,000035.SZ,0.06268379616869514
2024.07.09,600030.SH,0.06337401159265788
2024.07.09,000025.SZ,0.12988689284528288
2024.07.09,600003.SH,0.02144808673429009
2024.07.09,000012.SZ,0.0009120798401434998
2024.07.09,600020.SH,0.2672034741579196
2024.07.09,000003.SZ,0.04646306386290741
2024.07.09,600023.SH,0.2492443392242268
2024.07.09,600044.SH,0.13358052303952117
2024.07.09,600037.SH,0.35254393067035106
2024.07.09,600035.SH,0.016644546677619155
2024.07.09,600026.SH,0.10338118457112015
2024.07.09,000037.SZ,0.10282294245472971
2024.07.09,600039.SH,0.2357970862127633
2024.07.09,600016.SH,0.019793337533955603
2024.07.09,600027.SH,0.3333605044665505
2024.07.09,600028.SH,0.1877594579914934
2024.07.09,600024.SH,0.09154246296595642
2024.07.09,600004.SH,0.10172524935707834
2024.07.09,600018.SH,0.06110268934356233
2024.07.09,000041.SZ,0.05270605380391505
2024.07.09,000024.SZ,0.061189214768932326
2024.07.09,600049.SH,0.0021764436642251394
2024.07.09,000015.SZ,0.01821638616751971
2024.07.09,000043.SZ,0.08006114391415975
2024.07.09,600043.SH,0.35291514849586725
2024.07.09,600014.SH,0.04346028415223249
2024.07.09,600022.SH,0.06949890657708148
2024.07.09,600021.SH,0.29661398479980844
2024.07.09,600010.SH,0.409104139161074
2024.07.09,000022.SZ,0.0961977087600382
2024.07.09,600046.SH,0.18511233667317317
2024.07.09,600007.SH,0.05583816807447779
2024.07.09,000047.SZ,0.29089274625505285
2024.07.09,600000.SH,0.007251175639713274
2024.07.09,000016.SZ,0.1681826490510626
2024.07.09,000002.SZ,0.08183526252049604
2024.07.09,000005.SZ,0.4131967492978429
2024.07.09,000050.SZ,0.05309411436604599
2024.07.09,000026.SZ,0.0356657363076563
2024.07.09,000009.SZ,0.0811022490998346
2024.07.09,600032.SH,0.19205335801551512
2024.07.09,600008.SH,0.06121105857033236
2024.07.09,600012.SH,0.007981283104688491
2024.07.09,000018.SZ,0.047262019841111745
2024.07.09,000008.SZ,0.25081503535065464
2024.07.09,000021.SZ,0.44942858131022945
2024.07.09,600047.SH,0.017349874749391803
2024.07.09,000038.SZ,0.054247881909261775
2024.07.09,000017.SZ,0.08980988726712966
2024.07.09,000045.SZ,0.2748322228571138
2024.07.09,000004.SZ,0.20096305377273954
2024.07.09,000006.SZ,0.033001466741352
2024.07.09,000048.SZ,0.015795376365604966
2024.07.09,000032.SZ,0.0066179057811385405
2024.07.09,000019.SZ,0.01989784118058756
2024.07.09,600045.SH,0.03336389341713156
2024.07.09,000036.SZ,0.1354376892916897
2024.07.09,000007.SZ,0.022783410949215276
2024.07.09,000011.SZ,0.0085737532814081
2024.07.09,000014.SZ,0.10201601773338216
2024.07.09,000033.SZ,0.029364875246982412
2024.07.09,600011.SH,0.10594008412357442
2024.07.09,600013.SH,0.07697683800649373
2024.07.09,600002.SH,0.04189643287803397
2024.07.09,600036.SH,0.13161919644357334
2024.07.09,000028.SZ,0.018423892041782394
2024.07.09,600019.SH,0.29314583674782174
2024.07.09,600048.SH,0.14989690258345967
2024.07.09,600042.SH,0.1677627613151908
2024.07.09,600015.SH,0.23863503276902062
2024.07.09,000046.SZ,0.19856351190542382
2024.07.09,000042.SZ,0.0539799767138368
2024.07.09,000029.SZ,0.1093913155494109
2024.07.09,000001.SZ,0.038903663493619324
2024.07.09,600029.SH,0.07340878213981271
2024.07.09,600041.SH,0.06483806160131933
2024.07.09,600005.SH,0.2519667971973191
2024.07.09,000030.SZ,0.199544380269863
2024.07.09,600033.SH,0.8036955800214244
2024.07.09,600038.SH,0.36177174948209295
2024.07.09,000034.SZ,0.1764381722311023
2024.07.09,000013.SZ,0.12030734113637151
2024.07.09,000049.SZ,0.33567203873013235
2024.07.09,600001.SH,0.09035191031770874
2024.07.09,600017.SH,0.09019462619035207
2024.07.10,000023.SZ,0.23428983089496766
2024.07.10,000044.SZ,0.0230162347209081
2024.07.10,600025.SH,0.05587234730924466
2024.07.10,600032.SH,0.041165239212288394
2024.07.10,000003.SZ,0.48652324552395376
2024.07.10,000049.SZ,0.05466225723114807
2024.07.10,600012.SH,0.003944605685242109
2024.07.10,000047.SZ,0.010246794602466134
2024.07.10,000021.SZ,0.030850723315110858
2024.07.10,000012.SZ,0.003824619539183153
2024.07.10,600033.SH,0.018817064382096085
2024.07.10,600020.SH,0.012430088403905403
2024.07.10,600038.SH,0.10346756850467694
2024.07.10,000035.SZ,0.0107581114814919
2024.07.10,600040.SH,0.1320680683294265
2024.07.10,600000.SH,0.05627192283486608
2024.07.10,600027.SH,0.0780925689377515
2024.07.10,600036.SH,0.17447768303747785
2024.07.10,000004.SZ,0.09159058174257577
2024.07.10,000030.SZ,0.22506306009718804
2024.07.10,000005.SZ,0.05352097312281242
2024.07.10,600039.SH,0.019606632200123604
2024.07.10,000018.SZ,0.24682189355997874
2024.07.10,000015.SZ,0.027269052236338874
2024.07.10,600024.SH,0.2798554738964922
2024.07.10,000039.SZ,0.06481824073358994
2024.07.10,000045.SZ,0.04397331295049578
2024.07.10,600005.SH,0.1552758009360539
2024.07.10,600017.SH,0.02891730851671161
2024.07.10,600002.SH,0.1440070610609694
2024.07.10,000020.SZ,0.024091905592876082
2024.07.10,000022.SZ,0.028107338225671904
2024.07.10,000037.SZ,0.004980591556318079
2024.07.10,600047.SH,0.0793679725916831
2024.07.10,600014.SH,0.08903836863774048
2024.07.10,000007.SZ,0.045207436596116854
2024.07.10,000046.SZ,0.2697203879152227
2024.07.10,600046.SH,0.16941104992801828
2024.07.10,000036.SZ,0.2539076249940595
2024.07.10,000002.SZ,0.11707671221027723
2024.07.10,000029.SZ,0.14178891872469152
2024.07.10,600022.SH,0.1087034605088932
2024.07.10,000008.SZ,0.27719557193064054
2024.07.10,000028.SZ,0.12336981966291834
2024.07.10,600011.SH,0.06684173972965281
2024.07.10,600007.SH,0.12630688341369856
2024.07.10,600015.SH,0.11383966076991388
2024.07.10,600003.SH,0.17214499889900092
2024.07.10,000031.SZ,0.1199758021087869
2024.07.10,600008.SH,0.05187640478980517
2024.07.10,600016.SH,0.0006269660338511616
2024.07.10,600026.SH,0.009461417406204377
2024.07.10,600023.SH,0.0846229474307509
2024.07.10,600004.SH,0.007940340621689456
2024.07.10,600035.SH,0.05817830373605476
2024.07.10,000048.SZ,0.11793805884419117
2024.07.10,600048.SH,0.20883019234122566
2024.07.10,600029.SH,0.014683171395263945
2024.07.10,600010.SH,0.02808884577191563
2024.07.10,000009.SZ,0.04142035495904073
2024.07.10,600031.SH,0.03871639458806335
2024.07.10,600018.SH,0.10505307908709612
2024.07.10,600009.SH,0.06444431903216016
2024.07.10,600042.SH,0.2764931374177679
2024.07.10,000011.SZ,0.3020711217116265
2024.07.10,600049.SH,0.18346503756254512
2024.07.10,600006.SH,0.04686321531501451
2024.07.10,000032.SZ,0.2641390119626712
2024.07.10,600001.SH,0.13500757418273
2024.07.10,600041.SH,0.03586530248823894
2024.07.10,600019.SH,0.04627495956389105
2024.07.10,000026.SZ,0.1432975048637649
2024.07.10,600034.SH,0.2845916693052043
2024.07.10,600043.SH,0.057627018618083996
2024.07.10,000017.SZ,0.047674961686296716
2024.07.10,000038.SZ,0.06140054819168321
2024.07.10,000025.SZ,0.04141754501150117
2024.07.10,600044.SH,0.01157370523241217
2024.07.10,000034.SZ,0.30379072380153993
2024.07.10,600037.SH,0.018504203103293232
2024.07.10,000041.SZ,0.01912751508178725
2024.07.10,000027.SZ,0.08102317446412999
2024.07.10,600045.SH,0.017950490371177824
2024.07.10,000042.SZ,0.05141811164058592
2024.07.10,000040.SZ,0.29409950629741827
2024.07.10,000033.SZ,0.036187900191249546
2024.07.10,000043.SZ,0.13759224069545756
2024.07.10,600030.SH,0.10253370022108081
2024.07.10,600013.SH,0.015064051498167162
2024.07.10,600021.SH,0.05733888576467634
2024.07.10,600028.SH,0.1287685154438224
2024.07.10,000010.SZ,0.08427063126547622
2024.07.10,000006.SZ,0.0019179102960728567
2024.07.10,000019.SZ,0.12789831172550561
2024.07.10,000014.SZ,0.011444020786521162
2024.07.10,000001.SZ,0.02199882718767138
2024.07.10,000013.SZ,0.09107697039840347
2024.07.11,000015.SZ,0.0031108084507477244
2024.07.11,000014.SZ,0.07893205294736132
2024.07.11,600015.SH,0.033402592554206904
2024.07.11,600002.SH,0.1480756204930516
2024.07.11,000043.SZ,0.13034802880255736
2024.07.11,600041.SH,0.0036930097319899497
2024.07.11,600026.SH,0.07215113545562124
2024.07.11,000025.SZ,0.18190694100588473
2024.07.11,600014.SH,0.09069694447995741
2024.07.11,000044.SZ,0.14718343201681533
2024.07.11,000012.SZ,0.1777462564491225
2024.07.11,000032.SZ,0.16445402364112574
2024.07.11,600011.SH,0.0020966930627005134
2024.07.11,600008.SH,0.06427879364257334
2024.07.11,000002.SZ,0.044546476040008956
2024.07.11,000031.SZ,0.11955934576444904
2024.07.11,600019.SH,0.05065852720606008
2024.07.11,000034.SZ,0.04211611611863164
2024.07.11,000004.SZ,0.12179013857195281
2024.07.11,000048.SZ,0.15027228169547477
2024.07.11,000049.SZ,0.11493315387743147
2024.07.11,600037.SH,0.13858018270302977
2024.07.11,600035.SH,0.2728571958555378
2024.07.11,600024.SH,0.12666871176858988
2024.07.11,000022.SZ,0.3085726092873259
2024.07.11,600016.SH,0.014517323775428225
2024.07.11,600046.SH,0.09413336439650334
2024.07.11,000036.SZ,0.018152103111337324
2024.07.11,000011.SZ,0.057036729317698494
2024.07.11,000046.SZ,0.20704898686100331
2024.07.11,000009.SZ,0.05701747734130599
2024.07.11,600013.SH,0.2603647222151422
2024.07.11,600044.SH,0.00947689512733726
2024.07.11,600004.SH,0.05823175767743129
2024.07.11,000020.SZ,0.06459274364324369
2024.07.11,000005.SZ,0.008456213032755611
2024.07.11,600031.SH,0.265668451789386
2024.07.11,600027.SH,0.18647344972287952
2024.07.11,600030.SH,0.14722620450664214
2024.07.11,600040.SH,0.18616783324442623
2024.07.11,600009.SH,0.6204776456299087
2024.07.11,000019.SZ,0.03985273218038873
2024.07.11,600017.SH,0.005874724392083198
2024.07.11,000047.SZ,0.09626599487953272
2024.07.11,600047.SH,0.058311025235636076
2024.07.11,000024.SZ,0.11012325338939172
2024.07.11,600042.SH,0.0070275329387783315
2024.07.11,600022.SH,0.5418998925321034
2024.07.11,000035.SZ,0.21009150854325995
2024.07.11,600039.SH,0.19842616899640095
2024.07.11,000037.SZ,0.06651913267059172
2024.07.11,600043.SH,0.007422861385030245
2024.07.11,600033.SH,0.2441448583800486
2024.07.11,600045.SH,0.1484841640637368
2024.07.11,600038.SH,0.19481919548792279
2024.07.11,000050.SZ,0.07908530751320345
2024.07.11,600020.SH,0.05238482290065005
2024.07.11,600034.SH,0.11928097500209722
2024.07.11,000008.SZ,0.009452642689351773
2024.07.11,000023.SZ,0.003176167227094257
2024.07.11,000041.SZ,0.17199348900748798
2024.07.11,600005.SH,0.19552997610982262
2024.07.11,000018.SZ,0.08278045360171966
2024.07.11,600010.SH,0.05352311419277786
2024.07.11,000001.SZ,0.2080705329420462
2024.07.11,000040.SZ,0.006804396844041853
2024.07.11,600036.SH,0.044239919818461246
2024.07.11,000021.SZ,0.1861313374443536
2024.07.11,000007.SZ,0.11498355597783483
2024.07.11,000003.SZ,0.03781766590356466
2024.07.11,000028.SZ,0.8041216801038051
2024.07.11,600032.SH,0.015604179623997813
2024.07.11,000038.SZ,0.17630643975038002
2024.07.11,000042.SZ,0.08969263194797157
2024.07.11,000029.SZ,0.05882747787491024
2024.07.11,600001.SH,0.012877170266133496
2024.07.11,000010.SZ,0.01831270610746199
2024.07.11,000013.SZ,0.05614644315309006
2024.07.11,000045.SZ,0.01627573507665687
2024.07.11,000006.SZ,0.20909797926924015
2024.07.11,600021.SH,0.11854364112287002
2024.07.11,600049.SH,0.13994808094848915
2024.07.11,000026.SZ,0.35152105280609974
2024.07.11,600012.SH,0.11097414130775703
2024.07.11,600006.SH,0.017298701615102104
2024.07.11,600023.SH,0.0751208775272475
2024.07.11,600003.SH,0.018533058959157182
2024.07.11,600025.SH,0.1393549728067198
2024.07.11,600028.SH,0.11780912718492419
2024.07.11,000027.SZ,0.03373441723053392
2024.07.11,000017.SZ,0.07422385831208245
2024.07.11,000030.SZ,0.005125881901813655
2024.07.11,000039.SZ,0.1297415421078017
2024.07.11,000016.SZ,0.08823580336117942
2024.07.11,600007.SH,0.027127366470104875
2024.07.11,600000.SH,0.10435090819633977
2024.07.12,000045.SZ,0.2398385666475689
2024.07.12,000019.SZ,0.018983883599802652
2024.07.12,000015.SZ,0.1057265772940875
2024.07.12,600021.SH,0.06352372157924399
2024.07.12,000043.SZ,0.0030819329518604675
2024.07.12,000050.SZ,0.3827526306043118
2024.07.12,000021.SZ,0.09629769797336879
2024.07.12,000039.SZ,0.10843615888965359
2024.07.12,000037.SZ,0.21451940762564772
2024.07.12,000012.SZ,0.03472568292632281
2024.07.12,000046.SZ,0.087588444772791
2024.07.12,600019.SH,0.4022031629021738
2024.07.12,600007.SH,0.09198211789295892
2024.07.12,000009.SZ,0.17719494571555902
2024.07.12,000048.SZ,0.12499208075903427
2024.07.12,000025.SZ,0.027265461880370382
2024.07.12,600002.SH,0.9827977547846167
2024.07.12,600022.SH,0.05887640443041668
2024.07.12,000038.SZ,0.1723578903029879
2024.07.12,000040.SZ,0.11026459860231186
2024.07.12,600046.SH,0.14406375021992598
2024.07.12,600037.SH,0.04057372361345545
2024.07.12,600009.SH,0.13076158873707844
2024.07.12,600020.SH,0.03888542039565782
2024.07.12,000033.SZ,0.046281392646581127
2024.07.12,000018.SZ,0.04029014672435058
2024.07.12,600040.SH,0.013448881381296126
2024.07.12,000001.SZ,0.24858536098698328
2024.07.12,600049.SH,0.3264017147001199
2024.07.12,000005.SZ,0.000282454101678005
2024.07.12,600032.SH,0.022839998498248998
2024.07.12,600031.SH,0.18838475932478727
2024.07.12,600000.SH,0.000781663827091706
2024.07.12,000008.SZ,0.4974886465964967
2024.07.12,600030.SH,0.28072900660041467
2024.07.12,600042.SH,0.07315863077993305
2024.07.12,000027.SZ,0.007191810789526224
2024.07.12,000036.SZ,0.019889421410850504
2024.07.12,000010.SZ,0.40440562733253965
2024.07.12,600035.SH,0.09727968443555884
2024.07.12,600036.SH,0.11481683996755902
2024.07.12,600012.SH,0.22810311981442916
2024.07.12,600047.SH,0.24269600815974665
2024.07.12,000013.SZ,0.1465685171886216
2024.07.12,000007.SZ,0.05640199808459092
2024.07.12,600011.SH,0.08440368066114862
2024.07.12,000031.SZ,0.07358204179372455
2024.07.12,600026.SH,0.1585484427436857
2024.07.12,600039.SH,0.006351531227271734
2024.07.12,000049.SZ,0.18509645234879976
2024.07.12,600023.SH,0.37124835318048666
2024.07.12,600010.SH,0.048011275971597295
2024.07.12,000003.SZ,0.18027684669222688
2024.07.12,600025.SH,0.0048976636861822005
2024.07.12,000030.SZ,0.3467121383117735
2024.07.12,600016.SH,0.04951954888140476
2024.07.12,000022.SZ,0.06799745336716184
2024.07.12,600044.SH,0.11552600680813607
2024.07.12,000020.SZ,0.045641329010025294
2024.07.12,600005.SH,0.06472079174535507
2024.07.12,600034.SH,0.0733102051196297
2024.07.12,000017.SZ,0.03357114416852182
2024.07.12,000006.SZ,0.0011725142223359113
2024.07.12,000029.SZ,0.03683476965811195
2024.07.12,600004.SH,0.0543449921990224
2024.07.12,600045.SH,0.1819053798830793
2024.07.12,000026.SZ,0.004112375729688081
2024.07.12,000004.SZ,0.08025581249185117
2024.07.12,600041.SH,0.014934659227813908
2024.07.12,000035.SZ,0.07846298597593032
2024.07.12,000028.SZ,0.047835809327756385
2024.07.12,600008.SH,0.0015063282502241096
2024.07.12,600038.SH,0.15153573126831504
2024.07.12,600028.SH,0.1350211225714186
2024.07.12,600013.SH,0.04150428460909722
2024.07.12,600024.SH,0.08004372707733752
2024.07.12,000023.SZ,0.21826206678727766
2024.07.12,000011.SZ,0.12130718664041777
2024.07.12,600006.SH,0.1985868419619951
2024.07.12,000034.SZ,0.12287119524253821
2024.07.12,000042.SZ,0.28556952064740043
2024.07.12,000002.SZ,0.007913641233133512
2024.07.12,600027.SH,0.06962744309097935
2024.07.12,600029.SH,0.19063598954763614
2024.07.12,600001.SH,0.10021886263438988
2024.07.12,600014.SH,0.16108548183475327
2024.07.12,000044.SZ,0.09248307250115614
2024.07.12,600033.SH,0.3379865633941825
2024.07.12,600003.SH,0.08562161133070402
2024.07.12,000032.SZ,0.026163662441255307
2024.07.12,000016.SZ,0.39228589267324404
2024.07.12,600018.SH,0.036204774075521334
2024.07.12,000041.SZ,0.14282005642554743
2024.07.12,600015.SH,0.009601140832798425
2024.07.12,600048.SH,0.010055991005522591
2024.07.12,600043.SH,0.30625031457047736
2024.07.15,600032.SH,0.08804441566625251
2024.07.15,600049.SH,0.012674394624130765
2024.07.15,600019.SH,0.171925241961363
2024.07.15,000003.SZ,0.15053140678909213
2024.07.15,000016.SZ,0.04309989434912567
2024.07.15,600041.SH,0.16839969592912274
2024.07.15,000041.SZ,0.07002855818597414
2024.07.15,600043.SH,0.1313402177247942
2024.07.15,000027.SZ,0.055403396420444624
2024.07.15,600048.SH,0.0012941445496492845
2024.07.15,000019.SZ,0.037696046129054556
2024.07.15,000037.SZ,0.07292661588323754
2024.07.15,000040.SZ,0.14575925666975262
2024.07.15,000047.SZ,0.21472074757349746
2024.07.15,000036.SZ,0.1421186576508327
2024.07.15,000022.SZ,0.23891684001021132
2024.07.15,000013.SZ,0.11942322436693806
2024.07.15,600038.SH,0.12357525264740955
2024.07.15,000002.SZ,0.03717444537499099
2024.07.15,600044.SH,0.07442225002086165
2024.07.15,000032.SZ,0.09642572680717716
2024.07.15,000033.SZ,0.1906658512759488
2024.07.15,000004.SZ,0.022186132457564317
2024.07.15,000042.SZ,0.03915357129661415
2024.07.15,000017.SZ,0.0014736517019079125
2024.07.15,600014.SH,0.1377672396144938
2024.07.15,000028.SZ,0.07752412820869184
2024.07.15,000034.SZ,0.03175934812983393
2024.07.15,600026.SH,0.1020445833799488
2024.07.15,600004.SH,0.44450392357139734
2024.07.15,600031.SH,0.07595518616039079
2024.07.15,600002.SH,0.03145992553161528
2024.07.15,000024.SZ,0.23351491549368664
2024.07.15,600033.SH,0.13508326950298952
2024.07.15,600025.SH,0.22285567935505488
2024.07.15,600023.SH,0.14765617484581403
2024.07.15,000039.SZ,0.019002692318348117
2024.07.15,600006.SH,0.07883844977557117
2024.07.15,600017.SH,0.03418905870307051
2024.07.15,600021.SH,0.18216962724124036
2024.07.15,000007.SZ,0.07564153388115545
2024.07.15,000009.SZ,0.01291973770379183
2024.07.15,600011.SH,0.36910580950176086
2024.07.15,600040.SH,0.14365679275041612
2024.07.15,600020.SH,0.025047865760197983
2024.07.15,600005.SH,0.1635394246553192
2024.07.15,000021.SZ,0.05153437517507857
2024.07.15,600009.SH,0.35273194142456515
2024.07.15,000038.SZ,0.09485313258759862
2024.07.15,600016.SH,0.06276526972642506
2024.07.15,000045.SZ,0.04436580223119012
2024.07.15,600007.SH,0.026235418583295686
2024.07.15,600028.SH,0.002945029563799915
2024.07.15,000025.SZ,0.06621664347809168
2024.07.15,600008.SH,0.027736851231280144
2024.07.15,000043.SZ,0.054598352249886226
2024.07.15,000031.SZ,0.10958349513237416
2024.07.15,600035.SH,0.0007005764511303322
2024.07.15,000010.SZ,0.07796910635944863
2024.07.15,000008.SZ,0.06640576653827775
2024.07.15,000012.SZ,0.08097646637683073
2024.07.15,000046.SZ,0.005297436966280993
2024.07.15,000005.SZ,0.19329916908174027
2024.07.15,000006.SZ,0.21847448280868484
2024.07.15,600046.SH,0.0753545192144234
2024.07.15,000015.SZ,0.021829029354387845
2024.07.15,600045.SH,0.3085303035595754
2024.07.15,000011.SZ,0.07315094613680863
2024.07.15,600042.SH,0.08006172039432084
2024.07.15,600018.SH,0.1716755037094479
2024.07.15,600003.SH,0.13154301570130128
2024.07.15,600030.SH,0.2122409707790879
2024.07.15,000014.SZ,0.07342945214999401
2024.07.15,000049.SZ,0.13307176635422086
2024.07.15,600024.SH,0.019044613581030857
2024.07.15,600015.SH,0.06575482417809815
2024.07.15,600036.SH,0.37987885957083617
2024.07.15,000026.SZ,0.07723823038091339
2024.07.15,600012.SH,0.09181824994612627
2024.07.15,000048.SZ,0.200175652691707
2024.07.15,000030.SZ,0.026946476306799447
2024.07.15,600037.SH,0.06385660755748077
2024.07.15,000050.SZ,0.1885570016393286
2024.07.15,600039.SH,0.22725595632043163
2024.07.15,600034.SH,0.2041988380941962
2024.07.15,600047.SH,0.018385969567810294
2024.07.15,000001.SZ,0.024880689178957378
2024.07.15,000020.SZ,0.09976386350375258
2024.07.15,000029.SZ,0.0004729932442548616
2024.07.15,600010.SH,0.13693814704533597
2024.07.15,600000.SH,0.1290474309608305
2024.07.15,000023.SZ,0.14245369398594784
2024.07.15,600029.SH,0.03377143531117859
2024.07.15,000044.SZ,0.020736004360095966
2024.07.15,600001.SH,0.01827048012766344
2024.07.15,000018.SZ,0.13659057921125858
2024.07.15,000035.SZ,0.1621668273198398
2024.07.15,600013.SH,0.039379855850020636
2024.07.16,600023.SH,0.053753696647336584
2024.07.16,600044.SH,0.08143692986838709
2024.07.16,600035.SH,0.005341212962455461
2024.07.16,000014.SZ,0.0505152892561334
2024.07.16,000043.SZ,0.11471907345954352
2024.07.16,600006.SH,0.06820129652983634
2024.07.16,000009.SZ,0.030213465597414446
2024.07.16,600019.SH,0.12051453906269392
2024.07.16,600039.SH,0.19360497240672345
2024.07.16,000038.SZ,0.03744743001659817
2024.07.16,600020.SH,0.059208542070936475
2024.07.16,000040.SZ,0.16702069372053494
2024.07.16,000048.SZ,0.02341921719714054
2024.07.16,600008.SH,0.10178788682010272
2024.07.16,600030.SH,0.041834940046854195
2024.07.16,000005.SZ,0.08578228983933661
2024.07.16,000006.SZ,0.008764022547043959
2024.07.16,600029.SH,0.0036164529396488544
2024.07.16,600012.SH,0.006312757004833711
2024.07.16,000032.SZ,0.04232817059786417
2024.07.16,600034.SH,0.041531124769105233
2024.07.16,600047.SH,0.062053425458460564
2024.07.16,000019.SZ,0.02065487294104553
2024.07.16,600028.SH,0.007718014542268848
2024.07.16,600003.SH,0.04833033261297465
2024.07.16,600042.SH,0.28317783097178956
2024.07.16,600031.SH,0.09109038519883333
2024.07.16,000025.SZ,0.11040439458711732
2024.07.16,000039.SZ,0.05801593241392208
2024.07.16,000008.SZ,0.926528343588826
2024.07.16,600013.SH,0.08344229645843858
2024.07.16,000049.SZ,0.014928772720072259
2024.07.16,600018.SH,0.16717942795421553
2024.07.16,000013.SZ,0.08113532657590065
2024.07.16,000002.SZ,0.0018783305638199995
2024.07.16,000017.SZ,0.2156317632987942
2024.07.16,600026.SH,0.16568597274465596
2024.07.16,600017.SH,0.05704021475771758
2024.07.16,600038.SH,0.06676192993602115
2024.07.16,000003.SZ,0.0841483087294247
2024.07.16,600022.SH,0.1684587466613678
2024.07.16,600004.SH,0.05283838230087633
2024.07.16,600041.SH,0.13308202704773253
2024.07.16,000010.SZ,0.05933213921562462
2024.07.16,600043.SH,0.18622069371311795
2024.07.16,600040.SH,0.004423544769279546
2024.07.16,600015.SH,0.104220115268437
2024.07.16,000001.SZ,0.04144370495959689
2024.07.16,600011.SH,0.09771105731275673
2024.07.16,600001.SH,0.17879416983693852
2024.07.16,600016.SH,0.3160700330855072
2024.07.16,600007.SH,0.1254292702316285
2024.07.16,000016.SZ,0.19374191780244654
2024.07.16,000015.SZ,0.007485241192753976
2024.07.16,600046.SH,0.1526481782907259
2024.07.16,000024.SZ,0.36931134548437866
2024.07.16,000050.SZ,0.16597058588923622
2024.07.16,000027.SZ,0.20345228129719317
2024.07.16,600048.SH,0.029649399377082084
2024.07.16,000021.SZ,0.14919654114535116
2024.07.16,000018.SZ,0.06472616748742835
2024.07.16,600010.SH,0.136496793871231
2024.07.16,000047.SZ,0.09306583969186019
2024.07.16,000028.SZ,0.07868360024618766
2024.07.16,000026.SZ,0.05956938449263152
2024.07.16,600037.SH,0.32038642871877404
2024.07.16,000029.SZ,0.20512235663705214
2024.07.16,600002.SH,0.199974315930353
2024.07.16,000045.SZ,0.1905856953898647
2024.07.16,000035.SZ,0.04561376580141381
2024.07.16,600025.SH,0.005927865312096343
2024.07.16,600005.SH,0.08939178342253058
2024.07.16,600036.SH,0.03635044261657262
2024.07.16,000004.SZ,0.22891842359966605
2024.07.16,600033.SH,0.12116501571952436
2024.07.16,000020.SZ,0.04327683428985082
2024.07.16,600009.SH,0.20246998745062936
2024.07.16,000044.SZ,0.3119122477807593
2024.07.16,000012.SZ,0.565572674924719
2024.07.16,000046.SZ,0.015370769814282231
2024.07.16,600045.SH,0.004341163084802515
2024.07.16,000022.SZ,0.04088225814730659
2024.07.16,600014.SH,0.13002089672376022
2024.07.16,000030.SZ,0.14851096323944857
2024.07.16,600000.SH,0.052718756673455804
2024.07.16,600021.SH,0.14766993462813968
2024.07.16,000037.SZ,0.18549808993803205
2024.07.16,000011.SZ,0.22815587704107929
2024.07.16,000042.SZ,0.008771238784355932
2024.07.16,000033.SZ,0.2017613731477422
2024.07.16,600032.SH,0.07418573864490877
2024.07.16,000036.SZ,0.02398134698027336
2024.07.16,600027.SH,0.011607920352887212
2024.07.16,600024.SH,0.058735356228648415
2024.07.16,000007.SZ,0.0216829607270757
2024.07.16,600049.SH,0.12317948561853713
2024.07.17,600031.SH,0.03576592333780387
2024.07.17,000015.SZ,0.11046806948748832
2024.07.17,600016.SH,0.0375726772674783
2024.07.17,600011.SH,0.15620805238903837
2024.07.17,000045.SZ,0.11641725358794894
2024.07.17,000020.SZ,0.00845934865516019
2024.07.17,000041.SZ,0.3054575536905389
2024.07.17,000036.SZ,0.13742773750490414
2024.07.17,600026.SH,0.10100029148070264
2024.07.17,000014.SZ,0.57097524396317
2024.07.17,000022.SZ,0.47685482611508273
2024.07.17,000034.SZ,0.05684622806621546
2024.07.17,600034.SH,0.12842182827271537
2024.07.17,000011.SZ,0.04919896742888848
2024.07.17,600020.SH,0.059207547264037354
2024.07.17,600038.SH,0.004204127970708894
2024.07.17,600047.SH,0.23007041778399043
2024.07.17,000017.SZ,0.040493714558749734
2024.07.17,600037.SH,0.17510848807033147
2024.07.17,000006.SZ,0.06270342819770791
2024.07.17,000019.SZ,0.11470450946213236
2024.07.17,000044.SZ,0.09194806149102236
2024.07.17,600006.SH,0.09915280610141784
2024.07.17,600046.SH,0.2001362379974149
2024.07.17,000026.SZ,0.08924068970390286
2024.07.17,600009.SH,0.0238460444396458
2024.07.17,000029.SZ,0.15893489913874592
2024.07.17,000003.SZ,0.2858095199620634
2024.07.17,000042.SZ,0.09035248568065372
2024.07.17,600040.SH,0.07112766938802263
2024.07.17,000033.SZ,0.3463466123149582
2024.07.17,000008.SZ,0.25812660242486574
2024.07.17,600043.SH,0.008620564337002812
2024.07.17,000025.SZ,0.02988978254427199
2024.07.17,600005.SH,0.12190707419090682
2024.07.17,600014.SH,0.10745596384548384
2024.07.17,600030.SH,0.008789106072408967
2024.07.17,000031.SZ,0.017068346697149624
2024.07.17,000035.SZ,0.007595171617235482
2024.07.17,000040.SZ,0.1631512614554534
2024.07.17,600008.SH,0.01744168503064202
2024.07.17,600021.SH,0.34945592315199336
2024.07.17,600032.SH,0.06699060911766484
2024.07.17,000037.SZ,0.24252255689022012
2024.07.17,600042.SH,0.6510203512479042
2024.07.17,000007.SZ,0.23776715102085152
2024.07.17,600022.SH,0.02916529762378946
2024.07.17,000027.SZ,0.13447039566746694
2024.07.17,000009.SZ,0.06210628322841851
2024.07.17,600027.SH,0.03338813424395924
2024.07.17,600028.SH,0.294766027311309
2024.07.17,600012.SH,0.027985414385266482
2024.07.17,000030.SZ,0.119135564773515
2024.07.17,000004.SZ,0.20813799354351198
2024.07.17,600036.SH,0.010240580832547148
2024.07.17,000048.SZ,0.0021768992660003363
2024.07.17,600004.SH,0.15872448260875582
2024.07.17,000039.SZ,0.1187368347405232
2024.07.17,600010.SH,0.021458328331490917
2024.07.17,600045.SH,0.052433437235344806
2024.07.17,000049.SZ,0.06271513885422995
2024.07.17,000010.SZ,0.0428490572535731
2024.07.17,000028.SZ,0.12824172068986786
2024.07.17,000002.SZ,0.035479439184848825
2024.07.17,600035.SH,0.40352631164872566
2024.07.17,600015.SH,0.3422720469210077
2024.07.17,600018.SH,0.021077380444065805
2024.07.17,000047.SZ,0.019706755627337265
2024.07.17,600013.SH,0.17039345407634254
2024.07.17,000038.SZ,0.11532026337048054
2024.07.17,000001.SZ,0.2620539024606801
2024.07.17,600000.SH,0.2063240419622804
2024.07.17,000016.SZ,0.12095989570632801
2024.07.17,600019.SH,0.007009333164609983
2024.07.17,000046.SZ,0.07463411110303064
2024.07.17,000021.SZ,0.10553869956307778
2024.07.17,000013.SZ,0.00883962617005681
2024.07.17,000032.SZ,0.18456948264978104
2024.07.17,600029.SH,0.28282659442305375
2024.07.17,000024.SZ,0.16364852370668173
2024.07.17,600049.SH,0.015388662074260253
2024.07.17,600017.SH,0.005081097075508552
2024.07.17,600048.SH,0.06100534037419046
2024.07.17,600025.SH,0.08232387212281121
2024.07.17,000050.SZ,0.07054277292763783
2024.07.17,600007.SH,0.17766897201685775
2024.07.17,600024.SH,0.2056991420515235
2024.07.17,600023.SH,0.06772477196589857
2024.07.17,600044.SH,0.12849366719449445
2024.07.17,000018.SZ,0.05346049518667024
2024.07.17,600041.SH,0.08095986467994132
2024.07.17,600039.SH,0.01625432401508965
2024.07.17,000043.SZ,0.17169596378929586
2024.07.17,000012.SZ,0.23334520836921355
2024.07.17,000005.SZ,0.3083690656584605
2024.07.17,600001.SH,0.08152534036628714
2024.07.17,600002.SH,0.3615114346092895
2024.07.17,600033.SH,0.08213667526826372
2024.07.18,600020.SH,0.18811215971239428
2024.07.18,600004.SH,0.022830098786786202
2024.07.18,000012.SZ,0.04571115650602446
2024.07.18,000049.SZ,0.052670300738220446
2024.07.18,000035.SZ,0.02353416352885107
2024.07.18,000013.SZ,0.07165121647528173
2024.07.18,000029.SZ,0.06344683607229296
2024.07.18,000021.SZ,0.1905950791942932
2024.07.18,000011.SZ,0.012808560287408104
2024.07.18,600016.SH,0.01571355083708766
2024.07.18,600006.SH,0.018802333968384877
2024.07.18,600043.SH,0.0424986148336665
2024.07.18,600048.SH,0.0398294860953363
2024.07.18,600022.SH,0.39855933371069396
2024.07.18,600034.SH,0.0965784218385913
2024.07.18,600046.SH,0.0711095305570955
2024.07.18,000005.SZ,0.14326951070208901
2024.07.18,000003.SZ,0.11197767654749052
2024.07.18,600028.SH,0.0566881737437139
2024.07.18,000010.SZ,0.047580422445584414
2024.07.18,000016.SZ,0.023089097555163796
2024.07.18,000002.SZ,0.15778389337475796
2024.07.18,000023.SZ,0.07582229711436057
2024.07.18,600008.SH,0.0029839166609302217
2024.07.18,000014.SZ,0.005962823951090855
2024.07.18,600019.SH,0.032053680933365254
2024.07.18,600015.SH,0.0023842337156418625
2024.07.18,600032.SH,0.24666047695080448
2024.07.18,600040.SH,0.002429784527741384
2024.07.18,000032.SZ,0.011581211070108725
2024.07.18,000020.SZ,0.10230879209647142
2024.07.18,600049.SH,0.05412549896584349
2024.07.18,600007.SH,0.10662017522481372
2024.07.18,600041.SH,0.24830013343094934
2024.07.18,600014.SH,0.3096952220540693
2024.07.18,600044.SH,0.018670353310119115
2024.07.18,600035.SH,0.35620493713338
2024.07.18,000040.SZ,0.0732835715140354
2024.07.18,000033.SZ,0.07571895504656723
2024.07.18,000009.SZ,0.12541581003521274
2024.07.18,000028.SZ,0.009419327734629371
2024.07.18,000004.SZ,0.0080432741699561
2024.07.18,600012.SH,0.2514670883941626
2024.07.18,000001.SZ,0.13925539470310505
2024.07.18,000045.SZ,0.002167839894910738
2024.07.18,000017.SZ,0.29552917315426286
2024.07.18,000022.SZ,0.04396447556378585
2024.07.18,000044.SZ,0.2800374599796637
2024.07.18,000018.SZ,0.020243567854219376
2024.07.18,000007.SZ,0.08918694852368561
2024.07.18,600031.SH,0.22267824196382857
2024.07.18,000050.SZ,0.016082229024783463
2024.07.18,600003.SH,0.1235468613984618
2024.07.18,600029.SH,0.3794138400952236
2024.07.18,000015.SZ,0.02552132177149395
2024.07.18,000006.SZ,0.08613828204073941
2024.07.18,600018.SH,0.007984877925433526
2024.07.18,600047.SH,0.19433687012077525
2024.07.18,600027.SH,0.3426211613483654
2024.07.18,600013.SH,0.05628660719803161
2024.07.18,000037.SZ,0.22805506898174346
2024.07.18,600045.SH,0.027024752216754107
2024.07.18,000046.SZ,0.17186319504215217
2024.07.18,600009.SH,0.052080964258389074
2024.07.18,000036.SZ,0.006878226397729894
2024.07.18,000008.SZ,0.13311888483388043
2024.07.18,000039.SZ,0.16294739612366138
2024.07.18,600026.SH,0.020796398961440712
2024.07.18,600024.SH,0.02112491276698289
2024.07.18,600011.SH,0.2798424648037937
2024.07.18,600017.SH,0.12227410379380806
2024.07.18,600030.SH,0.13315303200155607
2024.07.18,600038.SH,0.04187411762286694
2024.07.18,000025.SZ,0.16495525567120034
2024.07.18,000031.SZ,0.22727580393187038
2024.07.18,000027.SZ,0.06835634060233325
2024.07.18,600010.SH,0.13553988305592007
2024.07.18,000038.SZ,0.2404357483838877
2024.07.18,600001.SH,0.18847911500932785
2024.07.18,000019.SZ,0.0713961135041565
2024.07.18,600037.SH,0.23261953796681611
2024.07.18,600036.SH,0.0916700217452362
2024.07.18,000024.SZ,0.2829359437342871
2024.07.18,000048.SZ,0.15704112482078472
2024.07.18,600033.SH,0.1353178717407101
2024.07.18,600023.SH,0.21363278549747075
2024.07.18,600005.SH,0.17168094920041577
2024.07.18,000026.SZ,0.021475335447749183
2024.07.18,000047.SZ,0.23076919874202298
2024.07.18,600002.SH,0.2384291745442753
2024.07.18,600042.SH,0.15372006112846345
2024.07.18,600021.SH,0.16008512605320432
2024.07.18,600000.SH,0.21582996608371843
2024.07.18,600039.SH,0.12725864081449068
2024.07.18,000043.SZ,0.05373598200154189
2024.07.18,000034.SZ,0.11336700661330265
2024.07.18,600025.SH,0.21594847544829918
2024.07.19,600024.SH,0.19544348509209647
2024.07.19,000008.SZ,0.34919688488772355
2024.07.19,600042.SH,0.24753296121440432
2024.07.19,000003.SZ,0.1163547060396976
2024.07.19,600026.SH,0.007745478531428234
2024.07.19,000030.SZ,0.02506975674818599
2024.07.19,600033.SH,0.27942394114523295
2024.07.19,000025.SZ,0.46976644585427
2024.07.19,600032.SH,0.005815554348185206
2024.07.19,000015.SZ,0.11801786442749691
2024.07.19,000018.SZ,0.04716144449568099
2024.07.19,600048.SH,0.08262103938824408
2024.07.19,000037.SZ,0.06485427428548901
2024.07.19,600014.SH,0.00822066425772573
2024.07.19,600013.SH,0.11950012045820092
2024.07.19,000010.SZ,0.03246509638747392
2024.07.19,600027.SH,0.12884197763802552
2024.07.19,600034.SH,0.10847608559976973
2024.07.19,600047.SH,0.10087628861764406
2024.07.19,000050.SZ,0.10548117789865091
2024.07.19,000007.SZ,0.3121908564961015
2024.07.19,600049.SH,0.10372356790900297
2024.07.19,600015.SH,0.24199083574896857
2024.07.19,000038.SZ,0.13124787894233142
2024.07.19,000033.SZ,0.07240761859439455
2024.07.19,600041.SH,0.23829633841339454
2024.07.19,600023.SH,0.1245371362922398
2024.07.19,000019.SZ,0.19014335576669278
2024.07.19,000001.SZ,0.06938773691576224
2024.07.19,600006.SH,0.03493947152627182
2024.07.19,600025.SH,0.13678586772720777
2024.07.19,000002.SZ,0.09275422471424556
2024.07.19,600031.SH,0.060150086556674566
2024.07.19,600017.SH,0.10215611927007998
2024.07.19,000035.SZ,0.0038549659126132243
2024.07.19,000005.SZ,0.006435393268175742
2024.07.19,000020.SZ,0.06322298082634834
2024.07.19,000026.SZ,0.05310109084647715
2024.07.19,000032.SZ,0.028187944677374288
2024.07.19,600003.SH,0.013389550989959339
2024.07.19,600010.SH,0.06607925425884786
2024.07.19,600019.SH,0.07987332906213268
2024.07.19,000022.SZ,0.032613307787264526
2024.07.19,000023.SZ,0.042012765826613827
2024.07.19,600007.SH,0.1460794476334904
2024.07.19,600018.SH,0.1268138474513754
2024.07.19,600022.SH,0.10391680231809185
2024.07.19,600039.SH,0.23055819037504552
2024.07.19,000004.SZ,0.20900358151996645
2024.07.19,000028.SZ,0.017882355439950922
2024.07.19,000048.SZ,0.014542920518891615
2024.07.19,600004.SH,0.015226245756127722
2024.07.19,000009.SZ,0.9221564520039575
2024.07.19,000047.SZ,0.06635395663407849
2024.07.19,600029.SH,0.4354779428356817
2024.07.19,000044.SZ,0.10283271544069675
2024.07.19,600012.SH,0.09913461134483556
2024.07.19,600044.SH,0.10348548214922078
2024.07.19,000045.SZ,0.12819570574663144
2024.07.19,000013.SZ,0.02488220192513808
2024.07.19,000024.SZ,0.11756486810792664
2024.07.19,600001.SH,0.09985778602393301
2024.07.19,000012.SZ,0.033116536793702064
2024.07.19,600011.SH,0.01321737398228253
2024.07.19,600028.SH,0.20724802591872957
2024.07.19,600038.SH,0.3903063621235978
2024.07.19,600035.SH,0.026268827380705736
2024.07.19,000034.SZ,0.1223607687557836
2024.07.19,600046.SH,0.0751437205462083
2024.07.19,000046.SZ,0.038066321845594046
2024.07.19,000011.SZ,0.12437862533709353
2024.07.19,600043.SH,0.17308166318244098
2024.07.19,600040.SH,0.04736564074738617
2024.07.19,000029.SZ,0.13918705507722218
2024.07.19,600045.SH,0.09811890741094598
2024.07.19,000043.SZ,0.006031568053414001
2024.07.19,000027.SZ,0.2635967152410561
2024.07.19,000036.SZ,0.22618791037394365
2024.07.19,600008.SH,0.041305683017852465
2024.07.19,600021.SH,0.15189715103705337
2024.07.19,000042.SZ,0.12785534316850497
2024.07.19,600030.SH,0.04502424058655481
2024.07.19,000039.SZ,0.00029171250462446934
2024.07.19,600020.SH,0.16558280174285178
2024.07.19,600000.SH,0.013381576814301023
2024.07.19,600002.SH,0.14958659307220917
2024.07.19,000041.SZ,0.11355402907410647
2024.07.19,600005.SH,0.6799999027425516
2024.07.19,600016.SH,0.034235302883799584
2024.07.19,000031.SZ,0.0838769876463858
2024.07.19,000021.SZ,0.005950929747274436
2024.07.19,000006.SZ,0.061865473879849184
2024.07.19,600009.SH,0.17455806985314898
2024.07.19,000016.SZ,0.013755326948006808
2024.07.19,600036.SH,0.21831662602687513
2024.07.19,000040.SZ,0.009847339674169116
2024.07.22,000002.SZ,0.10834030543782898
2024.07.22,600039.SH,0.13836578812383749
2024.07.22,600030.SH,0.1114505904939369
2024.07.22,000007.SZ,0.07518640028935657
2024.07.22,000034.SZ,0.04004199033624547
2024.07.22,600017.SH,0.1152861262948668
2024.07.22,000014.SZ,0.029712638347218333
2024.07.22,600036.SH,0.021529166114246347
2024.07.22,000005.SZ,0.3138642362977031
2024.07.22,600008.SH,0.06370778967406815
2024.07.22,000045.SZ,0.36443569449849017
2024.07.22,000013.SZ,0.015605638631938758
2024.07.22,600012.SH,0.20167477171173986
2024.07.22,600041.SH,0.08398671658070786
2024.07.22,000006.SZ,0.04087288262816756
2024.07.22,000037.SZ,0.03343705981897399
2024.07.22,600047.SH,0.128969269609582
2024.07.22,600018.SH,0.053229325651317494
2024.07.22,600027.SH,0.045967935536835314
2024.07.22,000021.SZ,0.09712621280562014
2024.07.22,000050.SZ,0.006676034572258262
2024.07.22,000017.SZ,0.14689411084679502
2024.07.22,600009.SH,0.08059329978556912
2024.07.22,600020.SH,0.12739173952431979
2024.07.22,600005.SH,0.005996274705611341
2024.07.22,600023.SH,0.08863548881193162
2024.07.22,600022.SH,0.001532849384201941
2024.07.22,000010.SZ,0.2749314230175263
2024.07.22,600032.SH,0.019507906901364242
2024.07.22,000026.SZ,0.14101297895962758
2024.07.22,000022.SZ,0.0432778330487925
2024.07.22,000016.SZ,0.04610401226939102
2024.07.22,600034.SH,0.003125970783893595
2024.07.22,000036.SZ,0.025034946446931224
2024.07.22,000028.SZ,0.6576731462197997
2024.07.22,000030.SZ,0.00962502044755571
2024.07.22,000001.SZ,0.009068177709169673
2024.07.22,600045.SH,0.060491347570731185
2024.07.22,600031.SH,0.23671954736729137
2024.07.22,000008.SZ,0.10144326209899611
2024.07.22,000009.SZ,0.10046198643079426
2024.07.22,000025.SZ,0.12507044807206463
2024.07.22,000033.SZ,0.004121255449117019
2024.07.22,000043.SZ,0.25025522302698067
2024.07.22,000003.SZ,0.15828588046173828
2024.07.22,000027.SZ,0.08454466660844079
2024.07.22,600026.SH,0.24160818051353156
2024.07.22,600049.SH,0.2412534161217486
2024.07.22,000024.SZ,0.10430024059427258
2024.07.22,600035.SH,0.11147163244919327
2024.07.22,600001.SH,0.45071027191358565
2024.07.22,000049.SZ,0.14612444875571592
2024.07.22,600048.SH,0.07967759212592516
2024.07.22,000048.SZ,0.13581894643040762
2024.07.22,600007.SH,0.03712984830322945
2024.07.22,600044.SH,0.107097880658678
2024.07.22,000023.SZ,0.03134791869287957
2024.07.22,600028.SH,0.06679338609237917
2024.07.22,600042.SH,0.19862837467486555
2024.07.22,600040.SH,0.1794178108374073
2024.07.22,600010.SH,0.011048695880854581
2024.07.22,600002.SH,0.2823979461968558
2024.07.22,600021.SH,0.3837929222796009
2024.07.22,600019.SH,0.03307130231716339
2024.07.22,600038.SH,0.019352751705693193
2024.07.22,600013.SH,0.06286016266211351
2024.07.22,600000.SH,0.0478184267128494
2024.07.22,600046.SH,0.18041426619170425
2024.07.22,600003.SH,0.02321337360593599
2024.07.22,000041.SZ,0.05429807422868008
2024.07.22,000020.SZ,0.12460805710385324
2024.07.22,600033.SH,0.23967107009010016
2024.07.22,600014.SH,0.03817203912263227
2024.07.22,600006.SH,0.04455446602026954
2024.07.22,000038.SZ,0.2922533397744122
2024.07.22,600025.SH,0.20816057501797805
2024.07.22,000039.SZ,0.07352832389894673
2024.07.22,000032.SZ,0.06800684376679525
2024.07.22,000044.SZ,0.11018716938852921
2024.07.22,000047.SZ,0.13055501316690496
2024.07.22,000046.SZ,0.014663007844980017
2024.07.22,000012.SZ,0.008504509375403363
2024.07.22,000011.SZ,0.3129939770947717
2024.07.22,000029.SZ,0.3703096330768572
2024.07.22,600024.SH,0.07412252285654503
2024.07.22,000042.SZ,0.1264246462274118
2024.07.22,600016.SH,0.13011283213657088
2024.07.22,600004.SH,0.12606362371643773
2024.07.22,000019.SZ,0.07652797235562135
2024.07.22,600029.SH,0.03261997416244449
2024.07.22,000004.SZ,0.23328927442997485
2024.07.22,000031.SZ,0.016115377907242115
2024.07.22,600037.SH,0.0889141104191828
2024.07.22,600015.SH,0.17192140881916348
2024.07.22,600011.SH,0.02318979375180017
2024.07.22,000040.SZ,0.06972520609842861
2024.07.22,000015.SZ,0.07656023488642083
2024.07.22,000018.SZ,0.31624135587066154
2024.07.23,600035.SH,0.07037848056484622
2024.07.23,600026.SH,0.1027362777803515
2024.07.23,600022.SH,0.039027987521435464
2024.07.23,600034.SH,0.1539379087278642
2024.07.23,600036.SH,0.0033449094777204705
2024.07.23,000044.SZ,0.04936338235501912
2024.07.23,000025.SZ,0.35572669875648677
2024.07.23,600001.SH,0.03738538952548334
2024.07.23,600048.SH,0.02826808529090102
2024.07.23,600043.SH,0.012884688212646702
2024.07.23,000009.SZ,0.023474102567061134
2024.07.23,600046.SH,0.03157674017562943
2024.07.23,000042.SZ,0.6235309381379188
2024.07.23,000041.SZ,0.02848752602729659
2024.07.23,000048.SZ,0.19077676857768316
2024.07.23,000010.SZ,0.02182092971065729
2024.07.23,000004.SZ,0.03502008506133726
2024.07.23,600049.SH,0.17223092349328664
2024.07.23,000024.SZ,0.01110463283609754
2024.07.23,600004.SH,0.0938510670901111
2024.07.23,000003.SZ,0.08928716010746679
2024.07.23,600044.SH,0.025388882833926478
2024.07.23,000037.SZ,0.11194831275389207
2024.07.23,600040.SH,0.10656176786978895
2024.07.23,000020.SZ,0.06601514388695401
2024.07.23,600028.SH,0.04168373781614381
2024.07.23,600000.SH,0.010500690285659788
2024.07.23,000046.SZ,0.24818770325341527
2024.07.23,000034.SZ,0.048566990194836096
2024.07.23,600023.SH,0.026292889350874447
2024.07.23,600042.SH,0.5117574378731565
2024.07.23,600030.SH,0.3033755960890278
2024.07.23,600029.SH,0.0974716626217472
2024.07.23,000015.SZ,0.0844717390480416
2024.07.23,000043.SZ,0.05351887728737764
2024.07.23,000013.SZ,0.0974775554234667
2024.07.23,000029.SZ,0.06381891759740603
2024.07.23,000007.SZ,0.16058449867240385
2024.07.23,000001.SZ,0.612279496215179
2024.07.23,000045.SZ,0.06743919756081526
2024.07.23,600032.SH,0.0023159670883828405
2024.07.23,000039.SZ,0.15420469249333377
2024.07.23,600015.SH,0.29604160769516347
2024.07.23,000021.SZ,0.011240969542731162
2024.07.23,000038.SZ,0.5855679690118614
2024.07.23,000019.SZ,0.1516895598790839
2024.07.23,000023.SZ,0.022887709298885086
2024.07.23,600038.SH,0.1641916819388792
2024.07.23,600037.SH,0.018906278777001857
2024.07.23,600007.SH,0.012454001069243574
2024.07.23,000040.SZ,0.05056009470192002
2024.07.23,600019.SH,0.017764336270012043
2024.07.23,600039.SH,0.24342826147761898
2024.07.23,000022.SZ,0.01300343490937012
2024.07.23,600041.SH,0.08949713900593856
2024.07.23,000012.SZ,0.024218983593762643
2024.07.23,000002.SZ,0.08444527588694287
2024.07.23,000014.SZ,0.09598041213600413
2024.07.23,000005.SZ,0.04503787155635943
2024.07.23,000018.SZ,0.1231214763334974
2024.07.23,600020.SH,0.10099241127672912
2024.07.23,600014.SH,0.22180903256019444
2024.07.23,000035.SZ,0.1636080676311833
2024.07.23,000050.SZ,0.08340040978800718
2024.07.23,000011.SZ,0.1749374049869019
2024.07.23,600006.SH,0.10426415086230585
2024.07.23,600027.SH,0.01848005924444566
2024.07.23,600031.SH,0.0026604816055895452
2024.07.23,600025.SH,0.031132355455300888
2024.07.23,000008.SZ,0.08695689475810406
2024.07.23,600013.SH,0.10605324104850206
2024.07.23,000032.SZ,0.006523953159340414
2024.07.23,000028.SZ,0.22541172193245756
2024.07.23,600011.SH,0.16552979655663366
2024.07.23,600009.SH,0.3446317710182857
2024.07.23,600003.SH,0.06501670505009458
2024.07.23,000047.SZ,0.17217893838735646
2024.07.23,600008.SH,0.07359045403612358
2024.07.23,000016.SZ,0.082565135516624
2024.07.23,600018.SH,0.17148590757030288
2024.07.23,000030.SZ,0.22360595174505293
2024.07.23,000036.SZ,0.1365593814665133
2024.07.23,600002.SH,0.02058656298844727
2024.07.23,000027.SZ,0.10158731066848678
2024.07.23,600010.SH,0.13431946416201654
2024.07.23,000049.SZ,0.30447799792616553
2024.07.23,600047.SH,0.14800109320658889
2024.07.23,000017.SZ,0.04773268177759442
2024.07.23,600021.SH,0.14942038072566752
2024.07.23,000031.SZ,0.18557577208062118
2024.07.23,600017.SH,0.6834199031553233
2024.07.23,000026.SZ,0.31126046368171956
2024.07.23,600033.SH,0.05879396559840357
2024.07.23,600045.SH,0.13451095148680428
2024.07.23,000006.SZ,0.12756496666880723
2024.07.23,000033.SZ,0.02527481673499355
2024.07.23,600024.SH,0.01866893486013196
2024.07.23,600016.SH,0.14261463204662728
2024.07.24,600037.SH,0.20768838577368395
2024.07.24,000004.SZ,0.03637248673464571
2024.07.24,000048.SZ,0.034035073415732184
2024.07.24,600015.SH,0.04569282536701906
2024.07.24,000050.SZ,0.1034546299022187
2024.07.24,600024.SH,0.2012799178281241
2024.07.24,600039.SH,0.14629613147355192
2024.07.24,600014.SH,0.05638080646248524
2024.07.24,600040.SH,0.10408212946946302
2024.07.24,000035.SZ,0.042639962077879
2024.07.24,000021.SZ,0.025079450967139167
2024.07.24,000007.SZ,0.30024307037418096
2024.07.24,000033.SZ,0.12269666578793768
2024.07.24,600028.SH,0.050505792115981336
2024.07.24,600032.SH,0.011253744697453839
2024.07.24,600001.SH,0.11577116192457121
2024.07.24,000020.SZ,0.17744833322945539
2024.07.24,600002.SH,0.023518016301775593
2024.07.24,000005.SZ,0.01209086297064703
2024.07.24,000011.SZ,0.1544828610625414
2024.07.24,600030.SH,0.10387746653976207
2024.07.24,000015.SZ,0.004386513808656996
2024.07.24,000045.SZ,0.1259364587306705
2024.07.24,000042.SZ,0.18119536855753104
2024.07.24,600045.SH,0.23036820856361617
2024.07.24,600022.SH,0.24915788041421486
2024.07.24,600010.SH,0.01569492407982498
2024.07.24,000034.SZ,0.013813342482117973
2024.07.24,000043.SZ,0.020707474682356435
2024.07.24,000022.SZ,0.03751992168484226
2024.07.24,600000.SH,0.01702462919895803
2024.07.24,000037.SZ,0.01765921534438811
2024.07.24,000031.SZ,0.1088085462603956
2024.07.24,000013.SZ,0.07348742416664795
2024.07.24,600046.SH,0.08103047721360501
2024.07.24,600020.SH,0.10998974708376609
2024.07.24,600021.SH,0.021484289221820062
2024.07.24,600042.SH,0.00444338618757453
2024.07.24,000038.SZ,0.03264839196064894
2024.07.24,600033.SH,1.792579569608729e-05
2024.07.24,600006.SH,0.03340809746605354
2024.07.24,000040.SZ,0.011037683605235443
2024.07.24,600043.SH,0.2518651993294066
2024.07.24,000026.SZ,0.018608013583540167
2024.07.24,000030.SZ,0.06856566140314865
2024.07.24,600017.SH,0.051013712864905005
2024.07.24,000025.SZ,0.03583926417413044
2024.07.24,000047.SZ,0.020863298798418552
2024.07.24,600031.SH,0.07705381916657979
2024.07.24,000018.SZ,0.1742517246820119
2024.07.24,000003.SZ,0.013199424823160404
2024.07.24,600009.SH,0.10588835201871662
2024.07.24,000008.SZ,0.08543708550167829
2024.07.24,600012.SH,0.17175623496639447
2024.07.24,600005.SH,0.13127964406796644
2024.07.24,600036.SH,0.08966512386553285
2024.07.24,000028.SZ,0.10434658943209561
2024.07.24,000002.SZ,0.2511874724476945
2024.07.24,600007.SH,0.12570968367070498
2024.07.24,000049.SZ,0.15616117283572523
2024.07.24,600035.SH,0.055334796313567684
2024.07.24,000032.SZ,0.04620431802981804
2024.07.24,600018.SH,0.13753754638879043
2024.07.24,600019.SH,0.044639328007500936
2024.07.24,600029.SH,0.05959320659499615
2024.07.24,000039.SZ,0.1132779742743013
2024.07.24,600023.SH,0.48853677177703847
2024.07.24,000016.SZ,0.06191031394070417
2024.07.24,000044.SZ,0.08627564050203711
2024.07.24,600047.SH,0.022573231364580837
2024.07.24,000029.SZ,0.20225068078828282
2024.07.24,000019.SZ,0.011780063224416706
2024.07.24,000041.SZ,0.017221572588555254
2024.07.24,000006.SZ,0.04590354779293402
2024.07.24,600026.SH,0.08792772783760942
2024.07.24,000023.SZ,0.15409338539381476
2024.07.24,600049.SH,0.03198431502915237
2024.07.24,000001.SZ,0.2231363869838102
2024.07.24,000009.SZ,0.4025542239499231
2024.07.24,000014.SZ,0.3322422991497156
2024.07.24,600048.SH,0.041321854235309805
2024.07.24,000017.SZ,0.22088774218766064
2024.07.24,600003.SH,0.22922683581293454
2024.07.24,600011.SH,0.15434591640268053
2024.07.24,600004.SH,0.090420654962219
2024.07.24,600034.SH,0.24521725426825278
2024.07.24,000036.SZ,0.04071887689285499
2024.07.24,000012.SZ,0.08137032869216644
2024.07.24,600044.SH,0.21382503349394785
2024.07.24,600038.SH,0.135909671791441
2024.07.24,000027.SZ,0.23669953248069392
2024.07.24,600008.SH,0.08947354737546954
2024.07.24,000010.SZ,0.139531222179203
2024.07.24,600041.SH,0.037887666123240266
2024.07.24,600027.SH,0.13387070573086352
2024.07.24,600025.SH,0.15930518171314947
2024.07.25,600039.SH,0.008196703702664994
2024.07.25,000033.SZ,0.10757382223028875
2024.07.25,600041.SH,0.016632743514073293
2024.07.25,600046.SH,0.09886399170956739
2024.07.25,000014.SZ,0.04251584433161067
2024.07.25,600047.SH,0.3529846985691842
2024.07.25,600018.SH,0.22903158837015722
2024.07.25,000015.SZ,0.11163857348536325
2024.07.25,600021.SH,0.02622615074018421
2024.07.25,600049.SH,0.2576662374018867
2024.07.25,000030.SZ,0.044814775325424584
2024.07.25,000016.SZ,0.18474808502797171
2024.07.25,000009.SZ,0.04096513263192155
2024.07.25,000047.SZ,0.1849714148376312
2024.07.25,000028.SZ,0.28764395825095584
2024.07.25,000043.SZ,0.0311178497412599
2024.07.25,000019.SZ,0.08619584695610161
2024.07.25,000042.SZ,0.31398130993053974
2024.07.25,000049.SZ,0.02916855825294963
2024.07.25,000001.SZ,0.05423993291053793
2024.07.25,000005.SZ,0.2912833785622671
2024.07.25,000026.SZ,0.2836844371384964
2024.07.25,600011.SH,0.14011312166119605
2024.07.25,000020.SZ,0.11397130680597439
2024.07.25,600002.SH,0.09724078201329056
2024.07.25,000018.SZ,0.5045263821638277
2024.07.25,000012.SZ,0.00921260399806383
2024.07.25,000031.SZ,0.009805410063306175
2024.07.25,600000.SH,0.3569439158513331
2024.07.25,600003.SH,0.061563873581315744
2024.07.25,600043.SH,0.0027822951629612293
2024.07.25,600026.SH,0.012678988318455757
2024.07.25,600022.SH,0.25375450215503853
2024.07.25,000039.SZ,0.01907692809509881
2024.07.25,000046.SZ,0.04411864075100485
2024.07.25,600020.SH,0.06601316657485787
2024.07.25,000006.SZ,0.4082262885513516
2024.07.25,600008.SH,0.11597512027715891
2024.07.25,000004.SZ,0.049981959755096124
2024.07.25,000017.SZ,0.03882810073680639
2024.07.25,600025.SH,0.06588707801888098
2024.07.25,600015.SH,0.1987220445567914
2024.07.25,600036.SH,0.17020314000453887
2024.07.25,600040.SH,0.08209110230974347
2024.07.25,600005.SH,0.06940045314134129
2024.07.25,000029.SZ,0.12504049242501888
2024.07.25,600019.SH,0.36287121276740064
2024.07.25,600014.SH,0.07046217501625239
2024.07.25,000040.SZ,0.04141426323806442
2024.07.25,000010.SZ,0.13505469423401925
2024.07.25,000050.SZ,0.016669111362587745
2024.07.25,600033.SH,0.0007361858461464791
2024.07.25,000036.SZ,0.008317832226079692
2024.07.25,600048.SH,0.09703827410315072
2024.07.25,600044.SH,0.04869477686963895
2024.07.25,000023.SZ,0.0594885244840438
2024.07.25,000037.SZ,0.012871594979989654
2024.07.25,600038.SH,0.0007622273096800618
2024.07.25,600035.SH,0.14447423074413682
2024.07.25,600009.SH,0.029418432732182524
2024.07.25,600029.SH,0.185872396332549
2024.07.25,000034.SZ,0.11790908020720886
2024.07.25,600034.SH,0.0295635081790018
2024.07.25,600030.SH,0.026677425553560705
2024.07.25,000007.SZ,0.15335618172695245
2024.07.25,600045.SH,0.06887309482782858
2024.07.25,600023.SH,0.04734888805651684
2024.07.25,000008.SZ,0.07732171185314428
2024.07.25,000038.SZ,0.35193595582063
2024.07.25,600042.SH,0.3532092389529435
2024.07.25,000048.SZ,0.09135209090261913
2024.07.25,000021.SZ,0.07352773534198327
2024.07.25,000032.SZ,0.16769339433513436
2024.07.25,600010.SH,0.13608775904413226
2024.07.25,600004.SH,0.005252849201604596
2024.07.25,600032.SH,0.16299820783810406
2024.07.25,000027.SZ,0.1189284348266882
2024.07.25,000041.SZ,0.1180081266290605
2024.07.25,600013.SH,0.024855194747934073
2024.07.25,600001.SH,0.0014218180044623628
2024.07.25,000044.SZ,0.2531664181568158
2024.07.25,600037.SH,0.1132988604282921
2024.07.25,600007.SH,0.12478567490412563
2024.07.25,000025.SZ,0.3291168697727009
2024.07.25,600031.SH,0.03991230882047551
2024.07.25,000022.SZ,0.18921241290466898
2024.07.25,600012.SH,0.11124128371008693
2024.07.25,000035.SZ,0.4202239170225087
2024.07.25,000024.SZ,0.4568326041104317
2024.07.25,000013.SZ,0.06089814089927768
2024.07.25,600016.SH,0.18870796056191835
2024.07.25,000045.SZ,0.43262530280803707
2024.07.25,600006.SH,0.05020299717430832
2024.07.25,000003.SZ,0.007559970157838204
2024.07.25,000011.SZ,0.1594396198478544
2024.07.25,000002.SZ,0.15951218718059715
2024.07.26,600034.SH,0.23520690568608332
2024.07.26,600030.SH,0.07469561837162869
2024.07.26,000024.SZ,0.20684515188334157
2024.07.26,000004.SZ,0.014590866686707936
2024.07.26,000016.SZ,0.23543496343781922
2024.07.26,600017.SH,0.029850138837689756
2024.07.26,600018.SH,0.1163025532752967
2024.07.26,600047.SH,0.03375353780588301
2024.07.26,000049.SZ,0.00958047561901204
2024.07.26,600010.SH,0.05564854941308503
2024.07.26,600036.SH,0.17665387862252893
2024.07.26,000006.SZ,0.11542850839069177
2024.07.26,600004.SH,0.03004993851860344
2024.07.26,000023.SZ,0.21725269572145647
2024.07.26,600037.SH,0.14864184920185802
2024.07.26,600006.SH,0.02858362409761696
2024.07.26,000009.SZ,0.022761610004751104
2024.07.26,600040.SH,0.19114584483434063
2024.07.26,000031.SZ,0.014803629447906756
2024.07.26,600009.SH,0.0031814758016288297
2024.07.26,600003.SH,0.07367631352290985
2024.07.26,600012.SH,0.011735232842535952
2024.07.26,600039.SH,0.2661435412178967
2024.07.26,600044.SH,0.4142165461399476
2024.07.26,600023.SH,0.0025526867134040314
2024.07.26,000008.SZ,0.013470995875088425
2024.07.26,000021.SZ,0.01697823197510988
2024.07.26,600049.SH,0.18438610142020262
2024.07.26,600011.SH,0.05683948440429501
2024.07.26,000035.SZ,0.12332092011518456
2024.07.26,000012.SZ,0.3446898427171072
2024.07.26,600042.SH,0.19988675055810876
2024.07.26,000019.SZ,0.04325224330297597
2024.07.26,000010.SZ,0.08475184711880361
2024.07.26,000027.SZ,0.3405144902266503
2024.07.26,600022.SH,0.05338296521186723
2024.07.26,600038.SH,0.035063909421769394
2024.07.26,600026.SH,0.282216739785262
2024.07.26,600033.SH,0.04401991804583928
2024.07.26,600007.SH,0.3818012436994903
2024.07.26,600020.SH,0.03953982838364526
2024.07.26,000045.SZ,0.02237704148010476
2024.07.26,000011.SZ,0.006465957306898009
2024.07.26,000003.SZ,0.004359368602900347
2024.07.26,000020.SZ,0.12912092128328087
2024.07.26,600025.SH,0.16231870026241926
2024.07.26,600005.SH,0.013008752030216883
2024.07.26,600013.SH,0.04684548338234491
2024.07.26,000041.SZ,0.30493477318030404
2024.07.26,000013.SZ,0.1363939191568446
2024.07.26,000018.SZ,0.0915030143306686
2024.07.26,600000.SH,0.059973562707937404
2024.07.26,000040.SZ,0.0668135725364823
2024.07.26,600027.SH,0.03622641748567396
2024.07.26,000001.SZ,0.08922086998864369
2024.07.26,000050.SZ,0.07092333246990544
2024.07.26,600048.SH,0.02603935328751768
2024.07.26,000046.SZ,0.01264365422504361
2024.07.26,600041.SH,0.0849318431268468
2024.07.26,000017.SZ,0.01928097558393239
2024.07.26,600019.SH,0.46795403544951986
2024.07.26,600015.SH,0.03568344659607784
2024.07.26,000048.SZ,0.034970434437709676
2024.07.26,000015.SZ,0.03024971596152064
2024.07.26,600029.SH,0.09517865386017971
2024.07.26,000007.SZ,0.28207032554038175
2024.07.26,000030.SZ,0.2773405689622877
2024.07.26,600031.SH,0.11361685018886303
2024.07.26,000022.SZ,0.2936835624257045
2024.07.26,600016.SH,0.32227962156310064
2024.07.26,000028.SZ,0.043860791537244787
2024.07.26,000005.SZ,0.1643674470336706
2024.07.26,000042.SZ,0.005533769700141672
2024.07.26,000039.SZ,0.17756171792350892
2024.07.26,600002.SH,0.08419005227623336
2024.07.26,600028.SH,0.13771168716995125
2024.07.26,000036.SZ,0.10878799659587635
2024.07.26,000037.SZ,0.0722793486542057
2024.07.26,600035.SH,0.044757227756672784
2024.07.26,600032.SH,0.09235735391199845
2024.07.26,600001.SH,0.5765078517231133
2024.07.26,600024.SH,0.10566581522468994
2024.07.26,000026.SZ,0.18830387965410725
2024.07.26,000025.SZ,0.14614521405137565
2024.07.26,000014.SZ,0.03285241473956509
2024.07.26,600043.SH,0.17383272940825428
2024.07.26,000047.SZ,0.197886496119321
2024.07.26,000038.SZ,0.09363860804718248
2024.07.26,600014.SH,0.07584237452743472
2024.07.26,600046.SH,0.055952906464735615
2024.07.26,600008.SH,0.038098501074615224
2024.07.26,000043.SZ,0.10911462802720973
2024.07.26,000032.SZ,0.0418131490028792
2024.07.26,000034.SZ,0.17267312745104016
2024.07.26,600045.SH,0.20706024075348514
2024.07.26,600021.SH,0.049168466989768636
2024.07.26,000029.SZ,0.02161978193068382
2024.07.29,000013.SZ,0.13787658045448936
2024.07.29,000045.SZ,0.0947483018958247
2024.07.29,600048.SH,0.02575280552296477
2024.07.29,600018.SH,0.11920679107933589
2024.07.29,600022.SH,0.16111536369849358
2024.07.29,000036.SZ,0.32923987097762064
2024.07.29,000004.SZ,0.03126416340390207
2024.07.29,000035.SZ,0.028432385303533786
2024.07.29,000014.SZ,0.4617265159426845
2024.07.29,000009.SZ,0.04229745558423949
2024.07.29,600000.SH,0.23340493434637705
2024.07.29,000038.SZ,0.0019620183795704452
2024.07.29,000037.SZ,0.35711113482873597
2024.07.29,600009.SH,0.06619426848608373
2024.07.29,000021.SZ,0.02051708481524791
2024.07.29,000015.SZ,0.03797742176122728
2024.07.29,600032.SH,0.17178104143403225
2024.07.29,000042.SZ,0.11540687364680724
2024.07.29,600046.SH,0.1468972443856452
2024.07.29,600031.SH,0.042158942445899114
2024.07.29,600034.SH,0.018478974302740408
2024.07.29,600012.SH,0.06657426640888642
2024.07.29,000026.SZ,0.08709526744450076
2024.07.29,600004.SH,0.03730843705208447
2024.07.29,600010.SH,0.15327724930066589
2024.07.29,600044.SH,0.06701095298753441
2024.07.29,600002.SH,0.3724053264485608
2024.07.29,000003.SZ,0.3841275235867849
2024.07.29,000002.SZ,0.00673006740338207
2024.07.29,000006.SZ,0.02595311246093864
2024.07.29,600015.SH,0.1034501539524959
2024.07.29,000041.SZ,0.3344567482657445
2024.07.29,600020.SH,0.17417927204306263
2024.07.29,600038.SH,0.1049392714571233
2024.07.29,600027.SH,0.06720703478729044
2024.07.29,000043.SZ,0.009095609059767789
2024.07.29,000048.SZ,0.04079831186536904
2024.07.29,000046.SZ,0.008425401296205233
2024.07.29,000016.SZ,0.007332409587743341
2024.07.29,600016.SH,0.10102979125017632
2024.07.29,600017.SH,0.0003175236656059479
2024.07.29,000031.SZ,0.016299485527604254
2024.07.29,000050.SZ,0.002087156606332741
2024.07.29,600037.SH,0.5222726543399203
2024.07.29,600045.SH,0.0295000043617993
2024.07.29,600008.SH,0.24295366363078308
2024.07.29,000049.SZ,0.07244286929098258
2024.07.29,000025.SZ,0.10824316883059439
2024.07.29,600039.SH,0.0551996719628966
2024.07.29,600040.SH,0.08439175612112541
2024.07.29,600007.SH,0.012888692502890674
2024.07.29,600011.SH,0.09097390945775405
2024.07.29,000017.SZ,0.07025966291991986
2024.07.29,000029.SZ,0.10796025854927223
2024.07.29,600003.SH,0.0462992914852827
2024.07.29,600029.SH,0.021565733657346264
2024.07.29,600030.SH,0.007748679063668443
2024.07.29,000018.SZ,0.05369782047559562
2024.07.29,000044.SZ,0.04191965050333226
2024.07.29,000001.SZ,0.5874323775662903
2024.07.29,600049.SH,0.06313519958600738
2024.07.29,600021.SH,0.32489714599711045
2024.07.29,000011.SZ,0.02683273169052327
2024.07.29,600033.SH,0.26224898253666545
2024.07.29,000027.SZ,0.40966756807880295
2024.07.29,600019.SH,0.1899962801609081
2024.07.29,000034.SZ,0.7304588282053232
2024.07.29,000030.SZ,0.05878887224006178
2024.07.29,600005.SH,0.3797015823113439
2024.07.29,600006.SH,0.04430803016638175
2024.07.29,000024.SZ,0.33891308656066754
2024.07.29,600023.SH,0.12539866115329862
2024.07.29,600025.SH,0.03300737975136848
2024.07.29,600036.SH,0.1124966437113013
2024.07.29,000033.SZ,0.002969526372753657
2024.07.29,000010.SZ,0.20770375668572302
2024.07.29,600013.SH,0.08287090636697203
2024.07.29,000040.SZ,0.06726232554210065
2024.07.29,600014.SH,0.40461205581674925
2024.07.29,600035.SH,0.11251579463320575
2024.07.29,000007.SZ,0.3303053903959665
2024.07.29,600042.SH,0.0686020485292044
2024.07.29,000005.SZ,0.027480298701636364
2024.07.29,600041.SH,0.13428740168084322
2024.07.29,000039.SZ,0.05035469257046624
2024.07.29,000023.SZ,0.03782878329903991
2024.07.29,000020.SZ,0.003202324183546912
2024.07.29,600043.SH,0.16172195558931982
2024.07.29,000032.SZ,0.2791827150569055
2024.07.29,600001.SH,0.09669257063516094
2024.07.29,000022.SZ,0.1823428622990941
2024.07.29,000012.SZ,0.17633689350919485
2024.07.29,000008.SZ,0.02908245230564081
2024.07.29,000019.SZ,0.01859543615510534
2024.07.29,000028.SZ,0.051442749609254816
2024.07.29,600047.SH,0.2701438111046704
2024.07.30,600013.SH,0.04328796947946832
2024.07.30,000030.SZ,0.004858006096532379
2024.07.30,000021.SZ,0.013960150710926543
2024.07.30,000024.SZ,0.19084748888089417
2024.07.30,000029.SZ,0.018873542021417517
2024.07.30,600029.SH,0.06572138448365777
2024.07.30,600026.SH,0.05224812239178612
2024.07.30,600017.SH,0.12703344425723478
2024.07.30,600001.SH,0.13148050272100767
2024.07.30,600042.SH,0.019015669783749172
2024.07.30,600012.SH,0.08324950339039011
2024.07.30,600006.SH,0.20968097634995206
2024.07.30,600015.SH,0.0044150813152722375
2024.07.30,000048.SZ,0.4244122460573575
2024.07.30,600020.SH,0.04441072645640315
2024.07.30,600039.SH,0.012323963445134211
2024.07.30,000038.SZ,0.0753320114719514
2024.07.30,000050.SZ,0.13409313421924168
2024.07.30,600011.SH,0.16793629391006157
2024.07.30,000005.SZ,0.08944441351778168
2024.07.30,600040.SH,0.2266606762471642
2024.07.30,000039.SZ,0.13861513942936643
2024.07.30,600003.SH,0.04800479387065429
2024.07.30,000011.SZ,0.11865653182301716
2024.07.30,600010.SH,0.08515187716596694
2024.07.30,600014.SH,0.03447226432197911
2024.07.30,000047.SZ,0.049408325050085494
2024.07.30,600035.SH,0.2545306792411372
2024.07.30,600019.SH,0.2494883502508622
2024.07.30,000032.SZ,0.02101639027207719
2024.07.30,600023.SH,0.030519185108456526
2024.07.30,000037.SZ,0.07011679848576116
2024.07.30,600034.SH,0.16292103589867363
2024.07.30,600038.SH,0.133379429992458
2024.07.30,000022.SZ,0.027396197616641145
2024.07.30,000027.SZ,0.005455759513430899
2024.07.30,600016.SH,0.24735112902619358
2024.07.30,600032.SH,0.011003216342132981
2024.07.30,000015.SZ,0.34197801828255553
2024.07.30,000036.SZ,0.22568844842913824
2024.07.30,000012.SZ,0.07688576107887149
2024.07.30,000016.SZ,0.0041225426832760745
2024.07.30,000007.SZ,0.0037874318131183972
2024.07.30,000042.SZ,0.13851171688237454
2024.07.30,600018.SH,0.02616813821226255
2024.07.30,000044.SZ,0.22880352179852084
2024.07.30,000003.SZ,0.2481657866775187
2024.07.30,600031.SH,0.04421926098991005
2024.07.30,000006.SZ,0.09711983731954738
2024.07.30,600022.SH,0.3041406263912473
2024.07.30,600044.SH,0.043020110783430335
2024.07.30,000017.SZ,0.07059755492979577
2024.07.30,600049.SH,0.06700991781038412
2024.07.30,600000.SH,0.11628558565795882
2024.07.30,000020.SZ,0.0038492143483133978
2024.07.30,000034.SZ,0.6154937060520654
2024.07.30,000049.SZ,0.42042992260930995
2024.07.30,000019.SZ,0.0823982338561025
2024.07.30,600043.SH,0.11165367755509524
2024.07.30,600024.SH,0.373027044395822
2024.07.30,000008.SZ,0.06380068415972696
2024.07.30,600005.SH,0.09798316259779911
2024.07.30,600027.SH,0.0499602648727352
2024.07.30,000031.SZ,0.06122207123685781
2024.07.30,000041.SZ,0.5246858944928208
2024.07.30,000043.SZ,0.029597076821703587
2024.07.30,000023.SZ,0.0026748458490394884
2024.07.30,000001.SZ,0.11723480833241524
2024.07.30,600036.SH,0.022345684673181553
2024.07.30,000014.SZ,0.08991344752343441
2024.07.30,000035.SZ,0.10845893876854716
2024.07.30,600025.SH,0.06644230099979179
2024.07.30,600002.SH,0.5462874731447944
2024.07.30,000026.SZ,0.019782968398616176
2024.07.30,000033.SZ,0.1382078832979491
2024.07.30,600009.SH,0.1105078071655041
2024.07.30,000004.SZ,0.05601291336359144
2024.07.30,600046.SH,0.0965023963267368
2024.07.30,000002.SZ,0.008624164912882362
2024.07.30,000025.SZ,0.2829468614915239
2024.07.30,600037.SH,0.09633170626673107
2024.07.30,600007.SH,0.2406790135829622
2024.07.30,600021.SH,0.01583504724046146
2024.07.30,000018.SZ,0.15619494514074012
2024.07.30,600041.SH,0.026788464677236976
2024.07.30,600008.SH,0.0986118071913426
2024.07.30,600033.SH,0.15873345251459253
2024.07.30,600045.SH,0.026626736283372556
2024.07.30,000013.SZ,0.009273796683366314
2024.07.30,000045.SZ,0.02784246146171665
2024.07.30,000046.SZ,0.07315792065145207
2024.07.30,000009.SZ,0.2428736084297091
2024.07.30,600004.SH,0.00815031927721963
2024.07.30,600030.SH,0.03735491348441689
2024.07.30,600047.SH,0.007617760893325965
2024.07.30,600048.SH,0.033528500873087834
2024.07.31,600047.SH,0.05610834541879062
2024.07.31,000017.SZ,0.12999464570172947
2024.07.31,000029.SZ,0.3133498075725146
2024.07.31,000049.SZ,0.03622317579273569
2024.07.31,000025.SZ,0.2222381377830307
2024.07.31,000040.SZ,0.034050420288399434
2024.07.31,000009.SZ,0.22204822213194453
2024.07.31,000030.SZ,0.06953708383956925
2024.07.31,600024.SH,0.04193126392319557
2024.07.31,000038.SZ,0.02292569458309836
2024.07.31,600048.SH,0.09324419810649041
2024.07.31,000036.SZ,0.04393067013849291
2024.07.31,600045.SH,0.5358062429127866
2024.07.31,600030.SH,0.23894598883183735
2024.07.31,600029.SH,0.1667121497235261
2024.07.31,000034.SZ,0.11474329622152779
2024.07.31,600008.SH,0.5701690169256518
2024.07.31,000013.SZ,0.005247354066548929
2024.07.31,000006.SZ,0.05263906733622374
2024.07.31,000046.SZ,0.007303676761287003
2024.07.31,600012.SH,0.37786277247268485
2024.07.31,600026.SH,0.07886026109555233
2024.07.31,600033.SH,0.21572292801906037
2024.07.31,000001.SZ,0.20264259857889672
2024.07.31,600021.SH,0.05755350867635588
2024.07.31,600022.SH,0.6954128969285713
2024.07.31,000023.SZ,0.0504098516241401
2024.07.31,000002.SZ,0.24809708046957737
2024.07.31,000026.SZ,0.019183084226110217
2024.07.31,000014.SZ,0.06569836258807456
2024.07.31,000016.SZ,0.02178393984766807
2024.07.31,600020.SH,0.23407521457801025
2024.07.31,600042.SH,0.2531945924910139
2024.07.31,000045.SZ,0.150290755998333
2024.07.31,600036.SH,0.14557249587707555
2024.07.31,600049.SH,0.09003376908620954
2024.07.31,600013.SH,0.009879672571234127
2024.07.31,600011.SH,0.03555972541421086
2024.07.31,600043.SH,0.13830701010500507
2024.07.31,000015.SZ,0.0020224713021770417
2024.07.31,000039.SZ,0.3277360080977852
2024.07.31,600034.SH,0.03713252972929703
2024.07.31,000031.SZ,0.0045793443281873895
2024.07.31,600041.SH,0.07838461408819081
2024.07.31,600006.SH,0.008440555899916434
2024.07.31,000021.SZ,0.11026564713398272
2024.07.31,000027.SZ,1.4596662062115442
2024.07.31,000044.SZ,0.020061201251361134
2024.07.31,000035.SZ,0.033434267493090856
2024.07.31,000047.SZ,0.08779812982849146
2024.07.31,600028.SH,0.09240417977636611
2024.07.31,000042.SZ,0.10631428020668683
2024.07.31,000050.SZ,0.02125725714826727
2024.07.31,000011.SZ,0.11758260916265646
2024.07.31,600023.SH,0.13097603675757039
2024.07.31,000037.SZ,0.0727612282378424
2024.07.31,600019.SH,0.280315875914657
2024.07.31,000010.SZ,0.07472906888069523
2024.07.31,000008.SZ,0.24150976635534846
2024.07.31,600005.SH,0.09774734206496156
2024.07.31,600027.SH,0.05286630369889351
2024.07.31,000024.SZ,0.5060452634674389
2024.07.31,000041.SZ,0.42001590125753036
2024.07.31,000028.SZ,0.0965220844547657
2024.07.31,600010.SH,0.19848108861018346
2024.07.31,000043.SZ,0.3160718017342014
2024.07.31,600037.SH,0.021357088995587213
2024.07.31,600000.SH,0.0039470085071800255
2024.07.31,600009.SH,0.16297791315691432
2024.07.31,600031.SH,0.0022098707279521743
2024.07.31,600039.SH,0.10034385736371454
2024.07.31,600035.SH,0.04716018035614299
2024.07.31,600001.SH,0.1254677570814528
2024.07.31,600032.SH,0.19251041337941524
2024.07.31,600004.SH,0.03183036980978918
2024.07.31,600016.SH,0.013166403498893432
2024.07.31,000020.SZ,0.06662624114954896
2024.07.31,600046.SH,0.1946069550034972
2024.07.31,600040.SH,0.30675626535119144
2024.07.31,600018.SH,0.08781041211273001
2024.07.31,000018.SZ,0.1545391147549241
2024.07.31,000007.SZ,0.2265703131781097
2024.07.31,600003.SH,0.2719702355690356
2024.07.31,600007.SH,0.0361731367343796
2024.07.31,000032.SZ,0.15550227629694466
2024.07.31,600038.SH,0.1280502919166673
2024.07.31,000012.SZ,0.011014095766414305
2024.07.31,600002.SH,0.04811543704304653
2024.07.31,600025.SH,0.08058455240510787
2024.07.31,000005.SZ,0.4269293673886436
2024.07.31,000033.SZ,0.05954031122631912
2024.07.31,000019.SZ,0.08401296097980374
2024.07.31,000003.SZ,0.07768143705521864
2024.07.31,600015.SH,0.1257290563923106
2024.07.31,600017.SH,0.06007724752566902
2024.07.31,000022.SZ,0.06498719997514024
2024.07.31,600014.SH,0.1510373628844413
2024.07.31,000004.SZ,0.19523497164646644
2024.08.01,600003.SH,0.0858153434707832
2024.08.01,000050.SZ,0.04876350012084447
2024.08.01,000044.SZ,0.05070716443976414
2024.08.01,000014.SZ,0.08051370310227657
2024.08.01,000015.SZ,0.004086661893262204
2024.08.01,600026.SH,0.039342695320506986
2024.08.01,000048.SZ,0.27512870172802334
2024.08.01,600035.SH,0.13427715608464763
2024.08.01,000007.SZ,0.09651119070728356
2024.08.01,600044.SH,0.0031571646706690273
2024.08.01,600038.SH,0.0002948086448203861
2024.08.01,000042.SZ,0.28101024541702085
2024.08.01,600021.SH,0.20113820869847004
2024.08.01,000018.SZ,0.230617660496522
2024.08.01,600012.SH,0.2746685062538955
2024.08.01,000010.SZ,0.018792317745223146
2024.08.01,000005.SZ,0.05005754528181368
2024.08.01,000028.SZ,0.6034968192994814
2024.08.01,600018.SH,0.21443892354489075
2024.08.01,600034.SH,0.3278675548705502
2024.08.01,600024.SH,0.33565930152559526
2024.08.01,000032.SZ,0.1511257716285233
2024.08.01,600016.SH,0.20718286077785833
2024.08.01,600009.SH,0.6090336060606288
2024.08.01,600022.SH,0.19826161588676675
2024.08.01,600032.SH,0.22879594213279908
2024.08.01,000038.SZ,0.3624446270953502
2024.08.01,000017.SZ,0.011046563746531343
2024.08.01,000006.SZ,0.11444991733264698
2024.08.01,600047.SH,0.21494736638418943
2024.08.01,000022.SZ,0.15362593456854753
2024.08.01,600001.SH,0.34666700486772944
2024.08.01,000016.SZ,0.21086163989177292
2024.08.01,600043.SH,0.3399493136235596
2024.08.01,600049.SH,0.18410365286436092
2024.08.01,000030.SZ,0.09872350161611855
2024.08.01,000029.SZ,0.08066096241967347
2024.08.01,600048.SH,0.0828406528047878
2024.08.01,000002.SZ,0.19363042559534618
2024.08.01,600013.SH,0.016570790300769377
2024.08.01,000003.SZ,0.03539653218271462
2024.08.01,600023.SH,0.4786458691952841
2024.08.01,600036.SH,0.00017998897337440786
2024.08.01,000049.SZ,0.0906882521515631
2024.08.01,000040.SZ,0.06407178162983086
2024.08.01,600020.SH,0.11039816729746738
2024.08.01,600004.SH,0.2232989478973119
2024.08.01,600007.SH,0.09412812018855264
2024.08.01,000008.SZ,0.21219844917026265
2024.08.01,600042.SH,0.26302155061073895
2024.08.01,000025.SZ,0.2594893556606278
2024.08.01,600039.SH,0.007318508200683005
2024.08.01,600010.SH,0.3332237654809994
2024.08.01,600005.SH,0.13237458908226415
2024.08.01,600000.SH,0.20131928358063209
2024.08.01,600033.SH,0.08681321343668402
2024.08.01,600041.SH,0.5223524476682323
2024.08.01,600040.SH,0.24013005759509712
2024.08.01,000021.SZ,0.013187279156378651
2024.08.01,000026.SZ,0.16187793223644
2024.08.01,600014.SH,0.13482397016865708
2024.08.01,000023.SZ,0.02139320136799162
2024.08.01,000012.SZ,0.05759515604377673
2024.08.01,600017.SH,0.02039880070694551
2024.08.01,000019.SZ,0.09063138679105867
2024.08.01,000020.SZ,0.022214116553890988
2024.08.01,000011.SZ,0.11053278532445587
2024.08.01,000027.SZ,0.4955382551760883
2024.08.01,000046.SZ,0.15787065386400664
2024.08.01,600028.SH,0.11040326090574624
2024.08.01,000009.SZ,0.06394461396079539
2024.08.01,000034.SZ,0.13817046414795817
2024.08.01,000039.SZ,0.3311837935712083
2024.08.01,000035.SZ,0.122487101499618
2024.08.01,600027.SH,0.4354896055275502
2024.08.01,000004.SZ,0.151993575281505
2024.08.01,600029.SH,0.30437742179402216
2024.08.01,000001.SZ,0.05555761379384274
2024.08.01,600002.SH,0.10825033952224025
2024.08.01,000037.SZ,0.029719404617186737
2024.08.01,000013.SZ,0.13582717607757108
2024.08.01,000024.SZ,0.06172231047387793
2024.08.01,600006.SH,0.04324455446270801
2024.08.01,600011.SH,0.15931346239683372
2024.08.01,600019.SH,0.10212752428976474
2024.08.01,600031.SH,0.39550930339386814
2024.08.01,000036.SZ,0.1752150531230674
2024.08.01,000033.SZ,0.03818646274660684
2024.08.01,000045.SZ,0.06177771505341778
2024.08.01,000047.SZ,0.1200491309938341
2024.08.01,600037.SH,0.21711112902168955
2024.08.01,000031.SZ,0.09796522176174334
2024.08.01,600046.SH,0.1857843638549233
2024.08.01,000043.SZ,0.21027035963147653
2024.08.01,000041.SZ,0.04695745992993292
2024.08.01,600015.SH,0.00985583465800868
2024.08.01,600025.SH,0.36537274821812005
2024.08.01,600045.SH,0.0659034747572851
2024.08.02,600010.SH,0.1308003757306339
2024.08.02,600029.SH,0.12124787147528021
2024.08.02,600047.SH,0.07084659300477736
2024.08.02,000031.SZ,0.17535999016643233
2024.08.02,600027.SH,0.04669157228190241
2024.08.02,600043.SH,0.017607708386752772
2024.08.02,000019.SZ,0.07347632591200919
2024.08.02,600023.SH,0.11386179779040913
2024.08.02,600038.SH,0.3023798968581336
2024.08.02,600025.SH,0.03583053229349641
2024.08.02,000033.SZ,0.09011187514871681
2024.08.02,600011.SH,0.22871955198421537
2024.08.02,000006.SZ,0.07886475050766827
2024.08.02,600001.SH,0.2403919500643379
2024.08.02,000016.SZ,0.1021826652038947
2024.08.02,600007.SH,0.031094582328763602
2024.08.02,000004.SZ,0.0904558013197866
2024.08.02,600019.SH,0.26383875398337003
2024.08.02,000049.SZ,0.10386269911242085
2024.08.02,000048.SZ,0.18236786611311634
2024.08.02,000045.SZ,0.02051007558905754
2024.08.02,600009.SH,0.014927314225243743
2024.08.02,000047.SZ,0.0027003765597966413
2024.08.02,600036.SH,0.5367133718021843
2024.08.02,600041.SH,0.10163709442071149
2024.08.02,600048.SH,0.04104215604111499
2024.08.02,000034.SZ,0.0003010498944320742
2024.08.02,600006.SH,0.07956618826923172
2024.08.02,600012.SH,0.009941021322509186
2024.08.02,000010.SZ,0.031015183345113693
2024.08.02,600040.SH,0.03802970767436918
2024.08.02,000026.SZ,0.04779149768206998
2024.08.02,600003.SH,0.10017566009602746
2024.08.02,600039.SH,0.012444977176717352
2024.08.02,600002.SH,0.007776301911116523
2024.08.02,600049.SH,0.03937579445976121
2024.08.02,000043.SZ,0.049569102038901386
2024.08.02,000030.SZ,0.08418409502212185
2024.08.02,000017.SZ,0.03289205816713282
2024.08.02,600031.SH,0.04587844143953956
2024.08.02,600024.SH,0.03742067268934395
2024.08.02,600022.SH,0.0027057137617015033
2024.08.02,000020.SZ,0.21316779810524034
2024.08.02,600016.SH,0.06872967955404201
2024.08.02,600005.SH,0.053715294708706604
2024.08.02,000029.SZ,0.049086935872516654
2024.08.02,000024.SZ,0.20350706876256164
2024.08.02,000003.SZ,0.14092295333078048
2024.08.02,000008.SZ,0.04738354983905771
2024.08.02,000028.SZ,0.03257902347575412
2024.08.02,600021.SH,0.025042550559396522
2024.08.02,600032.SH,0.11664204123839483
2024.08.02,600017.SH,0.001307336874879092
2024.08.02,600004.SH,0.03656836460757699
2024.08.02,000036.SZ,0.05156718354542851
2024.08.02,000022.SZ,0.06225947162244128
2024.08.02,600026.SH,0.24156501559111382
2024.08.02,600037.SH,0.09196366038614591
2024.08.02,000014.SZ,0.2471184200928055
2024.08.02,000015.SZ,0.007407344678578099
2024.08.02,000037.SZ,0.0618810034533216
2024.08.02,600018.SH,0.18724101013240613
2024.08.02,600028.SH,0.03412842712057212
2024.08.02,000011.SZ,0.08452884677061105
2024.08.02,000050.SZ,0.1491547104519422
2024.08.02,000038.SZ,0.04999228010114652
2024.08.02,000005.SZ,0.2591875841966251
2024.08.02,600033.SH,0.099965719029456
2024.08.02,600045.SH,0.2261322837496048
2024.08.02,600044.SH,0.005734341590025549
2024.08.02,000018.SZ,0.07780124113923016
2024.08.02,600015.SH,0.18670113262696145
2024.08.02,000007.SZ,0.02777017066542429
2024.08.02,600013.SH,0.09737305497811455
2024.08.02,600042.SH,0.03661102563960983
2024.08.02,000044.SZ,0.023211366836930536
2024.08.02,000046.SZ,0.019267945590484285
2024.08.02,000027.SZ,0.2801438239077213
2024.08.02,000009.SZ,0.3158165794795135
2024.08.02,600046.SH,0.02431711326182564
2024.08.02,000040.SZ,0.03964489480688528
2024.08.02,000001.SZ,0.15981043802258182
2024.08.02,000023.SZ,0.01143595327470191
2024.08.02,000013.SZ,0.13901873074221463
2024.08.02,600014.SH,0.5287865182339526
2024.08.02,600008.SH,0.00017509855144856836
2024.08.02,600035.SH,0.34038641324019975
2024.08.02,000021.SZ,0.2990889242104053
2024.08.02,600034.SH,0.01321824306311175
2024.08.02,000012.SZ,0.1498260356237873
2024.08.02,600000.SH,0.01827479480244846
2024.08.02,000002.SZ,0.02214204709650036
2024.08.02,000039.SZ,0.05231369029731735
2024.08.02,600020.SH,0.1127542732675639
2024.08.02,000025.SZ,0.07557603263258171
2024.08.02,600030.SH,0.22335265612036864
2024.08.02,000035.SZ,0.023470769043426848
2024.08.02,000042.SZ,0.010037735787472172
2024.08.05,000035.SZ,0.21828375603207656
2024.08.05,000045.SZ,0.044394754366448456
2024.08.05,000014.SZ,0.030844972201178836
2024.08.05,000020.SZ,0.06149985626697067
2024.08.05,000026.SZ,0.08114566748846548
2024.08.05,000042.SZ,0.21592206365922934
2024.08.05,600008.SH,0.06591300064080417
2024.08.05,600025.SH,0.023538797846481354
2024.08.05,000005.SZ,0.17414461803219922
2024.08.05,000049.SZ,0.02847383040860359
2024.08.05,600024.SH,0.5201229389410633
2024.08.05,000008.SZ,0.26922091549606875
2024.08.05,000048.SZ,0.38159575777499327
2024.08.05,000016.SZ,0.3058718091560489
2024.08.05,000011.SZ,0.10147336360169812
2024.08.05,600031.SH,0.09182582668109243
2024.08.05,600030.SH,0.09615344961136271
2024.08.05,600010.SH,0.009862006352646993
2024.08.05,000023.SZ,0.02435337840362532
2024.08.05,600012.SH,0.04952999583470492
2024.08.05,000028.SZ,0.1839016767186794
2024.08.05,600001.SH,0.014162021365693339
2024.08.05,600027.SH,0.10474816516913753
2024.08.05,600020.SH,0.1319197750687078
2024.08.05,600000.SH,0.13282166026586922
2024.08.05,000007.SZ,0.138671580646845
2024.08.05,600022.SH,0.21478795592248676
2024.08.05,000036.SZ,0.04378668863229263
2024.08.05,600002.SH,0.0009561129292730291
2024.08.05,000031.SZ,0.1156193346928388
2024.08.05,000017.SZ,0.21066739171698187
2024.08.05,000015.SZ,0.023514789902562037
2024.08.05,600006.SH,0.028138989927789765
2024.08.05,000029.SZ,0.33399479312964553
2024.08.05,600011.SH,0.24788162886965592
2024.08.05,600023.SH,0.14663001326912262
2024.08.05,000025.SZ,0.1311942248981552
2024.08.05,000009.SZ,0.16145490863128256
2024.08.05,000043.SZ,0.21962317959427638
2024.08.05,600017.SH,0.04373976748587354
2024.08.05,600004.SH,0.11529739761819549
2024.08.05,600029.SH,0.005753591998973985
2024.08.05,600035.SH,0.020766958976619145
2024.08.05,000032.SZ,0.004777004966035102
2024.08.05,000024.SZ,0.037006371277745344
2024.08.05,600018.SH,0.4494536704804797
2024.08.05,600003.SH,0.07274120894639313
2024.08.05,600043.SH,0.049290249029661434
2024.08.05,000018.SZ,0.02666402824115063
2024.08.05,000034.SZ,0.04180310112279549
2024.08.05,000050.SZ,0.04529891794820744
2024.08.05,600005.SH,0.08404867717628031
2024.08.05,000039.SZ,0.014227841933593341
2024.08.05,600044.SH,0.1415666919172387
2024.08.05,000001.SZ,0.3324085542384388
2024.08.05,000012.SZ,0.05118205491100992
2024.08.05,600007.SH,0.10987490530337891
2024.08.05,000002.SZ,0.21594429760364417
2024.08.05,600040.SH,0.07153995693913727
2024.08.05,600041.SH,0.24345778228195433
2024.08.05,600019.SH,0.16233264287406537
2024.08.05,600026.SH,0.13175370098053188
2024.08.05,600016.SH,0.22384336532137508
2024.08.05,600042.SH,0.0956401816079631
2024.08.05,000044.SZ,0.11540113546530047
2024.08.05,000021.SZ,0.1337163830328341
2024.08.05,600015.SH,0.014605673787801629
2024.08.05,000047.SZ,0.12008542887333652
2024.08.05,600037.SH,0.10135811166793926
2024.08.05,000004.SZ,0.2995313660649673
2024.08.05,000030.SZ,0.08031605049278633
2024.08.05,600046.SH,0.16505795820894634
2024.08.05,000006.SZ,0.008850441572610935
2024.08.05,600047.SH,0.13005225696507763
2024.08.05,000010.SZ,0.08587225617904914
2024.08.05,000041.SZ,0.07702264168547604
2024.08.05,000027.SZ,0.09955033564296552
2024.08.05,600021.SH,0.11863944438687951
2024.08.05,600034.SH,0.2859671922223333
2024.08.05,600014.SH,0.27804820317873025
2024.08.05,000037.SZ,0.12270666059521688
2024.08.05,600038.SH,0.009085203490890918
2024.08.05,600033.SH,0.2740263739735038
2024.08.05,000019.SZ,0.015572337313527982
2024.08.05,000022.SZ,0.43083805383895596
2024.08.05,600036.SH,0.0013556070639514628
2024.08.05,600028.SH,0.010471059079417111
2024.08.05,000013.SZ,0.009684156960697939
2024.08.05,600032.SH,0.005148571951940334
2024.08.05,600048.SH,0.026601272091881168
2024.08.05,000033.SZ,0.0628566317597198
2024.08.05,000003.SZ,0.05562178542709204
2024.08.05,600013.SH,0.01654345263650016
2024.08.05,600039.SH,0.0855459579449284
2024.08.05,600049.SH,0.2599080253673054
2024.08.05,000040.SZ,0.0034018802285478256
2024.08.05,000038.SZ,0.13735197342125866
2024.08.05,600045.SH,0.047254162399364745
2024.08.06,600049.SH,0.08750111405404214
2024.08.06,000002.SZ,0.032168492420398695
2024.08.06,600023.SH,0.03036712030188223
2024.08.06,600004.SH,0.024804713319553775
2024.08.06,600031.SH,0.048620999706911854
2024.08.06,000009.SZ,0.03219663240578445
2024.08.06,000037.SZ,0.10230517306666699
2024.08.06,600017.SH,0.06738611345691947
2024.08.06,600046.SH,0.4025119571077921
2024.08.06,000039.SZ,0.05923336086387929
2024.08.06,600045.SH,0.12410718927186748
2024.08.06,000003.SZ,0.5566513344866058
2024.08.06,600048.SH,0.2623728391075804
2024.08.06,600028.SH,0.056235269339337327
2024.08.06,000017.SZ,0.012655085420641893
2024.08.06,600002.SH,0.14178687333260165
2024.08.06,000027.SZ,0.23758407120293934
2024.08.06,600007.SH,0.08307159348977675
2024.08.06,000042.SZ,0.06990306022712763
2024.08.06,000021.SZ,0.02479635903845258
2024.08.06,600035.SH,0.282172566407028
2024.08.06,000001.SZ,0.2513913795976767
2024.08.06,000049.SZ,0.1179161325334068
2024.08.06,600012.SH,0.00705921308446423
2024.08.06,000013.SZ,0.04424296261930296
2024.08.06,000028.SZ,0.4975635426490885
2024.08.06,000023.SZ,0.11183378486355244
2024.08.06,600041.SH,0.010146711114150192
2024.08.06,600003.SH,0.05468781836866519
2024.08.06,000047.SZ,0.04193933497398737
2024.08.06,000004.SZ,0.13155536278611346
2024.08.06,600047.SH,0.015916446810045202
2024.08.06,600037.SH,0.00292536952826435
2024.08.06,000016.SZ,0.0719652232161165
2024.08.06,000046.SZ,0.08108687832338114
2024.08.06,000015.SZ,0.2836114010421685
2024.08.06,000026.SZ,0.1676960575708993
2024.08.06,600029.SH,0.14064658428509877
2024.08.06,000032.SZ,0.020807283458346645
2024.08.06,000024.SZ,0.1201480457679145
2024.08.06,000011.SZ,0.04170655722620793
2024.08.06,000050.SZ,0.07536338583932288
2024.08.06,600022.SH,0.2431659991120555
2024.08.06,000006.SZ,0.06258256413122396
2024.08.06,000041.SZ,0.032667452447950725
2024.08.06,600021.SH,0.22562549257861395
2024.08.06,600006.SH,0.13249541647910967
2024.08.06,600009.SH,0.48385486413541573
2024.08.06,000036.SZ,0.1813742211521153
2024.08.06,000007.SZ,0.03727999315785502
2024.08.06,600011.SH,0.04710450702043066
2024.08.06,600030.SH,0.00990005269985555
2024.08.06,000005.SZ,0.018441796272684115
2024.08.06,600008.SH,0.09697143665341733
2024.08.06,600015.SH,0.18106736982627872
2024.08.06,600032.SH,0.026659677056073302
2024.08.06,000010.SZ,0.01710467007713597
2024.08.06,600038.SH,0.14733516686756729
2024.08.06,000038.SZ,0.1200310590266195
2024.08.06,600033.SH,0.04828488408919227
2024.08.06,600024.SH,0.0200889692575343
2024.08.06,600010.SH,0.02954128195141709
2024.08.06,600036.SH,0.1418913266366307
2024.08.06,000012.SZ,0.1464519086518811
2024.08.06,600013.SH,0.012355540471207196
2024.08.06,600025.SH,0.02113248942551625
2024.08.06,000033.SZ,0.04228780718077839
2024.08.06,600040.SH,0.43541556903714423
2024.08.06,600044.SH,0.003056863086966074
2024.08.06,000019.SZ,0.09698756717156883
2024.08.06,000018.SZ,0.05326278872296765
2024.08.06,000031.SZ,0.10836507881651905
2024.08.06,600014.SH,0.13198694342431375
2024.08.06,000020.SZ,0.05735872530689204
2024.08.06,000008.SZ,0.08231085376896473
2024.08.06,600034.SH,0.3081482014685829
2024.08.06,000034.SZ,0.7423027639015621
2024.08.06,000022.SZ,0.1533098969139448
2024.08.06,600026.SH,0.051967478983973095
2024.08.06,600016.SH,0.2744819579097284
2024.08.06,000048.SZ,0.024799873045523876
2024.08.06,000035.SZ,0.020922711908009626
2024.08.06,000014.SZ,0.04383593468448915
2024.08.06,600018.SH,0.6851840165486565
2024.08.06,600027.SH,0.04362063054821553
2024.08.06,000030.SZ,0.8584926472313584
2024.08.06,600001.SH,0.08669583239829846
2024.08.06,600019.SH,0.10664026958220917
2024.08.06,000040.SZ,0.10284053400558088
2024.08.06,000045.SZ,0.1345038923741183
2024.08.06,000029.SZ,0.060749496675366596
2024.08.06,600020.SH,0.0023974184528061725
2024.08.06,600000.SH,0.23614781268176152
2024.08.06,600042.SH,0.02049175632833322
2024.08.06,600005.SH,0.035388546859679765
2024.08.06,600039.SH,0.16087099188941284
2024.08.06,000043.SZ,0.4359822843984715
2024.08.06,000044.SZ,0.06634911292790753
2024.08.07,600003.SH,0.11420801529128619
2024.08.07,600022.SH,0.017103866580708015
2024.08.07,000004.SZ,0.25090699032789243
2024.08.07,600004.SH,0.07359207670268318
2024.08.07,600005.SH,0.019465053651285178
2024.08.07,000025.SZ,0.01396029559937316
2024.08.07,600047.SH,0.03972592639519132
2024.08.07,000035.SZ,0.08092960387136547
2024.08.07,600016.SH,0.021691831729775544
2024.08.07,600006.SH,0.1422609224715818
2024.08.07,000003.SZ,0.09607668246389083
2024.08.07,600011.SH,0.10264835462264271
2024.08.07,600025.SH,0.15253703421637338
2024.08.07,600013.SH,0.11997152696866129
2024.08.07,000031.SZ,0.22157784502721753
2024.08.07,000028.SZ,0.14558488685827364
2024.08.07,000018.SZ,0.02500884825573695
2024.08.07,600049.SH,0.005597868759805847
2024.08.07,000042.SZ,0.04953354082878429
2024.08.07,000006.SZ,0.38270096207818427
2024.08.07,600014.SH,0.09419016357345268
2024.08.07,600021.SH,0.07293443652888641
2024.08.07,000038.SZ,0.27761578044570084
2024.08.07,000050.SZ,0.1129766862944255
2024.08.07,600031.SH,0.03562003635198127
2024.08.07,600001.SH,0.126014685586182
2024.08.07,600046.SH,0.14302257202494326
2024.08.07,000016.SZ,0.02935473564682637
2024.08.07,600033.SH,0.6584328334206111
2024.08.07,600030.SH,0.02448673646176681
2024.08.07,000037.SZ,0.059395671954236805
2024.08.07,000027.SZ,0.030457608200991138
2024.08.07,000049.SZ,0.02716189744852981
2024.08.07,600039.SH,0.07276388321758719
2024.08.07,000009.SZ,0.07034260756041925
2024.08.07,000048.SZ,0.12911364155682492
2024.08.07,000023.SZ,0.10522396227110117
2024.08.07,600009.SH,0.1234811049612944
2024.08.07,000047.SZ,0.15756444650041831
2024.08.07,000036.SZ,0.16986548169041757
2024.08.07,000005.SZ,0.00678119222327062
2024.08.07,000001.SZ,0.07653269559117999
2024.08.07,600024.SH,0.21120846635111842
2024.08.07,600008.SH,0.06475566144353118
2024.08.07,000032.SZ,0.014911561967049871
2024.08.07,600036.SH,0.1262106820504992
2024.08.07,000046.SZ,0.06639559324586665
2024.08.07,600042.SH,0.11748886784748304
2024.08.07,600041.SH,0.003040476034959183
2024.08.07,600023.SH,0.004525446953839637
2024.08.07,000013.SZ,0.05951701774982941
2024.08.07,000008.SZ,0.051958352871513645
2024.08.07,000029.SZ,0.06625363746634472
2024.08.07,000022.SZ,0.03305263188769073
2024.08.07,600029.SH,0.20517921767373573
2024.08.07,000044.SZ,0.03073387027949172
2024.08.07,600032.SH,0.0037765775516304767
2024.08.07,600018.SH,0.06337436149169305
2024.08.07,000020.SZ,0.1017121293420887
2024.08.07,600048.SH,0.05104715954457449
2024.08.07,600035.SH,0.0264130943598992
2024.08.07,000007.SZ,0.006233638825239781
2024.08.07,600019.SH,0.10963129413343131
2024.08.07,600037.SH,0.09278938408361945
2024.08.07,000012.SZ,0.0831010601937227
2024.08.07,000041.SZ,0.1364657152225187
2024.08.07,600045.SH,0.03805063603184213
2024.08.07,600027.SH,0.013653159137731213
2024.08.07,600026.SH,0.08623294361383577
2024.08.07,600028.SH,0.006769745904767789
2024.08.07,000021.SZ,0.16803659712221686
2024.08.07,000039.SZ,0.007095738686486593
2024.08.07,000017.SZ,0.0729785415914612
2024.08.07,000011.SZ,0.0027635146861198375
2024.08.07,600002.SH,0.008103848368179538
2024.08.07,000002.SZ,0.06751578296471586
2024.08.07,600020.SH,0.04768895176522624
2024.08.07,000019.SZ,0.028220431323214192
2024.08.07,600017.SH,0.019609735394932538
2024.08.07,600012.SH,0.10593238463480847
2024.08.07,000033.SZ,0.042551594161341084
2024.08.07,000045.SZ,0.10311650542385171
2024.08.07,000043.SZ,0.06099757269843938
2024.08.07,600010.SH,0.1853540909257689
2024.08.07,600007.SH,0.2779137849867899
2024.08.07,000015.SZ,0.0018612590580052097
2024.08.07,000030.SZ,0.01599213978733837
2024.08.07,600043.SH,0.2770702900507975
2024.08.07,600044.SH,0.15639990250315766
2024.08.07,600034.SH,0.08931394980100517
2024.08.07,000034.SZ,0.002263902102984632
2024.08.07,600040.SH,0.28787274351469916
2024.08.07,600038.SH,0.17753035726692723
2024.08.07,000024.SZ,0.016446130153526018
2024.08.07,600000.SH,0.14395781177167813
2024.08.07,000026.SZ,0.1737296481605402
2024.08.07,000040.SZ,0.40160768243345174
2024.08.07,000010.SZ,0.10127805677890911
2024.08.08,000025.SZ,0.0931198153864152
2024.08.08,600037.SH,0.23459824455466757
2024.08.08,000040.SZ,0.0052925758819527295
2024.08.08,600016.SH,0.3397913664639017
2024.08.08,000042.SZ,0.00937292391254378
2024.08.08,600048.SH,0.03588573482562729
2024.08.08,600001.SH,0.03905528414043851
2024.08.08,600034.SH,0.13031423083394664
2024.08.08,000037.SZ,0.11659570517828031
2024.08.08,600046.SH,0.008734519476161858
2024.08.08,600019.SH,0.00035327417294232734
2024.08.08,600022.SH,0.5823310070573333
2024.08.08,600012.SH,0.036379024096483796
2024.08.08,000029.SZ,0.006815726564953321
2024.08.08,000016.SZ,0.0007167194839759348
2024.08.08,000049.SZ,0.3998376773363937
2024.08.08,600044.SH,0.2786206666496811
2024.08.08,000036.SZ,0.0119687607778496
2024.08.08,600045.SH,0.20599557299961493
2024.08.08,000033.SZ,0.29673520131784475
2024.08.08,000019.SZ,0.025581724081241163
2024.08.08,600036.SH,0.20114390588195635
2024.08.08,600005.SH,0.2611028453488545
2024.08.08,600021.SH,0.07218113149599933
2024.08.08,000012.SZ,0.048835244288086624
2024.08.08,600008.SH,0.19344022311592426
2024.08.08,600030.SH,0.04456257514602744
2024.08.08,600026.SH,0.05431587190329137
2024.08.08,600014.SH,0.008116386782975297
2024.08.08,000017.SZ,0.04601316275023845
2024.08.08,600027.SH,0.011391617601876373
2024.08.08,000010.SZ,0.02125682778530581
2024.08.08,000026.SZ,0.08388919773790503
2024.08.08,000024.SZ,0.012889907388978569
2024.08.08,000006.SZ,0.5317466046730718
2024.08.08,600043.SH,0.10190687664147297
2024.08.08,600033.SH,0.14209451758152813
2024.08.08,600013.SH,0.10829109610452049
2024.08.08,600024.SH,0.09046489904351653
2024.08.08,000035.SZ,0.04405758791916724
2024.08.08,000027.SZ,0.02361616595871891
2024.08.08,000018.SZ,0.0975956331419565
2024.08.08,000001.SZ,0.012766503355189501
2024.08.08,000048.SZ,0.10568040906095016
2024.08.08,600017.SH,0.008487350505248766
2024.08.08,600011.SH,0.07480164044195117
2024.08.08,600025.SH,0.1666963944114469
2024.08.08,000020.SZ,0.024879419262896618
2024.08.08,600038.SH,0.21381052614490542
2024.08.08,000032.SZ,0.1416625218911143
2024.08.08,000046.SZ,0.23784190681272574
2024.08.08,600031.SH,0.02491280161886116
2024.08.08,000030.SZ,0.02948759593764689
2024.08.08,600015.SH,0.23024106970901265
2024.08.08,000038.SZ,0.07034893814866032
2024.08.08,600009.SH,0.054211909804387934
2024.08.08,600023.SH,0.0696146548260587
2024.08.08,000008.SZ,0.00030523249587092555
2024.08.08,600041.SH,0.27360208429809685
2024.08.08,000013.SZ,0.09594243028365765
2024.08.08,000005.SZ,0.28893574854722326
2024.08.08,000009.SZ,0.04583431361892466
2024.08.08,000039.SZ,0.0077454786902046244
2024.08.08,000050.SZ,0.040164117633221294
2024.08.08,000003.SZ,0.010602310629865568
2024.08.08,600028.SH,0.0038787857476373774
2024.08.08,600000.SH,0.03107651060179432
2024.08.08,600010.SH,0.02824029943742123
2024.08.08,000047.SZ,0.017161273561507213
2024.08.08,600035.SH,0.03418803058392234
2024.08.08,000044.SZ,0.04611121457884813
2024.08.08,600006.SH,0.047037868643386896
2024.08.08,600039.SH,0.09452340607702438
2024.08.08,000041.SZ,0.19009096062511197
2024.08.08,000021.SZ,0.10442734299559295
2024.08.08,600029.SH,0.04840932493713571
2024.08.08,600040.SH,0.10083642074218742
2024.08.08,000022.SZ,0.10090033864128928
2024.08.08,000011.SZ,0.36075316511057126
2024.08.08,000045.SZ,0.10150532503863156
2024.08.08,000028.SZ,0.023922788816489734
2024.08.08,000023.SZ,0.08022531579559807
2024.08.08,600047.SH,0.4719022689878732
2024.08.08,600032.SH,0.13147723322035335
2024.08.08,600007.SH,0.05215185238117285
2024.08.08,000034.SZ,0.5323684215742334
2024.08.08,000007.SZ,0.012030207704062828
2024.08.08,000043.SZ,0.051316075018329174
2024.08.08,000014.SZ,0.025980698177513764
2024.08.08,600020.SH,0.14279764118718222
2024.08.08,600042.SH,0.10725811072610475
2024.08.08,600018.SH,0.7265895497705194
2024.08.08,600049.SH,0.08164695733425355
2024.08.08,600004.SH,0.056232356712079636
2024.08.08,600002.SH,0.0014992991717951473
2024.08.08,000031.SZ,0.3736523608057969
2024.08.09,600027.SH,0.020597261927263626
2024.08.09,000008.SZ,0.13532427667809435
2024.08.09,600049.SH,0.4254379975218815
2024.08.09,000047.SZ,0.05387397048473073
2024.08.09,600004.SH,0.09521441907102156
2024.08.09,600003.SH,0.17755539598736247
2024.08.09,000049.SZ,0.00913534186472664
2024.08.09,600016.SH,0.0022919961533340995
2024.08.09,000050.SZ,0.062126531159062935
2024.08.09,600012.SH,0.06369323258860798
2024.08.09,600032.SH,0.01452683010750527
2024.08.09,000018.SZ,0.006784164675137475
2024.08.09,600030.SH,0.05206165468699503
2024.08.09,600040.SH,0.15106205220905655
2024.08.09,600029.SH,0.016049334420287917
2024.08.09,000046.SZ,0.06069099181112695
2024.08.09,600039.SH,0.30701655995053156
2024.08.09,000012.SZ,0.24537624821580684
2024.08.09,000011.SZ,0.050559124635281706
2024.08.09,000038.SZ,0.29989284044756
2024.08.09,000013.SZ,0.07574141936786835
2024.08.09,600036.SH,0.06203937898496708
2024.08.09,000019.SZ,0.02331896337485728
2024.08.09,000037.SZ,0.0077366110294804485
2024.08.09,600041.SH,0.13193781567711482
2024.08.09,600022.SH,0.23091263643459176
2024.08.09,600034.SH,0.08291511183882126
2024.08.09,000031.SZ,0.027586240588268317
2024.08.09,000036.SZ,0.23729308085848969
2024.08.09,600015.SH,0.07221923218299324
2024.08.09,000023.SZ,0.0003324582113952079
2024.08.09,600033.SH,0.12233835895334746
2024.08.09,000034.SZ,0.004109908278051958
2024.08.09,600001.SH,0.03855612956567041
2024.08.09,600046.SH,0.026792805007034418
2024.08.09,600000.SH,0.08528438029870329
2024.08.09,000033.SZ,0.05173329667708566
2024.08.09,600023.SH,0.030446867996244478
2024.08.09,600031.SH,0.02097929556704358
2024.08.09,600005.SH,0.08203649832472225
2024.08.09,600011.SH,0.05320854666166845
2024.08.09,600007.SH,0.25997762001304675
2024.08.09,000048.SZ,0.08562379161394808
2024.08.09,600028.SH,0.02709179093336101
2024.08.09,600021.SH,0.09758874174712012
2024.08.09,600009.SH,0.005907566267274374
2024.08.09,000039.SZ,0.09079541524080377
2024.08.09,600013.SH,0.17808986908106944
2024.08.09,000044.SZ,0.3482853312002467
2024.08.09,000025.SZ,0.05972181515301509
2024.08.09,000027.SZ,0.005775167358341394
2024.08.09,000026.SZ,0.010269677547609482
2024.08.09,000017.SZ,0.03798977790046202
2024.08.09,000002.SZ,0.0013556744655490826
2024.08.09,000028.SZ,0.08392349467748915
2024.08.09,600043.SH,0.15615385210827903
2024.08.09,000021.SZ,0.0807718446822768
2024.08.09,600037.SH,0.18797185631338945
2024.08.09,000006.SZ,0.28014885430423614
2024.08.09,000007.SZ,0.12111050740498447
2024.08.09,600048.SH,0.0823415273285531
2024.08.09,600042.SH,0.11799103856213361
2024.08.09,600047.SH,0.036163028970367654
2024.08.09,000016.SZ,0.001670975169008597
2024.08.09,600002.SH,0.040238278471052234
2024.08.09,000040.SZ,0.1233166614438484
2024.08.09,000035.SZ,0.04635953155366475
2024.08.09,000030.SZ,0.051617174681361844
2024.08.09,600010.SH,0.010388433889802233
2024.08.09,000020.SZ,0.16570920905588196
2024.08.09,600024.SH,0.08636473982885512
2024.08.09,000045.SZ,0.06437644872588424
2024.08.09,600017.SH,0.12121772905279614
2024.08.09,000003.SZ,0.21289333019975062
2024.08.09,600018.SH,0.003605311137019489
2024.08.09,600026.SH,0.133814936013528
2024.08.09,000014.SZ,0.05814559147485084
2024.08.09,600008.SH,0.020440856235439724
2024.08.09,000029.SZ,0.1537458400956427
2024.08.09,000032.SZ,0.05600329799583274
2024.08.09,600044.SH,0.13679973129690487
2024.08.09,600045.SH,0.08446066368027931
2024.08.09,000022.SZ,0.06594127179524029
2024.08.09,600019.SH,0.05250824773788965
2024.08.09,000041.SZ,0.06923040975123755
2024.08.09,600014.SH,0.17534321381529375
2024.08.09,000004.SZ,0.037543297345570985
2024.08.09,600035.SH,0.14236512693086026
2024.08.09,000024.SZ,0.07310749127669176
2024.08.09,000010.SZ,0.15349727770741714
2024.08.09,000001.SZ,0.2906559396823931
2024.08.09,600038.SH,0.06196617756518535
2024.08.09,000042.SZ,0.011578185594932835
2024.08.09,000043.SZ,0.08559634261608319
2024.08.09,000009.SZ,0.1038376903370901
2024.08.09,600025.SH,0.041937684416030144
2024.08.09,600006.SH,0.002964968132962212
2024.08.09,000015.SZ,0.1119252001453455
2024.08.12,000024.SZ,0.015290676387894322
2024.08.12,600046.SH,0.5122873751526783
2024.08.12,600033.SH,0.013358898874454954
2024.08.12,600029.SH,0.043262038628012485
2024.08.12,000038.SZ,0.15665496756942038
2024.08.12,000041.SZ,0.00013775922185594347
2024.08.12,600014.SH,0.12957599058138378
2024.08.12,600043.SH,0.03638958853984683
2024.08.12,000013.SZ,0.04117444011297231
2024.08.12,000042.SZ,0.044757299133124775
2024.08.12,600004.SH,0.17233187615468132
2024.08.12,000033.SZ,0.3625806299908969
2024.08.12,600030.SH,0.014879290589232316
2024.08.12,600021.SH,0.09901377925222711
2024.08.12,600041.SH,0.05287839499695042
2024.08.12,600045.SH,0.0033206166960655864
2024.08.12,600040.SH,0.09809391635366665
2024.08.12,000027.SZ,0.13261969543446106
2024.08.12,000039.SZ,0.10055844882953441
2024.08.12,600035.SH,0.11323961194643554
2024.08.12,000044.SZ,0.25068587137410997
2024.08.12,600005.SH,0.0965463858094087
2024.08.12,000048.SZ,0.08112692205550347
2024.08.12,600015.SH,0.1105588781482227
2024.08.12,000043.SZ,0.018752239277295326
2024.08.12,000022.SZ,0.055255929215822536
2024.08.12,000028.SZ,0.0904168806343035
2024.08.12,000002.SZ,0.25558649566934544
2024.08.12,000015.SZ,0.29042190830733
2024.08.12,600006.SH,0.10669618359460042
2024.08.12,600036.SH,0.07178937136020622
2024.08.12,000014.SZ,0.11864248566434368
2024.08.12,000049.SZ,0.2480049349868918
2024.08.12,000034.SZ,0.08364050749779062
2024.08.12,600001.SH,0.2886648083126142
2024.08.12,600049.SH,0.033395418035872586
2024.08.12,000023.SZ,0.0006803268973950575
2024.08.12,000005.SZ,0.08671566934327643
2024.08.12,000003.SZ,0.3875693132879306
2024.08.12,000031.SZ,0.4274109403215481
2024.08.12,600013.SH,0.011200576086021442
2024.08.12,000007.SZ,0.02264611143028508
2024.08.12,600039.SH,0.10624156195422607
2024.08.12,000035.SZ,0.033478790503564414
2024.08.12,600042.SH,0.011311435706824465
2024.08.12,000020.SZ,0.24331335422274386
2024.08.12,600026.SH,0.1712763023952739
2024.08.12,600018.SH,0.3722022544218191
2024.08.12,000045.SZ,0.053366528222570375
2024.08.12,600047.SH,0.3056319121681728
2024.08.12,000004.SZ,0.0681296296519369
2024.08.12,000025.SZ,0.2513772541033964
2024.08.12,600011.SH,0.26548217607901964
2024.08.12,600023.SH,0.08048841970341253
2024.08.12,600044.SH,0.052846524179233585
2024.08.12,000010.SZ,0.022806670088243632
2024.08.12,000019.SZ,0.141083699445664
2024.08.12,000026.SZ,0.07841574719175472
2024.08.12,000011.SZ,0.01707508221580969
2024.08.12,000037.SZ,0.2622230426916584
2024.08.12,600016.SH,0.011902201683502586
2024.08.12,000036.SZ,0.028164919139752803
2024.08.12,000001.SZ,0.0677559192413357
2024.08.12,000017.SZ,0.04918958005643763
2024.08.12,000018.SZ,0.22601475560067308
2024.08.12,000006.SZ,0.05542469223498619
2024.08.12,600008.SH,0.022212428219873646
2024.08.12,600025.SH,0.02269440937823611
2024.08.12,000012.SZ,0.06194005466642034
2024.08.12,600027.SH,0.3384794643952276
2024.08.12,600022.SH,0.3357811972435466
2024.08.12,600028.SH,0.024933949026979912
2024.08.12,600038.SH,0.15935737455633925
2024.08.12,000047.SZ,0.48273631374970655
2024.08.12,600017.SH,0.11714730140358692
2024.08.12,600012.SH,0.03146716476888404
2024.08.12,000008.SZ,0.15783928857260887
2024.08.12,600007.SH,0.13920729956914313
2024.08.12,600024.SH,0.13384969915061615
2024.08.12,600032.SH,0.007521431589202897
2024.08.12,600003.SH,0.061608951509268595
2024.08.12,600020.SH,0.008287947290952787
2024.08.12,600009.SH,0.34642688153579115
2024.08.12,600037.SH,0.2822029773302731
2024.08.12,600019.SH,0.10605729793592296
2024.08.12,000050.SZ,0.19108334397085647
2024.08.12,600010.SH,0.04701785607477844
2024.08.12,000040.SZ,0.10826641252601406
2024.08.12,600034.SH,0.005063030179791836
2024.08.12,000021.SZ,0.1918002410791999
2024.08.12,600048.SH,0.105145233713843
2024.08.12,000029.SZ,0.2928773510191353
2024.08.12,600002.SH,0.13366766665606777
2024.08.12,000030.SZ,0.1432497000649969
2024.08.12,000009.SZ,0.3359171780142739
2024.08.12,000016.SZ,0.4139728854803161
2024.08.12,000046.SZ,0.29220675823106235
2024.08.12,600031.SH,0.022348299743329154
2024.08.13,600039.SH,0.3276638153903793
2024.08.13,000006.SZ,0.2003975237758379
2024.08.13,600027.SH,0.06281829773246667
2024.08.13,000009.SZ,0.06086746112374884
2024.08.13,000007.SZ,0.015601254176832535
2024.08.13,000013.SZ,0.03602948322812068
2024.08.13,000026.SZ,0.1479880238359631
2024.08.13,600044.SH,0.02383470950675392
2024.08.13,600005.SH,0.04286957954436601
2024.08.13,600013.SH,0.12916781547459588
2024.08.13,000027.SZ,0.2064969410371473
2024.08.13,000038.SZ,0.13104354766476656
2024.08.13,600033.SH,0.19747316365634948
2024.08.13,000036.SZ,0.30995814192416365
2024.08.13,600045.SH,0.011231998989223519
2024.08.13,600019.SH,0.011946862560549177
2024.08.13,600000.SH,0.16763387466156407
2024.08.13,000011.SZ,0.035224354170912846
2024.08.13,000035.SZ,0.0905216869046774
2024.08.13,600043.SH,0.004190731771248735
2024.08.13,600015.SH,0.2237189621112932
2024.08.13,600040.SH,0.25378782254223414
2024.08.13,600035.SH,0.33254697434190994
2024.08.13,600010.SH,0.41850758579184427
2024.08.13,600030.SH,0.18906237544720408
2024.08.13,600022.SH,0.08198622818600391
2024.08.13,000023.SZ,0.31518914534043213
2024.08.13,600003.SH,0.1474763005024431
2024.08.13,000037.SZ,0.047801217124843615
2024.08.13,600025.SH,0.3329982772907984
2024.08.13,000041.SZ,0.020683849747976858
2024.08.13,600012.SH,0.3458500354331999
2024.08.13,600014.SH,0.20296629244980402
2024.08.13,000019.SZ,0.021633901180368648
2024.08.13,600047.SH,0.007501319381800443
2024.08.13,000049.SZ,0.34582440480385407
2024.08.13,600038.SH,0.05589209767578014
2024.08.13,600029.SH,0.09067782016257073
2024.08.13,000003.SZ,0.1113041078056247
2024.08.13,600023.SH,0.19635992916984762
2024.08.13,000031.SZ,0.2263914753275852
2024.08.13,000024.SZ,0.7981977060612463
2024.08.13,000050.SZ,0.02807902957747023
2024.08.13,000020.SZ,0.03493763234975982
2024.08.13,000025.SZ,0.14068702642750391
2024.08.13,600031.SH,0.14841992459513031
2024.08.13,000030.SZ,0.02333863582766401
2024.08.13,000015.SZ,0.027932676750836986
2024.08.13,600006.SH,0.11636462634941473
2024.08.13,000032.SZ,0.05051114136905454
2024.08.13,000016.SZ,0.11727182478025325
2024.08.13,600024.SH,0.03370074551460861
2024.08.13,000040.SZ,0.8532277069502882
2024.08.13,600018.SH,0.0346385094377927
2024.08.13,000029.SZ,0.023560625029938782
2024.08.13,600042.SH,0.11221926449289836
2024.08.13,600034.SH,0.09783140086217958
2024.08.13,600046.SH,0.2157123947290518
2024.08.13,600009.SH,0.12106769991681733
2024.08.13,000008.SZ,0.4278525826735853
2024.08.13,000047.SZ,0.2264752514029838
2024.08.13,600049.SH,0.02389960639337134
2024.08.13,600026.SH,0.02272749467839737
2024.08.13,000033.SZ,0.013957270217246005
2024.08.13,600037.SH,0.15287887502924044
2024.08.13,600011.SH,0.14652387490972257
2024.08.13,000017.SZ,0.021171620810739276
2024.08.13,000048.SZ,0.05880434728983503
2024.08.13,000005.SZ,0.32313086517437895
2024.08.13,000045.SZ,0.07575133566573256
2024.08.13,000042.SZ,0.19476745510442964
2024.08.13,600016.SH,0.018630399759337304
2024.08.13,000014.SZ,0.36130010940765805
2024.08.13,600032.SH,0.09319180980534598
2024.08.13,000039.SZ,0.10519339086827266
2024.08.13,600004.SH,0.0033728220080053235
2024.08.13,000034.SZ,0.1036752176855951
2024.08.13,600021.SH,0.2489102457152611
2024.08.13,000044.SZ,0.3088657138995842
2024.08.13,000028.SZ,0.02833434350062099
2024.08.13,600017.SH,0.12085632461139217
2024.08.13,600028.SH,0.15006666389719625
2024.08.13,000043.SZ,0.028913971194612288
2024.08.13,600048.SH,0.06011374837040019
2024.08.13,000002.SZ,0.009041295542565187
2024.08.13,600036.SH,0.0682336064616698
2024.08.13,000018.SZ,0.039544857060606765
2024.08.13,600007.SH,0.01245708653344631
2024.08.13,000001.SZ,0.07924064517117559
2024.08.13,600001.SH,0.05762656908891588
2024.08.13,600020.SH,0.12922491567709032
2024.08.13,000004.SZ,0.1699196668482875
2024.08.13,600008.SH,0.04227106433743721
2024.08.13,000022.SZ,0.06375516994624912
2024.08.13,600041.SH,0.19465904043862306
2024.08.13,000012.SZ,0.01341612335872083
2024.08.13,000010.SZ,0.11921535880783894
2024.08.14,000034.SZ,0.05616278899825314
2024.08.14,000040.SZ,0.1569931749346724
2024.08.14,000033.SZ,0.06703725054222225
2024.08.14,600009.SH,0.3722931102875573
2024.08.14,000026.SZ,0.03730114800391451
2024.08.14,600002.SH,0.020069519900190066
2024.08.14,000005.SZ,0.15514434186753032
2024.08.14,600007.SH,0.08049933786308054
2024.08.14,600045.SH,0.17793506474747872
2024.08.14,000029.SZ,0.2602594964900811
2024.08.14,600044.SH,0.05234583708097951
2024.08.14,600024.SH,0.01541513699623546
2024.08.14,000032.SZ,0.0868491188705655
2024.08.14,600049.SH,0.026541457493029188
2024.08.14,000037.SZ,0.0806997749993115
2024.08.14,600040.SH,0.23381591928555168
2024.08.14,600033.SH,0.06609633561000725
2024.08.14,600026.SH,0.04793228271053925
2024.08.14,000011.SZ,0.036794547413647356
2024.08.14,000025.SZ,0.09066602672847897
2024.08.14,000016.SZ,0.0661422893324231
2024.08.14,000039.SZ,0.008180025519474741
2024.08.14,000031.SZ,0.0025691338155180085
2024.08.14,600020.SH,0.361270940514156
2024.08.14,000038.SZ,0.16906297257861078
2024.08.14,000028.SZ,0.07284691250583993
2024.08.14,600028.SH,0.024940156105376997
2024.08.14,000019.SZ,0.04557045924581304
2024.08.14,600016.SH,0.050387617754588665
2024.08.14,600022.SH,0.10227180876387801
2024.08.14,000048.SZ,0.2382049457869102
2024.08.14,000012.SZ,0.016099518710558265
2024.08.14,000009.SZ,0.2571062855588479
2024.08.14,600004.SH,0.22058252550008986
2024.08.14,600000.SH,0.3213606895128469
2024.08.14,600027.SH,0.027918209247683512
2024.08.14,600008.SH,0.2100680181814633
2024.08.14,600035.SH,0.043990189746109576
2024.08.14,600013.SH,0.48977271475329287
2024.08.14,000003.SZ,0.02324447769296215
2024.08.14,600017.SH,0.08254360800321778
2024.08.14,000002.SZ,0.0625748011001626
2024.08.14,600015.SH,0.027446865097495315
2024.08.14,000020.SZ,0.030858745203788823
2024.08.14,600005.SH,0.022833311028134882
2024.08.14,000018.SZ,0.012208369146474607
2024.08.14,000044.SZ,0.030862622660499918
2024.08.14,600019.SH,0.07246977155462823
2024.08.14,000046.SZ,0.02755121255834247
2024.08.14,600031.SH,0.06054946462932122
2024.08.14,600029.SH,0.060866269795351736
2024.08.14,600037.SH,0.12090396754292639
2024.08.14,600018.SH,0.032272535779801
2024.08.14,000049.SZ,0.15978766077495593
2024.08.14,600046.SH,0.05769889805143434
2024.08.14,000045.SZ,0.16837545638244264
2024.08.14,000036.SZ,0.03368043027288671
2024.08.14,600014.SH,0.05594268197666755
2024.08.14,600025.SH,0.07777026135142323
2024.08.14,600034.SH,0.04066489639750175
2024.08.14,000004.SZ,0.0639653581263359
2024.08.14,000015.SZ,0.08173228658522941
2024.08.14,000041.SZ,0.04722842959491619
2024.08.14,600006.SH,0.06944347114314489
2024.08.14,000030.SZ,0.3825931201143804
2024.08.14,600010.SH,0.120561803060769
2024.08.14,000014.SZ,0.02099801242447567
2024.08.14,600036.SH,0.053878199891581435
2024.08.14,600001.SH,0.018705709101374236
2024.08.14,600003.SH,0.1403133121204402
2024.08.14,600042.SH,0.1187161001407461
2024.08.14,000001.SZ,0.34895446642465683
2024.08.14,000007.SZ,0.759099916525241
2024.08.14,600023.SH,0.1021671759997836
2024.08.14,000013.SZ,0.02098750610173338
2024.08.14,000023.SZ,0.10686284542145934
2024.08.14,000008.SZ,0.029501737389364995
2024.08.14,600041.SH,0.38960523749646664
2024.08.14,600048.SH,0.35610030334688514
2024.08.14,000024.SZ,0.19677012724990559
2024.08.14,000006.SZ,0.46221322604910164
2024.08.14,600030.SH,0.04451714531093243
2024.08.14,600038.SH,0.20001134589321304
2024.08.14,600047.SH,0.06067190237019035
2024.08.14,600012.SH,0.1747616906110174
2024.08.14,000022.SZ,0.006382440581469161
2024.08.14,000027.SZ,0.20159240733905015
2024.08.14,000021.SZ,0.07592727061474545
2024.08.14,600039.SH,0.02303477760423664
2024.08.14,000047.SZ,0.044558852446306745
2024.08.14,000050.SZ,0.002719561303575052
2024.08.14,600043.SH,0.24214250004547447
2024.08.14,000043.SZ,0.11028685326597198
2024.08.14,600011.SH,0.007015070740948386
2024.08.14,000035.SZ,0.043044890110101215
2024.08.14,600021.SH,0.03402215592976375
2024.08.15,600043.SH,0.13101247807399863
2024.08.15,600049.SH,0.15782442699946128
2024.08.15,600029.SH,0.11821517359734869
2024.08.15,000023.SZ,0.15172944855766796
2024.08.15,600033.SH,0.10239468017512898
2024.08.15,000001.SZ,0.06033666385218741
2024.08.15,000019.SZ,0.021132591601780285
2024.08.15,000034.SZ,0.014520900696958355
2024.08.15,000041.SZ,0.21507300772091004
2024.08.15,600023.SH,0.031263487626474476
2024.08.15,600048.SH,0.03740784344244532
2024.08.15,600035.SH,0.0008307591637753113
2024.08.15,600011.SH,0.1793139075217606
2024.08.15,600010.SH,0.056155387917380464
2024.08.15,600038.SH,0.12665976865500686
2024.08.15,600019.SH,0.007758660494259643
2024.08.15,600040.SH,0.14105321079246544
2024.08.15,000015.SZ,0.10833734950588705
2024.08.15,000011.SZ,0.018993007415189063
2024.08.15,000039.SZ,0.030155858121170085
2024.08.15,000033.SZ,0.26548283574686105
2024.08.15,600046.SH,0.22780140794272125
2024.08.15,600007.SH,0.2103159486787218
2024.08.15,000037.SZ,0.02902215019151862
2024.08.15,600008.SH,0.07871791036153632
2024.08.15,000008.SZ,0.04418391539377827
2024.08.15,600001.SH,0.14052080505805015
2024.08.15,600039.SH,0.2539588295947413
2024.08.15,000007.SZ,0.1363109022434435
2024.08.15,600024.SH,0.09222266295896334
2024.08.15,600028.SH,0.4626433055243575
2024.08.15,000016.SZ,0.005220932002939141
2024.08.15,000014.SZ,0.07290154707036155
2024.08.15,000036.SZ,0.002831795167744883
2024.08.15,600003.SH,0.7602878412315522
2024.08.15,600030.SH,0.08459255542057446
2024.08.15,600025.SH,0.051959788158417015
2024.08.15,000002.SZ,0.5678951540551763
2024.08.15,600041.SH,0.13181081343864057
2024.08.15,600026.SH,0.0696811354277266
2024.08.15,000003.SZ,0.38750575799195913
2024.08.15,600004.SH,0.056634146674007256
2024.08.15,600013.SH,0.26125603664893815
2024.08.15,000017.SZ,0.04113745420420699
2024.08.15,000021.SZ,0.1795289334019379
2024.08.15,000012.SZ,0.014651451105588714
2024.08.15,000029.SZ,0.05932385029511686
2024.08.15,000045.SZ,0.16791552746590124
2024.08.15,600006.SH,0.034305261265070684
2024.08.15,600047.SH,0.012987451681502792
2024.08.15,600000.SH,0.6018891296604273
2024.08.15,000004.SZ,0.09521099571652489
2024.08.15,000035.SZ,0.04236029290687175
2024.08.15,000018.SZ,0.0008943402512943343
2024.08.15,600027.SH,0.0856292119524413
2024.08.15,600015.SH,0.04905344992192422
2024.08.15,600009.SH,0.11996756368994409
2024.08.15,600034.SH,0.19524568756199195
2024.08.15,000026.SZ,0.12989580737706982
2024.08.15,000010.SZ,0.029498963446144104
2024.08.15,000013.SZ,1.0487296610954397
2024.08.15,600037.SH,0.05352837602561306
2024.08.15,000024.SZ,0.17010348416524787
2024.08.15,600014.SH,0.19450113982350362
2024.08.15,000009.SZ,0.013159031679480206
2024.08.15,000025.SZ,0.049449891807881105
2024.08.15,600022.SH,0.041862278851393264
2024.08.15,600032.SH,0.08379541566739429
2024.08.15,600020.SH,0.026665482519511015
2024.08.15,000046.SZ,0.3701517573166757
2024.08.15,600012.SH,0.0760964232749873
2024.08.15,600018.SH,0.1997112784187851
2024.08.15,600016.SH,0.06503756157678924
2024.08.15,000031.SZ,0.15350697094307128
2024.08.15,000044.SZ,0.21261129584928884
2024.08.15,000022.SZ,0.08915459867709866
2024.08.15,600017.SH,0.011111966628571102
2024.08.15,600021.SH,0.08247630560470164
2024.08.15,000032.SZ,0.017677429822716723
2024.08.15,000042.SZ,0.24332425882480668
2024.08.15,600005.SH,0.031126968336350574
2024.08.15,600042.SH,0.21148512564202188
2024.08.15,000048.SZ,0.106680727699776
2024.08.15,000020.SZ,0.009551180458751519
2024.08.15,000047.SZ,0.18261122403620972
2024.08.15,600002.SH,0.20402617319220606
2024.08.15,000005.SZ,0.02698718315919707
2024.08.15,600044.SH,0.3472913303554397
2024.08.15,000028.SZ,0.011568716238545699
2024.08.15,000006.SZ,0.08095758157389127
2024.08.15,000043.SZ,0.01834804077366942
2024.08.15,000049.SZ,0.027188991203545836
2024.08.15,000030.SZ,0.11994598273358573
2024.08.15,600045.SH,0.017660789253404714
2024.08.15,000040.SZ,0.2920351020173322
2024.08.15,600036.SH,0.4059123415717048
2024.08.15,600031.SH,0.045311684232079805
2024.08.16,600006.SH,0.08444207398060419
2024.08.16,600019.SH,0.11042922947530498
2024.08.16,000018.SZ,0.02959917041868896
2024.08.16,600017.SH,0.005111737846262462
2024.08.16,000040.SZ,0.4968902662153342
2024.08.16,000016.SZ,0.09469172522514027
2024.08.16,000034.SZ,0.1020058631512528
2024.08.16,600042.SH,0.1239921903282436
2024.08.16,600036.SH,0.03225323284806341
2024.08.16,000041.SZ,0.13052038155441945
2024.08.16,000035.SZ,0.10516449565943722
2024.08.16,600016.SH,0.0632108319508247
2024.08.16,600023.SH,0.11522666918512289
2024.08.16,000009.SZ,0.5419531567697529
2024.08.16,600034.SH,0.10894987154256193
2024.08.16,600024.SH,0.00793268629222063
2024.08.16,600025.SH,0.0757467877184971
2024.08.16,000021.SZ,0.01740094016906578
2024.08.16,600040.SH,0.009741245710195575
2024.08.16,600000.SH,0.04934575080897366
2024.08.16,600021.SH,0.10910504807182349
2024.08.16,600046.SH,0.18875177750407018
2024.08.16,000003.SZ,0.03174385549573294
2024.08.16,000022.SZ,0.21834539218262367
2024.08.16,600012.SH,0.07231151222045176
2024.08.16,600038.SH,0.0876771321483124
2024.08.16,600033.SH,0.08872490890024977
2024.08.16,600049.SH,0.10909615652212264
2024.08.16,000019.SZ,0.07401405415236013
2024.08.16,600013.SH,0.02280589669704072
2024.08.16,000042.SZ,0.015688419900620088
2024.08.16,600002.SH,0.006376636545912179
2024.08.16,000005.SZ,0.16639133835932035
2024.08.16,600044.SH,0.09690841830892315
2024.08.16,600001.SH,0.11926675422696234
2024.08.16,000032.SZ,0.28123368535522963
2024.08.16,600032.SH,0.05001159010522568
2024.08.16,600009.SH,0.32457772629855475
2024.08.16,600020.SH,0.11586574827001953
2024.08.16,000044.SZ,0.03511812653799395
2024.08.16,600022.SH,0.05027536224143882
2024.08.16,000007.SZ,0.5954382755631336
2024.08.16,600003.SH,0.09397888220605485
2024.08.16,000047.SZ,0.0948934987269406
2024.08.16,000010.SZ,0.16494882186247756
2024.08.16,000002.SZ,0.055010007557410784
2024.08.16,600035.SH,0.10946019255991357
2024.08.16,000031.SZ,0.00832966526548653
2024.08.16,600008.SH,0.008086461694044386
2024.08.16,600028.SH,0.0033005728591776226
2024.08.16,600047.SH,0.15078779840088444
2024.08.16,600015.SH,0.33088016977130913
2024.08.16,600018.SH,0.5890653951579679
2024.08.16,000043.SZ,0.19933027210063253
2024.08.16,000036.SZ,0.2521047397567339
2024.08.16,000024.SZ,0.09561854103222821
2024.08.16,000026.SZ,0.14098152835562522
2024.08.16,000027.SZ,0.17179272920807945
2024.08.16,000001.SZ,0.04525849942718929
2024.08.16,000033.SZ,0.10125826039531818
2024.08.16,000006.SZ,0.04177586149426734
2024.08.16,000023.SZ,0.12479115589810716
2024.08.16,600041.SH,0.04653347829694637
2024.08.16,000029.SZ,0.3804822348918133
2024.08.16,000038.SZ,0.14605353717587366
2024.08.16,000004.SZ,0.1304686730575202
2024.08.16,000049.SZ,0.08503294119050366
2024.08.16,000045.SZ,0.14624394078333508
2024.08.16,600039.SH,0.12258886052961152
2024.08.16,600014.SH,0.1968351350467773
2024.08.16,600029.SH,0.13996230673367585
2024.08.16,000012.SZ,0.13554275617437575
2024.08.16,600007.SH,0.056813439099063855
2024.08.16,000015.SZ,0.08727809749578125
2024.08.16,000011.SZ,0.060964937319976605
2024.08.16,600043.SH,0.13272398407021244
2024.08.16,000028.SZ,0.14465941880856747
2024.08.16,000017.SZ,0.08674383214350911
2024.08.16,600026.SH,0.014060820266386692
2024.08.16,000039.SZ,0.3775142402809526
2024.08.16,600005.SH,0.15777918897150456
2024.08.16,600031.SH,0.34812397128950895
2024.08.16,000013.SZ,0.04366541099438577
2024.08.16,600030.SH,0.1803375465620047
2024.08.16,000014.SZ,0.018093362888016544
2024.08.16,600027.SH,0.03904656418595396
2024.08.16,600010.SH,0.11851732274909095
2024.08.16,000008.SZ,0.15306491773986755
2024.08.16,600037.SH,0.03450822986525074
2024.08.16,000020.SZ,0.3005970386677648
2024.08.16,000046.SZ,0.08554391591989627
2024.08.16,000048.SZ,0.1343114357294791
2024.08.16,600004.SH,0.014381756493125824
2024.08.16,000050.SZ,0.18563847104876258
2024.08.16,600045.SH,0.011532323390153476
2024.08.16,600011.SH,0.08804378526892465
2024.08.16,600048.SH,0.0025423431951156258
2024.08.16,000025.SZ,0.14320105763523286
2024.08.19,000041.SZ,0.05367387514525162
2024.08.19,600009.SH,0.07463730488967796
2024.08.19,000021.SZ,0.01394026562568114
2024.08.19,600044.SH,0.1887642869623277
2024.08.19,000026.SZ,0.02492010437381261
2024.08.19,600028.SH,0.36244816517479317
2024.08.19,600015.SH,0.14997395711087474
2024.08.19,000019.SZ,0.21823348605843093
2024.08.19,600003.SH,0.0408209465822924
2024.08.19,600002.SH,0.1328983611639469
2024.08.19,000029.SZ,0.23009858018902993
2024.08.19,000044.SZ,0.061285399534756486
2024.08.19,600011.SH,0.20800477861463046
2024.08.19,600010.SH,0.17183970878723964
2024.08.19,600005.SH,0.29668644047001613
2024.08.19,600047.SH,0.027418733668257075
2024.08.19,000043.SZ,0.020692503183215714
2024.08.19,000033.SZ,0.27792522443990203
2024.08.19,600023.SH,0.04965064987381755
2024.08.19,600014.SH,0.07184900683059457
2024.08.19,600020.SH,0.17139477695353023
2024.08.19,600041.SH,0.019006266011017084
2024.08.19,000039.SZ,0.10220546966605204
2024.08.19,600018.SH,0.04882581445158073
2024.08.19,600025.SH,0.02472951772702728
2024.08.19,000045.SZ,0.42330275560530817
2024.08.19,000036.SZ,0.011222127368787792
2024.08.19,000034.SZ,0.09118856399272063
2024.08.19,000038.SZ,0.18080432141135425
2024.08.19,000048.SZ,0.034785181445524886
2024.08.19,600024.SH,0.07891429080431726
2024.08.19,600037.SH,0.2137614976845926
2024.08.19,600033.SH,0.2850842269580878
2024.08.19,000040.SZ,0.12896124135105327
2024.08.19,600029.SH,0.14442664242107944
2024.08.19,600017.SH,0.22782024811413956
2024.08.19,000028.SZ,0.14856948348116228
2024.08.19,600036.SH,0.013392097999009384
2024.08.19,600031.SH,0.014597123394359812
2024.08.19,600000.SH,0.06697053477338236
2024.08.19,600039.SH,0.1480090656631181
2024.08.19,000046.SZ,0.012731208238653764
2024.08.19,600043.SH,0.030572310284662726
2024.08.19,000030.SZ,0.10789793283710397
2024.08.19,600021.SH,0.08203987269136066
2024.08.19,600032.SH,0.16578040513087097
2024.08.19,600049.SH,0.11365381465529233
2024.08.19,600016.SH,0.0623459285370404
2024.08.19,000049.SZ,0.1932190058722854
2024.08.19,000050.SZ,0.12912623292016626
2024.08.19,600004.SH,0.045969875358908584
2024.08.19,600007.SH,0.1434434601811121
2024.08.19,000009.SZ,0.07923883127086048
2024.08.19,600001.SH,0.05675529177877742
2024.08.19,600006.SH,0.17103715524683497
2024.08.19,000020.SZ,0.123214590300962
2024.08.19,000024.SZ,0.0406971700373997
2024.08.19,600013.SH,0.030085252752493605
2024.08.19,000016.SZ,0.05014261003512411
2024.08.19,000014.SZ,0.17409555626472153
2024.08.19,000001.SZ,0.020998226170648632
2024.08.19,000022.SZ,0.08401972472889384
2024.08.19,600042.SH,0.12300495610624781
2024.08.19,000007.SZ,0.07422654524873862
2024.08.19,000011.SZ,0.006255421905267966
2024.08.19,000004.SZ,0.06107735656285118
2024.08.19,600038.SH,0.08890850023730669
2024.08.19,600046.SH,0.1944622779551516
2024.08.19,000025.SZ,0.02519689646810545
2024.08.19,600019.SH,0.010615237010517035
2024.08.19,600034.SH,0.032782235075958704
2024.08.19,000013.SZ,0.10396495917556015
2024.08.19,000005.SZ,0.07221267969090638
2024.08.19,600008.SH,0.3408086651118456
2024.08.19,000018.SZ,0.03364006871152313
2024.08.19,600030.SH,0.1360318482088207
2024.08.19,600022.SH,0.024208854322439945
2024.08.19,600027.SH,0.020550964597031592
2024.08.19,600035.SH,0.09412453195161315
2024.08.19,600040.SH,0.10694073243888189
2024.08.19,000006.SZ,0.1840199139784743
2024.08.19,000035.SZ,0.21419595058827023
2024.08.19,000032.SZ,0.06043917568415546
2024.08.19,000023.SZ,0.14975046956432403
2024.08.19,000012.SZ,0.15748713054737593
2024.08.19,600048.SH,0.20828285662891258
2024.08.19,000027.SZ,0.07509940557994797
2024.08.19,000031.SZ,0.0883223739165231
2024.08.19,000042.SZ,0.22312428343509086
2024.08.19,600026.SH,0.3648484928249149
2024.08.19,000010.SZ,0.23584556283091707
2024.08.19,000047.SZ,0.14572986401920635
2024.08.19,000008.SZ,0.036080590904526075
2024.08.19,000037.SZ,0.2214869119597064
2024.08.19,600045.SH,0.06386221394853454
2024.08.19,000017.SZ,0.16430588501022253
2024.08.20,000034.SZ,0.002943962533486817
2024.08.20,000004.SZ,0.015754719968407258
2024.08.20,600017.SH,0.5380828026032087
2024.08.20,600024.SH,0.04343388504270501
2024.08.20,000047.SZ,0.11450728665949275
2024.08.20,000035.SZ,0.04756418864020538
2024.08.20,600040.SH,0.04085109220540546
2024.08.20,600045.SH,0.03267755803498626
2024.08.20,600030.SH,0.0237195112774044
2024.08.20,000043.SZ,0.01571732409902545
2024.08.20,600004.SH,0.4650335169679007
2024.08.20,600014.SH,0.05838373478630774
2024.08.20,600035.SH,0.06993040855765743
2024.08.20,600000.SH,0.009835000065905564
2024.08.20,600006.SH,0.3374708755334675
2024.08.20,000049.SZ,0.08251862164510337
2024.08.20,000042.SZ,0.2026411989543426
2024.08.20,600008.SH,0.04442884160911984
2024.08.20,000003.SZ,0.19125494322442008
2024.08.20,600033.SH,0.26929051041477853
2024.08.20,000026.SZ,0.06223595280615745
2024.08.20,000017.SZ,0.30824229789871344
2024.08.20,000018.SZ,0.1137466356944004
2024.08.20,000005.SZ,0.0018366219844042464
2024.08.20,000012.SZ,0.1048982582428435
2024.08.20,000016.SZ,0.1404599888234577
2024.08.20,600047.SH,0.06528996557907343
2024.08.20,600020.SH,0.07186851900016988
2024.08.20,000007.SZ,0.031927901109456265
2024.08.20,600011.SH,0.10410013905873611
2024.08.20,000011.SZ,0.035345533419915545
2024.08.20,600038.SH,0.010399401852334981
2024.08.20,600044.SH,0.07038518870531159
2024.08.20,000030.SZ,0.23113397986795287
2024.08.20,600005.SH,0.05943496023604224
2024.08.20,600037.SH,0.06605596272766052
2024.08.20,000037.SZ,0.11190591509120822
2024.08.20,600043.SH,0.061712898805592456
2024.08.20,600009.SH,0.016226716623867602
2024.08.20,000045.SZ,0.013104383412445162
2024.08.20,000044.SZ,0.2088130179308518
2024.08.20,600041.SH,0.22473152056948312
2024.08.20,000029.SZ,0.223333568347597
2024.08.20,000001.SZ,0.20912895841057516
2024.08.20,600010.SH,0.08939326754567443
2024.08.20,600013.SH,0.23284603716721988
2024.08.20,000050.SZ,0.22466589382641108
2024.08.20,600048.SH,0.007600819508237939
2024.08.20,600025.SH,0.1025462265294337
2024.08.20,000031.SZ,0.11746942422021912
2024.08.20,000036.SZ,0.10315902182323722
2024.08.20,000013.SZ,0.06056174834006429
2024.08.20,000028.SZ,0.12026589446210571
2024.08.20,000033.SZ,0.188939493460421
2024.08.20,600007.SH,0.11211831017543908
2024.08.20,000025.SZ,0.04218152352430664
2024.08.20,600023.SH,0.23271843868656267
2024.08.20,600016.SH,0.01468243252735695
2024.08.20,000014.SZ,0.24866111078686076
2024.08.20,600015.SH,0.05801620502399742
2024.08.20,000006.SZ,0.09456418521418741
2024.08.20,600002.SH,0.0377768606964815
2024.08.20,600019.SH,0.2008555791414689
2024.08.20,600039.SH,0.0029259176524732114
2024.08.20,000027.SZ,0.3425780444364275
2024.08.20,600022.SH,0.14798566102432123
2024.08.20,000021.SZ,0.06671103479357948
2024.08.20,600029.SH,0.0475058601375798
2024.08.20,000024.SZ,0.03204453160119568
2024.08.20,600012.SH,0.019134818031254847
2024.08.20,000020.SZ,0.1629164528929646
2024.08.20,000022.SZ,0.05342850219450726
2024.08.20,600018.SH,0.03209129002725769
2024.08.20,600026.SH,0.07757038203207708
2024.08.20,000023.SZ,0.014512184976631445
2024.08.20,600027.SH,0.14194117328718125
2024.08.20,000015.SZ,0.4513984357585188
2024.08.20,600042.SH,0.21202035624169394
2024.08.20,000039.SZ,0.035806931826872584
2024.08.20,000019.SZ,0.057736418877155096
2024.08.20,600049.SH,0.13273538076942684
2024.08.20,000040.SZ,0.23397419179195728
2024.08.20,000041.SZ,0.04638305679123762
2024.08.20,600001.SH,0.04453534639667953
2024.08.20,000038.SZ,0.06427830291930471
2024.08.20,000002.SZ,0.1629694414424765
2024.08.20,600003.SH,0.030839859708286375
2024.08.20,600032.SH,0.1622613450689442
2024.08.20,600046.SH,0.08925777828057498
2024.08.20,000010.SZ,0.25630121577596476
2024.08.20,000032.SZ,0.05924503564148253
2024.08.20,000009.SZ,0.028514319595446473
2024.08.20,600021.SH,0.03881265285909165
2024.08.20,000046.SZ,0.4911613635962049
2024.08.20,000048.SZ,0.11257243315373971
2024.08.20,600028.SH,0.07836180653055937
2024.08.20,600034.SH,0.19199106475196293
2024.08.20,600031.SH,0.15440624165351238
2024.08.21,600041.SH,0.21359272062528872
2024.08.21,000042.SZ,0.02292294352325969
2024.08.21,600003.SH,0.09192616798853205
2024.08.21,600038.SH,0.4479505613563481
2024.08.21,600010.SH,0.06612803063585458
2024.08.21,600028.SH,0.066926126509128
2024.08.21,600045.SH,0.1849570157794453
2024.08.21,000033.SZ,0.08697151142185501
2024.08.21,000008.SZ,0.1079902887194109
2024.08.21,600014.SH,0.12033636825019484
2024.08.21,000019.SZ,0.011624568586233782
2024.08.21,000025.SZ,0.061532717669822254
2024.08.21,000029.SZ,0.0559632162930202
2024.08.21,000036.SZ,0.10364115084785913
2024.08.21,000043.SZ,0.03199548287011459
2024.08.21,600047.SH,0.02665639906130483
2024.08.21,600013.SH,0.10899869553372205
2024.08.21,600026.SH,0.12828671180015105
2024.08.21,000007.SZ,0.07833373252998643
2024.08.21,000004.SZ,0.060043686177456305
2024.08.21,000006.SZ,0.04052578292855472
2024.08.21,000013.SZ,0.10623003936996878
2024.08.21,000009.SZ,0.1029255706255233
2024.08.21,000017.SZ,0.1401907832893514
2024.08.21,600019.SH,0.0006983172316803474
2024.08.21,600049.SH,0.0534326780829208
2024.08.21,600042.SH,0.04633831818402624
2024.08.21,000003.SZ,0.05296752166865414
2024.08.21,000047.SZ,0.031767796746381936
2024.08.21,000027.SZ,0.2549293515283492
2024.08.21,000022.SZ,0.009078971295520195
2024.08.21,000049.SZ,0.006308175425718918
2024.08.21,600001.SH,0.03449766113484597
2024.08.21,600033.SH,0.0013283580290791089
2024.08.21,600002.SH,0.021705861554771975
2024.08.21,000023.SZ,0.009793470876144992
2024.08.21,000038.SZ,0.12025622778540675
2024.08.21,600048.SH,0.005698399000667802
2024.08.21,600035.SH,0.19565184737263305
2024.08.21,600029.SH,0.09574860125413498
2024.08.21,600015.SH,0.17529160877427352
2024.08.21,000050.SZ,0.12804755250605038
2024.08.21,600044.SH,0.11249943431403164
2024.08.21,000002.SZ,0.1959120422620886
2024.08.21,000014.SZ,0.03182238612508542
2024.08.21,600040.SH,0.10482602205328516
2024.08.21,000045.SZ,0.07800299031525644
2024.08.21,600004.SH,0.00793255172908237
2024.08.21,600017.SH,0.04617694631478321
2024.08.21,600021.SH,0.12051326698888447
2024.08.21,000040.SZ,0.010682957476896819
2024.08.21,600024.SH,0.09433791510702469
2024.08.21,000024.SZ,0.05955899916257002
2024.08.21,000031.SZ,0.1883808587122201
2024.08.21,000044.SZ,0.23586140559808944
2024.08.21,600030.SH,0.0018668947428306484
2024.08.21,000010.SZ,0.04831450470362474
2024.08.21,600018.SH,0.24530896824726187
2024.08.21,000011.SZ,0.04729537155677843
2024.08.21,000030.SZ,0.09128512652557132
2024.08.21,600034.SH,0.04183305924219729
2024.08.21,000012.SZ,0.020401181609474395
2024.08.21,600006.SH,0.23920448219095947
2024.08.21,000001.SZ,0.18546366946262222
2024.08.21,600043.SH,0.0814557280138286
2024.08.21,000026.SZ,0.06829196154496697
2024.08.21,600011.SH,0.005453774746126937
2024.08.21,000039.SZ,0.10758506670116484
2024.08.21,000034.SZ,0.06388238269393878
2024.08.21,600016.SH,0.05379807712489502
2024.08.21,000032.SZ,0.21160607283806593
2024.08.21,000041.SZ,0.03751551547298893
2024.08.21,000005.SZ,0.02293581602285729
2024.08.21,600005.SH,0.017521635803473008
2024.08.21,000028.SZ,0.20218806313583124
2024.08.21,600037.SH,0.013585668498075583
2024.08.21,600009.SH,0.04572444625244445
2024.08.21,600022.SH,0.3443991331734485
2024.08.21,000016.SZ,0.3748820071758363
2024.08.21,000020.SZ,0.1027579452667858
2024.08.21,600046.SH,0.07589695425930264
2024.08.21,000037.SZ,0.28330499835038386
2024.08.21,600036.SH,0.03412608007906518
2024.08.21,000046.SZ,0.047990534042346926
2024.08.21,600027.SH,0.024708305117713762
2024.08.21,600031.SH,0.09532987057713557
2024.08.21,600025.SH,0.46079827616950136
2024.08.21,600000.SH,0.07438103885882573
2024.08.21,000048.SZ,0.2483736296901278
2024.08.21,000015.SZ,0.11978226147316039
2024.08.21,600012.SH,0.02849383934463208
2024.08.21,000018.SZ,0.1235098894338144
2024.08.21,600039.SH,0.16571822608807832
2024.08.21,000021.SZ,0.06299094997423896
2024.08.21,000035.SZ,0.01656677567275293
2024.08.21,600007.SH,0.25809032411844596
2024.08.21,600032.SH,0.01137160591151654
2024.08.22,000031.SZ,0.20555165549196977
2024.08.22,000025.SZ,0.017604228674078008
2024.08.22,600000.SH,0.3154855722770445
2024.08.22,000028.SZ,0.11638466601914052
2024.08.22,600015.SH,0.017934602124222578
2024.08.22,000018.SZ,0.20641646741924508
2024.08.22,000039.SZ,0.20205202115344967
2024.08.22,600014.SH,0.1300793016279253
2024.08.22,600030.SH,0.0517303380710126
2024.08.22,600024.SH,0.2093259729447536
2024.08.22,600022.SH,0.046236778418361164
2024.08.22,000019.SZ,0.014755632911959643
2024.08.22,000007.SZ,0.04512155401802263
2024.08.22,000045.SZ,0.0864696891877773
2024.08.22,000037.SZ,0.40028992720747036
2024.08.22,600035.SH,0.07500182467360726
2024.08.22,600039.SH,0.24238038721703803
2024.08.22,000026.SZ,0.12009524258746343
2024.08.22,000033.SZ,0.07251055695049877
2024.08.22,600025.SH,0.001666173259544436
2024.08.22,000032.SZ,0.17524016920370217
2024.08.22,600034.SH,0.03780294938774403
2024.08.22,600010.SH,0.15702707236695534
2024.08.22,000015.SZ,0.06833321100303982
2024.08.22,600007.SH,0.09874933019559325
2024.08.22,600023.SH,0.1436333498848261
2024.08.22,600008.SH,0.25428415933454407
2024.08.22,000022.SZ,0.12919712174980266
2024.08.22,600017.SH,0.07951742026609897
2024.08.22,000041.SZ,0.052900313268350006
2024.08.22,600012.SH,0.08833218543127713
2024.08.22,600021.SH,0.02159896486541503
2024.08.22,000035.SZ,0.11623148378785077
2024.08.22,600046.SH,0.013365031019381461
2024.08.22,000003.SZ,0.21810866573320623
2024.08.22,000004.SZ,0.040770563945736214
2024.08.22,600049.SH,0.1753356847190462
2024.08.22,600047.SH,0.036462957771792225
2024.08.22,000008.SZ,0.04578861618629947
2024.08.22,600026.SH,0.08044994944462151
2024.08.22,000005.SZ,0.19925986269667156
2024.08.22,000020.SZ,0.01299128304423692
2024.08.22,600041.SH,0.004736160303619619
2024.08.22,000006.SZ,0.3316733153611895
2024.08.22,000001.SZ,0.14813358903803236
2024.08.22,000036.SZ,0.038669064545343884
2024.08.22,000010.SZ,0.23241186723264218
2024.08.22,000050.SZ,0.1833746879015231
2024.08.22,000021.SZ,0.06265429786739246
2024.08.22,600004.SH,0.05817038317716515
2024.08.22,000016.SZ,0.02464883562567565
2024.08.22,000012.SZ,0.0004069633432700235
2024.08.22,600016.SH,0.02375279948757079
2024.08.22,600003.SH,0.010294922353915537
2024.08.22,600009.SH,0.003172355756490176
2024.08.22,000023.SZ,0.1923527842873863
2024.08.22,600048.SH,0.1276383436619101
2024.08.22,000009.SZ,0.09133802688091247
2024.08.22,000014.SZ,0.12296491978158859
2024.08.22,000047.SZ,0.051273387476681004
2024.08.22,600045.SH,0.05564356980303176
2024.08.22,600018.SH,0.02371448016012826
2024.08.22,600006.SH,0.004269783923174762
2024.08.22,000038.SZ,0.0405635911524988
2024.08.22,600019.SH,0.03513670710461381
2024.08.22,600038.SH,0.0015829381543212362
2024.08.22,000024.SZ,0.11197955368222265
2024.08.22,000029.SZ,0.012660063279445037
2024.08.22,000040.SZ,0.0032242811832059177
2024.08.22,600020.SH,0.06715239583601938
2024.08.22,000049.SZ,0.1278861102136361
2024.08.22,600028.SH,0.03979875306889824
2024.08.22,000011.SZ,0.25333366070981017
2024.08.22,000044.SZ,0.003907241902545311
2024.08.22,600001.SH,0.15440295825754352
2024.08.22,000013.SZ,0.07707183591293558
2024.08.22,000042.SZ,0.14604378295668227
2024.08.22,000043.SZ,0.05098656513358577
2024.08.22,000017.SZ,0.24844878985570965
2024.08.22,600036.SH,0.0200130255210843
2024.08.22,600044.SH,0.0061472467835087625
2024.08.22,600043.SH,0.022833296140455477
2024.08.22,000046.SZ,0.0804823921328949
2024.08.22,600042.SH,0.013852836937701533
2024.08.22,000030.SZ,0.04721092499721766
2024.08.22,600027.SH,0.03344234098444555
2024.08.22,600033.SH,0.015661374022780714
2024.08.22,600013.SH,0.014871694615036856
2024.08.22,600002.SH,0.006444123994464101
2024.08.22,600031.SH,0.04187988820408427
2024.08.22,600029.SH,0.058446282100317014
2024.08.22,000048.SZ,0.00717385859839258
2024.08.22,600011.SH,0.21428868741412707
2024.08.22,600005.SH,0.06978875093334946
2024.08.22,000034.SZ,0.04258798409179667
2024.08.22,600037.SH,0.022745285572899475
2024.08.22,600032.SH,0.4076377395644863
2024.08.23,000041.SZ,0.6961308056444192
2024.08.23,600002.SH,0.06942723710222276
2024.08.23,600003.SH,0.07234630728544807
2024.08.23,000046.SZ,0.09045961659762936
2024.08.23,000012.SZ,0.08872780603161966
2024.08.23,000001.SZ,0.21827262441322984
2024.08.23,600024.SH,0.018293192624410932
2024.08.23,600014.SH,0.12957192030717632
2024.08.23,600043.SH,0.09795573472424275
2024.08.23,000003.SZ,0.04418967092732432
2024.08.23,600011.SH,0.14784102045116254
2024.08.23,000020.SZ,0.11791290967586458
2024.08.23,600049.SH,0.02995702669569619
2024.08.23,000011.SZ,0.08422470538622219
2024.08.23,000038.SZ,0.13555556161924862
2024.08.23,600048.SH,0.06935126723221112
2024.08.23,000037.SZ,0.028156395277376282
2024.08.23,000042.SZ,0.03464205428110619
2024.08.23,600023.SH,0.10906189965828127
2024.08.23,000023.SZ,0.18852943329508937
2024.08.23,600009.SH,0.016553090439614008
2024.08.23,600013.SH,0.10999410349129489
2024.08.23,600038.SH,0.269777000467509
2024.08.23,600019.SH,0.1972424103114531
2024.08.23,600008.SH,0.09943190977437795
2024.08.23,000044.SZ,0.08558697395953244
2024.08.23,000009.SZ,0.16633010199238835
2024.08.23,000004.SZ,0.35628572817666876
2024.08.23,600046.SH,0.01795257881811392
2024.08.23,600017.SH,0.0836317522935155
2024.08.23,600037.SH,0.06606977918625259
2024.08.23,000010.SZ,0.05769874127999712
2024.08.23,000013.SZ,0.12199613649023625
2024.08.23,000024.SZ,0.05228784956913503
2024.08.23,000015.SZ,0.14371625368038213
2024.08.23,000035.SZ,0.20617752056207
2024.08.23,000049.SZ,0.10437526353810823
2024.08.23,000033.SZ,0.014795133951600602
2024.08.23,600016.SH,0.1746761348400263
2024.08.23,000031.SZ,0.09065247073136226
2024.08.23,000027.SZ,0.03679850775798033
2024.08.23,600004.SH,0.23597010638590074
2024.08.23,000026.SZ,0.15558938209116727
2024.08.23,000040.SZ,0.07252793375919124
2024.08.23,000029.SZ,0.1448260670077026
2024.08.23,600021.SH,0.06745238744160009
2024.08.23,000016.SZ,0.1073649836777871
2024.08.23,600031.SH,0.038259835203519825
2024.08.23,600033.SH,0.2687747260216189
2024.08.23,600020.SH,0.11766707707546277
2024.08.23,000025.SZ,0.5976152393834515
2024.08.23,600039.SH,0.3777610670182859
2024.08.23,000019.SZ,0.41463406740685765
2024.08.23,600025.SH,0.0910168417921586
2024.08.23,000008.SZ,0.019699348418534043
2024.08.23,600026.SH,0.22189718063399902
2024.08.23,600018.SH,0.19129797122957415
2024.08.23,600029.SH,0.25344201779053405
2024.08.23,000005.SZ,0.09541053385609745
2024.08.23,000018.SZ,0.09996800255224374
2024.08.23,000039.SZ,0.23497243395304143
2024.08.23,600044.SH,0.00792944779509234
2024.08.23,000007.SZ,0.03391438869964737
2024.08.23,600040.SH,0.1401088815133709
2024.08.23,600028.SH,0.04548267462258685
2024.08.23,000045.SZ,0.006153805813599947
2024.08.23,600042.SH,0.014167671050272319
2024.08.23,600036.SH,0.14543303584567485
2024.08.23,000048.SZ,0.14034206375880992
2024.08.23,600005.SH,0.03221935649810258
2024.08.23,000022.SZ,0.13047154415873272
2024.08.23,600010.SH,0.26473760974051186
2024.08.23,000032.SZ,0.023892922529326115
2024.08.23,000050.SZ,0.2517506352958899
2024.08.23,600047.SH,0.00595188932955667
2024.08.23,600006.SH,0.005246587686403585
2024.08.23,600032.SH,0.029960740724196102
2024.08.23,000002.SZ,0.09811747055033153
2024.08.23,600045.SH,0.14940651820022363
2024.08.23,600007.SH,0.10712264611589513
2024.08.23,000014.SZ,0.0906446051052162
2024.08.23,600022.SH,0.16139192727790758
2024.08.23,600035.SH,0.01812401791569399
2024.08.23,000043.SZ,0.022867253791455794
2024.08.23,600001.SH,0.1976106163118575
2024.08.23,600030.SH,0.042079317397732206
2024.08.23,000036.SZ,0.40759920298166075
2024.08.23,000030.SZ,0.020580757629061964
2024.08.23,600027.SH,0.28788345045834
2024.08.23,600034.SH,0.11414547996541453
2024.08.23,000021.SZ,0.08670404925638811
2024.08.23,600041.SH,0.07482141387331004
2024.08.23,600000.SH,0.17995971989482817
2024.08.23,000006.SZ,0.042005776673608324
2024.08.23,600012.SH,0.0930626330992875
2024.08.23,600015.SH,0.18583383526892006
2024.08.23,000034.SZ,0.005223886610020395
2024.08.23,000017.SZ,0.1447553495310429
