TradingDate,SecurityID,Value
2024.06.03,000033.SZ,0.2819954737490273
2024.06.03,600041.SH,0.168824653196503
2024.06.03,600023.SH,0.14988695857655115
2024.06.03,000006.SZ,0.005586050932951235
2024.06.03,600029.SH,0.10160749949175853
2024.06.03,600014.SH,0.12741213953534103
2024.06.03,000037.SZ,0.016536130226618075
2024.06.03,600028.SH,0.2701269627799302
2024.06.03,600038.SH,0.06723002179796583
2024.06.03,600007.SH,0.09495971198535628
2024.06.03,000010.SZ,0.08745379675347598
2024.06.03,600046.SH,0.2542001223768978
2024.06.03,000050.SZ,0.2046024524481344
2024.06.03,600030.SH,0.18957189897808802
2024.06.03,000048.SZ,0.15012556142801783
2024.06.03,600033.SH,0.0654695127963721
2024.06.03,000041.SZ,0.15411005146470733
2024.06.03,000027.SZ,0.15917430698341042
2024.06.03,600006.SH,0.07650194774254729
2024.06.03,600005.SH,0.013528637423951075
2024.06.03,000044.SZ,0.12520636475907665
2024.06.03,000036.SZ,0.349679905199564
2024.06.03,600045.SH,0.07450398369048035
2024.06.03,600009.SH,0.47982915070752186
2024.06.03,600025.SH,0.11602311306766211
2024.06.03,000012.SZ,0.018508825176820398
2024.06.03,000004.SZ,0.02340494857555722
2024.06.03,600022.SH,0.0925339202416244
2024.06.03,000030.SZ,0.15337126297028184
2024.06.03,600047.SH,0.4579728157744253
2024.06.03,600017.SH,0.05225820488034415
2024.06.03,000015.SZ,0.013850523035403045
2024.06.03,000026.SZ,0.0062806597764594576
2024.06.03,000035.SZ,0.028458616663994206
2024.06.03,600040.SH,0.08871723839797765
2024.06.03,600016.SH,0.047517473204127365
2024.06.03,600004.SH,0.08521435614012192
2024.06.03,600026.SH,0.14698955817365866
2024.06.03,000011.SZ,0.056926569066795656
2024.06.03,000034.SZ,0.010835182282611218
2024.06.03,000039.SZ,0.3040847701402672
2024.06.03,600034.SH,0.07167129782844363
2024.06.03,600019.SH,0.07125661699915153
2024.06.03,600049.SH,0.14014130924367993
2024.06.03,000008.SZ,0.14866683749846862
2024.06.03,000018.SZ,0.1103269462500851
2024.06.03,600001.SH,0.08180972005810008
2024.06.03,000040.SZ,0.07157058554242189
2024.06.03,000019.SZ,0.015154216956369442
2024.06.03,600035.SH,0.04047945833221368
2024.06.03,600015.SH,0.09308251353581128
2024.06.03,600002.SH,0.027935603606306238
2024.06.03,600044.SH,0.046938644571251506
2024.06.03,600031.SH,0.18523043108880663
2024.06.03,600018.SH,0.0029021809453548394
2024.06.03,600048.SH,0.032769755128016734
2024.06.03,000046.SZ,0.023271382757253562
2024.06.03,000003.SZ,0.047246626423856714
2024.06.03,600000.SH,0.14769205709561684
2024.06.03,000028.SZ,0.011319627258361106
2024.06.03,600024.SH,0.16012981394533668
2024.06.03,000020.SZ,0.18034638027321306
2024.06.03,000032.SZ,0.2324294748320509
2024.06.03,600013.SH,0.034555082828749493
2024.06.03,000042.SZ,0.036119306525580507
2024.06.03,000045.SZ,0.019179088458742836
2024.06.03,000005.SZ,0.08914648019068681
2024.06.03,000014.SZ,0.14912246841284552
2024.06.03,000029.SZ,0.00731283752001865
2024.06.03,600027.SH,0.4011675271548883
2024.06.03,000017.SZ,0.025326991826357406
2024.06.03,000022.SZ,0.04182369504361256
2024.06.03,000024.SZ,0.09070367021012804
2024.06.03,000007.SZ,0.040487435419507375
2024.06.03,600011.SH,0.1256547326707831
2024.06.03,000013.SZ,0.012495183119359673
2024.06.03,000009.SZ,0.26054745463273515
2024.06.03,000038.SZ,0.028627411975560575
2024.06.03,000001.SZ,0.0010063012008902517
2024.06.03,000021.SZ,0.015787051836164905
2024.06.03,600032.SH,0.035659952083511706
2024.06.03,600036.SH,0.31709486414988813
2024.06.03,000031.SZ,0.15627561239632493
2024.06.03,600020.SH,0.03637930350009205
2024.06.03,600012.SH,0.03078031746392073
2024.06.03,600037.SH,0.010747719158922989
2024.06.03,600010.SH,0.053066417021771665
2024.06.03,600042.SH,0.039102529371225325
2024.06.03,600043.SH,0.022011409669256653
2024.06.03,600021.SH,0.66771845978748
2024.06.03,600003.SH,0.16242253069840215
2024.06.03,000016.SZ,0.04075470358592491
2024.06.03,000002.SZ,0.12900973857614492
2024.06.03,000047.SZ,0.0387152282116833
2024.06.03,000023.SZ,0.18084674414087484
2024.06.03,600039.SH,0.023940362125947433
2024.06.04,000036.SZ,0.028484830020409906
2024.06.04,600013.SH,0.2335952702650468
2024.06.04,600022.SH,0.09624768894025136
2024.06.04,600018.SH,0.001689314684360692
2024.06.04,600041.SH,0.006438758439955363
2024.06.04,000007.SZ,0.29959298736622525
2024.06.04,000010.SZ,0.0712163203937059
2024.06.04,600027.SH,0.04549361397470931
2024.06.04,600010.SH,0.029933621488093618
2024.06.04,600026.SH,0.007592705792724757
2024.06.04,600039.SH,0.015935131656062747
2024.06.04,600036.SH,0.0863247680068891
2024.06.04,000031.SZ,0.0772189562045653
2024.06.04,000020.SZ,0.0669772022051396
2024.06.04,000024.SZ,0.07402680083878904
2024.06.04,600024.SH,0.02443546770565637
2024.06.04,600049.SH,0.09544972295549685
2024.06.04,600023.SH,0.06501534637713402
2024.06.04,000035.SZ,0.03048921561789643
2024.06.04,600009.SH,0.31384358131260054
2024.06.04,000001.SZ,0.10213298705906779
2024.06.04,000022.SZ,0.06450779362246001
2024.06.04,600025.SH,0.17868206666954795
2024.06.04,600003.SH,0.08468286316723037
2024.06.04,000018.SZ,0.006046050254574355
2024.06.04,600043.SH,0.11792313537674995
2024.06.04,600040.SH,0.025317100924002408
2024.06.04,600032.SH,0.05112199910968765
2024.06.04,000009.SZ,0.08141007792254727
2024.06.04,000043.SZ,0.11715594711107229
2024.06.04,600014.SH,0.07432317152262277
2024.06.04,000011.SZ,0.34707219946942064
2024.06.04,600017.SH,0.012801422036844711
2024.06.04,000023.SZ,0.26948563554030147
2024.06.04,600035.SH,0.12649893716399985
2024.06.04,000021.SZ,0.1047162854073762
2024.06.04,000004.SZ,0.024543409668168537
2024.06.04,000049.SZ,0.09330343579423082
2024.06.04,000028.SZ,0.197968806683424
2024.06.04,600016.SH,0.16165140085623683
2024.06.04,000029.SZ,0.25495993814601603
2024.06.04,000040.SZ,0.05071284001715747
2024.06.04,000037.SZ,0.07076337429960584
2024.06.04,600012.SH,0.16831292602329537
2024.06.04,600004.SH,0.01787421059033527
2024.06.04,000030.SZ,0.0963749294121095
2024.06.04,600042.SH,0.25315603661626873
2024.06.04,600038.SH,0.05522314298000175
2024.06.04,600002.SH,0.006186431467906379
2024.06.04,000016.SZ,0.052805278166196845
2024.06.04,000048.SZ,0.06856852347250453
2024.06.04,000003.SZ,0.04598968973687282
2024.06.04,000013.SZ,0.1387279758204959
2024.06.04,600006.SH,0.2575083969730667
2024.06.04,000026.SZ,0.6371931305617302
2024.06.04,000050.SZ,0.005528360757270122
2024.06.04,600015.SH,0.5558701165995472
2024.06.04,600033.SH,0.40142717751131823
2024.06.04,000046.SZ,0.2500643475772408
2024.06.04,600011.SH,0.005084327186863827
2024.06.04,000034.SZ,0.06194401623964913
2024.06.04,000033.SZ,0.1159080144294062
2024.06.04,000045.SZ,0.13168936609270734
2024.06.04,600031.SH,0.4330631161321306
2024.06.04,000047.SZ,0.2299407623824501
2024.06.04,000014.SZ,0.037315775897641526
2024.06.04,600037.SH,0.022821192765074435
2024.06.04,600005.SH,0.10895797081992911
2024.06.04,000012.SZ,0.045456780640269805
2024.06.04,600030.SH,0.09849891498600903
2024.06.04,600008.SH,0.16787732718740095
2024.06.04,000019.SZ,0.33652857601963976
2024.06.04,600007.SH,0.12559179403229603
2024.06.04,000008.SZ,0.014475829114766945
2024.06.04,600044.SH,0.005257663931974343
2024.06.04,000005.SZ,0.047310792647975594
2024.06.04,000027.SZ,0.03765618269276079
2024.06.04,600019.SH,0.2301059944471088
2024.06.04,600000.SH,0.019472979689401062
2024.06.04,000006.SZ,0.07765947138481817
2024.06.04,000044.SZ,0.036694050218858076
2024.06.04,000041.SZ,0.1565920600050655
2024.06.04,600048.SH,0.015977763966021585
2024.06.04,600034.SH,0.03616229189640523
2024.06.04,600045.SH,0.2564977102406483
2024.06.04,000025.SZ,0.12321343758170585
2024.06.04,600020.SH,0.04631533968227176
2024.06.04,000017.SZ,0.14331634607378654
2024.06.04,000039.SZ,0.027256513721746325
2024.06.04,600021.SH,0.03536833716189203
2024.06.04,600047.SH,0.05309602936738097
2024.06.04,600029.SH,0.020702776591054666
2024.06.04,000002.SZ,0.25314409082967154
2024.06.04,600046.SH,0.339239840055019
2024.06.04,600028.SH,0.14127434008415057
2024.06.04,000042.SZ,0.07334276367406053
2024.06.05,000004.SZ,0.417087161178983
2024.06.05,000039.SZ,0.17990833533282055
2024.06.05,600004.SH,0.008257177579774936
2024.06.05,000013.SZ,0.0821843938553759
2024.06.05,000019.SZ,0.038302435962081764
2024.06.05,600040.SH,0.5098317281054205
2024.06.05,600014.SH,0.02135778474781636
2024.06.05,000045.SZ,0.08665413259660597
2024.06.05,600016.SH,0.05395209373636399
2024.06.05,600038.SH,0.019638097854645067
2024.06.05,000041.SZ,0.07050118686057107
2024.06.05,600022.SH,0.13067776512377044
2024.06.05,600043.SH,0.04496864135650984
2024.06.05,600007.SH,0.10707670956513782
2024.06.05,000021.SZ,0.06862401513994774
2024.06.05,600021.SH,0.775941646850964
2024.06.05,000025.SZ,0.020222620299335338
2024.06.05,000049.SZ,0.06945738171874892
2024.06.05,000022.SZ,0.1127611594793842
2024.06.05,000023.SZ,0.008979525621472183
2024.06.05,600015.SH,0.10240100462440133
2024.06.05,000042.SZ,0.035502736435619055
2024.06.05,600045.SH,0.07183057371565404
2024.06.05,000005.SZ,0.10931075127827537
2024.06.05,000043.SZ,0.0491883056033028
2024.06.05,600020.SH,0.02540874593190968
2024.06.05,000035.SZ,0.4214040490894229
2024.06.05,000012.SZ,0.02508311700754257
2024.06.05,600034.SH,0.1300882522740819
2024.06.05,000007.SZ,0.001910354557830652
2024.06.05,000016.SZ,0.24010164894088784
2024.06.05,000027.SZ,0.05997907814464254
2024.06.05,600047.SH,0.06285402923010665
2024.06.05,000044.SZ,0.049297052323197865
2024.06.05,600036.SH,0.252569087648163
2024.06.05,600003.SH,0.0773008065178504
2024.06.05,600000.SH,0.03657824193861334
2024.06.05,000006.SZ,0.04254487645405843
2024.06.05,600035.SH,0.15646131489257561
2024.06.05,600025.SH,0.0676210890698724
2024.06.05,000011.SZ,0.10803762858555589
2024.06.05,000026.SZ,0.1562509398099795
2024.06.05,600011.SH,0.06553843256199876
2024.06.05,600001.SH,0.1774361856326635
2024.06.05,000031.SZ,0.12643654019581202
2024.06.05,600030.SH,0.04015737796589384
2024.06.05,600044.SH,0.3590350432945243
2024.06.05,000046.SZ,0.1523516840983124
2024.06.05,600019.SH,0.1332809586959722
2024.06.05,000003.SZ,0.5084119003694533
2024.06.05,600009.SH,0.20196784041214277
2024.06.05,600002.SH,0.06775034066749228
2024.06.05,000020.SZ,0.06540196576306248
2024.06.05,600046.SH,0.04866502992137026
2024.06.05,600008.SH,0.09805526210184319
2024.06.05,000014.SZ,0.05566631682248273
2024.06.05,600017.SH,0.01742943263550013
2024.06.05,600032.SH,0.0547388114841047
2024.06.05,600010.SH,0.055595424680605306
2024.06.05,600033.SH,0.060386964375883985
2024.06.05,600042.SH,0.017854016398250915
2024.06.05,000032.SZ,0.051956328597790084
2024.06.05,000047.SZ,0.03552092428368025
2024.06.05,600024.SH,0.14932572621717047
2024.06.05,000034.SZ,0.06249779360450669
2024.06.05,000040.SZ,0.03519871074275238
2024.06.05,000028.SZ,0.0045915917184197255
2024.06.05,600049.SH,0.4806011148217542
2024.06.05,600023.SH,0.052848322611714654
2024.06.05,000030.SZ,0.06520628811988272
2024.06.05,000008.SZ,0.36477705409375455
2024.06.05,000009.SZ,0.20260794499187412
2024.06.05,000018.SZ,0.1530265453408344
2024.06.05,600027.SH,0.06581278299133599
2024.06.05,000033.SZ,0.0002888485475269787
2024.06.05,000002.SZ,0.05180385180212947
2024.06.05,600028.SH,0.13942480857731973
2024.06.05,600006.SH,0.014635759701406814
2024.06.05,600005.SH,0.04587666550413654
2024.06.05,000017.SZ,0.06084669479056259
2024.06.05,600026.SH,0.1287118147268186
2024.06.05,000036.SZ,0.05102303400604501
2024.06.05,000048.SZ,0.1019265676985671
2024.06.05,000001.SZ,0.02149120569004833
2024.06.05,000037.SZ,0.05818309461183036
2024.06.05,000038.SZ,0.03825132010971757
2024.06.05,000010.SZ,0.0005948096374841098
2024.06.05,600037.SH,0.01948302161204262
2024.06.05,600048.SH,0.08633514998960756
2024.06.05,000024.SZ,0.543623780435748
2024.06.05,600012.SH,0.00229059067972898
2024.06.05,600041.SH,0.010433587723438506
2024.06.05,000050.SZ,0.24212780924363764
2024.06.05,000015.SZ,0.23735401928725566
2024.06.05,600029.SH,0.04224934445941612
2024.06.05,600013.SH,0.019343554725410435
2024.06.06,600027.SH,0.020259512941305294
2024.06.06,000024.SZ,0.19629021231231583
2024.06.06,600022.SH,0.07842119198085502
2024.06.06,000030.SZ,0.11909021601067249
2024.06.06,600039.SH,0.02457744033787537
2024.06.06,000009.SZ,0.013590928174397445
2024.06.06,600049.SH,0.042508333655749304
2024.06.06,600013.SH,0.09874758044224861
2024.06.06,600025.SH,0.21185430760805202
2024.06.06,600035.SH,0.16051317397554965
2024.06.06,600000.SH,0.029880810278572634
2024.06.06,000047.SZ,0.019390081591112312
2024.06.06,600034.SH,0.22511376744004732
2024.06.06,000007.SZ,0.0323035636301538
2024.06.06,600037.SH,0.18329179486224662
2024.06.06,000020.SZ,0.16825545741528844
2024.06.06,000026.SZ,0.3810444120096998
2024.06.06,000025.SZ,0.08962820747880709
2024.06.06,000031.SZ,0.15063855316218472
2024.06.06,600006.SH,0.06606837676971487
2024.06.06,600026.SH,0.03931327797111827
2024.06.06,600019.SH,0.07569432103134635
2024.06.06,600029.SH,0.0473622795426121
2024.06.06,000010.SZ,0.19978423639750903
2024.06.06,600045.SH,0.1610547300225431
2024.06.06,600003.SH,0.12110137532115793
2024.06.06,600048.SH,0.08605875912317512
2024.06.06,600023.SH,0.11226158338728115
2024.06.06,000048.SZ,0.19704529197206833
2024.06.06,000022.SZ,0.06849249096106977
2024.06.06,600047.SH,0.08788172601121852
2024.06.06,600028.SH,0.14509735444047903
2024.06.06,000028.SZ,0.03216102024168265
2024.06.06,600017.SH,0.10633730080330893
2024.06.06,600010.SH,0.02736980215861915
2024.06.06,000037.SZ,0.056187098710479715
2024.06.06,000043.SZ,0.3606065987051183
2024.06.06,000012.SZ,0.039824537240629766
2024.06.06,000034.SZ,0.16849266637756605
2024.06.06,600020.SH,0.31654422517174424
2024.06.06,000046.SZ,0.06500127420018874
2024.06.06,600002.SH,0.05048131813241105
2024.06.06,000015.SZ,0.25745672669335956
2024.06.06,000050.SZ,0.07020712232833709
2024.06.06,000018.SZ,0.21584348769233302
2024.06.06,000013.SZ,0.35072010421437
2024.06.06,000040.SZ,0.12145973618001385
2024.06.06,600030.SH,0.04382640457304335
2024.06.06,600007.SH,0.10813074679205484
2024.06.06,000049.SZ,0.040828547971787046
2024.06.06,600038.SH,0.03285384584531763
2024.06.06,600018.SH,0.07120210810978161
2024.06.06,600015.SH,0.06320051227622268
2024.06.06,000005.SZ,0.06001306506884189
2024.06.06,600042.SH,0.054232230673847207
2024.06.06,600024.SH,0.19156359002128234
2024.06.06,600014.SH,0.005985120773230599
2024.06.06,000032.SZ,0.26894101565504364
2024.06.06,600005.SH,0.039607466445466255
2024.06.06,000044.SZ,0.07043634410793564
2024.06.06,600004.SH,0.1950199944666194
2024.06.06,000021.SZ,0.052450627565795334
2024.06.06,000036.SZ,0.015040757276195723
2024.06.06,600031.SH,0.10264431825116715
2024.06.06,600041.SH,0.047348581780155385
2024.06.06,600011.SH,0.02069340529737956
2024.06.06,000004.SZ,0.06539142885498204
2024.06.06,000014.SZ,0.06528324389322009
2024.06.06,000016.SZ,0.10319923633058187
2024.06.06,000003.SZ,0.41696625331956494
2024.06.06,600012.SH,0.08008124020064282
2024.06.06,000002.SZ,0.018750156447355372
2024.06.06,000042.SZ,0.45376056946489
2024.06.06,000019.SZ,0.069465988311672
2024.06.06,000035.SZ,0.48876127664545677
2024.06.06,000033.SZ,0.44711532606088433
2024.06.06,000023.SZ,0.308194903729623
2024.06.06,600009.SH,0.1315662426451824
2024.06.06,600040.SH,0.08045149237823741
2024.06.06,000017.SZ,0.1708819497514001
2024.06.06,600032.SH,0.20120380455183526
2024.06.06,000006.SZ,0.17405955522947794
2024.06.06,600036.SH,0.061451570510408615
2024.06.06,600021.SH,0.1661416491054837
2024.06.06,600043.SH,0.38099153511506034
2024.06.06,600044.SH,0.09060753218837393
2024.06.06,000011.SZ,0.04181428560098837
2024.06.06,600046.SH,0.025911721189177322
2024.06.06,000038.SZ,0.06311678044396517
2024.06.06,000041.SZ,0.1801744280743078
2024.06.06,000001.SZ,0.02722524327235762
2024.06.06,000008.SZ,0.09314548006944308
2024.06.06,600008.SH,0.1104843572975691
2024.06.06,600001.SH,0.007925146305365114
2024.06.06,600016.SH,0.026129871832888833
2024.06.06,000029.SZ,0.13598363947608857
2024.06.06,600033.SH,0.27178479878527023
2024.06.06,000027.SZ,0.10148032429199266
2024.06.07,600024.SH,0.15092304215332406
2024.06.07,000049.SZ,0.12876772048287838
2024.06.07,600036.SH,0.12603740353117943
2024.06.07,600049.SH,0.011648991380005478
2024.06.07,600017.SH,0.039358635114185685
2024.06.07,600045.SH,0.05186653113219485
2024.06.07,600023.SH,0.17538733751200525
2024.06.07,600001.SH,0.24943615101382896
2024.06.07,600007.SH,0.02128609290818708
2024.06.07,000015.SZ,0.504240440547074
2024.06.07,600010.SH,0.15179835278745438
2024.06.07,000040.SZ,0.3894630193693684
2024.06.07,000018.SZ,0.13382199279804877
2024.06.07,000023.SZ,0.030308110829853678
2024.06.07,600035.SH,0.03689499748649349
2024.06.07,000017.SZ,0.0012538329950780055
2024.06.07,000036.SZ,0.27119074778957103
2024.06.07,000026.SZ,0.28809159941439855
2024.06.07,600000.SH,0.21892054142155862
2024.06.07,600047.SH,0.03837256401173854
2024.06.07,600048.SH,0.05464046489827935
2024.06.07,600004.SH,0.06962160652687475
2024.06.07,600015.SH,0.0047736791726749085
2024.06.07,600008.SH,0.041877448632303756
2024.06.07,600022.SH,0.015219076709894938
2024.06.07,000010.SZ,0.0164879431908246
2024.06.07,600029.SH,0.04383833558824479
2024.06.07,600006.SH,0.22679018676417564
2024.06.07,000019.SZ,0.07396688011085281
2024.06.07,000028.SZ,0.02405614482260814
2024.06.07,000034.SZ,0.6470789506676227
2024.06.07,600043.SH,0.07214000298857266
2024.06.07,600011.SH,0.1299512264258858
2024.06.07,000038.SZ,0.02714527051473451
2024.06.07,600026.SH,0.00579940966224349
2024.06.07,600031.SH,0.3348022440159605
2024.06.07,600030.SH,0.028485846691899453
2024.06.07,000014.SZ,0.27767728034488404
2024.06.07,600020.SH,0.05662971214803056
2024.06.07,600025.SH,0.19441819680251646
2024.06.07,000039.SZ,0.011658384849173874
2024.06.07,600037.SH,0.04971414631097648
2024.06.07,000050.SZ,0.07299549045491555
2024.06.07,000008.SZ,0.04400267441161447
2024.06.07,600040.SH,0.005500027941099717
2024.06.07,000005.SZ,0.2019830731781226
2024.06.07,000022.SZ,0.10611820168576984
2024.06.07,000032.SZ,0.07077082747331712
2024.06.07,600046.SH,0.256976395142973
2024.06.07,000033.SZ,0.11524743201188574
2024.06.07,000012.SZ,0.09404382623609499
2024.06.07,600034.SH,0.12405556886911805
2024.06.07,000041.SZ,0.05350430033411024
2024.06.07,600005.SH,0.03853940421151569
2024.06.07,000003.SZ,0.062198046311969
2024.06.07,600027.SH,0.1580007617307521
2024.06.07,000001.SZ,0.1718022909490778
2024.06.07,000013.SZ,0.01944311497781726
2024.06.07,600042.SH,0.2558781478959645
2024.06.07,000006.SZ,0.004436368797021484
2024.06.07,600014.SH,0.20066762738709912
2024.06.07,000045.SZ,0.02410982642410376
2024.06.07,000048.SZ,0.0247932707548644
2024.06.07,600021.SH,0.08607008360644078
2024.06.07,000007.SZ,0.034702307703811414
2024.06.07,000042.SZ,0.053666993044471555
2024.06.07,000030.SZ,0.11330469687354205
2024.06.07,600003.SH,0.043673134689734425
2024.06.07,000025.SZ,0.16751846309734372
2024.06.07,600032.SH,0.31532870249035744
2024.06.07,600016.SH,0.15965832360037474
2024.06.07,000031.SZ,0.01868759367550922
2024.06.07,600013.SH,0.05298023465084181
2024.06.07,600044.SH,0.08134860195251413
2024.06.07,000037.SZ,0.13659240140997528
2024.06.07,000002.SZ,0.21290490977738794
2024.06.07,000004.SZ,0.4321932098268612
2024.06.07,000043.SZ,0.07448542839833672
2024.06.07,600039.SH,0.17291311336280207
2024.06.07,000044.SZ,0.0004907215681313724
2024.06.07,600009.SH,0.18718464423869982
2024.06.07,000027.SZ,0.030435211726694708
2024.06.07,600033.SH,0.060475465045104274
2024.06.07,000009.SZ,0.16251383795672095
2024.06.07,000021.SZ,0.4885593680250234
2024.06.07,000035.SZ,0.025920104382876227
2024.06.07,600038.SH,0.03691532578122417
2024.06.07,600018.SH,0.34557650613999563
2024.06.07,000024.SZ,0.08751206338136613
2024.06.07,000016.SZ,0.1185037144795687
2024.06.07,000046.SZ,0.005291670586076838
2024.06.07,000047.SZ,0.02245777138859717
2024.06.07,600002.SH,0.05590648702872676
2024.06.07,600019.SH,0.011941842476062827
2024.06.07,600028.SH,0.09376222943118853
2024.06.07,000020.SZ,0.026319284823779907
2024.06.07,000011.SZ,0.07978407978948443
2024.06.07,600012.SH,0.04333353548286341
2024.06.10,000003.SZ,0.04941830752171018
2024.06.10,000023.SZ,0.03723430690460857
2024.06.10,000035.SZ,0.07427412710388934
2024.06.10,600033.SH,0.00489610361734101
2024.06.10,000005.SZ,0.26849622090263386
2024.06.10,000015.SZ,0.08447048356733639
2024.06.10,600028.SH,0.14866992857811764
2024.06.10,000009.SZ,0.07579575665094894
2024.06.10,000017.SZ,0.18000007151657776
2024.06.10,000045.SZ,0.005708878882015522
2024.06.10,600042.SH,0.045406019705799994
2024.06.10,600005.SH,0.049679903572945446
2024.06.10,000047.SZ,0.0973050302428316
2024.06.10,600008.SH,0.054662870394733054
2024.06.10,600041.SH,0.03950122650940255
2024.06.10,000008.SZ,0.005980854504053953
2024.06.10,600029.SH,0.4631756397919422
2024.06.10,000031.SZ,0.11087873211794795
2024.06.10,600046.SH,0.1809154321304129
2024.06.10,600000.SH,0.13948633349842884
2024.06.10,000050.SZ,0.07006113413783828
2024.06.10,600016.SH,0.020210284361292682
2024.06.10,600039.SH,0.1653447369303373
2024.06.10,600049.SH,0.17554185619214377
2024.06.10,600035.SH,0.27851401520189056
2024.06.10,600037.SH,0.020323226540010328
2024.06.10,600030.SH,0.057836492545269846
2024.06.10,000011.SZ,0.19018957170946088
2024.06.10,000044.SZ,0.007056023874420777
2024.06.10,000019.SZ,0.05719336625778982
2024.06.10,600002.SH,0.3301749100640006
2024.06.10,000001.SZ,0.08636970392008099
2024.06.10,600017.SH,0.22622382958294873
2024.06.10,000006.SZ,0.12323829770477529
2024.06.10,600020.SH,0.27184001782848327
2024.06.10,600006.SH,0.01164259166871284
2024.06.10,600045.SH,0.15320201343668843
2024.06.10,000032.SZ,0.18912785037694735
2024.06.10,600010.SH,0.07559541489380596
2024.06.10,600031.SH,0.027499016414058032
2024.06.10,600023.SH,0.22445540560970464
2024.06.10,000038.SZ,0.3400814193558968
2024.06.10,000025.SZ,0.15568474376135763
2024.06.10,600012.SH,0.13337605527113788
2024.06.10,600036.SH,0.05654061702772305
2024.06.10,600027.SH,0.01275080190236547
2024.06.10,600009.SH,0.08241308393511836
2024.06.10,000004.SZ,0.5350890319702848
2024.06.10,600026.SH,0.009872586101748817
2024.06.10,600007.SH,0.07955904002079249
2024.06.10,000027.SZ,0.001088539914339536
2024.06.10,600025.SH,0.04460763379323363
2024.06.10,600043.SH,0.01249591720898191
2024.06.10,000022.SZ,0.3056464142356927
2024.06.10,600019.SH,0.14096058012246004
2024.06.10,000043.SZ,0.23949298486659837
2024.06.10,000040.SZ,0.27340486799858194
2024.06.10,600047.SH,0.002228636727267557
2024.06.10,600004.SH,0.05633103604915421
2024.06.10,600022.SH,0.060815566883846116
2024.06.10,000021.SZ,0.0092038481034641
2024.06.10,600024.SH,0.006514107436206445
2024.06.10,000013.SZ,0.18501627023303913
2024.06.10,000018.SZ,0.07580546859436077
2024.06.10,600013.SH,0.31500575584755386
2024.06.10,000020.SZ,0.042006383892562824
2024.06.10,000034.SZ,0.12172058922649209
2024.06.10,000033.SZ,0.007474725446309795
2024.06.10,000007.SZ,0.12847823744725792
2024.06.10,600038.SH,0.7890078669120346
2024.06.10,600034.SH,0.07586229628467266
2024.06.10,000041.SZ,0.03232448738945174
2024.06.10,000010.SZ,0.04820441862221281
2024.06.10,000049.SZ,0.13643248040490702
2024.06.10,000037.SZ,0.06671013731172273
2024.06.10,600001.SH,0.020148414963975857
2024.06.10,000026.SZ,0.05963090156540929
2024.06.10,000048.SZ,0.4528572145510767
2024.06.10,000042.SZ,0.31059307940010056
2024.06.10,000002.SZ,0.19683480300769468
2024.06.10,000014.SZ,0.12120169790041344
2024.06.10,600003.SH,0.01001134389835045
2024.06.10,000012.SZ,0.08293608116220405
2024.06.10,600011.SH,0.015551879006538535
2024.06.10,000016.SZ,0.1226960295647273
2024.06.10,600048.SH,0.23848339403361082
2024.06.10,600032.SH,0.07230816351887358
2024.06.10,000029.SZ,0.012559978026362571
2024.06.10,000028.SZ,0.3163007262250139
2024.06.10,000036.SZ,0.026811004643302234
2024.06.10,600015.SH,0.049498756780547465
2024.06.10,000046.SZ,0.02693428967099893
2024.06.10,600021.SH,0.03400949295373085
2024.06.10,600018.SH,0.07347089126237454
2024.06.10,600014.SH,0.12111935838265087
2024.06.10,000024.SZ,0.05986074170359163
2024.06.10,000030.SZ,0.26940922828456765
2024.06.10,600040.SH,0.013374885951491769
2024.06.11,000044.SZ,0.15221815254880056
2024.06.11,000013.SZ,0.08373515609558048
2024.06.11,000007.SZ,0.25179027230265877
2024.06.11,000021.SZ,0.0790846663496436
2024.06.11,600017.SH,0.09993302657896526
2024.06.11,000016.SZ,0.21445351881463076
2024.06.11,600034.SH,0.11457448414572895
2024.06.11,000011.SZ,0.19924972056032353
2024.06.11,000006.SZ,0.20592814652126185
2024.06.11,600041.SH,0.2534374328419181
2024.06.11,000009.SZ,0.19848542006701222
2024.06.11,600031.SH,0.1208011711611047
2024.06.11,600016.SH,0.06932707733522352
2024.06.11,600010.SH,0.07650482853738104
2024.06.11,600002.SH,0.22233593739071247
2024.06.11,000029.SZ,0.5877284185678332
2024.06.11,600015.SH,0.34019468696369254
2024.06.11,000037.SZ,0.10182159583541484
2024.06.11,000019.SZ,0.07811573313657774
2024.06.11,600003.SH,0.49050916835358965
2024.06.11,000030.SZ,0.2185428881397472
2024.06.11,600020.SH,0.009386765198676721
2024.06.11,000026.SZ,0.1687319549767935
2024.06.11,000020.SZ,0.039029179267541216
2024.06.11,000045.SZ,0.08110325229625548
2024.06.11,000034.SZ,0.11805902778589374
2024.06.11,600038.SH,0.06801007743541529
2024.06.11,000008.SZ,0.09336999068789162
2024.06.11,600000.SH,0.20263992566234118
2024.06.11,600019.SH,0.15060623988883579
2024.06.11,600027.SH,0.17656903976165608
2024.06.11,600013.SH,0.04160342874557375
2024.06.11,600024.SH,0.17348340978846474
2024.06.11,000046.SZ,0.12055160501481103
2024.06.11,000012.SZ,0.018936599346063086
2024.06.11,000002.SZ,0.05291614489466649
2024.06.11,600047.SH,0.019154175672238954
2024.06.11,000042.SZ,0.013581725980038642
2024.06.11,600030.SH,0.15359360765017058
2024.06.11,000050.SZ,0.18416789388596166
2024.06.11,600040.SH,0.06540208013008324
2024.06.11,600025.SH,0.011992512027594767
2024.06.11,000033.SZ,0.01061790565372316
2024.06.11,600005.SH,0.02967894500941762
2024.06.11,600033.SH,0.11732022528996575
2024.06.11,600009.SH,0.012990163173186306
2024.06.11,600004.SH,0.0327292703944638
2024.06.11,600037.SH,0.0390358143157489
2024.06.11,600032.SH,0.09453569359392022
2024.06.11,600045.SH,0.05364268466175516
2024.06.11,600046.SH,0.006389799094675106
2024.06.11,600042.SH,0.2527497938923062
2024.06.11,600026.SH,0.15297142940157388
2024.06.11,000028.SZ,0.11502840184064173
2024.06.11,000039.SZ,0.024270685201447272
2024.06.11,000005.SZ,0.0034669969959185685
2024.06.11,000047.SZ,0.18081500514028565
2024.06.11,600049.SH,0.18263797200803142
2024.06.11,600023.SH,0.08714556741774386
2024.06.11,000032.SZ,0.002683921775137878
2024.06.11,600035.SH,0.01656987127216313
2024.06.11,000027.SZ,0.03941463041149057
2024.06.11,600007.SH,0.053971467958857745
2024.06.11,600044.SH,0.09742203127558986
2024.06.11,000022.SZ,0.010321943477137288
2024.06.11,600021.SH,0.00217551609119858
2024.06.11,000003.SZ,0.029301605260322057
2024.06.11,600039.SH,0.2684135618204679
2024.06.11,600018.SH,0.22304934226400988
2024.06.11,000036.SZ,0.30178190271538924
2024.06.11,600048.SH,0.3232277476093292
2024.06.11,000017.SZ,0.057226241036656474
2024.06.11,600012.SH,0.12011978545950625
2024.06.11,000018.SZ,0.4687891378444588
2024.06.11,600028.SH,0.1364343261725806
2024.06.11,600036.SH,0.20780028033935116
2024.06.11,000031.SZ,0.11134851692024691
2024.06.11,600043.SH,0.08397463402978782
2024.06.11,000040.SZ,0.055659519569194765
2024.06.11,600029.SH,0.01467939393600204
2024.06.11,000024.SZ,0.045327237918762676
2024.06.11,000043.SZ,0.12967915177192849
2024.06.11,000038.SZ,0.06663981818734331
2024.06.11,000025.SZ,0.15745113329780275
2024.06.11,600001.SH,0.0839154153900815
2024.06.11,000015.SZ,0.03115274039540676
2024.06.11,000004.SZ,0.11573634871078056
2024.06.11,600014.SH,0.08370400206612914
2024.06.11,000023.SZ,0.16653190095539322
2024.06.11,000048.SZ,0.22566449135982886
2024.06.11,000010.SZ,0.06802083524791305
2024.06.11,600008.SH,0.05603801666882757
2024.06.11,600011.SH,0.1375655314007402
2024.06.11,000041.SZ,0.149005352147373
2024.06.11,600022.SH,0.29477542100229615
2024.06.11,000035.SZ,0.052401052867258005
2024.06.12,000045.SZ,0.11242689470711519
2024.06.12,600045.SH,0.2667307441323813
2024.06.12,600003.SH,0.09873332563806747
2024.06.12,600032.SH,0.04008835185756506
2024.06.12,600034.SH,0.05792261194727585
2024.06.12,600020.SH,0.1232312510856794
2024.06.12,000039.SZ,0.15725651752742859
2024.06.12,000041.SZ,0.12456138589720732
2024.06.12,000018.SZ,0.3103698557312112
2024.06.12,600002.SH,0.05337838617299157
2024.06.12,600033.SH,0.26760635168901215
2024.06.12,600011.SH,0.03646968883246465
2024.06.12,000033.SZ,0.040958338284806654
2024.06.12,600039.SH,0.2261245723354444
2024.06.12,000030.SZ,0.0520783246056896
2024.06.12,000011.SZ,0.20925448960742318
2024.06.12,600007.SH,0.14479993435708982
2024.06.12,000047.SZ,0.004498307777237574
2024.06.12,600027.SH,0.020007800552856236
2024.06.12,600015.SH,0.05329594294732314
2024.06.12,000043.SZ,0.0699278955944031
2024.06.12,000037.SZ,0.13934462313574625
2024.06.12,000021.SZ,0.018912570639946603
2024.06.12,000028.SZ,0.05970841019899717
2024.06.12,000035.SZ,0.04302464288869457
2024.06.12,600030.SH,0.031143988912877826
2024.06.12,600021.SH,0.033224984493493655
2024.06.12,600008.SH,0.07739394169760422
2024.06.12,600040.SH,0.2827941670321182
2024.06.12,000004.SZ,0.010259119787692833
2024.06.12,000040.SZ,0.5303095694427991
2024.06.12,600026.SH,0.048205066613909275
2024.06.12,600017.SH,0.005974979555446747
2024.06.12,600013.SH,0.04315754663939522
2024.06.12,600046.SH,0.020744722664960292
2024.06.12,600029.SH,0.21524762733311686
2024.06.12,600031.SH,0.2390062470417814
2024.06.12,600049.SH,0.5250263186211043
2024.06.12,000049.SZ,0.061425030171933334
2024.06.12,600014.SH,0.16446610255944635
2024.06.12,600006.SH,0.014757751518633287
2024.06.12,000050.SZ,0.26512924644087177
2024.06.12,000003.SZ,0.5533593164504971
2024.06.12,000038.SZ,0.09728594631218926
2024.06.12,000017.SZ,0.044372600035971675
2024.06.12,000031.SZ,0.00449598415162086
2024.06.12,600012.SH,0.024340275814671145
2024.06.12,000015.SZ,0.02763543166209932
2024.06.12,600044.SH,0.005203792400727126
2024.06.12,000036.SZ,0.0023132985098033854
2024.06.12,600024.SH,0.12095769982859106
2024.06.12,600028.SH,0.004842995748775087
2024.06.12,000013.SZ,0.23328848117571613
2024.06.12,600016.SH,0.1407636005104128
2024.06.12,000005.SZ,0.13209821327505109
2024.06.12,600004.SH,0.29522701674987706
2024.06.12,000032.SZ,0.26414705148613093
2024.06.12,600023.SH,0.0605280862059555
2024.06.12,600036.SH,0.01498161494536477
2024.06.12,600018.SH,0.009838030729417633
2024.06.12,600035.SH,0.15442805181375957
2024.06.12,600041.SH,0.14758553935008192
2024.06.12,600005.SH,0.10717523398385542
2024.06.12,000025.SZ,0.10406926798886831
2024.06.12,000006.SZ,0.16975706069423424
2024.06.12,600043.SH,0.11632260171037873
2024.06.12,600001.SH,0.0685323025113292
2024.06.12,600010.SH,0.06192129946314446
2024.06.12,600009.SH,0.01016715452227716
2024.06.12,000022.SZ,0.10518340981457333
2024.06.12,600025.SH,0.022687701036511368
2024.06.12,000020.SZ,0.15254392593655722
2024.06.12,000010.SZ,0.05488574889671821
2024.06.12,000012.SZ,0.18377961295480935
2024.06.12,000046.SZ,0.3056705495885168
2024.06.12,600022.SH,0.3118256015171376
2024.06.12,000044.SZ,0.18834249237627818
2024.06.12,000008.SZ,0.561542376600379
2024.06.12,600019.SH,0.02077348140676839
2024.06.12,000027.SZ,0.01449708654525241
2024.06.12,600048.SH,0.032278162321087774
2024.06.12,000024.SZ,0.037595318293873435
2024.06.12,600038.SH,0.4002107682540733
2024.06.12,000042.SZ,0.16287159021329833
2024.06.12,000023.SZ,0.034131319838087676
2024.06.12,000029.SZ,0.13884841584115926
2024.06.12,600042.SH,0.168796377051747
2024.06.12,000026.SZ,0.0075478556482410164
2024.06.12,600037.SH,0.1827916476482065
2024.06.12,000002.SZ,0.33073381567029775
2024.06.12,600047.SH,0.06043356465292154
2024.06.12,000016.SZ,0.12170614953658032
2024.06.12,600000.SH,0.07899014256588077
2024.06.12,000014.SZ,0.27272645985894084
2024.06.12,000034.SZ,0.20431133501378357
2024.06.12,000019.SZ,0.013399642226574806
2024.06.12,000048.SZ,0.11653702621778317
2024.06.13,000016.SZ,0.6679870845341233
2024.06.13,600017.SH,0.29072084727839165
2024.06.13,000008.SZ,0.40347644468631294
2024.06.13,000033.SZ,0.5749148630483107
2024.06.13,600014.SH,0.10941990735135573
2024.06.13,600031.SH,0.09489531601169471
2024.06.13,600023.SH,0.017350151880095883
2024.06.13,600004.SH,0.17186942334517966
2024.06.13,600049.SH,0.3310678086691956
2024.06.13,600002.SH,0.010481981168276836
2024.06.13,600012.SH,0.10364534517087517
2024.06.13,600027.SH,0.1641679929930839
2024.06.13,000045.SZ,0.287030857182123
2024.06.13,600001.SH,0.14006160712283833
2024.06.13,000004.SZ,0.14883017377230973
2024.06.13,000048.SZ,0.21243337446655775
2024.06.13,000040.SZ,0.18386177382178126
2024.06.13,000027.SZ,0.009990294516123745
2024.06.13,600007.SH,0.0033777734254905227
2024.06.13,600030.SH,0.1088599901443155
2024.06.13,000031.SZ,0.2565503633704246
2024.06.13,600045.SH,0.024208438870750044
2024.06.13,600035.SH,0.20128219067751021
2024.06.13,600021.SH,0.012404395072795336
2024.06.13,000032.SZ,0.2116910605189657
2024.06.13,600028.SH,0.0368018366654053
2024.06.13,000017.SZ,0.21834179717002522
2024.06.13,600041.SH,0.07025229719181979
2024.06.13,600040.SH,0.025724320815818272
2024.06.13,000019.SZ,0.053555965941685116
2024.06.13,000022.SZ,0.04131145421796767
2024.06.13,000049.SZ,0.15630768088312716
2024.06.13,000021.SZ,0.6512348547702096
2024.06.13,000006.SZ,0.05690194455383048
2024.06.13,600026.SH,0.3452195610122403
2024.06.13,600043.SH,0.038447922613957124
2024.06.13,000010.SZ,0.05456001295993226
2024.06.13,000037.SZ,0.06903511475261424
2024.06.13,600003.SH,0.045081092595946656
2024.06.13,600025.SH,0.024505969260864003
2024.06.13,000025.SZ,0.0003593624558550726
2024.06.13,000001.SZ,0.14314294830854962
2024.06.13,000023.SZ,0.0437661398932455
2024.06.13,000036.SZ,0.007530051018818746
2024.06.13,000043.SZ,0.19036356362200677
2024.06.13,600015.SH,0.015691593153940628
2024.06.13,600034.SH,0.18378928023226573
2024.06.13,600010.SH,0.4370306444860821
2024.06.13,000030.SZ,0.015962122958570517
2024.06.13,000015.SZ,0.06979161486918946
2024.06.13,600036.SH,0.03578995203664556
2024.06.13,600022.SH,0.014163967778982474
2024.06.13,000044.SZ,0.2599063718244419
2024.06.13,600005.SH,0.0133564510413712
2024.06.13,600046.SH,0.019416320103044088
2024.06.13,600033.SH,0.18796901493849033
2024.06.13,600000.SH,0.029001225494902014
2024.06.13,600008.SH,0.10361792044215319
2024.06.13,000050.SZ,0.04804121220481393
2024.06.13,000038.SZ,0.07203890273030339
2024.06.13,000012.SZ,0.2192991904204633
2024.06.13,000026.SZ,0.2227367830700316
2024.06.13,000042.SZ,0.1121499578460689
2024.06.13,000035.SZ,0.14070626877239686
2024.06.13,600037.SH,0.2681740534565501
2024.06.13,000009.SZ,0.09266271128821335
2024.06.13,600011.SH,0.03391668474483314
2024.06.13,600013.SH,0.29537050196213205
2024.06.13,600006.SH,0.02795550441007286
2024.06.13,000007.SZ,0.07283398656057594
2024.06.13,600044.SH,0.06925712021056771
2024.06.13,000011.SZ,0.08779899228418002
2024.06.13,000003.SZ,0.012615826191676465
2024.06.13,000020.SZ,0.2523715469299203
2024.06.13,600016.SH,0.1741017574746544
2024.06.13,000014.SZ,0.3341818881211678
2024.06.13,600042.SH,0.0021998912586225503
2024.06.13,000034.SZ,0.07115155511842812
2024.06.13,600048.SH,0.2624381319596969
2024.06.13,000028.SZ,0.439980917900637
2024.06.13,600047.SH,0.1396983323389201
2024.06.13,000013.SZ,0.007290382641047172
2024.06.13,600039.SH,0.08837242953290918
2024.06.13,600032.SH,0.2566784584675554
2024.06.13,600024.SH,0.0003582392548046492
2024.06.13,600018.SH,0.07192071743923398
2024.06.13,000041.SZ,0.010854779602782694
2024.06.13,600019.SH,0.2550992994953483
2024.06.13,600009.SH,0.2673929295094739
2024.06.13,000005.SZ,0.13606329512540488
2024.06.13,600029.SH,0.017926791647092852
2024.06.13,000046.SZ,0.015481593568017284
2024.06.13,600038.SH,0.032928239035722354
2024.06.13,000047.SZ,0.0707619710149942
2024.06.13,000024.SZ,0.2605345360357818
2024.06.13,600020.SH,0.14832051800423182
2024.06.14,600040.SH,0.07904363679548275
2024.06.14,600012.SH,0.29147943490237455
2024.06.14,600017.SH,0.02528240673110433
2024.06.14,000013.SZ,0.10256872325331647
2024.06.14,600020.SH,0.14259043742211094
2024.06.14,600044.SH,0.272437136355694
2024.06.14,600014.SH,0.01854173829218833
2024.06.14,000009.SZ,0.5804745056883022
2024.06.14,000040.SZ,0.11958148149119435
2024.06.14,000045.SZ,0.04940528343692436
2024.06.14,000025.SZ,0.0020314714680560383
2024.06.14,600030.SH,0.06843040495546637
2024.06.14,000036.SZ,0.21891363690546686
2024.06.14,600045.SH,0.06093864828229706
2024.06.14,000039.SZ,0.004543228305889879
2024.06.14,000041.SZ,0.08594898361703816
2024.06.14,600013.SH,0.3939654205002109
2024.06.14,600042.SH,0.04373502465620155
2024.06.14,600032.SH,0.08541034819002065
2024.06.14,600027.SH,0.11794981234473718
2024.06.14,000032.SZ,0.045405364970488624
2024.06.14,000031.SZ,0.08248217755989981
2024.06.14,600008.SH,0.05716610912750475
2024.06.14,000043.SZ,0.0025671964647756285
2024.06.14,000006.SZ,0.012017907783105608
2024.06.14,000026.SZ,0.009037209865021661
2024.06.14,000007.SZ,0.06333384331782092
2024.06.14,000037.SZ,0.0771651460545259
2024.06.14,000033.SZ,0.06950677439748718
2024.06.14,600024.SH,0.06907491145014799
2024.06.14,600041.SH,0.043101080353966696
2024.06.14,000034.SZ,0.05873967129524816
2024.06.14,000005.SZ,0.24644971009948657
2024.06.14,000022.SZ,0.1939776534246971
2024.06.14,600036.SH,0.23108474561691203
2024.06.14,000048.SZ,0.04686806312158285
2024.06.14,600011.SH,0.09841281773465733
2024.06.14,000035.SZ,0.052373550536693216
2024.06.14,600046.SH,0.21300038558777795
2024.06.14,600021.SH,0.04312900899376823
2024.06.14,000017.SZ,0.022765587101164254
2024.06.14,000042.SZ,0.016489953545168138
2024.06.14,600037.SH,0.07183069372889643
2024.06.14,600028.SH,0.16688559156829835
2024.06.14,600048.SH,0.02111416634601083
2024.06.14,000019.SZ,0.27637235473560245
2024.06.14,000021.SZ,0.06284278931360182
2024.06.14,600005.SH,0.04000215864591614
2024.06.14,000015.SZ,0.47772923378644827
2024.06.14,000014.SZ,0.08073331149022642
2024.06.14,600038.SH,0.00954963344374294
2024.06.14,600047.SH,0.47572086815100134
2024.06.14,000050.SZ,0.026011276313043893
2024.06.14,000047.SZ,0.0783389464957932
2024.06.14,000020.SZ,0.008441966957791846
2024.06.14,000024.SZ,0.3087621852352107
2024.06.14,600033.SH,0.2229728170209335
2024.06.14,000049.SZ,0.5943042931757532
2024.06.14,600016.SH,0.11489026242990731
2024.06.14,600009.SH,0.3597326924267618
2024.06.14,000004.SZ,0.009355360983292003
2024.06.14,600000.SH,0.0036137740884036756
2024.06.14,600031.SH,0.10160696347067621
2024.06.14,000030.SZ,0.06259568633603431
2024.06.14,000016.SZ,0.34414272784229016
2024.06.14,600018.SH,0.3383394976335862
2024.06.14,000003.SZ,0.09340702066472151
2024.06.14,600002.SH,0.016860538089384633
2024.06.14,000018.SZ,0.05978236949564276
2024.06.14,600015.SH,0.02397959286315048
2024.06.14,000038.SZ,0.4009603654686329
2024.06.14,000012.SZ,0.06994877883000337
2024.06.14,000023.SZ,0.3607211859622305
2024.06.14,000010.SZ,0.0023548127178792057
2024.06.14,600010.SH,0.059641078235843706
2024.06.14,600022.SH,0.03316807364754918
2024.06.14,600001.SH,0.31846764227637
2024.06.14,600034.SH,0.049035488004039535
2024.06.14,000029.SZ,0.0074247272925564625
2024.06.14,000044.SZ,0.024209170172305696
2024.06.14,600039.SH,0.16420641497177585
2024.06.14,600003.SH,0.006662179654509399
2024.06.14,000027.SZ,0.021360154919914217
2024.06.14,600026.SH,0.027051191563496075
2024.06.14,600029.SH,0.01340788699414922
2024.06.14,600004.SH,0.10928569516837225
2024.06.14,600035.SH,0.254349108008222
2024.06.14,000028.SZ,0.3195828492338419
2024.06.14,600043.SH,0.06410595273478574
2024.06.14,600007.SH,0.047467261418782915
2024.06.14,000008.SZ,0.2949298143481058
2024.06.14,000002.SZ,0.09059306695708545
2024.06.14,600023.SH,0.042281912647280144
2024.06.14,600025.SH,0.7513438763696162
2024.06.14,000011.SZ,0.008801997597345346
2024.06.14,000046.SZ,0.05486783586452574
2024.06.14,600049.SH,0.283808788617711
2024.06.14,600019.SH,0.2124673486576347
2024.06.17,600022.SH,0.044498977268327335
2024.06.17,000039.SZ,0.25318416580552966
2024.06.17,600001.SH,0.2008808690321435
2024.06.17,600040.SH,0.012541239463274878
2024.06.17,600023.SH,0.014726679831470142
2024.06.17,600007.SH,0.042019551086712036
2024.06.17,000018.SZ,0.19902645936556312
2024.06.17,600009.SH,0.041043777619307956
2024.06.17,000017.SZ,0.1608278353857599
2024.06.17,000023.SZ,0.20540186564250518
2024.06.17,600033.SH,0.0684259188560768
2024.06.17,600010.SH,0.07987848482093994
2024.06.17,000009.SZ,0.034575584203106934
2024.06.17,000042.SZ,0.2832725643512654
2024.06.17,000048.SZ,0.13017165093558866
2024.06.17,600020.SH,0.042258298559335696
2024.06.17,600015.SH,0.20665364071956188
2024.06.17,600027.SH,0.048939529084948266
2024.06.17,600049.SH,0.07267281095994568
2024.06.17,600048.SH,0.038908305645817605
2024.06.17,600004.SH,0.02488296958400854
2024.06.17,600018.SH,0.01921087385902742
2024.06.17,600035.SH,0.03413029711676059
2024.06.17,000022.SZ,0.021432206710329797
2024.06.17,600003.SH,0.08491481853984784
2024.06.17,600037.SH,0.33019297957729277
2024.06.17,000006.SZ,0.007199043052185796
2024.06.17,000010.SZ,0.20976221012780963
2024.06.17,000026.SZ,0.005322043905722646
2024.06.17,600034.SH,0.030614880124978514
2024.06.17,000015.SZ,0.14214624167848974
2024.06.17,000020.SZ,0.26800653889021475
2024.06.17,000049.SZ,0.13576401519748008
2024.06.17,000033.SZ,0.050819455320654704
2024.06.17,000003.SZ,0.027592143873703862
2024.06.17,000004.SZ,0.23079552267017842
2024.06.17,600012.SH,0.20409126327915522
2024.06.17,000038.SZ,0.002955350536685206
2024.06.17,600006.SH,0.1375593470565489
2024.06.17,000030.SZ,0.14894069095008708
2024.06.17,000047.SZ,0.3342840703553115
2024.06.17,600024.SH,0.1929214447039024
2024.06.17,600028.SH,0.05931188541552328
2024.06.17,000002.SZ,0.17501183336090356
2024.06.17,000035.SZ,0.017890489919291222
2024.06.17,600031.SH,0.024867339190747597
2024.06.17,000024.SZ,0.04993948960124537
2024.06.17,600021.SH,0.08854673461623845
2024.06.17,000021.SZ,0.16303909026858251
2024.06.17,000037.SZ,0.06624801375899546
2024.06.17,600043.SH,0.11598411349758593
2024.06.17,000027.SZ,0.3144264987954855
2024.06.17,600002.SH,0.07876338844972998
2024.06.17,600041.SH,0.20193419204102853
2024.06.17,600047.SH,0.09542661369186753
2024.06.17,600008.SH,0.032384616484554984
2024.06.17,600042.SH,0.04578709450022057
2024.06.17,600019.SH,0.03205568307105628
2024.06.17,600045.SH,0.014134941256046949
2024.06.17,000028.SZ,0.013374322818639631
2024.06.17,600025.SH,0.014115824701798528
2024.06.17,000005.SZ,0.2012855434097043
2024.06.17,600032.SH,0.07235360340575457
2024.06.17,000043.SZ,0.20506988168615492
2024.06.17,000041.SZ,0.39843006954264093
2024.06.17,000011.SZ,0.04595980613301544
2024.06.17,000007.SZ,0.01670461066576825
2024.06.17,600036.SH,0.13205706267023412
2024.06.17,000008.SZ,0.05556452456343558
2024.06.17,600030.SH,0.23969554170520624
2024.06.17,000046.SZ,0.04305661931411124
2024.06.17,600039.SH,0.10346619730378771
2024.06.17,600029.SH,0.11833060134698076
2024.06.17,000001.SZ,0.2615174796145392
2024.06.17,000044.SZ,0.16148696442659524
2024.06.17,600000.SH,0.1127834964814306
2024.06.17,000029.SZ,0.3091307111310614
2024.06.17,600017.SH,0.1099294414096088
2024.06.17,600026.SH,0.2011243768747084
2024.06.17,600046.SH,0.3542855277990586
2024.06.17,600016.SH,0.4250728394212287
2024.06.17,600038.SH,0.008901747236872167
2024.06.17,000040.SZ,0.3064933371140367
2024.06.17,000019.SZ,0.017988789980790842
2024.06.17,000016.SZ,0.17980140647525358
2024.06.17,000034.SZ,0.15360753250202305
2024.06.17,600005.SH,0.07517884789042369
2024.06.17,600044.SH,0.10292351392207935
2024.06.17,000036.SZ,0.009254137868330362
2024.06.17,600013.SH,0.017167388919157783
2024.06.17,000013.SZ,0.04671243605835235
2024.06.17,000031.SZ,0.08792601914167986
2024.06.17,000032.SZ,0.1660317888586867
2024.06.17,000025.SZ,0.10534725328107868
2024.06.17,600014.SH,0.013976564987588489
2024.06.17,600011.SH,0.1121768970606304
2024.06.17,000050.SZ,0.11853393841234276
2024.06.18,000018.SZ,0.12874221509807024
2024.06.18,000043.SZ,0.15811079659328905
2024.06.18,600019.SH,0.03228492739678546
2024.06.18,000046.SZ,0.21869566366685836
2024.06.18,000031.SZ,0.021893127468944406
2024.06.18,000042.SZ,0.01414231933883374
2024.06.18,600004.SH,0.07162711378004043
2024.06.18,600017.SH,0.22686837033866686
2024.06.18,600016.SH,0.042954294666648615
2024.06.18,000010.SZ,0.14478854906568162
2024.06.18,000011.SZ,0.10280464396229685
2024.06.18,000020.SZ,0.06911250138244783
2024.06.18,000027.SZ,0.01656492210029352
2024.06.18,600036.SH,0.06336753432048134
2024.06.18,600037.SH,0.19495967145340173
2024.06.18,000041.SZ,0.03786736018639639
2024.06.18,000008.SZ,0.0026953133049442846
2024.06.18,000017.SZ,0.06195597826683094
2024.06.18,000009.SZ,0.03595133188935285
2024.06.18,600009.SH,0.1602413855477782
2024.06.18,600046.SH,0.14315408955444517
2024.06.18,000016.SZ,0.010209631684594371
2024.06.18,600030.SH,0.06314651020199515
2024.06.18,000044.SZ,0.3625719893236585
2024.06.18,000015.SZ,0.5054546643436055
2024.06.18,600001.SH,0.049493364902312174
2024.06.18,000019.SZ,0.051393762422248225
2024.06.18,600047.SH,0.2055584504325823
2024.06.18,000021.SZ,0.10468807020506694
2024.06.18,000034.SZ,0.1343848323574317
2024.06.18,000029.SZ,0.006209631232111505
2024.06.18,600012.SH,0.3966415811284801
2024.06.18,000022.SZ,0.0932218901013669
2024.06.18,000045.SZ,0.10712219286575152
2024.06.18,600003.SH,0.24748380369659254
2024.06.18,000013.SZ,0.09412646276720116
2024.06.18,600020.SH,0.08854241445376654
2024.06.18,000039.SZ,0.0719498042013399
2024.06.18,000037.SZ,0.009435658012467466
2024.06.18,600023.SH,0.04721611817883694
2024.06.18,600041.SH,0.23295605519902549
2024.06.18,600034.SH,0.17096565599136462
2024.06.18,000050.SZ,0.009026946081353097
2024.06.18,000028.SZ,0.1751077591719738
2024.06.18,000001.SZ,0.053570460561285116
2024.06.18,600011.SH,0.11530902197606524
2024.06.18,600027.SH,0.0863316583454408
2024.06.18,600002.SH,0.10923686192521197
2024.06.18,600007.SH,0.018050723255110403
2024.06.18,600049.SH,0.2781769331151095
2024.06.18,000014.SZ,0.02569198926415464
2024.06.18,600033.SH,0.2939160220218694
2024.06.18,000005.SZ,0.044584472501578064
2024.06.18,600039.SH,0.14520365467186605
2024.06.18,600045.SH,0.01173391616070995
2024.06.18,000025.SZ,0.053457861217048507
2024.06.18,600026.SH,0.11962402292843505
2024.06.18,000036.SZ,0.09097119081916315
2024.06.18,600025.SH,0.041766921927918116
2024.06.18,000007.SZ,0.05605267926214885
2024.06.18,000035.SZ,0.1544118263628841
2024.06.18,000002.SZ,0.06025902192285516
2024.06.18,600040.SH,0.12024770600031563
2024.06.18,600044.SH,0.026512694184973585
2024.06.18,600048.SH,0.27721183973786395
2024.06.18,600014.SH,1.0346935709004326
2024.06.18,600005.SH,0.057361342814608494
2024.06.18,000024.SZ,0.17029355118777526
2024.06.18,000004.SZ,0.1956471562164061
2024.06.18,000030.SZ,0.17508096795936404
2024.06.18,000026.SZ,0.20160222512170867
2024.06.18,600043.SH,0.026271519543984753
2024.06.18,600013.SH,0.020640201259212565
2024.06.18,600035.SH,0.02340430363741936
2024.06.18,000032.SZ,0.38869745630530955
2024.06.18,600028.SH,0.019459347282692788
2024.06.18,600021.SH,0.2762434549496193
2024.06.18,600038.SH,0.312616954793387
2024.06.18,000033.SZ,0.1733259398409489
2024.06.18,000023.SZ,0.2976152779756908
2024.06.18,600029.SH,0.0203693556924057
2024.06.18,000040.SZ,0.11600066067346818
2024.06.18,600015.SH,0.0234048836464303
2024.06.18,600006.SH,0.2456668249778015
2024.06.18,600008.SH,0.0851157488129359
2024.06.18,000047.SZ,0.13423068350436793
2024.06.18,600032.SH,0.053836700714263254
2024.06.18,000006.SZ,0.022743207827114358
2024.06.18,000012.SZ,0.04411764790388086
2024.06.18,600022.SH,0.08623483926252248
2024.06.18,600024.SH,0.10592239446877762
2024.06.18,600042.SH,0.01565277238489445
2024.06.18,000048.SZ,0.19161389819102226
2024.06.18,000003.SZ,0.16590802870129362
2024.06.18,600018.SH,0.019672921667479273
2024.06.18,600000.SH,0.017970693671005997
2024.06.19,600023.SH,0.26445628510840974
2024.06.19,000003.SZ,0.11083236470287688
2024.06.19,000047.SZ,0.03228580792448284
2024.06.19,000050.SZ,0.18301316220285366
2024.06.19,600034.SH,0.4017006804444308
2024.06.19,000046.SZ,0.01253886373681965
2024.06.19,600030.SH,0.01811786878077225
2024.06.19,000017.SZ,0.039678608768919404
2024.06.19,600007.SH,0.0076351569455935225
2024.06.19,000037.SZ,0.20790387367882565
2024.06.19,000041.SZ,0.011517053550739594
2024.06.19,600038.SH,0.036859256354672985
2024.06.19,000049.SZ,0.15982839662717685
2024.06.19,600045.SH,0.057866032894472036
2024.06.19,000013.SZ,0.2569889400652436
2024.06.19,000018.SZ,0.03136289487959786
2024.06.19,600044.SH,0.21611853226180516
2024.06.19,000015.SZ,0.06269990142534557
2024.06.19,600010.SH,0.32012568217840215
2024.06.19,600003.SH,0.3266115486025381
2024.06.19,600026.SH,0.15248750467100622
2024.06.19,600002.SH,0.16500785782514926
2024.06.19,600019.SH,0.06191818019607887
2024.06.19,000032.SZ,0.03861335919765037
2024.06.19,600049.SH,0.2567454756250705
2024.06.19,600048.SH,0.04640982555376366
2024.06.19,600036.SH,0.0766741176136056
2024.06.19,600020.SH,0.22070957075344141
2024.06.19,600013.SH,0.23765179251963786
2024.06.19,000010.SZ,0.5082494880009979
2024.06.19,000008.SZ,0.09624777188234411
2024.06.19,000025.SZ,0.2744855141946714
2024.06.19,000023.SZ,0.03093627916024068
2024.06.19,600012.SH,0.028057079494209672
2024.06.19,000024.SZ,0.0581936150577454
2024.06.19,000006.SZ,0.10213890993620725
2024.06.19,600033.SH,0.01615283925187082
2024.06.19,000011.SZ,0.24289216672305655
2024.06.19,000012.SZ,0.024656799461404248
2024.06.19,000014.SZ,0.10331438593207473
2024.06.19,000026.SZ,0.17308128571996123
2024.06.19,000035.SZ,7.371667246475934e-05
2024.06.19,000001.SZ,0.1992608041744265
2024.06.19,000040.SZ,0.024384696511721416
2024.06.19,600021.SH,0.00404074768038992
2024.06.19,000004.SZ,0.12675548840080236
2024.06.19,600043.SH,0.01611911852248336
2024.06.19,600000.SH,0.09092633201351272
2024.06.19,600025.SH,0.24352282001965986
2024.06.19,600047.SH,0.0283923087356775
2024.06.19,600029.SH,0.03954626905778676
2024.06.19,000007.SZ,0.10317005004860808
2024.06.19,000009.SZ,0.059962288313297384
2024.06.19,000005.SZ,0.019183624090278236
2024.06.19,600014.SH,0.163936473897306
2024.06.19,000033.SZ,0.13676729188355338
2024.06.19,000021.SZ,0.09246904187207376
2024.06.19,600008.SH,0.15809707624456182
2024.06.19,000016.SZ,0.16499243362656787
2024.06.19,000044.SZ,0.24356558569588968
2024.06.19,000045.SZ,0.15546761900157177
2024.06.19,600027.SH,0.20185766842158057
2024.06.19,600039.SH,0.10386310105054733
2024.06.19,600017.SH,0.02179687213946845
2024.06.19,600015.SH,0.4620835287859168
2024.06.19,000039.SZ,0.028295077461127208
2024.06.19,600005.SH,0.08877822659171317
2024.06.19,000034.SZ,0.2717087704591059
2024.06.19,600046.SH,0.4127382329915163
2024.06.19,000020.SZ,0.008569599782675661
2024.06.19,600006.SH,0.07345382195648922
2024.06.19,600009.SH,0.18582336710770714
2024.06.19,600041.SH,0.20991567316796053
2024.06.19,000031.SZ,0.2586679367954997
2024.06.19,000043.SZ,0.041862542198200674
2024.06.19,600037.SH,0.08145931355761485
2024.06.19,000027.SZ,0.0956994179063599
2024.06.19,600011.SH,0.11714642119443014
2024.06.19,000048.SZ,0.030301843509544187
2024.06.19,600024.SH,0.07352742441184434
2024.06.19,600031.SH,0.04170891542949758
2024.06.19,600022.SH,0.019096246768564792
2024.06.19,000002.SZ,0.16980769662154688
2024.06.19,600032.SH,0.09347132010933096
2024.06.19,000036.SZ,0.3563367150523032
2024.06.19,600016.SH,0.1334411545446752
2024.06.19,000019.SZ,0.23160105680581736
2024.06.19,600001.SH,0.0999991245062911
2024.06.19,000028.SZ,0.07768350815113696
2024.06.19,000042.SZ,0.008330306878022735
2024.06.19,000038.SZ,0.08739888432549896
2024.06.19,600028.SH,0.03867358207189323
2024.06.19,600042.SH,0.3238174359162632
2024.06.19,000029.SZ,0.16219592379911627
2024.06.19,600018.SH,0.0775690363201381
2024.06.19,600035.SH,0.007500571391872608
2024.06.20,000008.SZ,0.6859020621217748
2024.06.20,600018.SH,0.02061527224704126
2024.06.20,000015.SZ,0.0056492276967453426
2024.06.20,000028.SZ,0.11032417840795754
2024.06.20,000014.SZ,0.04097491338244906
2024.06.20,000047.SZ,0.019673956279286108
2024.06.20,000016.SZ,0.04179955572749465
2024.06.20,000036.SZ,0.15129833405151913
2024.06.20,600039.SH,0.08702353294185293
2024.06.20,000024.SZ,0.23707363825975253
2024.06.20,000025.SZ,0.1767695207413819
2024.06.20,600004.SH,0.005687842266354775
2024.06.20,600044.SH,0.0879161496347822
2024.06.20,000038.SZ,0.04427409764021835
2024.06.20,600019.SH,0.3473912957365737
2024.06.20,600041.SH,0.10839539294940277
2024.06.20,600032.SH,0.046354205898267706
2024.06.20,600020.SH,0.14139310925757684
2024.06.20,600033.SH,0.08393462314460416
2024.06.20,000049.SZ,0.06797082739698977
2024.06.20,600003.SH,0.00040065015150837584
2024.06.20,600002.SH,0.06004203482460915
2024.06.20,600038.SH,0.006172457832741786
2024.06.20,000026.SZ,0.2479426705649698
2024.06.20,000050.SZ,0.06357802785282614
2024.06.20,000040.SZ,0.06692055977460833
2024.06.20,600014.SH,0.06449499716986301
2024.06.20,600036.SH,0.1399311738789687
2024.06.20,000043.SZ,0.01533907728496446
2024.06.20,600040.SH,0.35061782734500657
2024.06.20,000037.SZ,0.008731248226006634
2024.06.20,600031.SH,0.08656589640827483
2024.06.20,000022.SZ,0.07651699325408941
2024.06.20,600008.SH,0.021763051519251616
2024.06.20,600023.SH,0.07434212577692083
2024.06.20,000019.SZ,0.05579359194128306
2024.06.20,000044.SZ,0.026398450739063526
2024.06.20,600034.SH,0.4740979753026443
2024.06.20,600048.SH,0.2083283819094626
2024.06.20,000042.SZ,0.2225878475182352
2024.06.20,600029.SH,0.059241813820518796
2024.06.20,600042.SH,0.05303828037196095
2024.06.20,000035.SZ,0.026678483759843705
2024.06.20,000046.SZ,0.029155794030706395
2024.06.20,600028.SH,0.16328265773445952
2024.06.20,000011.SZ,0.09994203024236888
2024.06.20,000002.SZ,0.005109187246372943
2024.06.20,000029.SZ,0.09806553209088792
2024.06.20,600024.SH,0.10218311297211143
2024.06.20,600010.SH,0.07106922675018254
2024.06.20,000023.SZ,0.04087629225467844
2024.06.20,000009.SZ,0.06416786141700948
2024.06.20,000021.SZ,0.009006940292708642
2024.06.20,000045.SZ,0.16524564175546483
2024.06.20,600013.SH,0.06666442642116774
2024.06.20,600035.SH,0.18567344709506087
2024.06.20,600006.SH,0.010831417036212744
2024.06.20,600000.SH,0.120694265308289
2024.06.20,000003.SZ,0.023681970301744626
2024.06.20,600045.SH,0.06088339117633076
2024.06.20,000001.SZ,0.00880416683066919
2024.06.20,000031.SZ,0.012090235128784479
2024.06.20,000030.SZ,0.3689430579254919
2024.06.20,600005.SH,0.042580636582752254
2024.06.20,000012.SZ,0.21120315369227086
2024.06.20,000004.SZ,0.09963882432596186
2024.06.20,600021.SH,0.17517030631903105
2024.06.20,600047.SH,0.16367776576828033
2024.06.20,600027.SH,0.13478827930899248
2024.06.20,000041.SZ,0.0019431444508396392
2024.06.20,600030.SH,0.020383094804247718
2024.06.20,600037.SH,0.12911894015827374
2024.06.20,000013.SZ,0.11066744740076533
2024.06.20,000027.SZ,0.16686374464216364
2024.06.20,600046.SH,0.1387190109000854
2024.06.20,600022.SH,0.20695480217773046
2024.06.20,600001.SH,0.07873647194165309
2024.06.20,600016.SH,0.32011189704988635
2024.06.20,000018.SZ,0.04337852785882792
2024.06.20,600007.SH,0.05074936584720984
2024.06.20,000007.SZ,0.038806519855044457
2024.06.20,000005.SZ,0.21975941612244668
2024.06.20,000017.SZ,0.032201702842563636
2024.06.20,600049.SH,0.026710032780940283
2024.06.20,000032.SZ,0.045728573396579146
2024.06.20,000020.SZ,0.00031278554668059494
2024.06.20,600043.SH,0.007767275392806513
2024.06.20,600025.SH,0.21455372454443228
2024.06.20,600012.SH,0.09581433870571404
2024.06.20,000033.SZ,0.03351017676137587
2024.06.20,600009.SH,0.0012371498386963776
2024.06.20,600011.SH,0.3142325770385197
2024.06.20,600026.SH,0.04476572591726695
2024.06.20,000034.SZ,0.04305119507549483
2024.06.20,600015.SH,0.11746700176995532
2024.06.20,000039.SZ,0.05407578896793164
2024.06.21,000027.SZ,0.24861825657055772
2024.06.21,000015.SZ,0.10138097442063644
2024.06.21,600029.SH,0.035890549077240215
2024.06.21,000030.SZ,0.005374921420635455
2024.06.21,600012.SH,0.07402237421482707
2024.06.21,000037.SZ,0.045643901953810094
2024.06.21,600006.SH,0.15956479821939043
2024.06.21,600013.SH,0.24174365321786367
2024.06.21,000042.SZ,0.2838717060909512
2024.06.21,000009.SZ,0.09394381201623551
2024.06.21,000001.SZ,0.31397621098500184
2024.06.21,000048.SZ,0.055034676055285336
2024.06.21,000024.SZ,0.03184757042944843
2024.06.21,600033.SH,0.00978751283058195
2024.06.21,600040.SH,0.08571514808973088
2024.06.21,000041.SZ,0.1261358472147493
2024.06.21,000006.SZ,0.06932805999030937
2024.06.21,000021.SZ,0.06452766572924849
2024.06.21,000022.SZ,0.062335871306380075
2024.06.21,600045.SH,0.1969104019826864
2024.06.21,600002.SH,0.058719126000638444
2024.06.21,000002.SZ,0.07843058359133169
2024.06.21,000046.SZ,0.19585822378263568
2024.06.21,600001.SH,0.0034390436491222474
2024.06.21,000023.SZ,0.17381900870197117
2024.06.21,600004.SH,0.012630526590912426
2024.06.21,600025.SH,0.03459159154401416
2024.06.21,000008.SZ,0.0151371461159368
2024.06.21,600026.SH,0.002519793507566923
2024.06.21,600009.SH,0.01788888816159558
2024.06.21,000047.SZ,0.07230435802972088
2024.06.21,600017.SH,0.10413814465979256
2024.06.21,600015.SH,0.15890832797646434
2024.06.21,600007.SH,0.309324754484632
2024.06.21,600003.SH,0.08757309091205799
2024.06.21,600037.SH,0.03421265753397323
2024.06.21,600035.SH,0.07444248090630536
2024.06.21,600024.SH,0.02767331056536502
2024.06.21,000049.SZ,0.24983298504815124
2024.06.21,600008.SH,0.15545222596346436
2024.06.21,000032.SZ,0.1822675987258141
2024.06.21,600047.SH,0.25195312352115934
2024.06.21,000045.SZ,0.15330611759731447
2024.06.21,600048.SH,0.1566196392255153
2024.06.21,600010.SH,0.2372881451641664
2024.06.21,600014.SH,0.015610166322076943
2024.06.21,600000.SH,0.05998256481819571
2024.06.21,000050.SZ,0.2493158006623695
2024.06.21,600044.SH,0.0011037148320236355
2024.06.21,600032.SH,0.06981531876428636
2024.06.21,600022.SH,0.05206536424090642
2024.06.21,600049.SH,0.05011865921985064
2024.06.21,600036.SH,0.21898178544685776
2024.06.21,600038.SH,0.40447513164979204
2024.06.21,600011.SH,0.015264308896842348
2024.06.21,600020.SH,0.004156980752435389
2024.06.21,600018.SH,0.03219208529885648
2024.06.21,000038.SZ,0.21616059912347063
2024.06.21,600023.SH,0.24570305492276145
2024.06.21,000031.SZ,0.21700616924822594
2024.06.21,000014.SZ,0.11266493961642969
2024.06.21,000034.SZ,0.11753802507330918
2024.06.21,600031.SH,0.04594464770075487
2024.06.21,000004.SZ,0.15917868606690627
2024.06.21,600043.SH,0.13097108283189363
2024.06.21,600046.SH,0.015437724167006608
2024.06.21,000033.SZ,0.06049412897234314
2024.06.21,000036.SZ,0.009241646853246617
2024.06.21,000029.SZ,0.05659871482029729
2024.06.21,000040.SZ,0.1985292446514416
2024.06.21,600016.SH,0.20607588968116675
2024.06.21,600041.SH,0.040049221992066134
2024.06.21,000017.SZ,0.2054044081525744
2024.06.21,600028.SH,0.2522009297768665
2024.06.21,000019.SZ,0.04279687932308178
2024.06.21,600021.SH,0.20020612399340754
2024.06.21,600034.SH,0.023403559787493172
2024.06.21,000011.SZ,0.05734108803202116
2024.06.21,000043.SZ,0.31036652923771113
2024.06.21,000039.SZ,0.18180797973907492
2024.06.21,000025.SZ,0.035575424722185944
2024.06.21,000018.SZ,0.04101276127043392
2024.06.21,000016.SZ,0.14645921612159704
2024.06.21,000013.SZ,0.11183320970616521
2024.06.21,000026.SZ,0.04458565962312792
2024.06.21,000028.SZ,0.5823576760407841
2024.06.21,000012.SZ,0.04889683621201806
2024.06.21,600005.SH,0.793303761728154
2024.06.21,600019.SH,0.08290019416011274
2024.06.21,000035.SZ,0.06666214945598246
2024.06.21,000044.SZ,0.3055988863423663
2024.06.21,000010.SZ,0.10310606500105489
2024.06.21,000020.SZ,0.10894239178299905
2024.06.21,000003.SZ,0.03571681405232363
2024.06.21,600030.SH,0.0925769972022263
2024.06.21,600042.SH,0.17599841060283666
2024.06.21,600027.SH,0.026522379367811807
2024.06.21,000007.SZ,0.06157138139119474
2024.06.24,600012.SH,0.12425282984047799
2024.06.24,600044.SH,0.025907569367940295
2024.06.24,600004.SH,0.24490432009074578
2024.06.24,000037.SZ,0.04837275837269194
2024.06.24,000011.SZ,0.10150260852977465
2024.06.24,000047.SZ,0.01837570290321424
2024.06.24,600005.SH,0.10572944657152843
2024.06.24,600035.SH,0.25560638812093966
2024.06.24,600043.SH,0.07149443758738594
2024.06.24,000016.SZ,0.04707182843487234
2024.06.24,000032.SZ,0.06352194265786813
2024.06.24,600022.SH,0.022487339272195723
2024.06.24,600048.SH,0.08270732109529465
2024.06.24,000049.SZ,0.021347380869615115
2024.06.24,000045.SZ,0.08035856717430385
2024.06.24,600025.SH,0.003865304451636628
2024.06.24,600010.SH,0.1512855405510943
2024.06.24,600015.SH,0.0011268179465647144
2024.06.24,000030.SZ,0.06363652800176918
2024.06.24,600009.SH,0.17033973313365836
2024.06.24,000038.SZ,0.1525271169471994
2024.06.24,000026.SZ,0.2148097524905521
2024.06.24,600029.SH,0.0423884358640396
2024.06.24,600037.SH,0.05429489315462118
2024.06.24,000050.SZ,0.03204771464092791
2024.06.24,600032.SH,0.1396661934140916
2024.06.24,000006.SZ,0.0011290483622837784
2024.06.24,600006.SH,0.2292914529859117
2024.06.24,600019.SH,0.26902821655796433
2024.06.24,600020.SH,0.09035601322493542
2024.06.24,000004.SZ,0.04163752194704207
2024.06.24,000012.SZ,0.26000826108758784
2024.06.24,000039.SZ,0.22018743541600294
2024.06.24,000044.SZ,0.26209967404494444
2024.06.24,000043.SZ,0.15949921936119407
2024.06.24,600001.SH,0.04862191493159894
2024.06.24,600021.SH,0.018101728283485486
2024.06.24,000014.SZ,0.48691826174776004
2024.06.24,600039.SH,0.12536577041147787
2024.06.24,000015.SZ,0.18015855792951244
2024.06.24,600003.SH,0.21659824980793776
2024.06.24,000002.SZ,0.15273240054554632
2024.06.24,000025.SZ,0.13164279974134374
2024.06.24,000031.SZ,0.16104071108156984
2024.06.24,600042.SH,0.03277694007841053
2024.06.24,600031.SH,0.09942388627194194
2024.06.24,600011.SH,0.10148022936372704
2024.06.24,000046.SZ,0.134530799293229
2024.06.24,000007.SZ,0.12447216913414175
2024.06.24,600027.SH,0.0971536402611002
2024.06.24,000022.SZ,0.09705074645018481
2024.06.24,000018.SZ,0.27010174813780435
2024.06.24,600040.SH,0.23852163445506658
2024.06.24,000033.SZ,0.048586745920699524
2024.06.24,000027.SZ,0.18264574406330042
2024.06.24,600013.SH,0.3551759399957639
2024.06.24,000021.SZ,0.18996366735628623
2024.06.24,600026.SH,0.16438907845314554
2024.06.24,600024.SH,0.011699445094523362
2024.06.24,000005.SZ,0.4288350795965017
2024.06.24,600036.SH,0.030617159312282736
2024.06.24,600017.SH,0.02455611069440506
2024.06.24,000023.SZ,0.06880801753202619
2024.06.24,000028.SZ,0.15390471177506734
2024.06.24,000042.SZ,0.17922651800700176
2024.06.24,600016.SH,0.11311091662149415
2024.06.24,600028.SH,0.060469882160304585
2024.06.24,600014.SH,0.35468936991476374
2024.06.24,600018.SH,0.0620779775999646
2024.06.24,600041.SH,0.1163585690560691
2024.06.24,000029.SZ,0.0242683011809773
2024.06.24,000008.SZ,0.1919171249319699
2024.06.24,000019.SZ,0.05935116937951001
2024.06.24,000048.SZ,0.000708562445254936
2024.06.24,600049.SH,0.0002917905233659148
2024.06.24,000041.SZ,0.19116440396094375
2024.06.24,000035.SZ,0.008222754289022189
2024.06.24,000024.SZ,0.4328500541779456
2024.06.24,000001.SZ,0.44602898756474463
2024.06.24,600033.SH,0.07105049145915664
2024.06.24,600030.SH,0.14366425013957818
2024.06.24,000013.SZ,0.2959535370727835
2024.06.24,000034.SZ,0.012285042861278114
2024.06.24,600034.SH,0.04865698068944755
2024.06.24,600046.SH,0.09870925480570669
2024.06.24,000010.SZ,0.04015398886252279
2024.06.24,600047.SH,0.024872124403416785
2024.06.24,000017.SZ,0.14610637714262986
2024.06.24,600000.SH,0.05687527146706129
2024.06.24,600008.SH,0.1970242395991623
2024.06.24,600023.SH,0.26810882538009223
2024.06.24,600002.SH,0.0768723996893352
2024.06.24,000009.SZ,0.009810622885414145
2024.06.24,000003.SZ,0.09504447228721667
2024.06.24,000036.SZ,0.010384424837993634
2024.06.24,000020.SZ,0.06255282510854229
2024.06.24,600007.SH,0.1634148820144568
2024.06.24,000040.SZ,0.058047024761449725
2024.06.25,000017.SZ,0.047403101218191475
2024.06.25,000037.SZ,0.005012220658643622
2024.06.25,000031.SZ,0.10417284689528296
2024.06.25,600039.SH,0.1570296500783581
2024.06.25,000013.SZ,0.03878369461709017
2024.06.25,600003.SH,0.21610287954356613
2024.06.25,600020.SH,0.11208014220156934
2024.06.25,600006.SH,0.06423178447647719
2024.06.25,000029.SZ,0.061210380968803366
2024.06.25,000020.SZ,0.05111711228225311
2024.06.25,000010.SZ,0.12611596467673974
2024.06.25,000042.SZ,0.49882925194918026
2024.06.25,000036.SZ,0.019512083239515268
2024.06.25,600036.SH,0.09141671961821628
2024.06.25,600044.SH,0.05307069469611476
2024.06.25,600026.SH,0.1273964156749754
2024.06.25,000034.SZ,0.1729105601809319
2024.06.25,600035.SH,0.03715951110486219
2024.06.25,000043.SZ,0.010428933975780163
2024.06.25,000028.SZ,0.06202729346739518
2024.06.25,600009.SH,0.2586723917104812
2024.06.25,600014.SH,0.28422873608567223
2024.06.25,000044.SZ,0.12493235471929472
2024.06.25,600023.SH,0.28043552004237765
2024.06.25,000007.SZ,0.4088489967197008
2024.06.25,600037.SH,0.012854969311550836
2024.06.25,000002.SZ,0.11014822111338425
2024.06.25,000049.SZ,0.09101946151001478
2024.06.25,000023.SZ,0.08536442581066701
2024.06.25,600047.SH,0.22908886953980745
2024.06.25,600008.SH,0.08857259843939372
2024.06.25,000014.SZ,0.4114259526504108
2024.06.25,600000.SH,0.20172298873478092
2024.06.25,000006.SZ,0.019274940593855205
2024.06.25,600046.SH,0.02895163910122504
2024.06.25,600031.SH,0.09918052873991814
2024.06.25,000011.SZ,0.021570797063229587
2024.06.25,000030.SZ,0.5021722384087808
2024.06.25,000008.SZ,0.05788822983370711
2024.06.25,600010.SH,0.15648764565483203
2024.06.25,600032.SH,0.06669006707435671
2024.06.25,000046.SZ,0.19974713877046105
2024.06.25,600005.SH,0.4293606762607728
2024.06.25,600017.SH,0.23124311506962483
2024.06.25,000040.SZ,0.0035917401907283233
2024.06.25,000021.SZ,0.13601340288399957
2024.06.25,600016.SH,0.09652100928709378
2024.06.25,000032.SZ,0.013459892407723441
2024.06.25,600033.SH,0.027205877753835348
2024.06.25,000025.SZ,0.2101550167479924
2024.06.25,000003.SZ,0.010264938760628574
2024.06.25,000024.SZ,0.07653346898168448
2024.06.25,000048.SZ,0.06343549654546184
2024.06.25,600015.SH,0.27471868075364747
2024.06.25,000033.SZ,0.09107315279300811
2024.06.25,600049.SH,0.1494750107368094
2024.06.25,600025.SH,0.17555698607862158
2024.06.25,600002.SH,0.011455882483499305
2024.06.25,000016.SZ,0.04103653314136431
2024.06.25,000035.SZ,0.04820076179059026
2024.06.25,600040.SH,0.1947784627853596
2024.06.25,600007.SH,0.027239427294870777
2024.06.25,000038.SZ,0.06560320873309948
2024.06.25,600027.SH,0.07863122340770948
2024.06.25,600018.SH,0.07639498680805586
2024.06.25,000005.SZ,0.09359984876802846
2024.06.25,000019.SZ,0.24451194196475787
2024.06.25,600034.SH,0.07501223253791212
2024.06.25,000015.SZ,0.06362161848050518
2024.06.25,600001.SH,0.19605918011804638
2024.06.25,000018.SZ,0.4651353890066514
2024.06.25,000027.SZ,0.009075960238508802
2024.06.25,000012.SZ,0.04434884077885713
2024.06.25,600038.SH,0.22265883186492333
2024.06.25,000045.SZ,0.21288114898463473
2024.06.25,600021.SH,0.03586464823263444
2024.06.25,600013.SH,0.0013097638903868825
2024.06.25,600029.SH,0.32871895772828136
2024.06.25,000004.SZ,0.49974216522984866
2024.06.25,000026.SZ,0.13345654845002264
2024.06.25,000009.SZ,0.3711175019515544
2024.06.25,000022.SZ,0.05935199084482239
2024.06.25,600024.SH,0.23989585400196792
2024.06.25,600043.SH,0.04189214156771763
2024.06.25,600012.SH,0.05984139913248246
2024.06.25,600004.SH,0.0045388871652748165
2024.06.25,600030.SH,0.012919541640675321
2024.06.25,600019.SH,0.06203204975657847
2024.06.25,600045.SH,0.11878381142917785
2024.06.25,600011.SH,0.006631712632817385
2024.06.25,600048.SH,0.40566531218697344
2024.06.25,000047.SZ,0.15372254681743802
2024.06.25,600028.SH,0.12504850895181358
2024.06.25,000039.SZ,0.24188518639671827
2024.06.25,600042.SH,0.04273336807272108
2024.06.25,000050.SZ,0.3303251769952774
2024.06.26,600018.SH,0.00543464188262349
2024.06.26,600006.SH,0.15060449730412992
2024.06.26,000046.SZ,0.4371801544389531
2024.06.26,600047.SH,0.047145072582481344
2024.06.26,000049.SZ,0.0025327462940615245
2024.06.26,000001.SZ,0.07023612682066913
2024.06.26,600016.SH,0.026198963305510657
2024.06.26,600004.SH,0.005753682429684738
2024.06.26,000040.SZ,0.1505412109281911
2024.06.26,600011.SH,0.014717116661892517
2024.06.26,000047.SZ,0.014429342387832441
2024.06.26,000016.SZ,0.06473796971684136
2024.06.26,600043.SH,0.2941585615539476
2024.06.26,000030.SZ,0.09981364248691049
2024.06.26,600042.SH,0.03155653543266462
2024.06.26,000005.SZ,0.03436093004708741
2024.06.26,600025.SH,0.00727421287438757
2024.06.26,600009.SH,0.15443810677629344
2024.06.26,000039.SZ,0.026082369887858028
2024.06.26,000032.SZ,0.15375178590445915
2024.06.26,600032.SH,0.10993497544087454
2024.06.26,000020.SZ,0.08023258240628492
2024.06.26,600015.SH,0.1860587650657286
2024.06.26,000015.SZ,0.1591100124824139
2024.06.26,000007.SZ,0.09625781160608401
2024.06.26,000025.SZ,0.037315632507806895
2024.06.26,600001.SH,0.25807449368637014
2024.06.26,000038.SZ,0.12277223516363851
2024.06.26,000035.SZ,0.029349841395685333
2024.06.26,600013.SH,0.015529236130501603
2024.06.26,600010.SH,0.037991305572020115
2024.06.26,000008.SZ,0.5844940921709244
2024.06.26,600023.SH,0.13070293185331772
2024.06.26,000009.SZ,0.09490304169077188
2024.06.26,600048.SH,0.18710777019411853
2024.06.26,600003.SH,0.021264430231712813
2024.06.26,000017.SZ,0.26205886252288946
2024.06.26,000041.SZ,0.025712199554561516
2024.06.26,600040.SH,0.09520218813838786
2024.06.26,600045.SH,0.2716025194228292
2024.06.26,600031.SH,0.0366024680714016
2024.06.26,600029.SH,0.21524785762559723
2024.06.26,600037.SH,0.01303787682134309
2024.06.26,000010.SZ,0.15607976602853674
2024.06.26,600002.SH,0.2928834917089416
2024.06.26,600020.SH,0.2882637475232909
2024.06.26,600005.SH,0.07846920530721255
2024.06.26,000004.SZ,0.118107820018643
2024.06.26,600012.SH,0.2354620380359278
2024.06.26,000042.SZ,0.03729377388653821
2024.06.26,000024.SZ,0.0802771402913609
2024.06.26,000033.SZ,0.04429458950503299
2024.06.26,600046.SH,0.1773876862651052
2024.06.26,000029.SZ,0.05959303851760594
2024.06.26,600038.SH,0.2299244485736582
2024.06.26,000045.SZ,0.19811592721531326
2024.06.26,600026.SH,0.03519496265736417
2024.06.26,600044.SH,0.24490498454036144
2024.06.26,600019.SH,0.060510663910505885
2024.06.26,000036.SZ,0.32405377169660604
2024.06.26,000050.SZ,0.20313655178028767
2024.06.26,600014.SH,0.35119966945183867
2024.06.26,000031.SZ,0.210684150673738
2024.06.26,600035.SH,0.01615869713822611
2024.06.26,000019.SZ,0.01739314428096273
2024.06.26,000006.SZ,0.1285422426281129
2024.06.26,000028.SZ,0.09503585038725573
2024.06.26,000037.SZ,0.04743764672101893
2024.06.26,600024.SH,0.27466650838354795
2024.06.26,000022.SZ,0.16618987550265368
2024.06.26,000014.SZ,0.23256871941126975
2024.06.26,600041.SH,0.16643598480680885
2024.06.26,000013.SZ,0.007340851604292103
2024.06.26,000018.SZ,0.010331262332494975
2024.06.26,000003.SZ,0.061441407606131336
2024.06.26,600034.SH,0.2399314393765055
2024.06.26,000021.SZ,0.02876566028279152
2024.06.26,600007.SH,0.15554307086727548
2024.06.26,000026.SZ,0.1705477335061672
2024.06.26,600028.SH,0.18263337811886043
2024.06.26,600027.SH,0.0029316704642060264
2024.06.26,600030.SH,0.055698669236975105
2024.06.26,600008.SH,0.05516000301450716
2024.06.26,600033.SH,0.25963003362295367
2024.06.26,600022.SH,0.1821300739910806
2024.06.26,000034.SZ,0.0610240410693136
2024.06.26,600021.SH,0.038626227391347745
2024.06.26,600000.SH,0.007469750667653005
2024.06.26,000027.SZ,0.04740958854481758
2024.06.26,000043.SZ,0.10831405092080083
2024.06.26,600036.SH,0.030671388085267533
2024.06.26,600039.SH,0.15285423025775022
2024.06.26,000002.SZ,0.13149851557563286
2024.06.26,000011.SZ,0.057734084268097806
2024.06.26,000012.SZ,0.10570086656531841
2024.06.26,000023.SZ,0.006764202444414927
2024.06.26,000044.SZ,0.10659217798199185
2024.06.27,600008.SH,0.01720950732530143
2024.06.27,000022.SZ,0.006957211864906319
2024.06.27,000013.SZ,0.1563527212365492
2024.06.27,000034.SZ,0.09675233405414699
2024.06.27,600033.SH,0.031174164333995162
2024.06.27,600035.SH,0.21233139413917343
2024.06.27,000002.SZ,0.0060777980781952295
2024.06.27,000005.SZ,0.10674385409373625
2024.06.27,600015.SH,0.06182004145661846
2024.06.27,600004.SH,0.0671792952562009
2024.06.27,000014.SZ,0.06533163288803387
2024.06.27,000016.SZ,0.3290736867636546
2024.06.27,000007.SZ,0.48110364450348164
2024.06.27,000038.SZ,0.2062031161873342
2024.06.27,600002.SH,0.028305977319107334
2024.06.27,600047.SH,0.07567617905631445
2024.06.27,600019.SH,0.15354609596935784
2024.06.27,600032.SH,0.020149041339261677
2024.06.27,000028.SZ,0.07689982786001857
2024.06.27,000026.SZ,0.11467025180575752
2024.06.27,600011.SH,0.011192580166110369
2024.06.27,000050.SZ,0.03898609941817569
2024.06.27,000035.SZ,0.08372320627665898
2024.06.27,600046.SH,0.09665403153857913
2024.06.27,000031.SZ,0.5720272210152835
2024.06.27,000001.SZ,0.007612132232535328
2024.06.27,000042.SZ,0.21486390427971783
2024.06.27,000037.SZ,0.02221474100133538
2024.06.27,600012.SH,0.00929187567134365
2024.06.27,000046.SZ,0.36403092390845665
2024.06.27,600022.SH,0.11126536306856434
2024.06.27,600043.SH,0.7579785791342122
2024.06.27,600036.SH,0.09424371688318653
2024.06.27,600039.SH,0.04513865905614792
2024.06.27,000029.SZ,0.0963383646860762
2024.06.27,000015.SZ,0.7749323038070977
2024.06.27,600024.SH,0.15591083961246388
2024.06.27,000012.SZ,0.1373296935309646
2024.06.27,000043.SZ,0.08709047139307655
2024.06.27,000003.SZ,0.01353960487426592
2024.06.27,600045.SH,0.11513385088792345
2024.06.27,000010.SZ,0.043051355852393544
2024.06.27,600021.SH,0.14798914596000734
2024.06.27,600044.SH,0.11663179822524139
2024.06.27,600016.SH,0.0377089742052422
2024.06.27,600023.SH,0.06178583807128329
2024.06.27,600027.SH,0.031093323827358986
2024.06.27,000020.SZ,0.00027254147562522644
2024.06.27,000040.SZ,0.5275005881454993
2024.06.27,600013.SH,0.0616341054251494
2024.06.27,000019.SZ,0.1127240460243242
2024.06.27,600040.SH,0.11444191819591291
2024.06.27,600038.SH,0.15521040067397107
2024.06.27,000024.SZ,0.0938613870895157
2024.06.27,000006.SZ,0.015478905270111884
2024.06.27,600007.SH,0.14318497363693736
2024.06.27,600042.SH,0.22283560644575076
2024.06.27,000009.SZ,0.06996945606750048
2024.06.27,000033.SZ,0.36461920841725354
2024.06.27,600005.SH,0.04755704341589914
2024.06.27,600009.SH,0.09187336280076538
2024.06.27,000045.SZ,9.424723401867373e-06
2024.06.27,000039.SZ,0.14738774816069125
2024.06.27,600026.SH,0.21027876465209525
2024.06.27,600014.SH,0.07958773843445345
2024.06.27,600049.SH,0.04684738186853949
2024.06.27,000027.SZ,0.03250654837615296
2024.06.27,000049.SZ,0.005798265563447309
2024.06.27,000044.SZ,0.0771427891698893
2024.06.27,000047.SZ,0.03940425630989138
2024.06.27,600020.SH,0.12806550171176168
2024.06.27,600018.SH,0.06776296587006657
2024.06.27,600048.SH,0.0847484240083014
2024.06.27,600001.SH,0.17196256375052268
2024.06.27,000008.SZ,0.0720067593575154
2024.06.27,000023.SZ,0.036857876021470684
2024.06.27,600010.SH,0.12489231501323829
2024.06.27,000030.SZ,0.009355334203492063
2024.06.27,600006.SH,0.1088047817685019
2024.06.27,600017.SH,0.018511668770002668
2024.06.27,000048.SZ,0.0038121699490743905
2024.06.27,600025.SH,0.05822359180150002
2024.06.27,600034.SH,0.04042936911157795
2024.06.27,600003.SH,0.11219173559555334
2024.06.27,000025.SZ,0.0359146877256932
2024.06.27,600037.SH,0.04154626975190594
2024.06.27,000011.SZ,0.07956006797859522
2024.06.27,000021.SZ,0.4068089132010372
2024.06.27,000036.SZ,0.352276963562178
2024.06.27,000004.SZ,0.1537300193848761
2024.06.27,000018.SZ,0.03139366945186062
2024.06.27,000017.SZ,0.3743873778647632
2024.06.27,600000.SH,0.009359490829216771
2024.06.27,600041.SH,0.055943754877976926
2024.06.27,600029.SH,0.01879739780748144
2024.06.27,600030.SH,0.284158581743911
2024.06.27,600031.SH,0.010126483879244298
2024.06.27,000032.SZ,0.07116188967206614
2024.06.28,000011.SZ,0.10013698657179998
2024.06.28,600033.SH,0.27102945684367663
2024.06.28,600026.SH,0.39694495268332924
2024.06.28,600044.SH,0.18662429348260065
2024.06.28,000008.SZ,0.05647188035290628
2024.06.28,600018.SH,0.20100164725264788
2024.06.28,600014.SH,0.06737958395591498
2024.06.28,000022.SZ,0.16847347955235506
2024.06.28,600004.SH,0.039628764708316715
2024.06.28,600029.SH,0.044517221773531575
2024.06.28,600010.SH,0.027098094973684175
2024.06.28,600008.SH,0.024172458692891193
2024.06.28,000042.SZ,0.07629093533756931
2024.06.28,000047.SZ,0.0381140198724514
2024.06.28,000010.SZ,0.1742463878177312
2024.06.28,000023.SZ,0.07107783113612307
2024.06.28,000044.SZ,0.04084251656103006
2024.06.28,000028.SZ,0.24061649652853773
2024.06.28,000048.SZ,0.08346872209612884
2024.06.28,000016.SZ,0.028661661039142153
2024.06.28,000034.SZ,0.030692196229185745
2024.06.28,000026.SZ,0.09882204771311229
2024.06.28,600012.SH,0.015172065171768393
2024.06.28,600043.SH,0.10494235084542165
2024.06.28,600032.SH,0.23368084700030284
2024.06.28,600039.SH,0.34147204245392837
2024.06.28,000017.SZ,0.019293362385496213
2024.06.28,000029.SZ,0.014712895199172448
2024.06.28,000032.SZ,0.1395325722788614
2024.06.28,600013.SH,0.30651213651353193
2024.06.28,000030.SZ,0.027324316559945088
2024.06.28,600025.SH,0.21152599429335178
2024.06.28,600027.SH,0.48909760039704153
2024.06.28,600016.SH,0.036280557345369564
2024.06.28,000046.SZ,0.0038965557934082322
2024.06.28,600006.SH,0.2026383793729592
2024.06.28,000045.SZ,0.0937844106112365
2024.06.28,600000.SH,0.060714344423526245
2024.06.28,000025.SZ,0.047580056750176083
2024.06.28,600003.SH,0.18040195152537283
2024.06.28,000013.SZ,0.05369083097575363
2024.06.28,000041.SZ,0.17604751696325555
2024.06.28,600024.SH,0.01593218847354892
2024.06.28,000043.SZ,0.12164266357025788
2024.06.28,000012.SZ,0.027995495022575936
2024.06.28,600046.SH,0.059939501287237386
2024.06.28,600015.SH,0.07756124072637804
2024.06.28,000004.SZ,0.005065746555200319
2024.06.28,000015.SZ,0.05078192936253628
2024.06.28,000003.SZ,0.010477453433813348
2024.06.28,000019.SZ,0.29916652210392053
2024.06.28,600041.SH,0.314121324064793
2024.06.28,600036.SH,0.0204673127463381
2024.06.28,600049.SH,0.06257011708239364
2024.06.28,000036.SZ,0.2369100950365291
2024.06.28,000038.SZ,0.003307316078981207
2024.06.28,600023.SH,0.07247447706579263
2024.06.28,600031.SH,0.07573401420610724
2024.06.28,600047.SH,0.03438868254762286
2024.06.28,000033.SZ,0.10123333937500982
2024.06.28,600040.SH,0.22320141935036278
2024.06.28,000050.SZ,0.052634444324047576
2024.06.28,000001.SZ,0.2393163714105376
2024.06.28,000049.SZ,0.06753541628769537
2024.06.28,600035.SH,0.12572408947099364
2024.06.28,000002.SZ,0.07963986679965306
2024.06.28,600017.SH,0.045531369678547
2024.06.28,600019.SH,0.0550901653323421
2024.06.28,600021.SH,0.11914490433709875
2024.06.28,600048.SH,0.08650378955896021
2024.06.28,000035.SZ,0.2137042515811472
2024.06.28,000005.SZ,0.15523356154458617
2024.06.28,600011.SH,0.10519628795428318
2024.06.28,000007.SZ,0.03651127226457526
2024.06.28,000039.SZ,0.24144646266925884
2024.06.28,000014.SZ,0.17480540828535748
2024.06.28,600042.SH,0.011553487769495949
2024.06.28,000027.SZ,0.009315467745909864
2024.06.28,600002.SH,0.20545695302366285
2024.06.28,600007.SH,0.12486323183569668
2024.06.28,000009.SZ,0.12307532891001538
2024.06.28,000020.SZ,0.10273454303726284
2024.06.28,000037.SZ,0.036217184227606405
2024.06.28,000024.SZ,0.01741951636228876
2024.06.28,600038.SH,0.17005749070164736
2024.06.28,000021.SZ,0.01711207113353359
2024.06.28,600045.SH,0.24153288854414168
2024.06.28,600022.SH,0.2751179151609255
2024.06.28,600009.SH,0.16882186550787004
2024.06.28,000018.SZ,0.008717128845549664
2024.06.28,600005.SH,0.011202728324219762
2024.06.28,600034.SH,0.0084033055377384
2024.06.28,600020.SH,0.21459633854629062
2024.06.28,600037.SH,0.12852289445064208
2024.06.28,600028.SH,0.008481060758528915
2024.06.28,000006.SZ,0.12607313574491352
2024.06.28,600001.SH,0.12145931973868383
2024.07.01,600008.SH,0.07091941580650563
2024.07.01,600004.SH,0.4470232585937129
2024.07.01,600048.SH,0.07212816410474818
2024.07.01,600018.SH,0.26203792364003037
2024.07.01,000021.SZ,0.020176134698104014
2024.07.01,000020.SZ,0.0908266564192484
2024.07.01,600046.SH,0.8613042754588737
2024.07.01,000046.SZ,0.07123678702903617
2024.07.01,600006.SH,0.15927505463387656
2024.07.01,600014.SH,0.010607070230604029
2024.07.01,600015.SH,0.14123302769510132
2024.07.01,000027.SZ,0.1731638215762004
2024.07.01,600039.SH,0.13076423652140823
2024.07.01,600047.SH,0.32382795984496754
2024.07.01,600010.SH,0.10397411821080445
2024.07.01,600003.SH,0.06240621568338102
2024.07.01,000004.SZ,0.00024300704337122894
2024.07.01,000012.SZ,0.3495714280135804
2024.07.01,000008.SZ,0.2852529169264137
2024.07.01,600023.SH,0.11214796171542273
2024.07.01,000014.SZ,0.02052360466010449
2024.07.01,000009.SZ,0.1380481119601882
2024.07.01,000037.SZ,0.21376166639875044
2024.07.01,600002.SH,0.04824080954253023
2024.07.01,600035.SH,0.07657473286552688
2024.07.01,000011.SZ,0.052950034223182806
2024.07.01,600034.SH,0.05733227602553252
2024.07.01,000043.SZ,0.033375205152827485
2024.07.01,000007.SZ,0.039372980157051894
2024.07.01,600028.SH,0.03841923496886936
2024.07.01,600042.SH,0.09645131960332011
2024.07.01,600044.SH,0.09228079582088115
2024.07.01,600025.SH,0.31912774610957795
2024.07.01,000010.SZ,0.10424985750780635
2024.07.01,000001.SZ,0.050918807838323164
2024.07.01,000025.SZ,0.05088898266219525
2024.07.01,000047.SZ,0.056547352898587575
2024.07.01,000016.SZ,0.18161501189739154
2024.07.01,600022.SH,0.02073425502220626
2024.07.01,000049.SZ,0.009688138348268451
2024.07.01,000029.SZ,0.030857129869391372
2024.07.01,600007.SH,0.1321596454201023
2024.07.01,600032.SH,0.10414185213238733
2024.07.01,600021.SH,0.09260445835050893
2024.07.01,000048.SZ,0.03630200432777534
2024.07.01,000018.SZ,0.018137599885740607
2024.07.01,000002.SZ,0.03147436610031681
2024.07.01,600045.SH,0.004342559667202283
2024.07.01,000035.SZ,0.0786801409793244
2024.07.01,000032.SZ,0.2379917274815163
2024.07.01,000036.SZ,0.22397102771161453
2024.07.01,600037.SH,0.023253211811551093
2024.07.01,600005.SH,0.10829710445631086
2024.07.01,000005.SZ,0.11068305197870189
2024.07.01,600000.SH,0.0328467504801464
2024.07.01,000041.SZ,0.1647165176548868
2024.07.01,600033.SH,0.14475679983408524
2024.07.01,000024.SZ,0.22031167949578948
2024.07.01,000006.SZ,0.15498989742741315
2024.07.01,000017.SZ,0.04356023085844712
2024.07.01,000023.SZ,0.29493282911977026
2024.07.01,600001.SH,0.22075165528552454
2024.07.01,600030.SH,0.06078265566542849
2024.07.01,000030.SZ,0.1232015915155553
2024.07.01,000034.SZ,0.06490226396801785
2024.07.01,000040.SZ,0.05330509351835186
2024.07.01,000042.SZ,0.12778687097286287
2024.07.01,600009.SH,0.10292120559758651
2024.07.01,000003.SZ,0.49749948143850636
2024.07.01,000050.SZ,0.24104404242453148
2024.07.01,000013.SZ,0.1855263437793365
2024.07.01,000022.SZ,0.20746905302812524
2024.07.01,000038.SZ,0.054221296802358994
2024.07.01,000031.SZ,0.37481054064059344
2024.07.01,000039.SZ,0.03752903773642468
2024.07.01,600043.SH,0.05595036434724921
2024.07.01,600019.SH,0.08921038232474779
2024.07.01,000033.SZ,0.099815290035304
2024.07.01,600012.SH,0.23050581247978177
2024.07.01,600013.SH,0.023701239999939006
2024.07.01,000019.SZ,0.021130085995698437
2024.07.01,600040.SH,0.04543373327606452
2024.07.01,000028.SZ,0.052858895221769495
2024.07.01,600031.SH,0.013546245552124253
2024.07.01,600024.SH,0.031205414893576047
2024.07.01,600049.SH,0.03019435626643673
2024.07.01,000026.SZ,0.01962364401796229
2024.07.01,600027.SH,0.06360399748989533
2024.07.01,600017.SH,0.16703989213962905
2024.07.01,000045.SZ,0.18690045480935458
2024.07.01,600016.SH,0.17578359295784313
2024.07.01,600029.SH,0.09118892739618058
2024.07.01,600020.SH,0.07855563801456536
2024.07.01,000044.SZ,0.13590142581699965
2024.07.01,000015.SZ,0.04008604092079985
2024.07.01,600041.SH,0.12683222650147594
2024.07.02,600005.SH,0.12028701093260638
2024.07.02,600032.SH,0.13763820515944267
2024.07.02,000003.SZ,0.01974171801983495
2024.07.02,000049.SZ,0.036855713530647614
2024.07.02,600015.SH,0.11430619583097755
2024.07.02,000039.SZ,0.1674966227563463
2024.07.02,000044.SZ,0.08477000220004285
2024.07.02,600026.SH,0.0350558503741004
2024.07.02,600022.SH,0.012555592506453401
2024.07.02,000010.SZ,0.004361449896690496
2024.07.02,600000.SH,0.2444434414174294
2024.07.02,600008.SH,0.15211974826678043
2024.07.02,600025.SH,0.042316093858022645
2024.07.02,600038.SH,0.03021756267387839
2024.07.02,600048.SH,0.012487602194407855
2024.07.02,600004.SH,0.1659449217959369
2024.07.02,000026.SZ,0.006461708265635572
2024.07.02,000013.SZ,0.17524755611587844
2024.07.02,600042.SH,0.41953554096903295
2024.07.02,000004.SZ,0.10750589831960196
2024.07.02,000023.SZ,0.024692234558955542
2024.07.02,600033.SH,0.3796512867237434
2024.07.02,000020.SZ,0.033319069365208544
2024.07.02,000006.SZ,0.06113254118499264
2024.07.02,000046.SZ,0.00303725852155113
2024.07.02,000009.SZ,0.08490292176116324
2024.07.02,600047.SH,0.09210399778734245
2024.07.02,600029.SH,0.11523594256759766
2024.07.02,000002.SZ,0.1656990373700985
2024.07.02,000011.SZ,0.03304553303074098
2024.07.02,000036.SZ,0.06854369023214453
2024.07.02,000029.SZ,0.040764109258681756
2024.07.02,000014.SZ,0.046626322769961225
2024.07.02,000018.SZ,0.2795912141620301
2024.07.02,000041.SZ,0.300760849129275
2024.07.02,000025.SZ,0.38810514443228156
2024.07.02,000012.SZ,0.1775167294842585
2024.07.02,000024.SZ,0.04919499400964369
2024.07.02,600036.SH,0.19110258623556517
2024.07.02,000027.SZ,0.016436357598351464
2024.07.02,600011.SH,0.1229110148830215
2024.07.02,600040.SH,0.03790933972158604
2024.07.02,000031.SZ,0.1031215169025561
2024.07.02,600046.SH,0.004876816636126825
2024.07.02,600044.SH,0.0036693484492669936
2024.07.02,000007.SZ,0.006307878658059251
2024.07.02,600018.SH,0.11362015587500125
2024.07.02,000005.SZ,0.1670519884478709
2024.07.02,600006.SH,0.10201087048352647
2024.07.02,600031.SH,0.19807216032836156
2024.07.02,000047.SZ,0.030710247092281876
2024.07.02,000019.SZ,0.1358562629325658
2024.07.02,600043.SH,0.013912811794151405
2024.07.02,000017.SZ,0.046671327488394435
2024.07.02,000042.SZ,0.013624416961720127
2024.07.02,600039.SH,0.14018583178485436
2024.07.02,600028.SH,0.2687487112934839
2024.07.02,600019.SH,0.04377410280479009
2024.07.02,600007.SH,0.19544714022787965
2024.07.02,000033.SZ,0.05135073224425036
2024.07.02,000032.SZ,0.3889383184034111
2024.07.02,000016.SZ,0.2781992583734056
2024.07.02,000035.SZ,0.07279220119326335
2024.07.02,600020.SH,0.13583841815572384
2024.07.02,000028.SZ,0.11516377430863972
2024.07.02,000022.SZ,0.026952618845878105
2024.07.02,600037.SH,0.004589328576270607
2024.07.02,600027.SH,0.05402824040796349
2024.07.02,600023.SH,0.1836745814640272
2024.07.02,600001.SH,0.028126091621314405
2024.07.02,000043.SZ,0.011515371019920454
2024.07.02,600035.SH,0.023629564157362597
2024.07.02,600014.SH,0.03982220855921683
2024.07.02,000034.SZ,0.03917872120910681
2024.07.02,600016.SH,0.04311001143748884
2024.07.02,600012.SH,0.01955562924606442
2024.07.02,600034.SH,0.03908195469218765
2024.07.02,000040.SZ,0.033221968972472316
2024.07.02,000008.SZ,0.15445979753539038
2024.07.02,600009.SH,0.1004330994974653
2024.07.02,600030.SH,0.045884987428778376
2024.07.02,600021.SH,0.0691405525703343
2024.07.02,000050.SZ,0.1564630285850245
2024.07.02,000048.SZ,0.11067390575782961
2024.07.02,600024.SH,0.07088589247026292
2024.07.02,600045.SH,0.06312967503915182
2024.07.02,000030.SZ,0.08109288628482601
2024.07.02,600041.SH,0.38951644823473186
2024.07.02,000001.SZ,0.05938774139217398
2024.07.02,600010.SH,0.009873779868630632
2024.07.02,600049.SH,0.14841678572746894
2024.07.02,600017.SH,0.07709573894935817
2024.07.02,000021.SZ,0.08686015488069171
2024.07.02,000015.SZ,0.08713878663659712
2024.07.02,000045.SZ,0.07137241258640668
2024.07.02,000037.SZ,0.015351082371827293
2024.07.02,000038.SZ,0.012006594240787549
2024.07.02,600002.SH,0.13314428259683017
2024.07.03,600021.SH,0.21626197204057587
2024.07.03,600000.SH,0.0472604653676963
2024.07.03,000008.SZ,0.5402885728690515
2024.07.03,600017.SH,0.1572101384896609
2024.07.03,000034.SZ,0.22960361975807897
2024.07.03,600038.SH,0.03655371371066859
2024.07.03,000014.SZ,0.16915825743948182
2024.07.03,600035.SH,0.09711898341056531
2024.07.03,000036.SZ,0.011356418038744227
2024.07.03,600029.SH,0.025972686041638653
2024.07.03,000043.SZ,0.020422922669502037
2024.07.03,600016.SH,0.019098080213036443
2024.07.03,000040.SZ,0.004205982217077663
2024.07.03,600001.SH,0.3250019046560636
2024.07.03,600013.SH,0.030619993146183983
2024.07.03,600024.SH,0.09211214127313438
2024.07.03,000002.SZ,0.13264618512385282
2024.07.03,000031.SZ,0.027245705317127295
2024.07.03,000016.SZ,0.18412239558055346
2024.07.03,600010.SH,0.15530630527208028
2024.07.03,600042.SH,0.12623850077254856
2024.07.03,000022.SZ,0.07335822561116281
2024.07.03,600019.SH,0.015113794469337092
2024.07.03,000045.SZ,0.026648291054086615
2024.07.03,600008.SH,0.02934662830593305
2024.07.03,600045.SH,0.015693104751099855
2024.07.03,000039.SZ,0.033268135175554964
2024.07.03,000003.SZ,0.024520316909778735
2024.07.03,000030.SZ,0.02026569753553311
2024.07.03,600037.SH,0.3368438024758592
2024.07.03,600022.SH,0.07767955707922596
2024.07.03,000019.SZ,0.013814108384607521
2024.07.03,000046.SZ,0.09506051689751863
2024.07.03,000007.SZ,0.06268572427800675
2024.07.03,000050.SZ,0.1892188723162543
2024.07.03,000025.SZ,0.2335114445113714
2024.07.03,000004.SZ,0.07021488964421736
2024.07.03,600027.SH,0.0164568608527815
2024.07.03,000029.SZ,0.018324433764042466
2024.07.03,000042.SZ,0.29975227254988224
2024.07.03,000012.SZ,0.2676196043518104
2024.07.03,600030.SH,0.020960263936565277
2024.07.03,600007.SH,0.18317513603184785
2024.07.03,000021.SZ,0.11663299504897014
2024.07.03,600046.SH,0.07438080124375514
2024.07.03,000013.SZ,0.007781800068059123
2024.07.03,600003.SH,0.06137387641437259
2024.07.03,000026.SZ,0.08995582424363685
2024.07.03,600018.SH,0.5361275787347383
2024.07.03,600049.SH,0.2868448426943582
2024.07.03,000032.SZ,0.11494530713179148
2024.07.03,000018.SZ,0.039252596653715534
2024.07.03,600033.SH,0.1613809723132329
2024.07.03,600048.SH,0.1122906341014227
2024.07.03,000037.SZ,0.3491268265054585
2024.07.03,000027.SZ,0.06983293951667635
2024.07.03,600044.SH,0.0877562326868363
2024.07.03,000009.SZ,0.011553276187536031
2024.07.03,600036.SH,0.15680966873908841
2024.07.03,600011.SH,0.0009268757869124796
2024.07.03,000024.SZ,0.07536285288498973
2024.07.03,600002.SH,0.020431751584611656
2024.07.03,000015.SZ,0.18553073904934386
2024.07.03,000023.SZ,0.22151133228339406
2024.07.03,600023.SH,0.13269321108280605
2024.07.03,600015.SH,0.3064143549160754
2024.07.03,600014.SH,0.07018648250773958
2024.07.03,000017.SZ,0.3380886380913087
2024.07.03,000044.SZ,0.8733962236122104
2024.07.03,000048.SZ,0.00201551567247997
2024.07.03,600025.SH,0.045125409957909694
2024.07.03,000011.SZ,0.014846857593506032
2024.07.03,600012.SH,0.13726619547137242
2024.07.03,600009.SH,0.41004227395758275
2024.07.03,600005.SH,0.018826091801158667
2024.07.03,000049.SZ,0.05685504855240685
2024.07.03,000001.SZ,0.12281383607381809
2024.07.03,000047.SZ,0.3635842060226128
2024.07.03,000038.SZ,0.18273068671678996
2024.07.03,000033.SZ,0.07421212357130345
2024.07.03,600041.SH,0.5224734519019922
2024.07.03,000020.SZ,0.24596018953821863
2024.07.03,600047.SH,0.0931652930498587
2024.07.03,600028.SH,0.43352991857951273
2024.07.03,000041.SZ,0.09653613271398274
2024.07.03,600031.SH,0.05054293165389489
2024.07.03,000006.SZ,0.11108298174247858
2024.07.03,600032.SH,0.11211539132707299
2024.07.03,600040.SH,0.14004299689300384
2024.07.03,000028.SZ,0.07650241385313314
2024.07.03,600020.SH,0.20438632417143435
2024.07.03,600006.SH,0.30265767031700297
2024.07.03,600043.SH,0.11595987124388031
2024.07.03,000010.SZ,0.07821795858297806
2024.07.03,600026.SH,0.10059161936940988
2024.07.03,000005.SZ,0.13541173607627424
2024.07.04,600015.SH,0.19625576335895828
2024.07.04,600014.SH,0.31892629301679637
2024.07.04,600043.SH,0.035112545333795805
2024.07.04,000028.SZ,0.06514603812601936
2024.07.04,600023.SH,0.20150735009880943
2024.07.04,000049.SZ,0.01310958703850669
2024.07.04,000038.SZ,0.018694406548342153
2024.07.04,000047.SZ,0.041075941834390256
2024.07.04,600002.SH,0.03641429066484252
2024.07.04,600017.SH,0.028582532523947286
2024.07.04,600019.SH,0.08056128674936917
2024.07.04,000032.SZ,0.44512522594842746
2024.07.04,000033.SZ,0.07921124935963185
2024.07.04,000043.SZ,0.03367577338479874
2024.07.04,000002.SZ,0.1240524119116164
2024.07.04,600046.SH,0.059423505535597346
2024.07.04,600036.SH,0.0114467077423894
2024.07.04,600005.SH,0.15633268873427705
2024.07.04,600027.SH,0.03350686664058726
2024.07.04,600029.SH,0.014566392023753726
2024.07.04,600010.SH,0.0036536275149104177
2024.07.04,600007.SH,0.08731086796469233
2024.07.04,000013.SZ,0.042941092856769315
2024.07.04,000037.SZ,0.0301887282948511
2024.07.04,000019.SZ,0.03495267964774942
2024.07.04,600037.SH,0.2504158276891355
2024.07.04,000034.SZ,0.05283829695090783
2024.07.04,600018.SH,0.03216382793349721
2024.07.04,000035.SZ,0.2761776485568052
2024.07.04,600009.SH,0.010184192727971322
2024.07.04,000014.SZ,0.08155266397352472
2024.07.04,600039.SH,0.12412579294136045
2024.07.04,600012.SH,0.015149504986309308
2024.07.04,000003.SZ,0.02412172260244435
2024.07.04,000018.SZ,0.12830371321357442
2024.07.04,600035.SH,0.11659877584934542
2024.07.04,600013.SH,0.030019713293617387
2024.07.04,000022.SZ,0.0689713491894473
2024.07.04,600006.SH,0.47341780264038547
2024.07.04,000008.SZ,0.3694774309938855
2024.07.04,600033.SH,0.01978813657340389
2024.07.04,600003.SH,0.3502841244293861
2024.07.04,600004.SH,0.13383618307153536
2024.07.04,000006.SZ,0.44671136653154575
2024.07.04,000004.SZ,0.07530462011497407
2024.07.04,000001.SZ,0.008971331428676444
2024.07.04,600049.SH,0.48071226656958693
2024.07.04,600028.SH,0.0019689322706152594
2024.07.04,600047.SH,0.20354069651755116
2024.07.04,000029.SZ,0.22592980727743026
2024.07.04,600045.SH,0.11355600354242743
2024.07.04,600000.SH,0.11149269924036397
2024.07.04,000046.SZ,0.1174913634234412
2024.07.04,600022.SH,0.28489360823682824
2024.07.04,600031.SH,0.32822193719472037
2024.07.04,600016.SH,0.010270232456796933
2024.07.04,600008.SH,0.14192937703223177
2024.07.04,600044.SH,0.15455970803999494
2024.07.04,600032.SH,0.004730504924229225
2024.07.04,000020.SZ,0.08986216781372758
2024.07.04,000039.SZ,0.3534942483258371
2024.07.04,000042.SZ,0.043348679538246705
2024.07.04,000009.SZ,0.04154831149915859
2024.07.04,600030.SH,0.3014673163359777
2024.07.04,000036.SZ,0.05622048960345045
2024.07.04,600011.SH,0.31182026669701174
2024.07.04,000023.SZ,0.12693731707958694
2024.07.04,000015.SZ,0.1409000008023079
2024.07.04,000026.SZ,0.25489185105840645
2024.07.04,000007.SZ,0.11693102544963459
2024.07.04,000030.SZ,0.07876550885642496
2024.07.04,000017.SZ,0.12513408221773992
2024.07.04,000040.SZ,0.00436699899972664
2024.07.04,600042.SH,0.07498057094907624
2024.07.04,600034.SH,0.216599496465014
2024.07.04,600048.SH,0.1485171163503325
2024.07.04,000050.SZ,0.25375334057825916
2024.07.04,000031.SZ,0.026794589111881807
2024.07.04,000045.SZ,0.01251668558881835
2024.07.04,600025.SH,0.07181204362020771
2024.07.04,000024.SZ,0.12355879204148261
2024.07.04,000025.SZ,0.15331005225707103
2024.07.04,000041.SZ,0.05811739115360917
2024.07.04,000010.SZ,0.009595747673602318
2024.07.04,600026.SH,0.1549889550193029
2024.07.04,600041.SH,0.013663466306693916
2024.07.04,600001.SH,0.14380738678959223
2024.07.04,000048.SZ,0.15719648075368206
2024.07.04,000005.SZ,0.0834855161850619
2024.07.04,000016.SZ,0.4958908372493305
2024.07.04,600021.SH,0.055547857713930636
2024.07.04,000012.SZ,0.22465956882907992
2024.07.04,600020.SH,0.16749621200824857
2024.07.04,000011.SZ,0.5907025639977153
2024.07.04,000044.SZ,0.22511681097508576
2024.07.04,600024.SH,0.07165926976857197
2024.07.04,000021.SZ,0.11016178010910353
2024.07.05,000021.SZ,0.0789826740904729
2024.07.05,000019.SZ,0.0015081974288455738
2024.07.05,000022.SZ,0.018981402210169227
2024.07.05,600007.SH,0.12192729744281605
2024.07.05,600035.SH,0.07264012135338557
2024.07.05,000008.SZ,0.2517366564788736
2024.07.05,000013.SZ,0.2166248434703422
2024.07.05,000038.SZ,0.18428236120256006
2024.07.05,000041.SZ,0.254599131969421
2024.07.05,600015.SH,0.11287499833724081
2024.07.05,000036.SZ,0.260144890400869
2024.07.05,000045.SZ,0.08193178747417981
2024.07.05,600022.SH,0.28832480597431787
2024.07.05,000011.SZ,0.0012223639505568097
2024.07.05,000028.SZ,0.18375800596160843
2024.07.05,600030.SH,0.2495524237639086
2024.07.05,600032.SH,0.027485101861376083
2024.07.05,000010.SZ,0.2017058057523345
2024.07.05,000016.SZ,0.12515550451497898
2024.07.05,600003.SH,0.011199238391359544
2024.07.05,000003.SZ,0.2249714978789398
2024.07.05,600048.SH,0.010981975639805361
2024.07.05,600045.SH,0.04840886104573124
2024.07.05,000030.SZ,0.005928438498196879
2024.07.05,000017.SZ,0.14436200231951143
2024.07.05,000014.SZ,0.08384187967329647
2024.07.05,600011.SH,0.3738338116091561
2024.07.05,600046.SH,0.011250637956864006
2024.07.05,600016.SH,0.051838706861866354
2024.07.05,000048.SZ,0.19767472907112188
2024.07.05,600006.SH,0.16215721408602213
2024.07.05,000043.SZ,0.08384407687412826
2024.07.05,600017.SH,0.17864396195479554
2024.07.05,000040.SZ,0.013062600144911908
2024.07.05,600026.SH,0.004094255571657022
2024.07.05,600027.SH,0.03380779357658152
2024.07.05,000037.SZ,0.10006406294326589
2024.07.05,000029.SZ,0.006262414492236015
2024.07.05,600034.SH,0.1677185542513388
2024.07.05,600020.SH,0.1842027401030931
2024.07.05,000004.SZ,0.22849300461319655
2024.07.05,600008.SH,0.12633567960555728
2024.07.05,600043.SH,0.014928521697921346
2024.07.05,000034.SZ,0.2517781113345893
2024.07.05,000001.SZ,0.026445475572788906
2024.07.05,600049.SH,0.4537074058123423
2024.07.05,600025.SH,0.16994106819172994
2024.07.05,600028.SH,0.15081229839211135
2024.07.05,600047.SH,0.20058988254372812
2024.07.05,000031.SZ,0.006995740184825219
2024.07.05,600029.SH,0.22979872895114012
2024.07.05,000025.SZ,0.02815029843960481
2024.07.05,000039.SZ,0.05021869077007974
2024.07.05,600002.SH,0.4055383305154511
2024.07.05,600010.SH,0.16473902922730488
2024.07.05,000023.SZ,0.05211748321149689
2024.07.05,600039.SH,0.01758842292024211
2024.07.05,600013.SH,0.1252805037389658
2024.07.05,600033.SH,0.060575903077656146
2024.07.05,000026.SZ,0.06023459364213177
2024.07.05,000007.SZ,0.0949625783964354
2024.07.05,600000.SH,0.04417358758544166
2024.07.05,000009.SZ,0.01464978443704729
2024.07.05,000006.SZ,0.12004746464346873
2024.07.05,600037.SH,0.08367492966907927
2024.07.05,000012.SZ,0.08284467969547035
2024.07.05,600038.SH,0.02704815090969659
2024.07.05,600012.SH,0.12242713668830592
2024.07.05,600040.SH,0.12034350237675404
2024.07.05,000018.SZ,0.006897696736006631
2024.07.05,000005.SZ,0.2954156056415889
2024.07.05,600023.SH,0.2835230746817378
2024.07.05,000015.SZ,0.0018071282010341738
2024.07.05,000020.SZ,0.006553610089959912
2024.07.05,000049.SZ,0.017373869129047804
2024.07.05,600042.SH,0.09680118588488104
2024.07.05,600041.SH,0.1158875424474126
2024.07.05,600024.SH,0.6707348809148591
2024.07.05,600004.SH,0.3420759750135916
2024.07.05,000050.SZ,0.08736652613136932
2024.07.05,600019.SH,0.028860823313481335
2024.07.05,000032.SZ,0.009864957780926222
2024.07.05,000047.SZ,0.06629850260486717
2024.07.05,000042.SZ,0.13056507654372768
2024.07.05,000046.SZ,0.022207530256155197
2024.07.05,600018.SH,0.038060045471442865
2024.07.05,000044.SZ,0.041060886592931695
2024.07.05,000027.SZ,0.22754783117579228
2024.07.05,600036.SH,0.15958816887485977
2024.07.05,000002.SZ,0.0453666128041642
2024.07.05,600009.SH,0.041935370197649584
2024.07.05,600044.SH,0.06132569247794668
2024.07.05,000033.SZ,0.13232376055408585
2024.07.05,600021.SH,0.00282986776026091
2024.07.05,000024.SZ,0.0021141866525856757
2024.07.05,600014.SH,0.09313865627392433
2024.07.05,600001.SH,0.1872419771060776
2024.07.08,600015.SH,0.015180056204750863
2024.07.08,600044.SH,0.04472531891341633
2024.07.08,600045.SH,0.33412784289248093
2024.07.08,600035.SH,0.14399909475319
2024.07.08,600030.SH,0.0720927305770302
2024.07.08,000042.SZ,0.04040001032374837
2024.07.08,000010.SZ,0.09041829953946837
2024.07.08,000017.SZ,0.011506859016608013
2024.07.08,600013.SH,0.03493371162585899
2024.07.08,600022.SH,0.1397084324078411
2024.07.08,600009.SH,0.0030747853851323614
2024.07.08,000034.SZ,0.03284426697380275
2024.07.08,000012.SZ,0.13616843319021918
2024.07.08,000022.SZ,0.0520829176310061
2024.07.08,000029.SZ,0.1457919462485169
2024.07.08,000047.SZ,0.20777058338478788
2024.07.08,000007.SZ,0.022259924770559054
2024.07.08,000006.SZ,0.16104736909688927
2024.07.08,600040.SH,0.04655453719246386
2024.07.08,000036.SZ,0.055975529968202244
2024.07.08,000049.SZ,0.15899567232465267
2024.07.08,600006.SH,0.1284711984810361
2024.07.08,000013.SZ,0.07022658560046492
2024.07.08,000048.SZ,0.09831543814281767
2024.07.08,000046.SZ,0.11889271900856692
2024.07.08,600037.SH,0.10093548193813881
2024.07.08,600028.SH,0.08056705971208329
2024.07.08,600026.SH,0.09728030662818717
2024.07.08,000030.SZ,0.03195421845192606
2024.07.08,600032.SH,0.1607963600575639
2024.07.08,000044.SZ,0.3500727823088123
2024.07.08,600027.SH,0.003228049748883084
2024.07.08,000045.SZ,0.1891726624950189
2024.07.08,600048.SH,0.06160633278968857
2024.07.08,600021.SH,0.004227329368278742
2024.07.08,600001.SH,0.0761645088286798
2024.07.08,000032.SZ,0.16890291127007082
2024.07.08,000001.SZ,0.022437108707910453
2024.07.08,600019.SH,0.04714918126717509
2024.07.08,600007.SH,0.14790350675001399
2024.07.08,000016.SZ,0.035982443940861954
2024.07.08,600043.SH,0.10999086856549596
2024.07.08,600029.SH,0.0687382555101954
2024.07.08,000004.SZ,0.0036752434928528986
2024.07.08,000033.SZ,0.09491562761689185
2024.07.08,000035.SZ,0.10406696434757305
2024.07.08,600024.SH,0.36724135672143776
2024.07.08,600036.SH,0.05100290410881668
2024.07.08,000020.SZ,0.10677450037407202
2024.07.08,600017.SH,0.03365842260523527
2024.07.08,000002.SZ,0.04458430296840504
2024.07.08,600010.SH,0.0500309553467312
2024.07.08,000008.SZ,0.011417938479927444
2024.07.08,000021.SZ,0.020418400629782955
2024.07.08,000027.SZ,0.08113091276054009
2024.07.08,000003.SZ,0.07184216761556604
2024.07.08,000015.SZ,0.08428541412391241
2024.07.08,000026.SZ,0.10898543715051656
2024.07.08,600002.SH,0.1590290988732732
2024.07.08,600020.SH,0.031695728504729404
2024.07.08,000025.SZ,0.14826184605442969
2024.07.08,600047.SH,0.00306665110698743
2024.07.08,600031.SH,0.012012143228612052
2024.07.08,600012.SH,0.007177909125604175
2024.07.08,600034.SH,0.030056651970353516
2024.07.08,000040.SZ,0.09767713744531092
2024.07.08,000011.SZ,0.020493876410672584
2024.07.08,600004.SH,0.23891774511253994
2024.07.08,600041.SH,0.03365097261874948
2024.07.08,000014.SZ,0.40154956146994997
2024.07.08,000043.SZ,0.06331253874494448
2024.07.08,000018.SZ,0.012003837318403663
2024.07.08,600014.SH,0.21027435851076956
2024.07.08,000031.SZ,0.1745764277900348
2024.07.08,000019.SZ,0.20941243703552617
2024.07.08,000050.SZ,0.22706028777379295
2024.07.08,600023.SH,0.021616766343552037
2024.07.08,000009.SZ,0.17423822988268953
2024.07.08,600025.SH,0.0062593062892055875
2024.07.08,600018.SH,0.15807253202188096
2024.07.08,600005.SH,0.1228265067225105
2024.07.08,000037.SZ,0.08125295656601211
2024.07.08,000028.SZ,0.10269841667288106
2024.07.08,600039.SH,0.06666324406012586
2024.07.08,000041.SZ,0.03240411534011087
2024.07.08,600038.SH,0.07868778794635753
2024.07.08,600042.SH,0.5325706997758305
2024.07.08,600033.SH,0.16326159974541316
2024.07.08,000024.SZ,0.07053730145188808
2024.07.08,000005.SZ,0.0005098280614267981
2024.07.08,000038.SZ,0.24031363093225416
2024.07.08,600008.SH,0.2655624474800503
2024.07.08,600000.SH,0.2244601560799347
2024.07.08,000039.SZ,0.04706622045780973
2024.07.08,600046.SH,0.0008090594413094947
2024.07.08,600049.SH,0.6500209767879744
2024.07.09,600024.SH,0.04960426728353872
2024.07.09,600046.SH,0.2565471203874602
2024.07.09,600000.SH,0.26742710277350756
2024.07.09,000018.SZ,0.057696344339564
2024.07.09,600032.SH,0.01106481497023562
2024.07.09,600043.SH,0.009059084841468806
2024.07.09,600021.SH,0.15123836442869754
2024.07.09,600022.SH,0.02635147852026044
2024.07.09,600013.SH,0.152763231323346
2024.07.09,600027.SH,0.2719974302138627
2024.07.09,000019.SZ,0.057094162531902665
2024.07.09,000026.SZ,0.038500626068628994
2024.07.09,000004.SZ,0.056629546308841566
2024.07.09,600038.SH,0.05330273046299884
2024.07.09,000030.SZ,0.05336452449183214
2024.07.09,600010.SH,0.17489461601794673
2024.07.09,600009.SH,0.057090480767911726
2024.07.09,000041.SZ,0.0028784204940935226
2024.07.09,600049.SH,0.23169293109772332
2024.07.09,000020.SZ,0.28264185377541035
2024.07.09,600019.SH,0.06320687969763071
2024.07.09,600004.SH,0.0731505657951616
2024.07.09,000021.SZ,0.14092686746825253
2024.07.09,600006.SH,0.09231394567529252
2024.07.09,600002.SH,0.0497601938418472
2024.07.09,600031.SH,0.07960538977974155
2024.07.09,000028.SZ,0.3578415511904798
2024.07.09,000022.SZ,0.004331944652612036
2024.07.09,600017.SH,0.24472653072452705
2024.07.09,000048.SZ,0.11869007648709122
2024.07.09,600033.SH,0.32700043667898593
2024.07.09,000006.SZ,0.00819992878948889
2024.07.09,000038.SZ,0.30712131054621805
2024.07.09,000049.SZ,0.11388280180122608
2024.07.09,600003.SH,0.14651318277358266
2024.07.09,000040.SZ,0.1442193313908836
2024.07.09,600042.SH,0.05202074214128252
2024.07.09,000012.SZ,0.24412229182390363
2024.07.09,600036.SH,0.011432712044359597
2024.07.09,000036.SZ,0.10276076595881592
2024.07.09,600045.SH,0.04457801864008802
2024.07.09,000044.SZ,0.011110914009793133
2024.07.09,000050.SZ,0.2594710986366379
2024.07.09,000037.SZ,0.07466806457649745
2024.07.09,600035.SH,0.2043167601083928
2024.07.09,600047.SH,0.0815794983810717
2024.07.09,600015.SH,0.30594666362351564
2024.07.09,000033.SZ,0.05735382751316855
2024.07.09,600023.SH,0.07063978331490613
2024.07.09,000005.SZ,0.4140063991751845
2024.07.09,000016.SZ,0.03030495799070058
2024.07.09,600034.SH,0.09651603465439494
2024.07.09,000031.SZ,0.13341885541736492
2024.07.09,600037.SH,0.01557373392964652
2024.07.09,600030.SH,0.02840685654407507
2024.07.09,000025.SZ,0.09335987243236407
2024.07.09,600012.SH,0.22955572675568287
2024.07.09,000045.SZ,0.30650439206920826
2024.07.09,600029.SH,0.1435018306037544
2024.07.09,000015.SZ,0.38029598041537377
2024.07.09,000003.SZ,0.5046914753035804
2024.07.09,000034.SZ,0.34064270712909145
2024.07.09,000007.SZ,0.05668781249652531
2024.07.09,600005.SH,0.32893137896671
2024.07.09,000046.SZ,0.12538371101833778
2024.07.09,000029.SZ,0.0021995785991440714
2024.07.09,600041.SH,0.08677452086845393
2024.07.09,000010.SZ,0.02110666921095534
2024.07.09,000014.SZ,0.020805490272750318
2024.07.09,000024.SZ,0.03230393532421471
2024.07.09,600025.SH,0.07475534982934068
2024.07.09,600026.SH,0.09113761190300537
2024.07.09,000008.SZ,0.31112059289735067
2024.07.09,600008.SH,0.36611347408238426
2024.07.09,600001.SH,0.011846524621618936
2024.07.09,600028.SH,0.10864247132879182
2024.07.09,000002.SZ,0.09821340729377474
2024.07.09,600011.SH,0.10995190368823188
2024.07.09,600016.SH,0.2040747260466493
2024.07.09,000032.SZ,0.10419570961126708
2024.07.09,000009.SZ,0.1904887636857841
2024.07.09,600020.SH,0.38604751851258895
2024.07.09,000047.SZ,0.019038084362763347
2024.07.09,000001.SZ,0.23361511924634767
2024.07.09,000027.SZ,0.1825449375368287
2024.07.09,600044.SH,0.02588504085158898
2024.07.09,600048.SH,0.1982505025904906
2024.07.09,000017.SZ,0.3378817381982977
2024.07.09,000042.SZ,0.12842572398458574
2024.07.09,600018.SH,0.03577229417691361
2024.07.09,600039.SH,0.12748704761754737
2024.07.09,000011.SZ,0.1385843984343149
2024.07.09,000039.SZ,0.24024594409793404
2024.07.09,000043.SZ,0.07396773448399035
2024.07.09,600040.SH,0.012843274565396173
2024.07.09,000035.SZ,0.010889452493118769
2024.07.10,000007.SZ,0.048451585751774176
2024.07.10,600005.SH,0.16536002301420175
2024.07.10,000024.SZ,0.03827346654072134
2024.07.10,000026.SZ,0.05290470139269289
2024.07.10,600047.SH,0.023345358373008898
2024.07.10,000028.SZ,0.0829140181632638
2024.07.10,000047.SZ,0.031823614138267675
2024.07.10,000023.SZ,0.049059877387705134
2024.07.10,600015.SH,0.1558379946395891
2024.07.10,600043.SH,0.058697347057583164
2024.07.10,600014.SH,0.16786733184668548
2024.07.10,000011.SZ,0.08486587239151487
2024.07.10,000001.SZ,0.08514927038749741
2024.07.10,600044.SH,0.22598291302628223
2024.07.10,000036.SZ,0.05075011679149854
2024.07.10,000041.SZ,0.00481603710841051
2024.07.10,600002.SH,0.2377826112906045
2024.07.10,000018.SZ,0.026011805524382627
2024.07.10,600019.SH,0.14015823629788693
2024.07.10,000021.SZ,0.20200765203328688
2024.07.10,000015.SZ,0.04071693668847125
2024.07.10,000042.SZ,0.1668227601634938
2024.07.10,600018.SH,0.11315642445496518
2024.07.10,600046.SH,0.04569371055135813
2024.07.10,600004.SH,0.022859882807904897
2024.07.10,600023.SH,0.39084900406964984
2024.07.10,000044.SZ,0.07902726700708988
2024.07.10,000025.SZ,0.429223701049453
2024.07.10,000029.SZ,0.00861489616172613
2024.07.10,600031.SH,0.10193412855449428
2024.07.10,000038.SZ,0.34075506417594176
2024.07.10,600045.SH,0.043767566781252404
2024.07.10,000014.SZ,0.048928911889197665
2024.07.10,600024.SH,0.1368790801303055
2024.07.10,600011.SH,0.08057489932098756
2024.07.10,600038.SH,0.12530122410208955
2024.07.10,600033.SH,0.19672513090262803
2024.07.10,600007.SH,0.1684956927723817
2024.07.10,000017.SZ,0.061640659080867084
2024.07.10,000033.SZ,0.06199321684026253
2024.07.10,600026.SH,0.1901128837897368
2024.07.10,000027.SZ,0.08529562984614623
2024.07.10,600037.SH,0.07904972518459329
2024.07.10,600001.SH,0.09868511227950931
2024.07.10,000035.SZ,0.03969046326803385
2024.07.10,600000.SH,0.06814773139716358
2024.07.10,000002.SZ,0.1496207563803203
2024.07.10,600028.SH,0.05470601389768856
2024.07.10,600029.SH,0.04627071938098112
2024.07.10,600034.SH,0.1388022726205759
2024.07.10,000016.SZ,0.26803564644824285
2024.07.10,600003.SH,0.08140204116781642
2024.07.10,600036.SH,0.025238359853879948
2024.07.10,000019.SZ,0.20736163696388088
2024.07.10,000037.SZ,0.6104377176035256
2024.07.10,000003.SZ,0.002813981280776939
2024.07.10,600030.SH,0.0863114544345142
2024.07.10,000050.SZ,0.0760852416223285
2024.07.10,600006.SH,0.049236424639910605
2024.07.10,000040.SZ,0.16139488145373754
2024.07.10,000010.SZ,0.11021817817266504
2024.07.10,000008.SZ,0.3478529224401603
2024.07.10,000009.SZ,0.1416732507717249
2024.07.10,600008.SH,0.023572747580857627
2024.07.10,600032.SH,0.017422255824094453
2024.07.10,600009.SH,0.37687432189364
2024.07.10,600042.SH,0.04530834830188288
2024.07.10,000006.SZ,0.14905409730129265
2024.07.10,600041.SH,0.15968110257420468
2024.07.10,600016.SH,0.18376601465250778
2024.07.10,600020.SH,0.08458440894277758
2024.07.10,600010.SH,0.061904576780417685
2024.07.10,000004.SZ,0.16534742793012902
2024.07.10,600049.SH,0.04753120780026626
2024.07.10,000031.SZ,0.04172921737215366
2024.07.10,600013.SH,0.13384817811100194
2024.07.10,600012.SH,0.059266905292364475
2024.07.10,600021.SH,0.22237433118569222
2024.07.10,000020.SZ,0.03710260612826086
2024.07.10,600048.SH,0.005387203285042344
2024.07.10,000048.SZ,0.058291836342971595
2024.07.10,000005.SZ,0.0693022111385442
2024.07.10,600035.SH,0.03561016017144387
2024.07.10,600022.SH,0.6356595982630809
2024.07.10,000049.SZ,0.3516072538592024
2024.07.10,000012.SZ,0.2963778473093549
2024.07.10,000022.SZ,0.0072974299102324105
2024.07.10,000030.SZ,0.036632896139293346
2024.07.10,000043.SZ,0.2949560483978199
2024.07.10,600025.SH,0.40913573862669983
2024.07.10,000032.SZ,0.07587428637874655
2024.07.10,000039.SZ,0.28825622727334854
2024.07.10,000034.SZ,0.3034506327340611
2024.07.10,600040.SH,0.030072767962680446
2024.07.10,000045.SZ,0.011023944155446422
2024.07.10,000046.SZ,0.13331914856378216
2024.07.10,600027.SH,0.47013575107992683
2024.07.10,000013.SZ,0.06245980822403163
2024.07.11,600011.SH,0.04812330924427754
2024.07.11,000023.SZ,0.04925346741291435
2024.07.11,000007.SZ,0.19381027774139564
2024.07.11,600040.SH,0.13139053131994274
2024.07.11,000001.SZ,0.7292094726269399
2024.07.11,000010.SZ,0.019087352079025826
2024.07.11,600043.SH,0.09367201428567565
2024.07.11,600032.SH,0.24585209273769892
2024.07.11,000036.SZ,0.0015871590563816629
2024.07.11,600008.SH,0.05854709910973939
2024.07.11,600019.SH,0.08181897357206376
2024.07.11,600002.SH,0.04855256143561902
2024.07.11,600017.SH,0.16561609706747243
2024.07.11,600027.SH,0.25809549077024335
2024.07.11,000039.SZ,0.019731370594685903
2024.07.11,000011.SZ,0.17645141295157615
2024.07.11,000031.SZ,0.07543210994162636
2024.07.11,000021.SZ,0.10301092181757082
2024.07.11,600024.SH,0.15991290380088463
2024.07.11,000048.SZ,0.0414665914312056
2024.07.11,600048.SH,0.5041204726024524
2024.07.11,000029.SZ,0.09502986972352188
2024.07.11,600026.SH,0.010146548275284143
2024.07.11,600022.SH,0.17819373542162648
2024.07.11,600009.SH,0.23126507196025523
2024.07.11,000034.SZ,0.06618739382217624
2024.07.11,600039.SH,0.041453670121425854
2024.07.11,000047.SZ,0.003740672730357054
2024.07.11,600041.SH,0.044609393212844566
2024.07.11,000002.SZ,0.019169244489518598
2024.07.11,000012.SZ,0.018522462328811884
2024.07.11,600035.SH,0.1432309373006203
2024.07.11,600047.SH,0.048519375985071604
2024.07.11,600020.SH,0.012627684453626132
2024.07.11,600016.SH,0.08269889709291643
2024.07.11,000024.SZ,0.13504257049015805
2024.07.11,000042.SZ,0.04858823266286979
2024.07.11,000026.SZ,0.38418501290078305
2024.07.11,600001.SH,0.010606288918167625
2024.07.11,600005.SH,0.04755145633936035
2024.07.11,000050.SZ,0.0026117509451493866
2024.07.11,600030.SH,0.3302181713281618
2024.07.11,600031.SH,0.01986991439417937
2024.07.11,600012.SH,0.35507652217061375
2024.07.11,000004.SZ,0.010233215963115116
2024.07.11,000014.SZ,0.122640729533706
2024.07.11,000015.SZ,0.014339249828385817
2024.07.11,000037.SZ,0.03781513539805408
2024.07.11,600044.SH,0.1913465132852834
2024.07.11,600018.SH,0.0506939202822276
2024.07.11,600023.SH,0.01344510311275157
2024.07.11,600000.SH,0.3113381675477907
2024.07.11,000032.SZ,0.006802582595455728
2024.07.11,000013.SZ,0.31452626436142483
2024.07.11,000022.SZ,0.03803495569342704
2024.07.11,600013.SH,0.18288244642237475
2024.07.11,000045.SZ,0.36783616185077717
2024.07.11,000030.SZ,0.09601016639708661
2024.07.11,600010.SH,0.0010789846867219376
2024.07.11,000017.SZ,0.08039609626269967
2024.07.11,000016.SZ,0.008527536049429385
2024.07.11,000041.SZ,0.008676208973478716
2024.07.11,600025.SH,0.3946792911889842
2024.07.11,600036.SH,0.06930320526333929
2024.07.11,600007.SH,0.030374680843087486
2024.07.11,600037.SH,0.034784407288407815
2024.07.11,000043.SZ,0.18846906460829077
2024.07.11,600034.SH,0.5576034733682128
2024.07.11,000028.SZ,0.02430444802397657
2024.07.11,600042.SH,0.012600159128258704
2024.07.11,000009.SZ,0.4258685539243732
2024.07.11,000044.SZ,0.30396440852401796
2024.07.11,600003.SH,0.13981106776889307
2024.07.11,000025.SZ,0.19185643363897464
2024.07.11,600033.SH,0.008498409684369032
2024.07.11,000018.SZ,0.12876668360557356
2024.07.11,000003.SZ,0.07704590038501494
2024.07.11,600029.SH,0.05611808587427024
2024.07.11,000005.SZ,0.04119830993043694
2024.07.11,000049.SZ,0.3193835862193421
2024.07.11,000006.SZ,0.18488706652111672
2024.07.11,600049.SH,0.01658636997401402
2024.07.11,000038.SZ,0.000505280480044114
2024.07.11,600014.SH,0.04835505787458021
2024.07.11,000033.SZ,0.02512942441207731
2024.07.11,600038.SH,0.008639694766517448
2024.07.11,600015.SH,0.13424333649764916
2024.07.11,600046.SH,0.1130549899775237
2024.07.11,000008.SZ,0.08115443681602615
2024.07.11,600004.SH,0.17942406848780476
2024.07.11,000035.SZ,0.036967532673330965
2024.07.11,000040.SZ,0.041147260769837476
2024.07.11,600028.SH,0.060462202142610035
2024.07.11,000027.SZ,0.04402685415157762
2024.07.11,600006.SH,0.22126971455879205
2024.07.11,600021.SH,0.12825284664984765
2024.07.11,000046.SZ,0.11621565640590382
2024.07.11,600045.SH,0.006218772442539915
2024.07.12,000043.SZ,0.3245926703977239
2024.07.12,000037.SZ,0.0007181729841959051
2024.07.12,600027.SH,0.13535852150261593
2024.07.12,000041.SZ,0.11582810520340685
2024.07.12,000031.SZ,0.21649069272732924
2024.07.12,600020.SH,0.034331515554988846
2024.07.12,000007.SZ,0.1731879692344692
2024.07.12,000006.SZ,0.2938215114944441
2024.07.12,000025.SZ,0.0327810081056131
2024.07.12,000015.SZ,0.1704304905570866
2024.07.12,600005.SH,0.08518029027154629
2024.07.12,600034.SH,0.015299551475352387
2024.07.12,000011.SZ,0.5876046213745236
2024.07.12,000032.SZ,0.015392991108557007
2024.07.12,600014.SH,0.005176830496674213
2024.07.12,600032.SH,0.060129344806772726
2024.07.12,600048.SH,0.36637429352623796
2024.07.12,600001.SH,0.16695737832324914
2024.07.12,600015.SH,0.10497090092908051
2024.07.12,600041.SH,0.08542090767371571
2024.07.12,600008.SH,0.009663396926903904
2024.07.12,600033.SH,0.04779431184313214
2024.07.12,600026.SH,0.02514459412305285
2024.07.12,600046.SH,0.11196145434675313
2024.07.12,000003.SZ,0.03272865739658952
2024.07.12,600009.SH,0.0026592323046354363
2024.07.12,000027.SZ,0.06428882164551593
2024.07.12,000002.SZ,0.05542382551250633
2024.07.12,000008.SZ,0.1583801305297532
2024.07.12,000035.SZ,0.13607001584849948
2024.07.12,000030.SZ,0.004894521213435863
2024.07.12,600030.SH,0.31266534959020753
2024.07.12,600021.SH,0.33898718775222275
2024.07.12,600019.SH,0.10031059256891538
2024.07.12,600042.SH,0.05989475007982159
2024.07.12,000045.SZ,0.059402345268370564
2024.07.12,600031.SH,0.06560589576082516
2024.07.12,600043.SH,0.15302913466629367
2024.07.12,600012.SH,0.22305203697731849
2024.07.12,600028.SH,0.2324055133061358
2024.07.12,600004.SH,0.04974014121377412
2024.07.12,600022.SH,0.10290416881905279
2024.07.12,000005.SZ,0.08405813550988048
2024.07.12,000004.SZ,0.11813651807635074
2024.07.12,600045.SH,0.10889976304951986
2024.07.12,600049.SH,0.007189081802401345
2024.07.12,000021.SZ,0.09764821167350372
2024.07.12,000009.SZ,0.2759433420017302
2024.07.12,000016.SZ,0.14078012931932732
2024.07.12,600038.SH,0.2207533752355188
2024.07.12,000029.SZ,0.10574138691507344
2024.07.12,600018.SH,0.04801375044442716
2024.07.12,600006.SH,0.016617628921592787
2024.07.12,000013.SZ,0.13642022650729774
2024.07.12,600039.SH,0.11039685761494519
2024.07.12,600000.SH,0.06603960707315386
2024.07.12,000034.SZ,0.05184746792880834
2024.07.12,000012.SZ,0.011006167515292837
2024.07.12,600002.SH,0.008007443946531122
2024.07.12,600047.SH,0.151054932366643
2024.07.12,000019.SZ,0.00521697892652237
2024.07.12,000020.SZ,0.3017911944571715
2024.07.12,000017.SZ,0.1319383095599338
2024.07.12,000001.SZ,0.06658624193698218
2024.07.12,000024.SZ,0.3564748089863697
2024.07.12,000047.SZ,0.4373538295747681
2024.07.12,600023.SH,0.18708577131430465
2024.07.12,600013.SH,0.03761586307100148
2024.07.12,600037.SH,0.025702556046542313
2024.07.12,600003.SH,0.08515017474331854
2024.07.12,600036.SH,0.08180487433120023
2024.07.12,000046.SZ,0.008256700342650684
2024.07.12,000044.SZ,0.10328344689808634
2024.07.12,600035.SH,0.016109579801502166
2024.07.12,000040.SZ,0.09668266237804701
2024.07.12,600044.SH,0.05883999625921554
2024.07.12,000028.SZ,0.06482825890962735
2024.07.12,600016.SH,0.3144463596721395
2024.07.12,000039.SZ,0.07607450067085712
2024.07.12,000036.SZ,0.01993565486341329
2024.07.12,600010.SH,0.12542582473154956
2024.07.12,600007.SH,0.020671051971593166
2024.07.12,600029.SH,0.12320233810592185
2024.07.12,000050.SZ,0.7609421523032134
2024.07.12,000023.SZ,0.44952335847394936
2024.07.12,000038.SZ,0.05722149753739445
2024.07.12,600011.SH,0.018613581344004496
2024.07.12,000033.SZ,0.010633468555168722
2024.07.12,000018.SZ,0.08911068065353824
2024.07.12,000049.SZ,0.07658595016519498
2024.07.12,000010.SZ,0.0032801020980205335
2024.07.12,000014.SZ,0.05535417875123998
2024.07.12,000048.SZ,0.00997954968138531
2024.07.12,600017.SH,0.007461920135784778
2024.07.12,000042.SZ,0.12674189817805076
2024.07.12,600025.SH,0.03221163734950607
2024.07.15,000040.SZ,0.07724898055502423
2024.07.15,600011.SH,0.020069714770643683
2024.07.15,000044.SZ,0.15086835433667675
2024.07.15,600030.SH,0.12624122269510113
2024.07.15,600016.SH,0.05458629032992308
2024.07.15,600001.SH,0.1004931928143593
2024.07.15,600042.SH,0.42809649994818444
2024.07.15,600035.SH,0.11094540569440321
2024.07.15,000008.SZ,0.06543070970595306
2024.07.15,000010.SZ,0.015456457274097463
2024.07.15,600012.SH,0.017942089048423697
2024.07.15,000011.SZ,0.03227152641817499
2024.07.15,600008.SH,0.013089634834568134
2024.07.15,600003.SH,0.3475946949046245
2024.07.15,600014.SH,0.10278840590971906
2024.07.15,600024.SH,0.06676542985501706
2024.07.15,000042.SZ,0.17680919103096476
2024.07.15,600022.SH,0.002715594666047752
2024.07.15,000027.SZ,0.02339066422627194
2024.07.15,000014.SZ,0.03203916760757995
2024.07.15,000043.SZ,0.22327049354757814
2024.07.15,600005.SH,0.13344355465513597
2024.07.15,600020.SH,0.17623433274068187
2024.07.15,600021.SH,0.011019052915473837
2024.07.15,000001.SZ,0.2100793043317011
2024.07.15,000048.SZ,0.09702093447532252
2024.07.15,600017.SH,0.21228370214424466
2024.07.15,600002.SH,0.030825662560337995
2024.07.15,000041.SZ,0.37141184140476696
2024.07.15,000013.SZ,0.33404966505883554
2024.07.15,000023.SZ,0.06562066242847164
2024.07.15,600004.SH,0.006959391229307658
2024.07.15,000025.SZ,0.10744083634989048
2024.07.15,000047.SZ,0.17733049963174194
2024.07.15,600045.SH,0.05124012342919195
2024.07.15,600013.SH,0.43383686665929416
2024.07.15,600028.SH,0.3764218559050915
2024.07.15,600040.SH,0.015533109242696725
2024.07.15,000003.SZ,0.08963098075104316
2024.07.15,000035.SZ,0.0363168735667365
2024.07.15,000039.SZ,0.12767826542249727
2024.07.15,600049.SH,0.263379662961708
2024.07.15,600029.SH,0.380525941649667
2024.07.15,000022.SZ,0.06839577167485768
2024.07.15,000050.SZ,0.03316832753247168
2024.07.15,000016.SZ,0.018681959059467138
2024.07.15,000024.SZ,0.23211937223140355
2024.07.15,600043.SH,0.05295271909793887
2024.07.15,000037.SZ,0.014086912294016226
2024.07.15,000034.SZ,0.08262651021174282
2024.07.15,000038.SZ,0.14326060463871174
2024.07.15,600048.SH,0.027403530472391694
2024.07.15,000032.SZ,0.02548741516503655
2024.07.15,000049.SZ,0.0773585460098526
2024.07.15,600032.SH,0.01799596565084679
2024.07.15,000033.SZ,0.10467941004808021
2024.07.15,600015.SH,0.19335378709375844
2024.07.15,600046.SH,0.03314698157291151
2024.07.15,600027.SH,0.30341964334446014
2024.07.15,600033.SH,0.4325715867284563
2024.07.15,600025.SH,0.09449740164660021
2024.07.15,000031.SZ,0.028318725681834345
2024.07.15,000021.SZ,0.19801230294806663
2024.07.15,600037.SH,0.1948669175996969
2024.07.15,600018.SH,0.05653766711417849
2024.07.15,600009.SH,0.05675140386689599
2024.07.15,600031.SH,0.036020759798945395
2024.07.15,000028.SZ,0.02708321417491696
2024.07.15,600036.SH,0.065428865486902
2024.07.15,000005.SZ,0.006625065800924664
2024.07.15,600041.SH,0.0764848614730711
2024.07.15,000045.SZ,0.08505148048082994
2024.07.15,600038.SH,0.5389575301797903
2024.07.15,000002.SZ,0.05196057477101598
2024.07.15,000017.SZ,0.14078736023407432
2024.07.15,600010.SH,0.15287776780861093
2024.07.15,000004.SZ,0.06612176177909923
2024.07.15,600034.SH,0.01516520595099724
2024.07.15,000018.SZ,0.03767247421034051
2024.07.15,600039.SH,0.15316924411839455
2024.07.15,000019.SZ,0.050755932721540976
2024.07.15,600023.SH,0.0850537997550024
2024.07.15,600047.SH,0.10103808262559609
2024.07.15,600006.SH,0.0391523557118514
2024.07.15,000006.SZ,0.01613092083640639
2024.07.15,600044.SH,0.1055079913727028
2024.07.15,000029.SZ,0.07086745347213472
2024.07.15,000007.SZ,0.0228957259616636
2024.07.15,600026.SH,0.002617096750768405
2024.07.15,600000.SH,0.03518655169915092
2024.07.15,600007.SH,0.050809637159108405
2024.07.15,000009.SZ,0.03947493790229968
2024.07.15,000020.SZ,0.08068659491779448
2024.07.15,000036.SZ,0.1282159830331911
2024.07.15,000012.SZ,0.02584580929342431
2024.07.15,000026.SZ,0.03990221164803758
2024.07.15,000046.SZ,0.01974409489958391
2024.07.15,000015.SZ,0.046839207308919426
2024.07.16,600007.SH,0.06840909658624157
2024.07.16,600042.SH,0.01162193293184752
2024.07.16,600019.SH,0.19426512393902354
2024.07.16,000015.SZ,0.1385725248950957
2024.07.16,000050.SZ,0.0022615655552841517
2024.07.16,000030.SZ,0.010593897748916002
2024.07.16,600048.SH,0.1327186713823624
2024.07.16,600040.SH,0.0057151423763499125
2024.07.16,000016.SZ,0.0925115394877012
2024.07.16,000047.SZ,0.4387837524152348
2024.07.16,600041.SH,0.13134998686734228
2024.07.16,000044.SZ,0.24473539179669676
2024.07.16,000026.SZ,0.04063650960631991
2024.07.16,600008.SH,0.0017380745275854877
2024.07.16,600015.SH,0.1282777949172447
2024.07.16,000019.SZ,0.04596888708576912
2024.07.16,000036.SZ,0.1137058747342709
2024.07.16,600029.SH,0.013444618618768507
2024.07.16,000037.SZ,0.0024996985178045443
2024.07.16,600025.SH,0.012021832624967099
2024.07.16,000013.SZ,0.4434965584242169
2024.07.16,000031.SZ,0.042366106265088674
2024.07.16,000010.SZ,0.029086412958849464
2024.07.16,600014.SH,0.0981763905597924
2024.07.16,000035.SZ,0.21714280399949432
2024.07.16,600006.SH,0.04863029861960422
2024.07.16,000025.SZ,0.051662568753812685
2024.07.16,000023.SZ,0.028815020702803815
2024.07.16,000032.SZ,0.011826353891467061
2024.07.16,000024.SZ,0.0805485092179492
2024.07.16,000006.SZ,0.06068336442076172
2024.07.16,600030.SH,0.11840148853255156
2024.07.16,600021.SH,0.11234484701085717
2024.07.16,600003.SH,0.0067849171918232185
2024.07.16,600049.SH,0.24378201537961625
2024.07.16,000034.SZ,0.07710400938201528
2024.07.16,600011.SH,0.1857848671758767
2024.07.16,600034.SH,0.06727181661924828
2024.07.16,600013.SH,0.029293881550790976
2024.07.16,000040.SZ,0.014114155887498616
2024.07.16,600010.SH,0.15383367759617048
2024.07.16,600023.SH,0.04205388919223943
2024.07.16,600045.SH,0.21636618959943632
2024.07.16,600046.SH,0.021122390508723384
2024.07.16,600001.SH,0.08683777659215038
2024.07.16,600036.SH,0.05659283558343195
2024.07.16,000041.SZ,0.15733118340195737
2024.07.16,000048.SZ,0.0354484277456912
2024.07.16,600031.SH,0.041681400894923074
2024.07.16,000049.SZ,0.006328233095432055
2024.07.16,600043.SH,0.023629146565632975
2024.07.16,000018.SZ,0.06257506537752741
2024.07.16,600039.SH,0.008072685333265413
2024.07.16,000022.SZ,0.0876512961232551
2024.07.16,600037.SH,0.003587303340678169
2024.07.16,600005.SH,0.002387655855592312
2024.07.16,600022.SH,0.053226978413570325
2024.07.16,000003.SZ,0.20635831752151043
2024.07.16,000004.SZ,0.06561052322344109
2024.07.16,000012.SZ,0.14648610695960027
2024.07.16,600032.SH,0.002333548474856945
2024.07.16,600038.SH,0.031020557667969562
2024.07.16,600024.SH,0.18170589864516304
2024.07.16,600009.SH,0.6636104355168266
2024.07.16,000042.SZ,0.13950310514889916
2024.07.16,000043.SZ,0.046079609698585905
2024.07.16,600026.SH,0.0958850553747552
2024.07.16,000029.SZ,0.01632880876545184
2024.07.16,000028.SZ,0.033741808162680936
2024.07.16,000045.SZ,0.3724198584164738
2024.07.16,600035.SH,0.10368209683583945
2024.07.16,000017.SZ,0.049584863824174125
2024.07.16,600020.SH,0.07512975677357349
2024.07.16,000046.SZ,0.011001251671595626
2024.07.16,000008.SZ,0.12988944302881808
2024.07.16,600017.SH,0.49512310357988504
2024.07.16,600028.SH,0.15507870814054472
2024.07.16,000007.SZ,0.02218386204737632
2024.07.16,000001.SZ,0.08857970892354856
2024.07.16,600016.SH,0.04269750671078605
2024.07.16,000005.SZ,0.035338214194602105
2024.07.16,600047.SH,0.08584829150335907
2024.07.16,000011.SZ,0.004036361391656935
2024.07.16,000021.SZ,0.03184193283133955
2024.07.16,000002.SZ,0.039771281333521674
2024.07.16,600012.SH,0.0067654922002277984
2024.07.16,600004.SH,0.02614121673677539
2024.07.16,000027.SZ,0.18880000298495328
2024.07.16,000009.SZ,0.00938484116679077
2024.07.16,600018.SH,0.01841851207659839
2024.07.16,000014.SZ,0.037623907373208386
2024.07.16,600033.SH,0.007877683494123574
2024.07.16,000039.SZ,0.07572732982259357
2024.07.16,600000.SH,0.027772122695551182
2024.07.16,600044.SH,0.0833165099169784
2024.07.16,600002.SH,0.01669480353018597
2024.07.16,000038.SZ,0.030188610102784286
2024.07.17,000009.SZ,0.10186570046306039
2024.07.17,600007.SH,0.1529474868374482
2024.07.17,000018.SZ,0.02263600153156836
2024.07.17,600026.SH,0.11167961545836551
2024.07.17,600036.SH,0.16753685788359352
2024.07.17,600032.SH,0.06278352367652462
2024.07.17,000030.SZ,0.0719492114525905
2024.07.17,000041.SZ,0.09695198981977304
2024.07.17,600020.SH,0.018577931789400686
2024.07.17,000050.SZ,0.04662151843540587
2024.07.17,600035.SH,0.05822040487390138
2024.07.17,600043.SH,0.21797343135544828
2024.07.17,600037.SH,0.2447759762261743
2024.07.17,600038.SH,0.15039324822567163
2024.07.17,000003.SZ,0.1439783189734674
2024.07.17,600047.SH,0.0727731892811545
2024.07.17,000042.SZ,0.02482456556952569
2024.07.17,600006.SH,0.03812166473376282
2024.07.17,600048.SH,0.029647993222545802
2024.07.17,600039.SH,0.021474127608485893
2024.07.17,000014.SZ,0.22531017450791097
2024.07.17,600014.SH,0.18579805246592057
2024.07.17,600031.SH,0.05478901489627236
2024.07.17,600042.SH,0.016325327715524873
2024.07.17,600018.SH,0.00826671766962274
2024.07.17,000004.SZ,0.15928223615902393
2024.07.17,600003.SH,0.07750940611815726
2024.07.17,600010.SH,0.035758251660694906
2024.07.17,000015.SZ,0.0949249901538555
2024.07.17,600017.SH,0.25602757762966066
2024.07.17,000032.SZ,0.0022319636431811997
2024.07.17,600021.SH,0.3881212265989754
2024.07.17,000007.SZ,0.41779564827239024
2024.07.17,000033.SZ,0.027442030370458927
2024.07.17,600005.SH,0.020996306039517205
2024.07.17,600024.SH,0.017024992717326364
2024.07.17,000031.SZ,0.24304480015864915
2024.07.17,000044.SZ,0.09736921279684972
2024.07.17,600001.SH,0.14401317275554634
2024.07.17,600045.SH,0.005788088388653318
2024.07.17,600033.SH,0.3699583432332024
2024.07.17,000049.SZ,0.027771924626127143
2024.07.17,600027.SH,0.13375794900229165
2024.07.17,600004.SH,0.07571758168381679
2024.07.17,000028.SZ,0.0639296345435309
2024.07.17,600015.SH,0.23483440630817887
2024.07.17,000016.SZ,0.13252525704696738
2024.07.17,000043.SZ,0.05312353477795317
2024.07.17,600041.SH,0.26487696411498374
2024.07.17,000013.SZ,0.07259783261060714
2024.07.17,600016.SH,0.13046833477899988
2024.07.17,600025.SH,0.11951355762134921
2024.07.17,600040.SH,0.020781015699138056
2024.07.17,000008.SZ,0.21576212627941618
2024.07.17,000029.SZ,0.3397726491015441
2024.07.17,600028.SH,0.11234454502171447
2024.07.17,000035.SZ,0.0014171321152099065
2024.07.17,600008.SH,0.0833845148184604
2024.07.17,000027.SZ,0.24925525969487447
2024.07.17,000001.SZ,0.013056431365265861
2024.07.17,000026.SZ,0.20697753643075015
2024.07.17,000038.SZ,0.05351485844600595
2024.07.17,600044.SH,0.18148687119664708
2024.07.17,600009.SH,0.226727715874452
2024.07.17,600013.SH,0.0570827272297472
2024.07.17,000046.SZ,0.013681613202708394
2024.07.17,000037.SZ,0.15926825419116386
2024.07.17,000017.SZ,0.015103410781114998
2024.07.17,000039.SZ,0.41069484513189997
2024.07.17,600011.SH,0.0891682407725576
2024.07.17,000002.SZ,0.19635326686849605
2024.07.17,000021.SZ,0.06846904716891601
2024.07.17,000006.SZ,0.12597514568785412
2024.07.17,000023.SZ,0.2582117454017385
2024.07.17,600049.SH,0.008851600683810844
2024.07.17,000010.SZ,0.01626209643143737
2024.07.17,000019.SZ,0.009208915914577464
2024.07.17,000034.SZ,0.08370080300317377
2024.07.17,600030.SH,0.5577989655620217
2024.07.17,600029.SH,0.5014621048130954
2024.07.17,600023.SH,0.2756337041750346
2024.07.17,600046.SH,0.017398992182295105
2024.07.17,000022.SZ,0.0745895870142639
2024.07.17,000040.SZ,0.062874277593154
2024.07.17,000020.SZ,0.2713448850838499
2024.07.17,000012.SZ,0.05417114936922541
2024.07.17,000047.SZ,0.018263053938300897
2024.07.17,600000.SH,0.5876305323244083
2024.07.17,600022.SH,0.0234704034420487
2024.07.17,600034.SH,0.007192678828838566
2024.07.17,000025.SZ,0.5018880684945215
2024.07.17,000005.SZ,0.04599224263771394
2024.07.17,600012.SH,0.02204262480551398
2024.07.17,600002.SH,0.1429647919922391
2024.07.17,000036.SZ,0.005579257274466916
2024.07.17,000048.SZ,0.005758840250204544
2024.07.18,600015.SH,0.13462148105013982
2024.07.18,600005.SH,0.11979488212672355
2024.07.18,600003.SH,0.19636647211964783
2024.07.18,000004.SZ,0.10461584758464057
2024.07.18,600042.SH,0.1543357235532795
2024.07.18,000002.SZ,0.13780343213683613
2024.07.18,600004.SH,0.15494466171289029
2024.07.18,600014.SH,0.16405677833894877
2024.07.18,600028.SH,0.06734044781538533
2024.07.18,600020.SH,0.05506926569900913
2024.07.18,600013.SH,0.04280172141802562
2024.07.18,600041.SH,0.13756775713622404
2024.07.18,000012.SZ,0.015841454858455357
2024.07.18,600010.SH,0.0694368850291501
2024.07.18,000018.SZ,0.027626427587490798
2024.07.18,000027.SZ,0.051472194859141354
2024.07.18,600045.SH,0.2882991851363835
2024.07.18,000047.SZ,0.030626991002245436
2024.07.18,000005.SZ,0.09942264508559731
2024.07.18,000013.SZ,0.006168456449086082
2024.07.18,600017.SH,0.01690814753087398
2024.07.18,600016.SH,0.01503965986752987
2024.07.18,000044.SZ,0.021426083965341392
2024.07.18,600023.SH,0.10680903753897936
2024.07.18,600001.SH,0.10186742881721743
2024.07.18,000017.SZ,0.01079043689855091
2024.07.18,600035.SH,0.0910120486654861
2024.07.18,600049.SH,0.027376242343323497
2024.07.18,600032.SH,0.2163206809483842
2024.07.18,000009.SZ,0.027547688169966906
2024.07.18,000046.SZ,0.20653390936697305
2024.07.18,600047.SH,0.1296152518833758
2024.07.18,600025.SH,0.0975168808554079
2024.07.18,000014.SZ,0.03179473128535008
2024.07.18,000035.SZ,0.0969312711444138
2024.07.18,000021.SZ,0.044123522026991
2024.07.18,000006.SZ,0.008123914929083686
2024.07.18,000020.SZ,0.2716284506557246
2024.07.18,000029.SZ,0.2649898685742243
2024.07.18,600040.SH,0.3309809507627941
2024.07.18,600009.SH,0.2899304304892417
2024.07.18,600021.SH,0.09995974196309558
2024.07.18,600022.SH,0.1676294064395212
2024.07.18,000024.SZ,0.013914111986292757
2024.07.18,000049.SZ,0.16560143281818562
2024.07.18,000037.SZ,0.366255985219562
2024.07.18,600039.SH,0.24249047688217146
2024.07.18,000032.SZ,0.04822715459289464
2024.07.18,600011.SH,0.017359709639714574
2024.07.18,600000.SH,0.046008195161039885
2024.07.18,000036.SZ,0.06408780009502928
2024.07.18,000043.SZ,0.06110985468964186
2024.07.18,000008.SZ,0.1890285171641052
2024.07.18,000038.SZ,0.07744615630161834
2024.07.18,600048.SH,0.020115372237493895
2024.07.18,600044.SH,0.005809749006761876
2024.07.18,600012.SH,0.014337427696156887
2024.07.18,600008.SH,0.07659329206981802
2024.07.18,600033.SH,0.035005772648371576
2024.07.18,600037.SH,0.05725265913303579
2024.07.18,600026.SH,0.025736663746016793
2024.07.18,000016.SZ,0.22294057376988408
2024.07.18,600002.SH,0.005294335101070354
2024.07.18,000039.SZ,0.17196606564438405
2024.07.18,000023.SZ,0.018883211433423402
2024.07.18,600006.SH,0.11379046796146382
2024.07.18,600019.SH,0.0018333034629457608
2024.07.18,600027.SH,0.11443835307852608
2024.07.18,000019.SZ,0.06130988055683536
2024.07.18,600031.SH,0.0007361898033556586
2024.07.18,600046.SH,0.15296264461582987
2024.07.18,600007.SH,0.1667474389145793
2024.07.18,000040.SZ,0.2153734923829143
2024.07.18,600024.SH,0.1379102579906803
2024.07.18,000007.SZ,0.007234742265919447
2024.07.18,000025.SZ,0.04930395397867107
2024.07.18,000042.SZ,0.22183993465416788
2024.07.18,000028.SZ,0.10553908225360357
2024.07.18,000011.SZ,0.03450698387944376
2024.07.18,000022.SZ,0.26450660130402626
2024.07.18,600029.SH,0.24043904654055015
2024.07.18,000045.SZ,0.07246527711235261
2024.07.18,600043.SH,0.02655492517821948
2024.07.18,000030.SZ,0.06590679245586209
2024.07.18,000031.SZ,0.09405206538300422
2024.07.18,000026.SZ,0.09874701247512299
2024.07.18,000015.SZ,0.07368277211676764
2024.07.18,600036.SH,0.023811604930528592
2024.07.18,000010.SZ,0.32576683236439896
2024.07.18,000041.SZ,0.008857167172268754
2024.07.18,000003.SZ,0.02660867834425214
2024.07.18,600034.SH,0.25163464924990764
2024.07.18,000001.SZ,0.030706995578677374
2024.07.18,000050.SZ,0.14427077940217828
2024.07.18,000033.SZ,0.0025772105174278895
2024.07.18,000034.SZ,0.044206621276134464
2024.07.18,600038.SH,0.002880318763518074
2024.07.19,000027.SZ,0.16853624064504427
2024.07.19,600035.SH,0.07259177240820684
2024.07.19,600033.SH,0.025188042393633658
2024.07.19,000005.SZ,0.22847734147154686
2024.07.19,600047.SH,0.010058396721918862
2024.07.19,600038.SH,0.11751985018752355
2024.07.19,000035.SZ,0.05091774136884846
2024.07.19,000022.SZ,0.07436020459176414
2024.07.19,600040.SH,0.3110874721662815
2024.07.19,000038.SZ,0.11160117427136552
2024.07.19,600026.SH,0.5918374717996855
2024.07.19,600000.SH,0.04398613337555861
2024.07.19,000044.SZ,0.17282553329618647
2024.07.19,000028.SZ,0.5746845966463469
2024.07.19,000043.SZ,0.20953526324281205
2024.07.19,000047.SZ,0.1538408397338163
2024.07.19,000006.SZ,0.2253081055981459
2024.07.19,000021.SZ,0.148068185562318
2024.07.19,000048.SZ,0.2930968705586189
2024.07.19,000016.SZ,0.00848428153078844
2024.07.19,600023.SH,0.07127366474696623
2024.07.19,000049.SZ,0.0031103902435667082
2024.07.19,600031.SH,0.0214170426891729
2024.07.19,000041.SZ,0.5881986593817289
2024.07.19,600037.SH,0.2885563553807852
2024.07.19,000007.SZ,0.16803315943629824
2024.07.19,600012.SH,0.007384238986063173
2024.07.19,000004.SZ,0.004311926173550652
2024.07.19,600008.SH,0.10243656311644249
2024.07.19,000002.SZ,0.024230471902911707
2024.07.19,000024.SZ,0.04849898231631455
2024.07.19,600046.SH,0.122712674160283
2024.07.19,600048.SH,0.1739096516273964
2024.07.19,000029.SZ,0.12265225550213257
2024.07.19,000045.SZ,0.13923016673799668
2024.07.19,600019.SH,0.2013917059528484
2024.07.19,000042.SZ,0.004580329510089184
2024.07.19,000031.SZ,0.027648194973625678
2024.07.19,000017.SZ,0.030336004340415796
2024.07.19,000026.SZ,0.32970346254800226
2024.07.19,600039.SH,0.07550689898289023
2024.07.19,000013.SZ,0.2137642730611289
2024.07.19,600010.SH,0.21593107190871158
2024.07.19,600042.SH,0.11080705966914747
2024.07.19,600017.SH,0.0952111169978941
2024.07.19,000020.SZ,0.10659935621684768
2024.07.19,600025.SH,0.11085941833320932
2024.07.19,000030.SZ,0.023049523954784885
2024.07.19,000001.SZ,0.23029581798813972
2024.07.19,600009.SH,0.02707811433030254
2024.07.19,000034.SZ,0.0583498715624337
2024.07.19,600016.SH,0.08821386791004267
2024.07.19,600036.SH,0.2736491073069692
2024.07.19,000018.SZ,0.033084340698567694
2024.07.19,600045.SH,0.05028481774641006
2024.07.19,600020.SH,0.2894889747813599
2024.07.19,000050.SZ,0.0023214371601896484
2024.07.19,600022.SH,0.5437045472152792
2024.07.19,000023.SZ,0.41778906208566674
2024.07.19,600002.SH,0.1490960164515951
2024.07.19,000014.SZ,0.13996339855617407
2024.07.19,000012.SZ,0.10249734516815881
2024.07.19,600003.SH,0.26434983827748054
2024.07.19,600007.SH,0.06657065762758445
2024.07.19,600027.SH,0.06092054381972712
2024.07.19,000025.SZ,0.03383839733625801
2024.07.19,000037.SZ,0.28546797083168773
2024.07.19,600004.SH,0.060165426787846185
2024.07.19,600006.SH,0.0695262938797868
2024.07.19,600015.SH,0.11736277411226825
2024.07.19,600032.SH,0.037682764134509814
2024.07.19,000040.SZ,0.01913902281063197
2024.07.19,600001.SH,0.3772911703737726
2024.07.19,600011.SH,0.07061475290311445
2024.07.19,600013.SH,0.10808000842095285
2024.07.19,000046.SZ,0.06897858269563731
2024.07.19,000010.SZ,0.23769815157223204
2024.07.19,600030.SH,0.08637811565597352
2024.07.19,000019.SZ,0.10456737178536815
2024.07.19,000011.SZ,0.13717329976506412
2024.07.19,600018.SH,0.03875506227197022
2024.07.19,600024.SH,0.04080117979951987
2024.07.19,600049.SH,0.2199526073571157
2024.07.19,000003.SZ,0.048638825943830254
2024.07.19,600034.SH,0.03895466614149605
2024.07.19,600028.SH,0.012533410635043828
2024.07.19,000015.SZ,0.30443613740699277
2024.07.19,600014.SH,0.04690995061297368
2024.07.19,000009.SZ,0.013028348594162659
2024.07.19,600044.SH,0.12451926724147439
2024.07.19,000032.SZ,0.11683206664362551
2024.07.19,000036.SZ,0.20926811776229115
2024.07.19,600005.SH,0.23977470701180845
2024.07.19,600029.SH,0.17646895752952962
2024.07.19,600041.SH,0.01764141979274826
2024.07.19,000039.SZ,0.05504460078087598
2024.07.19,000008.SZ,0.006274297012461819
2024.07.19,000033.SZ,0.19032960350475112
2024.07.22,600031.SH,0.16300893855761456
2024.07.22,600043.SH,0.3687000019029767
2024.07.22,000007.SZ,0.040531812326369904
2024.07.22,600008.SH,0.11293310983751535
2024.07.22,600002.SH,0.01033827092302271
2024.07.22,600036.SH,0.2438104843249684
2024.07.22,000046.SZ,0.33529068542911017
2024.07.22,000041.SZ,0.3214060145811397
2024.07.22,600014.SH,0.16997684506964375
2024.07.22,000011.SZ,0.19522754601928813
2024.07.22,000008.SZ,0.03539404194008201
2024.07.22,600001.SH,0.20957767310247039
2024.07.22,000032.SZ,0.0065002014538101515
2024.07.22,000049.SZ,0.08576841272171193
2024.07.22,000047.SZ,0.06741945268223813
2024.07.22,600025.SH,0.05317045406816319
2024.07.22,600015.SH,0.018144350354406133
2024.07.22,600024.SH,0.20616728579073576
2024.07.22,000022.SZ,0.20380217282162216
2024.07.22,000018.SZ,0.029684441554469428
2024.07.22,000015.SZ,0.057097758293066556
2024.07.22,600045.SH,0.32556584488736146
2024.07.22,600048.SH,0.025699983501638726
2024.07.22,000020.SZ,0.022331120864537528
2024.07.22,000028.SZ,0.04434185468888955
2024.07.22,600021.SH,0.5315620025061748
2024.07.22,600026.SH,0.026074404089684648
2024.07.22,000048.SZ,0.04637393232330387
2024.07.22,600003.SH,0.11886013508597604
2024.07.22,000045.SZ,0.012070272554564084
2024.07.22,600004.SH,0.10830442500324183
2024.07.22,600047.SH,0.29459009293306126
2024.07.22,600032.SH,0.25130073836434474
2024.07.22,000042.SZ,0.03660779823756671
2024.07.22,600005.SH,0.11422397934514487
2024.07.22,000009.SZ,0.40305281088919037
2024.07.22,000031.SZ,0.24096475962100725
2024.07.22,000036.SZ,0.624345591775708
2024.07.22,000023.SZ,0.07127951260002448
2024.07.22,000037.SZ,0.1343054645274971
2024.07.22,600030.SH,0.11267525678914062
2024.07.22,600041.SH,0.037340647196018546
2024.07.22,000021.SZ,0.016308285836717794
2024.07.22,000035.SZ,0.0602144302447512
2024.07.22,000013.SZ,0.1779883806566118
2024.07.22,600018.SH,0.19428190786735294
2024.07.22,000050.SZ,0.05305650778551529
2024.07.22,600012.SH,0.055759813077442995
2024.07.22,000044.SZ,0.09535709260287031
2024.07.22,600029.SH,0.0014218262700433804
2024.07.22,000004.SZ,0.07217343126432352
2024.07.22,000030.SZ,0.030107783773491017
2024.07.22,000033.SZ,0.15403489216865987
2024.07.22,600000.SH,0.11624576000551806
2024.07.22,000019.SZ,0.11295209725580069
2024.07.22,000014.SZ,0.020069994048818283
2024.07.22,000029.SZ,0.03575505478638548
2024.07.22,000024.SZ,0.10285124805451015
2024.07.22,600027.SH,0.11533976800027117
2024.07.22,000040.SZ,0.1479761868200361
2024.07.22,600009.SH,0.04566444227874706
2024.07.22,600049.SH,0.1556619213226226
2024.07.22,600040.SH,0.012871711871496223
2024.07.22,600013.SH,0.1972403353133947
2024.07.22,600038.SH,0.03287113204934807
2024.07.22,600019.SH,0.02170325045999215
2024.07.22,000001.SZ,0.1248194294796745
2024.07.22,600022.SH,0.11728433659877245
2024.07.22,000017.SZ,0.4058377325326583
2024.07.22,000027.SZ,0.04284139113156379
2024.07.22,600017.SH,0.21369468098762184
2024.07.22,000025.SZ,0.4409019299755941
2024.07.22,600042.SH,0.06305745795138527
2024.07.22,000043.SZ,0.22426950722665576
2024.07.22,600011.SH,0.03162207671590465
2024.07.22,600046.SH,0.12553130019118688
2024.07.22,600033.SH,0.19685398765507425
2024.07.22,600035.SH,0.17249250552213974
2024.07.22,600006.SH,0.03936473827778167
2024.07.22,000003.SZ,0.04055949399595607
2024.07.22,000016.SZ,0.05541361415052981
2024.07.22,000010.SZ,0.05682875169171499
2024.07.22,600039.SH,0.283870256747398
2024.07.22,000038.SZ,0.19526245910268222
2024.07.22,000026.SZ,0.12155528128737868
2024.07.22,000039.SZ,0.046811398995246514
2024.07.22,600010.SH,0.17686390779836966
2024.07.22,000005.SZ,0.06347947132463112
2024.07.22,600007.SH,0.3638224253254295
2024.07.22,000034.SZ,0.1741335267037087
2024.07.22,000012.SZ,0.010658856050491767
2024.07.22,600023.SH,0.0509099577248811
2024.07.22,600020.SH,0.1281639821821309
2024.07.22,600034.SH,0.01598067139118473
2024.07.22,600044.SH,0.008209782295315897
2024.07.22,600037.SH,0.23060998583857628
2024.07.22,600028.SH,0.259026773796664
2024.07.22,600016.SH,0.10698065214567859
2024.07.23,600045.SH,0.7752203047812257
2024.07.23,000024.SZ,0.17536269011858904
2024.07.23,600014.SH,0.14025820340651854
2024.07.23,000027.SZ,0.04534751902089769
2024.07.23,000017.SZ,0.004724732431252686
2024.07.23,000025.SZ,0.006259810196630338
2024.07.23,000038.SZ,0.08812754495686659
2024.07.23,000049.SZ,0.24544801891064097
2024.07.23,000008.SZ,0.06321630831155417
2024.07.23,600028.SH,0.04738814979019923
2024.07.23,000021.SZ,0.08079926891826147
2024.07.23,600009.SH,0.10513511325776219
2024.07.23,600047.SH,0.043240143771283886
2024.07.23,000003.SZ,0.056558092091361645
2024.07.23,000026.SZ,0.02091553623464826
2024.07.23,000022.SZ,0.22072539727210425
2024.07.23,600037.SH,0.1834764081334999
2024.07.23,600034.SH,0.011550640173604135
2024.07.23,000011.SZ,0.0901262813108886
2024.07.23,600040.SH,0.040870658393513074
2024.07.23,000039.SZ,0.08157149847152952
2024.07.23,600011.SH,0.032287624721588686
2024.07.23,000030.SZ,0.028190969895649683
2024.07.23,600024.SH,0.015191664158550729
2024.07.23,000050.SZ,0.06503604911723007
2024.07.23,000023.SZ,0.30643234619867804
2024.07.23,600033.SH,0.27413737412525857
2024.07.23,600018.SH,0.33776167086337583
2024.07.23,600032.SH,0.14332039630016966
2024.07.23,600039.SH,0.05243664278863395
2024.07.23,600027.SH,0.06070956515684068
2024.07.23,600029.SH,0.035643440955419436
2024.07.23,600035.SH,0.20839275742636523
2024.07.23,600019.SH,0.46162110533606066
2024.07.23,000041.SZ,0.2767726659662704
2024.07.23,600025.SH,0.0842453911429866
2024.07.23,000046.SZ,0.1075364805836939
2024.07.23,600038.SH,0.5645484566563919
2024.07.23,000037.SZ,0.14207890255085978
2024.07.23,000018.SZ,0.12358527703073968
2024.07.23,600049.SH,0.02725936917037578
2024.07.23,600016.SH,0.09802246772202731
2024.07.23,000007.SZ,0.195068893205987
2024.07.23,000029.SZ,0.008487746141408676
2024.07.23,000006.SZ,0.051144603259498746
2024.07.23,000045.SZ,0.06841790288464296
2024.07.23,000042.SZ,0.16437397107398236
2024.07.23,000019.SZ,0.0874743046522859
2024.07.23,600012.SH,0.021579143175718088
2024.07.23,000033.SZ,0.011311952159826262
2024.07.23,000005.SZ,0.3115247033605442
2024.07.23,600004.SH,0.2396521943586892
2024.07.23,600015.SH,0.13322615189791076
2024.07.23,000047.SZ,0.07027526214216513
2024.07.23,000001.SZ,0.31037819285319446
2024.07.23,600003.SH,0.12573919555459306
2024.07.23,600046.SH,0.038661319221194035
2024.07.23,600036.SH,0.008185513383704865
2024.07.23,000028.SZ,0.13419390708580206
2024.07.23,000044.SZ,0.02687434215707621
2024.07.23,600026.SH,0.08214371007022217
2024.07.23,600017.SH,0.2124972094231047
2024.07.23,000040.SZ,0.04145392625432885
2024.07.23,600043.SH,0.19469855181436285
2024.07.23,000035.SZ,0.1311076931380448
2024.07.23,600001.SH,0.005416707405489992
2024.07.23,600010.SH,0.0326663841198684
2024.07.23,600005.SH,0.05059996984537873
2024.07.23,000048.SZ,0.20780770077520833
2024.07.23,600008.SH,0.0328145209193155
2024.07.23,000010.SZ,0.017259385213007433
2024.07.23,600002.SH,0.08484965803793294
2024.07.23,000036.SZ,0.08837797031516832
2024.07.23,600048.SH,0.7526459521191665
2024.07.23,000015.SZ,0.10446051165624531
2024.07.23,000012.SZ,0.26542784124050556
2024.07.23,000009.SZ,0.057016582361318444
2024.07.23,600006.SH,0.17894079299423735
2024.07.23,600031.SH,0.022673308885091698
2024.07.23,000031.SZ,0.0049001286863056305
2024.07.23,600042.SH,0.025291115298297893
2024.07.23,600041.SH,0.016582796910133667
2024.07.23,000016.SZ,0.1731609127740801
2024.07.23,000002.SZ,0.042469502708063565
2024.07.23,600013.SH,0.12490415715000622
2024.07.23,600023.SH,0.4587531784755714
2024.07.23,000004.SZ,0.010863120762571217
2024.07.23,600030.SH,0.04499028483786619
2024.07.23,000032.SZ,0.12751079725664588
2024.07.23,600020.SH,0.14360813539513054
2024.07.23,600007.SH,0.06589314589058191
2024.07.23,600022.SH,0.05478469437431087
2024.07.23,600044.SH,0.15320863592345796
2024.07.23,600021.SH,0.2270212296009865
2024.07.23,000034.SZ,0.30823680676328624
2024.07.23,600000.SH,0.23971434606928152
2024.07.24,000025.SZ,0.014550410457465782
2024.07.24,600007.SH,0.06063314965442317
2024.07.24,600033.SH,0.13655903194968416
2024.07.24,600037.SH,0.14304054549990128
2024.07.24,600011.SH,0.12997747235743942
2024.07.24,600021.SH,0.26525288518460083
2024.07.24,600000.SH,0.1274714711672798
2024.07.24,000003.SZ,0.1780867622580759
2024.07.24,600046.SH,0.01614828630256436
2024.07.24,600030.SH,0.04140807615734044
2024.07.24,000019.SZ,0.13138160366921992
2024.07.24,000031.SZ,0.17143999066286558
2024.07.24,600020.SH,0.08594026823833886
2024.07.24,000017.SZ,0.12014115806538823
2024.07.24,600012.SH,0.1444925806987981
2024.07.24,600023.SH,0.03634724440574319
2024.07.24,600002.SH,0.7144517964891126
2024.07.24,000013.SZ,0.004451214753584408
2024.07.24,000022.SZ,0.10346875164072133
2024.07.24,600045.SH,0.1801100392067155
2024.07.24,600017.SH,0.15726989991083606
2024.07.24,600040.SH,0.06666756226551794
2024.07.24,600022.SH,0.0780519819739174
2024.07.24,000010.SZ,0.18456263656968466
2024.07.24,000024.SZ,0.055506509094550106
2024.07.24,600028.SH,0.05594998671086206
2024.07.24,000047.SZ,0.04742937807799068
2024.07.24,000026.SZ,0.7261162944043296
2024.07.24,600029.SH,0.301543874393028
2024.07.24,600041.SH,0.03132198780592018
2024.07.24,000036.SZ,0.01861742328810557
2024.07.24,600018.SH,0.029310315478405707
2024.07.24,600031.SH,0.06959622141308203
2024.07.24,600049.SH,0.04854700113077263
2024.07.24,000001.SZ,0.24136042291273288
2024.07.24,000011.SZ,0.24635909489594437
2024.07.24,000038.SZ,0.02765222596352144
2024.07.24,600008.SH,0.007125941990469432
2024.07.24,000048.SZ,0.18899312349317327
2024.07.24,600035.SH,0.21439835645075514
2024.07.24,600016.SH,0.37976674421522355
2024.07.24,000032.SZ,0.0726677733835721
2024.07.24,000045.SZ,0.09057390485515404
2024.07.24,000037.SZ,0.023027122386211976
2024.07.24,600027.SH,0.058827989684403816
2024.07.24,000007.SZ,0.2797491789390743
2024.07.24,600026.SH,0.03283199108905634
2024.07.24,000049.SZ,0.058318522581562414
2024.07.24,000020.SZ,0.15415118553807533
2024.07.24,600009.SH,0.14022266664892666
2024.07.24,000041.SZ,0.06327371387185642
2024.07.24,000030.SZ,0.013155721988594318
2024.07.24,600036.SH,0.014641236718895972
2024.07.24,600048.SH,0.02574340795553243
2024.07.24,000008.SZ,0.0931441245068399
2024.07.24,600025.SH,0.08997730751020964
2024.07.24,000009.SZ,0.040029873646256264
2024.07.24,000004.SZ,0.006921302214099099
2024.07.24,000027.SZ,0.18978770506621082
2024.07.24,600013.SH,0.06930263633840603
2024.07.24,600006.SH,0.04465281160208704
2024.07.24,000018.SZ,0.0940553822214919
2024.07.24,600024.SH,0.014590976003784208
2024.07.24,000016.SZ,0.10829142200740333
2024.07.24,600015.SH,0.0014202974690970295
2024.07.24,000046.SZ,0.04716695594753333
2024.07.24,600010.SH,0.014406709564569683
2024.07.24,600019.SH,0.008583429929696774
2024.07.24,600042.SH,0.07262554581947654
2024.07.24,000014.SZ,0.14700964670444427
2024.07.24,600047.SH,0.05053636576036193
2024.07.24,000006.SZ,0.1136611028146217
2024.07.24,000039.SZ,0.017768212417883494
2024.07.24,000042.SZ,0.34791963878217097
2024.07.24,600003.SH,0.15767205701069884
2024.07.24,000033.SZ,0.029791854688074413
2024.07.24,600032.SH,0.08070842736343097
2024.07.24,000040.SZ,0.004816209720070439
2024.07.24,000002.SZ,0.03720843386345611
2024.07.24,600034.SH,0.092203256145275
2024.07.24,600001.SH,0.32462380738533775
2024.07.24,600005.SH,0.005723039156357937
2024.07.24,600014.SH,0.026663984248012643
2024.07.24,600038.SH,0.14495339798051998
2024.07.24,000028.SZ,0.0499456564016511
2024.07.24,000023.SZ,0.15255820960868724
2024.07.24,600004.SH,0.1413008530065028
2024.07.24,000021.SZ,0.06060247906132427
2024.07.24,000050.SZ,0.10209544955095129
2024.07.24,600044.SH,0.027535192671451034
2024.07.24,000015.SZ,0.3811636646780162
2024.07.24,000043.SZ,0.3179856115532811
2024.07.24,000029.SZ,0.020240875112916806
2024.07.24,600043.SH,0.26187309435746287
2024.07.24,000012.SZ,0.017509644728924634
2024.07.24,000034.SZ,0.2846069705704795
2024.07.24,600039.SH,0.41069232147422974
2024.07.25,600006.SH,0.00652892901188717
2024.07.25,000024.SZ,0.20409618646584923
2024.07.25,000013.SZ,0.04391870293677539
2024.07.25,000049.SZ,0.03372164261143988
2024.07.25,600013.SH,0.011063960926424542
2024.07.25,600028.SH,0.14784367222684286
2024.07.25,600005.SH,0.044772938382002844
2024.07.25,000038.SZ,0.055465931768007154
2024.07.25,000036.SZ,0.23290590715262754
2024.07.25,600044.SH,0.03960835204889575
2024.07.25,000045.SZ,0.030777401703277623
2024.07.25,600017.SH,0.11432277792914769
2024.07.25,600029.SH,0.10089149770995
2024.07.25,600041.SH,0.03502284220627469
2024.07.25,600042.SH,0.06785542697273583
2024.07.25,000039.SZ,0.10926493760384673
2024.07.25,000041.SZ,0.022677816512956302
2024.07.25,000008.SZ,0.00229355515262687
2024.07.25,600004.SH,0.05595569936831163
2024.07.25,000017.SZ,0.09044673547494854
2024.07.25,600002.SH,0.22833158922057667
2024.07.25,600047.SH,0.12934511764521267
2024.07.25,000016.SZ,0.03658588581980153
2024.07.25,000007.SZ,0.010341441922521165
2024.07.25,000026.SZ,0.005632471505514761
2024.07.25,000042.SZ,0.09979544366389533
2024.07.25,600018.SH,0.011098942229938609
2024.07.25,600034.SH,0.05037428385675937
2024.07.25,600027.SH,0.20053929393901687
2024.07.25,600038.SH,0.17131779884539045
2024.07.25,600016.SH,0.02692878423500327
2024.07.25,600035.SH,0.09543956580722018
2024.07.25,600036.SH,0.1802691216375183
2024.07.25,000012.SZ,0.4439296547425508
2024.07.25,600033.SH,0.0590914923779894
2024.07.25,000019.SZ,0.10273757971885751
2024.07.25,000029.SZ,0.12818881061558818
2024.07.25,000001.SZ,0.052461526705074986
2024.07.25,000021.SZ,0.1443324657081193
2024.07.25,000022.SZ,0.005041889296681098
2024.07.25,600019.SH,0.10838077089159283
2024.07.25,600046.SH,0.25924010902979205
2024.07.25,600007.SH,0.010107127873856805
2024.07.25,000003.SZ,0.1849012889260254
2024.07.25,000004.SZ,0.006570988857941494
2024.07.25,600012.SH,0.02313608067418805
2024.07.25,000020.SZ,0.00665000213380031
2024.07.25,000011.SZ,0.09678269862245727
2024.07.25,600009.SH,0.08796056498805394
2024.07.25,000005.SZ,0.1705640154718563
2024.07.25,000044.SZ,0.30786787209009325
2024.07.25,000030.SZ,0.13423926324681928
2024.07.25,600030.SH,0.03597199826132641
2024.07.25,600000.SH,0.08111270787987324
2024.07.25,600023.SH,0.04970044215781571
2024.07.25,000002.SZ,0.0905894480915521
2024.07.25,000009.SZ,0.11168965094752036
2024.07.25,000027.SZ,0.49402720008869067
2024.07.25,600011.SH,0.18951453928807843
2024.07.25,000046.SZ,0.023372273567287508
2024.07.25,600026.SH,0.021390018711479893
2024.07.25,000047.SZ,0.037796488081510454
2024.07.25,600022.SH,0.10959103166749634
2024.07.25,600024.SH,0.03677109569316891
2024.07.25,600039.SH,0.009936019174405807
2024.07.25,600014.SH,0.0009649243429976626
2024.07.25,000015.SZ,0.2568699090278143
2024.07.25,600015.SH,0.0024284986934584585
2024.07.25,000043.SZ,0.05316762745608117
2024.07.25,000048.SZ,0.031180675383452372
2024.07.25,600043.SH,0.1516690054570368
2024.07.25,600037.SH,0.0051014279997480694
2024.07.25,600048.SH,0.02014815777797545
2024.07.25,000025.SZ,0.036567669955768496
2024.07.25,600032.SH,0.08648932191421305
2024.07.25,000032.SZ,0.1104362185356134
2024.07.25,600003.SH,0.05972000082478682
2024.07.25,000034.SZ,0.05437904813665574
2024.07.25,000040.SZ,0.10857770337295942
2024.07.25,000010.SZ,0.16822829549707655
2024.07.25,000031.SZ,0.13802623392434266
2024.07.25,000035.SZ,0.1408300767361914
2024.07.25,600045.SH,0.24050820464478817
2024.07.25,600049.SH,0.10917201005702168
2024.07.25,000037.SZ,0.16055301026979812
2024.07.25,600001.SH,0.03350592737780202
2024.07.25,600031.SH,0.1977498598059273
2024.07.25,600008.SH,0.02090941418932642
2024.07.25,000014.SZ,0.05681477141352836
2024.07.25,600040.SH,0.1552785644987967
2024.07.25,000023.SZ,0.11970377895370356
2024.07.25,600025.SH,0.07197872724252581
2024.07.25,600010.SH,0.1325069090251441
2024.07.25,000028.SZ,0.6591467327325704
2024.07.25,000033.SZ,0.048605054648530016
2024.07.25,600020.SH,0.09603221411820162
2024.07.25,000006.SZ,0.051668168381188054
2024.07.25,600021.SH,0.0047133845674802695
2024.07.26,600006.SH,0.11050547005678302
2024.07.26,000020.SZ,0.023258006406891383
2024.07.26,600007.SH,0.04989639258225946
2024.07.26,000014.SZ,0.15096923263291723
2024.07.26,000002.SZ,0.31369340259210954
2024.07.26,600033.SH,0.09584746255974633
2024.07.26,000026.SZ,0.0566373652893805
2024.07.26,000012.SZ,0.24393645867924396
2024.07.26,000009.SZ,0.030334543396813882
2024.07.26,000042.SZ,0.0010315627813347074
2024.07.26,000033.SZ,0.26073429923644537
2024.07.26,000007.SZ,0.07025966450815813
2024.07.26,000031.SZ,0.16310665852452388
2024.07.26,000027.SZ,0.3283145937477952
2024.07.26,600032.SH,0.21131475206250952
2024.07.26,600011.SH,0.02384856182443652
2024.07.26,600044.SH,0.13660509652153785
2024.07.26,600021.SH,0.015117262824523931
2024.07.26,600020.SH,0.07679572934834174
2024.07.26,600042.SH,0.18379844866402814
2024.07.26,600047.SH,0.025426720562198097
2024.07.26,600045.SH,0.08960252880493978
2024.07.26,600024.SH,0.10328700215625393
2024.07.26,000039.SZ,0.3890868280224854
2024.07.26,600012.SH,0.016453829901806213
2024.07.26,000043.SZ,0.32180231465373565
2024.07.26,000045.SZ,0.2128077891023162
2024.07.26,600043.SH,0.03478440455447407
2024.07.26,000010.SZ,0.07243409573822955
2024.07.26,600036.SH,0.1338156515426369
2024.07.26,000018.SZ,0.1634707659432798
2024.07.26,000001.SZ,0.04507873777597377
2024.07.26,600034.SH,0.07727557003652821
2024.07.26,600001.SH,1.0329176927908974
2024.07.26,600013.SH,0.13958212671865258
2024.07.26,000040.SZ,0.0322242896311364
2024.07.26,000004.SZ,0.0015848251576015963
2024.07.26,000029.SZ,0.0008532913252298785
2024.07.26,000025.SZ,0.033334692944329475
2024.07.26,000028.SZ,0.1207255820904865
2024.07.26,000017.SZ,0.06132465260414751
2024.07.26,000041.SZ,0.15581576303837938
2024.07.26,000032.SZ,0.3200961740087637
2024.07.26,000048.SZ,0.0022373951186466074
2024.07.26,600014.SH,0.1264423066253047
2024.07.26,600030.SH,0.029913020773015615
2024.07.26,000036.SZ,0.13492233056512515
2024.07.26,600010.SH,0.08223117488057205
2024.07.26,600037.SH,0.0587811807550266
2024.07.26,600019.SH,0.08165359615130988
2024.07.26,000047.SZ,0.380721531487775
2024.07.26,600049.SH,0.30088845111332235
2024.07.26,600002.SH,0.02905377804500686
2024.07.26,000008.SZ,0.01443461364544659
2024.07.26,000044.SZ,0.08495489614162383
2024.07.26,000003.SZ,0.18996609073072523
2024.07.26,600029.SH,0.13414280523119224
2024.07.26,000035.SZ,0.07566663764183139
2024.07.26,000050.SZ,0.15427273121680135
2024.07.26,600022.SH,0.20518281114401116
2024.07.26,000046.SZ,0.017252445030686625
2024.07.26,600000.SH,0.10855777610163563
2024.07.26,600038.SH,0.054867673982988564
2024.07.26,000013.SZ,0.023779281944443238
2024.07.26,600026.SH,0.198859199106081
2024.07.26,600025.SH,0.212830153622146
2024.07.26,600005.SH,0.09119085130415681
2024.07.26,600017.SH,0.3637420314376385
2024.07.26,000037.SZ,0.16389605972950355
2024.07.26,600023.SH,0.012006535945649793
2024.07.26,000006.SZ,0.004775412856452235
2024.07.26,600041.SH,0.17135443460150268
2024.07.26,600018.SH,0.05909004974239597
2024.07.26,000023.SZ,0.024752085521432095
2024.07.26,600039.SH,0.023491421996709335
2024.07.26,000024.SZ,0.12855296586796325
2024.07.26,000049.SZ,0.21927916635672937
2024.07.26,600040.SH,0.006661135130067721
2024.07.26,600027.SH,0.5234260015893566
2024.07.26,600008.SH,0.060379492167380415
2024.07.26,000038.SZ,0.07000373561612393
2024.07.26,000015.SZ,0.00042064554090656545
2024.07.26,000022.SZ,0.00789105097146257
2024.07.26,600048.SH,0.17462486520413856
2024.07.26,600035.SH,0.1552973512117603
2024.07.26,000019.SZ,0.07165831624460653
2024.07.26,000030.SZ,0.29284247383371026
2024.07.26,600028.SH,0.01090063960839464
2024.07.26,000005.SZ,0.07611112582983875
2024.07.26,600015.SH,0.0936707251613972
2024.07.26,600031.SH,0.04096542606252391
2024.07.26,600016.SH,0.130780629984902
2024.07.26,000016.SZ,0.1603333205534336
2024.07.26,000021.SZ,0.15203252814039414
2024.07.26,000034.SZ,0.12778017022081598
2024.07.26,600046.SH,0.16538121297333147
2024.07.29,600018.SH,0.1509400769862864
2024.07.29,000049.SZ,0.2977384011975941
2024.07.29,000008.SZ,0.010891458954897406
2024.07.29,000029.SZ,0.1258413632553525
2024.07.29,000041.SZ,0.1963935782734607
2024.07.29,600026.SH,0.011407144319075437
2024.07.29,000031.SZ,0.10862588772439072
2024.07.29,000017.SZ,0.07651163755902607
2024.07.29,600022.SH,0.01703906468090711
2024.07.29,000042.SZ,0.06813892349643347
2024.07.29,600024.SH,0.15183270257075482
2024.07.29,000044.SZ,0.015088583369172445
2024.07.29,600029.SH,0.4597885433711381
2024.07.29,000001.SZ,0.10514020234635917
2024.07.29,000043.SZ,0.008727222286416385
2024.07.29,600028.SH,0.05222814575812749
2024.07.29,600011.SH,0.0045492839428525325
2024.07.29,000018.SZ,0.12371621663252033
2024.07.29,600033.SH,0.0975535558590364
2024.07.29,000007.SZ,0.15382558343557237
2024.07.29,000014.SZ,0.06160116864027511
2024.07.29,600015.SH,0.20593222574702727
2024.07.29,600020.SH,0.13553891336476548
2024.07.29,000009.SZ,0.5310347030049466
2024.07.29,600032.SH,0.023826883603894344
2024.07.29,000025.SZ,0.01907355007754449
2024.07.29,600004.SH,0.035875626896174455
2024.07.29,600040.SH,0.0414953357277123
2024.07.29,600021.SH,0.03540810301866474
2024.07.29,000034.SZ,0.04530743063581654
2024.07.29,000048.SZ,0.21318360019326832
2024.07.29,000028.SZ,0.0017460989036686173
2024.07.29,000032.SZ,0.10140985152804495
2024.07.29,600007.SH,0.0837787692490047
2024.07.29,000022.SZ,0.16061178476298013
2024.07.29,600027.SH,0.29831103743671245
2024.07.29,000046.SZ,0.29387398320963115
2024.07.29,600001.SH,0.07601305329409495
2024.07.29,600045.SH,0.010719511083256274
2024.07.29,600010.SH,0.03155940599402685
2024.07.29,600009.SH,0.03656182818915957
2024.07.29,000030.SZ,0.14812138892327298
2024.07.29,000040.SZ,0.030628204375194704
2024.07.29,600002.SH,0.20368159488790036
2024.07.29,000010.SZ,0.06111435030493239
2024.07.29,000038.SZ,0.06581948881146163
2024.07.29,600048.SH,0.18992206988592483
2024.07.29,000026.SZ,0.11125225730655745
2024.07.29,600003.SH,0.08412758561457842
2024.07.29,000013.SZ,0.1809311503436634
2024.07.29,600044.SH,0.29646983572064173
2024.07.29,600014.SH,0.03563831688040042
2024.07.29,600006.SH,0.00974543205817716
2024.07.29,600016.SH,0.10162804749384255
2024.07.29,600047.SH,0.01873406426972193
2024.07.29,600017.SH,0.06664918339989938
2024.07.29,000020.SZ,0.3374278153587321
2024.07.29,000023.SZ,0.09686361636316734
2024.07.29,600035.SH,0.048513201320579895
2024.07.29,600041.SH,0.11422663983109319
2024.07.29,600042.SH,0.8997426468885417
2024.07.29,000011.SZ,0.3383298938304933
2024.07.29,600037.SH,0.005078935313091721
2024.07.29,000015.SZ,0.040100825909714664
2024.07.29,600031.SH,0.1625613050827591
2024.07.29,000035.SZ,0.19450153198148284
2024.07.29,000003.SZ,0.2012063056744523
2024.07.29,000016.SZ,0.2619908389340505
2024.07.29,600043.SH,0.026577910742769353
2024.07.29,600005.SH,0.005655039991831689
2024.07.29,000021.SZ,0.043815472389433216
2024.07.29,000050.SZ,0.054176288117878474
2024.07.29,000012.SZ,0.02186672592722058
2024.07.29,000006.SZ,0.14995692552561146
2024.07.29,600038.SH,0.0575717494610237
2024.07.29,000039.SZ,0.858055030713615
2024.07.29,000019.SZ,0.2279396943801113
2024.07.29,000037.SZ,0.0822072259093137
2024.07.29,600046.SH,0.006311824656628797
2024.07.29,000004.SZ,0.0711901578773701
2024.07.29,600012.SH,0.1874814425084442
2024.07.29,600013.SH,0.10320865803223157
2024.07.29,000027.SZ,0.1744072576471782
2024.07.29,000024.SZ,0.015519409558392715
2024.07.29,600023.SH,0.10295771529686944
2024.07.29,600039.SH,0.01247132699107173
2024.07.29,600036.SH,0.035319479348699896
2024.07.29,000033.SZ,0.1665728278409047
2024.07.29,000005.SZ,0.03233811128875773
2024.07.29,000036.SZ,0.08147684056664843
2024.07.29,600000.SH,0.049939231925878555
2024.07.29,600034.SH,0.1600247787270561
2024.07.29,600030.SH,0.16782231189532706
2024.07.29,600025.SH,0.08676204330357828
2024.07.29,000045.SZ,0.07354446943826629
2024.07.29,000047.SZ,0.2597491163210282
2024.07.30,000046.SZ,0.07042969713568897
2024.07.30,600018.SH,0.13136860177627407
2024.07.30,600045.SH,0.342594306996961
2024.07.30,600003.SH,0.10418383389250989
2024.07.30,600004.SH,0.2605760426510201
2024.07.30,600034.SH,0.033398086593566974
2024.07.30,000013.SZ,0.2622832831049327
2024.07.30,000048.SZ,0.025372035816744243
2024.07.30,600036.SH,0.08708356254172973
2024.07.30,000034.SZ,0.38838887864445704
2024.07.30,600023.SH,0.19203412904905956
2024.07.30,000011.SZ,0.13215021414108624
2024.07.30,600006.SH,0.026355913410092177
2024.07.30,600031.SH,0.08914572877660834
2024.07.30,000006.SZ,0.01999538773139921
2024.07.30,000041.SZ,0.010761748415561817
2024.07.30,000030.SZ,0.033077046318189376
2024.07.30,600000.SH,0.027449498196783807
2024.07.30,000039.SZ,0.08614704264148626
2024.07.30,000014.SZ,0.5588664809375532
2024.07.30,600038.SH,0.11169904127459422
2024.07.30,000022.SZ,0.002626624189545295
2024.07.30,600037.SH,0.4838902372434407
2024.07.30,600044.SH,0.09875562592411802
2024.07.30,000040.SZ,0.19489113616676437
2024.07.30,600016.SH,0.1820760647615389
2024.07.30,600039.SH,0.10217309700604428
2024.07.30,600022.SH,0.2174225058084144
2024.07.30,000021.SZ,0.020570306962063956
2024.07.30,600002.SH,0.17809370679372116
2024.07.30,600030.SH,0.4162311685799503
2024.07.30,000025.SZ,0.04072721248700502
2024.07.30,000029.SZ,0.008369889011997943
2024.07.30,600042.SH,0.048281352177224277
2024.07.30,600048.SH,0.17229149803582844
2024.07.30,000020.SZ,0.11975365486516981
2024.07.30,000033.SZ,0.12149538983013669
2024.07.30,000044.SZ,0.08567083082891765
2024.07.30,600013.SH,0.08717286038469099
2024.07.30,000017.SZ,0.024857365188065004
2024.07.30,000036.SZ,0.0006282050560725201
2024.07.30,600012.SH,0.18000834202273042
2024.07.30,000043.SZ,0.1325437971223797
2024.07.30,000015.SZ,0.045742642800413486
2024.07.30,000031.SZ,0.004040403248403079
2024.07.30,000035.SZ,0.032069413733741045
2024.07.30,000037.SZ,0.06182279125868942
2024.07.30,000003.SZ,0.16685534182396478
2024.07.30,600008.SH,0.057784106610515064
2024.07.30,600017.SH,0.20437166456336556
2024.07.30,000050.SZ,0.1362867247113462
2024.07.30,000009.SZ,0.01497654032915509
2024.07.30,600046.SH,0.022245689067881127
2024.07.30,000047.SZ,0.15242622011208756
2024.07.30,000004.SZ,0.11865349500145135
2024.07.30,600033.SH,0.014807879319197324
2024.07.30,600032.SH,0.004833715306969081
2024.07.30,000049.SZ,0.009879005573798031
2024.07.30,000023.SZ,0.41723528815769123
2024.07.30,600035.SH,0.21003229675063276
2024.07.30,600027.SH,0.10860759740529156
2024.07.30,000007.SZ,0.04606631379073806
2024.07.30,600020.SH,0.09601438586612832
2024.07.30,600043.SH,0.14565566960473414
2024.07.30,000001.SZ,0.11103325654164707
2024.07.30,000032.SZ,0.10293721511688941
2024.07.30,600010.SH,0.18637514653526213
2024.07.30,600040.SH,0.02047342144726426
2024.07.30,000005.SZ,0.03584680622356413
2024.07.30,000019.SZ,0.0654660446620217
2024.07.30,600028.SH,0.08305203897849986
2024.07.30,600024.SH,0.09226325088088709
2024.07.30,600005.SH,0.6485387159193866
2024.07.30,000012.SZ,0.13949895462720083
2024.07.30,000016.SZ,0.023310808110151363
2024.07.30,600009.SH,0.22676331574054845
2024.07.30,600025.SH,0.6374588369834794
2024.07.30,000027.SZ,0.07093809902182625
2024.07.30,000010.SZ,0.09574734926963119
2024.07.30,600011.SH,0.018671265182821722
2024.07.30,000024.SZ,0.04837999454576351
2024.07.30,000038.SZ,0.015616411983730412
2024.07.30,000018.SZ,0.13194036455405755
2024.07.30,000045.SZ,0.03970458286134801
2024.07.30,600049.SH,0.10411264642044568
2024.07.30,000002.SZ,0.1687188967410888
2024.07.30,600026.SH,0.02065381561019956
2024.07.30,600047.SH,0.14086441465606825
2024.07.30,600015.SH,0.26390854810847814
2024.07.30,600019.SH,0.050252952055981306
2024.07.30,000028.SZ,0.001782846420211222
2024.07.30,000026.SZ,0.049926675891869846
2024.07.30,000008.SZ,0.028647812050023397
2024.07.30,600001.SH,0.08139688854854436
2024.07.30,600029.SH,0.05825501636303211
2024.07.30,600021.SH,0.10634117638692163
2024.07.31,600033.SH,0.3120801563719175
2024.07.31,000033.SZ,0.14489156155606164
2024.07.31,000049.SZ,0.08050180214864014
2024.07.31,000006.SZ,0.14076673820482186
2024.07.31,600007.SH,0.12219334842650978
2024.07.31,600003.SH,0.21216493026366443
2024.07.31,000016.SZ,0.34953749862831557
2024.07.31,000036.SZ,0.024675881069451906
2024.07.31,600001.SH,0.19172356801636883
2024.07.31,000024.SZ,0.03595289665810588
2024.07.31,000017.SZ,0.20646576544674727
2024.07.31,600038.SH,0.04077361028490469
2024.07.31,600014.SH,0.18201006053536556
2024.07.31,600000.SH,0.031219265295725586
2024.07.31,600010.SH,0.22711317790642696
2024.07.31,000023.SZ,0.08479028298350072
2024.07.31,600049.SH,0.04262033047201883
2024.07.31,000007.SZ,0.07394587017603547
2024.07.31,000041.SZ,0.07455913238908338
2024.07.31,600004.SH,0.11674472194974916
2024.07.31,600022.SH,0.008426193203135968
2024.07.31,600012.SH,0.11669423921429116
2024.07.31,000035.SZ,0.0012514491172586127
2024.07.31,600002.SH,0.17117886044781305
2024.07.31,600027.SH,0.2210150696093509
2024.07.31,000002.SZ,0.06431327411550147
2024.07.31,000020.SZ,0.30090006497084604
2024.07.31,600023.SH,0.06024679283831644
2024.07.31,000022.SZ,0.07003512228120036
2024.07.31,600017.SH,0.048833061101957474
2024.07.31,000012.SZ,0.024421722341457185
2024.07.31,000010.SZ,0.2853258984006147
2024.07.31,600028.SH,0.003440755837149994
2024.07.31,600034.SH,0.06812064364344284
2024.07.31,600045.SH,0.07261566058903865
2024.07.31,600040.SH,0.23029722668559
2024.07.31,600042.SH,0.13606946910056697
2024.07.31,000021.SZ,0.2592697790899392
2024.07.31,600011.SH,0.31119122209941336
2024.07.31,000039.SZ,0.11104919465446894
2024.07.31,000032.SZ,0.18655533258529358
2024.07.31,000038.SZ,0.05562468501952589
2024.07.31,000050.SZ,0.17460571806942085
2024.07.31,000003.SZ,0.22381193904000776
2024.07.31,000040.SZ,0.064575874085048
2024.07.31,000027.SZ,0.15602734601467433
2024.07.31,000018.SZ,0.5326791717726063
2024.07.31,600016.SH,0.048957477607550204
2024.07.31,600031.SH,0.00441833094984527
2024.07.31,600035.SH,0.1490077182496089
2024.07.31,600032.SH,0.030653716270842738
2024.07.31,600006.SH,0.2008393143620139
2024.07.31,600046.SH,0.2111891982487774
2024.07.31,600026.SH,0.06676590613418364
2024.07.31,000030.SZ,0.020887136436686573
2024.07.31,000034.SZ,0.025330217524353157
2024.07.31,600039.SH,0.11446204959555054
2024.07.31,600043.SH,0.07661839634874551
2024.07.31,000026.SZ,0.13830096556792343
2024.07.31,600047.SH,0.03426517395443391
2024.07.31,000044.SZ,0.05334188205342453
2024.07.31,600044.SH,0.4959966270437296
2024.07.31,000004.SZ,0.10412572752725936
2024.07.31,600041.SH,0.16212560096184403
2024.07.31,600005.SH,0.15851826530304436
2024.07.31,000014.SZ,0.08546239368999854
2024.07.31,000037.SZ,0.007482690260666284
2024.07.31,000048.SZ,0.10058558362540224
2024.07.31,000043.SZ,0.048753602017798915
2024.07.31,000009.SZ,0.027336498240617787
2024.07.31,000029.SZ,0.13216663856402255
2024.07.31,600030.SH,0.388317469213634
2024.07.31,000031.SZ,0.13678748214952177
2024.07.31,000013.SZ,0.028255690118370615
2024.07.31,600021.SH,0.18325710347312615
2024.07.31,600029.SH,0.02688244569245942
2024.07.31,000025.SZ,0.04047335125270206
2024.07.31,600036.SH,0.09717064303600444
2024.07.31,000005.SZ,0.0045636347988574555
2024.07.31,000015.SZ,0.16618032513464642
2024.07.31,600024.SH,0.014022749675004784
2024.07.31,000001.SZ,0.033827202341862456
2024.07.31,600013.SH,0.0562203848554979
2024.07.31,000047.SZ,0.030205305402809704
2024.07.31,000011.SZ,0.08520016658077803
2024.07.31,600037.SH,0.022551480260701633
2024.07.31,600015.SH,0.013820098040863996
2024.07.31,000028.SZ,0.10967369085308738
2024.07.31,600018.SH,0.18290243664410827
2024.07.31,000042.SZ,0.023107300290906182
2024.07.31,600048.SH,0.03770663805564234
2024.07.31,600008.SH,0.2313821060111702
2024.07.31,600009.SH,0.3822703802036245
2024.07.31,000046.SZ,0.13642560298500728
2024.07.31,000045.SZ,0.06937276679798265
2024.07.31,600019.SH,0.10505305836802321
2024.07.31,600025.SH,0.17798528903122493
2024.07.31,000008.SZ,0.14456585128480634
2024.08.01,600006.SH,0.29540241881537344
2024.08.01,600036.SH,0.0009271345613253829
2024.08.01,600000.SH,0.11337825216012708
2024.08.01,600032.SH,0.09381285276944369
2024.08.01,000012.SZ,0.0173765559843212
2024.08.01,000015.SZ,0.0074454343943451025
2024.08.01,600031.SH,0.01101898616408286
2024.08.01,600049.SH,0.06752987455390722
2024.08.01,600024.SH,0.03640719216224545
2024.08.01,600037.SH,0.10126134380264844
2024.08.01,600021.SH,0.001134133637096174
2024.08.01,600048.SH,0.45929128764124105
2024.08.01,000019.SZ,0.005496992786109074
2024.08.01,000024.SZ,0.09744579747336504
2024.08.01,000049.SZ,0.14333262945606604
2024.08.01,000044.SZ,0.06788152338594061
2024.08.01,000031.SZ,0.019559536491647753
2024.08.01,000018.SZ,0.01574469452323184
2024.08.01,000013.SZ,0.08063316924670084
2024.08.01,600005.SH,0.0337943059733444
2024.08.01,600019.SH,0.20586170760158506
2024.08.01,600008.SH,0.01837156419312514
2024.08.01,000001.SZ,0.08566149219095166
2024.08.01,600047.SH,0.09247207621344536
2024.08.01,000048.SZ,0.21858653119710195
2024.08.01,600018.SH,0.1752189550614367
2024.08.01,000023.SZ,0.16919719175328235
2024.08.01,600030.SH,0.12444433875549676
2024.08.01,600038.SH,0.0389676753002023
2024.08.01,000050.SZ,0.06689303750095789
2024.08.01,000043.SZ,0.3582654544909035
2024.08.01,000021.SZ,0.03153381410402438
2024.08.01,000038.SZ,0.2719798047738189
2024.08.01,000014.SZ,0.124308645677382
2024.08.01,600044.SH,0.1907310429261176
2024.08.01,000010.SZ,0.2558057341233504
2024.08.01,000017.SZ,0.28068701712915906
2024.08.01,000007.SZ,0.09327247146307471
2024.08.01,600026.SH,0.013491280139583969
2024.08.01,600025.SH,0.08236604517553475
2024.08.01,000004.SZ,0.058865328136958175
2024.08.01,600042.SH,0.19413944217870333
2024.08.01,000047.SZ,0.003051373287479016
2024.08.01,000030.SZ,0.13847024859864185
2024.08.01,600016.SH,0.03490754033057073
2024.08.01,000016.SZ,0.23332386924423765
2024.08.01,000022.SZ,0.07602375008862278
2024.08.01,600027.SH,0.6475279790109837
2024.08.01,600029.SH,0.1438959271879134
2024.08.01,600011.SH,0.006521551664568715
2024.08.01,000006.SZ,0.0650552677384358
2024.08.01,600041.SH,0.14876270345273304
2024.08.01,000005.SZ,0.04921033213224379
2024.08.01,000029.SZ,0.09798754943713567
2024.08.01,000027.SZ,0.3072871390934265
2024.08.01,600015.SH,0.060431552785891726
2024.08.01,600023.SH,0.06495703826785448
2024.08.01,600046.SH,0.06477088272384786
2024.08.01,000028.SZ,0.14073041587043691
2024.08.01,000011.SZ,0.3165373948509342
2024.08.01,600034.SH,0.23796198938979848
2024.08.01,600035.SH,0.04419911658962971
2024.08.01,000041.SZ,0.16427775407371686
2024.08.01,000036.SZ,0.0341495849033087
2024.08.01,000009.SZ,0.1701853413130001
2024.08.01,600007.SH,0.002355292160338864
2024.08.01,000020.SZ,0.32609438404831753
2024.08.01,000039.SZ,0.18344022350290165
2024.08.01,600001.SH,0.07807902763320046
2024.08.01,000033.SZ,0.05678874374155027
2024.08.01,600014.SH,0.023370576507987677
2024.08.01,000034.SZ,0.06300177648049914
2024.08.01,600002.SH,0.03490064387074277
2024.08.01,000026.SZ,0.005449186858999734
2024.08.01,000037.SZ,0.09778096678275824
2024.08.01,000045.SZ,0.08309513142532449
2024.08.01,600033.SH,0.04060905310643552
2024.08.01,600003.SH,0.11355470384829602
2024.08.01,000046.SZ,0.41425139379989756
2024.08.01,000032.SZ,0.15448135514185232
2024.08.01,000002.SZ,0.23144590540730342
2024.08.01,600039.SH,0.14370685397975974
2024.08.01,600013.SH,0.053086166249990976
2024.08.01,000008.SZ,0.0009562134518102893
2024.08.01,600009.SH,0.2371777717696164
2024.08.01,600012.SH,0.045718883858486964
2024.08.01,600043.SH,0.05849142322202731
2024.08.01,600020.SH,0.6732627279578043
2024.08.01,600010.SH,0.26804379404784084
2024.08.01,600028.SH,0.013058989999096543
2024.08.01,600045.SH,0.09515586476333668
2024.08.01,000025.SZ,0.08017539892182378
2024.08.01,600022.SH,0.014629045957736793
2024.08.01,000035.SZ,0.27114630391230543
2024.08.01,600040.SH,0.13310958909692389
2024.08.01,600004.SH,0.22311931473729776
2024.08.02,000050.SZ,0.1149874274658618
2024.08.02,600003.SH,0.07731162024741557
2024.08.02,600006.SH,0.10839787863561595
2024.08.02,000029.SZ,0.20159731525338298
2024.08.02,000024.SZ,0.08230905580147604
2024.08.02,600039.SH,0.1808498063575018
2024.08.02,000010.SZ,0.016602632273511612
2024.08.02,600005.SH,0.05435658596711569
2024.08.02,000037.SZ,0.2182499801299481
2024.08.02,000045.SZ,0.03322449382638096
2024.08.02,000023.SZ,0.18037851170941874
2024.08.02,000006.SZ,0.12684389826319453
2024.08.02,000034.SZ,0.12472072812581762
2024.08.02,000017.SZ,0.16719725951073897
2024.08.02,000031.SZ,0.04954360032366359
2024.08.02,600021.SH,0.01303141405990731
2024.08.02,000022.SZ,0.08753789277850141
2024.08.02,000035.SZ,0.021579318726406012
2024.08.02,600012.SH,0.004578795497545168
2024.08.02,600034.SH,0.06040239512903797
2024.08.02,600018.SH,0.04985274701220208
2024.08.02,600041.SH,0.02939543799086208
2024.08.02,600045.SH,0.20477014781292208
2024.08.02,000008.SZ,0.23688227738636222
2024.08.02,000043.SZ,0.04157801908419164
2024.08.02,000004.SZ,0.07217399217249341
2024.08.02,600015.SH,0.08129098892347326
2024.08.02,000015.SZ,0.02800484786427315
2024.08.02,600049.SH,0.009146733904260058
2024.08.02,000019.SZ,0.45185522252267146
2024.08.02,600008.SH,0.07247937583619272
2024.08.02,600043.SH,0.018931286259273015
2024.08.02,600011.SH,0.04802125005283245
2024.08.02,000040.SZ,0.16453156987435896
2024.08.02,000027.SZ,0.012405184167726133
2024.08.02,000007.SZ,0.050536463254335154
2024.08.02,000026.SZ,0.09160020855522735
2024.08.02,600025.SH,0.3269401944762568
2024.08.02,600037.SH,0.11447248033514372
2024.08.02,000036.SZ,0.07470570368775947
2024.08.02,000021.SZ,0.00264027310625836
2024.08.02,600030.SH,0.03411088101554813
2024.08.02,600038.SH,0.0696332825249308
2024.08.02,600017.SH,0.17843851523812998
2024.08.02,600001.SH,0.04313800049692554
2024.08.02,600000.SH,0.1456146613587545
2024.08.02,600010.SH,0.05455755507909045
2024.08.02,000028.SZ,0.10034176325998735
2024.08.02,000011.SZ,0.012023057523080208
2024.08.02,000002.SZ,0.02839818578973041
2024.08.02,600036.SH,0.0455258903779505
2024.08.02,000041.SZ,0.07851525270501754
2024.08.02,600042.SH,0.2054473711880946
2024.08.02,600009.SH,0.21162499670867843
2024.08.02,000042.SZ,0.13378567844916345
2024.08.02,600024.SH,0.05355411977193487
2024.08.02,000001.SZ,0.07709735420850414
2024.08.02,600028.SH,0.24316095922089873
2024.08.02,000005.SZ,0.033623058088809415
2024.08.02,000030.SZ,0.24906111314201668
2024.08.02,000009.SZ,0.06354088350959755
2024.08.02,000033.SZ,0.010704776552856857
2024.08.02,600007.SH,0.08696444871124652
2024.08.02,600048.SH,0.24381517020243543
2024.08.02,600016.SH,0.41124508691970413
2024.08.02,000014.SZ,0.028147523893788627
2024.08.02,600044.SH,0.09235935486229006
2024.08.02,000025.SZ,0.18060530655268678
2024.08.02,600029.SH,0.1612098089841367
2024.08.02,000044.SZ,0.5871893079109548
2024.08.02,000032.SZ,0.0021674349402100463
2024.08.02,600031.SH,0.05381237411734553
2024.08.02,600013.SH,0.2348101865220358
2024.08.02,600022.SH,0.015176870389157512
2024.08.02,600032.SH,0.2594612120528379
2024.08.02,000039.SZ,0.05365624977071362
2024.08.02,000049.SZ,0.005893621282065775
2024.08.02,600035.SH,0.06771487560563978
2024.08.02,000012.SZ,0.13428618573335854
2024.08.02,600046.SH,0.02925772885803651
2024.08.02,000013.SZ,0.2247579142438187
2024.08.02,000048.SZ,0.033020112174385705
2024.08.02,000003.SZ,0.0675274039900069
2024.08.02,600047.SH,0.03882861755093132
2024.08.02,000046.SZ,0.10334878259446702
2024.08.02,600004.SH,0.1843465071974659
2024.08.02,000020.SZ,0.3438585346057909
2024.08.02,600027.SH,0.16885887673747962
2024.08.02,600014.SH,0.22215055287986823
2024.08.02,600023.SH,0.38088430736149054
2024.08.02,000018.SZ,0.05996294286661993
2024.08.02,000047.SZ,0.055559053831810395
2024.08.02,600002.SH,0.023315386939285407
2024.08.02,000038.SZ,0.13565373846346698
2024.08.02,000016.SZ,0.12577954060294916
2024.08.02,600040.SH,0.3264198812164502
2024.08.05,600036.SH,0.0335067435250217
2024.08.05,000008.SZ,0.14680513212930288
2024.08.05,000042.SZ,0.1563910262861773
2024.08.05,600035.SH,0.006303287122889971
2024.08.05,600023.SH,0.0952306458612477
2024.08.05,600044.SH,0.14949915569754027
2024.08.05,600039.SH,0.01117045079331596
2024.08.05,600021.SH,0.01096131240977655
2024.08.05,600030.SH,0.07581209810580702
2024.08.05,000036.SZ,0.2302802675649621
2024.08.05,000014.SZ,0.15228716191190084
2024.08.05,600037.SH,0.1691026688082785
2024.08.05,600015.SH,0.07629154377055007
2024.08.05,000031.SZ,0.38702772062526275
2024.08.05,600048.SH,0.17999399831254156
2024.08.05,600047.SH,0.010749639189218037
2024.08.05,000005.SZ,0.013202771529684076
2024.08.05,000034.SZ,0.15866947698939862
2024.08.05,600026.SH,0.31887845106188284
2024.08.05,000019.SZ,0.14972492547790275
2024.08.05,000006.SZ,0.00540138251862749
2024.08.05,600025.SH,0.18338081623244118
2024.08.05,600010.SH,0.07352066351817416
2024.08.05,000004.SZ,0.3158065402876368
2024.08.05,600028.SH,0.04217528921148028
2024.08.05,600002.SH,0.2568655927407264
2024.08.05,600007.SH,0.2969066722455208
2024.08.05,000002.SZ,0.05323437701767472
2024.08.05,600009.SH,0.07400068509071882
2024.08.05,000009.SZ,0.041692053280714264
2024.08.05,600041.SH,0.05377197989575141
2024.08.05,000024.SZ,0.1178149587971437
2024.08.05,000025.SZ,0.030828914649985252
2024.08.05,600032.SH,0.21079620304905028
2024.08.05,000043.SZ,0.23236509543929235
2024.08.05,000021.SZ,0.018036246172388217
2024.08.05,600016.SH,0.11661814094806318
2024.08.05,000007.SZ,0.03574251973893291
2024.08.05,000023.SZ,0.13613402279476705
2024.08.05,000022.SZ,0.02910727678610568
2024.08.05,000028.SZ,0.052575519007491675
2024.08.05,600011.SH,0.1319813731617187
2024.08.05,600005.SH,0.03256356013292872
2024.08.05,000026.SZ,0.17301363816935675
2024.08.05,000033.SZ,0.012249277919011614
2024.08.05,600038.SH,0.09862690409022946
2024.08.05,000041.SZ,0.03526689764024327
2024.08.05,000038.SZ,0.30366817366946075
2024.08.05,000037.SZ,0.11840580381637435
2024.08.05,600043.SH,0.03372665249463241
2024.08.05,600001.SH,0.1321849176310057
2024.08.05,000049.SZ,0.01058521383090431
2024.08.05,000012.SZ,0.05369699899306255
2024.08.05,600042.SH,0.043000813456017604
2024.08.05,000045.SZ,0.014512826350837678
2024.08.05,000027.SZ,0.062058012886805035
2024.08.05,600033.SH,0.36517849923025436
2024.08.05,000039.SZ,0.10044632906411596
2024.08.05,600029.SH,0.00039356013025830137
2024.08.05,600014.SH,0.020962607159457334
2024.08.05,600008.SH,0.014827336340449021
2024.08.05,600018.SH,0.10437160135277439
2024.08.05,600019.SH,0.030106575964817594
2024.08.05,600000.SH,0.011909125270338952
2024.08.05,000047.SZ,0.09152631336181828
2024.08.05,000029.SZ,0.07558854903890388
2024.08.05,000046.SZ,0.040831181173411994
2024.08.05,600004.SH,0.01039943390281513
2024.08.05,000020.SZ,0.014110552886213532
2024.08.05,600006.SH,0.19886085701094794
2024.08.05,000003.SZ,0.018482695276606433
2024.08.05,000035.SZ,0.019905296346570407
2024.08.05,000018.SZ,0.012465241983881001
2024.08.05,600034.SH,0.10255017351684503
2024.08.05,600024.SH,0.4006609770769702
2024.08.05,000048.SZ,0.03795507925438689
2024.08.05,000001.SZ,0.018650662517296347
2024.08.05,600003.SH,0.24712733216512295
2024.08.05,600027.SH,0.0833038254864397
2024.08.05,000015.SZ,0.11263715342074973
2024.08.05,600046.SH,0.13632943408842227
2024.08.05,000016.SZ,0.15955675998159558
2024.08.05,600031.SH,0.033814880009684974
2024.08.05,000032.SZ,0.00234927318165345
2024.08.05,000013.SZ,0.07313849953099025
2024.08.05,600049.SH,0.13899662629986995
2024.08.05,000011.SZ,0.03616090577231469
2024.08.05,600040.SH,0.18710010386559647
2024.08.05,000040.SZ,0.03842576774308223
2024.08.05,000030.SZ,0.09893227610466611
2024.08.05,600012.SH,0.029305392941847648
2024.08.05,600017.SH,0.0164659613469433
2024.08.05,000010.SZ,0.156993147554156
2024.08.05,600022.SH,0.1995504968555572
2024.08.05,000017.SZ,0.17266816585328082
2024.08.05,000050.SZ,0.21649565970840393
2024.08.05,600020.SH,0.02953004150530852
2024.08.05,600045.SH,0.047420149978428076
2024.08.06,600002.SH,0.04201950033008665
2024.08.06,000030.SZ,0.6708136711314714
2024.08.06,600033.SH,0.03360627250817968
2024.08.06,000024.SZ,0.019321711294397474
2024.08.06,600049.SH,0.11403870100744004
2024.08.06,600045.SH,0.14521063127553016
2024.08.06,000049.SZ,0.0247550288715664
2024.08.06,600035.SH,0.040624030232634584
2024.08.06,600039.SH,0.0014517017181274116
2024.08.06,000012.SZ,0.09709984960125967
2024.08.06,000047.SZ,0.32280769366120826
2024.08.06,600000.SH,0.16753650376628018
2024.08.06,000005.SZ,0.13065024170986503
2024.08.06,000022.SZ,0.05113728273427056
2024.08.06,600011.SH,0.21961591244637288
2024.08.06,600019.SH,0.024307845888321074
2024.08.06,600013.SH,0.07213682921158782
2024.08.06,600029.SH,0.14259377584711694
2024.08.06,600018.SH,0.003323979525530979
2024.08.06,600006.SH,0.40272396801787624
2024.08.06,600008.SH,0.2902710713530369
2024.08.06,000039.SZ,0.03427222750128922
2024.08.06,600023.SH,0.03102109825241511
2024.08.06,000026.SZ,0.30918938053572703
2024.08.06,000017.SZ,0.008966002584412318
2024.08.06,600016.SH,0.008815864286772378
2024.08.06,000016.SZ,0.11300769811936959
2024.08.06,000003.SZ,0.2753909775690522
2024.08.06,600024.SH,0.01351142675280206
2024.08.06,000031.SZ,0.14441218424311186
2024.08.06,600022.SH,0.11714945810239515
2024.08.06,600048.SH,0.15448674958346004
2024.08.06,000008.SZ,0.007249767775896912
2024.08.06,000002.SZ,0.05144133685295533
2024.08.06,000040.SZ,0.03797575382914814
2024.08.06,000010.SZ,0.0066153512391342525
2024.08.06,600014.SH,0.2283370846142854
2024.08.06,600034.SH,0.10389560732600088
2024.08.06,600036.SH,0.35244920184230694
2024.08.06,000048.SZ,0.012292062353977135
2024.08.06,000038.SZ,0.022117517327946715
2024.08.06,600030.SH,0.16768769467563474
2024.08.06,600005.SH,0.3560146677924734
2024.08.06,600021.SH,0.030980545152040233
2024.08.06,000013.SZ,0.030751938763348433
2024.08.06,600001.SH,0.021295508773241288
2024.08.06,000020.SZ,0.02135310512080824
2024.08.06,600031.SH,0.001038358040666905
2024.08.06,600017.SH,0.010694982247562712
2024.08.06,000011.SZ,0.02753570407725655
2024.08.06,600043.SH,0.05430732034974962
2024.08.06,000018.SZ,0.04106709858068411
2024.08.06,000037.SZ,0.2938159989109468
2024.08.06,000023.SZ,0.012496187103271255
2024.08.06,000044.SZ,0.28237083082286013
2024.08.06,600038.SH,0.4436138036878228
2024.08.06,000007.SZ,0.42956330960676287
2024.08.06,600007.SH,0.1682325709268092
2024.08.06,600020.SH,0.13476326709441677
2024.08.06,000043.SZ,0.14623542240402826
2024.08.06,600027.SH,0.06253565053072166
2024.08.06,000032.SZ,0.050697859180282946
2024.08.06,600040.SH,0.09015117786586062
2024.08.06,000015.SZ,0.008594209898561394
2024.08.06,600015.SH,0.051070743496157436
2024.08.06,000034.SZ,0.47433061047168446
2024.08.06,600044.SH,0.24309785296865746
2024.08.06,000025.SZ,0.09666067715674066
2024.08.06,000035.SZ,0.05019083402326625
2024.08.06,000036.SZ,0.004795144272803634
2024.08.06,000001.SZ,0.1512798678462251
2024.08.06,600047.SH,0.00707867159728923
2024.08.06,000027.SZ,0.06184905100297904
2024.08.06,000021.SZ,0.17294579936576865
2024.08.06,600004.SH,0.07173401826630864
2024.08.06,600037.SH,0.014561979430710142
2024.08.06,600003.SH,0.0005101741568804212
2024.08.06,000028.SZ,0.08102655318303752
2024.08.06,600046.SH,0.09997227825502146
2024.08.06,000033.SZ,0.04721650775003802
2024.08.06,000042.SZ,0.11021572062308181
2024.08.06,000041.SZ,0.029740547701861117
2024.08.06,000046.SZ,0.10621343662144966
2024.08.06,000019.SZ,0.15727138885067946
2024.08.06,600032.SH,0.12315360833405252
2024.08.06,600042.SH,0.23999615656927403
2024.08.06,600012.SH,0.17851932649053184
2024.08.06,000004.SZ,0.03399544604345744
2024.08.06,600026.SH,0.1259298089196357
2024.08.06,600041.SH,0.11739532839862796
2024.08.06,000050.SZ,0.10850441568407736
2024.08.06,600010.SH,0.10633394913199079
2024.08.06,000006.SZ,0.10094453465069866
2024.08.06,000014.SZ,0.12845404156323972
2024.08.06,000009.SZ,0.11746186878652012
2024.08.06,600028.SH,0.0708310658899557
2024.08.06,000029.SZ,0.27841251191633043
2024.08.06,600025.SH,0.11941533452056108
2024.08.07,600018.SH,0.22062614867285707
2024.08.07,000022.SZ,0.042653630264048295
2024.08.07,600008.SH,0.07152975080077291
2024.08.07,000029.SZ,0.0850309140569918
2024.08.07,000034.SZ,0.1908652569581751
2024.08.07,600048.SH,0.030135164578965114
2024.08.07,000023.SZ,0.0841924195594663
2024.08.07,000045.SZ,0.035114412618165815
2024.08.07,000037.SZ,0.125981859757827
2024.08.07,600020.SH,0.176229332351442
2024.08.07,000041.SZ,0.07411853519491816
2024.08.07,600035.SH,0.21319708772093224
2024.08.07,000049.SZ,0.06026833289267316
2024.08.07,000011.SZ,0.09000626611508854
2024.08.07,600021.SH,0.04590733503214013
2024.08.07,000027.SZ,0.007386714631581581
2024.08.07,600011.SH,0.06047743384633034
2024.08.07,000012.SZ,0.03510764628416135
2024.08.07,000017.SZ,0.19129377344800974
2024.08.07,600004.SH,0.11411716503663022
2024.08.07,000024.SZ,0.03181708303524924
2024.08.07,600032.SH,0.16455695995660224
2024.08.07,000032.SZ,0.09102599223076215
2024.08.07,600010.SH,0.009106760294231858
2024.08.07,600003.SH,0.1387448539551653
2024.08.07,600016.SH,0.06981885288857251
2024.08.07,000028.SZ,0.0519995143550567
2024.08.07,000019.SZ,0.04783535678837287
2024.08.07,000048.SZ,0.036123279153799405
2024.08.07,600044.SH,0.08460777976904613
2024.08.07,600028.SH,0.005576640098255281
2024.08.07,000003.SZ,0.027399022111064472
2024.08.07,600014.SH,0.1074894530679523
2024.08.07,600000.SH,0.06520162876134879
2024.08.07,000002.SZ,0.10814075815713435
2024.08.07,000015.SZ,0.0484403366993115
2024.08.07,600029.SH,0.05443146995382981
2024.08.07,000038.SZ,0.2127480589083356
2024.08.07,600039.SH,0.09983342041693959
2024.08.07,600049.SH,0.037243529240767355
2024.08.07,000039.SZ,0.008781545532678499
2024.08.07,000044.SZ,0.29263783662524373
2024.08.07,600023.SH,0.08330874013581845
2024.08.07,600027.SH,0.033864048016131944
2024.08.07,000040.SZ,0.14485614889882226
2024.08.07,600012.SH,0.140791622155566
2024.08.07,000006.SZ,0.17549236385236794
2024.08.07,600034.SH,0.34593324236693324
2024.08.07,600009.SH,0.3400413132326486
2024.08.07,000021.SZ,0.005343695802911211
2024.08.07,000005.SZ,0.1720805752698424
2024.08.07,000014.SZ,0.08462323845659242
2024.08.07,600019.SH,0.10487498390975968
2024.08.07,000008.SZ,0.09743919715077529
2024.08.07,600007.SH,0.09067230723440609
2024.08.07,600043.SH,0.15110340752461643
2024.08.07,000010.SZ,0.1310279687325785
2024.08.07,600002.SH,0.013176067461768727
2024.08.07,000026.SZ,0.009900217682676345
2024.08.07,000020.SZ,0.177087603962307
2024.08.07,600042.SH,0.04653113477823941
2024.08.07,600037.SH,0.06967944726736935
2024.08.07,600030.SH,0.000344081147542418
2024.08.07,000013.SZ,0.2065907273505533
2024.08.07,600022.SH,0.005210094066214461
2024.08.07,600040.SH,0.10076628863374568
2024.08.07,000043.SZ,0.006379562050375527
2024.08.07,600013.SH,0.21557329246969967
2024.08.07,600006.SH,0.04931087298959125
2024.08.07,600001.SH,0.05386004825548824
2024.08.07,000042.SZ,0.048426178387074394
2024.08.07,000050.SZ,0.059271727622718186
2024.08.07,000046.SZ,0.1011240648028597
2024.08.07,600047.SH,0.331749601219602
2024.08.07,000036.SZ,0.2704408537880754
2024.08.07,600045.SH,0.3235219326597094
2024.08.07,600036.SH,0.04563627930559235
2024.08.07,000009.SZ,0.015039486030671389
2024.08.07,000018.SZ,0.5129543089377272
2024.08.07,600046.SH,0.030108669266797682
2024.08.07,000031.SZ,0.24379973805303898
2024.08.07,600025.SH,0.11442711860350217
2024.08.07,000004.SZ,0.06624146799593335
2024.08.07,000047.SZ,0.024718202211804895
2024.08.07,000025.SZ,0.010199142923576526
2024.08.07,600017.SH,0.49958090460582827
2024.08.07,600038.SH,0.12786123206937572
2024.08.07,000001.SZ,0.04960181492643936
2024.08.07,600005.SH,0.18377820522593757
2024.08.07,600026.SH,0.32912427949526996
2024.08.07,600033.SH,0.35253081353846805
2024.08.07,000016.SZ,0.2805308465800158
2024.08.07,600031.SH,0.04489129397499555
2024.08.07,000030.SZ,0.2936343769930429
2024.08.07,600015.SH,0.011703340092815562
2024.08.07,600024.SH,0.08271860481365848
2024.08.08,000003.SZ,0.16615404126986702
2024.08.08,000005.SZ,0.03830727461367603
2024.08.08,000038.SZ,0.001907408667792671
2024.08.08,600020.SH,0.06364698422019692
2024.08.08,600005.SH,0.20577084705644852
2024.08.08,600035.SH,0.04439268741158052
2024.08.08,000040.SZ,0.042510570475095814
2024.08.08,000033.SZ,0.04636987602097015
2024.08.08,600030.SH,0.0767239762019419
2024.08.08,600047.SH,0.0463196415324458
2024.08.08,600046.SH,0.07382160743859333
2024.08.08,000012.SZ,0.10757053997799301
2024.08.08,000024.SZ,0.04329207756778015
2024.08.08,600000.SH,0.005879356388793222
2024.08.08,000032.SZ,0.005688442365818003
2024.08.08,600019.SH,0.0323452155049917
2024.08.08,600034.SH,0.23136054538429776
2024.08.08,600018.SH,0.032491488725940036
2024.08.08,000047.SZ,0.13115158280884595
2024.08.08,600006.SH,0.018110333279247572
2024.08.08,600048.SH,0.015766415153878586
2024.08.08,600010.SH,0.0015592400462805934
2024.08.08,000016.SZ,0.0780044328247542
2024.08.08,600011.SH,0.02778332606276267
2024.08.08,600038.SH,0.002973077628174195
2024.08.08,000011.SZ,0.06656624760638527
2024.08.08,000015.SZ,0.15214820800201556
2024.08.08,000026.SZ,0.17100441355601292
2024.08.08,000018.SZ,0.03710914402572688
2024.08.08,000004.SZ,0.052594585662329725
2024.08.08,600031.SH,0.011228376493646799
2024.08.08,000023.SZ,0.0006974322364828444
2024.08.08,000010.SZ,0.07863487433564068
2024.08.08,600001.SH,0.3427415917918792
2024.08.08,600012.SH,0.1172203155537621
2024.08.08,600024.SH,0.07399725561131767
2024.08.08,000049.SZ,0.02337203485634358
2024.08.08,000017.SZ,0.24463884100455052
2024.08.08,000036.SZ,0.06263198480003863
2024.08.08,000008.SZ,0.1792645360601467
2024.08.08,600004.SH,0.28211559181981494
2024.08.08,600040.SH,0.2249246474687974
2024.08.08,600016.SH,0.005605175912934578
2024.08.08,000044.SZ,0.07253446417402638
2024.08.08,600025.SH,0.018879083617758627
2024.08.08,600014.SH,0.11932265963903568
2024.08.08,600022.SH,0.044145749126055296
2024.08.08,600039.SH,0.09589665100360427
2024.08.08,600008.SH,0.20669080378088864
2024.08.08,600002.SH,0.030208510360975258
2024.08.08,000002.SZ,0.01261284716267888
2024.08.08,000020.SZ,0.04752488270098249
2024.08.08,600003.SH,0.028436586060011506
2024.08.08,000034.SZ,0.7484565073076629
2024.08.08,600036.SH,0.012750153656877001
2024.08.08,000028.SZ,0.039945706374318865
2024.08.08,000025.SZ,0.3938201072220024
2024.08.08,600037.SH,0.13543019809517395
2024.08.08,600023.SH,0.15733633364298744
2024.08.08,000045.SZ,0.19234162278775271
2024.08.08,000041.SZ,0.17458191357164252
2024.08.08,000022.SZ,0.04257618680796184
2024.08.08,600029.SH,0.035739199694858496
2024.08.08,000019.SZ,0.45417581205654795
2024.08.08,000050.SZ,0.07764367973729258
2024.08.08,600049.SH,0.024958062274307663
2024.08.08,000007.SZ,0.2062225857497019
2024.08.08,000037.SZ,0.000647972546818326
2024.08.08,000001.SZ,0.2079188396917357
2024.08.08,000046.SZ,0.22519288612578917
2024.08.08,600033.SH,0.10663824194739609
2024.08.08,600044.SH,0.015322875157554813
2024.08.08,600009.SH,0.048421546604450895
2024.08.08,600013.SH,0.10229979139788183
2024.08.08,600028.SH,0.1569600309736409
2024.08.08,000043.SZ,0.029693387821869272
2024.08.08,600043.SH,0.5001319342405852
2024.08.08,600015.SH,0.08017362204609156
2024.08.08,600032.SH,0.03575392801188165
2024.08.08,000014.SZ,0.23387774556088511
2024.08.08,000013.SZ,0.23967129776720092
2024.08.08,000035.SZ,0.09566016407386174
2024.08.08,000039.SZ,0.1518141592446569
2024.08.08,600021.SH,0.08418317142199681
2024.08.08,000027.SZ,0.5842338972700878
2024.08.08,600041.SH,0.13100813471829909
2024.08.08,000021.SZ,0.01782365683491497
2024.08.08,600026.SH,0.042996165143174093
2024.08.08,000031.SZ,0.08409280893047526
2024.08.08,600045.SH,0.017452777094128617
2024.08.08,600027.SH,0.11003864805970212
2024.08.08,600042.SH,0.05524132842959139
2024.08.08,600017.SH,0.04824871218769655
2024.08.08,000029.SZ,0.16147608247436956
2024.08.08,000048.SZ,0.07386457712973774
2024.08.08,000006.SZ,0.006042784504698845
2024.08.09,600000.SH,0.09654701141428479
2024.08.09,600041.SH,0.05310451290612261
2024.08.09,600045.SH,0.13971131382472826
2024.08.09,600049.SH,0.22025303847566713
2024.08.09,600005.SH,0.005223362789044099
2024.08.09,600036.SH,0.04638409466693644
2024.08.09,000018.SZ,0.01866589421987105
2024.08.09,600033.SH,0.1760254329479781
2024.08.09,600015.SH,0.20759642327930466
2024.08.09,600001.SH,0.04320940253337592
2024.08.09,000004.SZ,0.01117114318861392
2024.08.09,000011.SZ,0.839708347221076
2024.08.09,600025.SH,0.07264817988907303
2024.08.09,600029.SH,0.09258512933288396
2024.08.09,600021.SH,0.26633088852909126
2024.08.09,000040.SZ,0.09257266846139312
2024.08.09,600047.SH,0.02786064756369329
2024.08.09,000012.SZ,0.4067394910045007
2024.08.09,000008.SZ,0.2748125582846127
2024.08.09,600024.SH,0.018474272504110777
2024.08.09,600012.SH,0.0236110137378279
2024.08.09,000039.SZ,0.3032177661426561
2024.08.09,000038.SZ,0.1730853921577349
2024.08.09,000020.SZ,0.19492381790423885
2024.08.09,600028.SH,0.012114278979513168
2024.08.09,000044.SZ,0.08398841179035951
2024.08.09,000035.SZ,0.5522223009601385
2024.08.09,000016.SZ,0.1362547943223752
2024.08.09,000025.SZ,0.021540849823564374
2024.08.09,000001.SZ,0.13583128414908413
2024.08.09,000014.SZ,0.12036758070976478
2024.08.09,600044.SH,0.03939508301385169
2024.08.09,600011.SH,0.06586246586770772
2024.08.09,000048.SZ,0.13714296148277796
2024.08.09,000023.SZ,0.20801523114621454
2024.08.09,600039.SH,0.1278927652763889
2024.08.09,000030.SZ,0.25629036778061404
2024.08.09,600037.SH,0.4099348077013978
2024.08.09,600048.SH,0.0009509975971922109
2024.08.09,600007.SH,0.1131122417489508
2024.08.09,000043.SZ,0.10477672569766262
2024.08.09,000026.SZ,0.17019768063872373
2024.08.09,000046.SZ,0.20421059776623732
2024.08.09,600002.SH,0.2985806388631136
2024.08.09,600035.SH,0.12172813234591241
2024.08.09,600042.SH,0.26334097096292414
2024.08.09,600020.SH,0.03344682566046297
2024.08.09,600003.SH,0.12303057105360699
2024.08.09,000017.SZ,0.6855393367714423
2024.08.09,600026.SH,0.07469064010407303
2024.08.09,600009.SH,0.03596681807137462
2024.08.09,600043.SH,0.025614435168990448
2024.08.09,600014.SH,0.12721255901161668
2024.08.09,000041.SZ,0.006043919379000195
2024.08.09,000036.SZ,0.054872585504218606
2024.08.09,000010.SZ,0.051779364487031215
2024.08.09,000013.SZ,0.03602249317271507
2024.08.09,000002.SZ,0.07282484763665117
2024.08.09,000031.SZ,0.1086999146855132
2024.08.09,000029.SZ,0.08498968236463587
2024.08.09,000021.SZ,0.2544065412079598
2024.08.09,600038.SH,0.02261524988512147
2024.08.09,600046.SH,0.1413371627098872
2024.08.09,600022.SH,0.00881091790668636
2024.08.09,600023.SH,0.38508334582673714
2024.08.09,600018.SH,0.07097659859587786
2024.08.09,000042.SZ,0.2229151426788397
2024.08.09,600019.SH,0.017888327073782146
2024.08.09,000019.SZ,0.002533213265357546
2024.08.09,000028.SZ,0.0894512346297859
2024.08.09,600030.SH,0.13232519709261387
2024.08.09,600031.SH,0.0010621382715988847
2024.08.09,000032.SZ,0.05998345364505066
2024.08.09,000037.SZ,0.16852729460336452
2024.08.09,000027.SZ,0.1367837577982643
2024.08.09,000033.SZ,0.04849083473486517
2024.08.09,000015.SZ,0.02150457897087127
2024.08.09,000022.SZ,0.012395910058035045
2024.08.09,000034.SZ,0.1589943173821997
2024.08.09,000024.SZ,0.17677569884026484
2024.08.09,600006.SH,0.019471891004353217
2024.08.09,600017.SH,0.4941443614319587
2024.08.09,000006.SZ,0.033550398558548876
2024.08.09,600016.SH,0.16463946543304514
2024.08.09,000045.SZ,0.1222106081254963
2024.08.09,600004.SH,0.03280831513996809
2024.08.09,600027.SH,0.023613756769505865
2024.08.09,000049.SZ,0.00042311221904149074
2024.08.09,000047.SZ,0.08964977693481721
2024.08.09,600010.SH,0.05722310751187524
2024.08.09,000009.SZ,0.004307629609506489
2024.08.09,000007.SZ,0.18381609877465593
2024.08.09,000005.SZ,0.039035761992314844
2024.08.09,600034.SH,0.10890212630372154
2024.08.09,600008.SH,0.008806694574988637
2024.08.09,000003.SZ,0.13603477832621763
2024.08.09,000050.SZ,0.07177080137955617
2024.08.09,600032.SH,0.20516856117653065
2024.08.12,000040.SZ,0.23168108818592853
2024.08.12,600002.SH,0.13637369979859879
2024.08.12,600026.SH,0.027208183706434116
2024.08.12,000026.SZ,0.02935218065386149
2024.08.12,600018.SH,0.07911133100038463
2024.08.12,600030.SH,0.062657410032728
2024.08.12,000041.SZ,0.08695518519136544
2024.08.12,600020.SH,0.045540629434372995
2024.08.12,600035.SH,0.38748720200036224
2024.08.12,600032.SH,0.11808390160319483
2024.08.12,000010.SZ,0.10524367244653118
2024.08.12,000001.SZ,0.10886929419804806
2024.08.12,000018.SZ,0.08667620843553628
2024.08.12,600005.SH,0.3422048624066121
2024.08.12,600034.SH,0.20354855600993718
2024.08.12,600036.SH,0.27793693621818816
2024.08.12,600040.SH,0.0921599896454459
2024.08.12,600003.SH,0.2116890683137569
2024.08.12,000012.SZ,0.12437425761236251
2024.08.12,000023.SZ,0.019076049216803965
2024.08.12,600024.SH,0.06703812316665339
2024.08.12,000002.SZ,0.11276554798167458
2024.08.12,600001.SH,0.22674952937535248
2024.08.12,600041.SH,0.04431204041922212
2024.08.12,600038.SH,0.1756734985880674
2024.08.12,000039.SZ,0.034299666949063105
2024.08.12,000021.SZ,0.018091288971486336
2024.08.12,000050.SZ,0.10179676508568479
2024.08.12,000049.SZ,0.027586039500426745
2024.08.12,000014.SZ,0.08129650429878107
2024.08.12,000042.SZ,0.036539441724828724
2024.08.12,000038.SZ,0.02798673373286964
2024.08.12,600021.SH,0.2738240241416259
2024.08.12,000017.SZ,0.005084964743648602
2024.08.12,000020.SZ,0.09803137705005455
2024.08.12,000035.SZ,0.001250969308062282
2024.08.12,600027.SH,0.013315042107534298
2024.08.12,600004.SH,0.3746599273136297
2024.08.12,600000.SH,0.25481029363251134
2024.08.12,000029.SZ,0.024976403680818316
2024.08.12,000036.SZ,0.011369135501045208
2024.08.12,000004.SZ,0.014710786115764802
2024.08.12,000022.SZ,0.0961770116106386
2024.08.12,600049.SH,0.10811761024397772
2024.08.12,600012.SH,0.02225603461250089
2024.08.12,600013.SH,0.1817623399294065
2024.08.12,000033.SZ,0.011424536290350205
2024.08.12,000013.SZ,0.018334739894159447
2024.08.12,000047.SZ,0.007724810343430306
2024.08.12,000046.SZ,0.05065199073303548
2024.08.12,000007.SZ,0.0032527028016363347
2024.08.12,000028.SZ,0.08400734908023283
2024.08.12,600008.SH,0.20822694528760946
2024.08.12,600044.SH,0.19874672914739763
2024.08.12,000016.SZ,0.04166195693614666
2024.08.12,600017.SH,0.16016480838244304
2024.08.12,600033.SH,0.003934519671481616
2024.08.12,000037.SZ,0.014482407626988028
2024.08.12,600009.SH,0.16343757738976486
2024.08.12,000019.SZ,0.07939425510994703
2024.08.12,000032.SZ,0.019550340288588607
2024.08.12,000048.SZ,0.007994178924845111
2024.08.12,000043.SZ,0.06248966387286905
2024.08.12,600006.SH,0.14127789417162237
2024.08.12,600016.SH,0.03764272777148878
2024.08.12,000045.SZ,0.19172838332857778
2024.08.12,600019.SH,0.3041652613209808
2024.08.12,600045.SH,0.0062659673660520705
2024.08.12,600011.SH,0.052876895468214176
2024.08.12,600014.SH,0.027295157473963636
2024.08.12,000025.SZ,0.06273795082953712
2024.08.12,000031.SZ,0.08946250333050887
2024.08.12,000015.SZ,0.08124877652875095
2024.08.12,600046.SH,0.03560159016657405
2024.08.12,600015.SH,0.05761773807780211
2024.08.12,600029.SH,0.017397904106412794
2024.08.12,000003.SZ,0.02419028296228372
2024.08.12,600037.SH,0.06960359524893216
2024.08.12,600031.SH,0.015166997410759596
2024.08.12,600028.SH,0.0008682223074977032
2024.08.12,600007.SH,0.022019572132546572
2024.08.12,600042.SH,0.018716482865879215
2024.08.12,600047.SH,0.06801139763389602
2024.08.12,000008.SZ,0.2721033828200466
2024.08.12,000030.SZ,0.03807742097516637
2024.08.12,600043.SH,0.06687245493524908
2024.08.12,000027.SZ,0.05614522903550804
2024.08.12,600023.SH,0.22921038452987627
2024.08.12,000011.SZ,0.15152113609073634
2024.08.12,000034.SZ,0.03550127518351961
2024.08.12,600010.SH,0.029760701832835246
2024.08.12,000024.SZ,0.09965641258707694
2024.08.12,000005.SZ,0.036055518057590365
2024.08.12,000006.SZ,0.2891659908419261
2024.08.12,000044.SZ,0.03607420217568093
2024.08.12,600025.SH,0.10196464684515329
2024.08.12,600048.SH,0.0143183260126787
2024.08.12,600022.SH,0.10842268993073641
2024.08.13,600015.SH,0.07228904303797568
2024.08.13,000020.SZ,0.061340766597031506
2024.08.13,600033.SH,0.17191927779879781
2024.08.13,000036.SZ,0.25074064373983423
2024.08.13,600021.SH,0.07411526619547971
2024.08.13,000042.SZ,0.03269586916033046
2024.08.13,000049.SZ,0.08113425736736582
2024.08.13,000044.SZ,0.08105165350078822
2024.08.13,000027.SZ,0.1779922973581687
2024.08.13,600041.SH,0.1601549866014421
2024.08.13,600049.SH,0.13080812123475563
2024.08.13,600043.SH,0.0021797309502599254
2024.08.13,600038.SH,0.0334366355686099
2024.08.13,000017.SZ,0.025830960644408946
2024.08.13,600000.SH,0.1371863111123301
2024.08.13,600028.SH,0.2638615750594633
2024.08.13,000040.SZ,0.2566578123839528
2024.08.13,600036.SH,0.04081300247260835
2024.08.13,000024.SZ,0.056845330898664365
2024.08.13,000046.SZ,0.07299286405988209
2024.08.13,600030.SH,0.20793020758914713
2024.08.13,000019.SZ,0.055012246051108514
2024.08.13,000047.SZ,0.02993582495752003
2024.08.13,600020.SH,0.08757449335717082
2024.08.13,000006.SZ,0.1248177972321191
2024.08.13,600004.SH,0.0912523245568074
2024.08.13,600045.SH,0.11846731608003327
2024.08.13,000011.SZ,0.16554899710719007
2024.08.13,000029.SZ,0.33637908877622014
2024.08.13,600027.SH,0.10348250007250777
2024.08.13,000032.SZ,0.1438999530865075
2024.08.13,600013.SH,0.12154587681251981
2024.08.13,000037.SZ,0.20053037619918343
2024.08.13,600025.SH,0.011926267946549468
2024.08.13,600022.SH,0.2565984399275422
2024.08.13,000039.SZ,0.011297953968935803
2024.08.13,600002.SH,0.2104947904169959
2024.08.13,000013.SZ,0.3791601507520423
2024.08.13,600026.SH,0.023359292397730966
2024.08.13,600048.SH,0.0494587376590064
2024.08.13,600046.SH,0.09466613067519927
2024.08.13,000050.SZ,0.13338831854005245
2024.08.13,600047.SH,0.06730490009791407
2024.08.13,600014.SH,0.046249172853057956
2024.08.13,600023.SH,0.2195105684789736
2024.08.13,600017.SH,0.43138452406798317
2024.08.13,000023.SZ,0.21779112592016617
2024.08.13,000030.SZ,0.005674485852708215
2024.08.13,000014.SZ,0.04435829715662663
2024.08.13,000007.SZ,0.039843597305495755
2024.08.13,600018.SH,0.09576850317153104
2024.08.13,600032.SH,0.22598507020584474
2024.08.13,600039.SH,0.37050705474993784
2024.08.13,600010.SH,0.32758413139545006
2024.08.13,000048.SZ,0.24303124231908868
2024.08.13,600034.SH,0.05531538939761486
2024.08.13,600003.SH,0.058381153430374894
2024.08.13,600006.SH,0.29236228282956933
2024.08.13,600016.SH,0.22886474976814336
2024.08.13,000038.SZ,0.16953758263217925
2024.08.13,600031.SH,0.004190417882584634
2024.08.13,000025.SZ,0.09211774149925432
2024.08.13,600007.SH,0.21536230529146472
2024.08.13,000022.SZ,0.060642803440091014
2024.08.13,000041.SZ,0.016142357123881897
2024.08.13,000003.SZ,0.0036118208030976122
2024.08.13,000021.SZ,0.0960489708884294
2024.08.13,000015.SZ,0.08834111106003435
2024.08.13,000016.SZ,0.035266246113933745
2024.08.13,000008.SZ,0.017808369787781768
2024.08.13,600035.SH,0.23849450694305002
2024.08.13,600042.SH,0.18482626567916713
2024.08.13,600001.SH,0.24334967335464697
2024.08.13,000031.SZ,0.0999246677437717
2024.08.13,600009.SH,0.09214055586227007
2024.08.13,600024.SH,0.1648797163605771
2024.08.13,000045.SZ,0.19721954506919165
2024.08.13,000010.SZ,0.0034854712122054012
2024.08.13,600011.SH,0.11045622570112425
2024.08.13,600044.SH,0.13792782414171398
2024.08.13,600008.SH,0.1187138331898385
2024.08.13,000001.SZ,0.0006052681350694397
2024.08.13,000033.SZ,0.06293030952867998
2024.08.13,000018.SZ,0.07479622642389942
2024.08.13,000002.SZ,0.14540493566492976
2024.08.13,000009.SZ,0.015967266524868746
2024.08.13,000026.SZ,0.18716587609399582
2024.08.13,600040.SH,0.13767908199464687
2024.08.13,000043.SZ,0.3276339605438728
2024.08.13,000012.SZ,0.01877674191787017
2024.08.13,000028.SZ,0.03044925419478417
2024.08.13,600019.SH,0.364921085936779
2024.08.13,000004.SZ,0.08003435969300221
2024.08.13,000035.SZ,0.16333838621161484
2024.08.13,000005.SZ,0.03761990560395267
2024.08.13,600029.SH,0.049881187742857734
2024.08.14,600030.SH,0.08927091826112596
2024.08.14,000028.SZ,0.06681861425267764
2024.08.14,000018.SZ,0.22832498244543262
2024.08.14,600009.SH,0.003133270508380329
2024.08.14,600011.SH,0.10612423012354599
2024.08.14,000012.SZ,0.18877402904241297
2024.08.14,000043.SZ,0.04196296502901241
2024.08.14,600017.SH,0.020157257400604197
2024.08.14,600040.SH,0.2962324532966637
2024.08.14,000022.SZ,0.15737654616866514
2024.08.14,000031.SZ,0.05638749747352244
2024.08.14,600012.SH,0.041670291380262944
2024.08.14,000042.SZ,0.19919293714150493
2024.08.14,000024.SZ,0.067294235016206
2024.08.14,600044.SH,0.1243768154759927
2024.08.14,000004.SZ,0.034321332147003586
2024.08.14,600015.SH,0.07777392984508705
2024.08.14,600034.SH,0.0510087047282425
2024.08.14,000020.SZ,0.11408978815932738
2024.08.14,600024.SH,0.11700250823824156
2024.08.14,000026.SZ,0.01123074726356771
2024.08.14,600039.SH,0.5855658694736908
2024.08.14,000030.SZ,0.11872209258825875
2024.08.14,600007.SH,0.21421317155419212
2024.08.14,000036.SZ,0.05060896386204334
2024.08.14,600019.SH,0.04551355013286906
2024.08.14,000011.SZ,0.10984278882400277
2024.08.14,000006.SZ,0.196733902055616
2024.08.14,000034.SZ,0.10998535819194452
2024.08.14,600033.SH,0.20905477783707455
2024.08.14,600049.SH,0.03240578164966379
2024.08.14,600027.SH,0.10277421409484762
2024.08.14,600022.SH,0.039993529067065305
2024.08.14,000007.SZ,0.03921360894152716
2024.08.14,000008.SZ,0.11860231384606441
2024.08.14,600008.SH,0.09162235434461999
2024.08.14,000029.SZ,0.17908579435520264
2024.08.14,600046.SH,0.04397164378523172
2024.08.14,000019.SZ,0.037212223480140576
2024.08.14,000038.SZ,0.2698167740511683
2024.08.14,600001.SH,0.015456745403528637
2024.08.14,000050.SZ,0.12163243731744879
2024.08.14,000015.SZ,0.004240451530624858
2024.08.14,000010.SZ,0.11812255675573236
2024.08.14,000039.SZ,0.14563554384311592
2024.08.14,600006.SH,0.42020936375810064
2024.08.14,000048.SZ,0.043052988324812747
2024.08.14,000027.SZ,0.48181895958769094
2024.08.14,000049.SZ,0.06537631970846786
2024.08.14,600043.SH,0.11870168711679481
2024.08.14,000033.SZ,0.0087517697161818
2024.08.14,000046.SZ,0.04710885598037511
2024.08.14,600047.SH,0.46280847799924923
2024.08.14,600035.SH,0.1310866953628604
2024.08.14,600048.SH,0.12239668562244042
2024.08.14,600032.SH,0.38292128642317147
2024.08.14,600003.SH,0.2057054681402518
2024.08.14,600018.SH,0.06663827024735158
2024.08.14,600025.SH,0.16055558764108638
2024.08.14,600036.SH,0.011648111429891072
2024.08.14,000017.SZ,0.006475033816797986
2024.08.14,000023.SZ,0.15396974109891562
2024.08.14,600028.SH,0.03765486527417378
2024.08.14,600020.SH,0.022818845972256502
2024.08.14,600037.SH,0.2355497278866114
2024.08.14,600029.SH,0.036098954349304414
2024.08.14,000014.SZ,0.11507689160187612
2024.08.14,600004.SH,0.027208364748389332
2024.08.14,600041.SH,0.14370000693602103
2024.08.14,600042.SH,0.11850437778939232
2024.08.14,000025.SZ,0.11983353248513945
2024.08.14,600014.SH,0.03781244737629628
2024.08.14,600038.SH,0.056679711246987494
2024.08.14,000032.SZ,0.029632385701831552
2024.08.14,000016.SZ,0.027951751718823265
2024.08.14,000037.SZ,0.06424985042835744
2024.08.14,000040.SZ,0.0004979058195964412
2024.08.14,600013.SH,0.022830224201597596
2024.08.14,000013.SZ,0.06783794193949966
2024.08.14,600005.SH,0.11415521373491438
2024.08.14,000045.SZ,0.43107497249807397
2024.08.14,000009.SZ,0.12182589200851869
2024.08.14,600000.SH,0.1976799929776465
2024.08.14,600031.SH,0.15753147910641727
2024.08.14,600010.SH,0.039208304241694684
2024.08.14,000021.SZ,0.12249281754588996
2024.08.14,000041.SZ,0.027383476123752783
2024.08.14,600026.SH,0.0677917254692881
2024.08.14,000005.SZ,0.07535859808290118
2024.08.14,000035.SZ,0.16666794234669238
2024.08.14,000044.SZ,0.040439869732025034
2024.08.14,600021.SH,0.09162153545401096
2024.08.14,000001.SZ,0.05769539898729649
2024.08.14,000047.SZ,0.09053070844122474
2024.08.14,600045.SH,0.09371189129696313
2024.08.14,600023.SH,0.33710792663982775
2024.08.14,000003.SZ,0.19490721820579432
2024.08.14,600016.SH,0.2517973251450532
2024.08.15,000050.SZ,0.019474559917804467
2024.08.15,000009.SZ,0.0023852662976611206
2024.08.15,600023.SH,0.2601274563797895
2024.08.15,000039.SZ,0.3136500548373498
2024.08.15,000044.SZ,0.050072974537707086
2024.08.15,600002.SH,0.2475730011409086
2024.08.15,000042.SZ,0.13866193097072937
2024.08.15,000007.SZ,0.2952072655859232
2024.08.15,600008.SH,0.6975415262247231
2024.08.15,600049.SH,0.32571129750461103
2024.08.15,600042.SH,0.017395169394514902
2024.08.15,600024.SH,0.21604991375893964
2024.08.15,600044.SH,0.16544516351173322
2024.08.15,000049.SZ,0.25106186079971493
2024.08.15,600015.SH,0.014742930086981762
2024.08.15,600046.SH,0.03641542525517116
2024.08.15,600004.SH,0.019324548295682305
2024.08.15,600025.SH,0.07256151306444152
2024.08.15,000003.SZ,0.03875553319045104
2024.08.15,600035.SH,0.042608820444252245
2024.08.15,000020.SZ,0.017852312425524788
2024.08.15,600038.SH,0.11233870573546091
2024.08.15,000006.SZ,0.04787173478329306
2024.08.15,000035.SZ,0.02688443251829526
2024.08.15,000008.SZ,0.14687485200966086
2024.08.15,000018.SZ,0.1413052653113979
2024.08.15,000036.SZ,0.06477199526477023
2024.08.15,000002.SZ,0.06050840529195474
2024.08.15,600020.SH,0.13976601197714444
2024.08.15,000017.SZ,0.10890265721790933
2024.08.15,600043.SH,0.15223004979434038
2024.08.15,000021.SZ,0.04240866948218982
2024.08.15,000045.SZ,0.07404361350529028
2024.08.15,600033.SH,0.15094128686387176
2024.08.15,000047.SZ,0.037633287992880175
2024.08.15,600040.SH,0.10274571635912333
2024.08.15,600041.SH,0.06931757552615321
2024.08.15,000029.SZ,0.03384921388476809
2024.08.15,600034.SH,0.2835734899875155
2024.08.15,600030.SH,0.07153570596827982
2024.08.15,000010.SZ,0.2787904301935097
2024.08.15,600045.SH,0.19514503072008282
2024.08.15,600017.SH,0.15823480677456644
2024.08.15,000015.SZ,0.043282875094524574
2024.08.15,600000.SH,0.12462574676421817
2024.08.15,000023.SZ,0.11569947071571099
2024.08.15,000026.SZ,0.11963043131948302
2024.08.15,600031.SH,0.16882408104110955
2024.08.15,600018.SH,0.13105472448635636
2024.08.15,600019.SH,0.12257599460324152
2024.08.15,000027.SZ,0.1387366209767573
2024.08.15,600048.SH,0.06258650552369609
2024.08.15,000037.SZ,0.05950069237368728
2024.08.15,000025.SZ,0.11122427956217083
2024.08.15,600026.SH,0.09772529263938431
2024.08.15,000016.SZ,0.0011220865576096928
2024.08.15,000030.SZ,0.12242076950628501
2024.08.15,600013.SH,0.318793816999744
2024.08.15,000001.SZ,0.049152465954521676
2024.08.15,600001.SH,0.5106868757634316
2024.08.15,000031.SZ,0.008092724177892023
2024.08.15,600014.SH,0.11106000098729724
2024.08.15,000034.SZ,0.003202954668606038
2024.08.15,600047.SH,0.09169371309871607
2024.08.15,600022.SH,0.1403701452869903
2024.08.15,600009.SH,0.031241871031152713
2024.08.15,000005.SZ,0.07405659078097163
2024.08.15,600016.SH,0.1393864902429118
2024.08.15,000043.SZ,0.38281604975694944
2024.08.15,000019.SZ,0.3234000651260326
2024.08.15,600006.SH,0.42555633998795533
2024.08.15,000011.SZ,0.09226129032018239
2024.08.15,600029.SH,0.013771923216400334
2024.08.15,600032.SH,0.04526097757971439
2024.08.15,000032.SZ,0.007515986565505254
2024.08.15,000040.SZ,0.23888044984948867
2024.08.15,000022.SZ,0.11403803135831303
2024.08.15,600028.SH,0.06474785304206802
2024.08.15,600036.SH,0.1428874160001591
2024.08.15,600012.SH,0.31712861834754197
2024.08.15,600010.SH,0.09796309649754446
2024.08.15,600039.SH,0.05354129774246259
2024.08.15,600037.SH,0.0379640577941236
2024.08.15,000014.SZ,0.05753538328816934
2024.08.15,600005.SH,0.11213684682313498
2024.08.15,600007.SH,0.047861388906677
2024.08.15,000013.SZ,0.1731451651387955
2024.08.15,600003.SH,0.0881463514657758
2024.08.15,600021.SH,0.09700916669711028
2024.08.15,000048.SZ,0.036110660170838804
2024.08.15,000024.SZ,0.1679151519872898
2024.08.15,000028.SZ,0.19157519779355123
2024.08.15,000046.SZ,0.03847386035309343
2024.08.15,000038.SZ,0.08432769265265405
2024.08.15,600027.SH,0.4353937802263745
2024.08.15,000033.SZ,0.331040874447159
2024.08.15,000004.SZ,0.013326867702030348
2024.08.16,000037.SZ,0.037104433688292145
2024.08.16,600048.SH,0.03660168691663379
2024.08.16,000025.SZ,0.05862239099876197
2024.08.16,000027.SZ,0.3867776005362204
2024.08.16,000032.SZ,0.2513401406943307
2024.08.16,600023.SH,0.005428378231592421
2024.08.16,000042.SZ,0.00902131528855482
2024.08.16,000035.SZ,0.0357391133577411
2024.08.16,000007.SZ,0.03227323377122721
2024.08.16,000005.SZ,0.05943808143081126
2024.08.16,000031.SZ,0.023210846937907082
2024.08.16,600026.SH,0.08134370258138017
2024.08.16,600045.SH,0.005496791386765825
2024.08.16,600011.SH,0.33781483265347395
2024.08.16,000050.SZ,0.003137832000002906
2024.08.16,000013.SZ,0.06250902897251687
2024.08.16,600036.SH,0.01977358674561535
2024.08.16,600043.SH,0.1506694810624358
2024.08.16,000001.SZ,0.05600164516204824
2024.08.16,600012.SH,0.0915264620803359
2024.08.16,000022.SZ,0.230139674571289
2024.08.16,600044.SH,0.051673122521619284
2024.08.16,600039.SH,0.13422098843566993
2024.08.16,000008.SZ,0.10934934752624385
2024.08.16,600028.SH,0.3180791533780027
2024.08.16,000024.SZ,0.09786203080829066
2024.08.16,000003.SZ,0.05104802759001154
2024.08.16,000017.SZ,0.34156044524699
2024.08.16,600017.SH,0.13539745934644587
2024.08.16,000015.SZ,0.4807444850170231
2024.08.16,000019.SZ,0.20589391857793626
2024.08.16,600024.SH,0.054826611059114856
2024.08.16,000033.SZ,0.29581882291618405
2024.08.16,600009.SH,0.10499585612702245
2024.08.16,600046.SH,0.21559968427015264
2024.08.16,000012.SZ,0.5574013493414532
2024.08.16,600035.SH,0.3245501767786459
2024.08.16,600025.SH,0.0028307310312005503
2024.08.16,600041.SH,0.027491171941858294
2024.08.16,000002.SZ,0.0680479246248356
2024.08.16,000023.SZ,0.08356578286733253
2024.08.16,600008.SH,0.08270061086097577
2024.08.16,600001.SH,0.06688358681780045
2024.08.16,600020.SH,0.13501565809910998
2024.08.16,000029.SZ,0.13701893920116462
2024.08.16,600000.SH,0.12226058846681175
2024.08.16,600033.SH,0.10136387588580328
2024.08.16,600030.SH,0.006595131578784938
2024.08.16,000006.SZ,0.2885610427548918
2024.08.16,600037.SH,0.14122306825777847
2024.08.16,600042.SH,0.06485159328603599
2024.08.16,000010.SZ,0.014097935770363813
2024.08.16,000049.SZ,0.1716475415526135
2024.08.16,600038.SH,0.05786064952199887
2024.08.16,600029.SH,0.00826108395013888
2024.08.16,600018.SH,0.16686560923144386
2024.08.16,000036.SZ,0.1264332431514113
2024.08.16,000043.SZ,0.15254849357934835
2024.08.16,000044.SZ,0.11500127226915371
2024.08.16,600004.SH,0.11630687019822757
2024.08.16,600034.SH,0.242741984422045
2024.08.16,600021.SH,0.19872657056068702
2024.08.16,000018.SZ,0.3997839898162054
2024.08.16,600003.SH,0.010947942836915728
2024.08.16,000030.SZ,0.08169970800104835
2024.08.16,600047.SH,0.09197849392776751
2024.08.16,600027.SH,0.06694072525198452
2024.08.16,000047.SZ,0.01122355403808375
2024.08.16,000011.SZ,0.0685476997370515
2024.08.16,000009.SZ,0.027402688805312377
2024.08.16,000041.SZ,0.027696062490871688
2024.08.16,000021.SZ,0.1179117844709825
2024.08.16,600005.SH,0.06741812058467511
2024.08.16,000028.SZ,0.004459628569090743
2024.08.16,000048.SZ,0.025533283164439934
2024.08.16,600002.SH,0.1559582843120987
2024.08.16,000020.SZ,0.27069601948574423
2024.08.16,000039.SZ,0.02063525704325992
2024.08.16,000004.SZ,0.5675774034191094
2024.08.16,600032.SH,0.20528544786582276
2024.08.16,000040.SZ,0.016303267774524826
2024.08.16,000026.SZ,0.49397123176478436
2024.08.16,600040.SH,0.03547963393988872
2024.08.16,600022.SH,0.00724610470991616
2024.08.16,000034.SZ,0.1978511552753517
2024.08.16,000038.SZ,0.01598373188023293
2024.08.16,000016.SZ,0.2462008616361122
2024.08.16,600010.SH,0.0692814635378084
2024.08.16,600031.SH,0.10267390053393159
2024.08.16,000045.SZ,0.08348635246174883
2024.08.16,600049.SH,0.04344604793169389
2024.08.16,600014.SH,0.16687975160562607
2024.08.16,600013.SH,0.19166851889599207
2024.08.16,600019.SH,0.17393796095427977
2024.08.16,600006.SH,0.008867496104072666
2024.08.16,000014.SZ,0.05415757219507649
2024.08.16,600016.SH,0.17322511468526075
2024.08.19,000010.SZ,0.045125617880246244
2024.08.19,000019.SZ,0.09391824547889589
2024.08.19,600008.SH,0.09119002589318809
2024.08.19,000023.SZ,0.19216865789106477
2024.08.19,000039.SZ,0.07005049471620928
2024.08.19,600040.SH,0.08401158934852725
2024.08.19,600010.SH,0.03691907476808354
2024.08.19,600019.SH,0.16825928261038206
2024.08.19,000006.SZ,0.14898101633411232
2024.08.19,600031.SH,0.20786426707060407
2024.08.19,600006.SH,0.007030584705214253
2024.08.19,600017.SH,0.035500244945784104
2024.08.19,000048.SZ,0.1542158401788052
2024.08.19,600045.SH,0.3211561263480347
2024.08.19,600013.SH,0.06279819699655231
2024.08.19,000034.SZ,0.049359999205287414
2024.08.19,000033.SZ,0.399055305359154
2024.08.19,600023.SH,0.09393171549634544
2024.08.19,000044.SZ,0.00042649189045686415
2024.08.19,000042.SZ,0.04259769674815003
2024.08.19,000012.SZ,0.19333128533940008
2024.08.19,600042.SH,0.002536113344326103
2024.08.19,000045.SZ,0.026203575913060627
2024.08.19,600014.SH,0.07598255954297439
2024.08.19,000031.SZ,0.3803578993259768
2024.08.19,600016.SH,0.14287671918858008
2024.08.19,600030.SH,0.0010891987572237945
2024.08.19,600037.SH,0.08892900913280727
2024.08.19,000037.SZ,0.0689378424021493
2024.08.19,600027.SH,0.05854944352979312
2024.08.19,000013.SZ,0.11997022136574649
2024.08.19,600033.SH,0.19951601448775655
2024.08.19,600005.SH,0.09624205702521
2024.08.19,600048.SH,0.037258891412978536
2024.08.19,000047.SZ,0.18256922095382055
2024.08.19,600011.SH,0.06589226809673396
2024.08.19,600026.SH,0.09358404364070688
2024.08.19,600049.SH,0.14436915289514812
2024.08.19,000005.SZ,0.01746372925049038
2024.08.19,000041.SZ,0.6912091570606238
2024.08.19,000038.SZ,0.5349481263716345
2024.08.19,000032.SZ,0.036289243805144034
2024.08.19,000001.SZ,0.1279322795330351
2024.08.19,600009.SH,0.23378787872562692
2024.08.19,600047.SH,0.8077347579741395
2024.08.19,000017.SZ,0.15558457884389085
2024.08.19,600036.SH,0.04654256037865
2024.08.19,600024.SH,0.14643629738370473
2024.08.19,600035.SH,0.20775615254497956
2024.08.19,000009.SZ,0.15658022470034916
2024.08.19,000026.SZ,0.034706312249550994
2024.08.19,000040.SZ,0.008655226197996177
2024.08.19,000020.SZ,0.002986373082165104
2024.08.19,000036.SZ,0.2766471334331975
2024.08.19,000029.SZ,0.22742715778417705
2024.08.19,600007.SH,0.023507648997448352
2024.08.19,600025.SH,0.01951853877304765
2024.08.19,600028.SH,0.000945078700480204
2024.08.19,600032.SH,0.06402499730747577
2024.08.19,600012.SH,0.20085537529820593
2024.08.19,600000.SH,0.24800781747717932
2024.08.19,000025.SZ,0.045344342392881105
2024.08.19,000016.SZ,0.0030292480162717513
2024.08.19,000027.SZ,0.02690884508596844
2024.08.19,000028.SZ,0.0002545306970988475
2024.08.19,000015.SZ,0.012729575412234842
2024.08.19,000043.SZ,0.043393285375787884
2024.08.19,600038.SH,0.16479338607864463
2024.08.19,600015.SH,0.08552323570860747
2024.08.19,000018.SZ,0.3027131848371416
2024.08.19,000008.SZ,0.0089696329541295
2024.08.19,600041.SH,0.04364570346160094
2024.08.19,600022.SH,0.12953131603185317
2024.08.19,600029.SH,0.18491193260963357
2024.08.19,000030.SZ,0.20006360460888867
2024.08.19,000021.SZ,0.00885375853183169
2024.08.19,000002.SZ,0.016867608422465374
2024.08.19,600020.SH,0.04602533859864583
2024.08.19,600044.SH,0.19896183284320434
2024.08.19,000003.SZ,0.1188791293413851
2024.08.19,000035.SZ,0.07695853432589188
2024.08.19,600004.SH,0.049728362417584986
2024.08.19,000046.SZ,0.06331998254570761
2024.08.19,000004.SZ,0.022040864454211745
2024.08.19,000050.SZ,0.028709533738073313
2024.08.19,000049.SZ,0.11961456407145898
2024.08.19,000024.SZ,0.2211801987837778
2024.08.19,600003.SH,0.08152950565956221
2024.08.19,600021.SH,0.13735226599891753
2024.08.19,000007.SZ,0.030483585194092444
2024.08.19,600002.SH,0.08207521349236858
2024.08.19,600046.SH,0.0945549966274677
2024.08.19,000022.SZ,0.32438796559847743
2024.08.19,000011.SZ,0.23585954911946697
2024.08.19,600001.SH,0.4445830362342848
2024.08.19,600043.SH,0.034612724256331016
2024.08.20,600008.SH,0.19040612064380769
2024.08.20,000008.SZ,0.34075184788593726
2024.08.20,600013.SH,0.046450301936764804
2024.08.20,600021.SH,0.4041921973802355
2024.08.20,600010.SH,0.1606043992207876
2024.08.20,600036.SH,0.03056883453760216
2024.08.20,000032.SZ,0.19350502845421252
2024.08.20,600047.SH,0.1729399670436914
2024.08.20,000020.SZ,0.19442225631521637
2024.08.20,600015.SH,0.03171466403493858
2024.08.20,000029.SZ,0.0355144434808931
2024.08.20,000034.SZ,0.04115042357213554
2024.08.20,000027.SZ,0.26527783335197924
2024.08.20,600000.SH,0.22960789298802048
2024.08.20,000047.SZ,0.06720760916438308
2024.08.20,000012.SZ,0.06620346184107663
2024.08.20,600037.SH,0.3112490324886748
2024.08.20,600002.SH,0.7963739691944388
2024.08.20,000015.SZ,0.21581458862807307
2024.08.20,000017.SZ,0.25688907065361216
2024.08.20,600006.SH,0.11024880123304666
2024.08.20,000045.SZ,0.2671736064682525
2024.08.20,000028.SZ,0.03732264815338548
2024.08.20,600004.SH,0.1266380494759621
2024.08.20,000023.SZ,0.0018361411837040204
2024.08.20,000044.SZ,0.1963922344922179
2024.08.20,600033.SH,0.26106810733738345
2024.08.20,600001.SH,0.2001580274920519
2024.08.20,000035.SZ,0.17839424053412123
2024.08.20,600046.SH,0.09246900885369194
2024.08.20,600041.SH,0.03402691814602963
2024.08.20,000041.SZ,0.03189425887576452
2024.08.20,000025.SZ,0.021311875715315346
2024.08.20,600025.SH,0.014191077578571203
2024.08.20,000013.SZ,0.06509956980990962
2024.08.20,000022.SZ,0.6268355212188165
2024.08.20,000036.SZ,0.04438386004191644
2024.08.20,000039.SZ,0.16577768723430258
2024.08.20,000050.SZ,0.13247779297560744
2024.08.20,600014.SH,0.11083260157375685
2024.08.20,000046.SZ,0.03520896374011003
2024.08.20,000001.SZ,0.24763028224188
2024.08.20,600019.SH,0.007291859302923667
2024.08.20,600020.SH,0.01501641924066149
2024.08.20,600023.SH,0.011190781390656684
2024.08.20,600009.SH,0.2728268326710634
2024.08.20,000010.SZ,0.34496641736909833
2024.08.20,600049.SH,0.11161127552420529
2024.08.20,600031.SH,0.146366789857513
2024.08.20,600044.SH,0.062270917847456336
2024.08.20,600048.SH,0.044434956474940675
2024.08.20,000048.SZ,0.23912488825307224
2024.08.20,000011.SZ,0.015439292577281208
2024.08.20,600034.SH,0.007465564351624269
2024.08.20,600012.SH,0.03844092302204982
2024.08.20,000016.SZ,0.3062583709485347
2024.08.20,600028.SH,0.01654078045160374
2024.08.20,000003.SZ,0.020588696749817604
2024.08.20,000043.SZ,0.05520118320530541
2024.08.20,600024.SH,0.03032250067456509
2024.08.20,000009.SZ,0.09812767680230898
2024.08.20,000030.SZ,0.2851801368509495
2024.08.20,600042.SH,0.0020981334373752257
2024.08.20,600016.SH,0.025610413347574218
2024.08.20,000004.SZ,0.009439065170879736
2024.08.20,000006.SZ,0.16808270766584724
2024.08.20,600027.SH,0.04312451944097396
2024.08.20,600018.SH,0.10260687792558176
2024.08.20,000031.SZ,0.01671020246007296
2024.08.20,000042.SZ,0.0431322767308963
2024.08.20,600005.SH,0.13567028206392978
2024.08.20,000019.SZ,0.20470743675413433
2024.08.20,000007.SZ,0.01572455639546313
2024.08.20,600007.SH,0.03633035765504073
2024.08.20,600011.SH,0.2493752695486062
2024.08.20,000024.SZ,0.06970784537755707
2024.08.20,600017.SH,0.12511706908351006
2024.08.20,000014.SZ,0.05029000712429276
2024.08.20,000038.SZ,0.060119704474371365
2024.08.20,600032.SH,0.2546705626845651
2024.08.20,000026.SZ,0.00408995893906487
2024.08.20,000005.SZ,0.017447390720649873
2024.08.20,600045.SH,0.021396986995146375
2024.08.20,600043.SH,0.10421996524426115
2024.08.20,600039.SH,0.2102831506346267
2024.08.20,000002.SZ,0.12818634962188907
2024.08.20,000040.SZ,0.12293128552709952
2024.08.20,000018.SZ,0.605174070390578
2024.08.20,000037.SZ,0.0342945373081193
2024.08.20,600022.SH,0.004278763557896857
2024.08.20,600038.SH,0.02355673108218873
2024.08.20,000033.SZ,0.021695042012876444
2024.08.20,000049.SZ,0.039336393957955594
2024.08.20,600003.SH,0.14193498986794506
2024.08.20,600029.SH,0.07820896301995318
2024.08.20,600026.SH,0.11777107248854142
2024.08.20,600035.SH,0.04647023977017031
2024.08.20,000021.SZ,0.05833780507761852
2024.08.21,000023.SZ,0.04014338890873589
2024.08.21,000027.SZ,0.11022586900749412
2024.08.21,600021.SH,0.0004281272655286126
2024.08.21,000021.SZ,0.1736580140947162
2024.08.21,600015.SH,0.07927909188806068
2024.08.21,000007.SZ,0.027562087153808982
2024.08.21,600025.SH,0.03035297211028713
2024.08.21,600035.SH,0.02759085146939096
2024.08.21,600011.SH,0.044250825870188235
2024.08.21,600022.SH,0.035581963707335226
2024.08.21,600042.SH,0.13349685262779462
2024.08.21,000035.SZ,0.04081678774065197
2024.08.21,000001.SZ,0.031178952294836856
2024.08.21,000022.SZ,0.16590792420742184
2024.08.21,000028.SZ,0.04710321309116201
2024.08.21,600012.SH,0.0676468144333828
2024.08.21,600003.SH,0.008447638308905719
2024.08.21,000014.SZ,0.2757174976775887
2024.08.21,600006.SH,0.23453614722026703
2024.08.21,600008.SH,0.024418459271165045
2024.08.21,000034.SZ,0.06814533589210861
2024.08.21,000044.SZ,0.025446193474654273
2024.08.21,000006.SZ,0.10047022030699244
2024.08.21,600029.SH,0.034031033562960125
2024.08.21,600010.SH,0.16851726739065886
2024.08.21,600001.SH,0.11163560382722826
2024.08.21,600045.SH,0.0132303740743583
2024.08.21,000029.SZ,0.05820593507765156
2024.08.21,600038.SH,0.04422508848069482
2024.08.21,600043.SH,0.042071404198991205
2024.08.21,600017.SH,0.23319346282369194
2024.08.21,000048.SZ,0.08861325334100793
2024.08.21,000011.SZ,0.1499827293131763
2024.08.21,600023.SH,0.016803386095732103
2024.08.21,000015.SZ,0.15745606125859027
2024.08.21,600044.SH,0.029898935976472106
2024.08.21,600041.SH,0.04595460280045861
2024.08.21,000017.SZ,0.1379860654846334
2024.08.21,600048.SH,0.015459983946883795
2024.08.21,000002.SZ,0.22624741514921398
2024.08.21,600019.SH,0.17495973321979374
2024.08.21,600016.SH,0.004152103231872989
2024.08.21,600031.SH,0.007970592248456974
2024.08.21,000009.SZ,0.08307494759147405
2024.08.21,000024.SZ,0.08423180878411177
2024.08.21,600005.SH,0.13043870457102832
2024.08.21,000040.SZ,0.2345113977872626
2024.08.21,600009.SH,0.06820032478732815
2024.08.21,600034.SH,0.021454434847509887
2024.08.21,000016.SZ,0.15344409686660293
2024.08.21,000037.SZ,0.1093001913609024
2024.08.21,600036.SH,0.2476792470520463
2024.08.21,000019.SZ,0.04843750191185829
2024.08.21,600014.SH,0.35292002616318596
2024.08.21,000012.SZ,0.01851115397797941
2024.08.21,600027.SH,0.03214563288327334
2024.08.21,000036.SZ,0.10350691661047819
2024.08.21,000038.SZ,0.03255665026036142
2024.08.21,000049.SZ,0.08249662386978832
2024.08.21,000004.SZ,0.21163021346205468
2024.08.21,000003.SZ,0.06720043139835846
2024.08.21,000018.SZ,0.10138723762464784
2024.08.21,000050.SZ,0.14034641790082783
2024.08.21,000010.SZ,0.1134391250516275
2024.08.21,600002.SH,0.1268478879326689
2024.08.21,000031.SZ,0.09061540291598662
2024.08.21,000025.SZ,0.08137021754006003
2024.08.21,000005.SZ,0.1474819929958269
2024.08.21,000045.SZ,0.03325229691832208
2024.08.21,600004.SH,0.012348055290304687
2024.08.21,000046.SZ,0.24989247896093503
2024.08.21,000013.SZ,0.09334321701864402
2024.08.21,600030.SH,0.07672952078024262
2024.08.21,000026.SZ,0.05565738234772689
2024.08.21,000047.SZ,0.26615477262715437
2024.08.21,600032.SH,0.02606239973711951
2024.08.21,000042.SZ,0.10234557263491681
2024.08.21,000008.SZ,0.08342924469803996
2024.08.21,600024.SH,0.005156975211690026
2024.08.21,000043.SZ,0.012437268992980819
2024.08.21,000020.SZ,0.1578899009813893
2024.08.21,600013.SH,0.24213527753585887
2024.08.21,600039.SH,0.02641762290962894
2024.08.21,000030.SZ,0.3175560396114147
2024.08.21,600000.SH,0.28023900195216495
2024.08.21,600007.SH,0.09192779781437597
2024.08.21,600046.SH,0.01815637448583403
2024.08.21,600028.SH,0.06556289592183522
2024.08.21,000041.SZ,0.10444622639708495
2024.08.21,600033.SH,0.14555290317266437
2024.08.21,000032.SZ,0.040985400305882436
2024.08.21,600018.SH,0.20901486298093458
2024.08.21,600037.SH,0.050327449257177574
2024.08.21,000033.SZ,0.15221231305651164
2024.08.21,000039.SZ,0.0031983366765091456
2024.08.21,600047.SH,0.06514893556412316
2024.08.21,600049.SH,0.008022908304047666
2024.08.22,600045.SH,0.039283182728706505
2024.08.22,600013.SH,0.018418078328529843
2024.08.22,000009.SZ,0.1643579692839469
2024.08.22,000008.SZ,0.0714157297918712
2024.08.22,600014.SH,0.028143128621576287
2024.08.22,000025.SZ,0.11798564196208812
2024.08.22,000028.SZ,0.12825450982517325
2024.08.22,600031.SH,0.05897957829101716
2024.08.22,000047.SZ,0.03754984010132124
2024.08.22,000020.SZ,0.04755210950380137
2024.08.22,600019.SH,0.24616360061349232
2024.08.22,600048.SH,0.09150412327194236
2024.08.22,600038.SH,0.04504044405583115
2024.08.22,000012.SZ,0.032144302553782145
2024.08.22,600021.SH,0.048590217874615094
2024.08.22,000015.SZ,0.16776890627793112
2024.08.22,600012.SH,0.018706972297251906
2024.08.22,600004.SH,0.31213528098065396
2024.08.22,600046.SH,0.0256345813594373
2024.08.22,600010.SH,0.20795878350616911
2024.08.22,600009.SH,0.13562037307394054
2024.08.22,000039.SZ,0.19235874748091109
2024.08.22,000018.SZ,0.03131602486346042
2024.08.22,000026.SZ,0.019407776891787385
2024.08.22,000044.SZ,0.3039001944164357
2024.08.22,600036.SH,0.16482137742890637
2024.08.22,000014.SZ,0.3848706618176783
2024.08.22,000040.SZ,0.3913788907441914
2024.08.22,000004.SZ,0.07466934584731104
2024.08.22,000045.SZ,0.09984758923133315
2024.08.22,600029.SH,0.10918877690132955
2024.08.22,000049.SZ,0.001340461299357593
2024.08.22,600017.SH,0.05088030831126271
2024.08.22,600015.SH,0.3845974024158159
2024.08.22,000023.SZ,0.08746639983626638
2024.08.22,600028.SH,0.2824742579586942
2024.08.22,000017.SZ,0.06434448953342863
2024.08.22,000010.SZ,0.5003917848635353
2024.08.22,000046.SZ,0.046856038851752546
2024.08.22,000006.SZ,0.30103459126340687
2024.08.22,000027.SZ,0.18973293560041726
2024.08.22,000029.SZ,0.1576132801115137
2024.08.22,000033.SZ,0.029184300850401967
2024.08.22,000032.SZ,0.16666258920473154
2024.08.22,000005.SZ,0.4292474538396174
2024.08.22,600024.SH,0.024487270712202473
2024.08.22,600037.SH,0.0030800148302166977
2024.08.22,000050.SZ,0.14289163436026606
2024.08.22,600008.SH,0.01569748256773543
2024.08.22,600044.SH,0.524946770155679
2024.08.22,000022.SZ,0.18549654191096973
2024.08.22,600023.SH,0.4477720735860475
2024.08.22,600005.SH,0.039238900494851243
2024.08.22,000038.SZ,0.11484577383436964
2024.08.22,600043.SH,0.05609213596488575
2024.08.22,000034.SZ,0.00015063915766531995
2024.08.22,600000.SH,0.022461917033792404
2024.08.22,600040.SH,0.134293721411577
2024.08.22,600006.SH,0.030119841810641933
2024.08.22,000043.SZ,0.004997232441698085
2024.08.22,000007.SZ,0.1334897988431426
2024.08.22,600025.SH,0.014348550888212568
2024.08.22,600041.SH,0.06140707557892258
2024.08.22,000037.SZ,0.020372446463517786
2024.08.22,600047.SH,0.04708466917308836
2024.08.22,600035.SH,0.04468978283560387
2024.08.22,600007.SH,0.19318614366482162
2024.08.22,600022.SH,0.03281575674924727
2024.08.22,000001.SZ,0.08929564423601226
2024.08.22,600016.SH,0.07181083441466847
2024.08.22,000042.SZ,0.13552510820785696
2024.08.22,600039.SH,0.059270155216048157
2024.08.22,000016.SZ,0.09843131523643373
2024.08.22,600027.SH,0.13215890686817694
2024.08.22,000041.SZ,0.0422773189575251
2024.08.22,600003.SH,0.07566667075142491
2024.08.22,000024.SZ,0.10539878592976738
2024.08.22,000002.SZ,0.02751780954221829
2024.08.22,600011.SH,0.03233737201623808
2024.08.22,600034.SH,0.2906211926145621
2024.08.22,000048.SZ,0.3816746702968244
2024.08.22,000011.SZ,0.01619818211581435
2024.08.22,600030.SH,0.05609675972060895
2024.08.22,600032.SH,0.2474991484001576
2024.08.22,000013.SZ,0.09362662371864171
2024.08.22,600049.SH,0.03914108714465429
2024.08.22,000019.SZ,0.05531039246073315
2024.08.22,600042.SH,0.4772518285560245
2024.08.22,000030.SZ,0.09600644539349142
2024.08.22,600002.SH,0.15148571716126258
2024.08.22,600001.SH,0.0008609681172432129
2024.08.22,600026.SH,0.0643428110820813
2024.08.22,600018.SH,0.05313669479041186
2024.08.22,000035.SZ,0.3213565307515937
2024.08.22,000031.SZ,0.07496613021022687
2024.08.22,600033.SH,0.47314862453318707
2024.08.22,000021.SZ,0.23593042759032612
2024.08.22,000003.SZ,0.01916751103096251
2024.08.23,000009.SZ,0.19714275193588837
2024.08.23,600024.SH,0.08588674195643178
2024.08.23,000043.SZ,0.033810819321149425
2024.08.23,600015.SH,0.005735969837328532
2024.08.23,600021.SH,0.06580999606975131
2024.08.23,600033.SH,0.0995850785330555
2024.08.23,000013.SZ,0.060191309667610646
2024.08.23,000029.SZ,0.09805480986129038
2024.08.23,000012.SZ,0.061204641992463685
2024.08.23,600039.SH,0.1996681273950292
2024.08.23,000006.SZ,0.060251210949841025
2024.08.23,000034.SZ,0.16052495159926394
2024.08.23,600003.SH,0.02861125033236459
2024.08.23,600006.SH,0.15401586891941835
2024.08.23,000019.SZ,0.05057914584250575
2024.08.23,000016.SZ,0.10562176911493691
2024.08.23,600040.SH,0.3838775323461685
2024.08.23,600013.SH,0.0003267232813415536
2024.08.23,600017.SH,0.010498441977270605
2024.08.23,600046.SH,0.13074600139920875
2024.08.23,000027.SZ,0.017004991145626314
2024.08.23,000040.SZ,0.0008269793218122472
2024.08.23,000007.SZ,0.0880504016015029
2024.08.23,000041.SZ,0.13596767271040566
2024.08.23,600031.SH,0.2581793509786474
2024.08.23,600022.SH,0.13168619201295578
2024.08.23,000010.SZ,0.00017952071190479983
2024.08.23,000033.SZ,0.27707102150830015
2024.08.23,600042.SH,0.11769218745613073
2024.08.23,600020.SH,0.2610240260020864
2024.08.23,600038.SH,0.07739035824507824
2024.08.23,600044.SH,0.36697307951684327
2024.08.23,000011.SZ,0.17128091307174312
2024.08.23,000008.SZ,0.29867295562822554
2024.08.23,000031.SZ,0.06271077700209315
2024.08.23,600032.SH,0.31121753796998036
2024.08.23,600034.SH,0.0065154288874095
2024.08.23,000049.SZ,0.004601107609228104
2024.08.23,600016.SH,0.38817016084209055
2024.08.23,000037.SZ,0.032994800934309385
2024.08.23,600000.SH,0.009784589703056033
2024.08.23,000042.SZ,0.03226576308179654
2024.08.23,600009.SH,0.18416409702878814
2024.08.23,000032.SZ,0.24828361925470546
2024.08.23,600037.SH,0.05718237194369069
2024.08.23,000022.SZ,0.1992916520298775
2024.08.23,600011.SH,0.15377160572329507
2024.08.23,600029.SH,0.07042059760699616
2024.08.23,000024.SZ,0.01119122171337223
2024.08.23,000021.SZ,0.16161349123175411
2024.08.23,600012.SH,0.28560950127467183
2024.08.23,600014.SH,0.09866329386895323
2024.08.23,000039.SZ,0.15106015167231668
2024.08.23,600010.SH,0.27387076017816514
2024.08.23,600004.SH,0.037155704399276956
2024.08.23,000020.SZ,0.04455034196599278
2024.08.23,600048.SH,0.025533534432537808
2024.08.23,600019.SH,0.05363265699088143
2024.08.23,600008.SH,0.009715624808199668
2024.08.23,600018.SH,0.009562956436252573
2024.08.23,000047.SZ,0.06085713085697731
2024.08.23,600025.SH,0.2857064640580143
2024.08.23,000026.SZ,0.15139445387424186
2024.08.23,000015.SZ,0.15298851781409456
2024.08.23,000004.SZ,0.09845638687536147
2024.08.23,000048.SZ,0.038303324342747296
2024.08.23,000014.SZ,0.110555563702487
2024.08.23,000046.SZ,0.12871601854087347
2024.08.23,600036.SH,0.07530137037126469
2024.08.23,600023.SH,0.09059234987349683
2024.08.23,000023.SZ,0.09440915902804597
2024.08.23,600005.SH,0.07257891728461362
2024.08.23,000028.SZ,0.025779709326054404
2024.08.23,000003.SZ,0.007542397300757554
2024.08.23,000025.SZ,0.15932577300102502
2024.08.23,600002.SH,0.1368314638963671
2024.08.23,000036.SZ,0.005594026401890067
2024.08.23,600049.SH,0.02251754229737874
2024.08.23,000045.SZ,0.07597829911293506
2024.08.23,600043.SH,0.39935161345560266
2024.08.23,000001.SZ,0.06503443223627958
2024.08.23,600035.SH,0.11301443107297302
2024.08.23,600026.SH,0.31875749220402777
2024.08.23,000030.SZ,0.05509278323565522
2024.08.23,000005.SZ,0.48733958323248416
2024.08.23,000050.SZ,0.17139690968491786
2024.08.23,600027.SH,0.09953497358402578
2024.08.23,600028.SH,0.10973830359575713
2024.08.23,600030.SH,0.004631154666158357
2024.08.23,600007.SH,0.05479760344323712
2024.08.23,000044.SZ,0.005839808092100183
2024.08.23,600045.SH,0.041515280750422365
2024.08.23,600047.SH,0.07132275851293655
2024.08.23,600001.SH,0.12235916789422507
2024.08.23,000017.SZ,0.021770806672514926
2024.08.23,600041.SH,0.04449191151301812
