TradingDate,SecurityID,Value
2024.06.03,600014.SH,0.050725391033224355
2024.06.03,600026.SH,0.04159726548751601
2024.06.03,600000.SH,0.00880577977613016
2024.06.03,600017.SH,0.08272430233460425
2024.06.03,000048.SZ,0.08140722589447379
2024.06.03,600025.SH,0.18494681494462362
2024.06.03,000014.SZ,0.11856863105886387
2024.06.03,600008.SH,0.2812348887439763
2024.06.03,600040.SH,0.08778002629486667
2024.06.03,000024.SZ,0.283177405856421
2024.06.03,000034.SZ,0.04392359375571926
2024.06.03,600043.SH,0.025820273351990466
2024.06.03,000033.SZ,0.04746775782650274
2024.06.03,600024.SH,0.17021937243112562
2024.06.03,000009.SZ,0.21660081805408132
2024.06.03,000029.SZ,0.1458833375978012
2024.06.03,000011.SZ,0.118323075886164
2024.06.03,600038.SH,0.46036053248747943
2024.06.03,600042.SH,0.4449743924353253
2024.06.03,600001.SH,0.00865868938479869
2024.06.03,600037.SH,0.09229159806774499
2024.06.03,600018.SH,0.04504949980554776
2024.06.03,600020.SH,0.1992555967555392
2024.06.03,000025.SZ,0.3451502195084253
2024.06.03,600022.SH,0.19091223170495858
2024.06.03,000049.SZ,0.15603439911505812
2024.06.03,600003.SH,0.18832901338134422
2024.06.03,600002.SH,0.0014204646801468273
2024.06.03,000045.SZ,0.6418457836859937
2024.06.03,600029.SH,0.10241818422305152
2024.06.03,600021.SH,0.09733097452777838
2024.06.03,000016.SZ,0.05376156580965761
2024.06.03,600027.SH,0.15245357684985428
2024.06.03,600019.SH,0.09657446622248264
2024.06.03,000002.SZ,0.09935889159373722
2024.06.03,000022.SZ,0.02696150918175678
2024.06.03,000019.SZ,0.08048409748767253
2024.06.03,000026.SZ,0.013083724182890517
2024.06.03,600045.SH,0.07360652610189196
2024.06.03,600030.SH,0.0334222193409626
2024.06.03,600033.SH,0.28926277212928714
2024.06.03,000017.SZ,0.16753160431804073
2024.06.03,600013.SH,0.030265489516113794
2024.06.03,000008.SZ,0.03373202170981142
2024.06.03,000041.SZ,0.01779419645512586
2024.06.03,600031.SH,0.18757841284185137
2024.06.03,000023.SZ,0.24275037090267698
2024.06.03,000040.SZ,0.0441510386381433
2024.06.03,000007.SZ,0.14209925850859959
2024.06.03,600047.SH,0.016756763293859007
2024.06.03,600034.SH,0.018806357744758112
2024.06.03,000006.SZ,0.03649348154403749
2024.06.03,600010.SH,0.02654111874304265
2024.06.03,600012.SH,0.20559951682499342
2024.06.03,000031.SZ,0.006657197598954025
2024.06.03,600016.SH,0.23568050988509665
2024.06.03,600035.SH,0.03204482537068215
2024.06.03,000042.SZ,0.04819389504681597
2024.06.03,600039.SH,0.022028436088563016
2024.06.03,000036.SZ,0.008739783709259152
2024.06.03,600046.SH,0.23771256818366238
2024.06.03,600011.SH,0.052450599845665045
2024.06.03,600032.SH,0.07373818140357458
2024.06.03,000039.SZ,0.04623387972636049
2024.06.03,000043.SZ,0.049599537789409814
2024.06.03,000028.SZ,0.04296670898808554
2024.06.03,000030.SZ,0.08591665193899121
2024.06.03,600028.SH,0.06406953091316384
2024.06.03,600044.SH,0.05239819834068283
2024.06.03,000020.SZ,0.010938131987651157
2024.06.03,600007.SH,0.03477166750165298
2024.06.03,600005.SH,0.251256510790423
2024.06.03,000050.SZ,0.15273873162931856
2024.06.03,000032.SZ,0.01949409055589512
2024.06.03,000044.SZ,0.08261165485435105
2024.06.03,000038.SZ,0.27674264182566005
2024.06.03,600023.SH,0.10839459480810128
2024.06.03,000005.SZ,0.24292929294955068
2024.06.03,000004.SZ,0.24486798958193398
2024.06.03,600009.SH,0.01506853761425859
2024.06.03,600041.SH,0.1418827596483208
2024.06.03,600036.SH,0.06978910432574782
2024.06.03,000035.SZ,0.03414966975768346
2024.06.03,600049.SH,0.038150828774189446
2024.06.03,600006.SH,0.13630822220682626
2024.06.03,000027.SZ,0.7988262570030499
2024.06.03,000003.SZ,0.055088032665505084
2024.06.03,000015.SZ,0.1752002138378957
2024.06.03,000047.SZ,0.09920706785126444
2024.06.03,000018.SZ,0.05579193227617504
2024.06.03,000010.SZ,0.02098172547847508
2024.06.03,000021.SZ,0.5168048048726109
2024.06.03,000046.SZ,0.0685617156343837
2024.06.03,000001.SZ,0.00781079021240839
2024.06.03,000037.SZ,0.05751868687292444
2024.06.03,000012.SZ,0.351411372408085
2024.06.03,600004.SH,0.09020300676474066
2024.06.03,600048.SH,0.0001373886208938519
2024.06.04,000041.SZ,0.2258525563034112
2024.06.04,000004.SZ,0.05901765066240338
2024.06.04,000027.SZ,0.00026993193228741713
2024.06.04,000031.SZ,0.017348888718286513
2024.06.04,600029.SH,0.11892327976957705
2024.06.04,000017.SZ,0.40361976605244465
2024.06.04,000006.SZ,0.4304817388305314
2024.06.04,600046.SH,0.2735786029970394
2024.06.04,600035.SH,0.03581807570848806
2024.06.04,000044.SZ,0.09134231124412738
2024.06.04,600001.SH,0.038510239109240944
2024.06.04,600022.SH,0.05255710604114865
2024.06.04,000002.SZ,0.06313475106703309
2024.06.04,000001.SZ,0.2501187896546431
2024.06.04,000030.SZ,0.2180503885970367
2024.06.04,000042.SZ,0.2982083696676428
2024.06.04,000034.SZ,0.014396382112592015
2024.06.04,000021.SZ,0.06321042076428267
2024.06.04,000037.SZ,0.0468260320660749
2024.06.04,000014.SZ,0.03334647864834508
2024.06.04,600015.SH,0.01727862999647955
2024.06.04,600042.SH,0.10852560761863168
2024.06.04,000009.SZ,0.024737626334792547
2024.06.04,600000.SH,0.09070055515258998
2024.06.04,600025.SH,0.04871708881107945
2024.06.04,000028.SZ,0.010036208978537114
2024.06.04,000045.SZ,0.0591999026577347
2024.06.04,600004.SH,0.037761061943032005
2024.06.04,600028.SH,0.29809472114301233
2024.06.04,000022.SZ,0.14319018437404152
2024.06.04,600032.SH,0.04942581550259323
2024.06.04,000013.SZ,0.08843847428716474
2024.06.04,000008.SZ,0.34722866183416157
2024.06.04,600011.SH,0.1000969717669795
2024.06.04,600024.SH,0.2804083504981549
2024.06.04,600041.SH,0.030099372590058515
2024.06.04,600005.SH,0.22233620326634965
2024.06.04,000020.SZ,0.31782430371458814
2024.06.04,600049.SH,0.06667900527536796
2024.06.04,000046.SZ,0.07288075340856945
2024.06.04,000010.SZ,0.10853870576366463
2024.06.04,600006.SH,0.13163546915012073
2024.06.04,600038.SH,0.07868605426691672
2024.06.04,600037.SH,0.02241114065600611
2024.06.04,000035.SZ,0.014014376707265344
2024.06.04,000049.SZ,0.20219613896409333
2024.06.04,600047.SH,0.025066501331446833
2024.06.04,600018.SH,0.00604379480177178
2024.06.04,000038.SZ,0.06713297919528938
2024.06.04,600002.SH,0.06010566936210408
2024.06.04,000036.SZ,0.24284590135142314
2024.06.04,000048.SZ,0.007624350151023625
2024.06.04,000015.SZ,0.16578737900582374
2024.06.04,000029.SZ,0.08418825508392193
2024.06.04,600013.SH,0.06343512423554948
2024.06.04,600023.SH,0.09340768493684974
2024.06.04,600034.SH,0.07653980589555544
2024.06.04,600026.SH,0.019085563602078474
2024.06.04,000007.SZ,0.024974262885057802
2024.06.04,600044.SH,0.14568702159076408
2024.06.04,000033.SZ,0.010892070904607495
2024.06.04,000024.SZ,0.053424548391295505
2024.06.04,600017.SH,0.039983158808418226
2024.06.04,000016.SZ,0.02047986736592016
2024.06.04,600019.SH,0.13117518354347482
2024.06.04,600012.SH,0.10029319953748417
2024.06.04,600014.SH,0.23218389204294965
2024.06.04,000026.SZ,0.16792365776586476
2024.06.04,600007.SH,0.04442250714902121
2024.06.04,600043.SH,0.08255851699371206
2024.06.04,600045.SH,0.04269725536064767
2024.06.04,600027.SH,0.07405088026437513
2024.06.04,000003.SZ,0.009365305501923358
2024.06.04,000032.SZ,0.2332409960958964
2024.06.04,600003.SH,0.2120225380245674
2024.06.04,600048.SH,0.025397986872675526
2024.06.04,600033.SH,0.048182643143788784
2024.06.04,600009.SH,0.04934756172898627
2024.06.04,000039.SZ,0.013021860204945094
2024.06.04,600030.SH,0.05680016202656397
2024.06.04,000047.SZ,0.10755298798263838
2024.06.04,000005.SZ,0.006735977307941383
2024.06.04,600040.SH,0.19091656060494602
2024.06.04,000023.SZ,0.25611292741399
2024.06.04,600010.SH,0.25759879620546217
2024.06.04,000043.SZ,0.14706292278247143
2024.06.04,000011.SZ,0.04319671295464118
2024.06.04,000012.SZ,0.019937318854906915
2024.06.04,600039.SH,0.06190144834438712
2024.06.04,600031.SH,0.12155647906754596
2024.06.04,600036.SH,0.0036232922055222674
2024.06.04,000050.SZ,0.41018752472782294
2024.06.04,000018.SZ,0.23853162103965886
2024.06.04,600008.SH,0.18237768404586832
2024.06.04,600016.SH,0.21983646227820192
2024.06.04,600021.SH,0.047086754659540916
2024.06.04,000019.SZ,0.07123745236568478
2024.06.04,000040.SZ,0.005181237964091992
2024.06.05,600029.SH,0.016602403555190777
2024.06.05,600013.SH,0.13472819764859648
2024.06.05,000017.SZ,0.05611768089873653
2024.06.05,600002.SH,0.01652717113900178
2024.06.05,000030.SZ,0.2426613985286633
2024.06.05,000020.SZ,0.05192498210678889
2024.06.05,000034.SZ,0.039154809323876674
2024.06.05,600031.SH,0.10353839606667499
2024.06.05,000031.SZ,0.1451339708637079
2024.06.05,000038.SZ,0.029481115586829962
2024.06.05,000046.SZ,0.1581821295817411
2024.06.05,000047.SZ,0.0069014665301101
2024.06.05,000035.SZ,0.0983808186162051
2024.06.05,600012.SH,0.08767645925892095
2024.06.05,600040.SH,0.11872485593532603
2024.06.05,000033.SZ,0.21540907335227974
2024.06.05,000032.SZ,0.24626616281419514
2024.06.05,600007.SH,0.8045145227948204
2024.06.05,600006.SH,0.17125408506527162
2024.06.05,000016.SZ,0.051086328395112235
2024.06.05,000014.SZ,0.1985367550181326
2024.06.05,600035.SH,0.21779084912617333
2024.06.05,000007.SZ,0.21766517354302092
2024.06.05,600037.SH,0.010018839700110456
2024.06.05,600034.SH,0.31391907343598113
2024.06.05,600016.SH,0.08005470211432753
2024.06.05,000009.SZ,0.14114491971781137
2024.06.05,000008.SZ,0.3055969642364291
2024.06.05,000027.SZ,0.13068902703725777
2024.06.05,600019.SH,0.062460164293019226
2024.06.05,000013.SZ,0.12397565170973956
2024.06.05,600001.SH,0.25384857155204643
2024.06.05,000039.SZ,0.05136769081807742
2024.06.05,000001.SZ,0.01523046534886794
2024.06.05,000048.SZ,0.029218637043913708
2024.06.05,000029.SZ,0.3268687934308472
2024.06.05,600047.SH,0.0453397500194665
2024.06.05,000021.SZ,0.041374900877531956
2024.06.05,600024.SH,0.11131920557317679
2024.06.05,000044.SZ,0.037580844434449145
2024.06.05,600025.SH,0.14915903976294662
2024.06.05,600010.SH,0.15661396677867512
2024.06.05,600032.SH,0.19629283441928003
2024.06.05,000026.SZ,0.027951801497536455
2024.06.05,600038.SH,0.03807463773387498
2024.06.05,600027.SH,0.1321473343578203
2024.06.05,600028.SH,0.07973494864356528
2024.06.05,600049.SH,0.06462362147300202
2024.06.05,600033.SH,0.002310718289834897
2024.06.05,600011.SH,0.018537414411378655
2024.06.05,600042.SH,0.07091474756415587
2024.06.05,000024.SZ,0.23991460478175394
2024.06.05,600046.SH,0.2719962150357253
2024.06.05,600026.SH,0.06689532604119573
2024.06.05,000025.SZ,0.10259669830862125
2024.06.05,000018.SZ,0.11517370919824249
2024.06.05,000050.SZ,0.03573801038495673
2024.06.05,600015.SH,0.01137682049962639
2024.06.05,600009.SH,0.044498125780122785
2024.06.05,600023.SH,0.032073250263049226
2024.06.05,000010.SZ,0.0984079222850441
2024.06.05,000040.SZ,0.11521966615150932
2024.06.05,600045.SH,0.05892634817116458
2024.06.05,600030.SH,0.0959489723605686
2024.06.05,600048.SH,0.06046815199720504
2024.06.05,000023.SZ,0.05405059154865892
2024.06.05,000006.SZ,0.04731500273849467
2024.06.05,000042.SZ,0.35783350421723303
2024.06.05,600014.SH,0.030170410450918693
2024.06.05,600020.SH,0.06254439375301157
2024.06.05,600005.SH,0.12708958840770596
2024.06.05,000011.SZ,0.006236152032059286
2024.06.05,000037.SZ,0.04300658787637856
2024.06.05,000043.SZ,0.006358997701154643
2024.06.05,600017.SH,0.0031355665194779457
2024.06.05,600008.SH,0.02478984197882809
2024.06.05,600036.SH,0.06340666380902686
2024.06.05,600004.SH,0.16564421825072237
2024.06.05,600044.SH,0.057558277495038765
2024.06.05,000015.SZ,0.045302238948294375
2024.06.05,600041.SH,0.11278952298777911
2024.06.05,600003.SH,0.2917969311759906
2024.06.05,000002.SZ,0.0241609132670798
2024.06.05,000019.SZ,0.07831304248083404
2024.06.05,600021.SH,0.005116329297496831
2024.06.05,000049.SZ,0.22765154647663877
2024.06.05,000028.SZ,0.0740614727268697
2024.06.05,600018.SH,0.019373530523869933
2024.06.05,600000.SH,0.0487654679340936
2024.06.05,600043.SH,0.0719555249941152
2024.06.05,000036.SZ,0.04039611806180459
2024.06.05,000003.SZ,0.11462022256734944
2024.06.05,000041.SZ,0.14927646804824196
2024.06.05,600022.SH,0.0020511869239679963
2024.06.05,000022.SZ,0.056110786792515986
2024.06.05,000005.SZ,0.1473391781701768
2024.06.06,600008.SH,0.3115033546563817
2024.06.06,600012.SH,0.04961899512560816
2024.06.06,600037.SH,0.011649797578747062
2024.06.06,000010.SZ,0.20483848533553053
2024.06.06,600034.SH,0.2521624102921122
2024.06.06,000020.SZ,0.06524202880289379
2024.06.06,600032.SH,0.037222867862813355
2024.06.06,600035.SH,0.005286522024761041
2024.06.06,000013.SZ,0.19702423868596755
2024.06.06,000028.SZ,0.14499911763701487
2024.06.06,000025.SZ,0.1022050579582002
2024.06.06,600040.SH,0.09656766350754739
2024.06.06,600006.SH,0.20772648560075468
2024.06.06,600044.SH,0.023222466903608185
2024.06.06,600011.SH,0.07690480197048453
2024.06.06,000006.SZ,0.15894323855418704
2024.06.06,000050.SZ,0.055060143069508426
2024.06.06,000027.SZ,0.21535073979269245
2024.06.06,000032.SZ,0.07573203125309373
2024.06.06,600036.SH,0.08871272560665458
2024.06.06,600001.SH,0.11424396989545478
2024.06.06,600017.SH,0.23112047101443928
2024.06.06,600039.SH,0.008038382363438522
2024.06.06,000037.SZ,0.22396641868206837
2024.06.06,600016.SH,0.0011110072127077284
2024.06.06,600030.SH,0.1663828442260314
2024.06.06,000015.SZ,0.008650379418902383
2024.06.06,600048.SH,0.2754551703139854
2024.06.06,000043.SZ,0.1891663763358292
2024.06.06,600026.SH,0.05320087470905298
2024.06.06,000039.SZ,0.20564110849858647
2024.06.06,000021.SZ,0.05430790023914294
2024.06.06,000033.SZ,0.26777017758977445
2024.06.06,600025.SH,0.30524704182576984
2024.06.06,000003.SZ,0.050811615412366375
2024.06.06,000019.SZ,0.043526184219147654
2024.06.06,600019.SH,0.09654332426349937
2024.06.06,000036.SZ,0.012016111703465632
2024.06.06,600007.SH,0.3304740891685677
2024.06.06,000042.SZ,0.16882139867501744
2024.06.06,000011.SZ,0.1804155497592471
2024.06.06,000040.SZ,0.15543819854354407
2024.06.06,600033.SH,0.0002712739819550116
2024.06.06,600042.SH,0.1835553423008941
2024.06.06,000023.SZ,0.12343688713679551
2024.06.06,600003.SH,0.32494256579818936
2024.06.06,000005.SZ,0.12368953378380211
2024.06.06,600014.SH,0.03536278163882194
2024.06.06,000048.SZ,0.18354802476038684
2024.06.06,000031.SZ,0.09633606070842167
2024.06.06,600020.SH,0.09279521678077472
2024.06.06,000002.SZ,0.033862510086981816
2024.06.06,000008.SZ,0.303336504256773
2024.06.06,000041.SZ,0.05811389601726777
2024.06.06,000044.SZ,0.00804746383234344
2024.06.06,600027.SH,0.027238443524498848
2024.06.06,600023.SH,0.01916819180348794
2024.06.06,000018.SZ,0.005810309795386451
2024.06.06,600028.SH,0.012978349863504502
2024.06.06,600002.SH,0.04157289178042713
2024.06.06,000045.SZ,0.021313491186178573
2024.06.06,600046.SH,0.06255709044834568
2024.06.06,000004.SZ,0.33561227230976437
2024.06.06,000024.SZ,0.17500890321508386
2024.06.06,600004.SH,0.1587516344361457
2024.06.06,000009.SZ,0.011061049917742467
2024.06.06,600043.SH,0.07181771692188525
2024.06.06,600047.SH,0.12039245036513511
2024.06.06,600024.SH,0.09123495326823636
2024.06.06,000038.SZ,0.1101085191139087
2024.06.06,600049.SH,0.09553154660806942
2024.06.06,000012.SZ,0.14018437247734863
2024.06.06,000001.SZ,0.34510179432330607
2024.06.06,600038.SH,0.040714175558044956
2024.06.06,600010.SH,0.03796296769097076
2024.06.06,600045.SH,0.026557400046536745
2024.06.06,600022.SH,0.03451303138788648
2024.06.06,600029.SH,0.05295484508311032
2024.06.06,000034.SZ,0.1293566736316843
2024.06.06,600000.SH,0.07592310826828337
2024.06.06,000049.SZ,0.254638781125005
2024.06.06,600018.SH,0.038372731179419264
2024.06.06,600009.SH,0.15855607599055813
2024.06.06,000016.SZ,0.10186507629585331
2024.06.06,000030.SZ,0.019017213226875614
2024.06.06,000029.SZ,0.1431894264887425
2024.06.06,000047.SZ,0.09349295336883627
2024.06.06,600015.SH,0.16347012833049526
2024.06.06,600021.SH,0.20701602325759083
2024.06.06,600031.SH,0.03288438431738272
2024.06.06,000046.SZ,0.14867185914295758
2024.06.06,000035.SZ,0.06912718541102904
2024.06.06,000014.SZ,0.0031973794428200733
2024.06.06,000026.SZ,0.00563803476829496
2024.06.06,000017.SZ,0.18149414800011443
2024.06.06,600013.SH,0.1757076101256228
2024.06.07,600027.SH,0.05257642095447323
2024.06.07,600038.SH,0.1796006660538926
2024.06.07,000008.SZ,0.04046794780452416
2024.06.07,600042.SH,0.04009229773604363
2024.06.07,000010.SZ,0.005136319875007924
2024.06.07,000020.SZ,0.07689719203895323
2024.06.07,000012.SZ,0.07837559305968636
2024.06.07,000018.SZ,0.04376856097948258
2024.06.07,600045.SH,0.0380541760934167
2024.06.07,000007.SZ,0.21227943601462268
2024.06.07,600007.SH,0.08480550209866967
2024.06.07,600011.SH,0.049745072595227535
2024.06.07,000023.SZ,0.003984986255719144
2024.06.07,000004.SZ,0.01599235841548452
2024.06.07,600041.SH,0.16439579876344676
2024.06.07,000002.SZ,0.09298860834099318
2024.06.07,000046.SZ,0.17174032743429488
2024.06.07,600003.SH,0.11363312528533409
2024.06.07,000011.SZ,0.026144698955876518
2024.06.07,000044.SZ,0.5576660876799844
2024.06.07,000048.SZ,0.02890867986006088
2024.06.07,600006.SH,0.15740863144520933
2024.06.07,000014.SZ,0.036585821630370025
2024.06.07,600012.SH,0.15579135586229506
2024.06.07,000021.SZ,0.1535235742639953
2024.06.07,000025.SZ,0.13309776183522215
2024.06.07,000028.SZ,0.5816224293264918
2024.06.07,600015.SH,0.04369065186415442
2024.06.07,000006.SZ,0.003412396993443287
2024.06.07,600032.SH,0.04207056251804029
2024.06.07,600016.SH,0.05965900144971471
2024.06.07,000039.SZ,0.05161639503563709
2024.06.07,600049.SH,0.27637640827872906
2024.06.07,600024.SH,0.32485390554745436
2024.06.07,000016.SZ,0.09694884417842295
2024.06.07,000045.SZ,0.25351141504736213
2024.06.07,000017.SZ,0.09743452662612558
2024.06.07,600028.SH,0.20902782335927111
2024.06.07,000040.SZ,0.014231155692447362
2024.06.07,600020.SH,0.21327223102694637
2024.06.07,000049.SZ,0.088757225699909
2024.06.07,000024.SZ,0.5688539103027992
2024.06.07,600030.SH,0.026093008897738697
2024.06.07,000038.SZ,0.19924411500016767
2024.06.07,600044.SH,0.13790751973085832
2024.06.07,600022.SH,0.09901714200803453
2024.06.07,600031.SH,0.03266538299881362
2024.06.07,600029.SH,0.18342953118394187
2024.06.07,000022.SZ,0.022633672399093658
2024.06.07,000034.SZ,0.012469451613489727
2024.06.07,600043.SH,0.03680435815416157
2024.06.07,600036.SH,0.02734668037620076
2024.06.07,000027.SZ,0.03345636055983344
2024.06.07,000037.SZ,0.15084242203534917
2024.06.07,600035.SH,0.02520314467835598
2024.06.07,600047.SH,0.301405879994387
2024.06.07,000019.SZ,0.17229623087884743
2024.06.07,000030.SZ,0.035366158081998736
2024.06.07,000005.SZ,0.057855506798845824
2024.06.07,600018.SH,0.12934698290001223
2024.06.07,600039.SH,0.024237617764434474
2024.06.07,000050.SZ,0.49744941982516755
2024.06.07,000013.SZ,0.034548536463737206
2024.06.07,600026.SH,0.010903069818510972
2024.06.07,000031.SZ,0.4113128034534761
2024.06.07,600013.SH,0.1106348000867324
2024.06.07,600009.SH,0.006682380748600371
2024.06.07,600017.SH,0.17268348762736807
2024.06.07,000033.SZ,0.009051414430269505
2024.06.07,600000.SH,0.019417918582129365
2024.06.07,000026.SZ,0.02738328750313101
2024.06.07,000041.SZ,0.05976947600471615
2024.06.07,600002.SH,0.008595936350816596
2024.06.07,000047.SZ,0.07722325941184935
2024.06.07,000001.SZ,0.11992236179665954
2024.06.07,600010.SH,0.05582257975075341
2024.06.07,600025.SH,0.00029955151961398113
2024.06.07,000042.SZ,0.18357895326606424
2024.06.07,000003.SZ,0.056288538464379576
2024.06.07,600037.SH,0.27155522062949794
2024.06.07,000029.SZ,0.05502101705283517
2024.06.07,600001.SH,0.00603407990779201
2024.06.07,600021.SH,0.07266673322387629
2024.06.07,600046.SH,0.28616428583092457
2024.06.07,600008.SH,0.24726169022478905
2024.06.07,000043.SZ,0.19377009985809962
2024.06.07,600014.SH,0.07403514708284943
2024.06.07,600040.SH,0.02542410198090435
2024.06.07,600048.SH,0.03137233654319647
2024.06.07,000036.SZ,6.230908319013283e-05
2024.06.07,000035.SZ,0.049252850012322096
2024.06.07,600019.SH,0.004793323518294887
2024.06.07,600033.SH,0.1338842618057718
2024.06.07,000009.SZ,0.09131159541746428
2024.06.07,600004.SH,0.03821388025107132
2024.06.07,000032.SZ,0.19133535716684952
2024.06.07,600005.SH,0.01049300650564339
2024.06.10,600023.SH,0.10676117394271406
2024.06.10,600008.SH,0.0320270219052756
2024.06.10,600024.SH,0.08722949492219725
2024.06.10,000037.SZ,0.10173391376501285
2024.06.10,600033.SH,0.09746091332181173
2024.06.10,000034.SZ,0.17658388687138146
2024.06.10,600046.SH,0.0018357349755623498
2024.06.10,000026.SZ,0.003570403068515016
2024.06.10,000007.SZ,0.13496697365605287
2024.06.10,600001.SH,0.0033236669725465783
2024.06.10,600027.SH,0.4245069468064602
2024.06.10,600031.SH,0.20310482925111986
2024.06.10,000001.SZ,0.2273698044696887
2024.06.10,000031.SZ,0.007461880596022003
2024.06.10,600039.SH,0.15524523860314973
2024.06.10,000036.SZ,0.06504398293759223
2024.06.10,600007.SH,0.08924329422815785
2024.06.10,600029.SH,0.20804846481256492
2024.06.10,600018.SH,0.1216607923871358
2024.06.10,600034.SH,0.006935747360356033
2024.06.10,000048.SZ,0.3902192003583813
2024.06.10,000027.SZ,0.3530187289570758
2024.06.10,000025.SZ,0.0034805600470820355
2024.06.10,600005.SH,0.14460179241169835
2024.06.10,000021.SZ,0.14189839870732254
2024.06.10,000011.SZ,0.017052331998412145
2024.06.10,600021.SH,0.1391553369579387
2024.06.10,000039.SZ,0.032686893682695325
2024.06.10,600015.SH,0.0871279270909579
2024.06.10,600049.SH,0.0020240379939550066
2024.06.10,600017.SH,0.12897897231074718
2024.06.10,600013.SH,0.21814288997717296
2024.06.10,000018.SZ,0.07089174441900659
2024.06.10,600045.SH,0.025375862123228475
2024.06.10,600003.SH,0.011849787833091154
2024.06.10,000049.SZ,0.011777590991493829
2024.06.10,600043.SH,0.08075894202281103
2024.06.10,600014.SH,0.3343734084970402
2024.06.10,600004.SH,0.24783477120796624
2024.06.10,000047.SZ,0.2090091833640301
2024.06.10,000006.SZ,0.17629974950593597
2024.06.10,000022.SZ,0.037497274500232006
2024.06.10,000015.SZ,0.019263749838288373
2024.06.10,600012.SH,0.0013416234851864447
2024.06.10,600038.SH,0.1375124714700938
2024.06.10,600041.SH,0.2532833583120379
2024.06.10,000016.SZ,0.3193588378287928
2024.06.10,600042.SH,0.2979141041667232
2024.06.10,600000.SH,0.13622020620539824
2024.06.10,600037.SH,0.0831503915995786
2024.06.10,000044.SZ,0.016351771399701086
2024.06.10,000046.SZ,0.21135129786141452
2024.06.10,000020.SZ,0.19899496864477026
2024.06.10,000032.SZ,0.3353690517295366
2024.06.10,000033.SZ,0.23592572037938364
2024.06.10,600032.SH,0.16202017856669582
2024.06.10,600030.SH,0.03641536820331269
2024.06.10,000042.SZ,0.032144917776283755
2024.06.10,000010.SZ,0.08131520801065836
2024.06.10,000041.SZ,0.34773224846581974
2024.06.10,600048.SH,0.005027298574085597
2024.06.10,000028.SZ,0.05330507694423005
2024.06.10,600019.SH,0.18484953153792893
2024.06.10,000019.SZ,0.23509751488269234
2024.06.10,600011.SH,0.05587694480983679
2024.06.10,600022.SH,0.18552732101631955
2024.06.10,000009.SZ,0.04157667005743996
2024.06.10,000017.SZ,0.04616828373289697
2024.06.10,600006.SH,0.11721760614484071
2024.06.10,000043.SZ,0.15449729095325138
2024.06.10,000035.SZ,0.2894466965011164
2024.06.10,000003.SZ,0.4299554749754233
2024.06.10,600047.SH,0.03563582801035268
2024.06.10,000038.SZ,0.05032492539825446
2024.06.10,000002.SZ,0.03887944628049948
2024.06.10,600036.SH,0.03456398454116211
2024.06.10,000030.SZ,0.34309762907987107
2024.06.10,000023.SZ,0.029147214342395915
2024.06.10,600002.SH,0.054998665525907466
2024.06.10,000005.SZ,0.026296769234798352
2024.06.10,600044.SH,0.142522587876399
2024.06.10,600040.SH,0.19169639617857068
2024.06.10,000013.SZ,0.1585310225713786
2024.06.10,000029.SZ,0.006602103951617421
2024.06.10,000014.SZ,0.14316797977939233
2024.06.10,000012.SZ,0.13358758233694504
2024.06.10,000040.SZ,0.047729847553364325
2024.06.10,000045.SZ,0.28297265044285735
2024.06.10,000024.SZ,0.3490144251848321
2024.06.10,600028.SH,0.31449962182225927
2024.06.10,600020.SH,0.0712849673538796
2024.06.10,000008.SZ,0.3069157482225499
2024.06.10,600025.SH,0.15750632497033448
2024.06.10,600016.SH,0.10079834682653059
2024.06.10,600035.SH,0.002547456677689224
2024.06.10,600026.SH,0.0480046873129621
2024.06.10,000004.SZ,0.18533849053597173
2024.06.11,000047.SZ,0.24068716179975652
2024.06.11,000007.SZ,0.12206758855851925
2024.06.11,600006.SH,0.32194193343425287
2024.06.11,000015.SZ,0.10981265181247983
2024.06.11,600026.SH,0.17627201384800223
2024.06.11,600043.SH,0.030011004216642972
2024.06.11,000021.SZ,0.011430530376180635
2024.06.11,000045.SZ,0.2703897876883318
2024.06.11,600001.SH,0.05642759876652683
2024.06.11,600032.SH,0.14419843750420008
2024.06.11,000033.SZ,0.01594114653747715
2024.06.11,600012.SH,0.04855377764989563
2024.06.11,000038.SZ,0.14662855954754292
2024.06.11,600015.SH,0.09626749985713605
2024.06.11,600005.SH,0.017194151571349466
2024.06.11,600017.SH,0.08271542208794122
2024.06.11,000002.SZ,0.14283771993214006
2024.06.11,000039.SZ,0.08897379988714421
2024.06.11,000043.SZ,0.0626084355680565
2024.06.11,600016.SH,0.2718933834340353
2024.06.11,600048.SH,0.0008799087683046048
2024.06.11,000040.SZ,0.1620702290387752
2024.06.11,000010.SZ,0.0358429245965035
2024.06.11,000048.SZ,0.06753042573326419
2024.06.11,600013.SH,0.4702588754363948
2024.06.11,600036.SH,0.012870012113075107
2024.06.11,000016.SZ,0.6255702794710866
2024.06.11,600004.SH,0.05487780505202607
2024.06.11,000020.SZ,0.012976924454888381
2024.06.11,600014.SH,0.02537171128749238
2024.06.11,600035.SH,0.0678086417726365
2024.06.11,600022.SH,0.0006537727152004511
2024.06.11,000026.SZ,0.15171096649239632
2024.06.11,600025.SH,0.10630568152156757
2024.06.11,000013.SZ,0.04389040286834763
2024.06.11,600045.SH,0.00538534096460048
2024.06.11,600007.SH,0.09263058611315611
2024.06.11,600020.SH,0.02424713014374371
2024.06.11,000024.SZ,0.1953283453112554
2024.06.11,600011.SH,0.19551083377772033
2024.06.11,000025.SZ,0.2764140610041647
2024.06.11,000037.SZ,0.003676555186728839
2024.06.11,600047.SH,0.08803354263215074
2024.06.11,000035.SZ,0.2388902975207298
2024.06.11,600009.SH,0.20029108800865245
2024.06.11,000012.SZ,0.06175897818269133
2024.06.11,600046.SH,0.012544178013454007
2024.06.11,600037.SH,0.04538168963920758
2024.06.11,600019.SH,0.12327265292209527
2024.06.11,000029.SZ,0.15470580048765445
2024.06.11,600034.SH,0.05809741815723627
2024.06.11,600010.SH,0.12125246252424184
2024.06.11,600029.SH,0.28424854445325326
2024.06.11,000022.SZ,0.03426653844274015
2024.06.11,000004.SZ,0.013464567435257913
2024.06.11,600038.SH,0.11321394940287913
2024.06.11,000011.SZ,0.022107989905149318
2024.06.11,600028.SH,0.03011950122028944
2024.06.11,600031.SH,0.03656479035560444
2024.06.11,600042.SH,0.1240732510255264
2024.06.11,600040.SH,0.060922830419577544
2024.06.11,000036.SZ,0.35457336968406583
2024.06.11,000044.SZ,0.016610110928839038
2024.06.11,000032.SZ,0.09156655127248566
2024.06.11,000041.SZ,0.07965406783558543
2024.06.11,600041.SH,0.13277226511213058
2024.06.11,600018.SH,0.0462366741912326
2024.06.11,000030.SZ,0.1476424562138569
2024.06.11,000001.SZ,0.010986457737795908
2024.06.11,000027.SZ,0.022332497982069967
2024.06.11,600023.SH,0.13793392234863316
2024.06.11,600049.SH,0.056333357326120825
2024.06.11,600003.SH,0.054955198510790136
2024.06.11,600024.SH,0.014288887713939416
2024.06.11,000031.SZ,0.09320904567785562
2024.06.11,000023.SZ,0.02274336364378664
2024.06.11,000018.SZ,0.11041404947415677
2024.06.11,000046.SZ,0.08010713748021418
2024.06.11,600002.SH,0.020578371124686405
2024.06.11,600008.SH,0.15902794325856712
2024.06.11,000014.SZ,0.025439822148956317
2024.06.11,000006.SZ,0.045935742373527655
2024.06.11,000003.SZ,0.23420740164560944
2024.06.11,000017.SZ,0.11043543000559056
2024.06.11,000009.SZ,0.1360682685058343
2024.06.11,600000.SH,0.06190599880005531
2024.06.11,000008.SZ,0.33365728719078813
2024.06.11,600030.SH,0.2980867404114353
2024.06.11,000034.SZ,0.06501274631361108
2024.06.11,600033.SH,0.028778951606864403
2024.06.11,600044.SH,0.03935739502758937
2024.06.11,000028.SZ,0.0849387882788051
2024.06.11,000019.SZ,0.05757707046792032
2024.06.11,600027.SH,0.01715075668047862
2024.06.11,600039.SH,0.10836900270302328
2024.06.11,000050.SZ,0.06385618150732235
2024.06.11,000042.SZ,0.26306599717327445
2024.06.11,000005.SZ,0.051926496848302806
2024.06.12,000046.SZ,0.009680186902024388
2024.06.12,000012.SZ,0.1444823603610942
2024.06.12,600028.SH,0.018977333904915825
2024.06.12,600029.SH,0.0241790857446722
2024.06.12,000004.SZ,0.1743471481295147
2024.06.12,000011.SZ,0.07355550984941561
2024.06.12,600022.SH,0.19833800546307345
2024.06.12,600042.SH,0.07961828543491797
2024.06.12,600036.SH,0.06916353596816094
2024.06.12,600024.SH,0.015289054114769622
2024.06.12,000008.SZ,0.012281839364482199
2024.06.12,000016.SZ,0.17088014971304655
2024.06.12,600048.SH,0.02183239401151188
2024.06.12,000003.SZ,0.04908449371451298
2024.06.12,000041.SZ,0.08734032264385636
2024.06.12,000027.SZ,0.12547208847586505
2024.06.12,000019.SZ,0.17339253271886518
2024.06.12,600005.SH,0.02254302946006491
2024.06.12,000009.SZ,0.22564174791005834
2024.06.12,600025.SH,0.037519889066352966
2024.06.12,600002.SH,0.4081454123985216
2024.06.12,600039.SH,0.011905866037606846
2024.06.12,000001.SZ,0.015831789228027637
2024.06.12,000020.SZ,0.0314689251508159
2024.06.12,600014.SH,0.019283654422165338
2024.06.12,000006.SZ,0.010511613977244596
2024.06.12,000023.SZ,0.5474629591793644
2024.06.12,000038.SZ,0.03106892592636315
2024.06.12,600003.SH,0.00774043418961551
2024.06.12,600001.SH,0.01893853085692747
2024.06.12,600038.SH,0.22440422060270399
2024.06.12,600012.SH,0.002682048077645667
2024.06.12,000048.SZ,0.2728060527119857
2024.06.12,600044.SH,0.026666685452051548
2024.06.12,000039.SZ,0.04457042411311656
2024.06.12,000015.SZ,0.4376013385923846
2024.06.12,000029.SZ,0.12636290066091999
2024.06.12,600008.SH,0.23185713288664228
2024.06.12,600027.SH,0.067411885663694
2024.06.12,000010.SZ,0.002003316776906356
2024.06.12,000030.SZ,0.04505168238891359
2024.06.12,600030.SH,0.038453364918274835
2024.06.12,000044.SZ,0.09054671936441097
2024.06.12,600049.SH,0.06472313285949331
2024.06.12,000024.SZ,0.1276962318962717
2024.06.12,600015.SH,0.03687498645010117
2024.06.12,000025.SZ,0.07490976038753525
2024.06.12,600006.SH,0.12690025543606828
2024.06.12,000049.SZ,0.06318989648838037
2024.06.12,000031.SZ,0.053232353192402056
2024.06.12,000021.SZ,0.1777434454531427
2024.06.12,600020.SH,0.11763172038233069
2024.06.12,000014.SZ,0.1584962913160079
2024.06.12,600045.SH,0.12782262805533703
2024.06.12,000036.SZ,0.011559467696934283
2024.06.12,600031.SH,0.06019160124053949
2024.06.12,600026.SH,0.06920255032137576
2024.06.12,600023.SH,0.09084983075940238
2024.06.12,000042.SZ,0.2714559101257937
2024.06.12,600016.SH,0.05710723168801863
2024.06.12,000035.SZ,0.06334327611094592
2024.06.12,000013.SZ,0.035917922749931754
2024.06.12,000026.SZ,0.24248142617505986
2024.06.12,600013.SH,0.2916164358458389
2024.06.12,600041.SH,0.18225789084311433
2024.06.12,600040.SH,0.0648338135717138
2024.06.12,600018.SH,0.16802506219293592
2024.06.12,600010.SH,0.05294135780980097
2024.06.12,000037.SZ,0.20452063041587723
2024.06.12,000050.SZ,0.16489286977279274
2024.06.12,000007.SZ,0.220016348533369
2024.06.12,600004.SH,0.02501636176933181
2024.06.12,000033.SZ,0.05198194270314883
2024.06.12,600043.SH,0.1510674049688678
2024.06.12,600011.SH,0.2476803059813222
2024.06.12,600000.SH,0.29743824521066076
2024.06.12,000017.SZ,0.09072134168913003
2024.06.12,600032.SH,0.051021787985169466
2024.06.12,000022.SZ,0.05493276315083529
2024.06.12,600037.SH,0.19141349296082433
2024.06.12,600017.SH,0.006227993498431957
2024.06.12,000032.SZ,0.013989018300920988
2024.06.12,600033.SH,0.0030365814905543268
2024.06.12,600046.SH,0.1489846780766325
2024.06.12,000047.SZ,0.006425104524634428
2024.06.12,600034.SH,0.01642265944379963
2024.06.12,000002.SZ,0.1660907765228189
2024.06.12,000045.SZ,0.00533161639091237
2024.06.12,600007.SH,0.03294434116398726
2024.06.12,600009.SH,0.032392230572717576
2024.06.12,000034.SZ,0.46691359297888235
2024.06.12,000028.SZ,0.030146977930923063
2024.06.12,600019.SH,0.03235292350085344
2024.06.12,600035.SH,0.00452596554780172
2024.06.12,000040.SZ,0.14491610304521246
2024.06.12,000018.SZ,0.20707553740803902
2024.06.13,000042.SZ,0.05832699962398416
2024.06.13,600032.SH,0.039309563557849155
2024.06.13,600038.SH,0.032686262579949915
2024.06.13,000043.SZ,0.122920413755296
2024.06.13,600010.SH,0.025586112238518886
2024.06.13,000004.SZ,0.19283158617906504
2024.06.13,600045.SH,0.005022324542487188
2024.06.13,000015.SZ,0.061541558105104595
2024.06.13,600007.SH,0.12828350372073621
2024.06.13,600041.SH,0.1161547034539056
2024.06.13,600024.SH,0.0993518294096806
2024.06.13,000009.SZ,0.038945634459006326
2024.06.13,000020.SZ,0.11251730535180843
2024.06.13,000007.SZ,0.2175342513089287
2024.06.13,600030.SH,0.1618330716225737
2024.06.13,000021.SZ,0.06836946212761269
2024.06.13,600036.SH,0.09766604777351304
2024.06.13,600026.SH,0.007908055568656222
2024.06.13,600013.SH,0.08857243995439484
2024.06.13,600035.SH,0.005207049995657719
2024.06.13,000032.SZ,0.04403326709458922
2024.06.13,000036.SZ,0.2038860482041355
2024.06.13,000031.SZ,0.05368428659223192
2024.06.13,600043.SH,0.10496154421287134
2024.06.13,600014.SH,0.0625019103448352
2024.06.13,600044.SH,0.05325194923371287
2024.06.13,600029.SH,0.20952942425455687
2024.06.13,600048.SH,0.2900793183257591
2024.06.13,600031.SH,0.04888451546665341
2024.06.13,600019.SH,0.035284345854846015
2024.06.13,000003.SZ,0.03627072303135243
2024.06.13,600004.SH,0.0830250867202729
2024.06.13,000016.SZ,0.16153108718783968
2024.06.13,000044.SZ,0.16614017529046826
2024.06.13,600046.SH,0.0410075289625674
2024.06.13,000022.SZ,0.003995034727037572
2024.06.13,000038.SZ,0.03697206268045723
2024.06.13,600008.SH,0.15407275753670907
2024.06.13,600002.SH,0.1194026808507393
2024.06.13,600039.SH,0.2030586198555073
2024.06.13,000005.SZ,0.404476150943957
2024.06.13,000006.SZ,0.023776908039346033
2024.06.13,000023.SZ,0.056181724656946624
2024.06.13,000037.SZ,0.1276035161137514
2024.06.13,000028.SZ,0.1697616801751105
2024.06.13,000011.SZ,0.10964504867851528
2024.06.13,000046.SZ,0.2010944891540971
2024.06.13,600034.SH,0.019609634306703635
2024.06.13,600028.SH,0.011655741684617252
2024.06.13,000040.SZ,0.02903531718185171
2024.06.13,000002.SZ,0.21124621914118052
2024.06.13,000048.SZ,0.03308815455906399
2024.06.13,000049.SZ,0.05689638579182554
2024.06.13,600011.SH,0.6360931779143043
2024.06.13,600000.SH,0.1919976516680415
2024.06.13,000030.SZ,0.030922307996775488
2024.06.13,600040.SH,0.011112815671045736
2024.06.13,600049.SH,0.061904082188875706
2024.06.13,000027.SZ,0.2806563794089885
2024.06.13,000029.SZ,0.02605807534255545
2024.06.13,600006.SH,0.044253219196387715
2024.06.13,000013.SZ,0.06788353147198842
2024.06.13,000024.SZ,0.12169914929902961
2024.06.13,000035.SZ,0.12102694198819934
2024.06.13,000018.SZ,0.3510846021918739
2024.06.13,600027.SH,0.019552482991237935
2024.06.13,600003.SH,0.38593096628265033
2024.06.13,000025.SZ,0.023580104716587617
2024.06.13,000012.SZ,0.055318666884093655
2024.06.13,600018.SH,0.03125055031184239
2024.06.13,600017.SH,0.11694868605994968
2024.06.13,600015.SH,0.02160892672885476
2024.06.13,000050.SZ,0.099975488221286
2024.06.13,000045.SZ,0.10384640734506088
2024.06.13,600033.SH,0.038094117325298354
2024.06.13,000001.SZ,0.12055079191547584
2024.06.13,000010.SZ,0.032114231790612464
2024.06.13,600005.SH,0.036149952248195436
2024.06.13,000008.SZ,0.14149391397867903
2024.06.13,000033.SZ,0.01081952292317372
2024.06.13,600022.SH,0.0238797674675699
2024.06.13,600023.SH,0.10031458344097294
2024.06.13,000026.SZ,0.019409017793606178
2024.06.13,600020.SH,0.1153080715164275
2024.06.13,600001.SH,0.08217529007753174
2024.06.13,600021.SH,0.2914750153622626
2024.06.13,600037.SH,0.3374280185932689
2024.06.13,600025.SH,0.10550277388691927
2024.06.13,600009.SH,0.12284146024784054
2024.06.13,000039.SZ,0.5130630177162464
2024.06.13,600047.SH,0.027786670676946602
2024.06.13,000034.SZ,0.017568273489145678
2024.06.13,600012.SH,0.12638629340319346
2024.06.13,000014.SZ,0.026123838217148886
2024.06.13,000019.SZ,0.04168059969213837
2024.06.13,600042.SH,0.2610067738441879
2024.06.13,000017.SZ,0.19856022620330915
2024.06.13,000041.SZ,0.08281968348026442
2024.06.14,000014.SZ,0.07281683408064604
2024.06.14,600022.SH,0.17089178766666427
2024.06.14,600016.SH,0.03979132654424382
2024.06.14,600048.SH,0.17321615107275173
2024.06.14,000013.SZ,0.046011091717736353
2024.06.14,600003.SH,0.35103682160575905
2024.06.14,000042.SZ,0.26241886906377637
2024.06.14,000002.SZ,0.026517919633334316
2024.06.14,000001.SZ,0.10253499433084977
2024.06.14,600007.SH,0.020706612570339903
2024.06.14,000029.SZ,0.10249076426364569
2024.06.14,600010.SH,0.014916921383966783
2024.06.14,600014.SH,0.01638417688798583
2024.06.14,600035.SH,0.30463616404047833
2024.06.14,600026.SH,0.03855604124075706
2024.06.14,600027.SH,0.044433422181130715
2024.06.14,000020.SZ,0.17134728830692184
2024.06.14,600037.SH,0.012533928008340883
2024.06.14,000033.SZ,0.09001443144129181
2024.06.14,600029.SH,0.08584464280237973
2024.06.14,000023.SZ,0.008485912863046457
2024.06.14,600005.SH,0.16944263434184226
2024.06.14,000050.SZ,0.19919455620330692
2024.06.14,000018.SZ,0.07060372500932444
2024.06.14,600030.SH,0.15130778714976767
2024.06.14,000041.SZ,0.2635787419473094
2024.06.14,600036.SH,0.16545869873384741
2024.06.14,000026.SZ,0.14870275022638801
2024.06.14,000011.SZ,0.03617990682039109
2024.06.14,600032.SH,0.08847617308232075
2024.06.14,600000.SH,0.07470164681864022
2024.06.14,600012.SH,0.02412990357117768
2024.06.14,600049.SH,0.0865998267283981
2024.06.14,000043.SZ,0.0639863923356728
2024.06.14,600041.SH,0.08000343021265703
2024.06.14,600039.SH,0.027526426027833468
2024.06.14,000027.SZ,0.25148036635203563
2024.06.14,000030.SZ,0.27890851142450873
2024.06.14,600018.SH,0.21642776647271295
2024.06.14,000008.SZ,0.013793559266131525
2024.06.14,000005.SZ,0.13131095024145098
2024.06.14,600034.SH,0.023890526959488942
2024.06.14,000037.SZ,0.01755981619639491
2024.06.14,000045.SZ,0.19806548342235542
2024.06.14,000048.SZ,0.014499451011073012
2024.06.14,000036.SZ,0.033734319441688705
2024.06.14,600011.SH,0.008923647792021776
2024.06.14,600038.SH,0.26092424936111114
2024.06.14,000034.SZ,0.05315985119224199
2024.06.14,000003.SZ,0.30756493938970547
2024.06.14,000035.SZ,0.10941818581633822
2024.06.14,000016.SZ,0.11284368363279612
2024.06.14,000032.SZ,0.1484226581409222
2024.06.14,000031.SZ,0.05247537121472831
2024.06.14,600008.SH,0.3501776293147529
2024.06.14,600020.SH,0.0963268325626155
2024.06.14,600025.SH,0.10434170385266613
2024.06.14,600009.SH,0.01365594251271023
2024.06.14,600006.SH,0.49571712990687183
2024.06.14,600040.SH,0.050824688083740695
2024.06.14,600042.SH,0.023588084448366072
2024.06.14,600044.SH,0.08947853580972925
2024.06.14,000044.SZ,0.15880218477799124
2024.06.14,600028.SH,0.02172625160494766
2024.06.14,000017.SZ,0.23881184962749696
2024.06.14,000006.SZ,0.09947679228635699
2024.06.14,000025.SZ,0.3122351310032055
2024.06.14,000004.SZ,0.010970205993048454
2024.06.14,600023.SH,0.15904020985369052
2024.06.14,000049.SZ,0.049171075286183835
2024.06.14,600015.SH,0.338310057261697
2024.06.14,000028.SZ,0.08633086578513437
2024.06.14,000007.SZ,0.09246616456854323
2024.06.14,000019.SZ,0.10028703569447814
2024.06.14,000024.SZ,0.1520872870549569
2024.06.14,600002.SH,0.1428258876723924
2024.06.14,600045.SH,0.10631199212915665
2024.06.14,000040.SZ,0.03729939952454511
2024.06.14,600004.SH,0.16295339691425786
2024.06.14,000047.SZ,0.03473340709204488
2024.06.14,600046.SH,0.24868364274069435
2024.06.14,000009.SZ,0.10681319858081952
2024.06.14,600001.SH,0.01754199576294495
2024.06.14,000046.SZ,0.23111746534171795
2024.06.14,600013.SH,0.2119403551823971
2024.06.14,000038.SZ,0.027917342871199215
2024.06.14,000039.SZ,0.06788108017124511
2024.06.14,600043.SH,0.12938657516470597
2024.06.14,600019.SH,0.2824486315282095
2024.06.14,600017.SH,0.19738432509684276
2024.06.14,000012.SZ,0.8183257594066919
2024.06.14,000010.SZ,0.054373519047521704
2024.06.14,600047.SH,0.28654828195075116
2024.06.14,000021.SZ,0.029504776390428086
2024.06.14,600031.SH,0.05962896842365022
2024.06.14,600033.SH,0.04846556556973652
2024.06.14,600024.SH,0.009882151249324844
2024.06.14,000015.SZ,0.07103386654953085
2024.06.17,000018.SZ,0.13169237000580222
2024.06.17,600049.SH,0.03736980213173579
2024.06.17,600014.SH,0.026591388998348855
2024.06.17,600029.SH,0.18190028342088324
2024.06.17,000011.SZ,0.05908181280223935
2024.06.17,000002.SZ,0.016289785357477195
2024.06.17,600034.SH,0.04728102640990784
2024.06.17,600008.SH,0.05572205072258161
2024.06.17,000026.SZ,0.14499023389467344
2024.06.17,600002.SH,0.29579947389565425
2024.06.17,600045.SH,0.013401059775223984
2024.06.17,000046.SZ,0.47932099730851574
2024.06.17,000022.SZ,0.3950373067897231
2024.06.17,600023.SH,0.05502686085244601
2024.06.17,600004.SH,0.18966247796449565
2024.06.17,600035.SH,0.09766179348079776
2024.06.17,000004.SZ,0.026743251191525694
2024.06.17,000032.SZ,0.06430926941798244
2024.06.17,600007.SH,0.01909027039016981
2024.06.17,600030.SH,0.06790714317839348
2024.06.17,000010.SZ,0.08928265103480358
2024.06.17,600021.SH,0.005191789537916338
2024.06.17,000005.SZ,0.2797935878950848
2024.06.17,600017.SH,0.07375988008968697
2024.06.17,000024.SZ,0.10767068974688142
2024.06.17,000038.SZ,0.13009353585660305
2024.06.17,600043.SH,0.22914198669632346
2024.06.17,600027.SH,0.051712055926064704
2024.06.17,600024.SH,0.22280250046226077
2024.06.17,000014.SZ,0.054181266789692484
2024.06.17,000019.SZ,0.16136111904422412
2024.06.17,000001.SZ,0.008822042821016176
2024.06.17,600009.SH,0.21799917428341892
2024.06.17,000035.SZ,0.08416945332595109
2024.06.17,600032.SH,0.022259669421127073
2024.06.17,000047.SZ,0.45009306416868866
2024.06.17,600037.SH,0.11480056380158818
2024.06.17,600048.SH,0.06559565241739204
2024.06.17,000020.SZ,0.06665058563634758
2024.06.17,600028.SH,0.03552648528089719
2024.06.17,600046.SH,0.057462323867105
2024.06.17,600044.SH,0.05976982743151414
2024.06.17,600000.SH,0.007773069374722459
2024.06.17,600039.SH,0.1347571531218439
2024.06.17,600031.SH,0.0027991951748216224
2024.06.17,000041.SZ,0.042970801341785846
2024.06.17,600001.SH,0.1035158003349612
2024.06.17,600013.SH,0.22542819738863465
2024.06.17,000044.SZ,0.02705206240118799
2024.06.17,600022.SH,0.16501623228371284
2024.06.17,600041.SH,0.2440371207401571
2024.06.17,000039.SZ,0.2894611899643257
2024.06.17,000034.SZ,0.4477331541888356
2024.06.17,600010.SH,0.017652203911652124
2024.06.17,000009.SZ,0.0012315557141831348
2024.06.17,600012.SH,0.3353696753557786
2024.06.17,000033.SZ,0.044207796999607876
2024.06.17,600019.SH,0.5833410143821602
2024.06.17,600018.SH,0.14728055269904822
2024.06.17,600015.SH,0.3835346997232551
2024.06.17,000006.SZ,0.10699853186970328
2024.06.17,600038.SH,0.25535139246866984
2024.06.17,000007.SZ,0.05170946876586878
2024.06.17,000048.SZ,0.13653308536511505
2024.06.17,000023.SZ,0.1621405947887024
2024.06.17,600033.SH,0.0029961196001480938
2024.06.17,600020.SH,0.03444589095398325
2024.06.17,600036.SH,0.47128657630384624
2024.06.17,600025.SH,0.22108673062546932
2024.06.17,000028.SZ,0.05450986719987753
2024.06.17,600026.SH,0.028850575532110522
2024.06.17,000040.SZ,0.00830489386149854
2024.06.17,600005.SH,0.11110128080538217
2024.06.17,000043.SZ,0.00247152891130535
2024.06.17,000008.SZ,0.0005781466211281088
2024.06.17,000049.SZ,0.18240913645865856
2024.06.17,600003.SH,0.034746043724731716
2024.06.17,600006.SH,0.018690315096236785
2024.06.17,600047.SH,0.04293745211738016
2024.06.17,000016.SZ,0.038532464327304276
2024.06.17,000029.SZ,0.03986408632239838
2024.06.17,000021.SZ,0.008343448318484015
2024.06.17,000030.SZ,0.01436585045679731
2024.06.17,600011.SH,0.06856655815040703
2024.06.17,000036.SZ,0.06885662470027444
2024.06.17,000027.SZ,0.04180341763128488
2024.06.17,000012.SZ,0.3810356724518132
2024.06.17,000050.SZ,0.3546194685019181
2024.06.17,000025.SZ,0.02336946984493803
2024.06.17,600040.SH,0.25194441521706135
2024.06.17,000045.SZ,0.23703746825304908
2024.06.17,000037.SZ,0.1662382354424622
2024.06.17,600042.SH,0.27076807200159764
2024.06.17,600016.SH,0.07734808508559843
2024.06.17,000003.SZ,0.08734689131240236
2024.06.17,000017.SZ,0.22877579620688704
2024.06.18,600047.SH,0.1944006136640391
2024.06.18,000006.SZ,0.13889579837839697
2024.06.18,600045.SH,0.05471024818597154
2024.06.18,600037.SH,0.37670825432847943
2024.06.18,000046.SZ,0.19884314043536874
2024.06.18,600011.SH,0.1120035906504407
2024.06.18,600019.SH,0.06634816428369485
2024.06.18,000040.SZ,0.08635185908723421
2024.06.18,000031.SZ,0.11801450685028972
2024.06.18,600021.SH,0.046930586928588314
2024.06.18,000043.SZ,0.1131550072376287
2024.06.18,600034.SH,0.016688492164891523
2024.06.18,600016.SH,0.28199306268769125
2024.06.18,000004.SZ,0.08855241310711306
2024.06.18,600032.SH,0.011794817189554689
2024.06.18,600015.SH,0.31154499290926985
2024.06.18,600005.SH,0.05815726789158719
2024.06.18,600010.SH,0.011818468639472115
2024.06.18,000029.SZ,0.005121415367010098
2024.06.18,000033.SZ,0.3075008503607823
2024.06.18,000039.SZ,0.028057655715829768
2024.06.18,600002.SH,0.06933857520351806
2024.06.18,000021.SZ,0.0422865263265899
2024.06.18,600014.SH,0.0282265071502284
2024.06.18,000041.SZ,0.11672852052973288
2024.06.18,000035.SZ,0.036659620809072535
2024.06.18,600031.SH,0.08796391153532641
2024.06.18,600009.SH,0.11389338746698613
2024.06.18,600008.SH,0.2459098651774583
2024.06.18,600012.SH,0.0055280223540693715
2024.06.18,000036.SZ,0.0710085587459194
2024.06.18,600003.SH,0.017787826927276578
2024.06.18,600049.SH,0.11471003527747604
2024.06.18,000002.SZ,0.1570833790137709
2024.06.18,000037.SZ,0.026731685660391042
2024.06.18,000007.SZ,0.07824300381418739
2024.06.18,600041.SH,0.14892129714635466
2024.06.18,600038.SH,0.038725850591507
2024.06.18,600022.SH,0.1103785975439911
2024.06.18,600044.SH,0.09081681890783452
2024.06.18,600033.SH,0.22149878406519372
2024.06.18,600048.SH,0.09833566586576707
2024.06.18,000012.SZ,0.04057198144329413
2024.06.18,600025.SH,0.04091525341459072
2024.06.18,000005.SZ,0.1842816020892581
2024.06.18,000042.SZ,0.27256299964212655
2024.06.18,000009.SZ,0.027580169018082884
2024.06.18,600029.SH,0.37473686385547195
2024.06.18,600013.SH,0.04968474122550722
2024.06.18,600024.SH,0.04182574494158728
2024.06.18,000050.SZ,0.030428226964285317
2024.06.18,600020.SH,0.060837021229770624
2024.06.18,600026.SH,0.09207982705008735
2024.06.18,600046.SH,0.42178715840258135
2024.06.18,600028.SH,0.11994735583079374
2024.06.18,000011.SZ,0.016886701411834494
2024.06.18,000048.SZ,0.16690060538019105
2024.06.18,000013.SZ,0.020310852792635836
2024.06.18,000015.SZ,0.1450772655740774
2024.06.18,000025.SZ,0.04052083881310017
2024.06.18,000001.SZ,0.05004716874978806
2024.06.18,600001.SH,0.06136267926492915
2024.06.18,600000.SH,0.1691957767470766
2024.06.18,000044.SZ,0.06617741995790564
2024.06.18,000032.SZ,0.4137328637465208
2024.06.18,000023.SZ,0.04962813767163616
2024.06.18,600007.SH,0.012953917948846216
2024.06.18,000038.SZ,0.3171295211267571
2024.06.18,000049.SZ,0.27661616798858873
2024.06.18,000022.SZ,0.053366977307119014
2024.06.18,600017.SH,0.009021059112668121
2024.06.18,000047.SZ,0.027491379756416776
2024.06.18,000018.SZ,0.1016598770785888
2024.06.18,000026.SZ,0.056379474181819246
2024.06.18,000016.SZ,0.3551617699050451
2024.06.18,000028.SZ,0.14204042594490637
2024.06.18,000030.SZ,0.05716340609867347
2024.06.18,600027.SH,0.003673865312548783
2024.06.18,000020.SZ,0.6358285457519687
2024.06.18,600042.SH,0.06889282950958744
2024.06.18,000034.SZ,0.21341287126621156
2024.06.18,600043.SH,0.033079983595384166
2024.06.18,600036.SH,0.008920878567088975
2024.06.18,600023.SH,0.022399791251101236
2024.06.18,000027.SZ,0.21102270938333356
2024.06.18,000008.SZ,0.016148137394068007
2024.06.18,600030.SH,0.3218598010529778
2024.06.18,000003.SZ,0.20621896499953807
2024.06.18,000019.SZ,0.10849364898866351
2024.06.18,000017.SZ,0.027158800073673408
2024.06.18,000014.SZ,0.017703913286329708
2024.06.18,600040.SH,0.03795915775531581
2024.06.18,000045.SZ,0.12236150364276244
2024.06.18,000010.SZ,0.07114760420187381
2024.06.18,600006.SH,0.08015349682877675
2024.06.18,600004.SH,0.18190839574014278
2024.06.19,000018.SZ,0.06687954331574968
2024.06.19,000028.SZ,0.01255689050633256
2024.06.19,600036.SH,0.2907876288899493
2024.06.19,000022.SZ,0.18513851001114492
2024.06.19,000009.SZ,0.0073095797639192136
2024.06.19,600034.SH,0.1175435460381508
2024.06.19,600024.SH,0.09597731089993727
2024.06.19,000002.SZ,0.2650846214080127
2024.06.19,000024.SZ,0.0573687952283821
2024.06.19,000044.SZ,0.01569382778713576
2024.06.19,000049.SZ,0.12978001433574762
2024.06.19,600003.SH,0.08737316862832208
2024.06.19,000041.SZ,0.05123107946561254
2024.06.19,000015.SZ,0.8800205240986404
2024.06.19,600019.SH,0.11754090900982588
2024.06.19,000001.SZ,0.053192981261272955
2024.06.19,600017.SH,0.031557785509000215
2024.06.19,000023.SZ,0.28797755866062585
2024.06.19,600007.SH,0.007955157687564754
2024.06.19,000040.SZ,0.2339721130447809
2024.06.19,000030.SZ,0.015563148802126487
2024.06.19,600023.SH,0.009936061940502108
2024.06.19,000026.SZ,0.06602389176780199
2024.06.19,600020.SH,0.11885669883736995
2024.06.19,600028.SH,0.34948003059775307
2024.06.19,600010.SH,0.0261890679144075
2024.06.19,600011.SH,0.0009250208997151376
2024.06.19,000003.SZ,0.004820177122626976
2024.06.19,000008.SZ,0.0508627708356613
2024.06.19,000033.SZ,0.050268939992175014
2024.06.19,600018.SH,0.07053119973731853
2024.06.19,000011.SZ,0.016060871666535068
2024.06.19,600000.SH,0.216605618328015
2024.06.19,000043.SZ,0.0656415276759065
2024.06.19,600013.SH,0.00996285078504941
2024.06.19,600042.SH,0.22377473129510106
2024.06.19,600040.SH,0.05120198174101368
2024.06.19,600016.SH,0.10658887989122139
2024.06.19,000004.SZ,0.30097406989012315
2024.06.19,000039.SZ,0.0853549980380482
2024.06.19,000048.SZ,0.0010284246554614664
2024.06.19,600037.SH,0.0008371343335514037
2024.06.19,000035.SZ,0.7315457523948647
2024.06.19,000020.SZ,0.06529961659664195
2024.06.19,600046.SH,0.04962158534739187
2024.06.19,000021.SZ,0.005467985539656689
2024.06.19,600045.SH,0.07302968947691736
2024.06.19,000017.SZ,0.1320621420031164
2024.06.19,000010.SZ,0.4620637047169001
2024.06.19,600039.SH,0.0021089772121020596
2024.06.19,000042.SZ,0.1095135981031768
2024.06.19,600043.SH,0.07191967037620277
2024.06.19,000038.SZ,0.026638848497808957
2024.06.19,000046.SZ,0.040459154108987205
2024.06.19,000031.SZ,0.17428277797348574
2024.06.19,000005.SZ,0.12159701840192434
2024.06.19,600009.SH,0.02818953971908681
2024.06.19,000050.SZ,0.07368515777749261
2024.06.19,600012.SH,0.02026485216561281
2024.06.19,600032.SH,0.1378897435408398
2024.06.19,000027.SZ,0.018713632269542705
2024.06.19,600002.SH,0.11732807118838075
2024.06.19,600044.SH,0.06367455895674733
2024.06.19,600004.SH,0.09050828239582445
2024.06.19,000025.SZ,0.18836760666963367
2024.06.19,600047.SH,0.13898571801098764
2024.06.19,600006.SH,0.07366394852891868
2024.06.19,000014.SZ,0.0012612431627062985
2024.06.19,600025.SH,0.13000831210408426
2024.06.19,000019.SZ,0.19975341767006444
2024.06.19,000013.SZ,0.25891009782110885
2024.06.19,600015.SH,0.09383120957006329
2024.06.19,000047.SZ,0.006336375551284008
2024.06.19,000036.SZ,0.05937633601048053
2024.06.19,600021.SH,0.022731938725838695
2024.06.19,600030.SH,0.01943722724188621
2024.06.19,600031.SH,0.20206434757981176
2024.06.19,600014.SH,0.001805392276889974
2024.06.19,600005.SH,0.03348280354847057
2024.06.19,600029.SH,0.015355939153943563
2024.06.19,600041.SH,0.16895078538659755
2024.06.19,600048.SH,0.3614125437373482
2024.06.19,000029.SZ,0.04131092545899999
2024.06.19,000007.SZ,0.05510025054054027
2024.06.19,000045.SZ,0.02260326162439748
2024.06.19,000034.SZ,0.17088168816088972
2024.06.19,000016.SZ,0.19807364644978812
2024.06.19,600001.SH,0.1095562371886717
2024.06.19,600026.SH,0.031163760636405986
2024.06.19,000032.SZ,0.023771381280925225
2024.06.19,600035.SH,0.11632094090297435
2024.06.19,000037.SZ,0.25136755142173955
2024.06.19,000006.SZ,0.882170532543513
2024.06.19,600027.SH,0.20200908237224036
2024.06.19,600049.SH,0.14057114398661458
2024.06.19,600008.SH,0.04797546540313994
2024.06.19,600022.SH,0.07849520693969189
2024.06.20,600042.SH,0.05120793994195187
2024.06.20,000046.SZ,0.026738972682891184
2024.06.20,000039.SZ,0.460654158302505
2024.06.20,000002.SZ,0.1254517403253981
2024.06.20,600021.SH,0.08508898771189963
2024.06.20,600015.SH,0.006770932946670789
2024.06.20,600031.SH,0.007484985932677954
2024.06.20,000001.SZ,0.2673935625150065
2024.06.20,600029.SH,0.18995874472117671
2024.06.20,600018.SH,0.01902141755989317
2024.06.20,000021.SZ,0.037618782816741456
2024.06.20,600014.SH,0.12902453125949448
2024.06.20,600043.SH,0.12051122270391447
2024.06.20,000014.SZ,0.052561130485452585
2024.06.20,000016.SZ,0.09051424841894845
2024.06.20,600007.SH,0.13245154788842203
2024.06.20,000022.SZ,0.21551890271153323
2024.06.20,600006.SH,0.019495273728151737
2024.06.20,000050.SZ,0.04886868415849736
2024.06.20,600022.SH,0.12997927189599942
2024.06.20,600035.SH,0.013793493045318964
2024.06.20,600002.SH,0.8387378466815575
2024.06.20,600013.SH,0.3663114362090468
2024.06.20,000023.SZ,0.10740431060873896
2024.06.20,600048.SH,0.040051793787763135
2024.06.20,000034.SZ,0.1226548894532363
2024.06.20,000018.SZ,0.5169263994299678
2024.06.20,600036.SH,0.0095602623197759
2024.06.20,600012.SH,0.09509094547965402
2024.06.20,600041.SH,0.09551307206641721
2024.06.20,000036.SZ,0.02651716456211378
2024.06.20,000030.SZ,0.13021999293331254
2024.06.20,000049.SZ,0.024177140161987576
2024.06.20,000009.SZ,0.1129434659484747
2024.06.20,000015.SZ,0.012003736783077118
2024.06.20,600038.SH,0.31207587869066306
2024.06.20,000020.SZ,0.3071101590475089
2024.06.20,600045.SH,0.4341978781419914
2024.06.20,000011.SZ,0.020293477551639492
2024.06.20,000003.SZ,0.3163425900315344
2024.06.20,000004.SZ,0.17540341283862151
2024.06.20,600005.SH,0.015373200078163469
2024.06.20,600047.SH,0.037710583773594944
2024.06.20,600010.SH,0.13814155087854757
2024.06.20,600020.SH,0.0024013851321761405
2024.06.20,000012.SZ,0.00647326599873814
2024.06.20,600030.SH,0.004787270733496705
2024.06.20,600017.SH,0.3389272702110313
2024.06.20,000026.SZ,0.006669332919726154
2024.06.20,000007.SZ,0.02958084253160061
2024.06.20,000048.SZ,0.009416410274122315
2024.06.20,000019.SZ,0.2649730077098392
2024.06.20,600000.SH,0.13236299764314627
2024.06.20,600016.SH,0.06072898287835157
2024.06.20,600008.SH,0.20440937263285713
2024.06.20,000017.SZ,0.10597610319856253
2024.06.20,600032.SH,0.1718264973343512
2024.06.20,600046.SH,0.0787005299362693
2024.06.20,000008.SZ,0.12531224903289334
2024.06.20,000029.SZ,0.14810777671084757
2024.06.20,000027.SZ,0.03417483629036593
2024.06.20,600025.SH,0.09728225274282586
2024.06.20,600027.SH,0.05210375807475766
2024.06.20,000005.SZ,0.03185844117703419
2024.06.20,000042.SZ,0.04960602331481094
2024.06.20,000038.SZ,0.0729504773859212
2024.06.20,000041.SZ,0.4065543984774073
2024.06.20,000044.SZ,0.24054933367460357
2024.06.20,000037.SZ,0.10407201191124292
2024.06.20,600037.SH,0.41017352406846397
2024.06.20,000024.SZ,0.018600545288787275
2024.06.20,600023.SH,0.0026952777008646556
2024.06.20,600024.SH,0.027031081361622113
2024.06.20,000040.SZ,0.14021745546807263
2024.06.20,600001.SH,0.22297771030030725
2024.06.20,000035.SZ,0.13113458693205282
2024.06.20,000043.SZ,0.00033661520696577705
2024.06.20,000013.SZ,0.3594318281836214
2024.06.20,600009.SH,0.04200860279483129
2024.06.20,000025.SZ,0.2486563420487201
2024.06.20,000047.SZ,0.04010294494654882
2024.06.20,000032.SZ,0.3375911457496894
2024.06.20,600028.SH,0.019562760904339796
2024.06.20,600004.SH,0.054880200010461296
2024.06.20,000006.SZ,0.023824565032616506
2024.06.20,600039.SH,0.011565185034268736
2024.06.20,600040.SH,0.02531181864618216
2024.06.20,000045.SZ,0.0646675958203061
2024.06.20,000028.SZ,0.2800868961744553
2024.06.20,600033.SH,0.3179736552773364
2024.06.20,600044.SH,0.34461298730243095
2024.06.20,000010.SZ,0.004744894546645216
2024.06.20,600011.SH,0.018871390460197802
2024.06.20,600034.SH,0.3224478024569815
2024.06.20,000033.SZ,0.23856246754489369
2024.06.20,600026.SH,0.17161292140141435
2024.06.20,600019.SH,0.39406005551300366
2024.06.21,600031.SH,0.04296544297794577
2024.06.21,000047.SZ,0.2586463031890873
2024.06.21,000015.SZ,0.11220169367770882
2024.06.21,600038.SH,0.6059304025103492
2024.06.21,600049.SH,0.17550780651714903
2024.06.21,000037.SZ,0.36755914144637936
2024.06.21,000004.SZ,0.12583830767886206
2024.06.21,600002.SH,0.10552466312442367
2024.06.21,000038.SZ,0.15756320755117645
2024.06.21,000026.SZ,0.06905246509304373
2024.06.21,000002.SZ,0.1397101340854474
2024.06.21,600042.SH,0.019259184786656315
2024.06.21,600027.SH,0.157130701176853
2024.06.21,000001.SZ,0.05574976593605409
2024.06.21,000045.SZ,0.0411869552372664
2024.06.21,000018.SZ,0.03431587818491468
2024.06.21,000013.SZ,0.09602390695228442
2024.06.21,600026.SH,0.36860601461348175
2024.06.21,000048.SZ,0.03985460525006824
2024.06.21,600013.SH,0.08114899715638758
2024.06.21,600006.SH,0.14127418952306878
2024.06.21,600022.SH,0.05167185164362772
2024.06.21,600011.SH,0.002321816461842032
2024.06.21,000032.SZ,0.04223790739361793
2024.06.21,600034.SH,0.0935217859597448
2024.06.21,600047.SH,0.062040127594380684
2024.06.21,000049.SZ,0.011150107615786673
2024.06.21,600001.SH,0.10031889284421261
2024.06.21,000024.SZ,0.2860073261979045
2024.06.21,000050.SZ,0.19076675701077644
2024.06.21,000042.SZ,0.017889138372148318
2024.06.21,600040.SH,0.006176929063827319
2024.06.21,600032.SH,0.010166351149585104
2024.06.21,000044.SZ,0.37197768037464124
2024.06.21,000046.SZ,0.0016142454611449324
2024.06.21,000011.SZ,0.007585853918037911
2024.06.21,000036.SZ,0.056283603685282374
2024.06.21,000039.SZ,0.04043224135518679
2024.06.21,000029.SZ,0.012409080100612499
2024.06.21,600004.SH,0.16224846793582365
2024.06.21,600021.SH,0.12157951948103113
2024.06.21,600045.SH,0.1055701088114
2024.06.21,600043.SH,0.019922897937419085
2024.06.21,600007.SH,0.03374332138810944
2024.06.21,600035.SH,0.026958969618666152
2024.06.21,000021.SZ,0.007968016300160146
2024.06.21,000008.SZ,0.06025743371540458
2024.06.21,600008.SH,0.05607789852600209
2024.06.21,000030.SZ,0.0014465047288368736
2024.06.21,600046.SH,0.25096327013410935
2024.06.21,600003.SH,0.3042355959016908
2024.06.21,000017.SZ,0.00762244125942584
2024.06.21,000007.SZ,0.3710177392871371
2024.06.21,600015.SH,0.6474098250540558
2024.06.21,000031.SZ,0.15545579764770684
2024.06.21,000023.SZ,0.021599029379845473
2024.06.21,600009.SH,0.3031877856701595
2024.06.21,600044.SH,0.00013139214875600665
2024.06.21,000025.SZ,0.09823378645541793
2024.06.21,000027.SZ,0.26628004047600595
2024.06.21,600041.SH,0.16152434943092173
2024.06.21,000016.SZ,0.0073856482647617055
2024.06.21,000010.SZ,0.37254919655063795
2024.06.21,600029.SH,0.219456703797719
2024.06.21,000019.SZ,0.049263720658192546
2024.06.21,000009.SZ,0.051162264756056654
2024.06.21,000012.SZ,0.026144075776448568
2024.06.21,600039.SH,0.1403858396356505
2024.06.21,000006.SZ,0.07135953841143172
2024.06.21,600020.SH,0.043172103252137696
2024.06.21,600025.SH,0.10272883266081091
2024.06.21,600010.SH,0.033537944621291234
2024.06.21,600024.SH,0.0889195298384416
2024.06.21,000022.SZ,0.04928907124208739
2024.06.21,600033.SH,0.009254093557515261
2024.06.21,600023.SH,0.01766741058601242
2024.06.21,600012.SH,0.0036109393006269574
2024.06.21,000040.SZ,0.013704938586804142
2024.06.21,600028.SH,0.019656307396997637
2024.06.21,000033.SZ,0.22710037672374267
2024.06.21,600005.SH,0.003882325668299267
2024.06.21,600000.SH,0.029593661047991757
2024.06.21,000043.SZ,0.13503438772457038
2024.06.21,600018.SH,0.14355131039218877
2024.06.21,000041.SZ,0.22228991628834396
2024.06.21,600037.SH,0.1471304401385253
2024.06.21,000005.SZ,0.07192049134613515
2024.06.21,000034.SZ,1.5100788620707257e-05
2024.06.21,000020.SZ,0.001562540736087958
2024.06.21,600048.SH,0.011366229800335675
2024.06.21,600019.SH,0.4270599599978072
2024.06.21,000028.SZ,0.05614970727283206
2024.06.21,000003.SZ,0.3007165774709973
2024.06.21,000035.SZ,0.18726640121815494
2024.06.21,600014.SH,0.29090405054051666
2024.06.21,600036.SH,0.07168937779926077
2024.06.24,000048.SZ,0.138621595115542
2024.06.24,600047.SH,0.24455092947119128
2024.06.24,000025.SZ,0.005815259751030761
2024.06.24,000018.SZ,0.06260495171360123
2024.06.24,000041.SZ,0.16545041384492326
2024.06.24,600014.SH,0.036742326160645544
2024.06.24,600012.SH,0.021125779038688102
2024.06.24,600023.SH,0.19595404146933107
2024.06.24,000012.SZ,0.2536877923247927
2024.06.24,600027.SH,0.020149793843057907
2024.06.24,600008.SH,0.05312626627455071
2024.06.24,600026.SH,0.3927233148218309
2024.06.24,600039.SH,0.12446134017069632
2024.06.24,600031.SH,0.14065533806282485
2024.06.24,600028.SH,0.39792301698242705
2024.06.24,600001.SH,0.11795971554301816
2024.06.24,600020.SH,0.04321186962450506
2024.06.24,000042.SZ,0.0009503471682252847
2024.06.24,000046.SZ,0.09465244907160722
2024.06.24,000008.SZ,0.15696832487476226
2024.06.24,600002.SH,0.03814776224518749
2024.06.24,600036.SH,0.056540928243595655
2024.06.24,000001.SZ,0.0013226389292815201
2024.06.24,000003.SZ,0.1365331065666875
2024.06.24,000037.SZ,0.4970332174750629
2024.06.24,600019.SH,0.005629594795778689
2024.06.24,000020.SZ,0.16890101846941522
2024.06.24,600030.SH,0.014978772695349378
2024.06.24,000022.SZ,0.14935356446873774
2024.06.24,000026.SZ,0.06547709230079292
2024.06.24,600034.SH,0.4443677138713422
2024.06.24,000036.SZ,0.14947832335518843
2024.06.24,600041.SH,0.42433235462113034
2024.06.24,600015.SH,0.1496245395629193
2024.06.24,000009.SZ,0.1917244570357907
2024.06.24,600048.SH,0.004794677038417467
2024.06.24,000004.SZ,0.2692545690547022
2024.06.24,000043.SZ,0.4821256100526991
2024.06.24,600000.SH,0.3105160291112823
2024.06.24,600021.SH,0.036263962546152884
2024.06.24,600043.SH,0.1814580111385508
2024.06.24,000044.SZ,0.4193687981782331
2024.06.24,000016.SZ,0.1751596514210104
2024.06.24,600018.SH,0.12082525098628699
2024.06.24,000030.SZ,0.1771286095741424
2024.06.24,000039.SZ,0.0196295875109796
2024.06.24,600038.SH,0.08404352560061788
2024.06.24,600007.SH,0.2026927640542567
2024.06.24,600032.SH,0.10611786138604877
2024.06.24,600017.SH,0.08544626008901315
2024.06.24,600046.SH,0.11365606487562475
2024.06.24,000049.SZ,0.07296341918713271
2024.06.24,600035.SH,0.2833725976201427
2024.06.24,600044.SH,0.002243865700193367
2024.06.24,000015.SZ,0.084398300018392
2024.06.24,600037.SH,0.02198264147442135
2024.06.24,000006.SZ,0.05475610510174223
2024.06.24,000050.SZ,0.020427417057948954
2024.06.24,600006.SH,0.1717370847106576
2024.06.24,000019.SZ,0.07199528089585665
2024.06.24,600025.SH,0.28562418786124805
2024.06.24,000021.SZ,0.32210272334092394
2024.06.24,600009.SH,0.2161237129789283
2024.06.24,600040.SH,0.20871720562878152
2024.06.24,000033.SZ,0.11513098029001034
2024.06.24,000002.SZ,0.08538740465322364
2024.06.24,600033.SH,0.18801089333092522
2024.06.24,600042.SH,0.03871938025590913
2024.06.24,000013.SZ,0.13555701129102884
2024.06.24,000032.SZ,0.0061868455547532345
2024.06.24,000007.SZ,0.11957003950157265
2024.06.24,000029.SZ,0.036673139186369594
2024.06.24,600029.SH,0.15517020036979576
2024.06.24,600049.SH,0.14906303289360756
2024.06.24,000035.SZ,0.11156210236224348
2024.06.24,000023.SZ,0.081809100363945
2024.06.24,600005.SH,0.029531367396274336
2024.06.24,000034.SZ,0.11000100859580986
2024.06.24,600010.SH,0.0023414603104870025
2024.06.24,000011.SZ,0.06079828527092726
2024.06.24,600004.SH,0.07267119454008275
2024.06.24,000017.SZ,0.01265702787049395
2024.06.24,000047.SZ,0.04132776248001464
2024.06.24,600013.SH,0.2169336277098562
2024.06.24,000031.SZ,0.28988416565951014
2024.06.24,600016.SH,0.07037863843108393
2024.06.24,000024.SZ,0.5180370009751245
2024.06.24,600003.SH,0.044310967338495315
2024.06.24,000040.SZ,0.1350793433926757
2024.06.24,000038.SZ,0.016590577469095667
2024.06.24,600022.SH,0.496982704741308
2024.06.24,000010.SZ,0.0971595506541865
2024.06.24,000028.SZ,0.07588880851254724
2024.06.24,600011.SH,0.1057925900645295
2024.06.24,600045.SH,0.33707607703910725
2024.06.24,000027.SZ,0.25249669835387495
2024.06.25,600032.SH,0.04656913168502601
2024.06.25,000011.SZ,0.3174892072113586
2024.06.25,600020.SH,0.029831153421474885
2024.06.25,000008.SZ,0.025938992926206578
2024.06.25,000019.SZ,0.19390543613797823
2024.06.25,000005.SZ,0.13797364978343063
2024.06.25,600047.SH,0.05237062093638579
2024.06.25,000027.SZ,0.2609143810716463
2024.06.25,000003.SZ,0.20754625412051833
2024.06.25,600038.SH,0.033169242259375134
2024.06.25,600013.SH,0.2147590397688781
2024.06.25,000041.SZ,0.11826334214379691
2024.06.25,000013.SZ,0.06939403961483785
2024.06.25,600043.SH,0.1947224523429774
2024.06.25,600030.SH,0.0023600463136707038
2024.06.25,600012.SH,0.025098126919581052
2024.06.25,000046.SZ,0.09500814788850337
2024.06.25,600042.SH,0.09666767395170792
2024.06.25,000043.SZ,0.09793802683517366
2024.06.25,000038.SZ,0.05041788594410006
2024.06.25,600014.SH,0.0833534937713763
2024.06.25,000042.SZ,0.26926909552610495
2024.06.25,600040.SH,0.033429806408725365
2024.06.25,000032.SZ,0.05150491729099853
2024.06.25,600017.SH,0.058932154026423975
2024.06.25,000014.SZ,0.12314829613659402
2024.06.25,000030.SZ,0.05288432289382255
2024.06.25,000025.SZ,0.011114688536237642
2024.06.25,600025.SH,0.018347652222640242
2024.06.25,000017.SZ,0.044863437850733046
2024.06.25,000029.SZ,0.06290255089298667
2024.06.25,600041.SH,0.5337025248485939
2024.06.25,600015.SH,0.57504544532461
2024.06.25,000045.SZ,0.3150770883679663
2024.06.25,000035.SZ,0.2820303777495064
2024.06.25,000048.SZ,0.08543728930322095
2024.06.25,600005.SH,0.035377009245474746
2024.06.25,600027.SH,0.1831560915459956
2024.06.25,600035.SH,0.36333352974184663
2024.06.25,000034.SZ,0.10978961806043525
2024.06.25,000024.SZ,0.1048211803851196
2024.06.25,000047.SZ,0.045352157376404946
2024.06.25,000028.SZ,0.06601368998647146
2024.06.25,000020.SZ,0.13094011190380253
2024.06.25,600036.SH,0.020971491568447385
2024.06.25,000002.SZ,0.2925706172340535
2024.06.25,000015.SZ,0.02154836976200539
2024.06.25,600037.SH,0.22218019197216027
2024.06.25,000044.SZ,0.017561524363409617
2024.06.25,600001.SH,0.05929636813060075
2024.06.25,000039.SZ,0.297741782435679
2024.06.25,600046.SH,0.38993891082559684
2024.06.25,000006.SZ,0.31852596660006904
2024.06.25,000012.SZ,0.04297543279067233
2024.06.25,600008.SH,0.08608670759916678
2024.06.25,000004.SZ,0.21998063483529232
2024.06.25,000022.SZ,0.5150049156425888
2024.06.25,600028.SH,0.01286917493917277
2024.06.25,600002.SH,0.0009591871822742119
2024.06.25,600031.SH,0.11654591595494057
2024.06.25,000018.SZ,0.009294812561642288
2024.06.25,600016.SH,0.17496563018629552
2024.06.25,600004.SH,0.23420958024373806
2024.06.25,000037.SZ,0.08598009068070675
2024.06.25,000010.SZ,0.06831830054483948
2024.06.25,000021.SZ,0.38636458565845594
2024.06.25,000031.SZ,0.21673675220862856
2024.06.25,600010.SH,0.06441834386344597
2024.06.25,000007.SZ,0.17924597621415128
2024.06.25,600049.SH,0.2571193219903157
2024.06.25,000050.SZ,0.07699399913556998
2024.06.25,000016.SZ,0.12693508190350428
2024.06.25,600018.SH,0.2519121212480571
2024.06.25,600029.SH,0.17871196861574043
2024.06.25,000001.SZ,0.04348756994345642
2024.06.25,600019.SH,0.04695231880254321
2024.06.25,600026.SH,0.17161395961048476
2024.06.25,600033.SH,0.09518858773415072
2024.06.25,600044.SH,0.21148178514095967
2024.06.25,600003.SH,0.16039024721352466
2024.06.25,600021.SH,0.19117369773704485
2024.06.25,600039.SH,0.12567800202738708
2024.06.25,600011.SH,0.2579823512713483
2024.06.25,600024.SH,0.1095510606481155
2024.06.25,000040.SZ,0.007307687916190316
2024.06.25,000036.SZ,0.058871329090117205
2024.06.25,600007.SH,0.3076498983129974
2024.06.25,600034.SH,0.026144599012684903
2024.06.25,000026.SZ,0.2117326217756178
2024.06.25,000049.SZ,0.07630116385143701
2024.06.25,000009.SZ,0.031127794827834617
2024.06.25,600009.SH,0.020941283705811945
2024.06.25,600000.SH,0.24961251098001064
2024.06.25,600048.SH,0.23959194340741005
2024.06.25,000023.SZ,0.10058224276547406
2024.06.25,600006.SH,0.11606231981018299
2024.06.26,000025.SZ,0.18447599682860683
2024.06.26,000016.SZ,0.17691114728021826
2024.06.26,600011.SH,0.012336420595415827
2024.06.26,600015.SH,0.3335883252641663
2024.06.26,000003.SZ,0.07150115436229966
2024.06.26,600036.SH,0.003998618465177694
2024.06.26,000010.SZ,0.17956163978161666
2024.06.26,600046.SH,0.02490918449588379
2024.06.26,600021.SH,0.3395895727267594
2024.06.26,600005.SH,0.022880046352114256
2024.06.26,000009.SZ,0.10596541171224647
2024.06.26,600014.SH,0.18769265988542996
2024.06.26,000030.SZ,0.009215022716931186
2024.06.26,000038.SZ,0.33180260809414
2024.06.26,000036.SZ,0.21599639205094967
2024.06.26,600040.SH,0.00759564415848368
2024.06.26,600020.SH,0.35186726751602887
2024.06.26,600042.SH,0.039471318074645864
2024.06.26,600033.SH,0.2208038051321944
2024.06.26,000020.SZ,0.3212082369045909
2024.06.26,600048.SH,0.10965987502801955
2024.06.26,000041.SZ,0.007287757648032649
2024.06.26,000019.SZ,0.26653309303037276
2024.06.26,000032.SZ,0.49265994804679153
2024.06.26,000007.SZ,0.06561072211442487
2024.06.26,000033.SZ,0.05650173184140437
2024.06.26,600008.SH,0.023918836020743867
2024.06.26,600041.SH,0.19036392706287764
2024.06.26,000031.SZ,0.11230370752860575
2024.06.26,600032.SH,0.016008080317022555
2024.06.26,000021.SZ,0.03437473210074283
2024.06.26,600017.SH,0.04352184359288113
2024.06.26,600043.SH,0.00035516846060122193
2024.06.26,600034.SH,0.09417459255889762
2024.06.26,000043.SZ,0.012495966864818233
2024.06.26,600006.SH,0.12779410648009648
2024.06.26,600029.SH,0.049213957504325355
2024.06.26,000014.SZ,0.03187741821422534
2024.06.26,600009.SH,0.07812280502014748
2024.06.26,000046.SZ,0.007132316000516776
2024.06.26,600028.SH,0.02961551164321982
2024.06.26,000045.SZ,0.01744503335516378
2024.06.26,600037.SH,0.24987486321125207
2024.06.26,600010.SH,0.2265395223422536
2024.06.26,000004.SZ,0.05122568310923562
2024.06.26,600024.SH,0.008172098874964203
2024.06.26,600007.SH,0.15476269513913074
2024.06.26,000005.SZ,0.07221462546883395
2024.06.26,000002.SZ,0.04347350586410676
2024.06.26,600030.SH,0.024332430750157487
2024.06.26,600000.SH,0.03737988083918883
2024.06.26,000042.SZ,0.3348390411277496
2024.06.26,000012.SZ,0.11613281502709905
2024.06.26,600038.SH,0.08766758762829312
2024.06.26,600027.SH,0.10110234847375124
2024.06.26,600004.SH,0.009444468335745894
2024.06.26,600047.SH,0.23216131236880544
2024.06.26,600018.SH,0.06624754201145724
2024.06.26,600035.SH,0.1946334045993877
2024.06.26,000022.SZ,0.057081824184885416
2024.06.26,000037.SZ,0.07743032338315062
2024.06.26,000011.SZ,0.07814568014725716
2024.06.26,000027.SZ,0.0031456275633071564
2024.06.26,000001.SZ,0.04859676159096179
2024.06.26,000047.SZ,0.0095162203538924
2024.06.26,000050.SZ,0.430406704445138
2024.06.26,000044.SZ,0.07033241794196664
2024.06.26,600026.SH,0.17173664068015645
2024.06.26,600044.SH,0.14883133217378505
2024.06.26,600023.SH,0.08560418585212326
2024.06.26,600025.SH,0.19049448257597817
2024.06.26,000026.SZ,0.20771024315006906
2024.06.26,000049.SZ,0.12052700428127253
2024.06.26,000028.SZ,0.017946454055028756
2024.06.26,000040.SZ,0.0621219872163215
2024.06.26,600012.SH,0.04067870590940431
2024.06.26,000048.SZ,0.39781033380914704
2024.06.26,600022.SH,0.017198192470545357
2024.06.26,600013.SH,0.12332987712937703
2024.06.26,000018.SZ,0.20295725101190495
2024.06.26,000023.SZ,0.0437238068865815
2024.06.26,000024.SZ,0.004128004926665512
2024.06.26,000008.SZ,0.043239253633718396
2024.06.26,000017.SZ,0.06536602819169166
2024.06.26,000015.SZ,0.028191183866273603
2024.06.26,600003.SH,0.06911061660013103
2024.06.26,600031.SH,0.13614739691476416
2024.06.26,000006.SZ,0.19421894445248697
2024.06.26,000035.SZ,0.006077858263556214
2024.06.26,000029.SZ,0.13247118180036274
2024.06.26,600045.SH,0.08453293003971034
2024.06.26,600016.SH,0.10657497035570569
2024.06.26,600049.SH,0.0537871042453477
2024.06.26,000013.SZ,0.398657406806533
2024.06.26,600019.SH,0.008996015731340875
2024.06.26,000034.SZ,0.03206329302234221
2024.06.27,000025.SZ,0.18220343251583385
2024.06.27,600049.SH,0.005236655024616974
2024.06.27,600012.SH,0.024660436189384214
2024.06.27,600010.SH,0.2425789826490529
2024.06.27,600015.SH,0.060952398193584785
2024.06.27,600007.SH,0.1945199211356219
2024.06.27,000030.SZ,0.10403822782415403
2024.06.27,600033.SH,0.023367640652814402
2024.06.27,000017.SZ,0.052025248029394906
2024.06.27,600047.SH,0.07084570952923615
2024.06.27,000038.SZ,0.17131777206724302
2024.06.27,600006.SH,0.02444610686411946
2024.06.27,600008.SH,0.31808024457828543
2024.06.27,000046.SZ,0.0387466027865605
2024.06.27,000036.SZ,0.1377024097710334
2024.06.27,600021.SH,0.1110141497698329
2024.06.27,600042.SH,0.2574748730198245
2024.06.27,000009.SZ,0.041811419211133787
2024.06.27,600020.SH,0.10214833457170917
2024.06.27,000024.SZ,0.17374736149970343
2024.06.27,000050.SZ,0.09644521416529486
2024.06.27,600041.SH,0.11998847807375185
2024.06.27,600009.SH,0.09657449154211804
2024.06.27,600040.SH,0.34500782442565187
2024.06.27,000023.SZ,0.39103855034059853
2024.06.27,000010.SZ,0.03775085087450482
2024.06.27,600036.SH,0.08319706463509188
2024.06.27,600014.SH,0.08680682979757774
2024.06.27,600002.SH,0.16062440351466045
2024.06.27,600000.SH,0.06175897018350812
2024.06.27,000014.SZ,0.0996960853962567
2024.06.27,000015.SZ,0.04867548128245071
2024.06.27,000027.SZ,0.12103160500531751
2024.06.27,000012.SZ,0.0813072156930681
2024.06.27,000040.SZ,0.11828910138921506
2024.06.27,600029.SH,0.013010080994921855
2024.06.27,000021.SZ,0.10130827247739284
2024.06.27,000045.SZ,0.054646136848040566
2024.06.27,000039.SZ,0.2554014372566062
2024.06.27,600019.SH,0.023808663428719474
2024.06.27,000044.SZ,0.21890115741381858
2024.06.27,000041.SZ,0.010977398273610888
2024.06.27,000032.SZ,0.006752382591797275
2024.06.27,000006.SZ,0.15792012719305137
2024.06.27,000043.SZ,0.024612506919138848
2024.06.27,600013.SH,0.00018399191404941
2024.06.27,000001.SZ,0.05156260076391415
2024.06.27,000034.SZ,0.07651688933492612
2024.06.27,000026.SZ,0.030075391498437493
2024.06.27,600043.SH,0.089734063861396
2024.06.27,600018.SH,0.0854707897880542
2024.06.27,000029.SZ,0.16863583452079273
2024.06.27,600028.SH,0.22218896748764375
2024.06.27,600046.SH,0.16859509525918015
2024.06.27,600034.SH,0.15447210781687362
2024.06.27,600038.SH,0.13075720217001033
2024.06.27,600017.SH,0.091773470714406
2024.06.27,600031.SH,0.0038137533512729404
2024.06.27,600032.SH,0.1538690332108935
2024.06.27,000007.SZ,0.0367201892008454
2024.06.27,000037.SZ,0.012592907397233557
2024.06.27,000033.SZ,0.004330565541758206
2024.06.27,000016.SZ,0.017275564252277772
2024.06.27,600016.SH,0.023129676936702044
2024.06.27,600003.SH,0.007546268934744868
2024.06.27,600026.SH,0.16088919036640686
2024.06.27,600048.SH,0.09006276597419549
2024.06.27,600039.SH,0.018863617772887496
2024.06.27,600044.SH,0.08617408020267578
2024.06.27,600025.SH,0.002842811772443809
2024.06.27,000013.SZ,0.20606467572521292
2024.06.27,000005.SZ,0.08082818946728415
2024.06.27,600024.SH,0.08490202629556903
2024.06.27,000049.SZ,0.02737505989738452
2024.06.27,600005.SH,0.08552996203120418
2024.06.27,600045.SH,0.07412554862294003
2024.06.27,600030.SH,0.21352504160712651
2024.06.27,600011.SH,0.036965473962683154
2024.06.27,000011.SZ,0.24609137855386606
2024.06.27,000019.SZ,0.374958438797735
2024.06.27,000035.SZ,0.07116919126881979
2024.06.27,600001.SH,0.40681758298570797
2024.06.27,600037.SH,0.25621186891322706
2024.06.27,000047.SZ,0.09288382465933472
2024.06.27,000042.SZ,0.12448262981538491
2024.06.27,000002.SZ,0.0812148758159795
2024.06.27,000008.SZ,0.15169702091518203
2024.06.27,000028.SZ,0.005036873330396131
2024.06.27,000003.SZ,0.07955799105546303
2024.06.27,000004.SZ,0.004551023022348315
2024.06.27,000020.SZ,0.44770000001262894
2024.06.27,600022.SH,0.2776362893820055
2024.06.27,600027.SH,0.022914036942483184
2024.06.27,000018.SZ,0.02751941684172642
2024.06.27,600004.SH,0.06203113231576136
2024.06.27,000048.SZ,0.12842413161491956
2024.06.27,000022.SZ,0.11667960941811253
2024.06.27,000031.SZ,0.038362999415860924
2024.06.28,000035.SZ,0.2519134871589066
2024.06.28,000018.SZ,0.12609886897926476
2024.06.28,000015.SZ,0.17510676526707547
2024.06.28,600036.SH,0.2507390068639278
2024.06.28,600047.SH,0.20157427341974257
2024.06.28,000033.SZ,0.13732246209153806
2024.06.28,000049.SZ,0.17233089608442403
2024.06.28,600039.SH,0.14667346121327238
2024.06.28,000034.SZ,0.09766959068257672
2024.06.28,600017.SH,0.08742301480048634
2024.06.28,000037.SZ,0.22538500475605566
2024.06.28,000002.SZ,0.18418795113937683
2024.06.28,600033.SH,0.03753948160169293
2024.06.28,000026.SZ,0.2069896996203085
2024.06.28,600000.SH,0.4972513806378146
2024.06.28,600019.SH,0.09342390625734583
2024.06.28,600041.SH,0.08861101277190829
2024.06.28,600004.SH,0.06665873532892742
2024.06.28,600016.SH,0.15985146407815906
2024.06.28,000017.SZ,0.027772072346849964
2024.06.28,600045.SH,0.014594104285231944
2024.06.28,000013.SZ,0.06465098264354813
2024.06.28,000044.SZ,0.3695600614302136
2024.06.28,600022.SH,0.10646213403109388
2024.06.28,600005.SH,0.17363561818334444
2024.06.28,000042.SZ,0.1518807010789345
2024.06.28,600011.SH,0.04492921028164586
2024.06.28,000007.SZ,0.1403900250283152
2024.06.28,000016.SZ,0.025106872917330082
2024.06.28,600024.SH,0.007974069088588184
2024.06.28,600034.SH,0.026584878619708856
2024.06.28,000046.SZ,0.11569846148950683
2024.06.28,600008.SH,0.05695044642060733
2024.06.28,600020.SH,0.07692482672350207
2024.06.28,000031.SZ,0.07191245004841006
2024.06.28,000004.SZ,0.07086224206594115
2024.06.28,600040.SH,0.16405942300621337
2024.06.28,000001.SZ,0.11285167036013898
2024.06.28,600044.SH,0.4178466883894659
2024.06.28,000047.SZ,0.07514412168123893
2024.06.28,600043.SH,0.11993559628684514
2024.06.28,600006.SH,0.20511249797223255
2024.06.28,600015.SH,0.0038473734825200897
2024.06.28,600030.SH,0.007603365232866808
2024.06.28,600049.SH,0.11924013253801116
2024.06.28,000030.SZ,0.012951644344312459
2024.06.28,000014.SZ,0.04782662794583409
2024.06.28,000012.SZ,0.29949686448920904
2024.06.28,600048.SH,0.3074141939079328
2024.06.28,000020.SZ,0.008646862491995203
2024.06.28,000038.SZ,0.07074409703874034
2024.06.28,000028.SZ,0.094159208449612
2024.06.28,600042.SH,0.24451820230691454
2024.06.28,000023.SZ,0.22199095689677578
2024.06.28,000048.SZ,0.08365284611116652
2024.06.28,600014.SH,0.07699823368238715
2024.06.28,000021.SZ,0.05783332627837016
2024.06.28,000045.SZ,0.1344580377420592
2024.06.28,000039.SZ,0.06096169566780707
2024.06.28,000022.SZ,0.014697817405737694
2024.06.28,000011.SZ,0.07781463704428138
2024.06.28,600023.SH,0.047786479697049765
2024.06.28,000041.SZ,0.2954190052311429
2024.06.28,600018.SH,0.05318680923330504
2024.06.28,600025.SH,0.018077907805064818
2024.06.28,000027.SZ,0.3845288105644352
2024.06.28,600038.SH,0.2832669698567553
2024.06.28,600012.SH,0.053434775634871055
2024.06.28,600035.SH,0.04018812606514881
2024.06.28,600026.SH,0.05983706846429385
2024.06.28,600021.SH,0.18564862766147192
2024.06.28,000025.SZ,0.18412750817737655
2024.06.28,600046.SH,0.0016044622513402774
2024.06.28,000009.SZ,0.14819546710679385
2024.06.28,000008.SZ,0.010316020311501901
2024.06.28,000006.SZ,0.0630898116966137
2024.06.28,000005.SZ,0.030330728996733447
2024.06.28,600032.SH,0.024645128796610894
2024.06.28,600013.SH,0.09777617695083557
2024.06.28,000019.SZ,0.18401057491026535
2024.06.28,600003.SH,0.07047059651956666
2024.06.28,000040.SZ,0.1666516412418878
2024.06.28,000050.SZ,0.09219062885375272
2024.06.28,600027.SH,0.10816894889016031
2024.06.28,000043.SZ,0.041331748439258596
2024.06.28,600007.SH,0.30979490410572025
2024.06.28,000036.SZ,0.3037328538574782
2024.06.28,600009.SH,0.08555664254728212
2024.06.28,600031.SH,0.07809844568420968
2024.06.28,000032.SZ,0.0017211780018152889
2024.06.28,000003.SZ,0.049546187147588364
2024.06.28,600037.SH,0.2586646802172788
2024.06.28,600029.SH,0.23048700518599477
2024.06.28,600028.SH,0.06457849999210487
2024.06.28,600001.SH,0.0061080566688408305
2024.06.28,600002.SH,0.2958959734721571
2024.06.28,000029.SZ,0.03429903855949993
2024.07.01,000035.SZ,0.14286951353928876
2024.07.01,000040.SZ,0.013486505338083583
2024.07.01,600037.SH,0.06660357438522553
2024.07.01,000036.SZ,0.11300949714276852
2024.07.01,600009.SH,0.24465059237149664
2024.07.01,600032.SH,0.015208375633856297
2024.07.01,600046.SH,0.23984027323434648
2024.07.01,000043.SZ,0.02269786431019861
2024.07.01,000012.SZ,0.043939129968437296
2024.07.01,600043.SH,0.1793796334328197
2024.07.01,600047.SH,0.4412095058318187
2024.07.01,600045.SH,0.005742203420783891
2024.07.01,000029.SZ,0.356019966918552
2024.07.01,600040.SH,0.039806023887773274
2024.07.01,600018.SH,0.12146101134929015
2024.07.01,600049.SH,0.05866651740455105
2024.07.01,000013.SZ,0.11362480684188972
2024.07.01,000002.SZ,0.13145414233709354
2024.07.01,000026.SZ,0.16767614575228335
2024.07.01,600036.SH,0.0013101078275096437
2024.07.01,600013.SH,0.11875239564696417
2024.07.01,000022.SZ,0.05345311711858716
2024.07.01,600033.SH,0.07888192995002585
2024.07.01,600024.SH,0.344699660571633
2024.07.01,000023.SZ,0.16696241938053216
2024.07.01,000034.SZ,0.06613935397888537
2024.07.01,600022.SH,0.10754442296972104
2024.07.01,000044.SZ,0.2197685590664522
2024.07.01,000028.SZ,0.2803821837848152
2024.07.01,600005.SH,0.053805354694541514
2024.07.01,600026.SH,0.012172687547087254
2024.07.01,600015.SH,0.1383323534930717
2024.07.01,600012.SH,0.061849612742915276
2024.07.01,000021.SZ,0.015889766734047392
2024.07.01,000006.SZ,0.12066984765690816
2024.07.01,000030.SZ,0.023723396847939084
2024.07.01,000046.SZ,0.021133554261986185
2024.07.01,600030.SH,0.19172675531730501
2024.07.01,000047.SZ,0.09562455075663409
2024.07.01,000049.SZ,0.08499782675298645
2024.07.01,000014.SZ,0.033911284494790056
2024.07.01,000010.SZ,0.14295833448673848
2024.07.01,000024.SZ,0.0917628083303077
2024.07.01,600035.SH,0.09330289587472392
2024.07.01,600038.SH,0.029041705484481473
2024.07.01,600000.SH,0.40914235391094467
2024.07.01,000009.SZ,0.14272642370481767
2024.07.01,600048.SH,0.029395742187393787
2024.07.01,000016.SZ,0.06709594769533887
2024.07.01,000018.SZ,0.263847136792287
2024.07.01,600044.SH,0.27822165048847053
2024.07.01,000008.SZ,0.08414044991315281
2024.07.01,600019.SH,0.4291341575481802
2024.07.01,600029.SH,0.10913754703320548
2024.07.01,600021.SH,0.0632745029020887
2024.07.01,600039.SH,0.027463242023787405
2024.07.01,000020.SZ,0.07517100788034066
2024.07.01,000003.SZ,0.3451436682674236
2024.07.01,000019.SZ,0.2833973702057659
2024.07.01,000005.SZ,0.27600112096309104
2024.07.01,600031.SH,0.028794452305186
2024.07.01,600023.SH,0.13717636386722418
2024.07.01,600008.SH,0.2544835406442733
2024.07.01,600011.SH,0.2943445758904212
2024.07.01,600004.SH,0.09260805920971381
2024.07.01,600010.SH,0.1293838915084857
2024.07.01,000038.SZ,0.004019475578502879
2024.07.01,000015.SZ,0.2250476445850517
2024.07.01,600042.SH,0.18379292157329136
2024.07.01,000025.SZ,0.21617484017775082
2024.07.01,000017.SZ,0.014246895017079535
2024.07.01,600007.SH,0.4297148669901384
2024.07.01,600041.SH,0.04080969051767069
2024.07.01,000048.SZ,0.06960037798651685
2024.07.01,600025.SH,0.11053494202600063
2024.07.01,600034.SH,0.14273281638332613
2024.07.01,600002.SH,0.12130934282827224
2024.07.01,600027.SH,0.04515444053815398
2024.07.01,000041.SZ,0.2391093891932598
2024.07.01,600028.SH,0.033810774682272955
2024.07.01,600020.SH,0.02162623939275186
2024.07.01,000004.SZ,0.08568537753617907
2024.07.01,000033.SZ,0.0186875936919779
2024.07.01,000007.SZ,0.4146480905320641
2024.07.01,600014.SH,0.14535467067610863
2024.07.01,600006.SH,0.043985904711418645
2024.07.01,000031.SZ,0.047658858374557835
2024.07.01,000037.SZ,0.22059241822451167
2024.07.01,000042.SZ,0.0456904148670901
2024.07.01,000011.SZ,0.0937568753477715
2024.07.01,000039.SZ,0.24787417487893246
2024.07.01,000045.SZ,0.08558371794249126
2024.07.01,000032.SZ,0.0886153636815205
2024.07.01,600003.SH,0.0446190881297875
2024.07.01,600001.SH,0.10766178311920094
2024.07.01,000001.SZ,0.10849563299311568
2024.07.02,000042.SZ,0.07681569131637275
2024.07.02,600006.SH,0.19693082473916548
2024.07.02,600037.SH,0.23416478944379177
2024.07.02,600030.SH,0.1277794172809602
2024.07.02,000050.SZ,0.09073466624833879
2024.07.02,600047.SH,0.08139214786540361
2024.07.02,600038.SH,0.10421934591369174
2024.07.02,000019.SZ,0.07599309350391356
2024.07.02,600039.SH,0.00189189927842939
2024.07.02,000028.SZ,0.07460283102673174
2024.07.02,600027.SH,0.03773792151079314
2024.07.02,600024.SH,0.001767016838865051
2024.07.02,600041.SH,0.031366127232663396
2024.07.02,000026.SZ,0.11305953495260791
2024.07.02,000014.SZ,0.0004388960092475872
2024.07.02,600046.SH,0.011652814554657026
2024.07.02,000046.SZ,0.0445300062132212
2024.07.02,000045.SZ,0.10012697047269711
2024.07.02,600019.SH,0.09554111947354373
2024.07.02,000007.SZ,0.08648106410892115
2024.07.02,600021.SH,0.11894719064729246
2024.07.02,600035.SH,0.0017557262785034343
2024.07.02,000043.SZ,0.013000213184813907
2024.07.02,000029.SZ,0.28451681429204795
2024.07.02,600044.SH,0.03821764162186503
2024.07.02,600045.SH,0.1634013653054991
2024.07.02,600018.SH,0.007246840411998307
2024.07.02,000011.SZ,0.06161581992093718
2024.07.02,000040.SZ,0.07481136402886818
2024.07.02,000018.SZ,0.12061611873268162
2024.07.02,000006.SZ,0.2370627721300651
2024.07.02,600007.SH,0.0625657521719794
2024.07.02,600031.SH,0.020122130203789886
2024.07.02,600022.SH,0.07556140302393594
2024.07.02,000033.SZ,0.0064813358767621876
2024.07.02,600033.SH,0.1932751495053223
2024.07.02,600049.SH,0.0731283801845446
2024.07.02,600000.SH,0.012602848806084949
2024.07.02,000023.SZ,0.034517986776792596
2024.07.02,600011.SH,0.12834274978656085
2024.07.02,600016.SH,0.11499851350135482
2024.07.02,000016.SZ,0.017381035814669783
2024.07.02,000022.SZ,0.006531772698272481
2024.07.02,000030.SZ,0.2004627457692758
2024.07.02,000038.SZ,0.0006147666584328011
2024.07.02,000035.SZ,0.0533096489512937
2024.07.02,000024.SZ,0.048599688751644124
2024.07.02,600008.SH,0.048809108122898584
2024.07.02,000031.SZ,0.037723196684362185
2024.07.02,000008.SZ,0.11245890423550278
2024.07.02,600025.SH,0.21748718789574562
2024.07.02,000036.SZ,0.10750117200662884
2024.07.02,600023.SH,0.06771389024449176
2024.07.02,600001.SH,0.15806388534090612
2024.07.02,000037.SZ,0.035403747450768436
2024.07.02,000034.SZ,0.050287653165368054
2024.07.02,600003.SH,0.0761667247024485
2024.07.02,600014.SH,0.2352038835536235
2024.07.02,000044.SZ,0.0067502615103405255
2024.07.02,000009.SZ,0.02007543555167157
2024.07.02,000041.SZ,0.08309061088781035
2024.07.02,600002.SH,0.008197753756212693
2024.07.02,600040.SH,0.11470009897849248
2024.07.02,600012.SH,0.007120802267093744
2024.07.02,000025.SZ,0.04854492289040208
2024.07.02,000020.SZ,0.1599886257532801
2024.07.02,000002.SZ,0.11490306476064313
2024.07.02,600009.SH,0.129699540238625
2024.07.02,000003.SZ,0.19203817193574765
2024.07.02,000004.SZ,0.1703726696599869
2024.07.02,600029.SH,0.21255173293578256
2024.07.02,000013.SZ,0.13381827187948445
2024.07.02,000027.SZ,0.019344753969349936
2024.07.02,000017.SZ,0.028693108736744622
2024.07.02,600005.SH,0.1497163725777699
2024.07.02,600015.SH,0.27914210728806255
2024.07.02,600026.SH,0.06475840918835934
2024.07.02,600048.SH,0.09742284341821288
2024.07.02,000012.SZ,0.21752657375844497
2024.07.02,600034.SH,0.14920247879168322
2024.07.02,000015.SZ,0.18422953752505317
2024.07.02,600036.SH,0.02088409713862352
2024.07.02,000001.SZ,0.014866704524791555
2024.07.02,600020.SH,0.29030986912233003
2024.07.02,000010.SZ,0.044765534880119834
2024.07.02,000039.SZ,0.029436403649308118
2024.07.02,000032.SZ,0.007863061731133724
2024.07.02,600042.SH,0.009965017481442566
2024.07.02,000021.SZ,0.10768176893419508
2024.07.02,600013.SH,0.41166533439159375
2024.07.02,600043.SH,0.054696972713993514
2024.07.02,000049.SZ,0.22908019306698402
2024.07.02,000047.SZ,0.22202635714152014
2024.07.02,000005.SZ,0.06041902216143295
2024.07.02,600017.SH,0.06697531112894561
2024.07.02,600032.SH,0.07258028734260431
2024.07.03,600016.SH,0.0021607008062422186
2024.07.03,000013.SZ,0.3657495992740545
2024.07.03,600023.SH,0.30158738788998324
2024.07.03,600029.SH,0.041691429473823635
2024.07.03,000034.SZ,0.052121880619066266
2024.07.03,000014.SZ,0.08247295418161148
2024.07.03,000003.SZ,0.10775593177361593
2024.07.03,000009.SZ,0.35599095515657597
2024.07.03,000035.SZ,0.018412648689877572
2024.07.03,000029.SZ,0.052338363059073335
2024.07.03,600048.SH,0.19175003593504142
2024.07.03,600038.SH,0.23079608701827636
2024.07.03,600049.SH,0.010241398048346928
2024.07.03,600030.SH,0.08685254511975674
2024.07.03,600024.SH,0.06901749406200244
2024.07.03,000028.SZ,0.0770258827706171
2024.07.03,600007.SH,0.0861186099514952
2024.07.03,000047.SZ,0.006679723266887605
2024.07.03,600033.SH,0.05175619578845079
2024.07.03,000044.SZ,0.002325336177977997
2024.07.03,000042.SZ,0.07654288975714645
2024.07.03,600005.SH,0.0936873427211891
2024.07.03,000010.SZ,0.16411931852531483
2024.07.03,000001.SZ,0.09393827506840242
2024.07.03,600014.SH,0.23264633518230043
2024.07.03,000046.SZ,0.047642331809569755
2024.07.03,600009.SH,0.022244288883929052
2024.07.03,600034.SH,0.02976833036881177
2024.07.03,600004.SH,0.09328907078801164
2024.07.03,600042.SH,0.029835291989086996
2024.07.03,600003.SH,0.23528485033424024
2024.07.03,600043.SH,0.39536897150807593
2024.07.03,000043.SZ,0.039515338827568004
2024.07.03,600040.SH,0.41444332729963257
2024.07.03,000002.SZ,0.09265021540187464
2024.07.03,600026.SH,0.032568248117856434
2024.07.03,000006.SZ,0.029478684494564675
2024.07.03,600044.SH,0.08590672824506887
2024.07.03,600011.SH,0.05978756392686372
2024.07.03,000017.SZ,0.4556297255818507
2024.07.03,000018.SZ,0.10330588855895455
2024.07.03,600018.SH,0.07825245343208694
2024.07.03,000005.SZ,0.04592371716354439
2024.07.03,000049.SZ,0.2406107412247049
2024.07.03,000024.SZ,0.29921010550017885
2024.07.03,000032.SZ,0.14442642585666116
2024.07.03,600036.SH,0.22983985134493387
2024.07.03,000016.SZ,0.07387538206281863
2024.07.03,000022.SZ,0.13285966231165747
2024.07.03,000030.SZ,0.18286515977254883
2024.07.03,600032.SH,0.0639105912221036
2024.07.03,600022.SH,0.5234610778944336
2024.07.03,600041.SH,0.08266466587511027
2024.07.03,600015.SH,0.03404979752786134
2024.07.03,600035.SH,0.0957277552936308
2024.07.03,600031.SH,0.11710743688710365
2024.07.03,600025.SH,0.29463983973240787
2024.07.03,000020.SZ,0.1003410357314965
2024.07.03,000050.SZ,0.021195698686949937
2024.07.03,600001.SH,0.02589141354734608
2024.07.03,000045.SZ,0.1596229345206412
2024.07.03,000015.SZ,0.04854241580498535
2024.07.03,000026.SZ,0.055758396649049406
2024.07.03,600002.SH,0.10482287488979646
2024.07.03,600027.SH,0.050973178664567464
2024.07.03,600045.SH,0.010500005171488058
2024.07.03,600006.SH,0.0024529177562990214
2024.07.03,000012.SZ,0.014827653389837936
2024.07.03,000023.SZ,0.13806826204775496
2024.07.03,600010.SH,0.19103206838768377
2024.07.03,600020.SH,0.1373495258005107
2024.07.03,000031.SZ,0.05592322200687
2024.07.03,000039.SZ,0.026668016632767973
2024.07.03,600039.SH,0.05557671029225287
2024.07.03,000027.SZ,0.07129306851627128
2024.07.03,000041.SZ,0.04551799120686631
2024.07.03,600037.SH,0.24742527934092287
2024.07.03,000019.SZ,0.15581941740963196
2024.07.03,000036.SZ,0.0759400235717821
2024.07.03,600019.SH,0.005586734163675169
2024.07.03,600046.SH,0.06796778277932079
2024.07.03,600013.SH,0.2811175552252323
2024.07.03,600017.SH,0.13814700494774193
2024.07.03,600000.SH,0.08238747401908703
2024.07.03,000040.SZ,0.258313156761809
2024.07.03,000007.SZ,0.09040677414512395
2024.07.03,000025.SZ,0.05104926061361225
2024.07.03,000048.SZ,0.014763100028008147
2024.07.03,000021.SZ,0.005427505376561143
2024.07.03,600047.SH,0.04375633765315977
2024.07.03,000008.SZ,0.03382955737039787
2024.07.03,000037.SZ,0.010646528883799434
2024.07.03,600021.SH,0.09453978424433433
2024.07.03,600028.SH,0.2657431846256906
2024.07.03,600008.SH,0.16370515060171809
2024.07.03,000011.SZ,0.013444369769279646
2024.07.04,600018.SH,0.2690867719648754
2024.07.04,000045.SZ,0.15145195237762124
2024.07.04,600021.SH,0.09583577148512935
2024.07.04,000028.SZ,0.12302762942344939
2024.07.04,000018.SZ,0.01690718826115539
2024.07.04,000024.SZ,0.3675091251353487
2024.07.04,000020.SZ,0.25758901133687384
2024.07.04,600012.SH,0.07782324787210546
2024.07.04,600040.SH,0.03203459623917073
2024.07.04,600037.SH,0.7005292197766437
2024.07.04,000042.SZ,0.09035559563937598
2024.07.04,600010.SH,0.1298636694672009
2024.07.04,600044.SH,0.4455787420071738
2024.07.04,000007.SZ,0.02012166418749613
2024.07.04,600042.SH,0.0868032608827928
2024.07.04,600011.SH,0.14048119249420413
2024.07.04,600004.SH,0.06307415950256677
2024.07.04,600046.SH,0.09807292687873573
2024.07.04,600022.SH,0.21132392137256187
2024.07.04,600015.SH,0.007661287437339061
2024.07.04,600028.SH,0.022598549702919496
2024.07.04,600001.SH,0.08299158209168685
2024.07.04,600045.SH,0.19940062291070954
2024.07.04,000004.SZ,0.03941010335445198
2024.07.04,000015.SZ,0.059706283127892494
2024.07.04,600016.SH,0.16107847118251997
2024.07.04,000001.SZ,0.03678048195800993
2024.07.04,600026.SH,0.26150075607552264
2024.07.04,000037.SZ,0.15767530920525405
2024.07.04,000039.SZ,0.09024890019590036
2024.07.04,000002.SZ,0.07803700922095988
2024.07.04,600005.SH,0.058862967391144105
2024.07.04,000009.SZ,0.06332481645429715
2024.07.04,000043.SZ,0.20691317102972093
2024.07.04,000008.SZ,0.00252392610852905
2024.07.04,000025.SZ,0.12756093744051866
2024.07.04,600007.SH,0.3479253379655513
2024.07.04,000035.SZ,0.3084489739847099
2024.07.04,000016.SZ,0.09858478740319393
2024.07.04,600049.SH,0.020821772294082354
2024.07.04,000012.SZ,0.030196959882516614
2024.07.04,600039.SH,0.0813347695130194
2024.07.04,600013.SH,0.033765657061092295
2024.07.04,000014.SZ,0.017468404086357938
2024.07.04,600019.SH,0.013158526231525677
2024.07.04,600033.SH,0.08099006977669077
2024.07.04,000003.SZ,0.24311339653246802
2024.07.04,000006.SZ,0.09136576298888506
2024.07.04,000030.SZ,0.11555501018326692
2024.07.04,600024.SH,0.004863376163694789
2024.07.04,000011.SZ,0.058879646870096114
2024.07.04,600036.SH,0.04366836335503017
2024.07.04,000038.SZ,0.14369777452099636
2024.07.04,600034.SH,0.010847987023031934
2024.07.04,000032.SZ,0.14400171932991332
2024.07.04,600043.SH,0.025302344670391597
2024.07.04,600009.SH,0.008383223886899775
2024.07.04,000013.SZ,0.06947320922667738
2024.07.04,000048.SZ,0.08409621003321707
2024.07.04,600014.SH,0.14745210856498916
2024.07.04,600002.SH,0.0045803919430134924
2024.07.04,600006.SH,0.1306315522874833
2024.07.04,600029.SH,0.0690361146860718
2024.07.04,000029.SZ,0.4624194534431941
2024.07.04,000040.SZ,0.17834104230386275
2024.07.04,000023.SZ,0.2242578533582673
2024.07.04,000047.SZ,0.385994250258211
2024.07.04,600038.SH,0.17218952273387184
2024.07.04,600003.SH,0.03752198842758874
2024.07.04,600008.SH,0.2631208231609496
2024.07.04,000050.SZ,0.2605871495539761
2024.07.04,000027.SZ,0.09387650467814108
2024.07.04,600047.SH,0.009261546822850205
2024.07.04,000049.SZ,0.03420968644907767
2024.07.04,000033.SZ,0.02363607114754562
2024.07.04,600027.SH,0.04251865931407018
2024.07.04,000041.SZ,0.13529073350661933
2024.07.04,000046.SZ,0.02157571047640749
2024.07.04,000031.SZ,0.001156437478685035
2024.07.04,600030.SH,0.3161678781417452
2024.07.04,000036.SZ,0.017779064663503402
2024.07.04,000034.SZ,0.04345377016948252
2024.07.04,000026.SZ,0.029609233451198654
2024.07.04,600031.SH,0.09038383869124819
2024.07.04,600041.SH,0.04025865271585684
2024.07.04,000019.SZ,0.07347529007129229
2024.07.04,600032.SH,0.010027635863537622
2024.07.04,600020.SH,0.09803879770328837
2024.07.04,600017.SH,0.0258348398220068
2024.07.04,000005.SZ,0.05400677172999631
2024.07.04,000022.SZ,0.0723386836069902
2024.07.04,600025.SH,0.05674641404113147
2024.07.04,600023.SH,0.08836833780735803
2024.07.04,600048.SH,0.220277216609084
2024.07.04,000021.SZ,0.04315700949358855
2024.07.04,000010.SZ,0.10632630903513542
2024.07.04,600000.SH,0.08694236724788523
2024.07.04,000017.SZ,0.1326954729776122
2024.07.05,000016.SZ,0.039171253740556675
2024.07.05,000019.SZ,0.12056558576783075
2024.07.05,600013.SH,0.3531725027402416
2024.07.05,000017.SZ,0.5476148543882008
2024.07.05,000032.SZ,0.1265142095106096
2024.07.05,600005.SH,0.005023576251617677
2024.07.05,000031.SZ,0.017171674999692885
2024.07.05,000028.SZ,0.035259660405997074
2024.07.05,000025.SZ,0.13722758719485423
2024.07.05,600038.SH,0.06430773457374592
2024.07.05,000020.SZ,0.22302341903866246
2024.07.05,600002.SH,0.25140550159317926
2024.07.05,600011.SH,0.19937886557875845
2024.07.05,600043.SH,0.018571420595238284
2024.07.05,000029.SZ,0.09836335547762148
2024.07.05,000001.SZ,0.17113581561084973
2024.07.05,000043.SZ,0.03777194461064816
2024.07.05,000002.SZ,0.07408050311709126
2024.07.05,000006.SZ,0.04113960625563451
2024.07.05,600035.SH,0.011935681435227533
2024.07.05,000024.SZ,0.09590016335629421
2024.07.05,600042.SH,0.05417773356940636
2024.07.05,000039.SZ,0.07023672066647396
2024.07.05,600034.SH,0.009539957761415948
2024.07.05,600040.SH,0.04691551450526768
2024.07.05,000042.SZ,0.1284821991785121
2024.07.05,000005.SZ,0.24186022375044913
2024.07.05,600046.SH,0.16100904531687746
2024.07.05,600014.SH,0.1321673557171681
2024.07.05,000007.SZ,0.04239883894318804
2024.07.05,600001.SH,0.01534491086526682
2024.07.05,000021.SZ,0.05395136324861534
2024.07.05,600044.SH,0.02410262686469395
2024.07.05,000018.SZ,0.136161628125304
2024.07.05,000034.SZ,0.3437041008008921
2024.07.05,600030.SH,0.19136276561280094
2024.07.05,000035.SZ,0.07741280973456686
2024.07.05,000004.SZ,0.051111774329874675
2024.07.05,000026.SZ,0.1022059624017959
2024.07.05,600033.SH,0.035439444890984016
2024.07.05,000022.SZ,0.3390566915989717
2024.07.05,600045.SH,0.41008484413218266
2024.07.05,000041.SZ,0.12095333215144739
2024.07.05,600047.SH,0.1321699286818709
2024.07.05,600037.SH,0.23839456344015164
2024.07.05,600009.SH,0.10319415439783178
2024.07.05,600018.SH,0.02471798438036317
2024.07.05,600021.SH,0.1926176111516707
2024.07.05,000038.SZ,0.04787133843354128
2024.07.05,600007.SH,0.08964671559210607
2024.07.05,000010.SZ,0.14119444595424652
2024.07.05,000003.SZ,0.007173754929445074
2024.07.05,600023.SH,0.21315519155384835
2024.07.05,600039.SH,0.47865228198695225
2024.07.05,000046.SZ,0.027699620255051592
2024.07.05,600010.SH,0.14996725110905068
2024.07.05,000049.SZ,0.28889219877657396
2024.07.05,600004.SH,0.019141336657302607
2024.07.05,600029.SH,0.0044129688925007475
2024.07.05,000012.SZ,0.023294409060198137
2024.07.05,000048.SZ,0.2451209790435544
2024.07.05,600036.SH,0.24739448857204255
2024.07.05,000033.SZ,0.43017428446358486
2024.07.05,000008.SZ,0.05324427884458647
2024.07.05,000013.SZ,0.08124208886271268
2024.07.05,600048.SH,0.07259044129125439
2024.07.05,000014.SZ,0.03885954274396282
2024.07.05,000015.SZ,0.3263986963524834
2024.07.05,600026.SH,0.20556040175942475
2024.07.05,600020.SH,0.15990356059785324
2024.07.05,600025.SH,0.08403974375826397
2024.07.05,600015.SH,0.0633152217439452
2024.07.05,600019.SH,0.026522273725886003
2024.07.05,000047.SZ,0.0743181361260543
2024.07.05,000040.SZ,0.6052891170633631
2024.07.05,000044.SZ,0.03582980141283667
2024.07.05,600024.SH,0.01649108055433788
2024.07.05,600022.SH,0.009422268425592137
2024.07.05,600017.SH,0.05267512275181844
2024.07.05,000011.SZ,0.5477845993480716
2024.07.05,600032.SH,0.026168422486604944
2024.07.05,600049.SH,0.005091927088337221
2024.07.05,600027.SH,0.18086585293492133
2024.07.05,000050.SZ,0.025497409368684547
2024.07.05,000045.SZ,0.1472518403249141
2024.07.05,600003.SH,0.05138903577325101
2024.07.05,600041.SH,0.0297396066023249
2024.07.05,000037.SZ,0.1475699564104024
2024.07.05,600016.SH,0.03107856517284914
2024.07.05,000036.SZ,0.05218530825941492
2024.07.05,000009.SZ,0.28301094845319325
2024.07.05,600028.SH,0.22318289676368563
2024.07.05,600000.SH,0.0029581241069624306
2024.07.05,600031.SH,0.004093340078264613
2024.07.05,600006.SH,0.025055057144006285
2024.07.05,600012.SH,0.3249658783471822
2024.07.05,600008.SH,0.17349862055964643
2024.07.08,000034.SZ,0.5305949277009379
2024.07.08,600022.SH,0.06445674738038834
2024.07.08,000003.SZ,0.016025892410417325
2024.07.08,600011.SH,0.02396299416917011
2024.07.08,000041.SZ,0.010813871295901223
2024.07.08,000049.SZ,0.29762497116574727
2024.07.08,000036.SZ,0.0665932918705687
2024.07.08,600047.SH,0.016362157153221982
2024.07.08,600046.SH,0.03606437028550867
2024.07.08,600048.SH,0.053760001140848175
2024.07.08,600006.SH,0.1487415195424098
2024.07.08,600016.SH,0.12217888543646466
2024.07.08,600042.SH,0.24021262412700176
2024.07.08,000007.SZ,0.015723293433744942
2024.07.08,600009.SH,0.19891283231038664
2024.07.08,600023.SH,0.08766504263471864
2024.07.08,000042.SZ,0.04301168229245458
2024.07.08,600001.SH,0.030698531277362447
2024.07.08,000037.SZ,0.005074455930998165
2024.07.08,600024.SH,0.06633229965556008
2024.07.08,000021.SZ,0.03145973689567962
2024.07.08,000015.SZ,0.06427610004418102
2024.07.08,600038.SH,0.0040453641895083345
2024.07.08,600033.SH,0.11668017640887957
2024.07.08,600018.SH,0.028802264823455173
2024.07.08,000033.SZ,0.023182973238030428
2024.07.08,600032.SH,0.06664279444695323
2024.07.08,600036.SH,0.43679298086915996
2024.07.08,600008.SH,0.01215661627542842
2024.07.08,000011.SZ,0.08634299217946903
2024.07.08,000032.SZ,0.03197626249306266
2024.07.08,000014.SZ,0.0019562591342593984
2024.07.08,600014.SH,0.06409003168489315
2024.07.08,600020.SH,0.05038712076201053
2024.07.08,600041.SH,0.057999716216123445
2024.07.08,600019.SH,0.7333163247805008
2024.07.08,000040.SZ,0.03888979946436166
2024.07.08,000027.SZ,0.017873892047708468
2024.07.08,600040.SH,0.07990558335244703
2024.07.08,600034.SH,0.007958828333998136
2024.07.08,600044.SH,0.3211839083921844
2024.07.08,600010.SH,0.25145095254688676
2024.07.08,600013.SH,0.06968984435252376
2024.07.08,000048.SZ,0.09747425506040033
2024.07.08,000030.SZ,0.0541966950902591
2024.07.08,600000.SH,0.07799547071887102
2024.07.08,000018.SZ,0.10663410895514949
2024.07.08,600021.SH,0.19303723880312962
2024.07.08,600005.SH,0.07389575172402606
2024.07.08,000020.SZ,0.026278357267689737
2024.07.08,600017.SH,0.012440961003527835
2024.07.08,000039.SZ,0.03801135119492635
2024.07.08,600003.SH,0.3094787759419872
2024.07.08,600026.SH,0.16282230381154233
2024.07.08,000028.SZ,0.4001532285348451
2024.07.08,000016.SZ,0.15687702200031145
2024.07.08,000002.SZ,0.3979592402882201
2024.07.08,000023.SZ,0.12151435621322207
2024.07.08,000044.SZ,0.09925504874747432
2024.07.08,000022.SZ,1.021459293225887
2024.07.08,600045.SH,0.12126382534640207
2024.07.08,000047.SZ,0.20488053317627772
2024.07.08,600031.SH,0.015045523095582538
2024.07.08,600028.SH,0.08976430525268192
2024.07.08,600027.SH,0.03284362180266751
2024.07.08,000010.SZ,0.04738550987325808
2024.07.08,000045.SZ,0.06995882512465501
2024.07.08,000004.SZ,0.06974113679528306
2024.07.08,000017.SZ,0.17788788356221044
2024.07.08,000046.SZ,0.23527729831624022
2024.07.08,000009.SZ,0.05650485476316628
2024.07.08,600029.SH,0.02791625280171184
2024.07.08,600039.SH,0.2522629123052182
2024.07.08,000019.SZ,0.09297441585174569
2024.07.08,000050.SZ,0.49344984022550387
2024.07.08,000038.SZ,0.23442140561538533
2024.07.08,000035.SZ,0.05765773568248859
2024.07.08,600030.SH,0.3037606785304564
2024.07.08,000005.SZ,0.24493124632835647
2024.07.08,000008.SZ,0.029155566049336983
2024.07.08,000029.SZ,0.008919403867519967
2024.07.08,600035.SH,0.08073247388687435
2024.07.08,600002.SH,0.22557183922619387
2024.07.08,600043.SH,0.07121205094157634
2024.07.08,000031.SZ,0.06898385626994788
2024.07.08,000026.SZ,0.028922304589316623
2024.07.08,600037.SH,0.0034862738763435526
2024.07.08,600049.SH,0.0417710848072129
2024.07.08,000025.SZ,0.4492762942964316
2024.07.08,000006.SZ,0.029901258658595983
2024.07.08,600004.SH,0.04074259832263861
2024.07.08,000043.SZ,0.1762410256355725
2024.07.08,000001.SZ,0.10776968932309915
2024.07.08,600012.SH,0.0370845220281696
2024.07.08,000013.SZ,0.17398397955994344
2024.07.08,000024.SZ,0.1414282060163164
2024.07.08,600025.SH,0.034134241278676904
2024.07.09,600044.SH,0.022052779056221338
2024.07.09,600003.SH,0.25943835947204685
2024.07.09,000028.SZ,0.032648111767579986
2024.07.09,000021.SZ,0.08411120904045459
2024.07.09,000040.SZ,0.0699343132053761
2024.07.09,000046.SZ,0.32491648924844435
2024.07.09,600005.SH,0.39265218576872346
2024.07.09,600011.SH,0.01631388041475268
2024.07.09,600007.SH,0.022913389877954524
2024.07.09,000047.SZ,0.14171257544032861
2024.07.09,600020.SH,0.05513001849204435
2024.07.09,600018.SH,0.020483457955078693
2024.07.09,600004.SH,0.04917247950756722
2024.07.09,000011.SZ,0.03914692478559177
2024.07.09,000007.SZ,0.13768652731299563
2024.07.09,600049.SH,0.14986215419814874
2024.07.09,000042.SZ,0.2670208219444379
2024.07.09,600039.SH,0.058535362371088154
2024.07.09,000032.SZ,0.08978372522416637
2024.07.09,000019.SZ,0.1567993389512487
2024.07.09,000008.SZ,0.11564994392241983
2024.07.09,600006.SH,0.04590810626338636
2024.07.09,000045.SZ,0.21159164397797045
2024.07.09,000017.SZ,0.09240692786063923
2024.07.09,600016.SH,0.12941829181268386
2024.07.09,000048.SZ,0.016499487451127958
2024.07.09,600022.SH,0.24018152862668896
2024.07.09,000033.SZ,0.0045342511751137364
2024.07.09,000009.SZ,0.09879046532830828
2024.07.09,000038.SZ,0.10258927943291526
2024.07.09,600002.SH,0.09267296682298835
2024.07.09,000013.SZ,0.2009040123293828
2024.07.09,000002.SZ,0.16561329223440957
2024.07.09,000043.SZ,0.0922186531117363
2024.07.09,000023.SZ,0.04066964986535203
2024.07.09,600030.SH,0.015881494348154633
2024.07.09,600047.SH,0.009220125574043512
2024.07.09,000024.SZ,0.08728579988803703
2024.07.09,000001.SZ,0.009006192087460082
2024.07.09,600017.SH,0.24143461793071785
2024.07.09,600023.SH,0.06900367232426775
2024.07.09,000015.SZ,0.17251705754895552
2024.07.09,600019.SH,0.4428945753139451
2024.07.09,600028.SH,0.12464500211545307
2024.07.09,600043.SH,0.05813295661611941
2024.07.09,000049.SZ,0.036092293711043624
2024.07.09,600014.SH,0.15414358353330165
2024.07.09,600029.SH,0.16551594350981913
2024.07.09,600048.SH,0.029244021793213847
2024.07.09,600036.SH,0.010966172405988052
2024.07.09,000050.SZ,0.14163515922921235
2024.07.09,000020.SZ,0.042666670634375854
2024.07.09,000022.SZ,0.07656955151412055
2024.07.09,600013.SH,0.14146994434022028
2024.07.09,000010.SZ,0.14959693990223674
2024.07.09,600041.SH,0.23573534391783205
2024.07.09,600035.SH,0.455861489476795
2024.07.09,600031.SH,0.12481404707968094
2024.07.09,000039.SZ,0.0475931373710789
2024.07.09,600045.SH,0.5539642740851597
2024.07.09,600012.SH,0.022065224401406836
2024.07.09,600024.SH,0.0019172390252929013
2024.07.09,000026.SZ,0.12421247223669213
2024.07.09,000041.SZ,0.08580467964892569
2024.07.09,600021.SH,0.13402345779982663
2024.07.09,000016.SZ,0.10738090388085572
2024.07.09,600025.SH,0.006144923248799685
2024.07.09,600032.SH,0.06262228924731586
2024.07.09,000014.SZ,0.26064678226153787
2024.07.09,000029.SZ,0.04022016986354248
2024.07.09,000012.SZ,0.2718128503326716
2024.07.09,600001.SH,0.1037983429249388
2024.07.09,600040.SH,0.052169703817764354
2024.07.09,600033.SH,0.07058579896331306
2024.07.09,600010.SH,0.037781376870865344
2024.07.09,000037.SZ,0.1264075125992492
2024.07.09,600042.SH,0.053116696489864244
2024.07.09,600038.SH,0.22921189311066328
2024.07.09,000018.SZ,0.01838126968552903
2024.07.09,000036.SZ,0.14056787342344687
2024.07.09,000025.SZ,0.0728597195966376
2024.07.09,600046.SH,0.06814306185513566
2024.07.09,000030.SZ,0.18523933019179817
2024.07.09,000027.SZ,0.01836396815806041
2024.07.09,000035.SZ,0.14150684785493045
2024.07.09,600037.SH,0.20430216692228237
2024.07.09,600027.SH,0.10832223719344143
2024.07.09,600008.SH,0.027744420237865653
2024.07.09,600026.SH,0.12059826363809104
2024.07.09,000031.SZ,0.1731209186493166
2024.07.09,000003.SZ,0.01302578586916194
2024.07.09,600009.SH,0.0266732517814091
2024.07.09,600000.SH,0.13269631889259514
2024.07.09,600015.SH,0.12318391278315065
2024.07.09,000044.SZ,0.13949972544787978
2024.07.09,000034.SZ,0.004756154628599776
2024.07.10,600013.SH,0.30136734229519285
2024.07.10,000044.SZ,0.027229779318717798
2024.07.10,000013.SZ,0.13489912954640415
2024.07.10,600045.SH,0.03533505560423851
2024.07.10,000035.SZ,0.043151912620046605
2024.07.10,000047.SZ,0.1284329302569049
2024.07.10,600044.SH,0.005842922605475172
2024.07.10,600018.SH,0.37521299623421434
2024.07.10,600019.SH,0.2365030497852789
2024.07.10,000046.SZ,0.17518658323280645
2024.07.10,000010.SZ,0.005488967688154394
2024.07.10,000030.SZ,0.08410178722149986
2024.07.10,000016.SZ,0.032162864450231414
2024.07.10,000027.SZ,0.07729103408446686
2024.07.10,000003.SZ,0.04607401188436875
2024.07.10,600048.SH,0.23717070418148925
2024.07.10,000028.SZ,0.23888628703600215
2024.07.10,600010.SH,0.14361003333718678
2024.07.10,600043.SH,0.05313976398236362
2024.07.10,600003.SH,0.13410296684285303
2024.07.10,600029.SH,0.11115103536639426
2024.07.10,600032.SH,0.03811168584404099
2024.07.10,600047.SH,0.031725597907099994
2024.07.10,600017.SH,0.11044429869594351
2024.07.10,600028.SH,0.03710344327779428
2024.07.10,000001.SZ,0.09293044099172561
2024.07.10,600040.SH,0.3890796478736976
2024.07.10,600004.SH,0.13644001833278283
2024.07.10,600024.SH,0.07673047073934922
2024.07.10,600034.SH,0.318439506937635
2024.07.10,600012.SH,0.1991509893462634
2024.07.10,000040.SZ,0.007638561875433769
2024.07.10,000006.SZ,0.0014214658237172058
2024.07.10,000009.SZ,0.42101118000779353
2024.07.10,600015.SH,0.07266359247760704
2024.07.10,600002.SH,0.2033054913361123
2024.07.10,000024.SZ,0.010917426721501845
2024.07.10,600031.SH,0.031035136628748055
2024.07.10,600023.SH,0.02190452558218321
2024.07.10,000011.SZ,0.07638574133534817
2024.07.10,600014.SH,0.019871852408825066
2024.07.10,600035.SH,0.03551581099247035
2024.07.10,000041.SZ,0.19047895012261687
2024.07.10,000004.SZ,0.36443967287758944
2024.07.10,000005.SZ,0.07299453903310696
2024.07.10,000019.SZ,0.06484883478690252
2024.07.10,600041.SH,0.11156836431591606
2024.07.10,600039.SH,0.15071408736360525
2024.07.10,600000.SH,0.04527527755323928
2024.07.10,000048.SZ,0.04393955014458533
2024.07.10,600005.SH,0.1800158650936187
2024.07.10,600009.SH,0.07339509575945612
2024.07.10,000031.SZ,0.13330733370536546
2024.07.10,000015.SZ,0.1527369725032458
2024.07.10,000029.SZ,0.014103770417098269
2024.07.10,600016.SH,0.2322563805870362
2024.07.10,600046.SH,0.3239705936870925
2024.07.10,600030.SH,0.056902378091380705
2024.07.10,000038.SZ,0.13136950527856123
2024.07.10,600038.SH,0.15421318151697327
2024.07.10,000020.SZ,0.1774082675959314
2024.07.10,000050.SZ,0.013839369309675286
2024.07.10,000023.SZ,0.07296366751364342
2024.07.10,600033.SH,0.262854356799801
2024.07.10,000007.SZ,0.15558539458554044
2024.07.10,600001.SH,0.0031549910678528794
2024.07.10,600022.SH,0.0016714540202669805
2024.07.10,600008.SH,0.09471581906838857
2024.07.10,600020.SH,0.08339665293819605
2024.07.10,000025.SZ,0.02104359081718737
2024.07.10,000034.SZ,0.060225877585326375
2024.07.10,000032.SZ,0.04808332098374753
2024.07.10,600006.SH,0.06492892861686507
2024.07.10,000021.SZ,0.029806284137226947
2024.07.10,600011.SH,0.10071072931132562
2024.07.10,600042.SH,0.2021561665135497
2024.07.10,000049.SZ,0.013257975356303558
2024.07.10,000039.SZ,0.04586635839927242
2024.07.10,000014.SZ,0.308797967409337
2024.07.10,600007.SH,0.0678208077074828
2024.07.10,000017.SZ,0.0463132455649656
2024.07.10,600025.SH,0.22319611899586442
2024.07.10,600037.SH,0.012534216927469373
2024.07.10,600036.SH,0.08370618771553003
2024.07.10,000002.SZ,0.2694241095683436
2024.07.10,000022.SZ,0.055904928035054126
2024.07.10,000008.SZ,0.04114906084611535
2024.07.10,000018.SZ,0.04628057746072947
2024.07.10,000043.SZ,0.045224768184017855
2024.07.10,000033.SZ,0.03609255070092871
2024.07.10,600049.SH,0.37442150382498507
2024.07.10,600027.SH,0.037117230384038434
2024.07.10,600021.SH,0.08005754327809363
2024.07.10,000037.SZ,0.17416093820207562
2024.07.10,000036.SZ,0.03537455060491506
2024.07.10,000026.SZ,0.1712945667061887
2024.07.10,000012.SZ,0.2810498725554262
2024.07.10,000045.SZ,0.07244288473220575
2024.07.11,000022.SZ,0.005370874765332449
2024.07.11,000029.SZ,0.1788315190532638
2024.07.11,600022.SH,0.254061622310809
2024.07.11,600010.SH,0.019631261866430275
2024.07.11,000050.SZ,0.054986466611028906
2024.07.11,600000.SH,0.12531359259899316
2024.07.11,600031.SH,0.04437245513229458
2024.07.11,000031.SZ,0.1539825879160006
2024.07.11,600013.SH,0.06666062596142347
2024.07.11,000014.SZ,0.03572005456943206
2024.07.11,600049.SH,0.10770277653629767
2024.07.11,600036.SH,0.7243427956684456
2024.07.11,600027.SH,0.10712396723982703
2024.07.11,600048.SH,0.14849953181979994
2024.07.11,600009.SH,0.008587218030336897
2024.07.11,000033.SZ,0.034565682152108805
2024.07.11,600025.SH,0.2683457942834715
2024.07.11,600035.SH,0.06393337855371163
2024.07.11,000044.SZ,0.024849533479287436
2024.07.11,600012.SH,0.05625054958276596
2024.07.11,600015.SH,0.005414624442875215
2024.07.11,000043.SZ,0.05055259078131684
2024.07.11,000004.SZ,0.20797395319181075
2024.07.11,000030.SZ,0.34919571602302224
2024.07.11,000005.SZ,0.126544606019111
2024.07.11,000002.SZ,0.4126224937575173
2024.07.11,000013.SZ,0.15186125062165035
2024.07.11,600006.SH,0.042026497075239734
2024.07.11,000018.SZ,0.006042666915705259
2024.07.11,600018.SH,0.11024838530424186
2024.07.11,000045.SZ,0.24770849950056942
2024.07.11,600007.SH,0.1393692379571352
2024.07.11,600033.SH,0.05474586966448079
2024.07.11,000003.SZ,0.13025415958600436
2024.07.11,000016.SZ,0.05964882634207778
2024.07.11,000025.SZ,0.07022126886173251
2024.07.11,000039.SZ,0.23182452798432124
2024.07.11,000040.SZ,0.055025763815091104
2024.07.11,600023.SH,0.0511705222023551
2024.07.11,600011.SH,0.1548782016689768
2024.07.11,000046.SZ,0.2882916826367826
2024.07.11,000008.SZ,0.0450589265868554
2024.07.11,600044.SH,0.09365929573247422
2024.07.11,600043.SH,0.16029789171245318
2024.07.11,000009.SZ,0.05649403761476776
2024.07.11,600002.SH,0.08063972597508827
2024.07.11,600030.SH,0.06502401148851635
2024.07.11,000020.SZ,0.09293845822716658
2024.07.11,600034.SH,0.33884173760017344
2024.07.11,000010.SZ,0.04449955819534536
2024.07.11,000048.SZ,0.21105642113978443
2024.07.11,600026.SH,0.13368703781389954
2024.07.11,000026.SZ,0.09759025800737152
2024.07.11,000019.SZ,0.3462386249586825
2024.07.11,600028.SH,0.2018937304321668
2024.07.11,000049.SZ,0.09983631258807915
2024.07.11,600024.SH,0.022341953209730866
2024.07.11,600021.SH,0.04581669199981719
2024.07.11,600032.SH,0.15462472919544132
2024.07.11,000047.SZ,0.09931604417651019
2024.07.11,600016.SH,0.2237628067525093
2024.07.11,600003.SH,0.42352967971781635
2024.07.11,600045.SH,0.08282499429355927
2024.07.11,000023.SZ,0.2344996977248511
2024.07.11,000011.SZ,0.009497807774169255
2024.07.11,600001.SH,0.05310273308083884
2024.07.11,000042.SZ,0.20349884685897088
2024.07.11,000012.SZ,0.015170279764361722
2024.07.11,000041.SZ,0.05959126664752143
2024.07.11,000017.SZ,0.10242926752851325
2024.07.11,600041.SH,0.5184320208762128
2024.07.11,000028.SZ,0.25811318105793074
2024.07.11,000001.SZ,0.07208572731815076
2024.07.11,600014.SH,0.07913665679926918
2024.07.11,000006.SZ,0.006597596666974772
2024.07.11,000007.SZ,0.012964866423972096
2024.07.11,600004.SH,0.462857110105681
2024.07.11,600005.SH,0.027373329472887124
2024.07.11,600042.SH,0.16357616434603733
2024.07.11,600017.SH,0.01646119807048981
2024.07.11,000015.SZ,0.024255427449193
2024.07.11,000034.SZ,0.02741109798496624
2024.07.11,000037.SZ,0.023667099929115053
2024.07.11,000032.SZ,0.02653943494699179
2024.07.11,000038.SZ,0.06479161322501797
2024.07.11,600020.SH,0.2797459418176077
2024.07.11,600047.SH,0.04274393423520671
2024.07.11,600008.SH,0.046275593839143446
2024.07.11,000024.SZ,0.02673035967156126
2024.07.11,000035.SZ,0.12082033719734693
2024.07.11,600029.SH,0.14432690953973526
2024.07.11,600038.SH,0.24552357620724657
2024.07.11,600037.SH,0.23130066134624463
2024.07.11,000027.SZ,0.27593148300090165
2024.07.11,000036.SZ,0.005579032303861286
2024.07.11,600046.SH,0.2116813379401623
2024.07.12,000011.SZ,0.049434807221215134
2024.07.12,600043.SH,0.21550562073778384
2024.07.12,000023.SZ,0.18400294623288732
2024.07.12,000034.SZ,0.07692575343775156
2024.07.12,600014.SH,0.14146893689711826
2024.07.12,000046.SZ,0.04136267432339168
2024.07.12,000005.SZ,0.233673306495912
2024.07.12,000042.SZ,0.13014778708437771
2024.07.12,000039.SZ,0.02842045782472947
2024.07.12,000016.SZ,0.12955420433012568
2024.07.12,000014.SZ,0.07337369768319091
2024.07.12,000006.SZ,0.23521049527559953
2024.07.12,600038.SH,0.07118410676188804
2024.07.12,000048.SZ,0.06925339263930178
2024.07.12,000035.SZ,0.25881369140803995
2024.07.12,000012.SZ,0.021216733089995034
2024.07.12,000043.SZ,0.17579092485335915
2024.07.12,000040.SZ,0.31073509965280205
2024.07.12,600029.SH,0.0765537219680451
2024.07.12,600024.SH,0.1460587001074455
2024.07.12,000032.SZ,0.013447953306958752
2024.07.12,000028.SZ,0.18251803745191644
2024.07.12,600009.SH,0.06779938890986702
2024.07.12,000003.SZ,0.35252718198025823
2024.07.12,000009.SZ,0.16241851123106343
2024.07.12,600022.SH,0.1260297129137846
2024.07.12,000050.SZ,0.34109079029911066
2024.07.12,600026.SH,0.10423725342734998
2024.07.12,000001.SZ,0.10049115987776756
2024.07.12,000024.SZ,0.12186148103821565
2024.07.12,000036.SZ,0.054586099168940826
2024.07.12,600004.SH,0.031313049298216995
2024.07.12,600036.SH,0.08928256966742296
2024.07.12,000033.SZ,0.06492748551524721
2024.07.12,600015.SH,0.0012827218256148609
2024.07.12,000007.SZ,0.13229583712742007
2024.07.12,600030.SH,0.021779671469561588
2024.07.12,600005.SH,0.07872546723470375
2024.07.12,600042.SH,0.2093501159024084
2024.07.12,600035.SH,0.2107419527368
2024.07.12,600011.SH,0.04516968131786854
2024.07.12,600016.SH,0.03329839427200798
2024.07.12,600020.SH,0.06424139031166969
2024.07.12,600018.SH,0.16554291800548077
2024.07.12,600023.SH,0.03042928589126209
2024.07.12,000030.SZ,0.04207124535338304
2024.07.12,600017.SH,0.0334608520648147
2024.07.12,600028.SH,0.2064151525821721
2024.07.12,600046.SH,0.011825033468359792
2024.07.12,600034.SH,0.02128695308976003
2024.07.12,600048.SH,0.11344238013499076
2024.07.12,000021.SZ,0.20851572049409317
2024.07.12,600003.SH,0.28127977097234386
2024.07.12,600027.SH,0.022296819633799255
2024.07.12,600041.SH,0.040578334689207685
2024.07.12,600032.SH,0.3856740262247369
2024.07.12,600040.SH,0.01843448689857481
2024.07.12,600039.SH,0.6047222508056352
2024.07.12,000017.SZ,0.034327052614989084
2024.07.12,000029.SZ,0.2314838253671047
2024.07.12,600047.SH,0.16937955064548252
2024.07.12,000031.SZ,0.2780390101275926
2024.07.12,600001.SH,0.05689702867734551
2024.07.12,600019.SH,0.01510266533677966
2024.07.12,600000.SH,0.31656018817192244
2024.07.12,000025.SZ,0.0031692511425534526
2024.07.12,000041.SZ,0.013804717455294617
2024.07.12,000026.SZ,0.03542180568492369
2024.07.12,000044.SZ,0.17201261444589142
2024.07.12,000013.SZ,0.059233518670178294
2024.07.12,000018.SZ,0.07654379805855774
2024.07.12,000019.SZ,0.04255923205948154
2024.07.12,600010.SH,0.06684237770838326
2024.07.12,000010.SZ,0.037416150502257314
2024.07.12,000027.SZ,0.18434597003843517
2024.07.12,600008.SH,0.6840632899421859
2024.07.12,000004.SZ,0.08323413874808364
2024.07.12,000038.SZ,0.21701807649552834
2024.07.12,000022.SZ,0.02287000689444343
2024.07.12,600012.SH,0.11016170740865142
2024.07.12,000045.SZ,0.00685085705413842
2024.07.12,600007.SH,0.004238484476527682
2024.07.12,600049.SH,0.24433956760245693
2024.07.12,000047.SZ,0.18159147967425543
2024.07.12,600033.SH,0.15649587014808078
2024.07.12,000002.SZ,0.14666271238150697
2024.07.12,600006.SH,0.08666010306005133
2024.07.12,600013.SH,0.0831666123983461
2024.07.12,600025.SH,0.01471815913070306
2024.07.12,000037.SZ,0.016169988681898572
2024.07.12,600002.SH,0.06862711104205294
2024.07.12,000049.SZ,0.2897840363703686
2024.07.12,600031.SH,0.2514530241388249
2024.07.12,600021.SH,0.05098000405278752
2024.07.12,000015.SZ,0.25197528037842937
2024.07.12,600037.SH,0.0075894629429859905
2024.07.12,600045.SH,0.3225491118633889
2024.07.12,600044.SH,0.1678944354385956
2024.07.15,600040.SH,0.0449830833439015
2024.07.15,000028.SZ,0.08298959552175056
2024.07.15,600043.SH,0.12255103503915962
2024.07.15,000016.SZ,0.048155274436533495
2024.07.15,000008.SZ,0.005280471908380026
2024.07.15,600041.SH,0.14801026168438092
2024.07.15,600010.SH,0.04243370948139803
2024.07.15,000011.SZ,0.014506726201914621
2024.07.15,000006.SZ,0.012756343372756362
2024.07.15,000027.SZ,0.20599775964228767
2024.07.15,000034.SZ,0.15080979139436218
2024.07.15,600005.SH,0.09908998462667302
2024.07.15,000007.SZ,0.2194247828789638
2024.07.15,600011.SH,0.18787910528755433
2024.07.15,000036.SZ,0.1130319939652406
2024.07.15,600047.SH,0.0255216626764518
2024.07.15,000013.SZ,0.5221156897033942
2024.07.15,000022.SZ,0.2466435996761243
2024.07.15,600030.SH,0.14983532648389858
2024.07.15,000030.SZ,0.02449439463335769
2024.07.15,000040.SZ,0.046486697819720806
2024.07.15,000046.SZ,0.004264998650918592
2024.07.15,000023.SZ,0.35389657582247824
2024.07.15,000044.SZ,0.22394833408047302
2024.07.15,000025.SZ,0.012467037729582135
2024.07.15,600017.SH,0.1669159212560138
2024.07.15,000005.SZ,0.11974365918141953
2024.07.15,600013.SH,0.039923929385309746
2024.07.15,000001.SZ,0.11343193896308834
2024.07.15,600046.SH,0.30419388981125195
2024.07.15,600022.SH,0.1081939386962796
2024.07.15,000029.SZ,0.020210639332815767
2024.07.15,600033.SH,0.24422413449053446
2024.07.15,000002.SZ,0.08259271389092371
2024.07.15,000026.SZ,0.08750065113940149
2024.07.15,000045.SZ,0.3913848445967182
2024.07.15,600004.SH,0.3310550432724721
2024.07.15,000050.SZ,0.030789848615516518
2024.07.15,600035.SH,0.011002591243163806
2024.07.15,600015.SH,0.09328575521415249
2024.07.15,000039.SZ,0.03574741422380306
2024.07.15,600018.SH,0.6552120835474323
2024.07.15,600001.SH,0.03910478406970924
2024.07.15,000020.SZ,0.07647394093397344
2024.07.15,600002.SH,0.01373747805048041
2024.07.15,000047.SZ,0.3185697154697088
2024.07.15,000017.SZ,0.0369863413072357
2024.07.15,000004.SZ,0.07283588661565547
2024.07.15,600008.SH,0.0953355249268132
2024.07.15,000024.SZ,0.06494786419377624
2024.07.15,600014.SH,0.13807011594517712
2024.07.15,600012.SH,0.019632369716055455
2024.07.15,000042.SZ,0.21372881418264547
2024.07.15,600031.SH,0.12662163920514805
2024.07.15,600028.SH,0.047708990697469256
2024.07.15,600021.SH,0.03295796321381424
2024.07.15,600026.SH,0.11734391050014675
2024.07.15,000031.SZ,0.47038417406262123
2024.07.15,600029.SH,0.0791261560484374
2024.07.15,600038.SH,0.02723730822841403
2024.07.15,000014.SZ,0.011769796396425773
2024.07.15,600025.SH,0.10533705429417048
2024.07.15,600024.SH,0.032609463229402884
2024.07.15,000021.SZ,0.2929464113814125
2024.07.15,600006.SH,0.31895721093510243
2024.07.15,000037.SZ,0.009709198621212497
2024.07.15,000049.SZ,0.08140510042627545
2024.07.15,000003.SZ,0.16004223036691154
2024.07.15,000038.SZ,0.03729297273085642
2024.07.15,600016.SH,0.07491241748393146
2024.07.15,600042.SH,0.10354910448407174
2024.07.15,000009.SZ,0.4082061885364773
2024.07.15,600020.SH,0.0653553776096647
2024.07.15,600007.SH,0.021897142619095058
2024.07.15,600039.SH,0.0016547260427174505
2024.07.15,600048.SH,0.17456004941894576
2024.07.15,000010.SZ,0.01043347173963124
2024.07.15,600009.SH,0.1195824706794504
2024.07.15,000015.SZ,0.24923677033324393
2024.07.15,600032.SH,0.049479949177215564
2024.07.15,000032.SZ,0.1512597126291407
2024.07.15,000043.SZ,0.22013757024652192
2024.07.15,600034.SH,0.12875145675287752
2024.07.15,000035.SZ,0.01885628679550017
2024.07.15,000018.SZ,0.09001440054165231
2024.07.15,600023.SH,0.347052992891989
2024.07.15,000041.SZ,0.31843954823382314
2024.07.15,000012.SZ,0.08446298421847101
2024.07.15,600027.SH,0.25963888481362124
2024.07.15,000048.SZ,0.05354656282495379
2024.07.15,600019.SH,0.1284365415735308
2024.07.15,600003.SH,0.038223621522615936
2024.07.15,000033.SZ,0.05248958320012631
2024.07.15,600044.SH,0.042929963014077824
2024.07.15,600000.SH,0.10327495591886299
2024.07.15,600037.SH,0.05329853567668918
2024.07.15,600036.SH,0.0725589176370092
2024.07.15,600049.SH,0.13146731611247625
2024.07.16,600044.SH,0.056683627279463245
2024.07.16,000016.SZ,0.034803621674191446
2024.07.16,600017.SH,0.009366919903545119
2024.07.16,000028.SZ,0.00036983326128770655
2024.07.16,000049.SZ,0.07865874923956818
2024.07.16,000024.SZ,0.13497728729653574
2024.07.16,600046.SH,0.014291358242996067
2024.07.16,600041.SH,0.09308378852916736
2024.07.16,600045.SH,0.37287370822412624
2024.07.16,600026.SH,0.05045345995611466
2024.07.16,000030.SZ,0.04254795159625002
2024.07.16,000007.SZ,0.002847420602708762
2024.07.16,600009.SH,0.08157269564811057
2024.07.16,600039.SH,0.046646999598265584
2024.07.16,600018.SH,0.007903258298906372
2024.07.16,000040.SZ,0.3598507486702209
2024.07.16,600043.SH,0.18499710970856376
2024.07.16,600049.SH,0.06088313496014598
2024.07.16,000031.SZ,0.1053051647769011
2024.07.16,600014.SH,0.28506949241395685
2024.07.16,000050.SZ,0.012306043944066149
2024.07.16,600010.SH,0.02753588345801037
2024.07.16,000045.SZ,0.16257646583885374
2024.07.16,000044.SZ,0.04982245265768978
2024.07.16,600028.SH,0.09307437330799044
2024.07.16,000032.SZ,0.08256624770491727
2024.07.16,600013.SH,0.038574105409213605
2024.07.16,600001.SH,0.017626765293266594
2024.07.16,000013.SZ,0.09393989024551018
2024.07.16,600021.SH,0.007425592040551815
2024.07.16,600029.SH,0.24746903659172648
2024.07.16,000022.SZ,0.01403548466668002
2024.07.16,000012.SZ,0.03752887538448015
2024.07.16,600031.SH,0.08630515143412229
2024.07.16,000005.SZ,0.0362166782632832
2024.07.16,000006.SZ,0.028936862587642782
2024.07.16,600038.SH,0.015678327635613405
2024.07.16,600012.SH,0.007209761577692787
2024.07.16,000021.SZ,0.008993854694600113
2024.07.16,000043.SZ,0.1546828381213486
2024.07.16,600036.SH,0.04703684527170107
2024.07.16,000036.SZ,0.11194802971322937
2024.07.16,600007.SH,0.31210897159137824
2024.07.16,600002.SH,0.23686448792567666
2024.07.16,000035.SZ,0.01737874399826286
2024.07.16,600034.SH,0.3500373278211076
2024.07.16,000004.SZ,0.11343428419376814
2024.07.16,600000.SH,0.38050264273899415
2024.07.16,000037.SZ,0.21706824005833963
2024.07.16,600020.SH,0.15094929124982542
2024.07.16,000025.SZ,0.49056236782164125
2024.07.16,000014.SZ,0.22588322533854502
2024.07.16,000018.SZ,0.026797043744343184
2024.07.16,000048.SZ,0.33664646733297304
2024.07.16,000046.SZ,0.22461460587229168
2024.07.16,000026.SZ,0.011835876384732488
2024.07.16,600025.SH,0.017335116134011445
2024.07.16,600048.SH,0.20635333480756934
2024.07.16,600024.SH,0.018855916320614063
2024.07.16,600040.SH,0.1064161812004031
2024.07.16,600035.SH,0.00790491403822402
2024.07.16,000047.SZ,0.002145419483470818
2024.07.16,000027.SZ,0.16252313770988217
2024.07.16,000017.SZ,0.07683189380336337
2024.07.16,000033.SZ,0.06562070791925154
2024.07.16,600037.SH,0.02133278942627096
2024.07.16,600016.SH,0.07155723060305078
2024.07.16,000003.SZ,0.02287905143593825
2024.07.16,000019.SZ,0.3117269157391838
2024.07.16,600027.SH,0.015483381630139244
2024.07.16,600003.SH,0.09334568844814174
2024.07.16,000011.SZ,0.12009304280172291
2024.07.16,000008.SZ,0.08310223638641946
2024.07.16,600033.SH,0.005406090521610052
2024.07.16,600008.SH,0.15255793428907607
2024.07.16,000041.SZ,0.003591063234987967
2024.07.16,600011.SH,0.2925252250430742
2024.07.16,000038.SZ,0.06205504673134508
2024.07.16,600005.SH,0.11440290566823037
2024.07.16,000023.SZ,0.05970530133450365
2024.07.16,000039.SZ,0.032814401216548536
2024.07.16,600042.SH,0.1671736075959032
2024.07.16,000020.SZ,0.05715888024230423
2024.07.16,600047.SH,0.07666511554624988
2024.07.16,000029.SZ,0.28863198504949117
2024.07.16,000009.SZ,0.017318893772645016
2024.07.16,000002.SZ,0.4643718039617998
2024.07.16,000042.SZ,0.07368127714199837
2024.07.16,600019.SH,0.03182126337352014
2024.07.16,000010.SZ,0.17658132348325145
2024.07.16,600015.SH,0.2765810825008978
2024.07.16,600004.SH,0.02508599245517382
2024.07.16,600030.SH,0.01826279064767573
2024.07.16,600023.SH,0.3923589293951894
2024.07.16,600032.SH,0.04420585583715851
2024.07.16,000034.SZ,0.1513005165766763
2024.07.16,600006.SH,0.1791845694231911
2024.07.16,000001.SZ,0.00018410296493063565
2024.07.17,000006.SZ,0.03787109027279915
2024.07.17,000031.SZ,0.05347199558946013
2024.07.17,600001.SH,0.0923582287907381
2024.07.17,000036.SZ,0.6113962552905922
2024.07.17,600010.SH,0.004726239717858254
2024.07.17,000024.SZ,0.04306080481322332
2024.07.17,000002.SZ,0.03819250806686387
2024.07.17,600015.SH,0.08271074468844228
2024.07.17,600032.SH,0.059227132534211274
2024.07.17,000041.SZ,0.08018478981121409
2024.07.17,600029.SH,0.10311059335784596
2024.07.17,600037.SH,0.1466735509711211
2024.07.17,600013.SH,0.21167880657640556
2024.07.17,000021.SZ,0.39915906995081546
2024.07.17,600006.SH,0.05965609440125274
2024.07.17,000026.SZ,0.005531336752058842
2024.07.17,600018.SH,0.07601540616409816
2024.07.17,000050.SZ,0.11874123904402814
2024.07.17,600019.SH,0.009085244850330894
2024.07.17,000011.SZ,0.009002199702675526
2024.07.17,600042.SH,0.2278331430821793
2024.07.17,000033.SZ,0.024394370213956566
2024.07.17,600007.SH,0.07656707261719584
2024.07.17,600034.SH,0.014181198534908976
2024.07.17,600028.SH,0.09577556833771879
2024.07.17,000042.SZ,0.061216483913914
2024.07.17,600035.SH,0.32617467453854737
2024.07.17,600027.SH,0.10354681988857896
2024.07.17,000038.SZ,0.1573624448478227
2024.07.17,000029.SZ,0.25201451626730587
2024.07.17,000019.SZ,0.018402677786808173
2024.07.17,600021.SH,0.06241173606656216
2024.07.17,600022.SH,0.3455452366440402
2024.07.17,600024.SH,0.14323614692091166
2024.07.17,000004.SZ,0.10258011311670444
2024.07.17,600030.SH,0.09817344884775554
2024.07.17,600002.SH,0.223993789792914
2024.07.17,600045.SH,0.033633583329145005
2024.07.17,600000.SH,0.115530594502284
2024.07.17,000013.SZ,0.187258147632998
2024.07.17,600041.SH,0.04999476166750002
2024.07.17,000032.SZ,0.22497516705562362
2024.07.17,000022.SZ,0.4080278629433598
2024.07.17,600031.SH,0.08412710430760015
2024.07.17,000034.SZ,0.02227450239414846
2024.07.17,000020.SZ,0.10629863325812734
2024.07.17,600044.SH,0.04602726712132327
2024.07.17,000012.SZ,0.1120953169458253
2024.07.17,000028.SZ,0.1689064336720589
2024.07.17,600005.SH,0.6166352020200322
2024.07.17,000023.SZ,0.012650237993743343
2024.07.17,600047.SH,0.22209285748767205
2024.07.17,600046.SH,0.1094581462429552
2024.07.17,600033.SH,0.2459045127013058
2024.07.17,600014.SH,0.1239321023981622
2024.07.17,000043.SZ,0.13966398352396256
2024.07.17,600012.SH,0.055913275463606485
2024.07.17,000016.SZ,0.177245270780645
2024.07.17,000027.SZ,0.17960123040615067
2024.07.17,000037.SZ,0.05478912968364157
2024.07.17,000007.SZ,0.14834779271528772
2024.07.17,600020.SH,0.13102210398873682
2024.07.17,600043.SH,0.1323767366020733
2024.07.17,000003.SZ,0.08010529424884623
2024.07.17,000014.SZ,0.010314396482409444
2024.07.17,000001.SZ,0.034217798086384255
2024.07.17,000048.SZ,0.45285877299505733
2024.07.17,000005.SZ,0.08156431013765647
2024.07.17,000015.SZ,0.35740740812446486
2024.07.17,000045.SZ,0.08364413523508829
2024.07.17,000030.SZ,0.11419121164285477
2024.07.17,000017.SZ,0.05990685497588768
2024.07.17,000009.SZ,0.0970022178855905
2024.07.17,000039.SZ,0.2832149614493034
2024.07.17,000044.SZ,0.13693404960847214
2024.07.17,600039.SH,0.14723407336669206
2024.07.17,600023.SH,0.18082900304601504
2024.07.17,000018.SZ,0.020572008838211583
2024.07.17,600038.SH,0.00336075985950204
2024.07.17,000025.SZ,0.11298528697845406
2024.07.17,600009.SH,0.2588857051809556
2024.07.17,600017.SH,0.038739349940130785
2024.07.17,600026.SH,0.5175619247875874
2024.07.17,600003.SH,0.04551220950074027
2024.07.17,600040.SH,0.010124077936384554
2024.07.17,600004.SH,0.02651324870683158
2024.07.17,000010.SZ,0.320564346439613
2024.07.17,000008.SZ,0.029128550100240368
2024.07.17,000046.SZ,0.003951881168757683
2024.07.17,600011.SH,0.0276193027044566
2024.07.17,600016.SH,0.03256439343527008
2024.07.17,600049.SH,0.12398523053779613
2024.07.17,000049.SZ,0.06155877294376783
2024.07.17,600025.SH,0.32738225289411643
2024.07.17,000035.SZ,0.2676466149552013
2024.07.17,600048.SH,0.07106888931211952
2024.07.17,000040.SZ,0.21001892791206417
2024.07.18,000032.SZ,0.34016510515743775
2024.07.18,600009.SH,0.07584520669756799
2024.07.18,000010.SZ,0.13225025174575192
2024.07.18,000030.SZ,0.15446999971631273
2024.07.18,000007.SZ,0.020698490932014535
2024.07.18,600015.SH,0.16888246225183173
2024.07.18,000031.SZ,0.019349379520612067
2024.07.18,600005.SH,0.06946871228669148
2024.07.18,000027.SZ,0.031381407925342414
2024.07.18,600043.SH,0.05932183566094979
2024.07.18,000001.SZ,0.1306065126682337
2024.07.18,600023.SH,0.187432755037387
2024.07.18,000041.SZ,0.040743296688021825
2024.07.18,600010.SH,0.011063230943667663
2024.07.18,000044.SZ,0.23044374750416827
2024.07.18,000037.SZ,0.0037087252225989527
2024.07.18,600000.SH,0.007603455386778075
2024.07.18,000020.SZ,0.1076441673007889
2024.07.18,600013.SH,0.08144885891224103
2024.07.18,600008.SH,0.2075727356945516
2024.07.18,600032.SH,0.0007058122714453192
2024.07.18,600030.SH,0.04989206154545948
2024.07.18,000014.SZ,0.10464743410485784
2024.07.18,600024.SH,0.03859726829185639
2024.07.18,000034.SZ,0.008443650082189447
2024.07.18,000042.SZ,0.20591108299758734
2024.07.18,000021.SZ,0.5771420428605435
2024.07.18,000008.SZ,0.11387469011484097
2024.07.18,600018.SH,0.11440478511733672
2024.07.18,000006.SZ,0.10557440043568438
2024.07.18,000012.SZ,0.061173135508417575
2024.07.18,000028.SZ,0.21839102451611675
2024.07.18,000011.SZ,0.44178541875612454
2024.07.18,600027.SH,0.08627124140387046
2024.07.18,000003.SZ,0.050380466298154326
2024.07.18,600011.SH,0.04849994293410453
2024.07.18,600026.SH,0.020088549651984453
2024.07.18,600029.SH,0.034567934927890294
2024.07.18,000013.SZ,0.030389549104799372
2024.07.18,000002.SZ,0.16378708468927472
2024.07.18,600003.SH,0.06240697068680675
2024.07.18,600031.SH,0.003919634837529382
2024.07.18,000035.SZ,0.02515808381433191
2024.07.18,000050.SZ,0.06880959956921447
2024.07.18,000025.SZ,0.040510203240840086
2024.07.18,600037.SH,0.002200279240163563
2024.07.18,600016.SH,0.1979526706492793
2024.07.18,600020.SH,0.010822757137043525
2024.07.18,600019.SH,0.29228522679391594
2024.07.18,000039.SZ,0.10005757126018375
2024.07.18,600004.SH,0.022926141574611505
2024.07.18,600045.SH,0.5667676234141226
2024.07.18,000046.SZ,0.1320885993612514
2024.07.18,600006.SH,0.28588341770364023
2024.07.18,000040.SZ,0.308891639734581
2024.07.18,000029.SZ,0.03197583501900543
2024.07.18,000005.SZ,0.05418855741702547
2024.07.18,600012.SH,0.08387134073201037
2024.07.18,600041.SH,0.19817034536980957
2024.07.18,600007.SH,0.05201523042114071
2024.07.18,000016.SZ,0.14012854304533615
2024.07.18,000026.SZ,0.04275103555489885
2024.07.18,600039.SH,0.006251314574834229
2024.07.18,000022.SZ,0.005464459837443952
2024.07.18,600044.SH,0.05367893266486507
2024.07.18,000009.SZ,0.0659002798299539
2024.07.18,600036.SH,0.13104405159086802
2024.07.18,600002.SH,0.14315486903783614
2024.07.18,600017.SH,0.017062964869481893
2024.07.18,600028.SH,0.06310131652986238
2024.07.18,000015.SZ,0.05185823927063834
2024.07.18,000043.SZ,0.005952365546026407
2024.07.18,600038.SH,0.01620042410806093
2024.07.18,600034.SH,0.415856113512468
2024.07.18,000036.SZ,0.008375208122388655
2024.07.18,000018.SZ,0.2385738517782359
2024.07.18,600048.SH,0.27241651345065326
2024.07.18,600022.SH,0.8099777529310266
2024.07.18,000004.SZ,0.00495999684054846
2024.07.18,600025.SH,0.04065030192784859
2024.07.18,600035.SH,0.0343796220884417
2024.07.18,000045.SZ,0.17063403701373447
2024.07.18,000019.SZ,0.14823860333280103
2024.07.18,000033.SZ,0.10035189613357862
2024.07.18,600021.SH,0.09376704078074888
2024.07.18,000038.SZ,0.031575981997510126
2024.07.18,000049.SZ,0.3019144666407525
2024.07.18,600047.SH,0.14508496655359018
2024.07.18,600014.SH,0.008053382983642885
2024.07.18,600046.SH,0.019944802534378872
2024.07.18,600001.SH,0.06395180186753316
2024.07.18,600049.SH,0.4653199836544621
2024.07.18,600033.SH,0.4779307985705476
2024.07.18,000023.SZ,0.028181042513159962
2024.07.18,000017.SZ,0.42080917415875635
2024.07.18,600040.SH,0.03377924110464435
2024.07.19,000040.SZ,0.15993610780256376
2024.07.19,600004.SH,0.03563801861526142
2024.07.19,600014.SH,0.07395257195616954
2024.07.19,600025.SH,0.03030045473486602
2024.07.19,000008.SZ,0.33351443246905094
2024.07.19,600003.SH,0.03298517161482752
2024.07.19,600048.SH,0.07149909908238068
2024.07.19,600033.SH,0.1533632534343125
2024.07.19,600006.SH,0.1689028464579997
2024.07.19,000046.SZ,0.24871091674178908
2024.07.19,000003.SZ,0.03239016890095492
2024.07.19,600049.SH,0.06404544542541044
2024.07.19,000048.SZ,0.07175751356566375
2024.07.19,600032.SH,0.2348833074967719
2024.07.19,000032.SZ,0.2208332800369882
2024.07.19,000013.SZ,0.07375791274934458
2024.07.19,000025.SZ,0.050458811358569194
2024.07.19,600045.SH,0.1558759909580892
2024.07.19,600020.SH,0.4585267747323
2024.07.19,600038.SH,0.20973520361871037
2024.07.19,000023.SZ,0.046207692842853976
2024.07.19,000039.SZ,0.06894641260711595
2024.07.19,600040.SH,0.0851265293176252
2024.07.19,600027.SH,0.07879107881941219
2024.07.19,600031.SH,0.040313424877531666
2024.07.19,000044.SZ,0.03590178404560597
2024.07.19,000035.SZ,0.23892362679106144
2024.07.19,600047.SH,0.19187908378448212
2024.07.19,600002.SH,0.47648636802218614
2024.07.19,600039.SH,0.15734259888160318
2024.07.19,600012.SH,0.1567383131166398
2024.07.19,000011.SZ,0.20424297878543135
2024.07.19,000014.SZ,0.5113109973779085
2024.07.19,000015.SZ,0.03941632592043392
2024.07.19,000002.SZ,0.036965247100156876
2024.07.19,600005.SH,0.0035104608073638836
2024.07.19,600018.SH,0.21445660600487013
2024.07.19,000047.SZ,0.17476129753226405
2024.07.19,000031.SZ,0.2912385527203039
2024.07.19,600021.SH,0.04770629873276365
2024.07.19,600026.SH,0.13182886725361304
2024.07.19,000026.SZ,0.22831082008605685
2024.07.19,000021.SZ,0.0073271395927623825
2024.07.19,000012.SZ,0.038243313791811936
2024.07.19,000045.SZ,0.19471279437926103
2024.07.19,000042.SZ,0.07363317879330634
2024.07.19,600011.SH,0.20029325728944433
2024.07.19,000020.SZ,0.1949932240368366
2024.07.19,600008.SH,0.08881285674375529
2024.07.19,000004.SZ,0.10727697118723489
2024.07.19,000001.SZ,0.0824313524588237
2024.07.19,000007.SZ,0.5358829891058853
2024.07.19,000028.SZ,0.03541617825513121
2024.07.19,000009.SZ,0.10136991393678321
2024.07.19,000010.SZ,0.21573169017858215
2024.07.19,600029.SH,0.04149040185579371
2024.07.19,000019.SZ,0.08045624884013848
2024.07.19,600019.SH,0.006995535618292888
2024.07.19,000037.SZ,0.11955542538397189
2024.07.19,000050.SZ,0.1458712387110997
2024.07.19,600046.SH,0.13829829733927473
2024.07.19,600023.SH,0.021753788596896213
2024.07.19,000036.SZ,0.03017858117483872
2024.07.19,000033.SZ,0.056234417753915654
2024.07.19,000043.SZ,0.16225543401889012
2024.07.19,600001.SH,0.17590375678983777
2024.07.19,000029.SZ,0.12799207229757273
2024.07.19,000005.SZ,0.18748149037653
2024.07.19,000017.SZ,0.18211049247739183
2024.07.19,000016.SZ,0.07782992221102812
2024.07.19,000027.SZ,0.0958054579771604
2024.07.19,600041.SH,0.11111364130453227
2024.07.19,600009.SH,0.04570830052712249
2024.07.19,000034.SZ,0.0037502423261219203
2024.07.19,600037.SH,0.012524317569386604
2024.07.19,600010.SH,0.11421964975916414
2024.07.19,600043.SH,0.41962367654930105
2024.07.19,600007.SH,0.1854898944523145
2024.07.19,600030.SH,0.5524331967708261
2024.07.19,000041.SZ,0.32718128448366735
2024.07.19,600035.SH,0.14392436076958093
2024.07.19,600042.SH,0.19478840556955915
2024.07.19,000022.SZ,0.00036549559709621034
2024.07.19,600016.SH,0.10957405646132873
2024.07.19,600034.SH,0.08719015371552373
2024.07.19,600024.SH,0.07292337588666159
2024.07.19,600044.SH,0.19206961308378281
2024.07.19,000006.SZ,0.04727874649757803
2024.07.19,000024.SZ,0.08109810060139369
2024.07.19,000038.SZ,0.08883703017628294
2024.07.19,600028.SH,0.020055821223793027
2024.07.19,600017.SH,0.04090141411877051
2024.07.19,000049.SZ,0.07880625474861631
2024.07.19,000030.SZ,0.04249831402500861
2024.07.19,600022.SH,0.07707246554424764
2024.07.19,600036.SH,0.022642801178586525
2024.07.22,600037.SH,0.4328351273836163
2024.07.22,600024.SH,0.3230935220239219
2024.07.22,600001.SH,0.08539697733569715
2024.07.22,600035.SH,0.0597712199868727
2024.07.22,600018.SH,0.10675579412100739
2024.07.22,000034.SZ,0.10923003447713482
2024.07.22,000038.SZ,0.049371028406762475
2024.07.22,600046.SH,0.07986817670760521
2024.07.22,600041.SH,0.42619135947002823
2024.07.22,600017.SH,0.004043915138540299
2024.07.22,000039.SZ,0.17623070681683461
2024.07.22,000030.SZ,0.016524293052339788
2024.07.22,600004.SH,0.20013739601719338
2024.07.22,000023.SZ,0.256038101175026
2024.07.22,000005.SZ,0.17969888404773024
2024.07.22,600038.SH,0.07272663252473524
2024.07.22,600034.SH,0.12708339158414317
2024.07.22,000011.SZ,0.031386457424202256
2024.07.22,000024.SZ,0.06990575088997657
2024.07.22,000044.SZ,0.1758910620793613
2024.07.22,000008.SZ,0.31663198150593064
2024.07.22,600028.SH,0.17458083245609357
2024.07.22,600003.SH,0.05174687088646262
2024.07.22,000042.SZ,0.039522602275816575
2024.07.22,000010.SZ,0.2397505010423476
2024.07.22,600025.SH,0.0022967553676793012
2024.07.22,600023.SH,0.1825857042987316
2024.07.22,000019.SZ,0.7009749164453155
2024.07.22,600030.SH,0.025568728457185778
2024.07.22,600013.SH,0.04671277232324014
2024.07.22,000004.SZ,0.12599045648691923
2024.07.22,600014.SH,0.048634790782921385
2024.07.22,600048.SH,0.014501716205132084
2024.07.22,600039.SH,0.011599501497790186
2024.07.22,600005.SH,0.03593595699697169
2024.07.22,600045.SH,0.03662096175828661
2024.07.22,600044.SH,0.03058700147723836
2024.07.22,000002.SZ,6.438779990041922e-05
2024.07.22,000025.SZ,0.13708437559727582
2024.07.22,000027.SZ,0.06425430823662011
2024.07.22,600009.SH,0.04163063166209185
2024.07.22,000029.SZ,0.011331307500506368
2024.07.22,000001.SZ,0.12202922775843605
2024.07.22,000032.SZ,0.03807827579763726
2024.07.22,600029.SH,0.05569528677805834
2024.07.22,000048.SZ,0.24019491586007058
2024.07.22,600020.SH,0.0494710901605981
2024.07.22,000040.SZ,0.00977144535658137
2024.07.22,600027.SH,0.07450383649050044
2024.07.22,000043.SZ,0.06967063164105208
2024.07.22,000021.SZ,0.03785305036344947
2024.07.22,600049.SH,0.0011899239537220825
2024.07.22,000046.SZ,0.08724350424773493
2024.07.22,600043.SH,0.30312694418403135
2024.07.22,000007.SZ,0.027751545123215128
2024.07.22,000020.SZ,0.002398637954471345
2024.07.22,000022.SZ,0.15983452742489263
2024.07.22,600010.SH,0.03670606843467728
2024.07.22,000014.SZ,0.08034365103581448
2024.07.22,000006.SZ,0.2585676072002922
2024.07.22,000012.SZ,0.08864208961717317
2024.07.22,600047.SH,0.09143675549776938
2024.07.22,000003.SZ,0.04530306961524276
2024.07.22,000018.SZ,0.042157629432249474
2024.07.22,000041.SZ,0.061056063968443874
2024.07.22,600012.SH,0.06917259580086635
2024.07.22,600000.SH,0.04186783281788011
2024.07.22,000015.SZ,0.1495836101442974
2024.07.22,000028.SZ,0.17231061863470287
2024.07.22,000035.SZ,0.008939467951817767
2024.07.22,000045.SZ,0.054270192827962034
2024.07.22,600036.SH,0.0826993398546659
2024.07.22,000037.SZ,0.07891707390390577
2024.07.22,600016.SH,0.23093798404198598
2024.07.22,600033.SH,0.05211164744912605
2024.07.22,000049.SZ,0.19169068671492837
2024.07.22,600008.SH,0.023099928832450083
2024.07.22,600026.SH,0.7023916592230643
2024.07.22,600032.SH,0.06715196780985645
2024.07.22,000036.SZ,0.3259927948276956
2024.07.22,600019.SH,0.2853538437567156
2024.07.22,600021.SH,0.01964404175660655
2024.07.22,000026.SZ,0.24055611390657214
2024.07.22,600006.SH,0.17020668399342181
2024.07.22,000009.SZ,0.05066777670610294
2024.07.22,000050.SZ,0.22529389927523372
2024.07.22,600015.SH,0.190746044862812
2024.07.22,000031.SZ,0.5647098725103592
2024.07.22,000033.SZ,0.0028427225414146967
2024.07.22,600031.SH,0.1979157732243462
2024.07.22,000047.SZ,0.019985723831824027
2024.07.22,000013.SZ,0.001951078206463174
2024.07.22,600007.SH,0.25363241962621363
2024.07.22,600002.SH,0.2220413330310198
2024.07.22,000017.SZ,0.10838126576573469
2024.07.22,600042.SH,0.06558188581379702
2024.07.22,600040.SH,0.47671493966639683
2024.07.22,000016.SZ,0.1532500959801056
2024.07.23,000032.SZ,0.0362685819437257
2024.07.23,000015.SZ,0.1835070731354973
2024.07.23,600029.SH,0.010184072165102928
2024.07.23,600012.SH,0.11135601602769006
2024.07.23,600008.SH,0.07239922644526474
2024.07.23,600046.SH,0.0882099165697826
2024.07.23,000012.SZ,0.11006113573214936
2024.07.23,000043.SZ,0.2152797636181255
2024.07.23,600033.SH,0.10957199115187397
2024.07.23,600040.SH,0.18268274976346502
2024.07.23,000003.SZ,0.002959898392429461
2024.07.23,000018.SZ,0.13261360757539092
2024.07.23,600039.SH,0.05853917792696415
2024.07.23,000002.SZ,0.13947079185376182
2024.07.23,000024.SZ,0.039227819180511
2024.07.23,000007.SZ,0.15445333276720533
2024.07.23,600005.SH,0.32096321332273886
2024.07.23,000040.SZ,0.0682595424270811
2024.07.23,600047.SH,0.16324669682219906
2024.07.23,000017.SZ,0.02027708445652032
2024.07.23,000034.SZ,0.11115968289121832
2024.07.23,600016.SH,0.04844767675753382
2024.07.23,000045.SZ,0.04977750719688504
2024.07.23,600019.SH,0.01714197840579528
2024.07.23,000010.SZ,0.18334842510782903
2024.07.23,000004.SZ,0.10258555286182074
2024.07.23,000019.SZ,0.2975881673513
2024.07.23,600036.SH,0.15412734406090303
2024.07.23,600015.SH,0.04818858087316553
2024.07.23,000036.SZ,0.022794804042496484
2024.07.23,000048.SZ,0.1335737234655279
2024.07.23,000050.SZ,0.17028904441991327
2024.07.23,600001.SH,0.14602361090146626
2024.07.23,600024.SH,0.1641694358385656
2024.07.23,000006.SZ,0.09485927180939896
2024.07.23,600028.SH,0.11849756305070057
2024.07.23,600041.SH,0.007948606755965813
2024.07.23,600035.SH,0.06958930175632387
2024.07.23,000037.SZ,0.12936749712451776
2024.07.23,000026.SZ,0.010451104610190628
2024.07.23,000042.SZ,0.1721268490299674
2024.07.23,600009.SH,0.2543907457000025
2024.07.23,000009.SZ,0.06615204346800439
2024.07.23,000029.SZ,0.1334341817028855
2024.07.23,600026.SH,0.02446448237183645
2024.07.23,600045.SH,0.16748301424525097
2024.07.23,000027.SZ,0.11717569489491395
2024.07.23,000025.SZ,0.06148479471180874
2024.07.23,600044.SH,0.04404361964564976
2024.07.23,600023.SH,0.022749018122109083
2024.07.23,600000.SH,0.004071942727849824
2024.07.23,600002.SH,0.10749575090399328
2024.07.23,600007.SH,0.04612046212422309
2024.07.23,600043.SH,0.19584052970844157
2024.07.23,000021.SZ,0.10816080859915005
2024.07.23,000016.SZ,0.001891901231212272
2024.07.23,600014.SH,0.07736222467884199
2024.07.23,000038.SZ,0.18015454237074896
2024.07.23,600025.SH,0.04070574606460245
2024.07.23,600037.SH,0.07237692512598984
2024.07.23,600022.SH,0.005539548744652783
2024.07.23,000001.SZ,0.24191432453856462
2024.07.23,000013.SZ,0.06154835027268139
2024.07.23,000033.SZ,0.03402615325914784
2024.07.23,600013.SH,0.17102648704399828
2024.07.23,600021.SH,0.019557730935066995
2024.07.23,000022.SZ,0.03314756395412951
2024.07.23,000020.SZ,0.010945258039859228
2024.07.23,600038.SH,0.46562462735994137
2024.07.23,600031.SH,0.029003448982997747
2024.07.23,600049.SH,0.04234469873541984
2024.07.23,600030.SH,0.21076397076465866
2024.07.23,000030.SZ,0.1569111443418102
2024.07.23,000047.SZ,0.2885696468368292
2024.07.23,000023.SZ,0.12308291326200371
2024.07.23,600010.SH,0.09224479454248088
2024.07.23,600003.SH,0.05663293093579327
2024.07.23,600018.SH,0.12336953498995898
2024.07.23,000028.SZ,0.006226063732058379
2024.07.23,600011.SH,0.00761311549572393
2024.07.23,600006.SH,0.022235864648161477
2024.07.23,600034.SH,0.1298433173809557
2024.07.23,000044.SZ,0.08682431573942068
2024.07.23,600032.SH,0.4880574068370705
2024.07.23,000014.SZ,0.0933625547579301
2024.07.23,000005.SZ,0.10916580054252327
2024.07.23,000049.SZ,0.11339386307110513
2024.07.23,600004.SH,0.2183307858659557
2024.07.23,000039.SZ,0.4766927530519226
2024.07.23,000035.SZ,0.07292173389074225
2024.07.23,000046.SZ,0.002048496627801005
2024.07.23,600027.SH,0.21340221306710958
2024.07.23,600048.SH,0.12064191254206995
2024.07.23,000031.SZ,0.23625006055472925
2024.07.23,600042.SH,0.17478800407869027
2024.07.23,000011.SZ,0.06493583857538436
2024.07.23,600017.SH,0.16158740056601628
2024.07.24,000039.SZ,0.23628699202193318
2024.07.24,600014.SH,0.20663603978206138
2024.07.24,600002.SH,0.11748070679907012
2024.07.24,000016.SZ,0.02077754967579532
2024.07.24,000032.SZ,0.13595252696341104
2024.07.24,000029.SZ,0.07664417069674039
2024.07.24,600024.SH,0.07628939301465779
2024.07.24,000035.SZ,0.08890231151553898
2024.07.24,000017.SZ,0.07955533937234324
2024.07.24,600010.SH,0.027550806493360308
2024.07.24,600023.SH,0.009553022158260819
2024.07.24,600028.SH,0.044265006495351124
2024.07.24,000040.SZ,0.05312994308522737
2024.07.24,600038.SH,0.03414530633147239
2024.07.24,600032.SH,0.004685687589652875
2024.07.24,000014.SZ,0.1170735017756322
2024.07.24,600049.SH,0.10668873617933612
2024.07.24,000025.SZ,0.006104249153637201
2024.07.24,000010.SZ,0.12951380330697754
2024.07.24,600037.SH,0.14680844734677923
2024.07.24,600039.SH,0.03111614202919999
2024.07.24,000026.SZ,0.02021229638050212
2024.07.24,600013.SH,0.125758617660193
2024.07.24,000022.SZ,0.12300732153213657
2024.07.24,000028.SZ,0.020083781106570414
2024.07.24,600007.SH,0.06219049776043814
2024.07.24,600006.SH,0.13070185907761214
2024.07.24,000002.SZ,0.19209312568058942
2024.07.24,600043.SH,0.05822244253276448
2024.07.24,000018.SZ,0.15002583044935777
2024.07.24,600046.SH,0.2712621277098681
2024.07.24,600022.SH,0.045979650705393255
2024.07.24,000030.SZ,0.06751312105332494
2024.07.24,000021.SZ,0.08126551266541665
2024.07.24,600033.SH,0.16368759088765933
2024.07.24,600001.SH,0.022293608480970475
2024.07.24,600047.SH,0.11652515614917258
2024.07.24,600027.SH,0.207651071980411
2024.07.24,000047.SZ,0.02255052771958463
2024.07.24,000034.SZ,0.07189688342677415
2024.07.24,600031.SH,0.05800346451802055
2024.07.24,000031.SZ,0.11057121766539023
2024.07.24,000020.SZ,0.17259168607406072
2024.07.24,600034.SH,0.022667351630049935
2024.07.24,000046.SZ,0.5559515503726625
2024.07.24,000045.SZ,0.022411224897514508
2024.07.24,600004.SH,0.1451312806677559
2024.07.24,000013.SZ,0.06196443045542331
2024.07.24,000049.SZ,0.052332563654869525
2024.07.24,600016.SH,0.010020928016705106
2024.07.24,000009.SZ,0.25870716404183614
2024.07.24,000004.SZ,0.06250457005816527
2024.07.24,600044.SH,0.15401519422822277
2024.07.24,600000.SH,0.04873434187647906
2024.07.24,600036.SH,0.012052645048951906
2024.07.24,000036.SZ,0.2896083101029255
2024.07.24,600017.SH,0.050357651729024996
2024.07.24,000033.SZ,0.09616805822226195
2024.07.24,000005.SZ,0.1380622750174283
2024.07.24,000044.SZ,0.7228140624964776
2024.07.24,000008.SZ,0.1730053734290867
2024.07.24,000006.SZ,0.0739195075593317
2024.07.24,000019.SZ,0.072691199964617
2024.07.24,600045.SH,0.16850271018898877
2024.07.24,600019.SH,0.005998788744799375
2024.07.24,600005.SH,0.10745996157420115
2024.07.24,000024.SZ,0.11930804730953466
2024.07.24,600030.SH,0.037117735073316824
2024.07.24,600041.SH,0.19243557514940618
2024.07.24,600025.SH,0.28198852223305626
2024.07.24,600048.SH,0.11848352974896201
2024.07.24,600012.SH,0.018802634766255603
2024.07.24,600021.SH,0.10614253273512583
2024.07.24,000043.SZ,0.03677881723223174
2024.07.24,000011.SZ,0.35523890125367585
2024.07.24,600009.SH,0.01157927686854764
2024.07.24,000037.SZ,0.6013796159541694
2024.07.24,000003.SZ,0.009306343805828954
2024.07.24,000001.SZ,0.16897015100253437
2024.07.24,000048.SZ,0.0699213874704178
2024.07.24,600011.SH,0.16922435210753003
2024.07.24,600018.SH,0.019299361941157153
2024.07.24,600026.SH,0.19915305015990992
2024.07.24,600029.SH,0.03518548099367241
2024.07.24,000012.SZ,0.06545753403438463
2024.07.24,000050.SZ,0.15670921862212392
2024.07.24,600040.SH,0.1349064458452583
2024.07.24,600015.SH,0.08654434897893735
2024.07.24,600042.SH,0.012512093133220624
2024.07.24,000007.SZ,0.09300813540084776
2024.07.24,000027.SZ,0.22842090809464585
2024.07.24,000041.SZ,0.027777486598045242
2024.07.24,600035.SH,0.049389793109657736
2024.07.24,600003.SH,0.11257878140773754
2024.07.24,600020.SH,0.00043232310209611116
2024.07.24,000023.SZ,0.1365457580110746
2024.07.24,000042.SZ,0.289294021359928
2024.07.24,600008.SH,0.01548270648978902
2024.07.25,000022.SZ,0.001445131740504645
2024.07.25,600014.SH,0.2657131968980326
2024.07.25,600030.SH,0.17204761093293938
2024.07.25,000030.SZ,0.039605178447096316
2024.07.25,600039.SH,0.07805501097607381
2024.07.25,000044.SZ,0.1976658814726498
2024.07.25,000011.SZ,0.3105076611338031
2024.07.25,000050.SZ,0.06337655795222319
2024.07.25,000032.SZ,0.23877283536631955
2024.07.25,600045.SH,0.01663776535265422
2024.07.25,000046.SZ,0.047186801900728034
2024.07.25,000014.SZ,0.15944844580392487
2024.07.25,000021.SZ,0.16549026717938514
2024.07.25,600002.SH,0.1427272519482058
2024.07.25,600015.SH,0.7495470806347017
2024.07.25,000015.SZ,0.07682329209184816
2024.07.25,600009.SH,0.007093348684511989
2024.07.25,600017.SH,0.01523125681186983
2024.07.25,600022.SH,0.24937741389848866
2024.07.25,000008.SZ,0.23705201723793107
2024.07.25,000033.SZ,0.15060025161106638
2024.07.25,000047.SZ,0.006844762827731384
2024.07.25,600000.SH,0.21907791905897042
2024.07.25,600016.SH,0.15580346181361773
2024.07.25,000039.SZ,0.09263728319281817
2024.07.25,000018.SZ,0.22502060820101472
2024.07.25,000045.SZ,0.029194923790138296
2024.07.25,600027.SH,0.21190869511962654
2024.07.25,000003.SZ,0.06955486179526482
2024.07.25,000004.SZ,0.014621562195248303
2024.07.25,600048.SH,0.27768085702528505
2024.07.25,000019.SZ,0.09641861102649368
2024.07.25,000010.SZ,0.09529180471658234
2024.07.25,000017.SZ,0.024042741155597645
2024.07.25,600029.SH,0.08876313110510045
2024.07.25,600018.SH,0.05972967748529299
2024.07.25,600004.SH,0.12083847181600847
2024.07.25,600037.SH,0.31945360783684984
2024.07.25,600019.SH,0.06450636292348574
2024.07.25,600023.SH,0.13103145453376858
2024.07.25,000035.SZ,0.21135309550221873
2024.07.25,000012.SZ,0.029759504172615508
2024.07.25,000048.SZ,0.024096655108821127
2024.07.25,600049.SH,0.2835987492752483
2024.07.25,000042.SZ,0.832476953184534
2024.07.25,600020.SH,0.25043833893890577
2024.07.25,000049.SZ,0.14380926963116836
2024.07.25,000037.SZ,0.0007284265763421725
2024.07.25,600026.SH,0.05704072170438801
2024.07.25,600035.SH,0.016783163740513335
2024.07.25,600040.SH,0.2906974221852821
2024.07.25,600031.SH,0.15410742337585587
2024.07.25,600044.SH,0.325277607837843
2024.07.25,600024.SH,0.03190925345396528
2024.07.25,600047.SH,0.11525589472552568
2024.07.25,600010.SH,0.07083797192192039
2024.07.25,000031.SZ,0.015000924849035185
2024.07.25,600005.SH,0.10553225667736141
2024.07.25,600028.SH,0.21541197195729078
2024.07.25,000009.SZ,0.13033726098921447
2024.07.25,000041.SZ,0.327675302592683
2024.07.25,000034.SZ,0.10719137042304724
2024.07.25,000026.SZ,0.035190336138041504
2024.07.25,600012.SH,0.015942905255781972
2024.07.25,000038.SZ,0.12947644507867728
2024.07.25,600007.SH,0.03202461027961949
2024.07.25,600003.SH,0.3012347780021271
2024.07.25,000029.SZ,0.35838278290424036
2024.07.25,000023.SZ,0.15870212773219072
2024.07.25,600033.SH,0.10231283774360879
2024.07.25,600046.SH,0.0027421685944315414
2024.07.25,000013.SZ,0.0022267438986212375
2024.07.25,000028.SZ,0.2051606275141249
2024.07.25,000006.SZ,0.10940339471996671
2024.07.25,000027.SZ,0.19031045524332507
2024.07.25,000016.SZ,0.005061495476565357
2024.07.25,000040.SZ,0.02175525747433154
2024.07.25,000043.SZ,0.23320715268892261
2024.07.25,600021.SH,0.1006998772542534
2024.07.25,600038.SH,0.13290710210014178
2024.07.25,000024.SZ,0.20412635427296313
2024.07.25,600013.SH,0.043195083080306715
2024.07.25,000020.SZ,0.03621577022830493
2024.07.25,000001.SZ,0.0860962263642587
2024.07.25,600032.SH,0.0060559802330565245
2024.07.25,000007.SZ,0.44257571279186025
2024.07.25,600025.SH,0.1035171792239914
2024.07.25,600001.SH,0.006582172804777916
2024.07.25,600041.SH,0.043220707577161774
2024.07.25,600008.SH,0.15983051579662125
2024.07.25,600034.SH,0.13149253070962721
2024.07.25,600011.SH,0.10957947911297182
2024.07.25,600042.SH,0.4968094403189373
2024.07.25,000025.SZ,0.006466871808828744
2024.07.25,600043.SH,0.20757834932191485
2024.07.25,000036.SZ,0.00737292495134644
2024.07.25,000002.SZ,0.03874117605041232
2024.07.26,000023.SZ,0.04478268114981797
2024.07.26,000040.SZ,0.20367727513073974
2024.07.26,600001.SH,0.20574096097076064
2024.07.26,600043.SH,0.043276048385016634
2024.07.26,000045.SZ,0.07343249775713691
2024.07.26,000037.SZ,0.29638484861379
2024.07.26,000049.SZ,0.13019501381008244
2024.07.26,600000.SH,0.12247078992667157
2024.07.26,000018.SZ,0.01904649177995698
2024.07.26,000011.SZ,0.0849090978717398
2024.07.26,000028.SZ,0.2236432232900929
2024.07.26,600003.SH,0.021000774672073914
2024.07.26,600013.SH,0.03214048357284671
2024.07.26,000008.SZ,0.08162617814020838
2024.07.26,000006.SZ,0.06952348561338244
2024.07.26,000014.SZ,0.008325263260873784
2024.07.26,000007.SZ,0.40461348040664613
2024.07.26,600034.SH,0.02935645342760238
2024.07.26,600028.SH,0.11915402790324404
2024.07.26,600033.SH,0.10820278366664307
2024.07.26,600014.SH,0.11137050645138419
2024.07.26,000019.SZ,0.36435607458854913
2024.07.26,600021.SH,0.5081013480752592
2024.07.26,600024.SH,0.15632220744040787
2024.07.26,600010.SH,0.026449377923640594
2024.07.26,600048.SH,0.19643105332739455
2024.07.26,000013.SZ,0.029336107522715656
2024.07.26,000042.SZ,0.08780300156443573
2024.07.26,000024.SZ,0.050278266888274685
2024.07.26,000016.SZ,0.012708961010462953
2024.07.26,000047.SZ,0.05901771735290341
2024.07.26,600016.SH,0.014898398351100193
2024.07.26,000027.SZ,0.000673750075081528
2024.07.26,000022.SZ,0.009441023368097474
2024.07.26,600032.SH,0.09087900235096405
2024.07.26,600027.SH,0.05941558885854216
2024.07.26,000004.SZ,0.027726939824883442
2024.07.26,000031.SZ,0.288166151902231
2024.07.26,000039.SZ,0.008019926334340503
2024.07.26,000012.SZ,0.29612391784678715
2024.07.26,600004.SH,0.30333325464367406
2024.07.26,600047.SH,0.07299783243470113
2024.07.26,000033.SZ,0.005202115830540683
2024.07.26,000030.SZ,0.3110373168138309
2024.07.26,600041.SH,0.279138929603145
2024.07.26,600005.SH,0.03722119384931216
2024.07.26,600046.SH,0.03273872766232904
2024.07.26,600011.SH,0.06803943416541068
2024.07.26,000026.SZ,0.005958326554685092
2024.07.26,600030.SH,0.020729745899923734
2024.07.26,000044.SZ,0.36048318626351306
2024.07.26,000046.SZ,0.06981316634021383
2024.07.26,600020.SH,0.11168765006494713
2024.07.26,000015.SZ,0.06991903052773886
2024.07.26,600037.SH,0.009966966261699784
2024.07.26,600036.SH,0.07420926370351114
2024.07.26,600015.SH,0.010771515907237779
2024.07.26,600049.SH,0.13621148525384638
2024.07.26,000003.SZ,0.5022711286293584
2024.07.26,000050.SZ,0.04813362405239796
2024.07.26,000035.SZ,0.020534843024681036
2024.07.26,000029.SZ,0.10900706724582272
2024.07.26,000036.SZ,0.2987097293188416
2024.07.26,600044.SH,0.05215282238468827
2024.07.26,000005.SZ,0.29023152469641444
2024.07.26,600012.SH,0.006089457246637454
2024.07.26,000041.SZ,0.6162183544053842
2024.07.26,600038.SH,0.07312986381697896
2024.07.26,600008.SH,0.132334960749349
2024.07.26,600045.SH,0.18018592188901303
2024.07.26,600023.SH,0.04977402397119738
2024.07.26,000043.SZ,0.10394624263442125
2024.07.26,600017.SH,0.16336443505577727
2024.07.26,600006.SH,0.09962214612893636
2024.07.26,600009.SH,0.13990797060321478
2024.07.26,000025.SZ,0.061991629664845824
2024.07.26,600025.SH,0.09490149855890354
2024.07.26,000017.SZ,0.03565240649428171
2024.07.26,600040.SH,0.02091647171661542
2024.07.26,000002.SZ,0.3857248500286991
2024.07.26,000038.SZ,0.23958785219999057
2024.07.26,000010.SZ,0.39448819842037175
2024.07.26,600002.SH,0.008244480120111447
2024.07.26,600026.SH,0.4785514044579507
2024.07.26,600007.SH,0.0672024273360124
2024.07.26,000048.SZ,0.4565009994199167
2024.07.26,000001.SZ,0.03809569884395949
2024.07.26,600018.SH,0.0031248975495969072
2024.07.26,000032.SZ,0.10204861864167562
2024.07.26,600039.SH,0.2562993985479785
2024.07.26,600035.SH,0.11116843830590163
2024.07.26,000034.SZ,0.022551718162913906
2024.07.26,000021.SZ,0.0319373122343637
2024.07.26,000020.SZ,0.022300898486922238
2024.07.26,000009.SZ,0.22551461288776242
2024.07.26,600042.SH,0.10695032326185508
2024.07.29,600039.SH,0.11265857960854485
2024.07.29,600000.SH,0.39009307314891145
2024.07.29,000016.SZ,0.023945290919618143
2024.07.29,000033.SZ,0.083004425118526
2024.07.29,600020.SH,0.052357341370548795
2024.07.29,000034.SZ,0.05002788533220847
2024.07.29,000026.SZ,0.13635164849628745
2024.07.29,000019.SZ,0.5942780864930178
2024.07.29,000002.SZ,0.1045873784255593
2024.07.29,000004.SZ,0.19013028156335146
2024.07.29,600005.SH,0.03800309556402795
2024.07.29,600031.SH,0.04034286630534821
2024.07.29,000014.SZ,0.008719809704567967
2024.07.29,000043.SZ,0.05625426207804962
2024.07.29,000009.SZ,0.674310700002996
2024.07.29,000046.SZ,0.25675543234781556
2024.07.29,600047.SH,0.1516516030718485
2024.07.29,600006.SH,0.020299660736141246
2024.07.29,000024.SZ,0.08830863698317869
2024.07.29,600049.SH,0.19424887755146533
2024.07.29,000011.SZ,0.09161292353670018
2024.07.29,000010.SZ,0.05511777671898557
2024.07.29,600033.SH,0.192301797660814
2024.07.29,000030.SZ,0.23963582265437647
2024.07.29,000023.SZ,0.09519847049383412
2024.07.29,000021.SZ,0.021513945376982382
2024.07.29,000048.SZ,0.23525487197740955
2024.07.29,600028.SH,0.06978195833730026
2024.07.29,000017.SZ,0.15693795221800577
2024.07.29,600019.SH,0.20582289180701235
2024.07.29,000037.SZ,0.04435641786008834
2024.07.29,600037.SH,0.08952503523788967
2024.07.29,000018.SZ,0.014794763366653032
2024.07.29,000006.SZ,0.10171488121331732
2024.07.29,600018.SH,0.06930330366893231
2024.07.29,000040.SZ,0.3049047589028107
2024.07.29,000001.SZ,0.48315701845019404
2024.07.29,000038.SZ,0.034679022119869375
2024.07.29,000020.SZ,0.10664242714530947
2024.07.29,000045.SZ,0.22650178466207962
2024.07.29,000029.SZ,0.08088988942571453
2024.07.29,000035.SZ,0.3908662532921361
2024.07.29,000050.SZ,0.19718884938331976
2024.07.29,600043.SH,0.06646313962984762
2024.07.29,600030.SH,0.08859572049983329
2024.07.29,000041.SZ,0.03136118924408211
2024.07.29,000007.SZ,0.0029943160704472118
2024.07.29,600034.SH,0.053222553279177055
2024.07.29,600048.SH,0.20422180571422238
2024.07.29,600027.SH,0.06028038272100696
2024.07.29,000003.SZ,0.08750967229204025
2024.07.29,000027.SZ,0.02354073482134309
2024.07.29,600026.SH,0.007820822161238616
2024.07.29,000031.SZ,0.2079529271615452
2024.07.29,000036.SZ,0.057679249768330165
2024.07.29,000005.SZ,0.05567140660486331
2024.07.29,600016.SH,0.025434331196168128
2024.07.29,600036.SH,0.003972186409053668
2024.07.29,600023.SH,0.09299760839170874
2024.07.29,000008.SZ,0.26493617660368957
2024.07.29,600042.SH,0.1073190167636493
2024.07.29,000047.SZ,0.1833123941651288
2024.07.29,600032.SH,0.2108875099462555
2024.07.29,000025.SZ,0.037400808879330914
2024.07.29,600021.SH,0.1065163928986113
2024.07.29,600045.SH,0.06949505402261978
2024.07.29,600004.SH,0.25778479725879533
2024.07.29,000049.SZ,0.28782463618156384
2024.07.29,600001.SH,0.18592734390269802
2024.07.29,600007.SH,0.33442747847833465
2024.07.29,000039.SZ,0.0589801348564625
2024.07.29,600009.SH,0.0978042027614019
2024.07.29,000012.SZ,0.05520679591389339
2024.07.29,600013.SH,0.2094143115802976
2024.07.29,600046.SH,0.0034649326273779946
2024.07.29,000032.SZ,0.020084148194103695
2024.07.29,600002.SH,0.14573401522443696
2024.07.29,600003.SH,0.036140128208087006
2024.07.29,600015.SH,0.019232805023160576
2024.07.29,600012.SH,0.36851113896439064
2024.07.29,000015.SZ,0.12207010308355976
2024.07.29,000013.SZ,0.00061066422355841
2024.07.29,000044.SZ,0.2331839711044991
2024.07.29,600041.SH,0.13667105881965297
2024.07.29,000022.SZ,0.012459038003005947
2024.07.29,600040.SH,0.15332366928232163
2024.07.29,600014.SH,0.05125571070791244
2024.07.29,600044.SH,0.10225946515757375
2024.07.29,600022.SH,0.13800917209350733
2024.07.29,600025.SH,0.03343238370835444
2024.07.29,600011.SH,0.16976829512543692
2024.07.29,600029.SH,0.040656950050008946
2024.07.29,600008.SH,0.12701170699667333
2024.07.29,600024.SH,0.15650881200726904
2024.07.29,600035.SH,0.020900882969232634
2024.07.29,000042.SZ,0.0674765966371719
2024.07.29,600038.SH,0.002426090568412973
2024.07.29,000028.SZ,0.1249413512518865
2024.07.30,000014.SZ,0.29994448721878836
2024.07.30,000020.SZ,0.05418403129070526
2024.07.30,600023.SH,0.09384014349787068
2024.07.30,600025.SH,0.05215207812383501
2024.07.30,000049.SZ,0.006685881177427961
2024.07.30,000045.SZ,0.07073822962939375
2024.07.30,000017.SZ,0.05321645337652751
2024.07.30,000015.SZ,0.512559626834854
2024.07.30,600017.SH,0.16157064771728935
2024.07.30,000036.SZ,0.018472449107921503
2024.07.30,600011.SH,0.01219449221079788
2024.07.30,000046.SZ,0.03104437828743325
2024.07.30,000004.SZ,0.11675103187893583
2024.07.30,000019.SZ,0.0138314547273166
2024.07.30,600014.SH,0.055791033535595266
2024.07.30,000050.SZ,0.04704441574845109
2024.07.30,600016.SH,0.054317703434861725
2024.07.30,000038.SZ,0.029711548582689352
2024.07.30,600021.SH,0.024549959158027164
2024.07.30,600033.SH,0.06431813555736565
2024.07.30,000034.SZ,0.0010900143736327379
2024.07.30,000033.SZ,0.14744391767119883
2024.07.30,600032.SH,0.02990711033605295
2024.07.30,600006.SH,0.04953729152071579
2024.07.30,600022.SH,0.10809691320105777
2024.07.30,000039.SZ,0.02244711022101626
2024.07.30,000001.SZ,0.11277905286339672
2024.07.30,600036.SH,0.020104472168241214
2024.07.30,600007.SH,0.3889835754797282
2024.07.30,600005.SH,0.1019205963030021
2024.07.30,000024.SZ,0.14660058821903998
2024.07.30,000007.SZ,0.1351732879966293
2024.07.30,600000.SH,0.09193966952236245
2024.07.30,600031.SH,0.19792245411962578
2024.07.30,600003.SH,0.0012416363783739684
2024.07.30,000047.SZ,0.11893978386708892
2024.07.30,000041.SZ,0.25086982723657414
2024.07.30,600018.SH,0.2654399246557676
2024.07.30,000002.SZ,0.12084153387792847
2024.07.30,600008.SH,0.04784226991451484
2024.07.30,600020.SH,0.06113879496961491
2024.07.30,000006.SZ,0.05244436391609233
2024.07.30,000042.SZ,0.19043543406899566
2024.07.30,000032.SZ,0.014707446252914508
2024.07.30,000044.SZ,0.18173271826857032
2024.07.30,000022.SZ,0.04470689702974282
2024.07.30,600034.SH,0.09480923375713267
2024.07.30,600024.SH,0.04435436716950177
2024.07.30,000037.SZ,0.15585639543505553
2024.07.30,600010.SH,0.2608308247107018
2024.07.30,000025.SZ,0.08771188233096847
2024.07.30,600040.SH,0.2065842328310321
2024.07.30,000005.SZ,0.047800814525877734
2024.07.30,600027.SH,0.06810884422018797
2024.07.30,600042.SH,0.07337058654707969
2024.07.30,000028.SZ,0.06310555086927344
2024.07.30,000016.SZ,0.1459869995292675
2024.07.30,000031.SZ,0.15056197270735622
2024.07.30,600039.SH,0.10278761904506968
2024.07.30,600035.SH,0.28966114003053445
2024.07.30,600009.SH,0.20685377171083608
2024.07.30,600044.SH,0.012629346220548182
2024.07.30,000043.SZ,0.1796848435764411
2024.07.30,600029.SH,0.06846493688580117
2024.07.30,000040.SZ,0.2375406390126753
2024.07.30,000021.SZ,0.000652637207842641
2024.07.30,600001.SH,0.02803018931422456
2024.07.30,600026.SH,0.12596764336011385
2024.07.30,000013.SZ,0.09758375492455681
2024.07.30,600028.SH,0.1415308538004985
2024.07.30,600046.SH,0.08180338105515673
2024.07.30,600004.SH,0.22951790298324537
2024.07.30,600037.SH,0.010496648365688935
2024.07.30,600030.SH,0.2923905571388133
2024.07.30,600047.SH,0.3173202051663851
2024.07.30,000008.SZ,0.068430009669107
2024.07.30,600043.SH,0.03625881369523981
2024.07.30,000029.SZ,0.4827177823068688
2024.07.30,600048.SH,0.10237903538652526
2024.07.30,600045.SH,0.25852742980098053
2024.07.30,000012.SZ,0.015406314263680153
2024.07.30,600049.SH,0.009566508249194153
2024.07.30,600019.SH,0.014975265574241836
2024.07.30,600013.SH,0.3917425697150358
2024.07.30,000003.SZ,0.2646816347317497
2024.07.30,600038.SH,0.24041565788257543
2024.07.30,600012.SH,0.13562647218613605
2024.07.30,600041.SH,0.053746861782287714
2024.07.30,000018.SZ,0.12169718213536881
2024.07.30,000009.SZ,0.08338947308705547
2024.07.30,600002.SH,0.23804869495837447
2024.07.30,000048.SZ,0.033162979597536876
2024.07.30,000010.SZ,0.05377300572963007
2024.07.30,600015.SH,0.04043190229560621
2024.07.30,000023.SZ,0.04557854769414472
2024.07.30,000035.SZ,0.0004474669484978027
2024.07.30,000027.SZ,0.04055507445145851
2024.07.30,000011.SZ,0.06812101399439381
2024.07.31,000022.SZ,0.02771656935613367
2024.07.31,600037.SH,0.002117399508534488
2024.07.31,600010.SH,0.1095248961873946
2024.07.31,000037.SZ,0.3792968476742823
2024.07.31,600045.SH,0.06300003910024354
2024.07.31,000031.SZ,0.10971133347373559
2024.07.31,600025.SH,0.09094231847733378
2024.07.31,000042.SZ,0.009517570164329432
2024.07.31,600047.SH,0.061834782627453774
2024.07.31,600002.SH,0.08192935067563208
2024.07.31,600032.SH,0.2002448444216117
2024.07.31,000004.SZ,0.10979852001278435
2024.07.31,600016.SH,0.11172507667947168
2024.07.31,000030.SZ,0.1653542532494091
2024.07.31,000024.SZ,0.12501000900266146
2024.07.31,000014.SZ,0.01286876266699902
2024.07.31,600020.SH,0.0858313691721328
2024.07.31,600041.SH,0.019848804362667165
2024.07.31,600018.SH,0.017420627431961242
2024.07.31,000018.SZ,0.11619387695158602
2024.07.31,000016.SZ,0.005226431907786848
2024.07.31,000005.SZ,0.02948825129994119
2024.07.31,000025.SZ,0.08668658366878901
2024.07.31,000043.SZ,0.02701947655995146
2024.07.31,000006.SZ,0.2553855074566055
2024.07.31,000003.SZ,0.04241073804663976
2024.07.31,000001.SZ,0.10453972563958946
2024.07.31,000010.SZ,0.21084650422452272
2024.07.31,600027.SH,0.06199636570179929
2024.07.31,600036.SH,0.26419730482824455
2024.07.31,600014.SH,0.04889411981433395
2024.07.31,600012.SH,0.013336599484654736
2024.07.31,000011.SZ,0.036809489339730404
2024.07.31,000028.SZ,0.035487421400634656
2024.07.31,000049.SZ,0.013305590153915393
2024.07.31,600023.SH,0.17402087598400612
2024.07.31,000019.SZ,0.059201175219844124
2024.07.31,000044.SZ,0.08736806929656941
2024.07.31,000047.SZ,0.11437107150074591
2024.07.31,600011.SH,0.11952926595944678
2024.07.31,600019.SH,0.2488546969887502
2024.07.31,600021.SH,0.24906902299790018
2024.07.31,600007.SH,0.2750005625451968
2024.07.31,000046.SZ,0.05348458776751803
2024.07.31,000017.SZ,0.12395808019753733
2024.07.31,600000.SH,0.27231218619851205
2024.07.31,000020.SZ,0.224941310804505
2024.07.31,000013.SZ,0.32556029222125726
2024.07.31,000032.SZ,0.3491345931404019
2024.07.31,000045.SZ,0.1563200845048627
2024.07.31,600031.SH,0.349076285989827
2024.07.31,000039.SZ,0.08205209313672383
2024.07.31,600009.SH,0.007005142939140748
2024.07.31,600043.SH,0.022159935591828894
2024.07.31,600049.SH,0.07294681494407161
2024.07.31,600038.SH,0.004159952204209724
2024.07.31,000029.SZ,0.02616379098909862
2024.07.31,000033.SZ,0.05617521568503716
2024.07.31,000026.SZ,0.1715150341572464
2024.07.31,000021.SZ,0.06060902533600773
2024.07.31,000050.SZ,0.07956893995317552
2024.07.31,600004.SH,0.3162891193882333
2024.07.31,600040.SH,0.21776849648779376
2024.07.31,600034.SH,0.11432586364330538
2024.07.31,000015.SZ,0.2609999077064502
2024.07.31,600030.SH,0.15996286903380902
2024.07.31,600008.SH,0.0046159131738346066
2024.07.31,000048.SZ,0.3287393930727657
2024.07.31,000023.SZ,0.038590105034123835
2024.07.31,600035.SH,0.09896119928616923
2024.07.31,600003.SH,0.1812598556339017
2024.07.31,600017.SH,0.054708554627953127
2024.07.31,600001.SH,0.07577744771178592
2024.07.31,600039.SH,0.0066393925303176666
2024.07.31,600028.SH,0.026847397420327584
2024.07.31,600015.SH,0.01569980756297202
2024.07.31,600046.SH,0.05209120380924722
2024.07.31,600024.SH,0.018460928089898573
2024.07.31,000036.SZ,0.3525158282908381
2024.07.31,600006.SH,0.10343598055723457
2024.07.31,600042.SH,0.0007898663744769775
2024.07.31,600048.SH,0.12708161255089231
2024.07.31,600033.SH,0.13168136743538222
2024.07.31,000041.SZ,0.06053383275079232
2024.07.31,000038.SZ,0.011476237257299068
2024.07.31,000002.SZ,0.0738882764395587
2024.07.31,000034.SZ,0.18339198804440196
2024.07.31,000008.SZ,0.31214972103817956
2024.07.31,600029.SH,0.0031902488575146566
2024.07.31,000027.SZ,0.008470084371347832
2024.07.31,600044.SH,0.02775495307678293
2024.07.31,600013.SH,0.07196552338645272
2024.07.31,000009.SZ,0.07613622512204656
2024.07.31,000035.SZ,0.03390239213059292
2024.07.31,600022.SH,0.1498588343816055
2024.07.31,000040.SZ,0.06604358961725652
2024.08.01,000031.SZ,0.00576834788977848
2024.08.01,000023.SZ,0.08269817459478755
2024.08.01,600035.SH,0.10232300775715153
2024.08.01,600036.SH,0.05362405163280496
2024.08.01,600041.SH,0.022583923008709914
2024.08.01,600040.SH,0.06838297675453753
2024.08.01,600002.SH,0.08468953664213306
2024.08.01,000029.SZ,0.45425574867306656
2024.08.01,000017.SZ,0.056230525229010786
2024.08.01,600030.SH,0.08975153716734327
2024.08.01,000006.SZ,0.08315986990722923
2024.08.01,600003.SH,0.03852113749424528
2024.08.01,600042.SH,0.1873919707711192
2024.08.01,000011.SZ,0.35050744566371705
2024.08.01,000026.SZ,0.34320361119751686
2024.08.01,000002.SZ,0.0017956352701983629
2024.08.01,000008.SZ,0.11685385917303988
2024.08.01,000019.SZ,0.05994059628454915
2024.08.01,000001.SZ,0.2346259595574759
2024.08.01,000048.SZ,0.063883927130732
2024.08.01,600006.SH,0.06461295382019838
2024.08.01,600012.SH,0.09014231823715435
2024.08.01,600048.SH,0.12491914244033708
2024.08.01,000032.SZ,0.23699056040827945
2024.08.01,600005.SH,0.2183938667497706
2024.08.01,600004.SH,0.24886067664461275
2024.08.01,000030.SZ,0.08837748864356826
2024.08.01,600001.SH,0.015426731356883584
2024.08.01,000044.SZ,0.1004326690982253
2024.08.01,000042.SZ,0.2483439116005035
2024.08.01,000035.SZ,0.19566672000664717
2024.08.01,000007.SZ,0.08530450478670673
2024.08.01,600046.SH,0.09101749080151925
2024.08.01,600023.SH,0.1262668429614348
2024.08.01,000036.SZ,0.09148435103853214
2024.08.01,000038.SZ,0.15493139354745664
2024.08.01,600043.SH,0.104523378355283
2024.08.01,600008.SH,0.049326827441673486
2024.08.01,600038.SH,0.11084815448599118
2024.08.01,000016.SZ,0.0655183424724682
2024.08.01,600026.SH,0.22052605232052805
2024.08.01,000050.SZ,0.10759860113170808
2024.08.01,000025.SZ,0.027957275063427347
2024.08.01,000040.SZ,0.48959254694827126
2024.08.01,600031.SH,0.08923770752237078
2024.08.01,000027.SZ,0.06384289254673187
2024.08.01,000003.SZ,0.00037610707603725156
2024.08.01,600029.SH,0.023050913114596883
2024.08.01,600017.SH,0.03186398539745779
2024.08.01,600045.SH,0.015828282437901558
2024.08.01,600047.SH,0.0012930233782971444
2024.08.01,600013.SH,0.15311892747207428
2024.08.01,600015.SH,0.09113972665448862
2024.08.01,600010.SH,0.09038336188058521
2024.08.01,600019.SH,0.05322817024907238
2024.08.01,600037.SH,0.05365803673949704
2024.08.01,000015.SZ,0.2842762762652959
2024.08.01,000018.SZ,0.019457074240850067
2024.08.01,000045.SZ,0.2793780125897813
2024.08.01,600014.SH,0.1410109943360557
2024.08.01,000034.SZ,0.09708653479724821
2024.08.01,600016.SH,0.030440429540048726
2024.08.01,600022.SH,0.09655718719110472
2024.08.01,000022.SZ,0.10876817006086403
2024.08.01,600011.SH,0.039749987477752775
2024.08.01,600021.SH,0.043092983977752825
2024.08.01,000004.SZ,0.007443575124556991
2024.08.01,600020.SH,0.05945603531789221
2024.08.01,000043.SZ,0.011940064821131535
2024.08.01,000012.SZ,0.046751421013256314
2024.08.01,000033.SZ,0.25149525748424206
2024.08.01,000047.SZ,0.14073787626753048
2024.08.01,600024.SH,0.4110006730441299
2024.08.01,000039.SZ,0.3086054976737907
2024.08.01,600007.SH,0.38789069326003617
2024.08.01,600032.SH,0.11257683450418184
2024.08.01,600025.SH,0.1724212620843911
2024.08.01,000046.SZ,0.1648429285299746
2024.08.01,000005.SZ,0.013932047810786122
2024.08.01,000037.SZ,0.21139097937760773
2024.08.01,000028.SZ,0.051751641354742015
2024.08.01,600028.SH,0.06395549128669309
2024.08.01,600018.SH,0.053762889746094535
2024.08.01,600009.SH,0.02642950169823095
2024.08.01,600034.SH,0.10013258184482171
2024.08.01,600033.SH,0.07243626474486033
2024.08.01,600044.SH,0.09899400238721758
2024.08.01,000013.SZ,0.0627644739566854
2024.08.01,000020.SZ,0.08979772080576993
2024.08.01,600027.SH,0.05223121675592414
2024.08.01,000024.SZ,0.014617618898986856
2024.08.01,000010.SZ,0.17276137044725504
2024.08.01,600000.SH,0.043379693185276465
2024.08.01,000021.SZ,0.08660092920499116
2024.08.01,000049.SZ,0.030164007046040713
2024.08.01,000009.SZ,0.03464815895934312
2024.08.02,600027.SH,0.5066176269611398
2024.08.02,000010.SZ,0.06910464474542984
2024.08.02,000003.SZ,0.09063665013167321
2024.08.02,600035.SH,0.03548942643842674
2024.08.02,000001.SZ,0.03148938404122334
2024.08.02,000017.SZ,0.0010514738760697324
2024.08.02,600017.SH,0.09550985260747391
2024.08.02,000032.SZ,0.018134644003394568
2024.08.02,600046.SH,0.06128168795483056
2024.08.02,600039.SH,0.07764616407909858
2024.08.02,600006.SH,0.2545844382534051
2024.08.02,000042.SZ,0.005924086188015622
2024.08.02,600010.SH,0.03152691694314719
2024.08.02,000030.SZ,0.018114061238281586
2024.08.02,000029.SZ,0.009644466953212569
2024.08.02,600020.SH,0.17146385393914323
2024.08.02,000006.SZ,0.11401568967943454
2024.08.02,000027.SZ,0.17314346919492993
2024.08.02,000035.SZ,0.026285976053153824
2024.08.02,000008.SZ,0.07766328871182067
2024.08.02,000047.SZ,0.16842372123763938
2024.08.02,600037.SH,0.051804813725870195
2024.08.02,600000.SH,0.03417770988060747
2024.08.02,000022.SZ,0.15073207030421257
2024.08.02,600023.SH,0.06653202354070649
2024.08.02,000007.SZ,0.00391507907122504
2024.08.02,600030.SH,0.7471653783512743
2024.08.02,600022.SH,0.10681539608187769
2024.08.02,600033.SH,0.12537067790984713
2024.08.02,600026.SH,0.06143669087044179
2024.08.02,000039.SZ,0.16874670775082168
2024.08.02,000036.SZ,0.30008191153754626
2024.08.02,000004.SZ,0.11128291320197548
2024.08.02,600047.SH,0.14288553442336294
2024.08.02,000011.SZ,0.07075228031396988
2024.08.02,000024.SZ,0.3016240627190919
2024.08.02,600043.SH,0.18254109673553467
2024.08.02,600007.SH,0.2007270320877036
2024.08.02,600011.SH,0.06433046341032278
2024.08.02,000045.SZ,0.060197503006888246
2024.08.02,600044.SH,0.02898278254275787
2024.08.02,000020.SZ,0.09285502538070298
2024.08.02,000040.SZ,0.022064698607539693
2024.08.02,000005.SZ,0.06950206766428682
2024.08.02,600016.SH,0.02609298603952958
2024.08.02,000048.SZ,0.01383346662976018
2024.08.02,000023.SZ,0.1219412152070119
2024.08.02,000038.SZ,0.006177004715703636
2024.08.02,600025.SH,0.27593044166273983
2024.08.02,600038.SH,0.04279515555317989
2024.08.02,000041.SZ,0.1877169824556303
2024.08.02,000034.SZ,0.033691852706466775
2024.08.02,600048.SH,0.3208861235107935
2024.08.02,000015.SZ,0.06792444024021958
2024.08.02,600031.SH,0.06006012273807039
2024.08.02,600049.SH,0.061739652326525264
2024.08.02,600002.SH,0.012258160509140177
2024.08.02,600042.SH,0.05651669344311578
2024.08.02,600029.SH,0.16066849507347147
2024.08.02,000002.SZ,0.001160428112344333
2024.08.02,600012.SH,0.20968914246888828
2024.08.02,000009.SZ,0.3042653493190748
2024.08.02,000014.SZ,0.030477804904903167
2024.08.02,600003.SH,0.08510488669657741
2024.08.02,600004.SH,0.18535565194876907
2024.08.02,000018.SZ,0.2826253235917898
2024.08.02,000046.SZ,0.07002347580058438
2024.08.02,600045.SH,0.13760868652913366
2024.08.02,000013.SZ,0.10900594468813084
2024.08.02,000025.SZ,0.0980656595832323
2024.08.02,600024.SH,0.025660702754995948
2024.08.02,000037.SZ,0.04477797992635835
2024.08.02,000028.SZ,0.07537078693559057
2024.08.02,600028.SH,0.11387834610575383
2024.08.02,600014.SH,0.12841683649474672
2024.08.02,600005.SH,0.2798319891301782
2024.08.02,000019.SZ,0.020293458961811804
2024.08.02,600019.SH,0.03807995909460448
2024.08.02,000026.SZ,0.14728924590730197
2024.08.02,600036.SH,0.05059471908931707
2024.08.02,000050.SZ,0.09203277367900595
2024.08.02,000031.SZ,0.389419404902
2024.08.02,000033.SZ,0.13639846770213826
2024.08.02,600013.SH,0.02860147454517274
2024.08.02,000049.SZ,0.1386555558855152
2024.08.02,000012.SZ,0.008772478295142874
2024.08.02,600040.SH,0.0758160425215795
2024.08.02,600008.SH,0.007122598307641576
2024.08.02,600032.SH,0.09471173623533241
2024.08.02,000044.SZ,0.06983026757061021
2024.08.02,000021.SZ,0.030900308580885882
2024.08.02,600001.SH,0.14828146253096655
2024.08.02,000016.SZ,0.1082268796805069
2024.08.02,600041.SH,0.13703464892314624
2024.08.02,600018.SH,0.07011631523912963
2024.08.02,600009.SH,0.16773665474777955
2024.08.02,600015.SH,0.14353505612489867
2024.08.05,600023.SH,0.10683143948956182
2024.08.05,000047.SZ,0.16410130453300756
2024.08.05,600016.SH,0.04443352310924134
2024.08.05,000025.SZ,0.02812851313955017
2024.08.05,600003.SH,0.2806180990064818
2024.08.05,600015.SH,0.06274131935203273
2024.08.05,600041.SH,0.2644543485274271
2024.08.05,000013.SZ,0.03401516014113488
2024.08.05,600034.SH,0.027975232650108834
2024.08.05,600019.SH,0.10738314056875851
2024.08.05,000012.SZ,0.4874604606288521
2024.08.05,600005.SH,0.18221054336825884
2024.08.05,000018.SZ,0.05206063172042901
2024.08.05,000009.SZ,0.44843870851199436
2024.08.05,000011.SZ,0.01590115338569808
2024.08.05,600033.SH,0.04444495152948183
2024.08.05,600009.SH,0.03292690435161503
2024.08.05,600032.SH,0.07639727056976624
2024.08.05,600026.SH,0.3101973594688059
2024.08.05,600007.SH,0.004240385854387764
2024.08.05,000006.SZ,0.044601943163840085
2024.08.05,600010.SH,0.28435334399098716
2024.08.05,000039.SZ,0.02061325398915542
2024.08.05,000019.SZ,0.15568444714304472
2024.08.05,000036.SZ,0.338253092029629
2024.08.05,600021.SH,0.0008354556577158812
2024.08.05,600017.SH,0.14285057597218817
2024.08.05,600039.SH,0.011148662118825568
2024.08.05,600027.SH,4.755343155792893e-05
2024.08.05,600043.SH,0.08889424865411234
2024.08.05,600035.SH,0.06309074217249235
2024.08.05,600012.SH,0.08113829410350243
2024.08.05,600038.SH,0.037096738570797726
2024.08.05,600001.SH,0.0776156392266879
2024.08.05,000016.SZ,0.28098532476746046
2024.08.05,600042.SH,0.056218888429757176
2024.08.05,000010.SZ,0.08564782741292087
2024.08.05,000045.SZ,0.03844741602112508
2024.08.05,600037.SH,0.21056820159999554
2024.08.05,000021.SZ,0.02217887976248569
2024.08.05,000015.SZ,0.06863193075109211
2024.08.05,600040.SH,0.15502624402977305
2024.08.05,000038.SZ,0.059642592184481244
2024.08.05,600047.SH,0.3383733763171993
2024.08.05,600018.SH,0.12758754811317496
2024.08.05,600020.SH,0.09174232686061311
2024.08.05,000031.SZ,0.01752219583664461
2024.08.05,600022.SH,0.14090911293331015
2024.08.05,000049.SZ,0.09829624369748154
2024.08.05,600045.SH,0.01876700620549601
2024.08.05,000029.SZ,0.13028739523081906
2024.08.05,600013.SH,0.022171951320299754
2024.08.05,000002.SZ,0.12305177516245583
2024.08.05,000035.SZ,0.4197424735282212
2024.08.05,000024.SZ,0.011877184941948619
2024.08.05,600000.SH,0.046895775460956225
2024.08.05,000017.SZ,0.024385973133458895
2024.08.05,000034.SZ,0.14537244068502603
2024.08.05,600011.SH,0.13724350550270722
2024.08.05,600008.SH,0.14714595335263092
2024.08.05,600030.SH,0.12266119024511468
2024.08.05,600031.SH,0.0030986614379226052
2024.08.05,000003.SZ,0.09908411363293579
2024.08.05,000042.SZ,0.007129314068611093
2024.08.05,000004.SZ,0.36070869778164755
2024.08.05,000044.SZ,0.009749681110146506
2024.08.05,600002.SH,0.3136644421830691
2024.08.05,000040.SZ,0.014538336059747433
2024.08.05,000005.SZ,0.03722956999715914
2024.08.05,600025.SH,0.028041884277688393
2024.08.05,000023.SZ,0.05109792135013781
2024.08.05,600036.SH,0.24948118179466927
2024.08.05,600004.SH,0.041230988129198336
2024.08.05,600049.SH,0.08820449598613803
2024.08.05,600014.SH,0.03509480214057725
2024.08.05,000030.SZ,0.017985510816969887
2024.08.05,000043.SZ,0.0722803201712556
2024.08.05,000027.SZ,0.17091772697887136
2024.08.05,000033.SZ,0.028254246047738497
2024.08.05,600048.SH,0.044055575923258365
2024.08.05,600024.SH,0.029125049945405865
2024.08.05,000026.SZ,0.12971794233074668
2024.08.05,000037.SZ,0.06261010977664476
2024.08.05,000028.SZ,0.03763282087003979
2024.08.05,000014.SZ,0.7073205062341316
2024.08.05,000046.SZ,0.1888649627045277
2024.08.05,600046.SH,0.052170361649682466
2024.08.05,600044.SH,0.18840051460573548
2024.08.05,000007.SZ,0.46514263920372384
2024.08.05,600006.SH,0.008269407526404402
2024.08.05,600028.SH,0.07684594910131023
2024.08.05,000041.SZ,0.04655234745735674
2024.08.05,000001.SZ,0.13641946251482015
2024.08.05,600029.SH,0.31873233003045387
2024.08.05,000050.SZ,0.13319897516741458
2024.08.05,000022.SZ,0.19120455495116323
2024.08.06,600010.SH,0.3392752350078538
2024.08.06,000007.SZ,0.17279821519759692
2024.08.06,000003.SZ,0.05011976571433428
2024.08.06,000025.SZ,0.03486710775200942
2024.08.06,600041.SH,0.25357864545317604
2024.08.06,600047.SH,0.059948581315356915
2024.08.06,000038.SZ,0.24393868742497288
2024.08.06,000044.SZ,0.009529541065360485
2024.08.06,600027.SH,0.12959946739060293
2024.08.06,000031.SZ,0.061829278309076044
2024.08.06,600039.SH,0.02894422581983954
2024.08.06,000008.SZ,0.12620616691935505
2024.08.06,000048.SZ,0.020941069933363747
2024.08.06,600005.SH,0.061836800435858603
2024.08.06,600013.SH,0.052503898206301025
2024.08.06,600046.SH,0.2882801770846819
2024.08.06,600049.SH,0.15376027305989862
2024.08.06,600016.SH,0.2640633713276575
2024.08.06,600017.SH,0.1679730774273624
2024.08.06,000029.SZ,0.021322565637363705
2024.08.06,600014.SH,0.07601795143400464
2024.08.06,600002.SH,0.009781257557363652
2024.08.06,600009.SH,0.012673642268553026
2024.08.06,600007.SH,0.028643930635872526
2024.08.06,600036.SH,0.08475102523557333
2024.08.06,000049.SZ,0.08656540390064162
2024.08.06,000019.SZ,0.15084186935650692
2024.08.06,000015.SZ,0.029131880932737816
2024.08.06,000045.SZ,0.08164618452261968
2024.08.06,600031.SH,0.18308443131112095
2024.08.06,000021.SZ,0.08603759641528137
2024.08.06,600032.SH,0.160819721143261
2024.08.06,000027.SZ,0.12241345943305872
2024.08.06,600040.SH,0.1040187268266954
2024.08.06,000035.SZ,0.09369283263710483
2024.08.06,000047.SZ,0.2501805149268166
2024.08.06,600023.SH,0.054377268607870274
2024.08.06,600042.SH,0.21304770500722336
2024.08.06,600015.SH,0.1240244082543389
2024.08.06,600026.SH,0.14952398624064409
2024.08.06,600018.SH,0.03548416267498254
2024.08.06,600025.SH,0.20480355236591624
2024.08.06,000036.SZ,0.09208262638772749
2024.08.06,000032.SZ,0.04775524978904129
2024.08.06,000050.SZ,0.013325839171490338
2024.08.06,600030.SH,0.08714743839917226
2024.08.06,600000.SH,0.12568404439095515
2024.08.06,000014.SZ,0.006064924663048854
2024.08.06,600048.SH,0.03022657209445611
2024.08.06,000040.SZ,0.0840652396157747
2024.08.06,000017.SZ,0.10565525868130417
2024.08.06,600021.SH,0.03638361855222737
2024.08.06,600003.SH,0.12201637571944247
2024.08.06,600045.SH,0.07160136680099309
2024.08.06,600035.SH,0.1142701388766201
2024.08.06,000020.SZ,0.08139612469487592
2024.08.06,000005.SZ,0.006492052658709287
2024.08.06,000012.SZ,0.2560811617285697
2024.08.06,600024.SH,0.23922517869119783
2024.08.06,600034.SH,0.053026921905721204
2024.08.06,000033.SZ,0.31255543674045616
2024.08.06,000002.SZ,0.15544293115814398
2024.08.06,600038.SH,0.24796593270943404
2024.08.06,600004.SH,0.16009656442641934
2024.08.06,000042.SZ,0.0686015509556923
2024.08.06,600037.SH,0.09928442159229041
2024.08.06,000001.SZ,0.05197540269109078
2024.08.06,000004.SZ,0.014565487312769645
2024.08.06,600033.SH,0.05300768172628885
2024.08.06,000011.SZ,0.12663612894212825
2024.08.06,000018.SZ,0.13735501985376275
2024.08.06,600028.SH,0.06295783512220006
2024.08.06,600012.SH,0.006200159528382333
2024.08.06,600008.SH,0.05032131874481833
2024.08.06,000039.SZ,0.2692774362574585
2024.08.06,000034.SZ,0.12234816949489333
2024.08.06,000024.SZ,0.06917839086067055
2024.08.06,000010.SZ,0.018979660388612103
2024.08.06,000022.SZ,0.023238942495624325
2024.08.06,600020.SH,0.35086034456060655
2024.08.06,000009.SZ,0.0734730616578754
2024.08.06,000013.SZ,0.1348540816900388
2024.08.06,000041.SZ,0.3101869470652679
2024.08.06,000026.SZ,0.14165137846305142
2024.08.06,000046.SZ,0.0646238047135693
2024.08.06,600044.SH,0.02951439428321842
2024.08.06,000023.SZ,0.02163826750660323
2024.08.06,600029.SH,0.06675314662357555
2024.08.06,000037.SZ,0.18262772380326264
2024.08.06,600019.SH,0.06201253174045675
2024.08.06,600043.SH,0.017956078702124918
2024.08.06,000006.SZ,0.20234042255578036
2024.08.06,000030.SZ,0.007795331734499111
2024.08.06,000016.SZ,0.10370957720133538
2024.08.06,600006.SH,0.14892749810230907
2024.08.06,600022.SH,0.02549329823008182
2024.08.06,000028.SZ,0.010451361446873884
2024.08.06,600001.SH,0.1963089543469458
2024.08.07,000010.SZ,0.014651009140266928
2024.08.07,000017.SZ,0.09006968248181801
2024.08.07,000042.SZ,0.09776937571790321
2024.08.07,600049.SH,0.22146996173978892
2024.08.07,600006.SH,0.04804300786205163
2024.08.07,000006.SZ,0.23692889238043524
2024.08.07,600021.SH,0.10142357372266288
2024.08.07,000020.SZ,0.06266330769690824
2024.08.07,000008.SZ,0.06039792513119084
2024.08.07,600047.SH,0.014997765027782271
2024.08.07,600012.SH,0.0941455884850786
2024.08.07,000038.SZ,0.31107681613421106
2024.08.07,000016.SZ,0.0027689434538953383
2024.08.07,000009.SZ,0.04784723887248168
2024.08.07,600017.SH,0.11717482143210367
2024.08.07,600038.SH,0.09675294595911828
2024.08.07,000034.SZ,0.19108064157134746
2024.08.07,000003.SZ,0.11417108053867568
2024.08.07,000035.SZ,0.0928918130567069
2024.08.07,600008.SH,0.1769021327888224
2024.08.07,000031.SZ,0.09942837611630809
2024.08.07,600034.SH,0.02225791092566335
2024.08.07,600015.SH,0.11241401757699648
2024.08.07,000015.SZ,0.10289487457578592
2024.08.07,600023.SH,0.2639448520655305
2024.08.07,000002.SZ,0.02782232837686111
2024.08.07,600043.SH,0.22383039554868386
2024.08.07,600044.SH,0.2425263556675024
2024.08.07,600007.SH,0.03065265650691049
2024.08.07,600042.SH,0.03894563371001691
2024.08.07,600028.SH,0.01777012348721309
2024.08.07,000022.SZ,0.3128043408119324
2024.08.07,000040.SZ,0.11939940548108388
2024.08.07,000024.SZ,0.12473587783132316
2024.08.07,000047.SZ,0.06769043335849137
2024.08.07,600036.SH,0.01862151243260191
2024.08.07,000026.SZ,0.1761711389499844
2024.08.07,000029.SZ,0.2981269167429493
2024.08.07,000014.SZ,0.035069234199761164
2024.08.07,000027.SZ,0.30943130178441813
2024.08.07,600013.SH,0.052904992804014755
2024.08.07,600001.SH,0.014155226010502668
2024.08.07,600018.SH,0.029712743120662924
2024.08.07,600035.SH,0.13501707459551923
2024.08.07,000041.SZ,0.2772991973523944
2024.08.07,600005.SH,0.04653889436352211
2024.08.07,000013.SZ,0.07533377489439358
2024.08.07,000045.SZ,0.0223010007010639
2024.08.07,600029.SH,0.23192309685044385
2024.08.07,000019.SZ,0.21436232695695503
2024.08.07,600039.SH,0.02329933772683013
2024.08.07,600004.SH,0.163468459799586
2024.08.07,600011.SH,0.32896635664164364
2024.08.07,600022.SH,0.21926983651581444
2024.08.07,600002.SH,0.09963282254933199
2024.08.07,000021.SZ,0.11161694672942465
2024.08.07,600016.SH,0.05892517619171408
2024.08.07,600003.SH,0.16579740897281625
2024.08.07,000030.SZ,0.23703812153729445
2024.08.07,000046.SZ,0.1557765284782245
2024.08.07,000032.SZ,0.05395086699473249
2024.08.07,600041.SH,0.021079844896360604
2024.08.07,000012.SZ,0.020937566821461393
2024.08.07,000037.SZ,0.4226706279264263
2024.08.07,600025.SH,0.2265494961027086
2024.08.07,000005.SZ,0.04150411205596709
2024.08.07,600031.SH,0.01647562765512941
2024.08.07,000028.SZ,0.0679145707997712
2024.08.07,600009.SH,0.0777430717570333
2024.08.07,000023.SZ,0.11642251703998184
2024.08.07,000001.SZ,0.022909015837331202
2024.08.07,600020.SH,0.24444279190752255
2024.08.07,000049.SZ,0.13774480596579478
2024.08.07,600046.SH,0.1674494617634092
2024.08.07,600030.SH,0.24119534088029404
2024.08.07,000018.SZ,0.1823738779002738
2024.08.07,600026.SH,0.04086376453009758
2024.08.07,600045.SH,0.0032085006481211167
2024.08.07,600040.SH,0.011085142147808405
2024.08.07,600037.SH,0.2526058569292625
2024.08.07,600027.SH,0.030594446903751127
2024.08.07,600019.SH,0.04684629521629789
2024.08.07,600033.SH,0.006186845709507873
2024.08.07,000043.SZ,0.15863471304807322
2024.08.07,600010.SH,0.005792841803871361
2024.08.07,000033.SZ,0.04958325379344874
2024.08.07,000011.SZ,0.06012169826359047
2024.08.07,000050.SZ,0.07833796787752775
2024.08.07,000039.SZ,0.11469990576831329
2024.08.07,600024.SH,0.03603108965753447
2024.08.07,600014.SH,0.19117650154338434
2024.08.07,000048.SZ,0.07052513186712908
2024.08.07,000004.SZ,0.03619322764586234
2024.08.07,600048.SH,0.05738896842393851
2024.08.07,000044.SZ,0.29101105293710056
2024.08.07,000007.SZ,0.3843169375505219
2024.08.08,000014.SZ,0.13223690027583926
2024.08.08,000044.SZ,0.020024713836914582
2024.08.08,000030.SZ,0.0827811594226491
2024.08.08,000041.SZ,0.15958772344814634
2024.08.08,600025.SH,0.031404439193878794
2024.08.08,000016.SZ,0.14209658994569005
2024.08.08,600037.SH,0.03547145988496227
2024.08.08,000019.SZ,0.05188652240942146
2024.08.08,600033.SH,0.44108279389663463
2024.08.08,000028.SZ,0.058928004734018984
2024.08.08,600013.SH,0.1397628915046681
2024.08.08,600036.SH,0.03312890286181424
2024.08.08,000009.SZ,0.037836956272526825
2024.08.08,600000.SH,0.09227840911693198
2024.08.08,600016.SH,0.035496700031451875
2024.08.08,000024.SZ,0.0078836431823945
2024.08.08,600003.SH,0.024360641243781324
2024.08.08,000008.SZ,0.1762343328281916
2024.08.08,000038.SZ,0.13132156347839272
2024.08.08,000013.SZ,0.09750647948398145
2024.08.08,600005.SH,0.1000912063329757
2024.08.08,000002.SZ,0.07189475413537125
2024.08.08,600032.SH,0.3920961808051913
2024.08.08,000023.SZ,0.07374984309658691
2024.08.08,600028.SH,0.21317839228065308
2024.08.08,600002.SH,0.07802298068859595
2024.08.08,600024.SH,0.16352633354996257
2024.08.08,600001.SH,0.10154388316940367
2024.08.08,000020.SZ,0.17362131202601766
2024.08.08,600015.SH,0.2238178959220782
2024.08.08,600019.SH,0.08306228966195552
2024.08.08,600029.SH,0.10561248847865505
2024.08.08,600048.SH,0.03636044948268295
2024.08.08,600026.SH,0.053156984760264536
2024.08.08,000039.SZ,0.7939807850057473
2024.08.08,600039.SH,0.12224403286278927
2024.08.08,000035.SZ,0.0030439153926229917
2024.08.08,600041.SH,0.005003636358759161
2024.08.08,600049.SH,0.15897740322536946
2024.08.08,600023.SH,0.024414584991799458
2024.08.08,000003.SZ,0.07394519518908937
2024.08.08,600047.SH,0.24490402804868966
2024.08.08,000037.SZ,0.09338690506054054
2024.08.08,000004.SZ,0.2648882840444078
2024.08.08,000042.SZ,0.36973618586626394
2024.08.08,000040.SZ,0.011191368947631817
2024.08.08,600045.SH,0.13367083426155318
2024.08.08,600018.SH,0.07673601421091074
2024.08.08,600043.SH,0.08046575015506553
2024.08.08,000048.SZ,0.054479016153435936
2024.08.08,000050.SZ,0.1500397368293271
2024.08.08,000001.SZ,0.20600121685949363
2024.08.08,600034.SH,0.01391420147222652
2024.08.08,000036.SZ,0.20001706496410723
2024.08.08,000011.SZ,0.0028368546595295245
2024.08.08,000027.SZ,0.040895047461957705
2024.08.08,000010.SZ,0.15796380416025904
2024.08.08,600042.SH,0.05516820403623777
2024.08.08,600008.SH,0.16104127682252942
2024.08.08,000005.SZ,0.5469653176583397
2024.08.08,000012.SZ,0.1285172465807574
2024.08.08,600014.SH,0.04397061566674309
2024.08.08,000021.SZ,0.0457813656768725
2024.08.08,600007.SH,0.10386779801898621
2024.08.08,600046.SH,0.1100614198710479
2024.08.08,000034.SZ,0.014698180755679151
2024.08.08,000043.SZ,0.05632201079351697
2024.08.08,000047.SZ,0.027245106789250326
2024.08.08,000018.SZ,0.026158678614930576
2024.08.08,000007.SZ,0.24085938295025258
2024.08.08,600030.SH,0.07283332697766799
2024.08.08,600027.SH,0.16214129667224095
2024.08.08,600010.SH,0.03923406787106611
2024.08.08,000006.SZ,0.21202501153355735
2024.08.08,600006.SH,0.043258580009598396
2024.08.08,000032.SZ,0.0827206189401588
2024.08.08,000046.SZ,0.10276829061646739
2024.08.08,600017.SH,0.42687379101583184
2024.08.08,600038.SH,0.027689547137738274
2024.08.08,000022.SZ,0.19921230923879113
2024.08.08,600040.SH,0.1682542817988208
2024.08.08,600031.SH,0.013039401679931421
2024.08.08,600009.SH,0.09742562106477982
2024.08.08,000025.SZ,0.04823296929145986
2024.08.08,000015.SZ,0.00695440182325876
2024.08.08,600044.SH,0.18378869012813015
2024.08.08,000017.SZ,0.23016795013262112
2024.08.08,600035.SH,0.009158504412736425
2024.08.08,000029.SZ,0.04759970558550753
2024.08.08,600011.SH,0.01289155265400854
2024.08.08,000026.SZ,0.08970449499990149
2024.08.08,000049.SZ,0.04242197902128548
2024.08.08,000045.SZ,0.013795497003343172
2024.08.08,600020.SH,0.09207280864141153
2024.08.08,000033.SZ,0.13956844893117532
2024.08.08,600022.SH,0.06202510333050786
2024.08.09,600041.SH,0.10446730139651102
2024.08.09,000004.SZ,0.0334140965431216
2024.08.09,000024.SZ,0.24327361817943674
2024.08.09,000036.SZ,0.1511541628452498
2024.08.09,600032.SH,0.01474627746085815
2024.08.09,600040.SH,0.2531947097224232
2024.08.09,000050.SZ,0.000774722415445311
2024.08.09,600009.SH,0.39697028029105
2024.08.09,600008.SH,0.13435227719183776
2024.08.09,000014.SZ,0.024401779260269492
2024.08.09,600027.SH,0.5900672981075537
2024.08.09,000019.SZ,0.0005231795731140431
2024.08.09,000035.SZ,0.09092173645788106
2024.08.09,600000.SH,0.04368975546857974
2024.08.09,600012.SH,0.1870474188422101
2024.08.09,600043.SH,0.06270518880758207
2024.08.09,000046.SZ,0.04204571900709907
2024.08.09,600007.SH,0.17939904761685865
2024.08.09,600045.SH,0.12840984183673906
2024.08.09,000001.SZ,0.09778076882489695
2024.08.09,600016.SH,0.2433397311891808
2024.08.09,000041.SZ,0.10845664305170465
2024.08.09,000021.SZ,0.12021370683903326
2024.08.09,000008.SZ,0.06691404217147734
2024.08.09,000033.SZ,0.22240015714499262
2024.08.09,600015.SH,0.005498861824819338
2024.08.09,000032.SZ,0.08220665183527054
2024.08.09,600002.SH,0.17472027917190755
2024.08.09,600017.SH,0.0327234936546683
2024.08.09,000034.SZ,0.1383816446238997
2024.08.09,000049.SZ,0.1454359057604269
2024.08.09,600044.SH,0.053543128485216376
2024.08.09,600010.SH,0.030704590745274592
2024.08.09,600031.SH,0.1624487572156445
2024.08.09,000023.SZ,0.0015909153968363971
2024.08.09,000028.SZ,0.31427952967586537
2024.08.09,600004.SH,0.00206714387698421
2024.08.09,600025.SH,0.03533279316874589
2024.08.09,000018.SZ,0.08750421246227644
2024.08.09,000045.SZ,0.036309078261546196
2024.08.09,600046.SH,0.017040078564251278
2024.08.09,600018.SH,0.02404720877052078
2024.08.09,000039.SZ,0.00046085717112952685
2024.08.09,600023.SH,0.10222650593719218
2024.08.09,000012.SZ,0.11663894867706003
2024.08.09,000038.SZ,0.03344356493476327
2024.08.09,000003.SZ,0.009788727951907203
2024.08.09,000040.SZ,0.05093075908113029
2024.08.09,600042.SH,0.10258692070219058
2024.08.09,600048.SH,0.026037247989196207
2024.08.09,600011.SH,0.035115057678491005
2024.08.09,600014.SH,0.17646759466733086
2024.08.09,000017.SZ,0.008180369925755937
2024.08.09,600013.SH,0.17237268161096045
2024.08.09,600028.SH,0.1564597368509125
2024.08.09,000029.SZ,0.16134028596939667
2024.08.09,600030.SH,0.010992140364611934
2024.08.09,600020.SH,0.08128379283461594
2024.08.09,000030.SZ,0.11502568858105017
2024.08.09,000037.SZ,0.1422252566076181
2024.08.09,000007.SZ,0.159316207698379
2024.08.09,600039.SH,0.28026731389453285
2024.08.09,600036.SH,0.10066423779301466
2024.08.09,600038.SH,0.11829316675230267
2024.08.09,600049.SH,0.007317949471166928
2024.08.09,600022.SH,0.07638164809922755
2024.08.09,000031.SZ,0.0717296008106988
2024.08.09,000015.SZ,0.04595063613687962
2024.08.09,000002.SZ,0.15274176129977274
2024.08.09,000043.SZ,0.07128884422644866
2024.08.09,000025.SZ,0.038516065858184886
2024.08.09,600047.SH,0.04159833890284212
2024.08.09,000042.SZ,0.28890420527287997
2024.08.09,600035.SH,0.2809330561520471
2024.08.09,000027.SZ,0.109379149539743
2024.08.09,600037.SH,0.2484504360217712
2024.08.09,600026.SH,0.24384402981293124
2024.08.09,000005.SZ,0.08234442214611325
2024.08.09,600024.SH,0.015782966081939107
2024.08.09,000022.SZ,0.17086403053321067
2024.08.09,000047.SZ,0.2106810925744836
2024.08.09,000044.SZ,0.05251980298546697
2024.08.09,600005.SH,0.3770010579100348
2024.08.09,000009.SZ,0.2207042609809686
2024.08.09,600019.SH,0.08343166432913554
2024.08.09,000011.SZ,0.03851262906970073
2024.08.09,600006.SH,0.17469827152618017
2024.08.09,600033.SH,0.15704105069580027
2024.08.09,600003.SH,0.382106653425704
2024.08.09,000020.SZ,0.005085268591000459
2024.08.09,600034.SH,0.03543038703934361
2024.08.09,600021.SH,0.01942501354474223
2024.08.09,000026.SZ,0.10840157936316003
2024.08.09,000006.SZ,0.1473888103489933
2024.08.09,000016.SZ,0.25237513175827747
2024.08.09,000010.SZ,0.2962282631568836
2024.08.12,000030.SZ,0.011670429231709408
2024.08.12,000005.SZ,0.026611383162753414
2024.08.12,000006.SZ,0.04370305394542404
2024.08.12,000009.SZ,0.04459041150542239
2024.08.12,000024.SZ,0.01157210064923072
2024.08.12,000018.SZ,0.204882567991027
2024.08.12,600002.SH,0.19807155879093785
2024.08.12,000046.SZ,0.26414835455928454
2024.08.12,600048.SH,0.18531914120499468
2024.08.12,600040.SH,0.01275067962870458
2024.08.12,600031.SH,0.11175726300946974
2024.08.12,000041.SZ,0.2178101698869484
2024.08.12,600041.SH,0.026126418875619634
2024.08.12,600030.SH,0.16940192508703905
2024.08.12,600001.SH,0.031599160373150775
2024.08.12,600026.SH,0.467994034749656
2024.08.12,000017.SZ,0.2370103583405065
2024.08.12,000023.SZ,0.23667962061149667
2024.08.12,000011.SZ,0.08584103439019011
2024.08.12,000021.SZ,0.09722060287023063
2024.08.12,600032.SH,0.1132650574641702
2024.08.12,600047.SH,0.037368921993042536
2024.08.12,000016.SZ,0.021456281604901675
2024.08.12,000003.SZ,0.6564606228865224
2024.08.12,000029.SZ,0.036680839906242095
2024.08.12,600025.SH,0.012255772530778608
2024.08.12,600000.SH,0.10241069512330617
2024.08.12,600039.SH,0.1209631724637658
2024.08.12,000014.SZ,0.09337390167873302
2024.08.12,600042.SH,0.016190378301286047
2024.08.12,600007.SH,0.17350264875258403
2024.08.12,000040.SZ,0.03404367169737173
2024.08.12,600022.SH,0.028501952570992705
2024.08.12,600012.SH,0.18148216387132537
2024.08.12,600038.SH,0.14466432848150687
2024.08.12,000008.SZ,0.045510895384041856
2024.08.12,000039.SZ,0.044631795566253074
2024.08.12,000020.SZ,0.05466065110448285
2024.08.12,000044.SZ,0.09817005010062349
2024.08.12,600027.SH,0.05090098820918364
2024.08.12,000045.SZ,0.06107848428405266
2024.08.12,000034.SZ,0.03409797590508464
2024.08.12,600033.SH,0.13004921921812196
2024.08.12,000028.SZ,0.006325104676625871
2024.08.12,600015.SH,0.004844541686140724
2024.08.12,600008.SH,0.011315920524388064
2024.08.12,000048.SZ,0.0471373969153387
2024.08.12,600023.SH,0.12373825536550924
2024.08.12,000042.SZ,0.026135343168055544
2024.08.12,600029.SH,0.2861792713772758
2024.08.12,000032.SZ,0.08121288136017234
2024.08.12,600037.SH,0.017384367562802403
2024.08.12,600020.SH,0.04656187622448931
2024.08.12,000033.SZ,0.1414840606994188
2024.08.12,000050.SZ,0.03239512779651964
2024.08.12,000004.SZ,0.0002296517405477898
2024.08.12,600005.SH,0.006980107513430095
2024.08.12,600035.SH,0.15494963537790943
2024.08.12,000049.SZ,0.015121855703455976
2024.08.12,000026.SZ,0.2455020845937451
2024.08.12,600017.SH,0.34085132204722485
2024.08.12,000002.SZ,0.027925870333707043
2024.08.12,600018.SH,0.06437663719147092
2024.08.12,000031.SZ,0.0027164078353793283
2024.08.12,600021.SH,0.11167042617886135
2024.08.12,600014.SH,0.252069130654129
2024.08.12,600003.SH,0.045314337117216906
2024.08.12,000036.SZ,0.08531845437159567
2024.08.12,000043.SZ,0.021761400144186125
2024.08.12,600046.SH,0.1894803502978768
2024.08.12,000035.SZ,0.07031404145608056
2024.08.12,000027.SZ,0.27265446100474383
2024.08.12,000001.SZ,0.12765019035136407
2024.08.12,600049.SH,0.08195602401688627
2024.08.12,600010.SH,0.1589922794111704
2024.08.12,600006.SH,0.1577220121988624
2024.08.12,000010.SZ,0.011769017669335052
2024.08.12,000025.SZ,0.05558367909183079
2024.08.12,600019.SH,0.019349951375487423
2024.08.12,600013.SH,0.12785422901542992
2024.08.12,600044.SH,0.012520703842298012
2024.08.12,000013.SZ,0.04806898765416543
2024.08.12,000019.SZ,0.1555848981727756
2024.08.12,000037.SZ,0.03186292271022173
2024.08.12,600043.SH,0.2164845985575136
2024.08.12,000012.SZ,0.0732228329869394
2024.08.12,600016.SH,0.03530153267428224
2024.08.12,600009.SH,0.03953711523627181
2024.08.12,600011.SH,0.1392311302291527
2024.08.12,000038.SZ,0.052659757476950425
2024.08.12,000047.SZ,0.5649640907114831
2024.08.12,600034.SH,0.0357087188835033
2024.08.12,000022.SZ,0.02069254253829703
2024.08.12,600004.SH,0.14529432792186894
2024.08.12,600028.SH,0.20374521069073917
2024.08.12,000015.SZ,0.06566084855911651
2024.08.12,600024.SH,0.012386955261152827
2024.08.12,000007.SZ,0.06672741270104487
2024.08.13,000026.SZ,0.10389625279923205
2024.08.13,600035.SH,0.0010293974641767192
2024.08.13,000003.SZ,0.13484430251364715
2024.08.13,000050.SZ,0.18473056952402125
2024.08.13,600016.SH,0.08575222951854183
2024.08.13,000025.SZ,0.05439800735377568
2024.08.13,000006.SZ,0.3014800024729146
2024.08.13,000037.SZ,0.11086699232452804
2024.08.13,600047.SH,0.008633276616113508
2024.08.13,000014.SZ,0.25366474345047724
2024.08.13,000001.SZ,0.027114016890181076
2024.08.13,600027.SH,0.10287861921594593
2024.08.13,000023.SZ,0.05631252166283786
2024.08.13,000024.SZ,0.08194887280693353
2024.08.13,000033.SZ,0.09989331722971506
2024.08.13,000032.SZ,0.18605111832785232
2024.08.13,600023.SH,0.17556854320690818
2024.08.13,000013.SZ,0.029177926533404494
2024.08.13,600005.SH,0.06561078001722759
2024.08.13,000047.SZ,0.1846303419005872
2024.08.13,600048.SH,0.0752647703913525
2024.08.13,600024.SH,0.1615460896089525
2024.08.13,600021.SH,0.025223569086645817
2024.08.13,600025.SH,0.4002089722689443
2024.08.13,600000.SH,0.09311497493939858
2024.08.13,600015.SH,0.01678923373464476
2024.08.13,000045.SZ,0.03945550229008974
2024.08.13,600029.SH,0.22631930535420808
2024.08.13,600026.SH,0.03646710196184609
2024.08.13,000029.SZ,0.07290491775222843
2024.08.13,000018.SZ,0.10844813967441742
2024.08.13,600009.SH,0.019125490206869676
2024.08.13,000042.SZ,0.014900465547640586
2024.08.13,000019.SZ,0.16324333716275527
2024.08.13,000048.SZ,0.10507534093431758
2024.08.13,600036.SH,0.299556577196447
2024.08.13,000035.SZ,0.09905268045178889
2024.08.13,000020.SZ,0.1651333648980062
2024.08.13,000030.SZ,0.02748535981619711
2024.08.13,600019.SH,0.028981723355768874
2024.08.13,600002.SH,0.1346164737085883
2024.08.13,600032.SH,0.15073993436754476
2024.08.13,600004.SH,0.020524449993032903
2024.08.13,000009.SZ,0.14916590823343162
2024.08.13,000016.SZ,0.11045878731044524
2024.08.13,000012.SZ,0.09734040813797347
2024.08.13,000039.SZ,0.3863713397227142
2024.08.13,000046.SZ,0.1587412131112597
2024.08.13,600008.SH,0.060477043743172275
2024.08.13,600039.SH,0.008984391576353166
2024.08.13,600046.SH,0.06825046800133891
2024.08.13,000010.SZ,0.2788211265597106
2024.08.13,600040.SH,0.021677453398506363
2024.08.13,600012.SH,0.08701583112581965
2024.08.13,000036.SZ,0.0313160565714881
2024.08.13,600041.SH,0.2853103651449142
2024.08.13,600006.SH,0.070197862652106
2024.08.13,600034.SH,0.0466005591742718
2024.08.13,600031.SH,0.02598852846438819
2024.08.13,600030.SH,0.007203317681069805
2024.08.13,000041.SZ,0.023396642249436897
2024.08.13,000034.SZ,0.05410825825787897
2024.08.13,000043.SZ,0.20178809629816902
2024.08.13,000027.SZ,0.000614139813206379
2024.08.13,000040.SZ,0.27006424468010914
2024.08.13,000022.SZ,0.016325242557000717
2024.08.13,600049.SH,0.1266530344693648
2024.08.13,600003.SH,0.05739684439624814
2024.08.13,000008.SZ,0.24335705050152845
2024.08.13,600001.SH,0.06334026507667215
2024.08.13,000017.SZ,0.03764538967550958
2024.08.13,600037.SH,0.032809548183058604
2024.08.13,600033.SH,0.0877567650814066
2024.08.13,000049.SZ,0.007743619047272733
2024.08.13,600018.SH,0.45410647135727045
2024.08.13,600045.SH,0.22433897377909545
2024.08.13,600013.SH,0.07338935136196967
2024.08.13,600044.SH,0.08246463075831212
2024.08.13,000038.SZ,0.023870455080965927
2024.08.13,600043.SH,0.15931478823863715
2024.08.13,600007.SH,0.05086143565249791
2024.08.13,600020.SH,0.06570739912851035
2024.08.13,600014.SH,0.12573565306363405
2024.08.13,000002.SZ,0.13663011544518586
2024.08.13,000028.SZ,0.12799020343670262
2024.08.13,600010.SH,0.018063198086684162
2024.08.13,000031.SZ,0.10463311196096095
2024.08.13,600017.SH,0.05225519257582455
2024.08.13,000007.SZ,0.26167022390784506
2024.08.13,600042.SH,0.0120669265798261
2024.08.13,600028.SH,0.14664585967552593
2024.08.13,000015.SZ,0.36564457813912965
2024.08.13,000044.SZ,0.019783025593542107
2024.08.13,600011.SH,0.22635764131442038
2024.08.13,000011.SZ,0.35291176666714574
2024.08.13,000004.SZ,0.6283369090751032
2024.08.13,000005.SZ,0.09020697350746561
2024.08.13,600022.SH,0.08894125238245534
2024.08.14,600008.SH,0.06837987084906641
2024.08.14,000010.SZ,0.11058900884349215
2024.08.14,600047.SH,0.06246950812092882
2024.08.14,000048.SZ,0.013884986817435769
2024.08.14,600032.SH,0.4193427878378474
2024.08.14,600033.SH,0.1345046916434434
2024.08.14,600010.SH,0.03650188037910778
2024.08.14,600049.SH,0.03230798338353435
2024.08.14,600000.SH,0.10556858730957615
2024.08.14,000004.SZ,0.02818213970008082
2024.08.14,600024.SH,0.08263642017016871
2024.08.14,600039.SH,0.1256777028134784
2024.08.14,600040.SH,0.026915495072920303
2024.08.14,600003.SH,0.0331456464765534
2024.08.14,000026.SZ,0.1656047353806925
2024.08.14,600045.SH,0.029845199666797176
2024.08.14,000047.SZ,0.22118104563338814
2024.08.14,600011.SH,0.22461922261282216
2024.08.14,000028.SZ,0.20851906759140257
2024.08.14,600044.SH,0.11623940359868841
2024.08.14,000007.SZ,0.04575946403906069
2024.08.14,000021.SZ,0.10390513166643126
2024.08.14,000023.SZ,0.13258986951863264
2024.08.14,600035.SH,0.08421840800965327
2024.08.14,600006.SH,0.5737286266674868
2024.08.14,600043.SH,0.006663115240982526
2024.08.14,600034.SH,0.325675414775239
2024.08.14,000043.SZ,0.16708988089282778
2024.08.14,000032.SZ,0.26745396354569195
2024.08.14,600023.SH,0.22426148706733592
2024.08.14,000039.SZ,0.0017198360715832502
2024.08.14,600017.SH,0.11157649161234275
2024.08.14,000019.SZ,0.14957662860316603
2024.08.14,600030.SH,0.06946715757823499
2024.08.14,600001.SH,0.03035700051398566
2024.08.14,000044.SZ,0.2540380017010911
2024.08.14,600005.SH,0.09998858567344969
2024.08.14,600015.SH,0.16144547151610755
2024.08.14,000014.SZ,0.09790291414610608
2024.08.14,000030.SZ,0.35455762474769026
2024.08.14,000003.SZ,0.15359296608014314
2024.08.14,600031.SH,0.008431738424545018
2024.08.14,000013.SZ,0.08862157161373287
2024.08.14,600037.SH,0.018838511092293623
2024.08.14,000029.SZ,0.14279961269219643
2024.08.14,600026.SH,0.2884618954356511
2024.08.14,600048.SH,0.011747400094729509
2024.08.14,000045.SZ,8.818948941426566e-06
2024.08.14,600025.SH,0.021640801586935703
2024.08.14,000027.SZ,0.014182847699583842
2024.08.14,000035.SZ,0.0655161772779806
2024.08.14,000011.SZ,0.04711920008961759
2024.08.14,600021.SH,0.045229469111625786
2024.08.14,000041.SZ,0.010813456377184248
2024.08.14,000017.SZ,0.11991643567167981
2024.08.14,000020.SZ,0.09742253450462514
2024.08.14,000012.SZ,0.30063865689941854
2024.08.14,000022.SZ,0.012580992179885514
2024.08.14,000050.SZ,0.013620149472815653
2024.08.14,600014.SH,0.16364724297742458
2024.08.14,600028.SH,0.07715495623308938
2024.08.14,600019.SH,0.19806843472339689
2024.08.14,000018.SZ,0.09650607961088203
2024.08.14,000002.SZ,0.06759488873534171
2024.08.14,000016.SZ,0.0012588295278532025
2024.08.14,000025.SZ,0.07041938407090373
2024.08.14,600041.SH,0.14504258627614225
2024.08.14,000024.SZ,0.11170809328044397
2024.08.14,600012.SH,0.11014702624804772
2024.08.14,000034.SZ,0.054964858218030765
2024.08.14,000009.SZ,0.14112475357087945
2024.08.14,600004.SH,0.0030532021144115294
2024.08.14,600020.SH,0.1713861736596369
2024.08.14,000037.SZ,0.04114906709887501
2024.08.14,000006.SZ,0.08407737970061424
2024.08.14,600018.SH,0.03308566156994492
2024.08.14,600029.SH,0.6151226590262155
2024.08.14,000008.SZ,0.14267729733908974
2024.08.14,000001.SZ,0.10377417618669232
2024.08.14,000038.SZ,0.21233768933786348
2024.08.14,600042.SH,0.015682788099601688
2024.08.14,600013.SH,0.06460331887672686
2024.08.14,000036.SZ,0.07306559060610714
2024.08.14,600046.SH,0.1395562820636415
2024.08.14,000015.SZ,0.09812606311034473
2024.08.14,000005.SZ,0.06606076321724212
2024.08.14,000049.SZ,0.1114484021830154
2024.08.14,600016.SH,0.017914886131455893
2024.08.14,000040.SZ,0.08328289733391783
2024.08.14,000042.SZ,0.11735882329871793
2024.08.14,600007.SH,0.19688751212457709
2024.08.14,600009.SH,0.08097103134037835
2024.08.14,000033.SZ,0.36289177333311046
2024.08.14,000031.SZ,0.13312247409554887
2024.08.14,000046.SZ,0.3561589914377087
2024.08.14,600027.SH,0.12928576169898648
2024.08.14,600038.SH,0.008116589176963136
2024.08.15,000034.SZ,0.025373603282508667
2024.08.15,000022.SZ,0.17911675562036503
2024.08.15,000008.SZ,0.056152997429918965
2024.08.15,000010.SZ,0.34286454608612144
2024.08.15,000019.SZ,0.07631041515046122
2024.08.15,600028.SH,0.5465726429188641
2024.08.15,000037.SZ,0.04834741022481547
2024.08.15,600034.SH,0.037118987378949427
2024.08.15,600031.SH,0.19589040913165776
2024.08.15,600035.SH,0.2647442353002249
2024.08.15,600001.SH,0.06282411772312112
2024.08.15,600045.SH,0.04322448390089993
2024.08.15,000020.SZ,0.017795488062447497
2024.08.15,000050.SZ,0.16404509871551215
2024.08.15,000032.SZ,0.16333294107352067
2024.08.15,600040.SH,0.036811938798184354
2024.08.15,600017.SH,0.29127133028825497
2024.08.15,600012.SH,0.1098398056291412
2024.08.15,000031.SZ,0.08219931978141645
2024.08.15,600026.SH,0.08990079593802812
2024.08.15,600048.SH,0.020773415023266864
2024.08.15,000029.SZ,0.2434279406832761
2024.08.15,000011.SZ,0.05098475250592079
2024.08.15,000039.SZ,0.12085604698753911
2024.08.15,000030.SZ,0.0648847345216921
2024.08.15,000023.SZ,0.40721155803965925
2024.08.15,600004.SH,0.00530254801714757
2024.08.15,000007.SZ,0.05411964157144541
2024.08.15,600024.SH,0.13534800990225726
2024.08.15,600046.SH,0.07366774244655311
2024.08.15,600015.SH,0.1049299306188433
2024.08.15,600005.SH,0.011180905079621564
2024.08.15,600010.SH,0.21891195763671945
2024.08.15,000042.SZ,0.01684354065013002
2024.08.15,600009.SH,0.11341677405786675
2024.08.15,000049.SZ,0.08982306079322676
2024.08.15,000009.SZ,0.046601816511892644
2024.08.15,600020.SH,0.04664803429080228
2024.08.15,600021.SH,0.12577010524882867
2024.08.15,000025.SZ,0.053413835073347016
2024.08.15,600006.SH,0.3686635243437313
2024.08.15,600008.SH,0.05673479706897274
2024.08.15,600022.SH,0.15826827280658942
2024.08.15,000005.SZ,0.0025542843053909677
2024.08.15,000044.SZ,0.028546974328027646
2024.08.15,000038.SZ,0.40258088263455666
2024.08.15,600030.SH,0.045614159779071156
2024.08.15,000004.SZ,0.06488430793492408
2024.08.15,600043.SH,0.2742627459363618
2024.08.15,000018.SZ,0.2921226081937403
2024.08.15,600003.SH,0.00038192442275239604
2024.08.15,600019.SH,0.06719020626688778
2024.08.15,000024.SZ,0.015748867796233683
2024.08.15,600037.SH,0.04709649794366395
2024.08.15,000028.SZ,0.047174026875540044
2024.08.15,000016.SZ,0.15441283747603377
2024.08.15,000040.SZ,0.033014848519546044
2024.08.15,600011.SH,0.0038605186945178823
2024.08.15,000003.SZ,0.01413035193774493
2024.08.15,600027.SH,0.23735446181261358
2024.08.15,000015.SZ,0.04446538773918039
2024.08.15,000045.SZ,0.058522674804922695
2024.08.15,600013.SH,0.18383690429508381
2024.08.15,000002.SZ,0.045390051633253554
2024.08.15,600033.SH,0.04826839485535353
2024.08.15,000014.SZ,0.01369388744732641
2024.08.15,600036.SH,0.12816075614730707
2024.08.15,000001.SZ,0.3258281648792724
2024.08.15,000033.SZ,0.08025067610285114
2024.08.15,600041.SH,0.27999937804714786
2024.08.15,600023.SH,0.03162302877461468
2024.08.15,600039.SH,0.10799299722987858
2024.08.15,600014.SH,0.1641049109110538
2024.08.15,000006.SZ,0.10694053668630359
2024.08.15,000046.SZ,0.11351813354478772
2024.08.15,600007.SH,0.12323092085905679
2024.08.15,000013.SZ,0.0545212238625733
2024.08.15,600000.SH,0.04278284834669347
2024.08.15,600042.SH,0.14679534675615716
2024.08.15,600044.SH,0.015591270535836987
2024.08.15,600018.SH,0.08286568748633123
2024.08.15,600032.SH,0.006096952501354645
2024.08.15,000021.SZ,0.07319013245615935
2024.08.15,000012.SZ,0.04531045414292045
2024.08.15,000048.SZ,0.09263894542570342
2024.08.15,600025.SH,0.051688159945164194
2024.08.15,000035.SZ,0.1638910299887577
2024.08.15,000027.SZ,0.045820965650642795
2024.08.15,600038.SH,0.1299686072238638
2024.08.15,000041.SZ,0.25129649858020353
2024.08.15,000036.SZ,0.045405006400357176
2024.08.15,600029.SH,0.19235564608556135
2024.08.15,000043.SZ,0.3710891630127789
2024.08.15,600047.SH,0.005634543296080927
2024.08.15,000017.SZ,0.052758672818798265
2024.08.15,600016.SH,0.34089163887984175
2024.08.15,600002.SH,0.45468754837480224
2024.08.16,000007.SZ,0.002874321291153875
2024.08.16,000030.SZ,0.01075106892642459
2024.08.16,000023.SZ,0.11836651575970708
2024.08.16,600043.SH,0.11603351976495292
2024.08.16,000036.SZ,0.12038960097568462
2024.08.16,000025.SZ,0.033434655677457834
2024.08.16,600010.SH,0.22240863630305235
2024.08.16,000010.SZ,0.039621047084024454
2024.08.16,600006.SH,0.29661802829692147
2024.08.16,000013.SZ,0.08392475037188298
2024.08.16,600041.SH,0.05236892167817201
2024.08.16,600035.SH,0.15036970252703383
2024.08.16,600030.SH,0.08278857754057888
2024.08.16,000009.SZ,0.1186746174964603
2024.08.16,600008.SH,0.5444166838627545
2024.08.16,000003.SZ,0.24608633841084293
2024.08.16,600039.SH,0.005443506922007706
2024.08.16,600028.SH,0.007944968507043003
2024.08.16,600022.SH,0.15953724243192646
2024.08.16,000044.SZ,0.3952822957531749
2024.08.16,600023.SH,0.0709166604411855
2024.08.16,600046.SH,0.020390138549262946
2024.08.16,600020.SH,0.17682684444542493
2024.08.16,600049.SH,0.019874933306332058
2024.08.16,600036.SH,0.025766538957533523
2024.08.16,600003.SH,0.01866599869930666
2024.08.16,000050.SZ,0.06502592481223872
2024.08.16,000014.SZ,0.010211009201091904
2024.08.16,600004.SH,0.14553707094307305
2024.08.16,000033.SZ,0.012566044306774375
2024.08.16,600047.SH,0.1551094442637523
2024.08.16,000043.SZ,0.2309940053765289
2024.08.16,000037.SZ,0.1570953907720448
2024.08.16,600018.SH,0.18342516402636377
2024.08.16,600009.SH,0.01147717051281704
2024.08.16,000022.SZ,0.059860886553358764
2024.08.16,000008.SZ,0.12871666879624014
2024.08.16,000005.SZ,0.010589743368435482
2024.08.16,600045.SH,0.007052311340431246
2024.08.16,600015.SH,0.009862938961713336
2024.08.16,000015.SZ,0.1457162432396837
2024.08.16,600016.SH,0.12724068306048805
2024.08.16,600007.SH,0.27417047517804793
2024.08.16,600019.SH,0.21403967485956227
2024.08.16,600032.SH,0.006531896573292974
2024.08.16,000027.SZ,0.13389933315322813
2024.08.16,000012.SZ,0.06446297339791002
2024.08.16,600002.SH,0.12006571949877985
2024.08.16,600044.SH,0.07892794780619719
2024.08.16,000029.SZ,0.0432924192704506
2024.08.16,600031.SH,0.046422546366643155
2024.08.16,000032.SZ,0.15664549337039124
2024.08.16,000039.SZ,0.29344453740287574
2024.08.16,600014.SH,0.053294026096084655
2024.08.16,000017.SZ,0.11728852422801526
2024.08.16,000026.SZ,0.007032760050939377
2024.08.16,000002.SZ,0.18048291338654526
2024.08.16,000048.SZ,0.017892772138130404
2024.08.16,000045.SZ,0.05673490345134626
2024.08.16,000040.SZ,0.10616113113119018
2024.08.16,600038.SH,0.15685163819889472
2024.08.16,000042.SZ,0.14866723230518458
2024.08.16,000024.SZ,0.19434490294907128
2024.08.16,000006.SZ,0.11715282114097662
2024.08.16,600048.SH,0.08639526520730625
2024.08.16,600013.SH,0.2216291251281191
2024.08.16,600000.SH,0.3075413797397481
2024.08.16,000004.SZ,0.24507440402899372
2024.08.16,000041.SZ,0.04498662432383746
2024.08.16,600033.SH,0.011093181647915689
2024.08.16,000011.SZ,0.08417585388367274
2024.08.16,600034.SH,0.14688382456600957
2024.08.16,000049.SZ,0.18753912971886622
2024.08.16,600024.SH,0.012519019408649227
2024.08.16,600037.SH,0.0023013735313393165
2024.08.16,000035.SZ,0.03948044167484299
2024.08.16,000020.SZ,0.05957446094526337
2024.08.16,000016.SZ,0.048070581539291266
2024.08.16,000038.SZ,0.02658763837693092
2024.08.16,600005.SH,0.001991721511311736
2024.08.16,600021.SH,0.1456323377137093
2024.08.16,600026.SH,0.28832193946280016
2024.08.16,000019.SZ,0.009743662297462492
2024.08.16,600012.SH,0.06442348143054451
2024.08.16,000047.SZ,0.27182545885721543
2024.08.16,600017.SH,0.1662024279870887
2024.08.16,000034.SZ,0.02502587154082591
2024.08.16,600011.SH,0.13358772270955788
2024.08.16,000001.SZ,0.05036636062834694
2024.08.16,600042.SH,0.038152960146380026
2024.08.16,600001.SH,0.11143546455318512
2024.08.16,000021.SZ,0.06594689734382025
2024.08.16,600025.SH,0.027206536108144323
2024.08.16,600029.SH,0.04331013182201105
2024.08.16,600040.SH,0.11530459038254882
2024.08.16,000046.SZ,0.562048943066868
2024.08.19,000039.SZ,0.024800071886156464
2024.08.19,000035.SZ,0.10522172077839433
2024.08.19,600038.SH,0.036360635707946024
2024.08.19,000009.SZ,0.03218100591059292
2024.08.19,000030.SZ,0.05453290811698646
2024.08.19,600030.SH,0.2033844540758043
2024.08.19,000023.SZ,0.014991709673011364
2024.08.19,600008.SH,0.1107788467648578
2024.08.19,000018.SZ,0.11388170656845922
2024.08.19,000046.SZ,0.05598143989920601
2024.08.19,000031.SZ,0.11127180113603959
2024.08.19,600007.SH,0.053686910846016504
2024.08.19,600026.SH,0.01295869323125245
2024.08.19,600022.SH,0.26474955466902717
2024.08.19,600047.SH,0.007568245805266478
2024.08.19,000041.SZ,0.11070750605968384
2024.08.19,000003.SZ,0.021144866179591902
2024.08.19,000016.SZ,0.038997258611014385
2024.08.19,600013.SH,0.025753904612707785
2024.08.19,600014.SH,0.18236943235187061
2024.08.19,000045.SZ,0.03672871336302968
2024.08.19,000025.SZ,0.009535030163326807
2024.08.19,000042.SZ,0.033119634488138504
2024.08.19,600023.SH,0.07209271788517371
2024.08.19,600041.SH,0.10556965168389428
2024.08.19,600046.SH,0.03658003258613051
2024.08.19,000002.SZ,0.03661727040785779
2024.08.19,600043.SH,0.1145789696665655
2024.08.19,600044.SH,0.3325708355087142
2024.08.19,600049.SH,0.023235820547120964
2024.08.19,000049.SZ,0.29004799323147207
2024.08.19,600005.SH,0.09543041818870099
2024.08.19,000010.SZ,0.16164846222535173
2024.08.19,600001.SH,0.12282748310277797
2024.08.19,600048.SH,0.028663356001125507
2024.08.19,000022.SZ,0.2244283808668175
2024.08.19,600002.SH,0.04132352411385845
2024.08.19,600029.SH,0.1183583409978972
2024.08.19,600006.SH,0.034310153489453814
2024.08.19,000032.SZ,0.12215608155007499
2024.08.19,600016.SH,0.04343373475258868
2024.08.19,600028.SH,0.132853137922318
2024.08.19,600004.SH,0.0014537885765553513
2024.08.19,000006.SZ,0.02899657276775245
2024.08.19,000050.SZ,0.13373647094146746
2024.08.19,000005.SZ,0.11837351744283402
2024.08.19,600018.SH,0.04173334464186321
2024.08.19,000024.SZ,0.01988982644544331
2024.08.19,000011.SZ,0.001971700791446599
2024.08.19,600032.SH,0.03183715861972194
2024.08.19,000033.SZ,0.13138093645607266
2024.08.19,600020.SH,0.24117126327340635
2024.08.19,000019.SZ,0.26355080478616955
2024.08.19,000008.SZ,0.12431046191186618
2024.08.19,000004.SZ,0.0547659391817579
2024.08.19,600011.SH,0.11014851042190138
2024.08.19,000028.SZ,0.2940557434495796
2024.08.19,600045.SH,0.02280993277677366
2024.08.19,000015.SZ,0.13816775975109868
2024.08.19,000013.SZ,0.08624547300656844
2024.08.19,600021.SH,0.012497780694587271
2024.08.19,000012.SZ,0.08776045297812983
2024.08.19,000027.SZ,0.11399042946228034
2024.08.19,600017.SH,0.1320210148423225
2024.08.19,000014.SZ,0.017847595724505505
2024.08.19,600024.SH,0.1002831499647907
2024.08.19,000047.SZ,0.023340572993338842
2024.08.19,600034.SH,0.09068145324228447
2024.08.19,600039.SH,0.0723066578055704
2024.08.19,600019.SH,0.051274846642492856
2024.08.19,000020.SZ,0.08542704189163029
2024.08.19,600036.SH,0.012843994380770078
2024.08.19,600015.SH,0.254280782582414
2024.08.19,600035.SH,0.004333606287221427
2024.08.19,600012.SH,0.028782150481246573
2024.08.19,000034.SZ,0.1491542228967111
2024.08.19,000021.SZ,0.1415362984755186
2024.08.19,600033.SH,0.09896982100740959
2024.08.19,600000.SH,0.038343117910792944
2024.08.19,000037.SZ,0.14858863046638232
2024.08.19,600042.SH,0.103766235787965
2024.08.19,600037.SH,0.12968174669793367
2024.08.19,600025.SH,0.3636157243741084
2024.08.19,000001.SZ,0.09824784779981859
2024.08.19,600040.SH,0.02862030377028564
2024.08.19,000029.SZ,0.16860690321851962
2024.08.19,600031.SH,0.0756469003852157
2024.08.19,000007.SZ,0.08919944174200733
2024.08.19,000036.SZ,0.020910716048966112
2024.08.19,600009.SH,0.2952655919874574
2024.08.19,600003.SH,0.011538163544383744
2024.08.19,000044.SZ,0.02073138499877638
2024.08.19,000040.SZ,0.012081475744465175
2024.08.19,600010.SH,0.1645770866893005
2024.08.19,600027.SH,0.3680859975734529
2024.08.19,000043.SZ,0.35779956354841164
2024.08.19,000048.SZ,0.07338099456114935
2024.08.20,000020.SZ,0.07657231215446639
2024.08.20,000050.SZ,0.6599254578862168
2024.08.20,600038.SH,0.2333494436646817
2024.08.20,000047.SZ,0.7346828198182719
2024.08.20,000035.SZ,0.11892338690145421
2024.08.20,600039.SH,0.09830041670309349
2024.08.20,000036.SZ,0.04518110521513995
2024.08.20,000012.SZ,0.3125056213642034
2024.08.20,000015.SZ,0.008040344402925614
2024.08.20,600046.SH,0.09826549003532711
2024.08.20,600033.SH,0.011454985681261468
2024.08.20,000025.SZ,0.03792929140878932
2024.08.20,600042.SH,0.11787488629926943
2024.08.20,600008.SH,0.1823687473638222
2024.08.20,600019.SH,0.02824870158388667
2024.08.20,600014.SH,0.032257857212088105
2024.08.20,000033.SZ,0.021385574796978345
2024.08.20,600041.SH,0.07607930325069354
2024.08.20,600035.SH,0.009565851763500614
2024.08.20,000005.SZ,0.18262489639803692
2024.08.20,000016.SZ,0.06375099194848087
2024.08.20,000003.SZ,0.04296177607434175
2024.08.20,000040.SZ,0.19443080074041483
2024.08.20,000010.SZ,0.03475406556688856
2024.08.20,600020.SH,0.0006875065405419883
2024.08.20,000034.SZ,0.05137198003608716
2024.08.20,000029.SZ,0.052451263049409814
2024.08.20,600049.SH,0.10260279771416722
2024.08.20,600024.SH,0.11842401510324635
2024.08.20,600027.SH,0.24404480701022968
2024.08.20,000022.SZ,0.19475189121886988
2024.08.20,000007.SZ,0.02087843025125405
2024.08.20,600002.SH,0.03756749377564969
2024.08.20,600007.SH,0.008804447123300497
2024.08.20,600015.SH,0.09462913704883286
2024.08.20,600026.SH,0.29172821111095887
2024.08.20,600036.SH,0.10441887410640362
2024.08.20,000038.SZ,0.30890949468295403
2024.08.20,000049.SZ,0.2742177865216581
2024.08.20,000048.SZ,0.17208023914343243
2024.08.20,000011.SZ,0.03754061538007771
2024.08.20,600032.SH,0.370095873393088
2024.08.20,000031.SZ,0.006427536740540117
2024.08.20,600045.SH,0.3542968754265942
2024.08.20,600034.SH,0.1761243625108888
2024.08.20,000024.SZ,0.1634621778193093
2024.08.20,000019.SZ,0.3945669493068931
2024.08.20,600018.SH,0.1686237591641438
2024.08.20,000026.SZ,0.021263449308001753
2024.08.20,000021.SZ,0.4749310282208833
2024.08.20,600006.SH,0.04016820005711928
2024.08.20,600025.SH,0.04296407294989209
2024.08.20,000041.SZ,0.15929216346610728
2024.08.20,600044.SH,0.23956442493202929
2024.08.20,600010.SH,0.1320663372274515
2024.08.20,600043.SH,0.040960701303347745
2024.08.20,600037.SH,0.43877187621831276
2024.08.20,600031.SH,0.03423541015697222
2024.08.20,000043.SZ,0.032514654782779956
2024.08.20,000013.SZ,0.30257491704749717
2024.08.20,000001.SZ,0.20812346756078595
2024.08.20,000046.SZ,0.03698926037741113
2024.08.20,000014.SZ,0.003643483891497204
2024.08.20,000030.SZ,0.12814623305989878
2024.08.20,000039.SZ,0.0461088111577195
2024.08.20,600009.SH,0.5549183874774523
2024.08.20,000004.SZ,0.05926389541622436
2024.08.20,000044.SZ,0.13756192924773447
2024.08.20,000027.SZ,0.04052179365502421
2024.08.20,000037.SZ,0.00013599709348488867
2024.08.20,000045.SZ,0.031618899867958544
2024.08.20,000032.SZ,0.09222755693259023
2024.08.20,600013.SH,0.15943534719195154
2024.08.20,600040.SH,0.15442827163368678
2024.08.20,000023.SZ,0.065560450263858
2024.08.20,600001.SH,0.010550010442649516
2024.08.20,600023.SH,0.012914665174239363
2024.08.20,600021.SH,0.11556502560049718
2024.08.20,000042.SZ,0.27469329516011404
2024.08.20,600047.SH,0.09633324794594646
2024.08.20,000008.SZ,0.0039443507398508595
2024.08.20,000028.SZ,0.04813727615054157
2024.08.20,600029.SH,0.03832958266724995
2024.08.20,000002.SZ,0.026446065589163358
2024.08.20,000009.SZ,0.09135897527307776
2024.08.20,600022.SH,0.0679594450426791
2024.08.20,600028.SH,0.033573200314584765
2024.08.20,600003.SH,0.08569721975100837
2024.08.20,600004.SH,0.0432702365438526
2024.08.20,000006.SZ,0.3021457857770741
2024.08.20,600012.SH,0.015676952895294437
2024.08.20,600048.SH,0.06906893031972801
2024.08.20,600016.SH,0.1259595043792262
2024.08.20,600030.SH,0.028916582084515637
2024.08.20,600017.SH,0.03613854645269288
2024.08.20,000018.SZ,0.22832709940264598
2024.08.20,000017.SZ,0.045735355699071355
2024.08.20,600000.SH,0.041335204515804504
2024.08.21,000015.SZ,0.1050189452787266
2024.08.21,000023.SZ,0.18872861446533523
2024.08.21,600012.SH,0.08332012083062529
2024.08.21,600013.SH,0.1728363309897801
2024.08.21,000043.SZ,0.07274829809561587
2024.08.21,000017.SZ,0.011527265276926043
2024.08.21,600023.SH,0.08963965877877537
2024.08.21,600029.SH,0.25460374352278536
2024.08.21,600039.SH,0.08626100981302447
2024.08.21,600021.SH,0.20291262115403555
2024.08.21,600048.SH,0.028212077906778626
2024.08.21,600038.SH,0.35845622414806466
2024.08.21,000048.SZ,0.1554037558231118
2024.08.21,000012.SZ,0.06379372689596623
2024.08.21,000003.SZ,0.08310090364587076
2024.08.21,600015.SH,0.08395111298591533
2024.08.21,000021.SZ,0.054972944967757134
2024.08.21,000024.SZ,0.1261773397784973
2024.08.21,600006.SH,0.005475724085964702
2024.08.21,600025.SH,0.465871069552986
2024.08.21,600044.SH,0.0067833097402527414
2024.08.21,600031.SH,0.28652420718538074
2024.08.21,600017.SH,0.12449318314689742
2024.08.21,000049.SZ,0.12401204389410478
2024.08.21,000027.SZ,0.3190081320042252
2024.08.21,000028.SZ,0.2301211998362176
2024.08.21,000014.SZ,0.12335005523744738
2024.08.21,000004.SZ,0.16394704754366485
2024.08.21,600049.SH,0.12105024298664531
2024.08.21,000009.SZ,0.01680584201863251
2024.08.21,600043.SH,0.041404659478334764
2024.08.21,000035.SZ,0.027354724050899788
2024.08.21,600046.SH,0.08568078092592417
2024.08.21,000007.SZ,0.013993263364491543
2024.08.21,600019.SH,0.08743233674250953
2024.08.21,600045.SH,0.056736558580454274
2024.08.21,000011.SZ,0.4173197918741051
2024.08.21,600010.SH,0.03451717987071335
2024.08.21,600026.SH,0.22438794795828557
2024.08.21,000046.SZ,0.06403267967929216
2024.08.21,000030.SZ,0.2773834632417332
2024.08.21,600018.SH,0.16334092092034905
2024.08.21,000029.SZ,0.10835655309016243
2024.08.21,600030.SH,0.0012397257085070233
2024.08.21,600007.SH,0.06326765837810473
2024.08.21,000039.SZ,0.08651215736365271
2024.08.21,600003.SH,0.09926240505383153
2024.08.21,000016.SZ,0.17333293954903145
2024.08.21,600036.SH,0.11579599061627727
2024.08.21,600005.SH,0.00589839229097886
2024.08.21,000010.SZ,0.06618691195294293
2024.08.21,000005.SZ,0.1377739004994803
2024.08.21,600047.SH,0.16816362127543627
2024.08.21,600020.SH,0.17913870278398422
2024.08.21,000032.SZ,0.07466904979802223
2024.08.21,600033.SH,0.015109185447363683
2024.08.21,600000.SH,0.032301580821813676
2024.08.21,600016.SH,0.33086032665181325
2024.08.21,600008.SH,0.20647574228064264
2024.08.21,600034.SH,0.13638361117625727
2024.08.21,000001.SZ,0.28089784497248366
2024.08.21,600032.SH,0.06269312538944921
2024.08.21,600004.SH,0.023642938096821168
2024.08.21,000036.SZ,0.0016714863377142054
2024.08.21,600035.SH,0.050460093006164976
2024.08.21,000026.SZ,0.06569096719874344
2024.08.21,000040.SZ,0.0871185706154225
2024.08.21,000050.SZ,0.12785094621158852
2024.08.21,600041.SH,0.08554403400053379
2024.08.21,000041.SZ,0.05469855465879673
2024.08.21,600040.SH,0.06553837479824028
2024.08.21,600042.SH,0.1165613666532722
2024.08.21,000002.SZ,0.11908930015912965
2024.08.21,600037.SH,0.1279360111256137
2024.08.21,000019.SZ,0.10484276886065974
2024.08.21,000008.SZ,0.11477943149702115
2024.08.21,000045.SZ,0.1919567139991918
2024.08.21,000025.SZ,0.04035480394131777
2024.08.21,000034.SZ,0.30121445033533034
2024.08.21,600014.SH,0.34298097392800553
2024.08.21,600011.SH,0.21533896565087826
2024.08.21,000033.SZ,0.33272062129703694
2024.08.21,600002.SH,0.10798623520484281
2024.08.21,000013.SZ,0.1809313245003801
2024.08.21,000044.SZ,0.0808987406195587
2024.08.21,000022.SZ,0.057156068245839894
2024.08.21,000020.SZ,0.4540008519492047
2024.08.21,600001.SH,0.0454474542401902
2024.08.21,000047.SZ,0.11288684331635045
2024.08.21,000018.SZ,0.010359898170031018
2024.08.21,000037.SZ,0.11882399413887085
2024.08.21,000038.SZ,0.039762211397150374
2024.08.21,000031.SZ,0.1249397508026139
2024.08.21,600022.SH,0.014966312617211269
2024.08.21,600027.SH,0.021770563236582136
2024.08.21,600024.SH,0.1498750313480117
2024.08.22,000024.SZ,0.018573509099672782
2024.08.22,600032.SH,0.1981523052595428
2024.08.22,000003.SZ,0.1460021006678219
2024.08.22,600038.SH,0.02289742907126838
2024.08.22,000040.SZ,0.010584891300521546
2024.08.22,600014.SH,0.0021329902947382893
2024.08.22,600005.SH,0.007628478691946062
2024.08.22,600018.SH,0.09552076889714528
2024.08.22,000015.SZ,0.0887595441480531
2024.08.22,600007.SH,0.010604520948012765
2024.08.22,000014.SZ,0.07500868926376501
2024.08.22,600049.SH,0.04834571335159343
2024.08.22,600027.SH,0.017385823207198465
2024.08.22,000042.SZ,0.04175982959900111
2024.08.22,000037.SZ,0.08935427023502565
2024.08.22,000025.SZ,0.35152394665547815
2024.08.22,600041.SH,0.218815681580621
2024.08.22,600008.SH,0.1541765817480837
2024.08.22,000048.SZ,0.0031755120354208612
2024.08.22,600003.SH,0.10004788367958076
2024.08.22,000044.SZ,0.05474441037234252
2024.08.22,000043.SZ,0.08397813492291141
2024.08.22,000032.SZ,0.1288343283612474
2024.08.22,600036.SH,0.054274848971119144
2024.08.22,000033.SZ,0.035022185861604146
2024.08.22,600025.SH,0.00806153826469519
2024.08.22,000004.SZ,0.12301645053887153
2024.08.22,600016.SH,0.009051352091425895
2024.08.22,600012.SH,0.09711739759617115
2024.08.22,600037.SH,0.01067995288118303
2024.08.22,600019.SH,0.10363385935624335
2024.08.22,600010.SH,0.09261903495344054
2024.08.22,600031.SH,0.4321784121470461
2024.08.22,000005.SZ,0.051400916140660516
2024.08.22,000022.SZ,0.06549858670458847
2024.08.22,600045.SH,0.2442590825562415
2024.08.22,600046.SH,0.03459013802242865
2024.08.22,600033.SH,0.088652224736298
2024.08.22,600009.SH,0.0657321653897142
2024.08.22,600021.SH,0.05367248116001636
2024.08.22,000031.SZ,0.14971188294210067
2024.08.22,600011.SH,0.06995726234755138
2024.08.22,000034.SZ,0.08888991596058288
2024.08.22,000038.SZ,0.12696587718880567
2024.08.22,000013.SZ,0.07373790875021882
2024.08.22,000020.SZ,0.048383094323296225
2024.08.22,600043.SH,0.05375809354636167
2024.08.22,000049.SZ,0.06151941705638881
2024.08.22,000047.SZ,0.11096583631199752
2024.08.22,000016.SZ,0.11995231025457681
2024.08.22,000041.SZ,0.11750397724383844
2024.08.22,000027.SZ,0.1097808153866341
2024.08.22,600017.SH,0.10854445271198145
2024.08.22,000030.SZ,0.18238137824567385
2024.08.22,000006.SZ,0.0068885541201758275
2024.08.22,600001.SH,0.1642480281308789
2024.08.22,000012.SZ,0.13169217025427615
2024.08.22,000029.SZ,0.18945673561880783
2024.08.22,600015.SH,0.00030255104851030544
2024.08.22,000021.SZ,0.0070420636376753885
2024.08.22,600028.SH,0.01959641761955518
2024.08.22,600000.SH,0.17294815246046674
2024.08.22,600047.SH,0.33316681908390466
2024.08.22,600048.SH,0.078891690525422
2024.08.22,600042.SH,0.10078815124723275
2024.08.22,000023.SZ,0.05013440827653159
2024.08.22,000018.SZ,0.018013679726974072
2024.08.22,000035.SZ,0.10254424646459365
2024.08.22,000026.SZ,0.14629194841520252
2024.08.22,000001.SZ,0.20426211901839542
2024.08.22,600024.SH,0.05876650289359499
2024.08.22,000045.SZ,0.032287883687534734
2024.08.22,600030.SH,0.07917672414715006
2024.08.22,600034.SH,0.11950377730712877
2024.08.22,600020.SH,0.3167452480165106
2024.08.22,600029.SH,0.1103212126282625
2024.08.22,600002.SH,0.10404829072486009
2024.08.22,600013.SH,0.05344265359565703
2024.08.22,000028.SZ,0.038529609466116
2024.08.22,000036.SZ,0.22964187449345602
2024.08.22,000017.SZ,0.06235256111972308
2024.08.22,600039.SH,0.28483722782601323
2024.08.22,000046.SZ,0.027855000430362615
2024.08.22,000010.SZ,0.05380856275721406
2024.08.22,600022.SH,0.2011128341334724
2024.08.22,600044.SH,0.012042731951724396
2024.08.22,600006.SH,0.027459500354743108
2024.08.22,600023.SH,0.03878415622678012
2024.08.22,600004.SH,0.027103628292477342
2024.08.22,000011.SZ,0.08915170334308485
2024.08.22,000039.SZ,0.0569489521323703
2024.08.22,600040.SH,0.019860468233955143
2024.08.22,000008.SZ,0.017921503828681337
2024.08.22,600026.SH,0.10294339050564102
2024.08.22,000019.SZ,0.4283075043542356
2024.08.22,000009.SZ,0.09730709722858319
2024.08.22,000007.SZ,0.07909861082958838
2024.08.22,000002.SZ,0.0009488269262552926
2024.08.23,600006.SH,0.019737401102336658
2024.08.23,600034.SH,0.11921144566158255
2024.08.23,600012.SH,0.07632418960440694
2024.08.23,600007.SH,0.031465471788997154
2024.08.23,600038.SH,0.04733108001541321
2024.08.23,000024.SZ,0.09042883301549139
2024.08.23,000027.SZ,0.007843278001507359
2024.08.23,000034.SZ,0.48526929046888806
2024.08.23,600042.SH,0.15353192923069933
2024.08.23,000011.SZ,0.10353003510392395
2024.08.23,600035.SH,0.05340021711176147
2024.08.23,000045.SZ,0.1627548012378771
2024.08.23,000007.SZ,0.03104753399705687
2024.08.23,000022.SZ,0.05667630226683338
2024.08.23,000006.SZ,0.04335007542067014
2024.08.23,000019.SZ,0.3621495140623623
2024.08.23,600020.SH,0.27767926077331834
2024.08.23,600013.SH,0.06921492365789114
2024.08.23,000041.SZ,0.2187954592323375
2024.08.23,600003.SH,0.16735250359879933
2024.08.23,600010.SH,0.1578363072516573
2024.08.23,000001.SZ,0.5178502583408542
2024.08.23,600002.SH,0.08684151339608132
2024.08.23,600048.SH,0.04255228749400236
2024.08.23,600021.SH,0.1102134161542972
2024.08.23,000013.SZ,0.07139291455426736
2024.08.23,000020.SZ,0.08778953639358904
2024.08.23,600043.SH,0.012371838930276434
2024.08.23,000016.SZ,0.06887172194911624
2024.08.23,000032.SZ,0.015554870068632263
2024.08.23,000009.SZ,0.0780328975717515
2024.08.23,600032.SH,0.13783026621973662
2024.08.23,000004.SZ,0.055597246466348324
2024.08.23,600022.SH,0.07424375742699083
2024.08.23,000015.SZ,0.016429000093810167
2024.08.23,600033.SH,0.030603792415150176
2024.08.23,000042.SZ,0.07000176470731381
2024.08.23,600001.SH,0.262372668547
2024.08.23,000037.SZ,0.009016212501873825
2024.08.23,000049.SZ,0.012952786239957746
2024.08.23,600023.SH,0.2323450853375813
2024.08.23,000030.SZ,0.2452215296452904
2024.08.23,600024.SH,0.0231760842174066
2024.08.23,600046.SH,0.11283824176148032
2024.08.23,600037.SH,0.5187866440617468
2024.08.23,600016.SH,0.06201689419622058
2024.08.23,600040.SH,0.002473379471787713
2024.08.23,600029.SH,0.16758094750695035
2024.08.23,000017.SZ,0.5714678325486384
2024.08.23,000033.SZ,0.08452699922666441
2024.08.23,600019.SH,0.23205949710450827
2024.08.23,000039.SZ,0.018382364917431036
2024.08.23,000023.SZ,0.26070940597251857
2024.08.23,600028.SH,0.09273800849410146
2024.08.23,600045.SH,0.10649186328356877
2024.08.23,600031.SH,0.14182077785206443
2024.08.23,600018.SH,0.3288658196972986
2024.08.23,600005.SH,0.024323228844911716
2024.08.23,000010.SZ,0.03636874439237021
2024.08.23,000043.SZ,0.2815042880524628
2024.08.23,600025.SH,0.0929187533380904
2024.08.23,000029.SZ,0.06458054623811108
2024.08.23,000003.SZ,0.07945047256922186
2024.08.23,000038.SZ,0.17542718847510166
2024.08.23,000008.SZ,0.28738689537010936
2024.08.23,000046.SZ,0.23817363961026106
2024.08.23,000048.SZ,0.3215890967757612
2024.08.23,000005.SZ,0.017839154203262552
2024.08.23,000050.SZ,0.036009318338078994
2024.08.23,600041.SH,0.027168189510620448
2024.08.23,000040.SZ,0.003581758917584752
2024.08.23,600015.SH,0.34113771102962404
2024.08.23,000044.SZ,0.031025478343997957
2024.08.23,600044.SH,0.015200994801258126
2024.08.23,600004.SH,0.31161463074616974
2024.08.23,600011.SH,0.03664003512974656
2024.08.23,600039.SH,0.0045079503422817396
2024.08.23,000036.SZ,0.12525498472254415
2024.08.23,000021.SZ,0.03453738199084741
2024.08.23,600027.SH,0.3228148310552503
2024.08.23,600036.SH,0.1997898701751559
2024.08.23,600049.SH,0.009832406137411237
2024.08.23,600030.SH,0.11214773169830573
2024.08.23,600009.SH,0.05397321752018334
2024.08.23,000035.SZ,0.19236297450389112
2024.08.23,000014.SZ,0.20804361861434742
2024.08.23,000047.SZ,0.22187167628499962
2024.08.23,600014.SH,0.01980859595794292
2024.08.23,000025.SZ,0.25819106111819073
2024.08.23,000018.SZ,0.03944256716077264
2024.08.23,600017.SH,0.021382276287532656
2024.08.23,600026.SH,0.0294364644397175
2024.08.23,000028.SZ,0.018812721206389865
2024.08.23,600008.SH,0.33265245702287854
2024.08.23,000026.SZ,0.13328533891736333
2024.08.23,600047.SH,0.310439121826874
2024.08.23,000012.SZ,0.5022244294466287
