TradingDate,SecurityID,Value
2024.06.03,000019.SZ,0.00839379445696424
2024.06.03,600024.SH,0.0955080537553639
2024.06.03,000020.SZ,0.43099703334260653
2024.06.03,600025.SH,0.014173190869238517
2024.06.03,600007.SH,0.09462382476087335
2024.06.03,000043.SZ,0.0056779147286148204
2024.06.03,000023.SZ,0.09914365274385005
2024.06.03,600018.SH,0.04006921676993758
2024.06.03,000042.SZ,0.03302184736619217
2024.06.03,000007.SZ,0.0957077271865812
2024.06.03,600036.SH,0.00382082791023558
2024.06.03,000002.SZ,0.034247271278792846
2024.06.03,000034.SZ,0.05981814172577557
2024.06.03,000038.SZ,0.10084535253493473
2024.06.03,000017.SZ,0.0025041067044604334
2024.06.03,000004.SZ,0.04473540882637796
2024.06.03,000016.SZ,0.07719582732837635
2024.06.03,600013.SH,0.38072778400280266
2024.06.03,600014.SH,0.09969489105229122
2024.06.03,600022.SH,0.06489018850421831
2024.06.03,600006.SH,0.6504784841761506
2024.06.03,000008.SZ,0.0646589585571924
2024.06.03,600046.SH,0.0313916241576096
2024.06.03,600003.SH,0.08090354853406014
2024.06.03,000028.SZ,0.021836959644830695
2024.06.03,600021.SH,0.035202860049320835
2024.06.03,600035.SH,0.19968598833475698
2024.06.03,600005.SH,0.32124631227783335
2024.06.03,600017.SH,0.18549027798839196
2024.06.03,000022.SZ,0.0013780622984362109
2024.06.03,000036.SZ,0.12750727186219551
2024.06.03,000047.SZ,0.004416597555354273
2024.06.03,600012.SH,0.21524254595740572
2024.06.03,000014.SZ,0.11273889057909973
2024.06.03,000035.SZ,0.3829888855631347
2024.06.03,600026.SH,0.09378924050137548
2024.06.03,600028.SH,0.08680617525712286
2024.06.03,000027.SZ,0.009122994121914134
2024.06.03,600002.SH,0.1579771041280561
2024.06.03,000013.SZ,0.1089957867587302
2024.06.03,600009.SH,0.0302635756129087
2024.06.03,600010.SH,0.02341342893310753
2024.06.03,600001.SH,0.03513577959611618
2024.06.03,600023.SH,0.15570605533916176
2024.06.03,600048.SH,0.10462116980511306
2024.06.03,000021.SZ,0.001745514720220039
2024.06.03,600016.SH,0.03235545585440383
2024.06.03,600032.SH,0.020206158051397298
2024.06.03,600045.SH,0.03936486466171872
2024.06.03,000046.SZ,0.06064994096123666
2024.06.03,000049.SZ,0.015176630071028355
2024.06.03,600030.SH,0.24543446107192304
2024.06.03,600037.SH,0.46365361889338486
2024.06.03,600031.SH,0.07587287782651132
2024.06.03,000037.SZ,0.052687001646748964
2024.06.03,000011.SZ,0.014389336670986913
2024.06.03,000050.SZ,0.09015992424570309
2024.06.03,600029.SH,0.24918763020308682
2024.06.03,000039.SZ,0.23271168550720422
2024.06.03,000006.SZ,0.0320642035860672
2024.06.03,000041.SZ,0.26324289902399356
2024.06.03,000032.SZ,0.12453774247621825
2024.06.03,600020.SH,0.030301401321184904
2024.06.03,000040.SZ,0.029278827816218874
2024.06.03,000026.SZ,0.03997911630768727
2024.06.03,600027.SH,0.012585110858854054
2024.06.03,600038.SH,0.13811693308421036
2024.06.03,600033.SH,0.03868945604115407
2024.06.03,000029.SZ,0.025440650276302205
2024.06.03,000024.SZ,0.007834991154159176
2024.06.03,600043.SH,0.07488483896135785
2024.06.03,600008.SH,0.11333016866837271
2024.06.03,000005.SZ,0.3511338739004974
2024.06.03,000015.SZ,0.2735235407305682
2024.06.03,600042.SH,0.1286057571730526
2024.06.03,000012.SZ,0.07669356927863005
2024.06.03,000010.SZ,0.10432625414591278
2024.06.03,600015.SH,0.0889173181224146
2024.06.03,000033.SZ,0.011373601278075723
2024.06.03,000009.SZ,0.08665649366178962
2024.06.03,600047.SH,0.20427262070389215
2024.06.03,600040.SH,0.15457798749505802
2024.06.03,000025.SZ,0.05032556432157893
2024.06.03,600044.SH,0.04330875443187811
2024.06.03,000031.SZ,0.09262846742088318
2024.06.03,000001.SZ,0.026213915590579732
2024.06.03,600000.SH,0.009033648201282649
2024.06.03,000045.SZ,0.20771615917941572
2024.06.03,000048.SZ,0.04843683168348917
2024.06.03,600034.SH,0.18883747129193096
2024.06.03,600039.SH,0.002933319760828032
2024.06.03,600004.SH,0.10160563027155374
2024.06.03,600049.SH,0.054617005475319426
2024.06.03,600019.SH,0.012168872273971515
2024.06.03,600011.SH,0.3324248762832546
2024.06.03,000044.SZ,0.05969711384983251
2024.06.03,000003.SZ,0.33416736976293526
2024.06.04,600001.SH,0.15035907990168243
2024.06.04,000025.SZ,0.12748913225904324
2024.06.04,600037.SH,0.044990577977198375
2024.06.04,600015.SH,0.020654240467923104
2024.06.04,000037.SZ,0.06541638747635235
2024.06.04,600033.SH,0.24406064600048308
2024.06.04,600012.SH,0.16737322717676742
2024.06.04,000003.SZ,0.00036029973715056185
2024.06.04,000015.SZ,0.09314845378780715
2024.06.04,600026.SH,0.07268733553300728
2024.06.04,600007.SH,0.10565603289963232
2024.06.04,600036.SH,0.05367480549806452
2024.06.04,600000.SH,0.0019225003579038747
2024.06.04,600005.SH,0.21576170127684613
2024.06.04,000021.SZ,0.026853539014867273
2024.06.04,000034.SZ,0.2436017037744116
2024.06.04,000020.SZ,0.002573403018259838
2024.06.04,000035.SZ,0.0076837521272763625
2024.06.04,600049.SH,0.16637399600241515
2024.06.04,000031.SZ,0.02702182441337965
2024.06.04,600048.SH,0.20836015164543023
2024.06.04,000027.SZ,0.01158675116616072
2024.06.04,600018.SH,0.0021555255041669445
2024.06.04,600032.SH,0.2720071362136607
2024.06.04,000002.SZ,0.002785172163309853
2024.06.04,000014.SZ,0.015975760002112448
2024.06.04,600042.SH,0.16540859035972635
2024.06.04,600031.SH,0.06711736733039843
2024.06.04,000023.SZ,0.04006573512231243
2024.06.04,000029.SZ,0.05334073510575448
2024.06.04,600024.SH,0.113435130274409
2024.06.04,600025.SH,0.033400638483921996
2024.06.04,000032.SZ,0.024733857462546246
2024.06.04,000016.SZ,0.0477880758843913
2024.06.04,000049.SZ,0.07390481378947894
2024.06.04,600041.SH,0.020606517077262517
2024.06.04,000018.SZ,0.1738363748040502
2024.06.04,600017.SH,0.04206902586408882
2024.06.04,000042.SZ,0.026261514922553898
2024.06.04,600019.SH,0.1657084840022281
2024.06.04,600010.SH,0.03921489442390173
2024.06.04,600009.SH,0.099672116408864
2024.06.04,000040.SZ,0.1169315248943676
2024.06.04,000026.SZ,0.0867261408972665
2024.06.04,000012.SZ,0.09497115895615127
2024.06.04,000009.SZ,0.027622150580548975
2024.06.04,000028.SZ,0.32429296457050505
2024.06.04,600027.SH,0.16484585185688927
2024.06.04,600021.SH,0.03143819711091954
2024.06.04,600035.SH,0.052361241179479226
2024.06.04,000010.SZ,0.011836093127208926
2024.06.04,000008.SZ,0.503821661648483
2024.06.04,000005.SZ,0.12964843093754513
2024.06.04,000043.SZ,0.03327146873041296
2024.06.04,000046.SZ,0.2509339514258438
2024.06.04,600045.SH,0.14928353438416742
2024.06.04,000038.SZ,0.06212054646599707
2024.06.04,000007.SZ,0.02784507110567685
2024.06.04,000024.SZ,0.10795532602900033
2024.06.04,600016.SH,0.03544454728239479
2024.06.04,600044.SH,0.00517009624449931
2024.06.04,000004.SZ,0.06232165455751548
2024.06.04,600030.SH,0.19030412495649254
2024.06.04,600014.SH,0.5155961581118049
2024.06.04,600020.SH,0.21837413154490304
2024.06.04,000013.SZ,0.03333783140346155
2024.06.04,600043.SH,0.06788863974187774
2024.06.04,000048.SZ,0.041083192168959504
2024.06.04,000019.SZ,0.06235893579283552
2024.06.04,000039.SZ,0.018625979019196156
2024.06.04,000044.SZ,0.5373693981611276
2024.06.04,600008.SH,0.25811588178812095
2024.06.04,600004.SH,0.01342609917961252
2024.06.04,600022.SH,0.19767022310217822
2024.06.04,600003.SH,0.37936001905857797
2024.06.04,000001.SZ,0.13236387576146574
2024.06.04,600046.SH,0.046917417573938594
2024.06.04,600002.SH,0.07106198132730641
2024.06.04,000047.SZ,0.006081283864779628
2024.06.04,000022.SZ,0.029332900246691895
2024.06.04,600011.SH,0.07145357531078324
2024.06.04,000041.SZ,0.014011350710130252
2024.06.04,600013.SH,0.020749585690125326
2024.06.04,000036.SZ,0.052095245121494625
2024.06.04,600023.SH,0.08950269179339405
2024.06.04,000017.SZ,0.2490339675783505
2024.06.04,000030.SZ,0.1427885491044295
2024.06.04,600034.SH,0.0032523815038133803
2024.06.04,000006.SZ,0.11569838616367986
2024.06.04,600040.SH,0.07251551482340085
2024.06.04,000050.SZ,0.06356701201914775
2024.06.04,000033.SZ,0.023870748554641694
2024.06.04,000045.SZ,0.29107381030655904
2024.06.04,600006.SH,0.23767615333370465
2024.06.04,600029.SH,0.1051213165445215
2024.06.04,600028.SH,0.08033037012379365
2024.06.04,600047.SH,0.12413957712772218
2024.06.05,000024.SZ,0.0562735929357628
2024.06.05,000031.SZ,0.02593737079641775
2024.06.05,000003.SZ,0.17138241584834488
2024.06.05,600029.SH,0.05739539957452497
2024.06.05,000015.SZ,0.06645975027365218
2024.06.05,600022.SH,0.015830064452215176
2024.06.05,600020.SH,0.12314966679536263
2024.06.05,600045.SH,0.018469440680373844
2024.06.05,000021.SZ,0.03804696118651449
2024.06.05,000041.SZ,0.11851458914420314
2024.06.05,000043.SZ,0.026342390222966354
2024.06.05,000032.SZ,0.03681836353075481
2024.06.05,600030.SH,0.2833469295568592
2024.06.05,000027.SZ,0.054648379054333465
2024.06.05,600009.SH,0.03714105397559068
2024.06.05,000018.SZ,0.009368396693776164
2024.06.05,600049.SH,0.003915657971493977
2024.06.05,000008.SZ,0.2305302356369484
2024.06.05,600023.SH,0.06924120214682379
2024.06.05,000033.SZ,0.035887176191120744
2024.06.05,600015.SH,0.02954407656286012
2024.06.05,000050.SZ,0.2353660072321155
2024.06.05,000039.SZ,0.06504006296586193
2024.06.05,600033.SH,0.010113079308735015
2024.06.05,000040.SZ,0.028306782824535196
2024.06.05,000044.SZ,0.013710137450612364
2024.06.05,000029.SZ,0.007719784780729749
2024.06.05,000016.SZ,0.10108050351827537
2024.06.05,600007.SH,0.18062579728567166
2024.06.05,600026.SH,0.09776336330403163
2024.06.05,600012.SH,0.017239258216219824
2024.06.05,600008.SH,0.12496780692709154
2024.06.05,000009.SZ,0.10941560875899949
2024.06.05,000020.SZ,0.12600533799874267
2024.06.05,000038.SZ,0.12035132305751013
2024.06.05,600004.SH,0.09383515940036319
2024.06.05,600013.SH,0.038085136559663973
2024.06.05,600018.SH,0.01040720244986016
2024.06.05,600003.SH,0.25807677943732776
2024.06.05,600021.SH,0.05872654723299759
2024.06.05,600048.SH,0.20294515290896875
2024.06.05,000001.SZ,0.2464663496502958
2024.06.05,000034.SZ,0.16154485814455846
2024.06.05,000037.SZ,0.06943063545340986
2024.06.05,000047.SZ,0.006217181449760054
2024.06.05,000036.SZ,0.013792495916029383
2024.06.05,600016.SH,0.32418447406255085
2024.06.05,000005.SZ,0.24100050846929466
2024.06.05,600044.SH,0.12767570914555237
2024.06.05,000046.SZ,0.004018562278651013
2024.06.05,000023.SZ,0.06980605767128108
2024.06.05,600001.SH,0.137369386365843
2024.06.05,600002.SH,0.10721855907389195
2024.06.05,600034.SH,0.03799750857277756
2024.06.05,000014.SZ,0.024673975303962616
2024.06.05,600032.SH,0.05333592367074301
2024.06.05,600040.SH,0.15357458219181908
2024.06.05,000025.SZ,0.07555978325421828
2024.06.05,600037.SH,0.08713100724517894
2024.06.05,000028.SZ,0.04383987800657892
2024.06.05,600046.SH,0.09937368151956445
2024.06.05,000017.SZ,0.0007547567408244051
2024.06.05,600042.SH,0.028580881852346418
2024.06.05,600000.SH,0.019362494658554656
2024.06.05,000010.SZ,0.025314930346792188
2024.06.05,600019.SH,0.21411243907181704
2024.06.05,000019.SZ,0.13404050854931343
2024.06.05,600005.SH,0.04405164337607399
2024.06.05,600011.SH,0.06893000773160017
2024.06.05,000042.SZ,0.030679655505130195
2024.06.05,600038.SH,0.018849772775394055
2024.06.05,000048.SZ,0.22373942293273402
2024.06.05,600028.SH,0.018642696852074904
2024.06.05,600006.SH,0.3010755855315066
2024.06.05,000006.SZ,0.17342817516971382
2024.06.05,000026.SZ,0.06562266955590303
2024.06.05,600014.SH,0.28870392301125586
2024.06.05,600025.SH,0.746842786860667
2024.06.05,000013.SZ,0.036672040591223296
2024.06.05,000002.SZ,0.001589299509951427
2024.06.05,600047.SH,0.24675377430530362
2024.06.05,600041.SH,0.0036317433797245437
2024.06.05,600017.SH,0.012692082320588379
2024.06.05,000004.SZ,0.05890508402726496
2024.06.05,000045.SZ,0.13943469528092384
2024.06.05,600043.SH,0.0015465992947795246
2024.06.05,600027.SH,0.021589233903491586
2024.06.05,600039.SH,0.08676798228188669
2024.06.05,600035.SH,0.009278422161416718
2024.06.05,000012.SZ,0.09014414379037745
2024.06.05,000011.SZ,0.2784410240620451
2024.06.05,000030.SZ,0.06591679683004566
2024.06.05,000035.SZ,0.2637639985724056
2024.06.05,000022.SZ,0.12576888965515257
2024.06.05,600031.SH,0.1512460662971877
2024.06.05,600036.SH,0.3038699544925249
2024.06.06,600032.SH,0.2221387277296548
2024.06.06,600034.SH,0.0339926089938551
2024.06.06,600039.SH,0.1253771605708846
2024.06.06,000043.SZ,0.052447318636306285
2024.06.06,600013.SH,0.2259471384179784
2024.06.06,600016.SH,0.007813779514820847
2024.06.06,600041.SH,0.1882379481139658
2024.06.06,600006.SH,0.37199018940351586
2024.06.06,600048.SH,0.030777611016072584
2024.06.06,000002.SZ,0.045140304665459964
2024.06.06,000017.SZ,0.9188978033772113
2024.06.06,600035.SH,0.07223611013870102
2024.06.06,600038.SH,0.028562509287957127
2024.06.06,000032.SZ,0.19688099714645418
2024.06.06,000024.SZ,0.06084002308770473
2024.06.06,000016.SZ,0.29476253582476825
2024.06.06,000004.SZ,0.0008225323706452817
2024.06.06,000034.SZ,0.15169049716034153
2024.06.06,600011.SH,0.3039176246060751
2024.06.06,000047.SZ,0.09010087460092515
2024.06.06,000029.SZ,0.6225195494412467
2024.06.06,000010.SZ,0.029638479615255644
2024.06.06,000022.SZ,0.054630167324925615
2024.06.06,600009.SH,0.024401841179389344
2024.06.06,000046.SZ,0.017485284937968054
2024.06.06,600008.SH,0.04103685456371476
2024.06.06,600021.SH,0.03871597967845208
2024.06.06,000042.SZ,0.004524079688580503
2024.06.06,000008.SZ,0.10085723313140012
2024.06.06,000009.SZ,0.22467308420653792
2024.06.06,600020.SH,0.10622510282791667
2024.06.06,000031.SZ,0.09719881731903786
2024.06.06,600018.SH,0.046936700240077164
2024.06.06,000020.SZ,0.1943429546016062
2024.06.06,000019.SZ,0.10493500479768832
2024.06.06,600030.SH,0.015955200642836922
2024.06.06,600001.SH,0.05148630917822445
2024.06.06,600026.SH,0.07881705742883414
2024.06.06,600042.SH,0.08863390303203382
2024.06.06,600031.SH,0.05054137710653436
2024.06.06,000027.SZ,0.11448682169790314
2024.06.06,600046.SH,0.36236288543219697
2024.06.06,000021.SZ,0.11792099507183113
2024.06.06,600047.SH,0.021192985726475745
2024.06.06,600044.SH,0.08194279142176848
2024.06.06,000023.SZ,0.2431265784010947
2024.06.06,000037.SZ,0.24291710950450082
2024.06.06,600049.SH,0.16515704854970087
2024.06.06,000013.SZ,0.24632955136929877
2024.06.06,000041.SZ,0.3725540834404327
2024.06.06,000007.SZ,0.2433387918676068
2024.06.06,600012.SH,0.018299087269784874
2024.06.06,600036.SH,0.041454455366278176
2024.06.06,000018.SZ,0.08182823431288475
2024.06.06,600005.SH,0.009963437028944675
2024.06.06,000049.SZ,0.08206147919438742
2024.06.06,600037.SH,0.02310003682152998
2024.06.06,000044.SZ,0.29077515514578917
2024.06.06,000033.SZ,0.0046040750113975895
2024.06.06,000026.SZ,0.006790265195838814
2024.06.06,000014.SZ,0.10659896304897827
2024.06.06,000039.SZ,0.31709829980562554
2024.06.06,600043.SH,0.06460955077429895
2024.06.06,600033.SH,0.48031352912392455
2024.06.06,600045.SH,0.014799359843379309
2024.06.06,000005.SZ,0.05145847284489169
2024.06.06,000006.SZ,0.17608945488520433
2024.06.06,600004.SH,0.1607937553332716
2024.06.06,600002.SH,0.1914624946201411
2024.06.06,000025.SZ,0.17629524310447592
2024.06.06,000012.SZ,0.008272824564806313
2024.06.06,000038.SZ,0.004316098003592287
2024.06.06,000001.SZ,0.06574562734092274
2024.06.06,000015.SZ,0.12572800959968608
2024.06.06,600028.SH,0.33350308044956894
2024.06.06,600000.SH,0.09326626395882151
2024.06.06,600007.SH,0.24418952594115342
2024.06.06,600003.SH,0.08968185915911674
2024.06.06,600014.SH,0.19483352234239523
2024.06.06,000011.SZ,0.021116997764469094
2024.06.06,000003.SZ,0.1467151294375488
2024.06.06,600040.SH,0.04318839423889282
2024.06.06,000036.SZ,0.1663731047880705
2024.06.06,600029.SH,0.0355845774747339
2024.06.06,600023.SH,0.3260854774410964
2024.06.06,600019.SH,0.04409447677585192
2024.06.06,600010.SH,0.005115191506741035
2024.06.06,000048.SZ,0.0016414926068612173
2024.06.06,600017.SH,0.07839539274489957
2024.06.06,600024.SH,0.2768488514843458
2024.06.06,600015.SH,0.1963279401888299
2024.06.06,000035.SZ,0.009046827298802317
2024.06.06,000045.SZ,0.12008887911695812
2024.06.06,000028.SZ,0.3191150325304305
2024.06.06,600027.SH,0.1640014761677695
2024.06.06,600022.SH,0.10382394950088536
2024.06.07,600006.SH,0.17059200334380797
2024.06.07,000042.SZ,0.00576643292455783
2024.06.07,600014.SH,0.20643798179213077
2024.06.07,600018.SH,0.11719622717440055
2024.06.07,600035.SH,0.08659091127632378
2024.06.07,000033.SZ,0.07585158762835621
2024.06.07,000029.SZ,0.013559741470000535
2024.06.07,000019.SZ,0.027263257676543768
2024.06.07,600020.SH,0.12388777905171598
2024.06.07,000037.SZ,0.14505284934440116
2024.06.07,000017.SZ,0.051518539371032235
2024.06.07,000046.SZ,0.13185124882709112
2024.06.07,600036.SH,0.35016049325468274
2024.06.07,600040.SH,0.019014401109826943
2024.06.07,600030.SH,0.04822742772835254
2024.06.07,600044.SH,0.2366605735291556
2024.06.07,000018.SZ,0.012468305001553668
2024.06.07,000007.SZ,0.02562808906766374
2024.06.07,600023.SH,0.1456645605862453
2024.06.07,600010.SH,0.02226097266716954
2024.06.07,000016.SZ,0.1346015990682996
2024.06.07,600003.SH,0.004549535445263228
2024.06.07,600039.SH,0.0006506565895636713
2024.06.07,600041.SH,0.050215076528178956
2024.06.07,600007.SH,0.19995619692444397
2024.06.07,000010.SZ,0.1487123195509608
2024.06.07,600032.SH,0.046584111954254125
2024.06.07,600027.SH,0.005137276535947828
2024.06.07,000027.SZ,0.0448581078086076
2024.06.07,600031.SH,0.13300047850338118
2024.06.07,600016.SH,0.007173819634270523
2024.06.07,000023.SZ,0.09189413506955278
2024.06.07,000014.SZ,0.433661490679948
2024.06.07,600043.SH,0.1973321880934217
2024.06.07,000032.SZ,0.014017639879132522
2024.06.07,000012.SZ,0.035507064436352175
2024.06.07,000050.SZ,0.01921049243999154
2024.06.07,000043.SZ,0.07794836960475726
2024.06.07,600038.SH,0.08599436923670026
2024.06.07,600037.SH,0.09339701551092046
2024.06.07,600002.SH,0.21691373440397801
2024.06.07,600001.SH,0.03733340024199874
2024.06.07,600011.SH,0.033803833556662354
2024.06.07,600009.SH,0.05709237776263616
2024.06.07,000026.SZ,0.054174456467095566
2024.06.07,600000.SH,0.1363571516457855
2024.06.07,600046.SH,0.32050817251114017
2024.06.07,000036.SZ,0.0058615636281856495
2024.06.07,600034.SH,0.006644952006471522
2024.06.07,000039.SZ,0.05278959111924878
2024.06.07,000035.SZ,0.009128092590666135
2024.06.07,600048.SH,0.01804222549265154
2024.06.07,000047.SZ,0.1020182869126627
2024.06.07,000021.SZ,0.15758494594430345
2024.06.07,000045.SZ,0.05853980262663317
2024.06.07,000006.SZ,0.18934147172990523
2024.06.07,600033.SH,0.032582332117373526
2024.06.07,600017.SH,0.15079948130007523
2024.06.07,600028.SH,0.03225272623091756
2024.06.07,600049.SH,0.2494094116634938
2024.06.07,000038.SZ,0.0643610585134085
2024.06.07,000024.SZ,0.0321830682397875
2024.06.07,000005.SZ,0.04613144187682695
2024.06.07,000040.SZ,0.013550614833465166
2024.06.07,000034.SZ,0.21524572251600718
2024.06.07,000003.SZ,0.058113432686633736
2024.06.07,000011.SZ,0.012781553797182339
2024.06.07,000041.SZ,0.2544665338958039
2024.06.07,600008.SH,0.022111281942457442
2024.06.07,600029.SH,0.15232323952825147
2024.06.07,000015.SZ,0.11248821611678107
2024.06.07,000022.SZ,0.1695324215192087
2024.06.07,600042.SH,0.2716674516543102
2024.06.07,000001.SZ,0.002086587952746502
2024.06.07,600012.SH,0.10408389071588432
2024.06.07,600045.SH,0.06834551059500368
2024.06.07,000008.SZ,0.09198274862878486
2024.06.07,600026.SH,0.20476879066959267
2024.06.07,600021.SH,0.22410227056947873
2024.06.07,000030.SZ,0.06726418183244298
2024.06.07,600024.SH,0.1325889391446496
2024.06.07,600025.SH,0.1300981004515308
2024.06.07,600005.SH,0.012764402505253446
2024.06.07,600004.SH,0.529135927055049
2024.06.07,000002.SZ,0.08291364781478676
2024.06.07,600047.SH,0.15612211274527762
2024.06.07,000028.SZ,0.004889330626957743
2024.06.07,000013.SZ,0.06719424958544445
2024.06.07,600022.SH,0.01498579813900976
2024.06.07,000031.SZ,0.014144419142331398
2024.06.07,000025.SZ,0.11787078683160421
2024.06.07,000048.SZ,0.10254033549322068
2024.06.07,000049.SZ,0.10355804948316413
2024.06.07,600013.SH,0.08514651863486904
2024.06.07,000004.SZ,0.10463734050737108
2024.06.07,000009.SZ,0.0862302046312183
2024.06.07,000044.SZ,0.14037022834987598
2024.06.07,000020.SZ,0.3105868969528412
2024.06.10,000039.SZ,0.38851385397809807
2024.06.10,000050.SZ,0.1347989889184131
2024.06.10,600018.SH,0.12697059628701082
2024.06.10,600043.SH,0.0838593962313988
2024.06.10,600039.SH,0.01297023521768296
2024.06.10,600016.SH,0.052876066776897004
2024.06.10,600041.SH,0.009285741359680539
2024.06.10,000018.SZ,0.09137174906320707
2024.06.10,600029.SH,0.08624630127326548
2024.06.10,000040.SZ,0.04689957788852884
2024.06.10,000015.SZ,0.15308717114723255
2024.06.10,000004.SZ,0.2993313531539349
2024.06.10,000007.SZ,0.055385775459555586
2024.06.10,600023.SH,0.145532025854418
2024.06.10,600024.SH,0.03788338623794039
2024.06.10,600044.SH,0.014976613929884176
2024.06.10,600000.SH,0.06240220281443604
2024.06.10,000026.SZ,0.11976948123379566
2024.06.10,000036.SZ,0.06742480498480836
2024.06.10,000013.SZ,0.06685477259207728
2024.06.10,000019.SZ,0.09183655889481987
2024.06.10,000038.SZ,0.03821441751994553
2024.06.10,000047.SZ,0.04292226555318795
2024.06.10,000027.SZ,0.08650789953505038
2024.06.10,600040.SH,0.02047494031759218
2024.06.10,000035.SZ,0.22333032986489568
2024.06.10,000029.SZ,0.21548957517414075
2024.06.10,600027.SH,0.1641232192450625
2024.06.10,600011.SH,0.023472870929106753
2024.06.10,600015.SH,0.1646688875868869
2024.06.10,600012.SH,0.1195378504026348
2024.06.10,600028.SH,0.027390346546894026
2024.06.10,600009.SH,0.22103414136620478
2024.06.10,000014.SZ,0.0648738985662169
2024.06.10,600042.SH,0.02573078765112502
2024.06.10,600038.SH,0.27688771356521846
2024.06.10,600003.SH,0.05695882610644884
2024.06.10,000034.SZ,0.03763409999234706
2024.06.10,600046.SH,0.041539298212741445
2024.06.10,600020.SH,0.076556121023431
2024.06.10,600004.SH,0.17266322414156107
2024.06.10,000009.SZ,0.012644726280285437
2024.06.10,600032.SH,0.008359099813600397
2024.06.10,000037.SZ,0.050709167555020626
2024.06.10,000010.SZ,0.22016421857032253
2024.06.10,000045.SZ,0.08872299787921659
2024.06.10,000017.SZ,0.005771719744405684
2024.06.10,000022.SZ,0.03243558680100171
2024.06.10,000028.SZ,0.17316719232690142
2024.06.10,600013.SH,0.04685530020706248
2024.06.10,600036.SH,0.042444714481367024
2024.06.10,000008.SZ,0.12353011010805656
2024.06.10,000033.SZ,0.2332012358183163
2024.06.10,000032.SZ,0.056090526019222535
2024.06.10,600033.SH,0.12200117338261163
2024.06.10,000012.SZ,0.04705195016570126
2024.06.10,600002.SH,0.006712263851991007
2024.06.10,600014.SH,0.17824271842340264
2024.06.10,000044.SZ,0.1704791791715377
2024.06.10,600045.SH,0.11330840779502575
2024.06.10,600026.SH,0.35287086803419415
2024.06.10,000025.SZ,0.16783355822356197
2024.06.10,600034.SH,0.0073960648770902675
2024.06.10,600019.SH,0.04528988920618311
2024.06.10,600047.SH,0.0006035878154546216
2024.06.10,000043.SZ,0.07207997607410808
2024.06.10,600008.SH,0.03838543097651371
2024.06.10,000041.SZ,0.033233298462960185
2024.06.10,000024.SZ,0.05885747606479999
2024.06.10,000006.SZ,0.18579426757181564
2024.06.10,000046.SZ,0.052027580612136165
2024.06.10,600025.SH,0.4797590521319801
2024.06.10,600005.SH,0.03340076797481399
2024.06.10,600030.SH,0.013102693776629305
2024.06.10,000003.SZ,0.0866350012709893
2024.06.10,600021.SH,0.0814745871076271
2024.06.10,600022.SH,0.01871048945158391
2024.06.10,000030.SZ,0.009238264778183153
2024.06.10,600037.SH,0.12914747734706158
2024.06.10,000001.SZ,0.2355929819741191
2024.06.10,000021.SZ,0.00883514618728649
2024.06.10,000020.SZ,0.43926589815651423
2024.06.10,000031.SZ,0.14547088047050685
2024.06.10,000023.SZ,0.09871145903838056
2024.06.10,600031.SH,0.017823085901441854
2024.06.10,000042.SZ,0.06741009980532944
2024.06.10,000016.SZ,0.012550421984743343
2024.06.10,600010.SH,0.000469898097255298
2024.06.10,600048.SH,0.03821187384137528
2024.06.10,000005.SZ,0.032800207767062446
2024.06.10,000049.SZ,0.27641058529264423
2024.06.10,600007.SH,0.1960532187800368
2024.06.10,000002.SZ,0.02556603051620061
2024.06.10,600035.SH,0.11890002412799547
2024.06.10,000048.SZ,0.13267365687951665
2024.06.10,600049.SH,0.04062702091818529
2024.06.10,000011.SZ,0.1687494799717166
2024.06.11,600007.SH,0.06154847167076631
2024.06.11,600026.SH,0.07557191234577733
2024.06.11,600034.SH,0.08623792387664496
2024.06.11,000008.SZ,0.06196856622159298
2024.06.11,000028.SZ,0.0021247653592624278
2024.06.11,600012.SH,0.05310545864329482
2024.06.11,000050.SZ,0.06486913312952954
2024.06.11,600009.SH,0.07345200538758646
2024.06.11,000043.SZ,0.1788143717849772
2024.06.11,600043.SH,0.0699398008055464
2024.06.11,000042.SZ,0.12004995409475695
2024.06.11,600010.SH,0.09891529211051692
2024.06.11,000017.SZ,0.09348772103791746
2024.06.11,600049.SH,0.09283269207095678
2024.06.11,000006.SZ,0.16169555381920503
2024.06.11,000010.SZ,0.060685225284131214
2024.06.11,600006.SH,0.1226018838114001
2024.06.11,600032.SH,0.07503466541634536
2024.06.11,000038.SZ,0.45655416887779154
2024.06.11,000029.SZ,0.014997717583091529
2024.06.11,000007.SZ,0.19628006888150498
2024.06.11,000020.SZ,0.0033389954297292543
2024.06.11,600037.SH,0.05044724611236437
2024.06.11,600003.SH,0.35831077680504947
2024.06.11,000015.SZ,0.03260228851075285
2024.06.11,600024.SH,0.07635082645534226
2024.06.11,600020.SH,0.013510933057963088
2024.06.11,000049.SZ,0.15050811884332405
2024.06.11,000027.SZ,0.10620888928552843
2024.06.11,600030.SH,0.11174854098191037
2024.06.11,000025.SZ,0.000618588669382216
2024.06.11,600048.SH,0.03688258009781514
2024.06.11,000019.SZ,0.04231492944956062
2024.06.11,600008.SH,0.2295283962932788
2024.06.11,000014.SZ,0.2831879471775531
2024.06.11,000026.SZ,0.1072277718019763
2024.06.11,600038.SH,0.31872133350123083
2024.06.11,000041.SZ,0.04900419748289674
2024.06.11,000030.SZ,0.001483522581529323
2024.06.11,000005.SZ,0.11978237817852445
2024.06.11,000016.SZ,0.06527356961976283
2024.06.11,000047.SZ,0.26834339020795045
2024.06.11,600046.SH,0.13619083817047997
2024.06.11,000035.SZ,0.021041726766719122
2024.06.11,600039.SH,0.18559073605534937
2024.06.11,000004.SZ,0.2500619892850433
2024.06.11,000037.SZ,0.16748705085107754
2024.06.11,000045.SZ,0.032517624132707236
2024.06.11,000039.SZ,0.020229361265648824
2024.06.11,000044.SZ,0.03498597445006954
2024.06.11,000034.SZ,0.31494024515273095
2024.06.11,000023.SZ,0.07326717893148145
2024.06.11,600021.SH,0.43275247586536597
2024.06.11,000013.SZ,0.03205081275441374
2024.06.11,600000.SH,0.0023922175851040194
2024.06.11,000024.SZ,0.11114440352362039
2024.06.11,000040.SZ,0.03458166580108705
2024.06.11,600042.SH,0.10456511341370658
2024.06.11,600005.SH,0.08837897669830211
2024.06.11,000002.SZ,0.1486009191536216
2024.06.11,000011.SZ,0.0013337429694943886
2024.06.11,600022.SH,0.016722714390165032
2024.06.11,600013.SH,0.3715693078336253
2024.06.11,000046.SZ,0.0867111990103966
2024.06.11,000036.SZ,0.06555518705858168
2024.06.11,000048.SZ,0.1419452279381586
2024.06.11,600027.SH,0.011825827719666948
2024.06.11,000012.SZ,0.11661884636661174
2024.06.11,000001.SZ,0.061478256397357565
2024.06.11,600014.SH,0.02074350873439997
2024.06.11,600023.SH,0.009365286296378988
2024.06.11,600033.SH,0.023623322885877773
2024.06.11,000022.SZ,0.04930362660191699
2024.06.11,600041.SH,0.0689082641886052
2024.06.11,600015.SH,0.059401930309548844
2024.06.11,600001.SH,0.15787686968255593
2024.06.11,600004.SH,0.29627084652649566
2024.06.11,000021.SZ,0.00783783452646583
2024.06.11,600011.SH,0.05729914223959317
2024.06.11,600017.SH,0.05115042397121197
2024.06.11,600040.SH,0.17967140133986917
2024.06.11,000003.SZ,0.06820322658030582
2024.06.11,600002.SH,0.1258651824292214
2024.06.11,600047.SH,0.049325624754401054
2024.06.11,000031.SZ,0.13562753689172638
2024.06.11,000018.SZ,0.07755691365255074
2024.06.11,600016.SH,0.0051127912755007734
2024.06.11,600028.SH,0.05309194223271174
2024.06.11,600045.SH,0.015926453158776433
2024.06.11,000009.SZ,0.2628755945061542
2024.06.11,000032.SZ,0.10575462325916052
2024.06.11,600018.SH,0.09498991901815028
2024.06.11,600035.SH,0.22665621706550804
2024.06.11,000033.SZ,0.09616565612212458
2024.06.11,600019.SH,0.012470592733748733
2024.06.11,600031.SH,0.15752114316544974
2024.06.11,600044.SH,0.2406639110247324
2024.06.12,600031.SH,0.07146832892180555
2024.06.12,000005.SZ,0.2089806564694325
2024.06.12,000021.SZ,0.042621556540305375
2024.06.12,600034.SH,0.017997805468551644
2024.06.12,000037.SZ,0.06680466487652274
2024.06.12,000038.SZ,0.02718722606769921
2024.06.12,000029.SZ,0.026697152965242128
2024.06.12,600020.SH,0.04523109564643262
2024.06.12,600018.SH,0.09802391866545067
2024.06.12,000017.SZ,0.0032318814817849846
2024.06.12,000018.SZ,0.03139309201181615
2024.06.12,600015.SH,0.07950575791198869
2024.06.12,000009.SZ,0.1158579062022273
2024.06.12,000024.SZ,0.06614431581651942
2024.06.12,000046.SZ,0.08233329636433476
2024.06.12,000014.SZ,0.16490864857705442
2024.06.12,600047.SH,0.10707825931692087
2024.06.12,000012.SZ,0.08348782330739439
2024.06.12,600029.SH,0.011098134031342528
2024.06.12,000047.SZ,0.16450484885105898
2024.06.12,000030.SZ,0.11325311229002714
2024.06.12,000050.SZ,0.02927695650257394
2024.06.12,600028.SH,0.04931469318670149
2024.06.12,000026.SZ,0.10064006545805128
2024.06.12,600022.SH,0.08676113874387455
2024.06.12,000043.SZ,0.020873891301350048
2024.06.12,000041.SZ,0.20441685570833842
2024.06.12,600017.SH,0.14166633894336814
2024.06.12,000004.SZ,0.012097191819985226
2024.06.12,000035.SZ,0.2688662756208616
2024.06.12,600019.SH,0.02028451920535183
2024.06.12,600041.SH,0.08573013794363156
2024.06.12,600016.SH,0.05317782326160377
2024.06.12,600049.SH,0.15057675135662602
2024.06.12,600000.SH,0.10267425770018454
2024.06.12,600045.SH,0.16096324843771706
2024.06.12,600027.SH,0.09580771049619421
2024.06.12,000006.SZ,0.0736719893083553
2024.06.12,000002.SZ,0.07913646268180864
2024.06.12,600042.SH,0.1539082615023268
2024.06.12,000019.SZ,0.08781441655697172
2024.06.12,000015.SZ,0.08360748626879466
2024.06.12,600048.SH,0.24990938125621984
2024.06.12,600035.SH,0.030747227876453564
2024.06.12,600030.SH,0.062332940498361064
2024.06.12,600023.SH,0.1312738646260586
2024.06.12,600025.SH,0.08873362566423913
2024.06.12,000031.SZ,0.1344522330119996
2024.06.12,000003.SZ,0.22196239317388936
2024.06.12,000033.SZ,0.01851712056692128
2024.06.12,600036.SH,0.0818623448165556
2024.06.12,600013.SH,0.09972419001181869
2024.06.12,600002.SH,0.04165039603436694
2024.06.12,600008.SH,0.10406209198601425
2024.06.12,600001.SH,0.07999588583531014
2024.06.12,000028.SZ,0.42793681441315795
2024.06.12,000008.SZ,0.03095263249276173
2024.06.12,000010.SZ,0.19109748029960683
2024.06.12,600010.SH,0.4114591557440179
2024.06.12,600032.SH,0.03705350159449749
2024.06.12,600037.SH,0.1050469027187927
2024.06.12,600006.SH,0.004899645274095647
2024.06.12,000027.SZ,0.01662295021153077
2024.06.12,600044.SH,0.27532373910113606
2024.06.12,000011.SZ,0.32233341778738006
2024.06.12,000048.SZ,0.04341049461612167
2024.06.12,600039.SH,0.24900021239170386
2024.06.12,600014.SH,0.09311753891071681
2024.06.12,000032.SZ,0.06595209651008972
2024.06.12,600011.SH,0.23840269170396258
2024.06.12,000023.SZ,0.032662287301025834
2024.06.12,600024.SH,0.02086607805639222
2024.06.12,600009.SH,0.06059004784736111
2024.06.12,600040.SH,0.06622605437986483
2024.06.12,000016.SZ,0.012888677297916287
2024.06.12,600012.SH,0.1925923690797048
2024.06.12,600038.SH,0.12780187856084937
2024.06.12,000007.SZ,0.15646349851960725
2024.06.12,600004.SH,0.15405797827718654
2024.06.12,000001.SZ,0.2042243914428543
2024.06.12,600033.SH,0.01567385432712447
2024.06.12,000020.SZ,0.03496703419568641
2024.06.12,000040.SZ,0.04917916321214367
2024.06.12,600007.SH,0.18149425606244457
2024.06.12,000042.SZ,0.16756284385094
2024.06.12,000036.SZ,0.004625931758415443
2024.06.12,000022.SZ,0.17890157246736477
2024.06.12,600026.SH,0.10554813660270215
2024.06.12,000013.SZ,0.19920191043072596
2024.06.12,600005.SH,0.18869620945303575
2024.06.12,000034.SZ,0.15878388726661755
2024.06.12,600021.SH,0.24272291752158365
2024.06.12,600046.SH,0.19956836514771387
2024.06.12,000039.SZ,0.19197527739774153
2024.06.12,000049.SZ,0.14305347303216304
2024.06.12,000025.SZ,0.08970903950053548
2024.06.12,600003.SH,0.12421969345662551
2024.06.13,000036.SZ,0.33976655983215553
2024.06.13,600018.SH,0.020638223280060736
2024.06.13,000014.SZ,0.025056721183416602
2024.06.13,600049.SH,0.07574635292917416
2024.06.13,000044.SZ,0.013667250639324006
2024.06.13,000013.SZ,0.13858151800454374
2024.06.13,000020.SZ,0.026947592679773737
2024.06.13,600017.SH,0.15030795523246573
2024.06.13,600008.SH,0.051679128856581436
2024.06.13,000005.SZ,0.059960017530082746
2024.06.13,600045.SH,0.023619657281219474
2024.06.13,600001.SH,0.1871267443488771
2024.06.13,600020.SH,0.11932322460287201
2024.06.13,000032.SZ,0.03385220495716121
2024.06.13,000047.SZ,0.05667657528232573
2024.06.13,600004.SH,0.4319119924666128
2024.06.13,600013.SH,0.2748956011091463
2024.06.13,000015.SZ,0.0666447439686304
2024.06.13,600034.SH,0.0729526023036189
2024.06.13,600024.SH,0.2150739144541937
2024.06.13,600031.SH,0.09935762785533707
2024.06.13,000021.SZ,0.014529270348460242
2024.06.13,000002.SZ,0.09246621940912525
2024.06.13,600038.SH,0.07987743591984112
2024.06.13,000035.SZ,0.16016227554612913
2024.06.13,000050.SZ,0.15842797780882717
2024.06.13,600006.SH,0.2581082694328223
2024.06.13,000041.SZ,0.10248938809997646
2024.06.13,600028.SH,0.008339687992466427
2024.06.13,000049.SZ,0.08888806195092523
2024.06.13,600016.SH,0.044037668123495674
2024.06.13,000009.SZ,0.022893153571850042
2024.06.13,000018.SZ,0.33549905289671383
2024.06.13,600041.SH,0.0022997035675207957
2024.06.13,600012.SH,0.03875183090921914
2024.06.13,000045.SZ,0.02139202376224102
2024.06.13,600009.SH,0.031264582786918224
2024.06.13,600010.SH,0.16527674070333548
2024.06.13,600030.SH,0.3110715511738424
2024.06.13,000010.SZ,0.17808867468578463
2024.06.13,600032.SH,0.0030658911968326195
2024.06.13,000039.SZ,0.14253834248231959
2024.06.13,000042.SZ,0.23971581777976356
2024.06.13,600026.SH,0.22443168174819442
2024.06.13,000025.SZ,0.03283830543947173
2024.06.13,000019.SZ,0.04026719925344734
2024.06.13,600007.SH,0.019971376640859895
2024.06.13,000024.SZ,0.05127803554939657
2024.06.13,000046.SZ,0.07419796642073213
2024.06.13,600035.SH,0.032377379584314504
2024.06.13,000029.SZ,0.06718519734113351
2024.06.13,600023.SH,0.23501035513805602
2024.06.13,000038.SZ,0.059591312839261744
2024.06.13,600022.SH,0.31063879531918903
2024.06.13,000006.SZ,0.10637320239432536
2024.06.13,600003.SH,0.04720848526356462
2024.06.13,600019.SH,0.16215724293354772
2024.06.13,600039.SH,0.0823275664810895
2024.06.13,000043.SZ,0.07538678601252223
2024.06.13,600043.SH,0.020604076035813275
2024.06.13,600014.SH,0.49916394869142744
2024.06.13,600021.SH,0.0022018206443826585
2024.06.13,000012.SZ,0.09471906441697968
2024.06.13,000004.SZ,0.02083215778401853
2024.06.13,600011.SH,0.5740428084365341
2024.06.13,000030.SZ,0.005054432127952238
2024.06.13,600015.SH,0.014482093039777894
2024.06.13,600047.SH,0.11271582780564149
2024.06.13,600042.SH,0.013981881654065085
2024.06.13,600036.SH,0.29359117739913315
2024.06.13,600044.SH,0.03418819562520241
2024.06.13,000040.SZ,0.06525144710832122
2024.06.13,000031.SZ,0.03173012704954629
2024.06.13,000001.SZ,0.1435385873601808
2024.06.13,600002.SH,0.49743343939745044
2024.06.13,000008.SZ,0.3620320933858392
2024.06.13,600040.SH,0.10287848167502023
2024.06.13,600048.SH,0.01671616647703829
2024.06.13,600029.SH,0.02499180196305096
2024.06.13,600000.SH,0.20832043942090542
2024.06.13,000034.SZ,0.2248242562628773
2024.06.13,000022.SZ,0.04932233170709753
2024.06.13,000016.SZ,0.010043507571371289
2024.06.13,600027.SH,0.06898521596343857
2024.06.13,600025.SH,0.06722709756068734
2024.06.13,000003.SZ,0.03763355208685263
2024.06.13,000017.SZ,0.14295785464130928
2024.06.13,000023.SZ,0.0011534044906756726
2024.06.13,000011.SZ,0.10083032794296903
2024.06.13,000048.SZ,0.2192194290988729
2024.06.13,600033.SH,0.17706410255893787
2024.06.13,000027.SZ,0.10827169605627818
2024.06.13,600046.SH,0.034013893380589036
2024.06.13,000037.SZ,0.03961577027140184
2024.06.13,000026.SZ,0.057473649530077
2024.06.13,000028.SZ,0.024645216142806924
2024.06.14,000037.SZ,0.005277312616679218
2024.06.14,000046.SZ,0.056263298144740466
2024.06.14,600041.SH,0.12495068332679517
2024.06.14,600044.SH,0.057921992068920354
2024.06.14,600019.SH,0.030946345379868838
2024.06.14,600033.SH,0.1882592952906487
2024.06.14,600036.SH,0.08901292589512211
2024.06.14,000039.SZ,0.12133291097769998
2024.06.14,000004.SZ,0.053637564640672715
2024.06.14,000027.SZ,0.04086428290603427
2024.06.14,000048.SZ,0.06549114907589779
2024.06.14,000009.SZ,0.1048153788682344
2024.06.14,600028.SH,0.002500123825724861
2024.06.14,600001.SH,0.09206009543318576
2024.06.14,000014.SZ,0.012439207408182195
2024.06.14,600014.SH,0.23263819568585464
2024.06.14,600017.SH,0.09469726360994564
2024.06.14,000006.SZ,0.1551139601546278
2024.06.14,600010.SH,0.07822324207912401
2024.06.14,600031.SH,0.06259140256080124
2024.06.14,600012.SH,0.01427287299230573
2024.06.14,600005.SH,0.06920877490722885
2024.06.14,600013.SH,0.07237854915487839
2024.06.14,000050.SZ,0.06870673802613078
2024.06.14,600016.SH,0.27553261739717433
2024.06.14,000011.SZ,0.014751491185906374
2024.06.14,600024.SH,0.08258937602981993
2024.06.14,600009.SH,0.07170071856355995
2024.06.14,600008.SH,0.3503437136360851
2024.06.14,000026.SZ,0.042597260885710496
2024.06.14,600007.SH,0.06765632418727176
2024.06.14,000030.SZ,0.224580552664639
2024.06.14,600023.SH,0.13239357073751254
2024.06.14,000001.SZ,0.06641543656489302
2024.06.14,000016.SZ,0.019756085271833188
2024.06.14,000002.SZ,0.10857537473639242
2024.06.14,000015.SZ,0.0868379567422287
2024.06.14,600032.SH,0.07084706572039955
2024.06.14,600002.SH,0.04730776531316841
2024.06.14,600027.SH,0.09758164234809286
2024.06.14,000034.SZ,0.04092059923631598
2024.06.14,600048.SH,0.05242786688919413
2024.06.14,600020.SH,0.1350452770117796
2024.06.14,600040.SH,0.015619347828653997
2024.06.14,600000.SH,0.09224278464427645
2024.06.14,600003.SH,0.10371763863613162
2024.06.14,000043.SZ,0.07173652948990807
2024.06.14,000040.SZ,0.1580934479396193
2024.06.14,000047.SZ,0.08273905907171065
2024.06.14,600046.SH,0.21686417997190918
2024.06.14,000025.SZ,0.043305361472663936
2024.06.14,000036.SZ,0.022415239079849252
2024.06.14,000045.SZ,0.0005332978439911099
2024.06.14,000024.SZ,0.06571706010536581
2024.06.14,600035.SH,0.28604887493923514
2024.06.14,000022.SZ,0.1678542353797316
2024.06.14,000021.SZ,0.0502324231111411
2024.06.14,600011.SH,0.00962102831297728
2024.06.14,000042.SZ,0.05277130342149626
2024.06.14,600021.SH,0.0804718660078664
2024.06.14,600039.SH,0.12470713499142314
2024.06.14,000044.SZ,0.033176484944171136
2024.06.14,000035.SZ,0.1254751619428056
2024.06.14,600045.SH,0.005864599884394499
2024.06.14,600034.SH,0.006683755488789379
2024.06.14,000049.SZ,0.040871871019120216
2024.06.14,000005.SZ,0.054119498026179304
2024.06.14,000032.SZ,0.03633782599279242
2024.06.14,600049.SH,0.12065439537933119
2024.06.14,000018.SZ,0.325562633627102
2024.06.14,600029.SH,0.14450001661288905
2024.06.14,600042.SH,0.02703909241923075
2024.06.14,600026.SH,0.014280984251551413
2024.06.14,000029.SZ,0.08966385093333581
2024.06.14,000041.SZ,0.07513116362254262
2024.06.14,600004.SH,0.08934479818650612
2024.06.14,000012.SZ,0.012048356475451855
2024.06.14,000003.SZ,0.03900691862047132
2024.06.14,000023.SZ,0.01208956891721126
2024.06.14,000008.SZ,0.12677731031661446
2024.06.14,600030.SH,0.1226564029792198
2024.06.14,600018.SH,0.007039922903802727
2024.06.14,600038.SH,0.011204841631063472
2024.06.14,600006.SH,0.12367241095776386
2024.06.14,000010.SZ,0.06238822848905825
2024.06.14,600047.SH,0.5272395550307073
2024.06.14,000031.SZ,0.19151521601943203
2024.06.14,000038.SZ,0.06588637104924686
2024.06.14,600037.SH,0.030634422204708918
2024.06.14,600043.SH,0.24495655306965403
2024.06.14,000013.SZ,0.10094799048648172
2024.06.14,000033.SZ,0.026978608358142055
2024.06.14,600025.SH,0.04368429097919795
2024.06.14,000028.SZ,0.07507697399509478
2024.06.14,600015.SH,0.08027691849187374
2024.06.14,000019.SZ,0.003673423837020298
2024.06.14,000007.SZ,0.01900890713101593
2024.06.17,000028.SZ,0.0531825988548032
2024.06.17,000044.SZ,0.30560368493061424
2024.06.17,600035.SH,0.00725890335555331
2024.06.17,000011.SZ,0.0026596855097555387
2024.06.17,000009.SZ,0.06602069463042275
2024.06.17,000005.SZ,0.11872719460170146
2024.06.17,600031.SH,0.11394612573743201
2024.06.17,600015.SH,0.003635649262421955
2024.06.17,600005.SH,0.07836745407644209
2024.06.17,600020.SH,0.16763542460508593
2024.06.17,000048.SZ,0.3756528474309098
2024.06.17,000033.SZ,0.057642092850019616
2024.06.17,600026.SH,0.1274416946163622
2024.06.17,000004.SZ,0.2182735393937986
2024.06.17,600011.SH,0.002406272232039417
2024.06.17,000036.SZ,0.10192348894253311
2024.06.17,000010.SZ,0.12718826114610515
2024.06.17,000006.SZ,0.20571559442622983
2024.06.17,000050.SZ,0.003176140832378815
2024.06.17,600008.SH,0.012105678650617636
2024.06.17,600029.SH,0.01363621752816909
2024.06.17,000001.SZ,0.1717522311725602
2024.06.17,600047.SH,0.0679974326769426
2024.06.17,000023.SZ,0.08433284172969317
2024.06.17,000038.SZ,0.24748840753112833
2024.06.17,000020.SZ,0.017623880874609216
2024.06.17,600013.SH,0.03858452169975555
2024.06.17,000019.SZ,0.20551864372980727
2024.06.17,000043.SZ,0.05763717533508137
2024.06.17,600040.SH,0.1250687676088522
2024.06.17,600041.SH,0.028794372595044634
2024.06.17,000008.SZ,0.17210677809144875
2024.06.17,000014.SZ,0.20761795602113575
2024.06.17,600004.SH,0.2091081895698561
2024.06.17,000013.SZ,0.05379353211936607
2024.06.17,600018.SH,0.133889190819017
2024.06.17,600016.SH,0.01516724972010792
2024.06.17,000022.SZ,0.3105814413755055
2024.06.17,600045.SH,0.012271046003125207
2024.06.17,000015.SZ,0.09423923109108176
2024.06.17,000032.SZ,0.07657797106223167
2024.06.17,000035.SZ,0.06644006366324845
2024.06.17,600049.SH,0.27876587557318705
2024.06.17,000040.SZ,0.3272234157442928
2024.06.17,600025.SH,0.3542533954073432
2024.06.17,600038.SH,0.19529832667406236
2024.06.17,600021.SH,0.05760187202064822
2024.06.17,600006.SH,0.09970855498784703
2024.06.17,600024.SH,0.16326501214698894
2024.06.17,600000.SH,0.06658879790005844
2024.06.17,600042.SH,0.13683291902908112
2024.06.17,000018.SZ,0.21475847393601621
2024.06.17,600033.SH,0.1257081741965166
2024.06.17,000037.SZ,0.23268012756114895
2024.06.17,000041.SZ,0.04267044303018536
2024.06.17,000017.SZ,0.19510421434175826
2024.06.17,600030.SH,0.20908760979822766
2024.06.17,600014.SH,0.27283060669822856
2024.06.17,600003.SH,0.06763444742634772
2024.06.17,600048.SH,0.07856134204203584
2024.06.17,600001.SH,0.03224218727310826
2024.06.17,600012.SH,0.07307479918848606
2024.06.17,600028.SH,0.07132956720259784
2024.06.17,000045.SZ,0.07524182577682022
2024.06.17,000021.SZ,0.17487552596339967
2024.06.17,000002.SZ,0.015859383411292904
2024.06.17,600039.SH,0.057827075846124724
2024.06.17,000047.SZ,0.0357299020457551
2024.06.17,600022.SH,0.2646646126037796
2024.06.17,000034.SZ,0.1876836943671003
2024.06.17,600036.SH,0.026815348030524228
2024.06.17,600043.SH,0.22553904166591096
2024.06.17,600009.SH,0.053773934521081854
2024.06.17,000046.SZ,0.09270714487304207
2024.06.17,000024.SZ,0.23898428503744723
2024.06.17,000007.SZ,0.053580287624036785
2024.06.17,600032.SH,0.09129360161361104
2024.06.17,000016.SZ,0.044280660323344795
2024.06.17,600007.SH,0.04903671885205039
2024.06.17,600037.SH,0.09311055802387952
2024.06.17,000012.SZ,0.08017929219156868
2024.06.17,600002.SH,0.7051568039990714
2024.06.17,000029.SZ,0.5714956807174679
2024.06.17,000027.SZ,0.16309537743255914
2024.06.17,600019.SH,0.07124738638966098
2024.06.17,600023.SH,0.01230922971936248
2024.06.17,000030.SZ,0.02761930555886636
2024.06.17,600046.SH,0.07350217534617473
2024.06.17,000026.SZ,0.03985627566096913
2024.06.17,000003.SZ,0.013581399519689306
2024.06.17,000025.SZ,0.23594379182604147
2024.06.17,000049.SZ,0.4077113643810715
2024.06.17,000031.SZ,0.284570488552261
2024.06.17,000042.SZ,0.04241406144761608
2024.06.17,000039.SZ,0.238645149091885
2024.06.17,600017.SH,0.04033729748925536
2024.06.17,600034.SH,0.0014324986313645287
2024.06.18,600032.SH,0.021431355256822535
2024.06.18,600003.SH,0.029643720976473248
2024.06.18,000013.SZ,0.11313552919562293
2024.06.18,600045.SH,0.09147570453169111
2024.06.18,000026.SZ,0.08755932062701116
2024.06.18,000005.SZ,0.37021966108716675
2024.06.18,600013.SH,0.002113249620976061
2024.06.18,000022.SZ,0.06446054390343589
2024.06.18,600029.SH,0.24836983590104011
2024.06.18,000045.SZ,0.004530090198941247
2024.06.18,000033.SZ,0.3328817424238005
2024.06.18,600025.SH,0.012577402024054166
2024.06.18,000004.SZ,0.034907482196477636
2024.06.18,000042.SZ,0.08390629161865457
2024.06.18,600033.SH,0.05625051760719933
2024.06.18,600011.SH,0.11484355946235135
2024.06.18,000011.SZ,0.011887111394623801
2024.06.18,000044.SZ,0.46836304608314966
2024.06.18,000019.SZ,0.01680529466879419
2024.06.18,600022.SH,0.18536778385773742
2024.06.18,600010.SH,0.04531346148970115
2024.06.18,000031.SZ,0.27411999565492295
2024.06.18,000025.SZ,0.04542663837455288
2024.06.18,000015.SZ,0.046717845086981374
2024.06.18,600046.SH,0.03794694357955047
2024.06.18,600036.SH,0.2136419023336588
2024.06.18,000049.SZ,0.28028376518021475
2024.06.18,600004.SH,0.06889671110734075
2024.06.18,000039.SZ,0.08006739501567292
2024.06.18,600007.SH,0.09656132894432973
2024.06.18,000028.SZ,0.15434143283162385
2024.06.18,600040.SH,0.08804830917080698
2024.06.18,000008.SZ,0.36261430945336065
2024.06.18,000007.SZ,0.173630701760107
2024.06.18,000023.SZ,0.26528934852353936
2024.06.18,600031.SH,0.028098819272927334
2024.06.18,000047.SZ,0.004775490601329384
2024.06.18,600024.SH,0.12820247148109895
2024.06.18,000027.SZ,0.053990194014688055
2024.06.18,000017.SZ,0.08902193204331983
2024.06.18,000037.SZ,0.007778231858320597
2024.06.18,000035.SZ,0.14703725131155315
2024.06.18,000034.SZ,0.02746215085322954
2024.06.18,000038.SZ,0.0667138154023881
2024.06.18,000050.SZ,0.01976811474999306
2024.06.18,600035.SH,0.051006641498242036
2024.06.18,600021.SH,0.0074533837377963475
2024.06.18,600027.SH,0.16454534195728548
2024.06.18,000021.SZ,0.020952368463980766
2024.06.18,600037.SH,0.08699324447429099
2024.06.18,600039.SH,0.09864819422260182
2024.06.18,000018.SZ,0.34660815013217444
2024.06.18,600014.SH,0.07420446762744594
2024.06.18,000024.SZ,0.3174010097994407
2024.06.18,000029.SZ,0.045103507769316084
2024.06.18,600017.SH,0.4246013469288133
2024.06.18,600028.SH,0.046528176462981935
2024.06.18,000030.SZ,0.2356437057386195
2024.06.18,000001.SZ,0.06169077231145364
2024.06.18,600001.SH,0.05773237850949856
2024.06.18,600016.SH,0.015207878341574776
2024.06.18,000032.SZ,0.6453118391381727
2024.06.18,600041.SH,0.007867840254747788
2024.06.18,600047.SH,0.013261913831352036
2024.06.18,000006.SZ,0.16008179293969002
2024.06.18,600044.SH,0.11357295637983988
2024.06.18,600030.SH,0.07469576103187656
2024.06.18,000046.SZ,0.11354935738088105
2024.06.18,600009.SH,0.12000726211627995
2024.06.18,000048.SZ,0.00410724078753398
2024.06.18,000020.SZ,0.017444405419204577
2024.06.18,000036.SZ,0.10029768209811896
2024.06.18,600002.SH,0.3781991274593617
2024.06.18,600049.SH,0.23574653491740047
2024.06.18,600012.SH,0.1426414758564343
2024.06.18,600042.SH,0.14521635300780575
2024.06.18,000016.SZ,0.17767799727988204
2024.06.18,600023.SH,0.10291910735978214
2024.06.18,600019.SH,0.051959720632799196
2024.06.18,600018.SH,0.31661166515989864
2024.06.18,600048.SH,0.3169356098054228
2024.06.18,000040.SZ,0.010993672302417452
2024.06.18,000002.SZ,0.1372424086077141
2024.06.18,000043.SZ,0.01469171574866509
2024.06.18,600034.SH,0.10160524342831341
2024.06.18,000041.SZ,0.06384706827103598
2024.06.18,000014.SZ,0.06239622997801687
2024.06.18,600005.SH,0.20783396019131584
2024.06.18,000012.SZ,0.1343443159688598
2024.06.18,600000.SH,0.0911799375967637
2024.06.18,000003.SZ,0.09607388517760636
2024.06.18,000009.SZ,0.18826592948829285
2024.06.18,600006.SH,0.1558341156111153
2024.06.18,600038.SH,0.13889121193486578
2024.06.18,600026.SH,0.15628815442391705
2024.06.18,600020.SH,0.06948804619201401
2024.06.18,600008.SH,0.03465596752742155
2024.06.18,000010.SZ,0.0149078317821688
2024.06.19,600016.SH,0.17312218225081802
2024.06.19,000014.SZ,0.10282418226094064
2024.06.19,600024.SH,0.1746054766724499
2024.06.19,600007.SH,0.10027577552927665
2024.06.19,000033.SZ,0.0077916011376012
2024.06.19,000036.SZ,0.06266472679268253
2024.06.19,000027.SZ,0.14685349792532276
2024.06.19,600049.SH,0.031199689908732578
2024.06.19,600004.SH,0.9193284408229802
2024.06.19,600001.SH,0.3460734628421775
2024.06.19,600035.SH,0.03222423939561029
2024.06.19,000020.SZ,0.4118531717114337
2024.06.19,000009.SZ,0.048725055923753154
2024.06.19,000026.SZ,0.07321135798881391
2024.06.19,000038.SZ,0.025647299513361043
2024.06.19,000005.SZ,0.30701956465319624
2024.06.19,600015.SH,0.046776480060508954
2024.06.19,600048.SH,0.24971135836787992
2024.06.19,000043.SZ,0.16119720602204546
2024.06.19,600005.SH,0.1464737471468297
2024.06.19,000028.SZ,0.3570950391763948
2024.06.19,600037.SH,0.18598064514030377
2024.06.19,600002.SH,0.19965637614663034
2024.06.19,000021.SZ,0.2131356025841396
2024.06.19,600006.SH,0.28815471110908397
2024.06.19,000025.SZ,0.13402201676594733
2024.06.19,000024.SZ,0.06861226471355858
2024.06.19,600017.SH,0.004962317075919298
2024.06.19,000002.SZ,0.31169813963558907
2024.06.19,000003.SZ,0.022133726107765105
2024.06.19,000047.SZ,0.039198977717417774
2024.06.19,000034.SZ,0.006101912435949381
2024.06.19,600018.SH,0.1403259461871946
2024.06.19,000001.SZ,0.028502558168946392
2024.06.19,000004.SZ,0.040938959399698965
2024.06.19,000008.SZ,0.25133940221999096
2024.06.19,600019.SH,0.029318813231782856
2024.06.19,000041.SZ,0.007564612145609117
2024.06.19,000017.SZ,0.3757478588034124
2024.06.19,000042.SZ,0.0477893519795334
2024.06.19,000011.SZ,0.4667573762895319
2024.06.19,000030.SZ,0.2688336737108033
2024.06.19,600013.SH,0.011998695150332722
2024.06.19,600047.SH,0.059346324871707816
2024.06.19,600029.SH,0.04090958876138343
2024.06.19,000037.SZ,0.006579092666992814
2024.06.19,000048.SZ,0.06728414618735247
2024.06.19,600042.SH,0.034354131445399325
2024.06.19,600028.SH,0.22980784684182004
2024.06.19,600025.SH,0.06921638770894631
2024.06.19,000040.SZ,0.18553598198147905
2024.06.19,600043.SH,0.09521409114246389
2024.06.19,000012.SZ,0.07667584165535832
2024.06.19,000031.SZ,0.16386690015797986
2024.06.19,000016.SZ,0.17977593088386787
2024.06.19,600030.SH,0.015590203507688964
2024.06.19,000010.SZ,0.27040028037684777
2024.06.19,000007.SZ,0.012943554689861672
2024.06.19,600011.SH,0.043765433535214546
2024.06.19,600040.SH,0.14943781452881838
2024.06.19,000018.SZ,0.18250113954147512
2024.06.19,000013.SZ,0.14152562962536572
2024.06.19,600032.SH,0.07028118066114018
2024.06.19,600027.SH,0.015318462196183621
2024.06.19,600020.SH,0.1451126789211431
2024.06.19,600022.SH,0.24860393156945204
2024.06.19,600046.SH,0.00047970200814144605
2024.06.19,000006.SZ,0.27296182427583676
2024.06.19,600014.SH,0.0354825222131347
2024.06.19,000050.SZ,0.24403064318781448
2024.06.19,000022.SZ,0.2801538585728786
2024.06.19,600023.SH,0.007013154335813034
2024.06.19,600044.SH,0.10169593905656608
2024.06.19,600031.SH,0.022953693864351234
2024.06.19,000044.SZ,0.13498168147607928
2024.06.19,600039.SH,0.23738373248226194
2024.06.19,600000.SH,0.08909614598050662
2024.06.19,000029.SZ,0.06726231433115182
2024.06.19,600003.SH,0.02008163303339015
2024.06.19,600033.SH,0.10396393236122008
2024.06.19,600012.SH,0.027045734767926682
2024.06.19,600008.SH,0.31447974388008426
2024.06.19,000049.SZ,0.008049257470255112
2024.06.19,600010.SH,0.07568124294209046
2024.06.19,600036.SH,0.10450025875644003
2024.06.19,600045.SH,0.46383452709471845
2024.06.19,000032.SZ,0.007269711162998851
2024.06.19,600041.SH,0.01904255051931645
2024.06.19,000035.SZ,0.026166903339156344
2024.06.19,600021.SH,0.18611063535527225
2024.06.19,600026.SH,0.0038084813594687957
2024.06.19,000019.SZ,0.015746097510935406
2024.06.19,000046.SZ,0.10002640048591459
2024.06.19,600038.SH,0.1117667975246319
2024.06.19,000045.SZ,0.005178876925053714
2024.06.19,000015.SZ,0.03336503207884815
2024.06.19,000023.SZ,0.13303449548134885
2024.06.20,000049.SZ,0.06394555433991145
2024.06.20,000021.SZ,0.03791362986039361
2024.06.20,000022.SZ,0.05563293470093515
2024.06.20,000032.SZ,0.03608824493029922
2024.06.20,600017.SH,0.012622926401044314
2024.06.20,000042.SZ,0.06158349965883436
2024.06.20,600011.SH,0.11535486551454951
2024.06.20,600006.SH,0.40394127795737184
2024.06.20,000004.SZ,0.24830191780945332
2024.06.20,000014.SZ,0.01991125361755862
2024.06.20,000030.SZ,0.10400104246939598
2024.06.20,600031.SH,0.09822460333267656
2024.06.20,600009.SH,0.052745497043385554
2024.06.20,600020.SH,0.013016832066151264
2024.06.20,000044.SZ,0.07616651002618512
2024.06.20,600040.SH,0.05778435907098755
2024.06.20,600024.SH,0.11371153116681726
2024.06.20,600012.SH,0.423355388975959
2024.06.20,600023.SH,0.006709868992832193
2024.06.20,000002.SZ,0.04797994205444607
2024.06.20,000046.SZ,0.08337780824651446
2024.06.20,000012.SZ,0.10807930331559973
2024.06.20,000039.SZ,0.0658990061319957
2024.06.20,000009.SZ,0.018507704161747088
2024.06.20,000024.SZ,0.26817154599284
2024.06.20,000016.SZ,0.245651513896521
2024.06.20,600016.SH,0.4161661175776326
2024.06.20,000017.SZ,0.1096764552197435
2024.06.20,600004.SH,0.12406356012481339
2024.06.20,600049.SH,0.09483967521934752
2024.06.20,000036.SZ,0.043842450342786006
2024.06.20,600043.SH,0.011981301567098243
2024.06.20,600038.SH,0.039905564783567674
2024.06.20,600018.SH,0.09794178752372269
2024.06.20,000027.SZ,0.0778277452224651
2024.06.20,000041.SZ,0.021341124839239826
2024.06.20,000045.SZ,0.08869360903739247
2024.06.20,600047.SH,0.03713267004160937
2024.06.20,000040.SZ,0.04310046982533033
2024.06.20,600021.SH,0.08751955906257151
2024.06.20,600002.SH,0.03954789243764457
2024.06.20,600001.SH,0.06595871449109861
2024.06.20,600044.SH,0.47953974094562635
2024.06.20,000010.SZ,0.02994022921983265
2024.06.20,600005.SH,0.33201750208805003
2024.06.20,600007.SH,0.0766435293662282
2024.06.20,600037.SH,0.04062694079916363
2024.06.20,600048.SH,0.08753485984683511
2024.06.20,000026.SZ,0.654604446665246
2024.06.20,000008.SZ,0.0010432511435619328
2024.06.20,600042.SH,0.022068062576283087
2024.06.20,000005.SZ,0.22677337357201524
2024.06.20,600039.SH,0.20869269703494628
2024.06.20,000011.SZ,0.07898748800234077
2024.06.20,000037.SZ,0.12765954942104613
2024.06.20,000025.SZ,0.14091649580408988
2024.06.20,000031.SZ,0.005909790082441029
2024.06.20,000029.SZ,0.023734422254118336
2024.06.20,000033.SZ,0.012247291400321434
2024.06.20,000001.SZ,0.13187266627307279
2024.06.20,600025.SH,0.38605313805641106
2024.06.20,000018.SZ,0.11792128387322927
2024.06.20,600046.SH,0.0062462456383876935
2024.06.20,000006.SZ,0.0246166000479523
2024.06.20,000043.SZ,0.11850834688700636
2024.06.20,600032.SH,0.05521908140317581
2024.06.20,600014.SH,0.21042622781590686
2024.06.20,600033.SH,0.4576545942881465
2024.06.20,600028.SH,0.13718764090041027
2024.06.20,000038.SZ,0.11698115792894596
2024.06.20,600010.SH,0.07254197504044176
2024.06.20,000050.SZ,0.3859149360597226
2024.06.20,600030.SH,0.06948633411596837
2024.06.20,600036.SH,0.5282101458832318
2024.06.20,600003.SH,0.032619959103973396
2024.06.20,000047.SZ,0.07890140277909906
2024.06.20,000034.SZ,0.05670533148984865
2024.06.20,600045.SH,0.22389483566691726
2024.06.20,600035.SH,0.2253217497842407
2024.06.20,000007.SZ,0.15225469399040478
2024.06.20,600026.SH,0.24952521277271067
2024.06.20,600000.SH,0.13380727324247418
2024.06.20,000023.SZ,0.5731382629550321
2024.06.20,600015.SH,0.09764140979374451
2024.06.20,000028.SZ,0.03606337335881176
2024.06.20,600029.SH,0.03031269807379818
2024.06.20,600013.SH,0.0728728121475248
2024.06.20,000020.SZ,0.4030084436256353
2024.06.20,000003.SZ,0.11293064522454649
2024.06.20,000019.SZ,0.018076777694316357
2024.06.20,600022.SH,0.11832835645157352
2024.06.20,600027.SH,0.5780906914538522
2024.06.20,000015.SZ,0.07728962822159571
2024.06.20,000035.SZ,0.13998335094390274
2024.06.20,600034.SH,0.003440036468613909
2024.06.20,600008.SH,0.1239788729951021
2024.06.20,600019.SH,0.08494476078664132
2024.06.21,600006.SH,0.1387771401879436
2024.06.21,000020.SZ,0.11365193519626778
2024.06.21,000021.SZ,0.22118860957749634
2024.06.21,600048.SH,0.3084500586513961
2024.06.21,000003.SZ,0.38448841401769857
2024.06.21,600015.SH,0.0407949597401229
2024.06.21,000029.SZ,0.017789742668643443
2024.06.21,000033.SZ,0.027502359483000605
2024.06.21,600035.SH,0.10093826041237461
2024.06.21,600025.SH,0.007037925643586391
2024.06.21,000030.SZ,0.649479126161959
2024.06.21,000032.SZ,0.3005496525173783
2024.06.21,600039.SH,0.13895211500725813
2024.06.21,000026.SZ,0.060955932030047094
2024.06.21,000038.SZ,0.1850297599463351
2024.06.21,600036.SH,0.03015415369643879
2024.06.21,000039.SZ,0.30992635751171915
2024.06.21,000028.SZ,0.006667903122101039
2024.06.21,000037.SZ,0.08520713218492927
2024.06.21,600037.SH,0.010403017060462661
2024.06.21,600046.SH,0.008552468336099267
2024.06.21,600007.SH,0.05800459247547095
2024.06.21,600038.SH,0.19957433965264268
2024.06.21,600029.SH,0.0065679658503150565
2024.06.21,600043.SH,0.0025479101348847926
2024.06.21,000001.SZ,0.011925054083872306
2024.06.21,600044.SH,0.12534932283736291
2024.06.21,600001.SH,0.2721217893372879
2024.06.21,600014.SH,0.02682157047201644
2024.06.21,000013.SZ,0.06745239299567936
2024.06.21,000019.SZ,0.05084597266400432
2024.06.21,000041.SZ,0.057469897945421754
2024.06.21,600013.SH,0.0915997471285866
2024.06.21,600026.SH,0.27206599512359764
2024.06.21,600028.SH,0.3230754759714895
2024.06.21,600031.SH,0.24275291782768316
2024.06.21,600003.SH,0.10325480515270744
2024.06.21,000042.SZ,0.14459021170629005
2024.06.21,600002.SH,0.13328989633145086
2024.06.21,600024.SH,0.6394907827123272
2024.06.21,000017.SZ,0.0020777792240207066
2024.06.21,600027.SH,0.08001925125241037
2024.06.21,600012.SH,0.31335358558331605
2024.06.21,000025.SZ,0.16420517916222352
2024.06.21,600022.SH,0.13573666659802985
2024.06.21,000043.SZ,0.11503185478095919
2024.06.21,000024.SZ,0.05078036518571979
2024.06.21,000023.SZ,0.8649989824109817
2024.06.21,600005.SH,0.15695007102153383
2024.06.21,000044.SZ,0.18513527739814525
2024.06.21,600032.SH,0.1328831900142318
2024.06.21,000004.SZ,0.40866269567238234
2024.06.21,600010.SH,0.09315552338741703
2024.06.21,600000.SH,0.099539036530467
2024.06.21,000050.SZ,0.09830704550684394
2024.06.21,000027.SZ,0.353915376973006
2024.06.21,000002.SZ,0.0693928183693732
2024.06.21,000022.SZ,0.029491553203869886
2024.06.21,600009.SH,0.2661971107006463
2024.06.21,000040.SZ,0.027094580480582813
2024.06.21,600021.SH,0.1980070637621172
2024.06.21,600018.SH,0.03540004064392477
2024.06.21,600040.SH,0.15808160226086146
2024.06.21,600023.SH,0.49475060876829136
2024.06.21,000006.SZ,0.04085073341494232
2024.06.21,600047.SH,0.012109838565809324
2024.06.21,600017.SH,0.2082644675324156
2024.06.21,600042.SH,0.14688579602091625
2024.06.21,000005.SZ,0.15712373979234845
2024.06.21,000049.SZ,0.03653298156922237
2024.06.21,600019.SH,0.0654992818953483
2024.06.21,000014.SZ,0.0822876462706681
2024.06.21,600004.SH,0.12352953000099937
2024.06.21,600008.SH,0.17977386068303275
2024.06.21,000009.SZ,0.12848070286143307
2024.06.21,000036.SZ,0.01341141744973976
2024.06.21,000007.SZ,0.05056812881892601
2024.06.21,600020.SH,0.03386319836721319
2024.06.21,000048.SZ,0.00486886678179709
2024.06.21,600016.SH,0.0071406389592047915
2024.06.21,600011.SH,0.026658362519629913
2024.06.21,600030.SH,0.1985368820372042
2024.06.21,600049.SH,0.03468285802804166
2024.06.21,000010.SZ,0.1785873184935339
2024.06.21,000035.SZ,0.09987012115120383
2024.06.21,000008.SZ,0.07585862503596581
2024.06.21,000015.SZ,0.12407620998119177
2024.06.21,600045.SH,0.24754396197095657
2024.06.21,000031.SZ,0.05500889359953847
2024.06.21,600034.SH,0.018308092346403234
2024.06.21,000045.SZ,0.4556935667760956
2024.06.21,000012.SZ,0.014683271976023699
2024.06.21,000018.SZ,0.04067930610085234
2024.06.21,000046.SZ,0.21476216893979297
2024.06.21,600041.SH,0.034955661066970296
2024.06.21,000016.SZ,0.26219321009520485
2024.06.21,000011.SZ,0.12399703782298098
2024.06.21,000034.SZ,0.05364844418786988
2024.06.24,600049.SH,0.03135317221734272
2024.06.24,600006.SH,0.1420988542964657
2024.06.24,600037.SH,0.2820911951694838
2024.06.24,600047.SH,0.02676652604963566
2024.06.24,600033.SH,0.07016231182038066
2024.06.24,000010.SZ,0.012337338502317077
2024.06.24,000041.SZ,0.006790461965022902
2024.06.24,600026.SH,0.017991362301663344
2024.06.24,600044.SH,0.05556210401803109
2024.06.24,600023.SH,0.16696135323974098
2024.06.24,600004.SH,0.05343553070551904
2024.06.24,600038.SH,0.19370073184526304
2024.06.24,600041.SH,0.26242071964178587
2024.06.24,000003.SZ,0.08788067248259857
2024.06.24,000002.SZ,0.16163574352775748
2024.06.24,000048.SZ,0.08769472124031613
2024.06.24,000033.SZ,0.45710725093232224
2024.06.24,600012.SH,0.05687778613649611
2024.06.24,000006.SZ,0.03659200382287407
2024.06.24,600034.SH,0.060809092508118855
2024.06.24,600046.SH,0.008882000948053066
2024.06.24,000015.SZ,0.07826692817000795
2024.06.24,600024.SH,0.2791137978857426
2024.06.24,000017.SZ,0.11736702320573715
2024.06.24,000049.SZ,0.016717968512881886
2024.06.24,000013.SZ,0.03014952338933383
2024.06.24,600027.SH,0.1257285212935197
2024.06.24,000024.SZ,0.26632237170670914
2024.06.24,000007.SZ,0.2755833612342008
2024.06.24,600035.SH,0.4371662573015469
2024.06.24,000025.SZ,0.02802230417738514
2024.06.24,000023.SZ,0.009617789468218457
2024.06.24,000046.SZ,0.12026645063366252
2024.06.24,000034.SZ,0.46192975685728943
2024.06.24,600000.SH,0.1294395338019939
2024.06.24,000005.SZ,0.0010822112049529748
2024.06.24,600017.SH,0.13996899309322008
2024.06.24,000026.SZ,0.10062003274830945
2024.06.24,000036.SZ,0.43702469935092414
2024.06.24,000008.SZ,0.10600979426677092
2024.06.24,000020.SZ,0.2533035535265881
2024.06.24,000014.SZ,0.00016062686671640376
2024.06.24,600032.SH,0.06727483186086428
2024.06.24,600010.SH,0.4639703976020563
2024.06.24,000018.SZ,0.16829391247439682
2024.06.24,000035.SZ,0.011294409172156234
2024.06.24,000022.SZ,0.051334139249365605
2024.06.24,000016.SZ,0.01219299774964213
2024.06.24,000042.SZ,0.0714325196996602
2024.06.24,600005.SH,0.030856775366809468
2024.06.24,000044.SZ,0.034601804006326044
2024.06.24,600007.SH,0.400059950641687
2024.06.24,000043.SZ,0.19412164156716555
2024.06.24,600036.SH,0.04451560856565392
2024.06.24,000037.SZ,0.10273728324789627
2024.06.24,600040.SH,0.26607597475343286
2024.06.24,600013.SH,0.2361178661765903
2024.06.24,000031.SZ,0.27137995254673436
2024.06.24,600022.SH,0.09092485677848408
2024.06.24,600042.SH,0.0773197793409009
2024.06.24,600045.SH,0.16168015130914548
2024.06.24,600002.SH,0.1622594002015626
2024.06.24,000029.SZ,0.06499107106150472
2024.06.24,600009.SH,0.04316027638771463
2024.06.24,600031.SH,0.0003009315164684972
2024.06.24,600028.SH,0.08958248087849836
2024.06.24,000027.SZ,0.02237236053402645
2024.06.24,000011.SZ,0.24456583881037366
2024.06.24,600001.SH,0.036377063445100166
2024.06.24,000047.SZ,0.280907967173498
2024.06.24,000045.SZ,0.0018089150795719022
2024.06.24,000038.SZ,0.011338231382676141
2024.06.24,600019.SH,0.1418278122536486
2024.06.24,000039.SZ,0.03405434362402723
2024.06.24,600011.SH,0.13706408741046194
2024.06.24,000028.SZ,0.016027431596017216
2024.06.24,000021.SZ,0.03295074624404886
2024.06.24,600043.SH,0.12491734820460125
2024.06.24,000004.SZ,0.009870769356401786
2024.06.24,000050.SZ,0.13437272275898995
2024.06.24,600039.SH,0.001778805933575143
2024.06.24,600048.SH,0.07789012584910665
2024.06.24,000001.SZ,0.014158147438687744
2024.06.24,600016.SH,0.0773505118588229
2024.06.24,600015.SH,0.0739040916421427
2024.06.24,000032.SZ,0.09507138161443715
2024.06.24,600029.SH,0.31684940284629237
2024.06.24,000030.SZ,0.05597431571900919
2024.06.24,600008.SH,0.15170587273533626
2024.06.24,600020.SH,0.08884685602393266
2024.06.24,600003.SH,0.019089365870362394
2024.06.24,000012.SZ,0.09649848953753483
2024.06.24,600018.SH,0.05101616225671725
2024.06.24,000009.SZ,0.006601421449916754
2024.06.24,600014.SH,0.12619225800077527
2024.06.24,000019.SZ,0.23959701356338434
2024.06.24,600030.SH,0.11992021900770844
2024.06.25,000015.SZ,0.32956105200143326
2024.06.25,000023.SZ,0.10518873156445857
2024.06.25,600001.SH,0.2796951141945123
2024.06.25,600002.SH,0.039929306849459535
2024.06.25,000042.SZ,0.016698586288237987
2024.06.25,000028.SZ,0.03871259419540049
2024.06.25,000029.SZ,0.3983886534920156
2024.06.25,000014.SZ,0.10397736749650052
2024.06.25,000003.SZ,0.0008877539929609446
2024.06.25,000018.SZ,0.08243804214222897
2024.06.25,600003.SH,0.20575243666676266
2024.06.25,600046.SH,0.012148663527396375
2024.06.25,600020.SH,0.15358402660262482
2024.06.25,000033.SZ,0.019524503480296634
2024.06.25,000041.SZ,0.021996131740601218
2024.06.25,600034.SH,0.3600198079175043
2024.06.25,000050.SZ,0.08111367252291396
2024.06.25,000007.SZ,0.0004874428060266316
2024.06.25,600019.SH,0.14522488429885386
2024.06.25,600044.SH,0.044826893672590636
2024.06.25,600015.SH,0.1677995966664154
2024.06.25,600000.SH,0.21546454324233835
2024.06.25,600016.SH,0.08251461186910385
2024.06.25,000026.SZ,0.30152296536357126
2024.06.25,600023.SH,0.32814950292794864
2024.06.25,000012.SZ,0.05347742240862749
2024.06.25,600024.SH,0.0707016797401859
2024.06.25,000022.SZ,0.0019412187199330463
2024.06.25,600021.SH,0.037211614319808455
2024.06.25,000045.SZ,0.0053614694763020375
2024.06.25,600040.SH,0.17996168354967906
2024.06.25,000030.SZ,0.03355810191788028
2024.06.25,600004.SH,0.07342156902174228
2024.06.25,000036.SZ,0.030628388783127514
2024.06.25,000040.SZ,0.008132897067412099
2024.06.25,000017.SZ,0.04902924304969169
2024.06.25,600035.SH,0.12152412317286156
2024.06.25,000031.SZ,0.12064860837069796
2024.06.25,000043.SZ,0.05830366076487852
2024.06.25,000006.SZ,0.009094834857741502
2024.06.25,600048.SH,0.07824731093381712
2024.06.25,000049.SZ,0.0006223899065103901
2024.06.25,000021.SZ,0.0608191240978808
2024.06.25,600012.SH,0.2972898211791414
2024.06.25,000010.SZ,0.0739451245080414
2024.06.25,000011.SZ,0.19383232802782563
2024.06.25,600009.SH,0.16638676931866841
2024.06.25,000024.SZ,0.3436647439530561
2024.06.25,000046.SZ,0.10760417523295165
2024.06.25,600042.SH,0.09075729657518204
2024.06.25,000008.SZ,0.022418348513867974
2024.06.25,000020.SZ,0.026021446935233783
2024.06.25,600030.SH,0.028663380897521747
2024.06.25,000048.SZ,0.11580124960202509
2024.06.25,600029.SH,0.1624401167468833
2024.06.25,000002.SZ,0.3024117468685805
2024.06.25,600017.SH,0.4063140358880243
2024.06.25,600006.SH,0.08907235262934686
2024.06.25,000034.SZ,0.26977849569347306
2024.06.25,000037.SZ,0.0626672883421631
2024.06.25,600022.SH,0.05857323501065019
2024.06.25,000035.SZ,0.0039698563575632385
2024.06.25,000044.SZ,0.18212718879518403
2024.06.25,000016.SZ,0.1844027717632829
2024.06.25,600028.SH,0.14508835381013915
2024.06.25,600032.SH,0.0649706899579625
2024.06.25,600043.SH,0.0003769077209795021
2024.06.25,600018.SH,0.06277858146480993
2024.06.25,600013.SH,0.019378246548260262
2024.06.25,600014.SH,0.19000798991781606
2024.06.25,000025.SZ,0.5531214553588687
2024.06.25,600038.SH,0.08307688586198407
2024.06.25,000013.SZ,0.04956252721424385
2024.06.25,600008.SH,0.15929488735294753
2024.06.25,600045.SH,0.04215097364070362
2024.06.25,000001.SZ,0.24368903655305438
2024.06.25,600010.SH,0.08179301581046794
2024.06.25,600039.SH,0.18949909874500728
2024.06.25,000004.SZ,0.015500095483912355
2024.06.25,000038.SZ,0.01717997420807191
2024.06.25,000047.SZ,0.035656103282400806
2024.06.25,600041.SH,0.06869246349368617
2024.06.25,000019.SZ,0.036610776242519835
2024.06.25,000039.SZ,0.06820273020469225
2024.06.25,600027.SH,0.34819041684601754
2024.06.25,600011.SH,0.2022297364578538
2024.06.25,600007.SH,0.13702420835502832
2024.06.25,600033.SH,0.0655554217944407
2024.06.25,600005.SH,0.07137276686535529
2024.06.25,600047.SH,0.01059997606516866
2024.06.25,600025.SH,0.019343866710670884
2024.06.25,000027.SZ,0.0424021230892283
2024.06.25,000032.SZ,0.09153704220037147
2024.06.25,600049.SH,0.010628865772405054
2024.06.25,600026.SH,0.008919368088981767
2024.06.25,000005.SZ,0.13555335930456827
2024.06.25,000009.SZ,0.04929891206200627
2024.06.26,000028.SZ,0.04907674229601326
2024.06.26,600028.SH,0.09259731527549803
2024.06.26,600022.SH,0.006749354602250362
2024.06.26,600009.SH,0.034775046046965775
2024.06.26,600000.SH,0.056911325146880326
2024.06.26,000011.SZ,0.33495305639145423
2024.06.26,600040.SH,0.03883429760323676
2024.06.26,000046.SZ,0.09062774804673668
2024.06.26,000009.SZ,0.20650523966424175
2024.06.26,600035.SH,0.12342172884187293
2024.06.26,600001.SH,0.04135342697188584
2024.06.26,000030.SZ,0.23797743408530883
2024.06.26,000006.SZ,0.025569174639606267
2024.06.26,000037.SZ,0.044539754002764054
2024.06.26,000013.SZ,0.025325201637845334
2024.06.26,000019.SZ,0.007465376728171726
2024.06.26,600024.SH,0.0344653198194706
2024.06.26,600019.SH,0.04827001203709146
2024.06.26,000048.SZ,0.01270828951229499
2024.06.26,000018.SZ,0.03499078749923076
2024.06.26,600004.SH,0.20094070195019367
2024.06.26,000005.SZ,0.12401977596906713
2024.06.26,600036.SH,0.18227351504317074
2024.06.26,000045.SZ,0.20456102108899507
2024.06.26,600030.SH,0.03063020921236394
2024.06.26,600021.SH,0.05033186139498695
2024.06.26,000035.SZ,0.023883356162621914
2024.06.26,600013.SH,0.1644603389829036
2024.06.26,000041.SZ,0.16020025393842516
2024.06.26,000047.SZ,0.007459476304123084
2024.06.26,600032.SH,0.010655549175802753
2024.06.26,600029.SH,0.0043848705958427206
2024.06.26,000050.SZ,0.08682464122444038
2024.06.26,600038.SH,0.3024307356023953
2024.06.26,600006.SH,0.26866311176079705
2024.06.26,600002.SH,0.09799770308231645
2024.06.26,000026.SZ,0.1353371260651304
2024.06.26,600010.SH,0.11819698023032223
2024.06.26,000025.SZ,0.10405576425690215
2024.06.26,000042.SZ,0.014379376976132782
2024.06.26,000032.SZ,0.18568622330968912
2024.06.26,600041.SH,0.031194059851602743
2024.06.26,600033.SH,0.040048252859963634
2024.06.26,000036.SZ,0.1151734565040691
2024.06.26,000015.SZ,0.2436675066422431
2024.06.26,000031.SZ,0.056115210354479944
2024.06.26,600015.SH,0.23086481212060134
2024.06.26,600044.SH,0.37332894685775864
2024.06.26,600003.SH,0.10011548452621322
2024.06.26,000022.SZ,0.04089729006521502
2024.06.26,600034.SH,0.03500631411706141
2024.06.26,000014.SZ,0.37334572447263886
2024.06.26,000029.SZ,0.36392723492835344
2024.06.26,000021.SZ,0.08509047741091207
2024.06.26,000010.SZ,0.02995306234430668
2024.06.26,600026.SH,0.012310675965025952
2024.06.26,000001.SZ,0.20689079525021895
2024.06.26,000034.SZ,0.03385002819148414
2024.06.26,000038.SZ,0.3927094384569874
2024.06.26,000033.SZ,0.07645661923922054
2024.06.26,000027.SZ,0.42418798579255124
2024.06.26,000024.SZ,0.04840785199891758
2024.06.26,000040.SZ,0.020117743999171184
2024.06.26,000012.SZ,0.03034614358020963
2024.06.26,600011.SH,0.5469417239986487
2024.06.26,000044.SZ,0.08559213414935116
2024.06.26,000002.SZ,0.07592091849790425
2024.06.26,600039.SH,0.3178256024496278
2024.06.26,600007.SH,0.054563434162487594
2024.06.26,000017.SZ,0.03359780535245144
2024.06.26,600045.SH,0.011216053814971462
2024.06.26,000043.SZ,0.04166446924734534
2024.06.26,600027.SH,0.2389525938327777
2024.06.26,600031.SH,0.1605954239131439
2024.06.26,000016.SZ,0.31599730016890987
2024.06.26,600047.SH,0.3902755812569352
2024.06.26,600012.SH,0.023242625498673897
2024.06.26,000049.SZ,0.16758900094054388
2024.06.26,600037.SH,0.011508379529215025
2024.06.26,000004.SZ,0.15980730547103594
2024.06.26,000007.SZ,0.014238867391826705
2024.06.26,000008.SZ,0.04051356719873814
2024.06.26,000023.SZ,0.02798706815999163
2024.06.26,000039.SZ,0.0655211590978123
2024.06.26,600046.SH,0.009416779016178944
2024.06.26,000020.SZ,0.07142008296139041
2024.06.26,600023.SH,0.19873239101961335
2024.06.26,600049.SH,0.15742734755945587
2024.06.26,600005.SH,0.3398411967099773
2024.06.26,600018.SH,0.057757394801161537
2024.06.26,600042.SH,0.0030772507987200694
2024.06.26,600016.SH,0.2009514460163654
2024.06.26,600008.SH,0.07279522984189774
2024.06.26,000003.SZ,0.2741730919275865
2024.06.26,600017.SH,0.002236403828922869
2024.06.26,600020.SH,0.07950472984345362
2024.06.27,000039.SZ,0.3899162854186047
2024.06.27,000031.SZ,0.010615349404327469
2024.06.27,000010.SZ,0.20442924945067295
2024.06.27,000008.SZ,0.025135484756373106
2024.06.27,000021.SZ,0.015296904200003172
2024.06.27,000042.SZ,0.02805346027567926
2024.06.27,600049.SH,0.08057583407855955
2024.06.27,000032.SZ,0.06470944863357986
2024.06.27,600029.SH,0.30604280052821814
2024.06.27,600026.SH,0.01759527504945057
2024.06.27,000029.SZ,0.0880640060004652
2024.06.27,600048.SH,0.0603748100057441
2024.06.27,600015.SH,0.1266709158002751
2024.06.27,600034.SH,0.16965410208130005
2024.06.27,600020.SH,0.011536235791503665
2024.06.27,600032.SH,0.14364725274295564
2024.06.27,600033.SH,0.052680162041084555
2024.06.27,600013.SH,0.0340769040344371
2024.06.27,000016.SZ,0.08588870720247416
2024.06.27,000041.SZ,0.055123782246283476
2024.06.27,000048.SZ,0.11612312478506222
2024.06.27,600031.SH,0.018807769585490325
2024.06.27,600006.SH,0.020697075312320033
2024.06.27,600030.SH,0.13231709677773976
2024.06.27,600044.SH,0.05707373904177464
2024.06.27,000020.SZ,0.06374564629864493
2024.06.27,000025.SZ,0.045866667896775314
2024.06.27,600004.SH,0.10899582319132821
2024.06.27,600047.SH,0.0903809109191462
2024.06.27,000012.SZ,0.11106091627121223
2024.06.27,600001.SH,0.04149053948467909
2024.06.27,600041.SH,0.029246420091691955
2024.06.27,600007.SH,0.06836309759472631
2024.06.27,000011.SZ,0.05266150013122926
2024.06.27,000044.SZ,0.17395634337931326
2024.06.27,600028.SH,0.06878311954140315
2024.06.27,600035.SH,0.1053915576340378
2024.06.27,000007.SZ,0.058961662971460375
2024.06.27,600036.SH,0.08259844052989994
2024.06.27,000033.SZ,0.18457274597397985
2024.06.27,600010.SH,0.08352294489878555
2024.06.27,000009.SZ,0.028360952274919374
2024.06.27,600040.SH,0.26054997721032475
2024.06.27,000002.SZ,0.006390049213955887
2024.06.27,600003.SH,0.0024718641590004697
2024.06.27,000001.SZ,0.278481460602661
2024.06.27,000028.SZ,0.020300509511290702
2024.06.27,000034.SZ,0.04395830286788613
2024.06.27,000050.SZ,0.2703652616040967
2024.06.27,600008.SH,0.0191776668261751
2024.06.27,600027.SH,0.028973064396487266
2024.06.27,000030.SZ,0.15883207587284415
2024.06.27,000015.SZ,0.0001082772284400033
2024.06.27,000017.SZ,0.2612282809002652
2024.06.27,000045.SZ,0.02077752607788749
2024.06.27,600014.SH,0.27567384200482387
2024.06.27,600022.SH,0.02957085710058954
2024.06.27,600045.SH,0.004654468358222557
2024.06.27,000026.SZ,0.016934478668864907
2024.06.27,000047.SZ,0.03889212304088909
2024.06.27,600005.SH,0.19945291116495817
2024.06.27,600042.SH,0.07833798814913583
2024.06.27,600019.SH,0.08957295856572357
2024.06.27,600002.SH,0.05835919926637717
2024.06.27,600023.SH,0.028386029525676565
2024.06.27,600017.SH,0.07605595688007921
2024.06.27,000018.SZ,0.04434680050932225
2024.06.27,600012.SH,0.32658952728301943
2024.06.27,000043.SZ,0.033016133678218186
2024.06.27,000013.SZ,0.06533077154999421
2024.06.27,600016.SH,0.15837430199234906
2024.06.27,600039.SH,0.017333231406325197
2024.06.27,000024.SZ,0.2115194371884887
2024.06.27,000027.SZ,0.01581814814511241
2024.06.27,600000.SH,0.04305112668019294
2024.06.27,000046.SZ,0.12076321314692012
2024.06.27,600046.SH,0.04873991757792582
2024.06.27,000037.SZ,0.11556804959593654
2024.06.27,600018.SH,0.06279208710718126
2024.06.27,000036.SZ,0.16417985217904776
2024.06.27,600011.SH,0.02936417033016532
2024.06.27,000038.SZ,0.12222289720813315
2024.06.27,000035.SZ,0.13590025776266784
2024.06.27,000006.SZ,0.011029761749776594
2024.06.27,600043.SH,0.03474781385239317
2024.06.27,000023.SZ,0.03775651218080537
2024.06.27,000005.SZ,0.06820845486195865
2024.06.27,600021.SH,0.01599786147442603
2024.06.27,600038.SH,0.4068792832900227
2024.06.27,600025.SH,0.004883877051952941
2024.06.27,000003.SZ,0.18813044018292605
2024.06.27,000022.SZ,0.14113150776152694
2024.06.27,600024.SH,0.06151959521538499
2024.06.27,600037.SH,0.009242330299670892
2024.06.27,000014.SZ,0.074982402221442
2024.06.27,600009.SH,0.005495059751891779
2024.06.27,000019.SZ,0.15569637811125292
2024.06.27,000004.SZ,0.23070468864790378
2024.06.28,000014.SZ,0.20680522981100016
2024.06.28,600026.SH,0.19989884658922943
2024.06.28,000007.SZ,0.08660570262779597
2024.06.28,600047.SH,0.012348813945548471
2024.06.28,600019.SH,0.02922199788855375
2024.06.28,000045.SZ,0.23244840078948079
2024.06.28,000039.SZ,0.032885365886958465
2024.06.28,600002.SH,0.1655611461959653
2024.06.28,000028.SZ,0.061646908532893105
2024.06.28,000022.SZ,0.32228222995876027
2024.06.28,000031.SZ,0.03564349808901021
2024.06.28,000026.SZ,0.25106946806764285
2024.06.28,000015.SZ,0.24348041006112822
2024.06.28,600045.SH,0.08258510790187004
2024.06.28,600036.SH,0.2668561138654293
2024.06.28,000025.SZ,0.34716964151133073
2024.06.28,000036.SZ,0.009745632864357347
2024.06.28,000020.SZ,0.015466828369813898
2024.06.28,600048.SH,0.1103868127314272
2024.06.28,000011.SZ,0.1327027735094366
2024.06.28,600049.SH,0.13041653873745687
2024.06.28,000042.SZ,0.14794973090249497
2024.06.28,600022.SH,0.059852495142206905
2024.06.28,600040.SH,0.04499059487969356
2024.06.28,600012.SH,0.3177470096549261
2024.06.28,600031.SH,0.41125660412454906
2024.06.28,600008.SH,0.047847778250547854
2024.06.28,600029.SH,0.1035671426397567
2024.06.28,600030.SH,0.17301620927160694
2024.06.28,600032.SH,0.038010871647665506
2024.06.28,600037.SH,0.06677003046773562
2024.06.28,000013.SZ,0.1283470061328796
2024.06.28,000006.SZ,0.2896104155496619
2024.06.28,600017.SH,0.11013207730345521
2024.06.28,600043.SH,0.15377278572955522
2024.06.28,600021.SH,0.035322270338607804
2024.06.28,000001.SZ,0.1318723224232383
2024.06.28,000021.SZ,0.005580530204089556
2024.06.28,600010.SH,0.061149095054529395
2024.06.28,000016.SZ,0.0696978108842831
2024.06.28,600039.SH,0.280878096675897
2024.06.28,000004.SZ,0.08582004080829908
2024.06.28,000003.SZ,0.07612415946790499
2024.06.28,000038.SZ,0.02026312704918409
2024.06.28,000033.SZ,0.034652061510091
2024.06.28,000008.SZ,0.2601202262934832
2024.06.28,600041.SH,0.10859916362502518
2024.06.28,000050.SZ,0.17267686936504117
2024.06.28,000034.SZ,0.020315745095846605
2024.06.28,000009.SZ,0.06318206784966915
2024.06.28,600023.SH,0.0635337162484543
2024.06.28,600024.SH,0.0025094675229373775
2024.06.28,000047.SZ,0.18141127068454846
2024.06.28,600020.SH,0.18699870394117818
2024.06.28,000005.SZ,0.010528120658597357
2024.06.28,000023.SZ,0.04592966923619806
2024.06.28,000035.SZ,0.14763938905510618
2024.06.28,000027.SZ,0.28421480833020685
2024.06.28,000044.SZ,0.1544735931206715
2024.06.28,000018.SZ,0.12538799575140558
2024.06.28,600009.SH,0.2599530102778208
2024.06.28,600044.SH,0.04134561539436459
2024.06.28,600018.SH,0.008374578141634474
2024.06.28,600025.SH,0.0009837073869911506
2024.06.28,000049.SZ,0.2792295349094653
2024.06.28,600011.SH,0.06799302802566749
2024.06.28,600014.SH,0.11682658603311158
2024.06.28,600033.SH,0.06256129400307082
2024.06.28,600003.SH,0.06589580348202269
2024.06.28,600035.SH,0.1040802583204103
2024.06.28,600007.SH,0.10413534942332459
2024.06.28,600000.SH,0.24329672261375634
2024.06.28,600001.SH,0.32627701356605854
2024.06.28,000017.SZ,0.16460400245469692
2024.06.28,600013.SH,0.21201849927844485
2024.06.28,600028.SH,0.07273201191262574
2024.06.28,000030.SZ,0.02877692242008582
2024.06.28,600046.SH,0.1250004538222186
2024.06.28,000037.SZ,0.12643397032476725
2024.06.28,000002.SZ,0.017630763591963847
2024.06.28,000019.SZ,0.0008963336868665493
2024.06.28,600027.SH,0.04533002334671989
2024.06.28,000012.SZ,0.037008478307162675
2024.06.28,600004.SH,0.06854482584820058
2024.06.28,000043.SZ,0.04749922168354222
2024.06.28,000032.SZ,0.022025763732551655
2024.06.28,600042.SH,0.050305126042990686
2024.06.28,000041.SZ,0.014005786695139296
2024.06.28,600016.SH,0.3504381725698878
2024.06.28,000040.SZ,0.014145103793515681
2024.06.28,600006.SH,0.08282809822556142
2024.06.28,600034.SH,0.005639945203235512
2024.06.28,000046.SZ,0.12333668663231162
2024.06.28,600038.SH,0.015725254945433684
2024.06.28,600015.SH,0.02140847240460423
2024.06.28,000029.SZ,0.07339401208615594
2024.06.28,600005.SH,0.09200187409596702
2024.07.01,000046.SZ,0.02593679584876887
2024.07.01,000049.SZ,0.03232170280300419
2024.07.01,600031.SH,0.019381544737191368
2024.07.01,000035.SZ,0.05366285148116646
2024.07.01,000048.SZ,0.06863674082472156
2024.07.01,600039.SH,0.003598850038577364
2024.07.01,600011.SH,0.11852253662652333
2024.07.01,000033.SZ,0.27022193406399053
2024.07.01,000024.SZ,0.1075972884031093
2024.07.01,600042.SH,0.015019869051268972
2024.07.01,600043.SH,0.4069080348564655
2024.07.01,600036.SH,0.015222137509031767
2024.07.01,600013.SH,0.019838491465403375
2024.07.01,600004.SH,0.06203630091738566
2024.07.01,000001.SZ,0.36298273432049555
2024.07.01,600041.SH,0.04456688912297911
2024.07.01,600037.SH,0.252767280814585
2024.07.01,600016.SH,0.11806923055016633
2024.07.01,000019.SZ,0.07862688323533883
2024.07.01,000045.SZ,0.22612300064446397
2024.07.01,600000.SH,0.08345941087066297
2024.07.01,600023.SH,0.06665018857959629
2024.07.01,600033.SH,0.049465989306078074
2024.07.01,600030.SH,0.11547518773302562
2024.07.01,000041.SZ,0.21622705455893063
2024.07.01,000008.SZ,0.020710806038184322
2024.07.01,000038.SZ,0.13370290477621494
2024.07.01,000025.SZ,0.3226044607236957
2024.07.01,000005.SZ,0.05289281537609362
2024.07.01,000004.SZ,0.1550533108644544
2024.07.01,000017.SZ,0.38755172203109267
2024.07.01,600005.SH,0.12222498007812875
2024.07.01,600044.SH,0.014207663494202953
2024.07.01,600028.SH,0.03686848309166423
2024.07.01,600012.SH,0.13167482689640322
2024.07.01,600047.SH,0.05165508198979312
2024.07.01,000044.SZ,0.047796490053252566
2024.07.01,000050.SZ,0.22703360193559072
2024.07.01,000020.SZ,0.3712079756623186
2024.07.01,600008.SH,0.005070622072847406
2024.07.01,600024.SH,0.005225879449707036
2024.07.01,000032.SZ,0.0017541508630678898
2024.07.01,000042.SZ,0.057876420462629544
2024.07.01,600002.SH,0.05106179735594534
2024.07.01,000015.SZ,0.05090072594726209
2024.07.01,600009.SH,0.031298894243132355
2024.07.01,600046.SH,0.0006411216332020328
2024.07.01,600026.SH,0.08681377219269268
2024.07.01,000028.SZ,0.1510053164782618
2024.07.01,000010.SZ,0.0951489281188557
2024.07.01,000040.SZ,0.07525597533979995
2024.07.01,600006.SH,0.05753264147102718
2024.07.01,000011.SZ,0.000956697397204908
2024.07.01,600021.SH,0.6090578637581554
2024.07.01,600029.SH,0.18328461785167127
2024.07.01,000002.SZ,0.12122554184416567
2024.07.01,600040.SH,0.07322313724372337
2024.07.01,600017.SH,0.054807757429538556
2024.07.01,600001.SH,0.11235514024252019
2024.07.01,600020.SH,0.01792908896201082
2024.07.01,000018.SZ,0.03776500135924095
2024.07.01,000006.SZ,0.06952378352557129
2024.07.01,000012.SZ,0.2828840717604838
2024.07.01,600034.SH,0.3125936603442381
2024.07.01,000014.SZ,0.0404010767796056
2024.07.01,600018.SH,0.014871889106856951
2024.07.01,600045.SH,0.5565881684009675
2024.07.01,600032.SH,0.024157618479551578
2024.07.01,600022.SH,0.065313884059065
2024.07.01,000029.SZ,0.09720499268415848
2024.07.01,000023.SZ,0.19349759564611999
2024.07.01,000034.SZ,0.006569683414559642
2024.07.01,600015.SH,0.32276821414517753
2024.07.01,600010.SH,0.08456300609565273
2024.07.01,000027.SZ,0.006654130972368208
2024.07.01,600019.SH,0.027660279821851073
2024.07.01,000007.SZ,0.0046878800018325785
2024.07.01,000016.SZ,0.058949556059879955
2024.07.01,000043.SZ,0.020041808757657584
2024.07.01,000021.SZ,0.0036248496040303608
2024.07.01,600003.SH,0.008240869203930499
2024.07.01,000036.SZ,0.04705486324021968
2024.07.01,000003.SZ,0.08806428344707061
2024.07.01,600048.SH,0.13895921963744237
2024.07.01,600035.SH,0.005552937433610399
2024.07.01,600025.SH,0.012393449510781198
2024.07.01,600014.SH,0.12630748918001572
2024.07.01,600027.SH,0.30129434204451927
2024.07.01,000026.SZ,0.03662676124266714
2024.07.01,600049.SH,0.025087751374143666
2024.07.01,000047.SZ,0.07292000194960299
2024.07.01,600007.SH,0.002948257292208507
2024.07.01,000039.SZ,0.0056261407865163884
2024.07.01,000030.SZ,0.03637448873017971
2024.07.01,600038.SH,0.08776270540884121
2024.07.01,000037.SZ,0.024636444190321728
2024.07.02,000017.SZ,0.15934214954031783
2024.07.02,600008.SH,0.024662973488725606
2024.07.02,000022.SZ,0.2100092146756162
2024.07.02,000036.SZ,0.02750212495250525
2024.07.02,000029.SZ,0.09105065096575812
2024.07.02,000050.SZ,0.013283204029108374
2024.07.02,600041.SH,0.08458181101319527
2024.07.02,000001.SZ,0.22433884520825592
2024.07.02,000048.SZ,0.040820509785184846
2024.07.02,600022.SH,0.03437618462465766
2024.07.02,000037.SZ,0.01134604743906887
2024.07.02,600034.SH,0.5056914611629925
2024.07.02,000019.SZ,0.02073339713321783
2024.07.02,000025.SZ,0.07500848637677959
2024.07.02,600037.SH,0.09684697464883159
2024.07.02,600030.SH,0.09174024723479585
2024.07.02,000049.SZ,0.10251916493073966
2024.07.02,000020.SZ,0.020626907912946687
2024.07.02,000031.SZ,0.04849717898073786
2024.07.02,600049.SH,0.015231254569237514
2024.07.02,000027.SZ,0.014748230615536822
2024.07.02,000016.SZ,0.2110170776405699
2024.07.02,000013.SZ,0.0390331776764704
2024.07.02,600032.SH,0.05543246651019971
2024.07.02,000044.SZ,0.1613420402442023
2024.07.02,600012.SH,0.10638533882118309
2024.07.02,600016.SH,0.06009251029746931
2024.07.02,000009.SZ,0.0021984048049843176
2024.07.02,000002.SZ,0.046821719271109924
2024.07.02,600005.SH,0.053424975054231126
2024.07.02,000011.SZ,0.0008641285158974556
2024.07.02,000005.SZ,0.10922228895757166
2024.07.02,000028.SZ,0.011104103295962883
2024.07.02,000045.SZ,0.1746707037696198
2024.07.02,600010.SH,0.1082783756660931
2024.07.02,000035.SZ,0.031894193238082985
2024.07.02,600020.SH,0.09989213344221756
2024.07.02,600025.SH,0.11107575520247188
2024.07.02,600007.SH,0.2999679310971188
2024.07.02,000042.SZ,0.09802832828874697
2024.07.02,600036.SH,0.22786710323019796
2024.07.02,600043.SH,0.489440463072464
2024.07.02,600031.SH,0.0410689771327118
2024.07.02,000039.SZ,0.037368275202856155
2024.07.02,000010.SZ,0.18986963279705693
2024.07.02,600026.SH,0.02068500843055445
2024.07.02,600018.SH,0.0016305325187656854
2024.07.02,600003.SH,0.008251369899401097
2024.07.02,600021.SH,0.09019557443561523
2024.07.02,600019.SH,0.06114853712696441
2024.07.02,000003.SZ,0.14995078077453444
2024.07.02,000041.SZ,0.16590729593195944
2024.07.02,000032.SZ,0.18663069952160688
2024.07.02,000014.SZ,0.14639115659827326
2024.07.02,600040.SH,0.25139420864313733
2024.07.02,600004.SH,0.23396509697974657
2024.07.02,000046.SZ,0.011473502098587655
2024.07.02,600017.SH,0.04335652363486082
2024.07.02,600039.SH,0.24275293071386683
2024.07.02,000043.SZ,0.23589130428627958
2024.07.02,600009.SH,0.1484565807546077
2024.07.02,000040.SZ,0.05133139637257741
2024.07.02,600044.SH,0.010371218375587948
2024.07.02,000018.SZ,0.04685245224223299
2024.07.02,600029.SH,0.07213733536104674
2024.07.02,000007.SZ,0.254159632649977
2024.07.02,000021.SZ,0.3478623045241359
2024.07.02,000030.SZ,0.02587446068519736
2024.07.02,600033.SH,0.011793648636441124
2024.07.02,600006.SH,0.35759013992977906
2024.07.02,600027.SH,0.3978554706755397
2024.07.02,600035.SH,0.24647604359417072
2024.07.02,600002.SH,0.16223730625548521
2024.07.02,000033.SZ,0.06508832750190754
2024.07.02,000023.SZ,0.01175355591423855
2024.07.02,000012.SZ,0.01904082477389806
2024.07.02,600014.SH,0.018675233327036512
2024.07.02,000008.SZ,0.25636878997956564
2024.07.02,000047.SZ,0.24904831750133782
2024.07.02,600048.SH,0.020214825557615026
2024.07.02,600046.SH,0.4257101259022701
2024.07.02,600024.SH,0.243858650475635
2024.07.02,600023.SH,0.18179384364405765
2024.07.02,000015.SZ,0.19875244228775327
2024.07.02,600042.SH,0.1590465028776594
2024.07.02,000034.SZ,0.049289377637783356
2024.07.02,600047.SH,0.5407101155386527
2024.07.02,000004.SZ,0.07046040057000527
2024.07.02,600015.SH,0.14137240351873423
2024.07.02,000024.SZ,0.013449702547859734
2024.07.02,000038.SZ,0.11084750121426688
2024.07.02,600000.SH,0.35029503615260965
2024.07.02,600045.SH,0.14810947965092172
2024.07.02,600038.SH,0.0268908344625922
2024.07.02,000026.SZ,0.3446307547554384
2024.07.02,600011.SH,0.15844953039832227
2024.07.02,000006.SZ,0.11592922935538041
2024.07.02,600013.SH,0.08548761203328513
2024.07.03,000048.SZ,0.05930051582607013
2024.07.03,600032.SH,0.013068300120842046
2024.07.03,000042.SZ,0.03730885914461376
2024.07.03,600014.SH,0.03573375727696975
2024.07.03,600002.SH,0.0355833556471533
2024.07.03,000004.SZ,0.20445228464803417
2024.07.03,600026.SH,0.0808158049498101
2024.07.03,000005.SZ,0.091644657779446
2024.07.03,000030.SZ,0.03645842188227051
2024.07.03,600029.SH,0.24602990532769178
2024.07.03,000019.SZ,0.05686842925505121
2024.07.03,000015.SZ,0.21556606814496732
2024.07.03,600023.SH,0.02033646441495859
2024.07.03,000036.SZ,0.12072002461697738
2024.07.03,600024.SH,0.15077716734519594
2024.07.03,000003.SZ,0.1368785320915002
2024.07.03,600015.SH,0.39126467028444023
2024.07.03,000018.SZ,0.05173408633345265
2024.07.03,000047.SZ,0.22939710030461338
2024.07.03,000001.SZ,0.03423877755622878
2024.07.03,000016.SZ,0.07868235480730691
2024.07.03,000017.SZ,0.13583637751844355
2024.07.03,600038.SH,0.054181022392131156
2024.07.03,600001.SH,0.3210844070436414
2024.07.03,000026.SZ,0.16236602252415172
2024.07.03,600047.SH,0.08507565568966169
2024.07.03,000021.SZ,0.04689954903119066
2024.07.03,600003.SH,0.03188154475260246
2024.07.03,000013.SZ,0.3222875974022838
2024.07.03,000033.SZ,0.18261769253955945
2024.07.03,000006.SZ,0.279963919870351
2024.07.03,600049.SH,0.03274598750335913
2024.07.03,600013.SH,0.053565452448580415
2024.07.03,600000.SH,0.0956710779614144
2024.07.03,000045.SZ,0.03579741629516476
2024.07.03,600044.SH,0.1969134768363265
2024.07.03,600037.SH,0.13583731799188126
2024.07.03,000027.SZ,0.07966275078660155
2024.07.03,000022.SZ,0.09506479472967859
2024.07.03,000007.SZ,0.0190586644082121
2024.07.03,000038.SZ,0.19697707678546364
2024.07.03,600017.SH,0.24347310430761
2024.07.03,600021.SH,0.05203300861436237
2024.07.03,000050.SZ,0.6709575395866737
2024.07.03,000011.SZ,0.08700254778221009
2024.07.03,000020.SZ,0.11411492907348958
2024.07.03,000008.SZ,0.2785767786516131
2024.07.03,600042.SH,0.4453850633448295
2024.07.03,600041.SH,0.06837497773998591
2024.07.03,600022.SH,0.0191932418659486
2024.07.03,000009.SZ,0.20145865551269007
2024.07.03,000041.SZ,0.02697544552920218
2024.07.03,600020.SH,0.03671166114708206
2024.07.03,600036.SH,0.07346077444656979
2024.07.03,000010.SZ,0.08084290412558291
2024.07.03,600012.SH,0.09399786444401334
2024.07.03,000044.SZ,0.12720122218503535
2024.07.03,000049.SZ,0.1979152468227082
2024.07.03,600025.SH,0.36904626119607536
2024.07.03,600005.SH,0.013125770490401732
2024.07.03,000031.SZ,0.11960971980890896
2024.07.03,000025.SZ,0.06388332724202674
2024.07.03,600011.SH,0.0040153598469066685
2024.07.03,600031.SH,0.011544794020847685
2024.07.03,600043.SH,0.11842813436557803
2024.07.03,000043.SZ,0.16884156480787338
2024.07.03,000029.SZ,0.016727316319971833
2024.07.03,000028.SZ,0.06307648208053097
2024.07.03,000035.SZ,0.040646006961665655
2024.07.03,600004.SH,0.1647636189303505
2024.07.03,600006.SH,0.22741558241800142
2024.07.03,600040.SH,0.24822054092680512
2024.07.03,600010.SH,0.08596547374345957
2024.07.03,000012.SZ,0.16565978230535755
2024.07.03,000023.SZ,0.005098011446589281
2024.07.03,000002.SZ,0.08341581156389975
2024.07.03,600007.SH,0.018307300709582593
2024.07.03,000039.SZ,0.06216175549707352
2024.07.03,600009.SH,0.19335834462082827
2024.07.03,600048.SH,0.05147894937956925
2024.07.03,600027.SH,0.05459053896707926
2024.07.03,600030.SH,0.16087474038641278
2024.07.03,000014.SZ,0.03206765537891079
2024.07.03,000037.SZ,0.05560044855926173
2024.07.03,000034.SZ,0.1093237012611202
2024.07.03,600033.SH,0.07986851514410326
2024.07.03,600035.SH,0.07293150542954695
2024.07.03,600018.SH,0.09808398551927792
2024.07.03,000024.SZ,0.1441852921143545
2024.07.03,000040.SZ,0.12061219256587179
2024.07.03,000032.SZ,0.044281540907353756
2024.07.03,600034.SH,0.32744435010508577
2024.07.03,600028.SH,0.010328737211600643
2024.07.03,600039.SH,0.01241777853621069
2024.07.03,600046.SH,0.015622883155726065
2024.07.03,600019.SH,0.05664420507704925
2024.07.04,600023.SH,0.07693721488863559
2024.07.04,600000.SH,0.1530669164013277
2024.07.04,600048.SH,0.18493879535937552
2024.07.04,600031.SH,0.24794848063133404
2024.07.04,600017.SH,0.014794934246210237
2024.07.04,000029.SZ,0.16320567445386283
2024.07.04,000017.SZ,0.11714925926146859
2024.07.04,000016.SZ,0.04472305426536479
2024.07.04,600003.SH,0.23592408430291376
2024.07.04,600008.SH,0.028771746602217707
2024.07.04,600032.SH,0.06774603027626638
2024.07.04,600040.SH,0.0036652198221686786
2024.07.04,600016.SH,0.04429214120503681
2024.07.04,000048.SZ,0.019492539486843558
2024.07.04,600044.SH,0.021055270721414877
2024.07.04,000031.SZ,0.15758869396926553
2024.07.04,000008.SZ,0.07500887091131517
2024.07.04,600015.SH,0.17658062869795438
2024.07.04,600049.SH,0.0009439700240348217
2024.07.04,000047.SZ,0.006303013224903376
2024.07.04,000019.SZ,0.14373463481179183
2024.07.04,000040.SZ,0.029393557032722492
2024.07.04,600002.SH,0.18788467464658273
2024.07.04,600042.SH,0.10886303244885616
2024.07.04,600024.SH,0.07788352690833479
2024.07.04,000027.SZ,0.09791145069774194
2024.07.04,600014.SH,0.024476006573857987
2024.07.04,000005.SZ,0.21214309576980575
2024.07.04,600010.SH,0.27825806970404077
2024.07.04,600018.SH,0.4219637640232747
2024.07.04,000022.SZ,0.11570731401953445
2024.07.04,000026.SZ,0.02977765818668164
2024.07.04,000013.SZ,0.07742498682120134
2024.07.04,000020.SZ,0.062109735128860116
2024.07.04,600039.SH,0.018321480963816403
2024.07.04,600019.SH,0.11568988815701589
2024.07.04,000039.SZ,0.09047176232766205
2024.07.04,600034.SH,0.2476738866211026
2024.07.04,600043.SH,0.18785741579902002
2024.07.04,600036.SH,0.19066330677879534
2024.07.04,000023.SZ,0.10304940400595247
2024.07.04,000021.SZ,0.14872216217562315
2024.07.04,600020.SH,0.02662107416193712
2024.07.04,000002.SZ,0.05981869261099669
2024.07.04,600001.SH,0.026233698121727253
2024.07.04,600027.SH,0.002384765926781195
2024.07.04,600011.SH,0.06292360394199052
2024.07.04,000041.SZ,0.1138255409736593
2024.07.04,000050.SZ,0.18947766733519955
2024.07.04,000011.SZ,0.07117019052133905
2024.07.04,600033.SH,0.03285594899227955
2024.07.04,000015.SZ,0.018293730226788346
2024.07.04,000036.SZ,0.026850758602001028
2024.07.04,000009.SZ,0.18158208086994035
2024.07.04,600035.SH,0.2791860991775381
2024.07.04,000033.SZ,0.31394151567819456
2024.07.04,600038.SH,0.05757888590094021
2024.07.04,000042.SZ,0.120290667236796
2024.07.04,600030.SH,0.19739415367097168
2024.07.04,000001.SZ,0.3556876464140105
2024.07.04,000018.SZ,0.15824311715133244
2024.07.04,600012.SH,0.32845190186539736
2024.07.04,000035.SZ,0.09337952120636056
2024.07.04,600013.SH,0.019800273827360482
2024.07.04,600026.SH,0.061674239320686775
2024.07.04,600029.SH,0.20090655737478716
2024.07.04,600022.SH,0.024244117798202427
2024.07.04,000006.SZ,0.01643520284143465
2024.07.04,000034.SZ,0.026377860008801556
2024.07.04,000044.SZ,0.018552448841691938
2024.07.04,600037.SH,0.1011332889885567
2024.07.04,600006.SH,0.04065560540439655
2024.07.04,000037.SZ,0.3980316257991958
2024.07.04,600047.SH,0.06702901057143369
2024.07.04,600007.SH,0.03819754089798771
2024.07.04,000004.SZ,0.21101114741286578
2024.07.04,600041.SH,0.06931021273041035
2024.07.04,000028.SZ,0.002457954275567387
2024.07.04,600009.SH,0.437986137659151
2024.07.04,000046.SZ,0.11255287704722011
2024.07.04,000014.SZ,0.013437334790653756
2024.07.04,000038.SZ,0.12872187318788855
2024.07.04,000025.SZ,0.5298118678468597
2024.07.04,600046.SH,0.07865216864191878
2024.07.04,600005.SH,0.22716422345229764
2024.07.04,000007.SZ,0.18098944737512698
2024.07.04,000012.SZ,0.0271548335142703
2024.07.04,600025.SH,0.061523762451805394
2024.07.04,600028.SH,0.23842284668078162
2024.07.04,000032.SZ,0.03369068850981545
2024.07.04,600004.SH,0.02595680535770349
2024.07.04,000030.SZ,0.3386865144813664
2024.07.04,000003.SZ,0.06722393696130328
2024.07.04,000010.SZ,0.16143530430747377
2024.07.04,600045.SH,0.26371590380626425
2024.07.04,000024.SZ,0.09139396601531975
2024.07.04,600021.SH,0.008263012293292061
2024.07.05,600028.SH,0.5252329034138101
2024.07.05,600007.SH,0.0012837924014640378
2024.07.05,600040.SH,0.023262389668351705
2024.07.05,000024.SZ,0.0073072877919417335
2024.07.05,600025.SH,0.047713223383063
2024.07.05,600013.SH,0.01847565981856896
2024.07.05,000009.SZ,0.03258276947790572
2024.07.05,000043.SZ,0.09148918740903937
2024.07.05,600001.SH,0.33251290707874853
2024.07.05,600006.SH,0.09128441943848045
2024.07.05,600015.SH,0.29522044599445174
2024.07.05,600027.SH,0.08490424790171464
2024.07.05,000027.SZ,0.06121147416216101
2024.07.05,000003.SZ,0.006184079456781495
2024.07.05,000012.SZ,0.1795819223171613
2024.07.05,000005.SZ,0.0009670068257725171
2024.07.05,000022.SZ,0.160874115647683
2024.07.05,600035.SH,0.22480311727247315
2024.07.05,600011.SH,0.03847217845266801
2024.07.05,600010.SH,0.08304381786195857
2024.07.05,000002.SZ,0.20434292409891214
2024.07.05,000031.SZ,0.016830893069643627
2024.07.05,600033.SH,0.09345317498193903
2024.07.05,000037.SZ,0.11839842370001684
2024.07.05,000010.SZ,0.03771046590255724
2024.07.05,000026.SZ,0.1407717481634794
2024.07.05,000001.SZ,0.09877674845236636
2024.07.05,600039.SH,0.40530087623804023
2024.07.05,600031.SH,0.022845821443845914
2024.07.05,000028.SZ,0.18562816647647476
2024.07.05,000011.SZ,0.0820534976658301
2024.07.05,000015.SZ,0.14605553777353167
2024.07.05,600018.SH,0.05000004417174842
2024.07.05,600009.SH,0.03561610483825037
2024.07.05,000047.SZ,0.08952633883285477
2024.07.05,600030.SH,0.07633128234514283
2024.07.05,600026.SH,0.22020097281142428
2024.07.05,600043.SH,0.20550883450463098
2024.07.05,600034.SH,0.0811270335506638
2024.07.05,000036.SZ,0.11976127841629072
2024.07.05,000038.SZ,0.3104475419510296
2024.07.05,600029.SH,0.4291110674409263
2024.07.05,600044.SH,0.02747202799316832
2024.07.05,600005.SH,0.2777644779499249
2024.07.05,000004.SZ,0.11859938381711253
2024.07.05,000040.SZ,0.0369359164409498
2024.07.05,600036.SH,0.17380345521762236
2024.07.05,600045.SH,0.23556599722704352
2024.07.05,000041.SZ,0.08644284355785313
2024.07.05,600000.SH,0.003514395197930333
2024.07.05,000019.SZ,0.24282054513757853
2024.07.05,000049.SZ,0.0452493321100828
2024.07.05,600012.SH,0.015339276987930648
2024.07.05,000045.SZ,0.30508211307598404
2024.07.05,600037.SH,0.023611076109870312
2024.07.05,000035.SZ,0.14656888581786273
2024.07.05,600023.SH,0.3234052349346843
2024.07.05,000021.SZ,0.009042086082702657
2024.07.05,000007.SZ,0.12683769003455891
2024.07.05,000023.SZ,0.025789711543921706
2024.07.05,600002.SH,0.05383813646536264
2024.07.05,000013.SZ,0.049229247396123124
2024.07.05,000048.SZ,0.07279828830182909
2024.07.05,600021.SH,0.07242016286162083
2024.07.05,600047.SH,0.02699961473339599
2024.07.05,600016.SH,0.034985678042004184
2024.07.05,600019.SH,0.04910192000423462
2024.07.05,000032.SZ,0.08593193797478285
2024.07.05,600017.SH,0.037539740390570724
2024.07.05,000014.SZ,0.18623756121683988
2024.07.05,000017.SZ,0.052751274344264534
2024.07.05,000018.SZ,0.23005442701670437
2024.07.05,000033.SZ,0.1300810127425095
2024.07.05,000050.SZ,0.06636725360861728
2024.07.05,600041.SH,0.4848568523636016
2024.07.05,600048.SH,0.05101032215606074
2024.07.05,000016.SZ,0.06001590451368515
2024.07.05,600008.SH,0.013265917142533487
2024.07.05,000008.SZ,0.07759091495735497
2024.07.05,600032.SH,0.342642909383965
2024.07.05,600003.SH,0.0926035192640093
2024.07.05,600046.SH,0.0846328994550371
2024.07.05,000030.SZ,0.18389233463291407
2024.07.05,600049.SH,0.06986351283937653
2024.07.05,600042.SH,0.04964607278190209
2024.07.05,600004.SH,0.03406649782004819
2024.07.05,600014.SH,0.0060845361006040865
2024.07.05,000034.SZ,0.29509435584422533
2024.07.05,000046.SZ,0.0016244112115958575
2024.07.05,000025.SZ,0.36357200559976605
2024.07.05,600022.SH,0.15062530140400512
2024.07.05,000020.SZ,0.10358733981546445
2024.07.05,600038.SH,0.07242708761518939
2024.07.05,600020.SH,0.059851702779972864
2024.07.05,600024.SH,0.10436669190201564
2024.07.05,000006.SZ,0.02082448691296452
2024.07.05,000044.SZ,0.05547657504547787
2024.07.08,600034.SH,0.23635979055370804
2024.07.08,600018.SH,0.17116974152580622
2024.07.08,000039.SZ,0.017840182849695713
2024.07.08,600013.SH,0.17819858761628873
2024.07.08,000041.SZ,0.3354437022563681
2024.07.08,600035.SH,0.07327322693028122
2024.07.08,000045.SZ,0.13148018075209336
2024.07.08,000043.SZ,0.17728964614593817
2024.07.08,600046.SH,0.12039496272187307
2024.07.08,000025.SZ,0.13751628048810832
2024.07.08,600009.SH,0.2891051355897297
2024.07.08,600038.SH,0.077274813156043
2024.07.08,600000.SH,0.19157894617906165
2024.07.08,000022.SZ,0.25144136675164575
2024.07.08,600036.SH,0.1604045862639622
2024.07.08,000011.SZ,0.4153521883398019
2024.07.08,000009.SZ,0.40208271752779
2024.07.08,600004.SH,0.04288878884239077
2024.07.08,000016.SZ,0.051976736849816456
2024.07.08,000004.SZ,0.2049439052873472
2024.07.08,000019.SZ,0.012013032096749967
2024.07.08,000013.SZ,0.05062946747970318
2024.07.08,000033.SZ,0.111357351047331
2024.07.08,600048.SH,0.2623538049460681
2024.07.08,000020.SZ,0.07326872668658838
2024.07.08,600017.SH,0.027512000646553188
2024.07.08,000021.SZ,0.012896251541362832
2024.07.08,000031.SZ,0.11536366713138882
2024.07.08,600003.SH,0.11214889216404267
2024.07.08,600049.SH,0.020989830769859268
2024.07.08,000034.SZ,0.4027599079077695
2024.07.08,000028.SZ,0.036608326014304776
2024.07.08,000014.SZ,0.10200505682947095
2024.07.08,000042.SZ,0.05164657298386373
2024.07.08,600020.SH,0.021008487704117722
2024.07.08,600012.SH,0.1531221009524316
2024.07.08,000050.SZ,0.2117908668591096
2024.07.08,600024.SH,0.21557609743178294
2024.07.08,600008.SH,0.09664453739487903
2024.07.08,600014.SH,0.0016102165258810382
2024.07.08,600033.SH,0.1770030312011354
2024.07.08,600016.SH,0.12522105489763607
2024.07.08,000047.SZ,0.008087914392993447
2024.07.08,000018.SZ,0.05939971801071989
2024.07.08,600010.SH,0.14059175309572838
2024.07.08,600029.SH,0.052364750171234244
2024.07.08,600019.SH,0.10104052588231908
2024.07.08,000005.SZ,0.03494002758432387
2024.07.08,000023.SZ,0.04854419702434986
2024.07.08,000001.SZ,0.47729713719252187
2024.07.08,000044.SZ,0.044558886047814335
2024.07.08,000024.SZ,0.006743502281068976
2024.07.08,000036.SZ,0.12133818806046813
2024.07.08,000037.SZ,0.015300406726256224
2024.07.08,600028.SH,0.31149094967636115
2024.07.08,600037.SH,0.31333935895482223
2024.07.08,000038.SZ,0.11256781606927387
2024.07.08,600040.SH,0.06571596880577106
2024.07.08,000015.SZ,0.011924615776251781
2024.07.08,600039.SH,0.027579777520176985
2024.07.08,600043.SH,0.058369898385330195
2024.07.08,000017.SZ,0.023725606500475106
2024.07.08,000030.SZ,0.12728555111818443
2024.07.08,000008.SZ,0.05407028616404088
2024.07.08,600011.SH,0.13899110749382437
2024.07.08,600044.SH,0.10681702850436692
2024.07.08,600041.SH,0.30485864390639655
2024.07.08,000027.SZ,0.04979493244548053
2024.07.08,000012.SZ,0.044928860739974166
2024.07.08,000049.SZ,0.13445057790201445
2024.07.08,000002.SZ,0.04890636575552064
2024.07.08,600007.SH,0.054640325432277835
2024.07.08,600002.SH,0.18794308751092872
2024.07.08,000029.SZ,0.05104618733084573
2024.07.08,600022.SH,0.05959496262822368
2024.07.08,600023.SH,0.11252917588817472
2024.07.08,000026.SZ,0.061601321111637575
2024.07.08,000007.SZ,0.07923231528467549
2024.07.08,000046.SZ,0.4175765853183682
2024.07.08,600030.SH,0.12550097211405933
2024.07.08,600047.SH,0.11722580692439484
2024.07.08,600042.SH,0.169556875222434
2024.07.08,600032.SH,0.05822742631237707
2024.07.08,600006.SH,0.022638401856252443
2024.07.08,600045.SH,0.07009223276247374
2024.07.08,600015.SH,0.05490235081984865
2024.07.08,600031.SH,0.06216746928650669
2024.07.08,600021.SH,0.028470217842212597
2024.07.08,000032.SZ,0.012265487278537261
2024.07.08,000048.SZ,0.0369411644540264
2024.07.08,600026.SH,0.08701706296799432
2024.07.08,600001.SH,0.003977321120043362
2024.07.08,600027.SH,0.09690104271972497
2024.07.08,000035.SZ,0.06543479456590548
2024.07.08,600025.SH,0.08443254247093143
2024.07.08,000010.SZ,0.03108800462471423
2024.07.08,000003.SZ,0.018958572720789293
2024.07.08,600005.SH,0.08510673163779797
2024.07.09,000048.SZ,0.0354613778346744
2024.07.09,600018.SH,0.06896675385086917
2024.07.09,000001.SZ,0.025776483227538536
2024.07.09,000030.SZ,0.17257010880562143
2024.07.09,000041.SZ,0.13284144189137836
2024.07.09,000044.SZ,0.10607951138545857
2024.07.09,000015.SZ,0.13037009240112454
2024.07.09,600047.SH,0.14229668065637952
2024.07.09,600040.SH,0.4332243367688527
2024.07.09,000038.SZ,0.2891938128598425
2024.07.09,600048.SH,0.026405284614831968
2024.07.09,000035.SZ,0.025046563445120077
2024.07.09,600010.SH,0.04963321247828388
2024.07.09,000008.SZ,0.034158290402761395
2024.07.09,600016.SH,0.24132179091217137
2024.07.09,000049.SZ,0.18622346462292672
2024.07.09,600011.SH,0.0434715997994876
2024.07.09,000032.SZ,0.10969262398384663
2024.07.09,600022.SH,0.030721976684995225
2024.07.09,600033.SH,0.373522214809285
2024.07.09,600023.SH,0.3159479160198201
2024.07.09,600001.SH,0.048635358492488644
2024.07.09,000003.SZ,0.07568619164543172
2024.07.09,600044.SH,0.1486545957104287
2024.07.09,000050.SZ,0.08873306010931598
2024.07.09,000043.SZ,0.05445693572652982
2024.07.09,000031.SZ,0.006859246985277006
2024.07.09,000018.SZ,0.1560301123394234
2024.07.09,600030.SH,0.006400129360093853
2024.07.09,000042.SZ,0.020060616184603888
2024.07.09,000036.SZ,0.05394543794914044
2024.07.09,000045.SZ,0.2100969517032729
2024.07.09,000039.SZ,0.008367987494438721
2024.07.09,000028.SZ,0.3449950331836519
2024.07.09,600031.SH,0.18596490558342063
2024.07.09,600015.SH,0.044235703312308076
2024.07.09,600036.SH,0.16707270689061757
2024.07.09,000016.SZ,0.17787723373603576
2024.07.09,600046.SH,0.07761307843753792
2024.07.09,000026.SZ,0.3024126810784688
2024.07.09,600003.SH,0.17125663635777005
2024.07.09,000013.SZ,0.27281781148218004
2024.07.09,600029.SH,0.09150978943185838
2024.07.09,000047.SZ,0.04014339493675305
2024.07.09,600021.SH,0.2323522167334938
2024.07.09,000024.SZ,0.010243453511712809
2024.07.09,600009.SH,0.03195697845236199
2024.07.09,600006.SH,0.05353357072422678
2024.07.09,000004.SZ,0.0155560788468136
2024.07.09,600005.SH,0.1415560346208359
2024.07.09,600034.SH,0.01611152752779595
2024.07.09,000020.SZ,0.009858500218907896
2024.07.09,000007.SZ,0.03944146982704394
2024.07.09,000029.SZ,0.17076829505120164
2024.07.09,000006.SZ,0.04312023282772068
2024.07.09,600024.SH,0.029236535777717395
2024.07.09,000019.SZ,0.3712120102561417
2024.07.09,000034.SZ,0.017705126143956945
2024.07.09,000014.SZ,0.06880508578397278
2024.07.09,600039.SH,0.021168211488022656
2024.07.09,600013.SH,0.01837385915072981
2024.07.09,000021.SZ,0.05181484071569765
2024.07.09,600008.SH,0.1328573365274926
2024.07.09,000022.SZ,0.016386102367614785
2024.07.09,600032.SH,0.28165214830381585
2024.07.09,600020.SH,0.026497645229486166
2024.07.09,600007.SH,0.01447558481070083
2024.07.09,000033.SZ,0.3252342702704174
2024.07.09,600045.SH,0.021793648818306942
2024.07.09,600025.SH,0.034495603933852176
2024.07.09,000011.SZ,0.030941207078085054
2024.07.09,600012.SH,0.1406855720146001
2024.07.09,600000.SH,0.028034343693118826
2024.07.09,600049.SH,0.020860450707836212
2024.07.09,000012.SZ,0.05176485234203278
2024.07.09,600026.SH,0.2040431459722916
2024.07.09,600019.SH,0.2902348767862633
2024.07.09,000040.SZ,0.0021583512301141692
2024.07.09,600038.SH,0.31572836646958796
2024.07.09,600035.SH,0.03192440898011343
2024.07.09,000023.SZ,0.22062821427573795
2024.07.09,000025.SZ,0.33811012665237633
2024.07.09,600028.SH,0.013685063754039854
2024.07.09,600002.SH,0.04156935840013649
2024.07.09,000046.SZ,0.08002580497790668
2024.07.09,000017.SZ,0.0028222186893828265
2024.07.09,000010.SZ,0.07056091446497947
2024.07.09,000027.SZ,0.08831200869067014
2024.07.09,600017.SH,0.06024699718432009
2024.07.09,600004.SH,0.11602301404905786
2024.07.09,600037.SH,0.23026298308869014
2024.07.09,000005.SZ,0.08139730552403043
2024.07.09,000002.SZ,0.08607607073914632
2024.07.09,600042.SH,0.1237721760255301
2024.07.09,600041.SH,0.09594787727612572
2024.07.09,000037.SZ,0.22472634531555674
2024.07.10,600010.SH,0.0809762692965046
2024.07.10,600025.SH,0.13070483145615028
2024.07.10,600047.SH,0.13682854785364784
2024.07.10,000032.SZ,0.2579903761684871
2024.07.10,600019.SH,0.03655284412532372
2024.07.10,000001.SZ,0.1819980757708028
2024.07.10,000028.SZ,0.010751554566675545
2024.07.10,600048.SH,0.2661823438928566
2024.07.10,000046.SZ,0.014938049530303841
2024.07.10,000042.SZ,0.1106799377904872
2024.07.10,600020.SH,0.007056131249214968
2024.07.10,000003.SZ,0.05415767766679649
2024.07.10,600026.SH,0.004190319580731271
2024.07.10,000019.SZ,0.007807015135777687
2024.07.10,600022.SH,0.21355571116315875
2024.07.10,000002.SZ,0.38694031967527553
2024.07.10,600043.SH,0.05640345254166874
2024.07.10,000030.SZ,0.002668081024033381
2024.07.10,000049.SZ,0.1997230095496365
2024.07.10,000036.SZ,0.14274385510008442
2024.07.10,000025.SZ,0.16924851438641544
2024.07.10,600013.SH,0.12170915846475971
2024.07.10,000047.SZ,0.11847621903865417
2024.07.10,000044.SZ,0.12794917365523614
2024.07.10,600008.SH,0.18162660255526447
2024.07.10,600039.SH,0.10804925389087539
2024.07.10,600036.SH,0.10630054850172349
2024.07.10,000029.SZ,0.006974335127929257
2024.07.10,600009.SH,0.024618902781051135
2024.07.10,600031.SH,0.3270323760941502
2024.07.10,000034.SZ,0.021010341815023165
2024.07.10,600032.SH,0.18863855233818702
2024.07.10,600034.SH,0.15293139500792366
2024.07.10,600002.SH,0.018887538917091298
2024.07.10,000043.SZ,0.2233249817119914
2024.07.10,000037.SZ,0.06461234806959691
2024.07.10,600015.SH,0.10440866228493317
2024.07.10,600023.SH,0.014707942789350717
2024.07.10,600001.SH,0.042554159182333184
2024.07.10,600030.SH,0.03996375792306428
2024.07.10,600040.SH,0.002549436580812863
2024.07.10,000026.SZ,0.20074262540210594
2024.07.10,600021.SH,0.09531459632233096
2024.07.10,000024.SZ,0.039158506956950855
2024.07.10,000050.SZ,0.16644386658460916
2024.07.10,600046.SH,0.023625244971583775
2024.07.10,000011.SZ,0.3874401008565637
2024.07.10,000038.SZ,0.06421623581409297
2024.07.10,600033.SH,0.2045254810059381
2024.07.10,600012.SH,0.1510139853028171
2024.07.10,600014.SH,0.10506270827636205
2024.07.10,000023.SZ,0.09237324457054578
2024.07.10,600005.SH,0.02510295288331333
2024.07.10,000009.SZ,0.09098009519068061
2024.07.10,600037.SH,0.13277640356567216
2024.07.10,600011.SH,0.13209869250265655
2024.07.10,600018.SH,0.0035159660620804004
2024.07.10,000018.SZ,0.0697600399228041
2024.07.10,000045.SZ,0.16749622148725862
2024.07.10,000004.SZ,0.014562109367958499
2024.07.10,000007.SZ,0.15467869720336394
2024.07.10,600007.SH,0.05101932253787382
2024.07.10,600000.SH,0.06564025477124426
2024.07.10,000022.SZ,0.04619646349877807
2024.07.10,000041.SZ,0.06104989593073733
2024.07.10,600028.SH,0.05720625999718999
2024.07.10,000040.SZ,0.046749047552104656
2024.07.10,600045.SH,0.04481181219124136
2024.07.10,000021.SZ,0.1481078782038749
2024.07.10,600042.SH,0.06963507524724634
2024.07.10,600038.SH,0.003177190005456153
2024.07.10,000015.SZ,0.0527472455477687
2024.07.10,000005.SZ,0.09761125073712179
2024.07.10,000012.SZ,0.014144575196359215
2024.07.10,600024.SH,0.3357849436422078
2024.07.10,000039.SZ,0.06268694057822512
2024.07.10,000010.SZ,0.027324504318009216
2024.07.10,600041.SH,0.07056115068823209
2024.07.10,000027.SZ,0.1439262240833415
2024.07.10,600029.SH,0.1382378256246829
2024.07.10,600016.SH,0.11418240436519479
2024.07.10,000033.SZ,0.24073671537573546
2024.07.10,600017.SH,0.121892136478068
2024.07.10,600006.SH,0.1808845385907497
2024.07.10,600027.SH,0.04692915834448827
2024.07.10,000031.SZ,0.4684955962365242
2024.07.10,000013.SZ,0.01444933262700843
2024.07.10,000014.SZ,0.29306399115280085
2024.07.10,600003.SH,0.06781416656687658
2024.07.10,000020.SZ,0.0033700701815702963
2024.07.10,000006.SZ,0.18714421170053364
2024.07.10,000035.SZ,0.08508831554585893
2024.07.10,000048.SZ,0.019441576018121996
2024.07.10,600044.SH,0.13483998226724117
2024.07.10,000016.SZ,0.11372026860020883
2024.07.10,600035.SH,0.039051309084621184
2024.07.11,000039.SZ,0.02827658510172859
2024.07.11,600016.SH,0.006186404708504318
2024.07.11,600036.SH,0.0166198866331213
2024.07.11,000030.SZ,0.01307485789368236
2024.07.11,600011.SH,0.1707998017349511
2024.07.11,600003.SH,0.0533039245363302
2024.07.11,600043.SH,0.2166993919969923
2024.07.11,600049.SH,0.22581765846643617
2024.07.11,000031.SZ,0.2866039606186919
2024.07.11,600041.SH,0.030731405800975855
2024.07.11,000013.SZ,0.09456396143145332
2024.07.11,000027.SZ,0.0018509422413735385
2024.07.11,000050.SZ,0.009019203158984019
2024.07.11,000022.SZ,0.03257294424057898
2024.07.11,600010.SH,0.07470243954356205
2024.07.11,600009.SH,0.10843890387601808
2024.07.11,000032.SZ,0.037426307131452674
2024.07.11,600018.SH,0.13410053696560878
2024.07.11,000028.SZ,0.09384404191380943
2024.07.11,600047.SH,0.12506527210142743
2024.07.11,000004.SZ,0.002759530723043189
2024.07.11,600002.SH,0.04674790559683695
2024.07.11,000002.SZ,0.011300128127352005
2024.07.11,000009.SZ,0.0560602172846508
2024.07.11,000023.SZ,0.19638663621934013
2024.07.11,000017.SZ,0.1540026853634779
2024.07.11,600019.SH,0.1991883332395846
2024.07.11,600031.SH,0.05928627747156744
2024.07.11,000038.SZ,0.07972003316425808
2024.07.11,000015.SZ,0.197503744326918
2024.07.11,000034.SZ,0.006838604656344409
2024.07.11,000040.SZ,0.1048472163956842
2024.07.11,600021.SH,0.06234586184374354
2024.07.11,000024.SZ,0.11205419099666215
2024.07.11,000026.SZ,0.09209523999546254
2024.07.11,600001.SH,0.06936077763562332
2024.07.11,600034.SH,0.007618105674633399
2024.07.11,600028.SH,0.05173553025109807
2024.07.11,000037.SZ,0.048943398395000226
2024.07.11,000020.SZ,0.21803796079005447
2024.07.11,000010.SZ,0.003898085772761871
2024.07.11,000021.SZ,0.3320256752917409
2024.07.11,000048.SZ,0.05755941006937456
2024.07.11,000019.SZ,0.09167670779651861
2024.07.11,000045.SZ,0.2454399271164579
2024.07.11,000049.SZ,0.11521135963287522
2024.07.11,600007.SH,0.030852989780206293
2024.07.11,000014.SZ,0.1158375194395752
2024.07.11,600045.SH,0.22213872499334084
2024.07.11,600038.SH,0.09337179265036447
2024.07.11,000036.SZ,0.2609982730093538
2024.07.11,600015.SH,0.0042220547042013425
2024.07.11,000001.SZ,0.07508878783101157
2024.07.11,600020.SH,0.035483594556284574
2024.07.11,600017.SH,0.12342479999647013
2024.07.11,000003.SZ,0.13402491526050936
2024.07.11,000029.SZ,0.1662460165201823
2024.07.11,000033.SZ,0.1759028257252876
2024.07.11,000043.SZ,0.07158932292112144
2024.07.11,600024.SH,0.19925096846614526
2024.07.11,000035.SZ,0.12698774743857102
2024.07.11,000011.SZ,0.1743358099834309
2024.07.11,600022.SH,0.023125336389140615
2024.07.11,600039.SH,0.7560087956184091
2024.07.11,600005.SH,0.02157987894317645
2024.07.11,000007.SZ,0.0026507657004318772
2024.07.11,600032.SH,0.014647212774111516
2024.07.11,600029.SH,0.11912850456432672
2024.07.11,600030.SH,0.17691130886916434
2024.07.11,000044.SZ,0.06630905839193572
2024.07.11,600048.SH,0.1554418210820175
2024.07.11,000025.SZ,0.18271547681994005
2024.07.11,600027.SH,0.3576343940051732
2024.07.11,600012.SH,0.054773004319207924
2024.07.11,000047.SZ,0.09715465662337906
2024.07.11,000041.SZ,0.01598296189537303
2024.07.11,000005.SZ,0.21496813014300026
2024.07.11,000016.SZ,0.09011237365909072
2024.07.11,600026.SH,0.0034777982652728044
2024.07.11,600040.SH,0.23724514713591435
2024.07.11,600033.SH,0.03134964780148263
2024.07.11,000008.SZ,0.13191376448926534
2024.07.11,000006.SZ,0.12069118728858967
2024.07.11,000046.SZ,0.21534031437814685
2024.07.11,600025.SH,0.41194138118093454
2024.07.11,600046.SH,0.15506828891605665
2024.07.11,000018.SZ,0.03961529657811028
2024.07.11,600006.SH,0.16872039013662038
2024.07.11,000012.SZ,0.05586647060141927
2024.07.11,600014.SH,0.226999720094469
2024.07.11,600023.SH,0.5521838173616908
2024.07.11,600008.SH,0.33848387599550195
2024.07.11,600004.SH,0.038584862353736656
2024.07.11,600044.SH,0.48337963795874966
2024.07.11,600037.SH,0.07766972517744904
2024.07.11,600000.SH,0.029252929647226686
2024.07.11,000042.SZ,0.08141470126780127
2024.07.11,600013.SH,0.1637391459247806
2024.07.12,600000.SH,0.0008358332011894813
2024.07.12,600039.SH,0.10628326847149865
2024.07.12,000002.SZ,0.06911405030711987
2024.07.12,600029.SH,0.021165968229825898
2024.07.12,600036.SH,0.46234457086695296
2024.07.12,600025.SH,0.3097183174255441
2024.07.12,000034.SZ,0.3019897294129044
2024.07.12,000008.SZ,0.05141922979368109
2024.07.12,000009.SZ,0.023296454866249202
2024.07.12,000003.SZ,0.15573116079663785
2024.07.12,600042.SH,0.05598792553756582
2024.07.12,600027.SH,0.12932727388105775
2024.07.12,000037.SZ,0.11871258169914445
2024.07.12,000035.SZ,0.08466535301293292
2024.07.12,600001.SH,0.04842581841196815
2024.07.12,000033.SZ,0.2080912109022847
2024.07.12,000011.SZ,0.18100898425123507
2024.07.12,600037.SH,0.06613608324390406
2024.07.12,000006.SZ,0.14803434019795136
2024.07.12,000025.SZ,0.011889100828888945
2024.07.12,000024.SZ,0.1898229905259665
2024.07.12,000017.SZ,0.17490366520188774
2024.07.12,000004.SZ,0.010342289373495118
2024.07.12,000043.SZ,0.0781925874858756
2024.07.12,000048.SZ,0.21810799416715881
2024.07.12,600020.SH,0.1805246756654682
2024.07.12,000001.SZ,0.25473470598872633
2024.07.12,600026.SH,0.28226581407692075
2024.07.12,000019.SZ,0.3374321795065184
2024.07.12,600034.SH,0.006144935814145362
2024.07.12,000044.SZ,0.3403495314052933
2024.07.12,000032.SZ,0.3256747464298455
2024.07.12,000046.SZ,0.13425069235221188
2024.07.12,600044.SH,0.10151534186941213
2024.07.12,600023.SH,0.16972399964384086
2024.07.12,600016.SH,0.35477842249152736
2024.07.12,000031.SZ,0.3934357918133388
2024.07.12,000021.SZ,0.3455348708107614
2024.07.12,600008.SH,0.0714695075556053
2024.07.12,000013.SZ,0.04314026589750589
2024.07.12,600015.SH,0.37720150240722317
2024.07.12,600022.SH,0.30399133990679367
2024.07.12,600038.SH,0.04175732112275025
2024.07.12,600013.SH,0.1629500431053781
2024.07.12,000040.SZ,0.13579908815670438
2024.07.12,000020.SZ,0.008400438412451606
2024.07.12,000012.SZ,0.01710048271221434
2024.07.12,600048.SH,0.06129715694472649
2024.07.12,600009.SH,0.0368063819971313
2024.07.12,000026.SZ,0.056799743391791176
2024.07.12,000050.SZ,0.15364699336012658
2024.07.12,000023.SZ,0.01344572464266576
2024.07.12,600028.SH,0.021539565520767766
2024.07.12,600024.SH,0.053111225769525254
2024.07.12,000005.SZ,0.0003258708225712029
2024.07.12,600049.SH,0.06237241890167784
2024.07.12,600041.SH,0.006732565500991702
2024.07.12,600045.SH,0.04438257791321446
2024.07.12,000036.SZ,0.1039527986330149
2024.07.12,600005.SH,0.058078180496117654
2024.07.12,000027.SZ,0.007137892920286439
2024.07.12,600031.SH,0.1735888480070466
2024.07.12,000014.SZ,0.03821023249695277
2024.07.12,600002.SH,0.04629924796933061
2024.07.12,600021.SH,0.24056399804015322
2024.07.12,000047.SZ,0.005217762808627211
2024.07.12,600033.SH,0.00018120239864729176
2024.07.12,000049.SZ,0.12650038394300323
2024.07.12,600030.SH,0.026774291942077488
2024.07.12,600032.SH,0.18207437211449123
2024.07.12,600040.SH,0.3898118189631438
2024.07.12,600004.SH,0.11387595369928627
2024.07.12,000039.SZ,0.093628648670711
2024.07.12,000010.SZ,0.19232367783775525
2024.07.12,000045.SZ,0.076590795699014
2024.07.12,600017.SH,0.018282795520977013
2024.07.12,000029.SZ,0.16902430281396844
2024.07.12,000030.SZ,0.14616208857340998
2024.07.12,600012.SH,0.1352224614148132
2024.07.12,000022.SZ,0.2608091435041807
2024.07.12,000028.SZ,0.03541226166163699
2024.07.12,600043.SH,0.09126649875395945
2024.07.12,600018.SH,0.0673139704792798
2024.07.12,600010.SH,0.11156386479199545
2024.07.12,600014.SH,0.1871421803313833
2024.07.12,600019.SH,0.10379851204414967
2024.07.12,000007.SZ,0.014970501797527718
2024.07.12,600006.SH,0.053721996371823025
2024.07.12,000041.SZ,0.03600114339155169
2024.07.12,600007.SH,0.15195147458518318
2024.07.12,000016.SZ,0.06971228959986332
2024.07.12,600047.SH,0.08389563672760883
2024.07.12,000042.SZ,0.2921772244735939
2024.07.12,000018.SZ,0.021869476162106185
2024.07.12,600035.SH,0.0059358881504789855
2024.07.12,000015.SZ,0.2866533649860303
2024.07.12,600011.SH,0.0038178002568813683
2024.07.15,000018.SZ,0.1785683110893403
2024.07.15,000002.SZ,0.07251864530143445
2024.07.15,600030.SH,0.08155345356298706
2024.07.15,600048.SH,0.05422538281352998
2024.07.15,600041.SH,0.06459754487853468
2024.07.15,600042.SH,0.002647570494917556
2024.07.15,600046.SH,0.29274363088282856
2024.07.15,000027.SZ,0.19557137598778745
2024.07.15,000044.SZ,0.021678100408503154
2024.07.15,600021.SH,0.14887516762655498
2024.07.15,000045.SZ,0.17903480733616553
2024.07.15,600006.SH,0.17681510128500863
2024.07.15,600015.SH,0.025614358729751506
2024.07.15,000006.SZ,0.21339308788824327
2024.07.15,600007.SH,0.15313893197226922
2024.07.15,000023.SZ,0.03915920933797026
2024.07.15,600005.SH,0.15785779555692353
2024.07.15,600044.SH,0.0682991326786211
2024.07.15,000001.SZ,0.37511428509564565
2024.07.15,600020.SH,0.04330603366200632
2024.07.15,000014.SZ,0.04252671504123721
2024.07.15,600037.SH,0.062219622822685706
2024.07.15,000041.SZ,0.09801080982576085
2024.07.15,600016.SH,0.033800834885800504
2024.07.15,000032.SZ,0.0029095237236263657
2024.07.15,600043.SH,0.03834435339829924
2024.07.15,000007.SZ,0.3621106382733715
2024.07.15,000026.SZ,0.0999243274377796
2024.07.15,000037.SZ,0.2753465878081142
2024.07.15,000005.SZ,0.05678565607962383
2024.07.15,000010.SZ,0.1252344321088139
2024.07.15,600049.SH,0.1419292561632004
2024.07.15,000020.SZ,0.1781599428432904
2024.07.15,000028.SZ,0.13090547327442742
2024.07.15,000043.SZ,0.03658081404584064
2024.07.15,000011.SZ,0.03953029579636804
2024.07.15,000009.SZ,0.029255933604664563
2024.07.15,000035.SZ,0.06319259655269481
2024.07.15,600023.SH,0.012614368994489549
2024.07.15,600012.SH,0.12440393263771325
2024.07.15,600035.SH,0.01157615161343476
2024.07.15,600008.SH,0.04351919559398026
2024.07.15,600001.SH,0.36184281567590587
2024.07.15,600029.SH,0.05859366948324211
2024.07.15,000042.SZ,0.519603850200438
2024.07.15,600010.SH,0.2106749588665256
2024.07.15,600036.SH,0.006693759829593031
2024.07.15,000034.SZ,0.06999388498316222
2024.07.15,600025.SH,0.27417891115573306
2024.07.15,000019.SZ,0.07519094339566702
2024.07.15,600000.SH,0.19282971725822268
2024.07.15,600033.SH,0.023692058110686864
2024.07.15,000017.SZ,0.043923172154399434
2024.07.15,000047.SZ,0.16998742164684608
2024.07.15,600031.SH,0.08716565528734303
2024.07.15,600019.SH,0.21228458661809513
2024.07.15,600024.SH,0.12398070982913857
2024.07.15,000003.SZ,0.06942359424052007
2024.07.15,000021.SZ,0.12923239514365123
2024.07.15,000046.SZ,0.1697066508151112
2024.07.15,600003.SH,0.11543408866514662
2024.07.15,600026.SH,0.4485016698263955
2024.07.15,000004.SZ,0.24479254799148595
2024.07.15,000036.SZ,0.0631828472641336
2024.07.15,600039.SH,0.008184774702472182
2024.07.15,000039.SZ,0.07935019788765868
2024.07.15,000050.SZ,0.16700571865482278
2024.07.15,000024.SZ,0.03598408027214973
2024.07.15,000022.SZ,0.003342053087686212
2024.07.15,600045.SH,0.101157988497953
2024.07.15,000012.SZ,0.09866246603892964
2024.07.15,600038.SH,0.06107335681082439
2024.07.15,600011.SH,0.048572932454820174
2024.07.15,600027.SH,0.1611417091090142
2024.07.15,600034.SH,0.02598388620892759
2024.07.15,600014.SH,0.029547762473816866
2024.07.15,000040.SZ,0.30249268128154666
2024.07.15,600047.SH,0.06848147385348295
2024.07.15,000029.SZ,0.19305344516884598
2024.07.15,600009.SH,0.2036470250492124
2024.07.15,600022.SH,0.09523704466307123
2024.07.15,000008.SZ,0.030512854051734078
2024.07.15,600013.SH,0.010064171986148986
2024.07.15,000048.SZ,0.10889831563315232
2024.07.15,000049.SZ,0.07272480418737481
2024.07.15,000015.SZ,0.03343111199212559
2024.07.15,000031.SZ,0.023501573278148436
2024.07.15,000013.SZ,0.21267807451770723
2024.07.15,000033.SZ,0.15858854527247027
2024.07.15,600028.SH,0.052216530189970065
2024.07.15,600004.SH,0.10419482134754407
2024.07.15,000038.SZ,0.02259370079252161
2024.07.15,600040.SH,0.15177772843459733
2024.07.15,600002.SH,0.35891175668545944
2024.07.15,000016.SZ,0.05292938415115414
2024.07.15,600018.SH,0.04482983171742179
2024.07.15,000030.SZ,0.053313589285476234
2024.07.16,600006.SH,0.25505476421309
2024.07.16,600033.SH,0.07251902435724714
2024.07.16,600039.SH,0.3156458319296424
2024.07.16,000008.SZ,0.012203753927379869
2024.07.16,000021.SZ,0.008130091981082208
2024.07.16,000029.SZ,0.17491812969811676
2024.07.16,000013.SZ,0.09275710277067363
2024.07.16,600040.SH,0.003529578031208828
2024.07.16,600041.SH,0.042384983484174334
2024.07.16,000025.SZ,0.04274714208671812
2024.07.16,600026.SH,0.1725717690909167
2024.07.16,600008.SH,0.0035785179108251642
2024.07.16,600044.SH,0.1442699509301087
2024.07.16,000020.SZ,0.01978762262396406
2024.07.16,000050.SZ,0.0881786010002662
2024.07.16,600047.SH,0.16040891381836128
2024.07.16,000004.SZ,0.2074420304619903
2024.07.16,000035.SZ,0.00944009273537104
2024.07.16,000030.SZ,0.0008976420134015242
2024.07.16,000017.SZ,0.007147498121157413
2024.07.16,600017.SH,0.23223890454850663
2024.07.16,600002.SH,0.010701943844584129
2024.07.16,000010.SZ,0.1605434049367547
2024.07.16,000023.SZ,0.014910835980474237
2024.07.16,600011.SH,0.07753612149069479
2024.07.16,600031.SH,0.4287876538233964
2024.07.16,600018.SH,0.05843308925905992
2024.07.16,000046.SZ,0.0069146183601105264
2024.07.16,600010.SH,0.04611691348250304
2024.07.16,000040.SZ,0.05774057856802329
2024.07.16,600012.SH,0.5329395252136515
2024.07.16,000022.SZ,0.09503685430507983
2024.07.16,000012.SZ,0.0937547927422346
2024.07.16,600001.SH,0.06328170807877459
2024.07.16,000041.SZ,0.15729077774787215
2024.07.16,000024.SZ,0.15048478300162346
2024.07.16,600030.SH,0.01571700654126108
2024.07.16,000032.SZ,0.045677119613801616
2024.07.16,600036.SH,0.3148406677031992
2024.07.16,600020.SH,0.17407940773161593
2024.07.16,000034.SZ,0.047092862132174985
2024.07.16,000031.SZ,0.007893611797446977
2024.07.16,000048.SZ,0.04171866512811214
2024.07.16,600013.SH,0.16007031472389371
2024.07.16,000015.SZ,0.0071236930308929015
2024.07.16,600038.SH,0.020847950173730916
2024.07.16,600034.SH,0.048127450711642365
2024.07.16,000027.SZ,0.3344608641254309
2024.07.16,000007.SZ,0.10060144069459774
2024.07.16,000047.SZ,0.049233754551325726
2024.07.16,600023.SH,0.058206656807674714
2024.07.16,600003.SH,0.204947915013264
2024.07.16,600022.SH,0.2097210295329025
2024.07.16,000044.SZ,0.013111876923376432
2024.07.16,600032.SH,0.027612029201262735
2024.07.16,600048.SH,0.08981023121019509
2024.07.16,600046.SH,0.039138397984180444
2024.07.16,600019.SH,0.06945037303222713
2024.07.16,000001.SZ,0.01962992905194879
2024.07.16,000005.SZ,0.19698553423720921
2024.07.16,000006.SZ,0.004092060600382351
2024.07.16,000036.SZ,0.2141129736707177
2024.07.16,000042.SZ,0.003699309914461622
2024.07.16,600014.SH,0.11861148042559264
2024.07.16,600045.SH,0.10779322436731019
2024.07.16,600043.SH,0.08229935555113763
2024.07.16,600028.SH,0.026163802174439057
2024.07.16,600042.SH,0.09091109951579811
2024.07.16,000043.SZ,0.030726122850287668
2024.07.16,000026.SZ,0.26893459869546105
2024.07.16,600016.SH,0.010663798252323699
2024.07.16,000033.SZ,0.1928830302846164
2024.07.16,000002.SZ,0.07610922596673127
2024.07.16,000016.SZ,0.0007882858668222906
2024.07.16,000049.SZ,0.06449421067212903
2024.07.16,600027.SH,0.3040208384658737
2024.07.16,000045.SZ,0.04591877306433864
2024.07.16,600004.SH,0.11742248960037409
2024.07.16,600024.SH,0.16585610826792666
2024.07.16,000009.SZ,0.19884636491708568
2024.07.16,600000.SH,0.019706736033591986
2024.07.16,600007.SH,0.08885658017663708
2024.07.16,600035.SH,0.04234351116698003
2024.07.16,000037.SZ,0.003525834370906819
2024.07.16,000039.SZ,0.07396025898296114
2024.07.16,600005.SH,0.01722750354352059
2024.07.16,000014.SZ,0.009827497003089576
2024.07.16,600037.SH,0.09523164532358024
2024.07.16,600009.SH,0.3995590753408574
2024.07.16,600049.SH,0.1186043504417032
2024.07.16,000038.SZ,0.19451422805487842
2024.07.16,000003.SZ,0.0074045364806752875
2024.07.16,600025.SH,0.03117338045951992
2024.07.16,600015.SH,0.2234137531005779
2024.07.16,000028.SZ,0.07664897083896376
2024.07.16,600029.SH,0.16704683160182424
2024.07.16,000018.SZ,0.008072836847496658
2024.07.17,000035.SZ,0.12839332285399294
2024.07.17,000030.SZ,0.08668939451852983
2024.07.17,600025.SH,0.03411715836524599
2024.07.17,600021.SH,0.060694628668908436
2024.07.17,000019.SZ,0.06798697234454222
2024.07.17,600009.SH,0.07973623256690093
2024.07.17,600045.SH,0.2501310476061146
2024.07.17,000023.SZ,0.20269630203021255
2024.07.17,000036.SZ,0.0720975749414957
2024.07.17,600028.SH,0.004605382873904859
2024.07.17,000040.SZ,0.11307738787345474
2024.07.17,000031.SZ,0.03242533802345774
2024.07.17,000033.SZ,0.04192397081708255
2024.07.17,000041.SZ,0.0028813178073534
2024.07.17,600004.SH,0.14557474308247792
2024.07.17,600000.SH,0.18062270384814852
2024.07.17,000047.SZ,0.011398227165695158
2024.07.17,000022.SZ,0.1625464012141316
2024.07.17,600046.SH,0.179223668889002
2024.07.17,600039.SH,0.16419118699150018
2024.07.17,000009.SZ,0.004414270952874694
2024.07.17,600037.SH,0.047199697461777185
2024.07.17,600018.SH,0.1970031240974353
2024.07.17,000037.SZ,0.02547957740238732
2024.07.17,000020.SZ,0.2606607459541521
2024.07.17,000012.SZ,0.019386697188290433
2024.07.17,600023.SH,0.04566432188501481
2024.07.17,600048.SH,0.016696608255447956
2024.07.17,000016.SZ,0.005784978209301531
2024.07.17,600008.SH,0.03211918022128555
2024.07.17,000032.SZ,0.2686335664913089
2024.07.17,000021.SZ,0.1232392637905757
2024.07.17,000013.SZ,0.1602982427462223
2024.07.17,000029.SZ,0.07389166859583139
2024.07.17,000010.SZ,0.054952141176141535
2024.07.17,600022.SH,0.16867851986885454
2024.07.17,000026.SZ,0.125522354130376
2024.07.17,600047.SH,0.03422002499519719
2024.07.17,600003.SH,0.05392511522240877
2024.07.17,600019.SH,0.14889171347747981
2024.07.17,600017.SH,0.08217596921837356
2024.07.17,000038.SZ,0.032371937040998625
2024.07.17,600041.SH,0.20496388401226182
2024.07.17,600005.SH,0.13716035325239506
2024.07.17,600035.SH,0.4518534997603552
2024.07.17,000049.SZ,0.0838168808081455
2024.07.17,600024.SH,0.39769849982269273
2024.07.17,000048.SZ,0.023369892513905935
2024.07.17,000017.SZ,0.6458561883600323
2024.07.17,600007.SH,0.04382048060393732
2024.07.17,600032.SH,0.016192909159238857
2024.07.17,600016.SH,0.22661884729592618
2024.07.17,600014.SH,0.18461767673267573
2024.07.17,000044.SZ,0.5183161143078103
2024.07.17,000007.SZ,0.042687052433514075
2024.07.17,600044.SH,0.10140415530776467
2024.07.17,600031.SH,0.0019513867535837658
2024.07.17,600043.SH,0.10731380610645616
2024.07.17,000045.SZ,0.23315858206400622
2024.07.17,000006.SZ,0.01437353903729045
2024.07.17,000046.SZ,0.011608312312659524
2024.07.17,600001.SH,0.03492761004845799
2024.07.17,000028.SZ,0.3989139510762373
2024.07.17,600020.SH,0.02701687709208617
2024.07.17,600002.SH,0.057130373132600804
2024.07.17,600030.SH,0.05258528657136685
2024.07.17,600036.SH,0.03399113911920273
2024.07.17,600029.SH,0.2329365427724014
2024.07.17,000024.SZ,0.13279908230654314
2024.07.17,000008.SZ,0.020233524593820183
2024.07.17,000050.SZ,0.030994634611418097
2024.07.17,600034.SH,0.01806366847190005
2024.07.17,000003.SZ,0.2361685801810065
2024.07.17,000004.SZ,0.021008506894128042
2024.07.17,600049.SH,0.00401796519772298
2024.07.17,000018.SZ,0.030488184874676173
2024.07.17,000042.SZ,0.016423267515671566
2024.07.17,600027.SH,0.02666153996320469
2024.07.17,000015.SZ,0.1626709934371613
2024.07.17,000043.SZ,0.0021288023750038205
2024.07.17,600038.SH,0.2803530251987909
2024.07.17,000014.SZ,0.108057031088412
2024.07.17,600033.SH,0.004607005979210328
2024.07.17,600026.SH,0.036406984415550785
2024.07.17,000027.SZ,0.1188599308977665
2024.07.17,000034.SZ,0.02470863646472753
2024.07.17,600015.SH,0.16178698103125091
2024.07.17,600010.SH,0.009143671998121924
2024.07.17,600012.SH,0.002972810326556572
2024.07.17,000005.SZ,0.41306402556164323
2024.07.17,600013.SH,0.2467673553039533
2024.07.17,600042.SH,0.10941209793259705
2024.07.17,600040.SH,0.02708035609816192
2024.07.17,000002.SZ,0.06730765462456599
2024.07.17,000011.SZ,0.14847494334590675
2024.07.17,600006.SH,0.29898454684958164
2024.07.17,600011.SH,0.00961519469594994
2024.07.17,000001.SZ,0.08798261476033258
2024.07.18,600020.SH,0.025785361693665364
2024.07.18,000042.SZ,0.16473932694132676
2024.07.18,600047.SH,0.23281807096396584
2024.07.18,000033.SZ,0.02967306552139825
2024.07.18,600027.SH,0.10455965520813668
2024.07.18,600007.SH,0.019073831392201486
2024.07.18,600025.SH,0.034733277414350075
2024.07.18,600048.SH,0.24855173391481605
2024.07.18,600028.SH,0.03743806655951673
2024.07.18,600032.SH,0.00497892870450917
2024.07.18,600040.SH,0.2971737399822344
2024.07.18,000047.SZ,0.06512797545142689
2024.07.18,600004.SH,0.0052859804399004165
2024.07.18,000036.SZ,0.20121549326782748
2024.07.18,600031.SH,0.34123868845166955
2024.07.18,600033.SH,0.6497260359551632
2024.07.18,000035.SZ,0.18715727676400154
2024.07.18,600035.SH,0.008804881985976365
2024.07.18,000013.SZ,0.05948277577092145
2024.07.18,600022.SH,0.0818056185016026
2024.07.18,000007.SZ,0.023477845889928572
2024.07.18,600018.SH,0.07148128234964458
2024.07.18,000024.SZ,0.08009923128282967
2024.07.18,600017.SH,0.012639778126544569
2024.07.18,000017.SZ,0.0805934234310394
2024.07.18,000025.SZ,0.018171317556418636
2024.07.18,000001.SZ,0.007859462012307793
2024.07.18,000048.SZ,0.06203977582807787
2024.07.18,000008.SZ,0.025498883582940966
2024.07.18,600026.SH,0.013734018769704653
2024.07.18,000049.SZ,0.2018481460955051
2024.07.18,000039.SZ,0.1402707082400467
2024.07.18,600029.SH,0.16105384958262586
2024.07.18,600039.SH,0.2509717174025392
2024.07.18,000030.SZ,0.01575286925382336
2024.07.18,000016.SZ,0.003886903489576082
2024.07.18,000002.SZ,0.10592934401365585
2024.07.18,600044.SH,0.42410389261286074
2024.07.18,000044.SZ,0.39839354497068835
2024.07.18,600019.SH,0.06838233493015748
2024.07.18,600036.SH,0.04699894901222386
2024.07.18,000015.SZ,0.35371161523792627
2024.07.18,000011.SZ,0.22624389660107844
2024.07.18,600002.SH,0.09101182567516643
2024.07.18,600034.SH,0.0785751097400692
2024.07.18,000041.SZ,0.10272608559593861
2024.07.18,600041.SH,0.13907306834014987
2024.07.18,600030.SH,0.05092634219101993
2024.07.18,600009.SH,0.0711386313085685
2024.07.18,600008.SH,0.13851819942538884
2024.07.18,000031.SZ,0.1914855282570382
2024.07.18,600023.SH,0.10244192133887796
2024.07.18,600049.SH,0.030767903690514155
2024.07.18,000006.SZ,0.03638880385820007
2024.07.18,600011.SH,0.02543691636099435
2024.07.18,600003.SH,0.07692698651327468
2024.07.18,600042.SH,0.013250337737865586
2024.07.18,000019.SZ,0.23786525415902351
2024.07.18,000005.SZ,0.01295831765377033
2024.07.18,000040.SZ,0.0471394288599928
2024.07.18,000028.SZ,0.177825439954807
2024.07.18,000050.SZ,0.00579070596349337
2024.07.18,000034.SZ,0.030962770431424556
2024.07.18,600005.SH,0.1883571865900812
2024.07.18,600043.SH,0.1204060322424895
2024.07.18,000032.SZ,0.05638921924656521
2024.07.18,000023.SZ,0.02035055027142269
2024.07.18,000009.SZ,0.1361423561352944
2024.07.18,000022.SZ,0.007469896443891728
2024.07.18,000043.SZ,0.12261649034531193
2024.07.18,600010.SH,0.09358156749828772
2024.07.18,600013.SH,0.04033807012432988
2024.07.18,000026.SZ,0.3940845432706146
2024.07.18,000021.SZ,0.066646368625015
2024.07.18,600021.SH,0.0057137657067363
2024.07.18,600006.SH,0.22416758228264472
2024.07.18,000045.SZ,0.13858906935767226
2024.07.18,000020.SZ,0.11002666163015117
2024.07.18,000037.SZ,0.3252828919589251
2024.07.18,000010.SZ,0.4804931160931973
2024.07.18,000003.SZ,0.05771962641036017
2024.07.18,600012.SH,0.10337887764670381
2024.07.18,000027.SZ,0.09498728051441409
2024.07.18,600037.SH,0.12784707239783502
2024.07.18,600046.SH,0.14197318320047164
2024.07.18,600045.SH,0.41679432844447273
2024.07.18,000038.SZ,0.3738720143859153
2024.07.18,000004.SZ,0.11639482946380107
2024.07.18,600015.SH,0.2465300743823256
2024.07.18,000029.SZ,0.007199285258866064
2024.07.18,000046.SZ,0.01061318099604741
2024.07.18,000012.SZ,0.09654404313817695
2024.07.18,600001.SH,0.0005481971982437951
2024.07.18,600014.SH,0.02303540266453628
2024.07.18,600024.SH,0.043941814565588995
2024.07.18,000014.SZ,0.010173167928744873
2024.07.18,600016.SH,0.09164712838405484
2024.07.19,000013.SZ,0.007946940302318599
2024.07.19,000002.SZ,0.021111729572568492
2024.07.19,000050.SZ,0.0671924816477055
2024.07.19,600043.SH,0.16524218093537177
2024.07.19,600025.SH,0.18994126748985765
2024.07.19,600041.SH,0.009495135926970644
2024.07.19,600031.SH,0.09634874202955955
2024.07.19,600028.SH,0.14803723683172992
2024.07.19,000036.SZ,0.02718582041736646
2024.07.19,000023.SZ,0.03901846888932295
2024.07.19,600032.SH,0.3185676795678936
2024.07.19,000005.SZ,0.4808905184716328
2024.07.19,600035.SH,0.09380995937029155
2024.07.19,000045.SZ,0.19064090451861912
2024.07.19,600008.SH,0.21558607049886427
2024.07.19,600019.SH,0.21445931015296313
2024.07.19,600048.SH,0.2069731241828263
2024.07.19,600029.SH,0.10027338198062684
2024.07.19,000022.SZ,0.10194888830439995
2024.07.19,600000.SH,0.043817883931980335
2024.07.19,000035.SZ,0.18106510781841817
2024.07.19,000031.SZ,0.1827425662274199
2024.07.19,000017.SZ,0.05727360002146024
2024.07.19,000006.SZ,0.035557320161649135
2024.07.19,000003.SZ,0.04381698957734064
2024.07.19,600022.SH,0.17651997514084902
2024.07.19,000009.SZ,0.08794643341403967
2024.07.19,000037.SZ,0.21867923610308654
2024.07.19,600014.SH,0.007985538310960227
2024.07.19,600009.SH,0.013827300485101265
2024.07.19,000039.SZ,0.15212210747627103
2024.07.19,000030.SZ,0.12492217738229024
2024.07.19,600010.SH,0.1433950920512819
2024.07.19,600024.SH,0.1449449926203045
2024.07.19,600007.SH,0.3751670813876225
2024.07.19,600049.SH,0.12035698659658202
2024.07.19,000024.SZ,0.040267674546784024
2024.07.19,000018.SZ,0.144373678165656
2024.07.19,000011.SZ,0.3829398188961679
2024.07.19,600033.SH,0.016050538336151988
2024.07.19,000049.SZ,0.16838624162667848
2024.07.19,000028.SZ,0.03815853471710601
2024.07.19,600040.SH,0.05887160113251782
2024.07.19,600036.SH,0.07022364866835981
2024.07.19,600044.SH,0.3442515097424456
2024.07.19,600026.SH,0.03837728182244748
2024.07.19,600015.SH,0.13406059515975643
2024.07.19,600034.SH,0.0047725706504720715
2024.07.19,000032.SZ,0.03509603700666524
2024.07.19,000048.SZ,0.29337390502462335
2024.07.19,000044.SZ,0.07755553339746411
2024.07.19,600018.SH,0.07399174362246361
2024.07.19,000038.SZ,0.0075693862190025435
2024.07.19,600001.SH,0.14604877602769334
2024.07.19,000034.SZ,0.004552584048381165
2024.07.19,600045.SH,0.10511060809263321
2024.07.19,600038.SH,0.604889048606887
2024.07.19,600027.SH,0.00363646819392573
2024.07.19,600016.SH,0.08306575291847515
2024.07.19,600017.SH,0.06188117939069279
2024.07.19,000029.SZ,0.0613977745762959
2024.07.19,000025.SZ,0.02718623887789054
2024.07.19,600023.SH,0.13508097741215622
2024.07.19,000027.SZ,0.03893134833801601
2024.07.19,600047.SH,0.12310202510334464
2024.07.19,600046.SH,0.027020404568616218
2024.07.19,000021.SZ,0.02510308390351307
2024.07.19,000012.SZ,0.12404836368703553
2024.07.19,600039.SH,0.03056463589005339
2024.07.19,600030.SH,0.002105840076210825
2024.07.19,600020.SH,0.03737836629499949
2024.07.19,000046.SZ,0.03732091621706022
2024.07.19,000020.SZ,0.06742646168714711
2024.07.19,600012.SH,0.008400441290931131
2024.07.19,000026.SZ,0.17096850759045065
2024.07.19,600021.SH,0.034215765171713146
2024.07.19,000007.SZ,0.09246887671049289
2024.07.19,000042.SZ,0.13172039258115653
2024.07.19,000015.SZ,0.0933395084087985
2024.07.19,000016.SZ,0.3529449806773165
2024.07.19,000008.SZ,0.19196990830054744
2024.07.19,000001.SZ,0.07109834983314463
2024.07.19,600037.SH,0.09594045673615827
2024.07.19,000019.SZ,0.02547290231005493
2024.07.19,600011.SH,0.11476151247639955
2024.07.19,000043.SZ,0.01231407228822257
2024.07.19,000004.SZ,0.0077987614025124274
2024.07.19,600006.SH,0.14946736974165448
2024.07.19,600003.SH,0.20726748532692083
2024.07.19,000033.SZ,0.042543471629667234
2024.07.19,600005.SH,0.019062718090514564
2024.07.19,000047.SZ,0.11765586984397546
2024.07.19,600013.SH,0.11705721222715676
2024.07.19,000040.SZ,0.050129019652217714
2024.07.19,600002.SH,0.18911727577962317
2024.07.19,600042.SH,0.14932715736381214
2024.07.19,600004.SH,0.03833525961960527
2024.07.19,000041.SZ,0.07149182111249011
2024.07.22,600003.SH,0.007527803439507129
2024.07.22,000039.SZ,0.06761475090821234
2024.07.22,600039.SH,0.0605137988914798
2024.07.22,000020.SZ,0.2986725366039162
2024.07.22,000004.SZ,0.00624774342703588
2024.07.22,000030.SZ,0.1292225817161666
2024.07.22,600046.SH,0.14434394303377313
2024.07.22,000021.SZ,0.03767271874684168
2024.07.22,600013.SH,0.25776365626368364
2024.07.22,000016.SZ,0.05991891593400975
2024.07.22,600033.SH,0.1651897692903439
2024.07.22,000014.SZ,0.07342782671468168
2024.07.22,600038.SH,0.03517058678160513
2024.07.22,600045.SH,0.09997976005875518
2024.07.22,600029.SH,0.04887748540944579
2024.07.22,000042.SZ,0.13126635163463662
2024.07.22,600034.SH,0.021214512631383547
2024.07.22,600004.SH,0.022175091937086958
2024.07.22,000027.SZ,0.12658093515472046
2024.07.22,600020.SH,0.01954126098443614
2024.07.22,600036.SH,0.026217775095735696
2024.07.22,600022.SH,0.15899438854067618
2024.07.22,000011.SZ,0.24713337075454048
2024.07.22,000034.SZ,0.1396290225681445
2024.07.22,600007.SH,0.1330140467745801
2024.07.22,000036.SZ,0.029402902959848546
2024.07.22,000023.SZ,0.027977941989809678
2024.07.22,000038.SZ,0.06626956569112456
2024.07.22,600001.SH,0.023161944471160194
2024.07.22,000012.SZ,0.3474563798866081
2024.07.22,600005.SH,0.11087876642386
2024.07.22,600008.SH,0.034501609528843305
2024.07.22,600023.SH,0.18603869127445402
2024.07.22,600018.SH,0.14228957106653226
2024.07.22,000009.SZ,0.11418137480373823
2024.07.22,600040.SH,0.05894780561793492
2024.07.22,600000.SH,0.0382430887671629
2024.07.22,000035.SZ,0.044639365649164466
2024.07.22,600035.SH,0.02771854955556228
2024.07.22,000046.SZ,0.1240172878244618
2024.07.22,000043.SZ,0.08605108475718089
2024.07.22,600021.SH,0.10606794863683888
2024.07.22,000001.SZ,0.06712357171479667
2024.07.22,000015.SZ,0.4361430115652142
2024.07.22,600024.SH,0.0675557169606602
2024.07.22,600014.SH,0.04434933733020086
2024.07.22,600049.SH,0.04711913520370807
2024.07.22,600009.SH,0.05781269872460518
2024.07.22,000031.SZ,0.2424964503968809
2024.07.22,600002.SH,0.09998260977740019
2024.07.22,000013.SZ,0.09963918278275703
2024.07.22,000028.SZ,0.060045530125205936
2024.07.22,600037.SH,0.2162883550791977
2024.07.22,600048.SH,0.32611356940957076
2024.07.22,000003.SZ,0.14340230808269003
2024.07.22,600017.SH,0.04619996157230089
2024.07.22,000032.SZ,0.11432530647466672
2024.07.22,000005.SZ,0.15094979292248653
2024.07.22,000029.SZ,0.15146264866413595
2024.07.22,000050.SZ,0.13257991651292253
2024.07.22,600031.SH,0.013266609777043312
2024.07.22,000006.SZ,0.14605890111167685
2024.07.22,000041.SZ,0.1949418355691258
2024.07.22,000007.SZ,0.018021963710611422
2024.07.22,600010.SH,0.03013715689042677
2024.07.22,600019.SH,0.02033098454684085
2024.07.22,600032.SH,0.149855799004388
2024.07.22,000025.SZ,0.051126560511931964
2024.07.22,600028.SH,0.02932463680021164
2024.07.22,000037.SZ,0.29843775427917246
2024.07.22,000048.SZ,0.19949552438906223
2024.07.22,000002.SZ,0.024424470571272807
2024.07.22,000049.SZ,0.44291794024718867
2024.07.22,000044.SZ,0.08195204585414531
2024.07.22,600026.SH,0.048631492756972004
2024.07.22,600011.SH,0.02943347307417855
2024.07.22,600006.SH,0.06404906150769951
2024.07.22,600030.SH,0.09985091772280989
2024.07.22,000045.SZ,0.07913512905693106
2024.07.22,000018.SZ,0.4618865277217561
2024.07.22,000017.SZ,0.19434752774371372
2024.07.22,000019.SZ,0.043683040045860475
2024.07.22,600044.SH,0.18666098856961713
2024.07.22,600027.SH,0.19157797968020085
2024.07.22,000026.SZ,0.011553587431819435
2024.07.22,600012.SH,0.08918232537646756
2024.07.22,000010.SZ,0.23605631960247184
2024.07.22,000022.SZ,0.03659659420651224
2024.07.22,600015.SH,0.02156075668885762
2024.07.22,600041.SH,0.04973727172230192
2024.07.22,000008.SZ,0.06251969654114997
2024.07.22,000047.SZ,0.06721009853854333
2024.07.22,600043.SH,0.1290471697883392
2024.07.22,000040.SZ,0.2067432833533804
2024.07.22,000024.SZ,0.47082180302349824
2024.07.22,600042.SH,0.03485705916074195
2024.07.22,600047.SH,0.20656533954925121
2024.07.22,600025.SH,0.047393027496497424
2024.07.23,600032.SH,0.1717345874659328
2024.07.23,000042.SZ,0.046316716731859955
2024.07.23,600012.SH,0.4410584760613981
2024.07.23,600013.SH,0.020175583148584364
2024.07.23,000034.SZ,0.04629151970577292
2024.07.23,000018.SZ,0.007768225141355516
2024.07.23,600008.SH,0.02416598362480287
2024.07.23,000043.SZ,0.22425796121066582
2024.07.23,600036.SH,0.1986615813614622
2024.07.23,600031.SH,0.10108449839207255
2024.07.23,000048.SZ,0.020533418598820196
2024.07.23,600046.SH,0.014678778188941888
2024.07.23,000004.SZ,0.2530982534721007
2024.07.23,000003.SZ,0.12065522376478299
2024.07.23,600027.SH,0.25089565770308736
2024.07.23,000010.SZ,0.041676999267089475
2024.07.23,000006.SZ,0.04034622875760071
2024.07.23,600004.SH,0.13231335669007807
2024.07.23,600001.SH,0.010634085655682636
2024.07.23,600016.SH,0.20713929535578912
2024.07.23,600049.SH,0.1489731582607083
2024.07.23,000050.SZ,0.030356292219940066
2024.07.23,000030.SZ,0.5451391846182955
2024.07.23,000038.SZ,0.03139415896900816
2024.07.23,600044.SH,0.09196229715252276
2024.07.23,000046.SZ,0.09555017494559413
2024.07.23,000029.SZ,0.21848892757659827
2024.07.23,600035.SH,0.01661730403288848
2024.07.23,000028.SZ,0.2528892702635412
2024.07.23,000039.SZ,0.12221844267254979
2024.07.23,600024.SH,0.0053239276254838245
2024.07.23,600039.SH,0.24609788880114852
2024.07.23,000035.SZ,0.02259772239645629
2024.07.23,600037.SH,0.001392917636195572
2024.07.23,000005.SZ,0.10756198447070837
2024.07.23,000027.SZ,0.06173433130961703
2024.07.23,000044.SZ,0.0055900287862338804
2024.07.23,600043.SH,0.035338223307891985
2024.07.23,000012.SZ,0.33392469341596726
2024.07.23,000032.SZ,0.14124297150730297
2024.07.23,000047.SZ,0.15977453034204295
2024.07.23,600042.SH,0.4094238340736242
2024.07.23,000024.SZ,0.05961138865496118
2024.07.23,000023.SZ,0.015436010502694086
2024.07.23,000014.SZ,0.1125651797733717
2024.07.23,600014.SH,0.18027371929302205
2024.07.23,600011.SH,0.013572881801003033
2024.07.23,000037.SZ,0.051991147009824705
2024.07.23,600033.SH,0.0018978922624146273
2024.07.23,600030.SH,0.07194510650065396
2024.07.23,000008.SZ,0.0105532447342895
2024.07.23,600038.SH,0.02029188556123357
2024.07.23,600047.SH,0.03490627979370884
2024.07.23,600023.SH,0.012683450035983757
2024.07.23,600010.SH,1.4887792399563318
2024.07.23,600009.SH,0.02913040642265924
2024.07.23,000007.SZ,0.01979518409537591
2024.07.23,600003.SH,0.162514599000297
2024.07.23,000045.SZ,0.014325108249626553
2024.07.23,000031.SZ,0.10664894652239335
2024.07.23,600000.SH,0.06416684984461878
2024.07.23,600005.SH,0.10038677452911623
2024.07.23,000015.SZ,0.03813273105687348
2024.07.23,600006.SH,0.18600121570302933
2024.07.23,000033.SZ,0.25770047805976976
2024.07.23,600015.SH,0.030835301833994338
2024.07.23,600020.SH,0.40249051899192195
2024.07.23,600018.SH,0.016619478979284265
2024.07.23,600017.SH,0.019759612819881808
2024.07.23,600034.SH,0.08158547233831674
2024.07.23,000019.SZ,0.35200413369207967
2024.07.23,000041.SZ,0.07814034767302487
2024.07.23,000036.SZ,0.07397811673135352
2024.07.23,600028.SH,0.07710612272992619
2024.07.23,000025.SZ,0.15384763454011627
2024.07.23,000009.SZ,0.13176132210951572
2024.07.23,600025.SH,0.39299129865336413
2024.07.23,600021.SH,0.052412943100321276
2024.07.23,000049.SZ,0.0765739600600453
2024.07.23,600022.SH,0.06804805024335939
2024.07.23,000002.SZ,0.16528390229023143
2024.07.23,600041.SH,0.5408755787369032
2024.07.23,000011.SZ,0.1064079510221136
2024.07.23,000013.SZ,0.17731669717808246
2024.07.23,600045.SH,0.02188022847245708
2024.07.23,600026.SH,0.20442238705389287
2024.07.23,600019.SH,0.05047018134363388
2024.07.23,000016.SZ,0.0032655840329069872
2024.07.23,600040.SH,0.04341221947892171
2024.07.23,600048.SH,0.48961538244028646
2024.07.23,000001.SZ,0.1107146667139993
2024.07.23,000017.SZ,0.17786623915430308
2024.07.23,000020.SZ,0.20659042457641455
2024.07.23,600029.SH,0.23215692708005253
2024.07.23,600007.SH,0.0862815648754424
2024.07.23,600002.SH,0.1705802984435274
2024.07.23,000021.SZ,0.3053258711615384
2024.07.24,600044.SH,0.11553282606405878
2024.07.24,000046.SZ,0.002319273394133634
2024.07.24,600027.SH,0.07314952023818344
2024.07.24,600016.SH,0.11745698095711594
2024.07.24,000040.SZ,0.0986206406651388
2024.07.24,600022.SH,0.02712171930936359
2024.07.24,000018.SZ,0.005190058514195511
2024.07.24,000041.SZ,0.530418953505265
2024.07.24,600005.SH,0.158312494879965
2024.07.24,000011.SZ,0.2105585859126914
2024.07.24,600009.SH,0.00044487320112210745
2024.07.24,000027.SZ,0.011125616614169475
2024.07.24,000015.SZ,0.00804477816965054
2024.07.24,000013.SZ,0.10086786363189991
2024.07.24,000009.SZ,0.3624010960505585
2024.07.24,600028.SH,0.00014281447605794817
2024.07.24,000017.SZ,0.2834704681513259
2024.07.24,000022.SZ,0.1829752764449685
2024.07.24,600008.SH,0.1143749810627696
2024.07.24,000005.SZ,0.04460396912740506
2024.07.24,600012.SH,0.2509460924068372
2024.07.24,600018.SH,0.010744289458541594
2024.07.24,000036.SZ,0.24261471490410802
2024.07.24,000024.SZ,0.274169948818871
2024.07.24,600004.SH,0.06654286695536153
2024.07.24,600000.SH,0.1053276347817384
2024.07.24,600019.SH,0.006655124743601596
2024.07.24,600041.SH,0.0463113231621284
2024.07.24,600033.SH,0.23137183114387994
2024.07.24,600010.SH,0.08551014263323448
2024.07.24,000001.SZ,0.007068412115045839
2024.07.24,600039.SH,0.004566532602529616
2024.07.24,000037.SZ,0.02869405455887767
2024.07.24,600021.SH,0.028505905186015965
2024.07.24,000030.SZ,0.0703799888265182
2024.07.24,600032.SH,0.016022049728036464
2024.07.24,000019.SZ,0.018369337287206466
2024.07.24,000026.SZ,0.06357991159417041
2024.07.24,000044.SZ,0.027599921526962584
2024.07.24,000003.SZ,0.14372517376862923
2024.07.24,600017.SH,0.07371238277136008
2024.07.24,600002.SH,0.22232932632665572
2024.07.24,600042.SH,0.030704767262220007
2024.07.24,600037.SH,0.037202650678394816
2024.07.24,600026.SH,0.10494738650358246
2024.07.24,600001.SH,0.1585007626105559
2024.07.24,000023.SZ,0.10669193392370738
2024.07.24,600045.SH,0.028283350034987498
2024.07.24,600023.SH,0.05676069117556796
2024.07.24,000025.SZ,0.15702370056211906
2024.07.24,000002.SZ,0.03154288644025544
2024.07.24,600030.SH,0.03563136974686263
2024.07.24,000016.SZ,0.13581573889316578
2024.07.24,000014.SZ,0.10100967723162735
2024.07.24,600043.SH,0.3012669674904746
2024.07.24,000047.SZ,0.06456497687627064
2024.07.24,000042.SZ,0.18148437373671397
2024.07.24,600006.SH,0.15690461099088987
2024.07.24,600011.SH,0.015026352670525257
2024.07.24,600040.SH,0.04652378140960726
2024.07.24,600034.SH,0.09945521205336529
2024.07.24,000033.SZ,0.07769012441727546
2024.07.24,000010.SZ,0.034859094970209045
2024.07.24,000050.SZ,0.06890535317622062
2024.07.24,000034.SZ,0.1701152984069205
2024.07.24,000029.SZ,0.053635837736856116
2024.07.24,600020.SH,0.2534051340156698
2024.07.24,000031.SZ,0.02018786987602256
2024.07.24,600031.SH,0.11549340532258698
2024.07.24,000035.SZ,0.025244261795737154
2024.07.24,000004.SZ,0.042577345626661475
2024.07.24,600007.SH,0.13713721920606434
2024.07.24,000028.SZ,0.04441188553431085
2024.07.24,600036.SH,0.03082531040074738
2024.07.24,000006.SZ,0.1535283862551001
2024.07.24,000008.SZ,0.19869797768111916
2024.07.24,000021.SZ,0.21323985172616433
2024.07.24,000007.SZ,0.052772401685912095
2024.07.24,600047.SH,0.050929099009442626
2024.07.24,600035.SH,0.08580466685183881
2024.07.24,000048.SZ,0.0589313754004201
2024.07.24,600003.SH,0.026670514015505103
2024.07.24,600024.SH,0.007919852447020015
2024.07.24,000045.SZ,0.3134376076787294
2024.07.24,600014.SH,0.011719741101661924
2024.07.24,600048.SH,0.1441656662807292
2024.07.24,000039.SZ,0.10626712553047306
2024.07.24,600015.SH,0.009043031226072515
2024.07.24,000020.SZ,0.22661521530992704
2024.07.24,000038.SZ,0.08276085915422236
2024.07.24,600013.SH,0.15833235009758231
2024.07.24,600025.SH,0.17382600584625912
2024.07.24,000032.SZ,0.1626445788733827
2024.07.24,600046.SH,0.12218406662204177
2024.07.24,600038.SH,0.15445018681152384
2024.07.24,000012.SZ,0.18658186821624514
2024.07.24,600029.SH,0.054012325002851226
2024.07.25,600038.SH,0.08768833621661859
2024.07.25,600041.SH,0.027097097521582954
2024.07.25,000016.SZ,0.10212523544645172
2024.07.25,000025.SZ,0.5946733979076646
2024.07.25,600006.SH,0.05903479790126735
2024.07.25,600042.SH,0.13729462362834646
2024.07.25,600013.SH,0.2053285058211323
2024.07.25,600014.SH,0.12479035117725311
2024.07.25,600032.SH,0.12622382865659265
2024.07.25,600037.SH,0.07577353795316619
2024.07.25,000031.SZ,0.1558195737391692
2024.07.25,000039.SZ,0.10030052111746691
2024.07.25,000030.SZ,0.08366619571808744
2024.07.25,600049.SH,0.14614871174077576
2024.07.25,600021.SH,0.12156957403748836
2024.07.25,600025.SH,0.005159893824856356
2024.07.25,000002.SZ,0.15089022082553505
2024.07.25,000028.SZ,0.17617747061129435
2024.07.25,000027.SZ,0.03396425741639841
2024.07.25,000050.SZ,0.05288796299294554
2024.07.25,600031.SH,0.03734559029132044
2024.07.25,000008.SZ,0.10714333590680525
2024.07.25,600035.SH,0.30940210375203964
2024.07.25,600010.SH,0.05900395518777066
2024.07.25,600008.SH,0.3291290218776275
2024.07.25,000017.SZ,0.2686523545087183
2024.07.25,600007.SH,0.08900144304678682
2024.07.25,000038.SZ,0.025343284748032036
2024.07.25,000035.SZ,0.10373374467392685
2024.07.25,600024.SH,0.10150174114364785
2024.07.25,600044.SH,0.044457666978348784
2024.07.25,600000.SH,0.2171493970542602
2024.07.25,600016.SH,0.13714981665802542
2024.07.25,600039.SH,0.2714691782920682
2024.07.25,600046.SH,0.16172105334945225
2024.07.25,600015.SH,0.2276715012667103
2024.07.25,600030.SH,0.20031451837951342
2024.07.25,600003.SH,0.02243175614571432
2024.07.25,000041.SZ,0.12175930086258512
2024.07.25,000006.SZ,0.04856273655310687
2024.07.25,600033.SH,0.04620908068384245
2024.07.25,000021.SZ,0.1050453097414676
2024.07.25,600043.SH,0.06934045858237707
2024.07.25,000009.SZ,0.23493875854623653
2024.07.25,600023.SH,0.050152905355653636
2024.07.25,000020.SZ,0.19422355056202104
2024.07.25,600045.SH,0.640221499037352
2024.07.25,000003.SZ,0.016368412575775124
2024.07.25,000026.SZ,0.20182870672419095
2024.07.25,600036.SH,0.21086152370326425
2024.07.25,000022.SZ,0.3354316243943007
2024.07.25,600002.SH,0.010305458912800441
2024.07.25,000043.SZ,0.3478743239445145
2024.07.25,000023.SZ,0.010633437803250748
2024.07.25,000032.SZ,0.22688534547800038
2024.07.25,000018.SZ,0.05637894060233604
2024.07.25,000046.SZ,0.03355326011233939
2024.07.25,600040.SH,0.29180768790417266
2024.07.25,000011.SZ,0.15008442148371293
2024.07.25,000024.SZ,0.048435771040174144
2024.07.25,000015.SZ,0.2902854562683958
2024.07.25,600026.SH,0.058998704837280716
2024.07.25,000001.SZ,0.0936953781900329
2024.07.25,600012.SH,0.050369822024851386
2024.07.25,000019.SZ,0.03060709419526468
2024.07.25,600027.SH,0.05589136201110841
2024.07.25,000048.SZ,0.047660639539791355
2024.07.25,000007.SZ,0.1673304331563753
2024.07.25,000013.SZ,0.27723413220837934
2024.07.25,600022.SH,0.03421990527304703
2024.07.25,000029.SZ,0.005920178537342128
2024.07.25,600009.SH,0.08401943655544235
2024.07.25,000010.SZ,0.10817170752520949
2024.07.25,000045.SZ,0.11053052393636945
2024.07.25,600034.SH,0.1458737978722884
2024.07.25,600001.SH,0.07814861554869024
2024.07.25,600004.SH,0.015141394804547289
2024.07.25,600018.SH,0.07421024151396154
2024.07.25,600020.SH,0.0996667391508596
2024.07.25,000037.SZ,0.19924800519066457
2024.07.25,600029.SH,0.058398908351273836
2024.07.25,000004.SZ,0.05410680938071119
2024.07.25,600028.SH,0.05854365132584764
2024.07.25,000042.SZ,0.20425498739559142
2024.07.25,000012.SZ,0.07744431623057596
2024.07.25,600019.SH,0.13753860896769673
2024.07.25,000040.SZ,0.015019358076829862
2024.07.25,000049.SZ,0.20139032201776932
2024.07.25,000036.SZ,0.047906006877550436
2024.07.25,000034.SZ,0.05067832593642703
2024.07.25,000033.SZ,0.010372247678461153
2024.07.25,000047.SZ,0.04506408663055354
2024.07.25,000005.SZ,0.06006238936145559
2024.07.25,000044.SZ,0.00580890521118863
2024.07.25,600048.SH,0.17321709350747472
2024.07.25,600011.SH,0.10149529429727241
2024.07.25,600005.SH,0.024704254047095264
2024.07.26,000047.SZ,0.15034400665797337
2024.07.26,600038.SH,0.1426130573502652
2024.07.26,000036.SZ,0.037099400770701806
2024.07.26,000043.SZ,0.2227598804835391
2024.07.26,600004.SH,0.5721707043715074
2024.07.26,000028.SZ,0.11652261471935514
2024.07.26,000007.SZ,0.04923219358465207
2024.07.26,000017.SZ,0.05946770765072134
2024.07.26,000004.SZ,0.7468871947531648
2024.07.26,600011.SH,0.36729600853674826
2024.07.26,000013.SZ,0.044505579499137915
2024.07.26,600045.SH,0.01935336863075622
2024.07.26,600012.SH,0.11919992384620892
2024.07.26,600035.SH,0.1526135723594709
2024.07.26,000038.SZ,0.03439818982176101
2024.07.26,000033.SZ,0.013736827488562354
2024.07.26,000025.SZ,0.21946426293959626
2024.07.26,600014.SH,0.2502965957061913
2024.07.26,600039.SH,0.1456997020912375
2024.07.26,000048.SZ,0.3175069113750195
2024.07.26,600020.SH,0.0748735213685769
2024.07.26,000022.SZ,0.5098447235170447
2024.07.26,000037.SZ,0.09751878619979952
2024.07.26,000010.SZ,0.1660322757339834
2024.07.26,000027.SZ,0.3180462964653463
2024.07.26,000029.SZ,0.07494428420302565
2024.07.26,000011.SZ,0.03512933256139539
2024.07.26,600047.SH,0.13938546635188784
2024.07.26,600017.SH,0.032472638193896654
2024.07.26,600031.SH,0.0011940231106340364
2024.07.26,000044.SZ,0.018273505017721143
2024.07.26,000046.SZ,0.026809485962858797
2024.07.26,600048.SH,0.00019592467566785434
2024.07.26,000039.SZ,0.08415387051871626
2024.07.26,000042.SZ,0.02051381737425852
2024.07.26,000032.SZ,0.1363628099510582
2024.07.26,000024.SZ,0.1846176675848437
2024.07.26,000035.SZ,0.6721685927486306
2024.07.26,000023.SZ,0.14921031764895282
2024.07.26,600026.SH,0.22139315908290177
2024.07.26,600013.SH,0.06209876386534558
2024.07.26,000009.SZ,0.11444561733851279
2024.07.26,600023.SH,0.017361253922892547
2024.07.26,600033.SH,0.2740430726844083
2024.07.26,000050.SZ,0.14091495063270562
2024.07.26,600015.SH,0.16681428714552776
2024.07.26,000002.SZ,0.12547974087623595
2024.07.26,600036.SH,0.07009068978423481
2024.07.26,000005.SZ,0.06703470666977374
2024.07.26,600041.SH,0.3101048473018125
2024.07.26,600028.SH,0.025087005898373316
2024.07.26,600007.SH,0.0036235742754853716
2024.07.26,000045.SZ,0.061612150521262045
2024.07.26,600037.SH,0.0018965225327514147
2024.07.26,000049.SZ,0.03786628872085103
2024.07.26,000019.SZ,0.037051038311973254
2024.07.26,000014.SZ,0.10623191548564466
2024.07.26,600021.SH,0.13477981886864004
2024.07.26,000008.SZ,0.059396563825448424
2024.07.26,000020.SZ,0.028927644239605036
2024.07.26,600005.SH,0.03394884025235195
2024.07.26,600001.SH,0.002154193504998812
2024.07.26,000015.SZ,0.09154574963804911
2024.07.26,600027.SH,0.2083451705364388
2024.07.26,000003.SZ,0.010701828865353862
2024.07.26,000006.SZ,0.03269839807792916
2024.07.26,000034.SZ,0.13340511335015678
2024.07.26,600010.SH,0.05801102487517463
2024.07.26,600018.SH,0.06271315914510574
2024.07.26,600025.SH,0.10992353779888156
2024.07.26,600030.SH,0.01357273568560206
2024.07.26,000041.SZ,0.019277414633150112
2024.07.26,000030.SZ,0.13688152720774885
2024.07.26,600049.SH,0.03342094465860132
2024.07.26,600002.SH,0.1489562054494453
2024.07.26,600032.SH,0.10747396709972185
2024.07.26,600043.SH,0.11374032252526069
2024.07.26,600006.SH,0.09436659025084847
2024.07.26,600016.SH,0.018361198880213488
2024.07.26,000040.SZ,0.02510189108459941
2024.07.26,600024.SH,0.13085782202882304
2024.07.26,000012.SZ,0.09162479784683573
2024.07.26,600040.SH,0.12912677390502
2024.07.26,000001.SZ,0.19078368888666836
2024.07.26,000031.SZ,0.03981828222972199
2024.07.26,600022.SH,0.05018397415759506
2024.07.26,600008.SH,0.24857741436133424
2024.07.26,000026.SZ,0.052197377306345195
2024.07.26,600044.SH,0.12450240742148934
2024.07.26,600042.SH,0.09952422452277698
2024.07.26,600019.SH,0.09999468286980198
2024.07.26,000016.SZ,0.10735106836461358
2024.07.26,600029.SH,0.3008492300789333
2024.07.26,600003.SH,0.009923134467842891
2024.07.26,000018.SZ,0.13149928528020297
2024.07.26,600034.SH,0.07863616207447925
2024.07.26,600000.SH,0.13914396135494372
2024.07.29,600016.SH,0.0966031956512491
2024.07.29,600013.SH,0.10204651491633947
2024.07.29,600002.SH,0.07126151238183874
2024.07.29,600000.SH,0.03475579274260981
2024.07.29,000036.SZ,0.4478257226184817
2024.07.29,600007.SH,0.03206797685101974
2024.07.29,600025.SH,0.054339512128990006
2024.07.29,600021.SH,0.015487399445072108
2024.07.29,000032.SZ,0.11383883279231462
2024.07.29,000015.SZ,0.04413333258347401
2024.07.29,600001.SH,0.23897779588015264
2024.07.29,600043.SH,0.016829239841914655
2024.07.29,000002.SZ,0.13053564037277024
2024.07.29,600034.SH,0.0446871930809222
2024.07.29,000043.SZ,0.10525145571433207
2024.07.29,000019.SZ,0.03071671015172995
2024.07.29,000048.SZ,0.08909382713071491
2024.07.29,000020.SZ,0.04896284621949563
2024.07.29,000039.SZ,0.24440117489879504
2024.07.29,600012.SH,0.008926064732844458
2024.07.29,000016.SZ,0.02711140687286252
2024.07.29,000049.SZ,0.5259963723069097
2024.07.29,600047.SH,0.22369679178318164
2024.07.29,000031.SZ,0.27041498011082765
2024.07.29,000034.SZ,0.037250048178745505
2024.07.29,000012.SZ,0.5219378154898308
2024.07.29,600014.SH,0.025164447003123983
2024.07.29,000022.SZ,0.17498216701697236
2024.07.29,000050.SZ,0.04331731239414326
2024.07.29,600005.SH,0.41672616375570326
2024.07.29,000046.SZ,0.019801581668294807
2024.07.29,000044.SZ,0.08778109229993461
2024.07.29,600028.SH,0.13034703185492444
2024.07.29,600035.SH,0.08824126616288379
2024.07.29,000017.SZ,0.05640332851158261
2024.07.29,600020.SH,0.10479276281049317
2024.07.29,000029.SZ,0.004185458817250461
2024.07.29,600019.SH,0.07328897620728318
2024.07.29,000038.SZ,0.12272618444939533
2024.07.29,600044.SH,0.4057132507589177
2024.07.29,000041.SZ,0.16474200530869906
2024.07.29,600032.SH,0.012987508170959753
2024.07.29,600010.SH,0.1866645343122767
2024.07.29,600003.SH,0.024660774515630045
2024.07.29,000004.SZ,0.33650208160007317
2024.07.29,600037.SH,0.22206755241535073
2024.07.29,600022.SH,0.015471699037042196
2024.07.29,000025.SZ,0.021679478103506396
2024.07.29,000040.SZ,0.02345332936353986
2024.07.29,600040.SH,0.09284008570256894
2024.07.29,000028.SZ,0.1416041876259769
2024.07.29,000011.SZ,0.33701159404265624
2024.07.29,000003.SZ,0.009545663182918962
2024.07.29,000009.SZ,0.02535269424244814
2024.07.29,600004.SH,0.05129698012089134
2024.07.29,000045.SZ,0.14216683500274696
2024.07.29,000006.SZ,0.1524437868940681
2024.07.29,000008.SZ,0.12416332236824171
2024.07.29,600045.SH,0.14771121827052083
2024.07.29,000005.SZ,0.11684900620557925
2024.07.29,600027.SH,0.04540228556585903
2024.07.29,600024.SH,0.23528228339920343
2024.07.29,600038.SH,0.109795477874203
2024.07.29,000030.SZ,0.09179350843003573
2024.07.29,600049.SH,0.025948725347954997
2024.07.29,000047.SZ,0.05751573087753983
2024.07.29,600036.SH,0.07890050656729955
2024.07.29,600026.SH,0.013153675987371714
2024.07.29,600042.SH,0.036463644258610185
2024.07.29,000027.SZ,0.23732436442083332
2024.07.29,600041.SH,0.0071711478527615
2024.07.29,000024.SZ,0.06427310833323176
2024.07.29,600017.SH,0.01686468160466057
2024.07.29,600015.SH,0.34650541520223543
2024.07.29,000014.SZ,0.102786941403803
2024.07.29,000042.SZ,0.00727388615151374
2024.07.29,000013.SZ,0.060961480806880394
2024.07.29,600023.SH,0.036201419921340204
2024.07.29,600018.SH,0.04940993820860818
2024.07.29,600030.SH,0.3157519269793563
2024.07.29,000018.SZ,0.017878940902764276
2024.07.29,000035.SZ,0.04073479821527668
2024.07.29,000010.SZ,0.48369868663175747
2024.07.29,000037.SZ,0.13329323512672123
2024.07.29,000021.SZ,0.04661702041241978
2024.07.29,600046.SH,0.06001131503294709
2024.07.29,600006.SH,0.06693806725347182
2024.07.29,600033.SH,0.04584661165926454
2024.07.29,000023.SZ,0.04577150075974419
2024.07.29,600029.SH,0.14887163559022015
2024.07.29,600009.SH,0.22343921474936337
2024.07.29,000007.SZ,0.3061278378877456
2024.07.29,000033.SZ,0.047963671284350536
2024.07.29,600039.SH,0.10033723557443698
2024.07.29,600031.SH,0.1245617179845333
2024.07.29,000001.SZ,0.1833915960294768
2024.07.29,000026.SZ,0.002946874394362109
2024.07.29,600048.SH,0.015985945343246082
2024.07.30,000048.SZ,0.10573709272802251
2024.07.30,600016.SH,0.0669095811513458
2024.07.30,600048.SH,0.014743204994508393
2024.07.30,600005.SH,0.08770472784611977
2024.07.30,600034.SH,0.12318866446035827
2024.07.30,000001.SZ,0.16313715657873235
2024.07.30,600031.SH,0.0500804525101514
2024.07.30,600014.SH,0.06150545489120148
2024.07.30,000010.SZ,0.11390113420210772
2024.07.30,000026.SZ,0.024864488547696233
2024.07.30,000018.SZ,0.10940287304148964
2024.07.30,000013.SZ,0.0006351008472140197
2024.07.30,000023.SZ,0.05640416532681111
2024.07.30,600042.SH,0.15930643086030685
2024.07.30,000015.SZ,0.07406590803850246
2024.07.30,000037.SZ,0.0073825577743078215
2024.07.30,600035.SH,0.02175714011927647
2024.07.30,600040.SH,0.15873105957164796
2024.07.30,600044.SH,0.014341270601724004
2024.07.30,600008.SH,0.028347850218733636
2024.07.30,000036.SZ,0.07091004912548869
2024.07.30,000021.SZ,0.04177913865754953
2024.07.30,600049.SH,0.0024857481257483803
2024.07.30,000045.SZ,0.4040522917633175
2024.07.30,000006.SZ,0.11859639095999422
2024.07.30,000029.SZ,0.011663662168396975
2024.07.30,600001.SH,0.05796930513314234
2024.07.30,000034.SZ,0.0061013956629808715
2024.07.30,600039.SH,0.18779096708712378
2024.07.30,000032.SZ,0.20624044732585492
2024.07.30,600025.SH,0.10901743771867452
2024.07.30,000005.SZ,0.5030838064446012
2024.07.30,000027.SZ,0.09150994346854979
2024.07.30,000033.SZ,0.3013199230450259
2024.07.30,000038.SZ,0.09580309989010073
2024.07.30,600030.SH,0.056929210118306844
2024.07.30,600027.SH,0.019004880032320752
2024.07.30,600018.SH,0.1020033214304202
2024.07.30,600000.SH,0.10747348460403963
2024.07.30,600009.SH,0.0817208883754411
2024.07.30,600003.SH,0.05401196837317813
2024.07.30,000025.SZ,0.10162055085373825
2024.07.30,000011.SZ,0.03775554175069157
2024.07.30,000002.SZ,0.012356029456148143
2024.07.30,600019.SH,0.1621114091751132
2024.07.30,600011.SH,0.018205371210545426
2024.07.30,600023.SH,0.011619481777087078
2024.07.30,600004.SH,0.10433773327093249
2024.07.30,000017.SZ,0.08688126018858575
2024.07.30,600043.SH,0.11112180743257881
2024.07.30,000050.SZ,0.20511225536211972
2024.07.30,000019.SZ,0.2032198381265608
2024.07.30,000009.SZ,0.15662768960087917
2024.07.30,600021.SH,0.07045401986509124
2024.07.30,000004.SZ,0.019044647093065338
2024.07.30,600037.SH,0.07069724087605021
2024.07.30,000012.SZ,0.148074437513185
2024.07.30,600013.SH,0.059157915034938134
2024.07.30,600045.SH,0.13460754243075806
2024.07.30,600017.SH,0.22132364282695127
2024.07.30,000031.SZ,0.20642021584085068
2024.07.30,000016.SZ,0.01216260966107674
2024.07.30,000042.SZ,0.010775728406624274
2024.07.30,600047.SH,0.011716095014680577
2024.07.30,000043.SZ,0.13323401993853734
2024.07.30,000039.SZ,0.3096868130045846
2024.07.30,000040.SZ,0.32677939684598034
2024.07.30,000046.SZ,0.014658491466981748
2024.07.30,000028.SZ,0.013580612649949442
2024.07.30,600012.SH,0.07622280742454546
2024.07.30,000049.SZ,0.16732199084456062
2024.07.30,600007.SH,0.020063957650884597
2024.07.30,600036.SH,0.10004038081635107
2024.07.30,000007.SZ,0.024325481511595498
2024.07.30,600015.SH,0.19653614153347818
2024.07.30,600020.SH,0.17490231898291306
2024.07.30,000047.SZ,0.010218029178891367
2024.07.30,600029.SH,0.33483044011274454
2024.07.30,600022.SH,0.10518374909609918
2024.07.30,600038.SH,0.21961038433943506
2024.07.30,600006.SH,0.007227020145070267
2024.07.30,600026.SH,0.11969072050554935
2024.07.30,000041.SZ,0.0028768244412034406
2024.07.30,600002.SH,0.09343237388999505
2024.07.30,000020.SZ,0.08299212040236281
2024.07.30,000035.SZ,0.13012625914298712
2024.07.30,000014.SZ,0.16769284796349984
2024.07.30,600033.SH,0.007960286770152465
2024.07.30,000008.SZ,0.2019504842869173
2024.07.30,000024.SZ,0.189317818159347
2024.07.30,000003.SZ,0.022064791714319076
2024.07.30,600046.SH,0.3728201869224623
2024.07.30,000022.SZ,0.02000598879711317
2024.07.30,600024.SH,0.048410938322432685
2024.07.30,600028.SH,0.023992895940068773
2024.07.30,600041.SH,0.3490067947898076
2024.07.31,600002.SH,0.11611991980030621
2024.07.31,600049.SH,0.5072864766698938
2024.07.31,600024.SH,0.048554731008127745
2024.07.31,600030.SH,0.09174469263236036
2024.07.31,600001.SH,0.015932222971255103
2024.07.31,600019.SH,0.3323989004444659
2024.07.31,000043.SZ,0.26523556164005485
2024.07.31,600010.SH,0.020551838449334548
2024.07.31,600008.SH,0.019856477899765468
2024.07.31,000033.SZ,0.11154487501509101
2024.07.31,600042.SH,0.05473830124640923
2024.07.31,600007.SH,0.04686894668036729
2024.07.31,600025.SH,0.37320090371638454
2024.07.31,600015.SH,0.0937184925038257
2024.07.31,600048.SH,0.014558466489261599
2024.07.31,600009.SH,0.052447077958716184
2024.07.31,000021.SZ,0.013076083057731903
2024.07.31,000010.SZ,0.2796622801438809
2024.07.31,000024.SZ,0.10472608975799773
2024.07.31,000001.SZ,0.20116263851931426
2024.07.31,000017.SZ,0.12285975670908227
2024.07.31,000046.SZ,0.15433625447344904
2024.07.31,000044.SZ,0.11507764333565985
2024.07.31,600027.SH,0.07899785002620553
2024.07.31,600022.SH,0.1359293883669747
2024.07.31,000002.SZ,0.00036226362322917273
2024.07.31,600029.SH,0.024314515037654465
2024.07.31,000023.SZ,0.004995542379275831
2024.07.31,600035.SH,0.14487018010334177
2024.07.31,000018.SZ,0.0846182836973917
2024.07.31,600038.SH,0.10838605993846184
2024.07.31,000020.SZ,0.08532596933551374
2024.07.31,600033.SH,0.00150040341334406
2024.07.31,000009.SZ,0.01819685769704242
2024.07.31,000038.SZ,0.15835705756308244
2024.07.31,600040.SH,0.1575447239335344
2024.07.31,600028.SH,0.07785183569056046
2024.07.31,000019.SZ,0.19388389329676686
2024.07.31,000013.SZ,0.0896598365228393
2024.07.31,000034.SZ,0.01787811674256605
2024.07.31,600026.SH,0.19302085550589979
2024.07.31,000027.SZ,0.24119048563003812
2024.07.31,000011.SZ,0.07023649660321069
2024.07.31,600031.SH,0.003544259666547161
2024.07.31,600016.SH,0.09450376002869028
2024.07.31,000003.SZ,0.06462722095291315
2024.07.31,000022.SZ,0.07760548784728116
2024.07.31,000029.SZ,0.16619484540371962
2024.07.31,000026.SZ,0.05795388011483099
2024.07.31,600045.SH,0.2292057603972897
2024.07.31,600034.SH,0.11467880733780521
2024.07.31,600020.SH,0.022993835587188066
2024.07.31,600039.SH,0.16603560868264972
2024.07.31,600013.SH,0.07119808953277705
2024.07.31,600003.SH,0.24121705452655245
2024.07.31,000040.SZ,0.010869735723698117
2024.07.31,600047.SH,0.16173752938547528
2024.07.31,000031.SZ,0.21981974597281498
2024.07.31,000049.SZ,0.07137630835965221
2024.07.31,600011.SH,0.014806879796564434
2024.07.31,000007.SZ,0.0024707383546872744
2024.07.31,600037.SH,0.00697399044512391
2024.07.31,600005.SH,0.008949109377598794
2024.07.31,600018.SH,0.025530557862203502
2024.07.31,000012.SZ,0.0444477950662977
2024.07.31,000005.SZ,0.17312021252241222
2024.07.31,600046.SH,0.09124092037438089
2024.07.31,000030.SZ,0.05602400572233381
2024.07.31,000037.SZ,0.03343270259154961
2024.07.31,000006.SZ,0.1097296519969706
2024.07.31,000036.SZ,0.16261757223330126
2024.07.31,600041.SH,0.4486742228626811
2024.07.31,600023.SH,0.3326042039970087
2024.07.31,600006.SH,0.26618137027746064
2024.07.31,600044.SH,0.03809916620150808
2024.07.31,600014.SH,0.16613181799883642
2024.07.31,000050.SZ,0.10372883737549884
2024.07.31,000008.SZ,0.03735616016609038
2024.07.31,000045.SZ,0.030251907977271248
2024.07.31,000004.SZ,0.03560420164868313
2024.07.31,000028.SZ,0.24754372267319813
2024.07.31,600043.SH,0.12362936859174081
2024.07.31,600032.SH,0.1912292876774978
2024.07.31,000015.SZ,0.2998345095552121
2024.07.31,000048.SZ,0.021102434696709565
2024.07.31,000016.SZ,0.07092829111626536
2024.07.31,000042.SZ,0.02494011172970906
2024.07.31,000025.SZ,0.024740466695839822
2024.07.31,000014.SZ,0.21513047752989184
2024.07.31,600017.SH,0.08958129733243363
2024.07.31,000047.SZ,0.025785074043470108
2024.07.31,600004.SH,0.05135964701117431
2024.07.31,600012.SH,0.06800498236531405
2024.07.31,000039.SZ,0.2002757077644141
2024.07.31,000035.SZ,0.4316537621363495
2024.07.31,600036.SH,0.09565378655424582
2024.07.31,000041.SZ,0.20723351637863408
2024.07.31,000032.SZ,0.29345232445059766
2024.08.01,000033.SZ,0.0498325947881341
2024.08.01,600012.SH,0.07557548860109485
2024.08.01,600027.SH,0.11271263802478455
2024.08.01,600015.SH,0.03438104877299718
2024.08.01,000009.SZ,0.003182978720472654
2024.08.01,600017.SH,0.08889383439632229
2024.08.01,600005.SH,0.0651326180311302
2024.08.01,000005.SZ,0.19024160322952305
2024.08.01,000020.SZ,0.14419541468250427
2024.08.01,600025.SH,0.12312487884614588
2024.08.01,600022.SH,0.24338468283921444
2024.08.01,600001.SH,0.12161313288784208
2024.08.01,000011.SZ,0.11497944447241498
2024.08.01,600035.SH,0.1276257519020846
2024.08.01,600021.SH,0.01949483378142781
2024.08.01,000015.SZ,0.048201401075228203
2024.08.01,600026.SH,0.060988196927537555
2024.08.01,600019.SH,0.2316102773252085
2024.08.01,600031.SH,0.06925212634423283
2024.08.01,000038.SZ,0.03102612355220835
2024.08.01,000041.SZ,0.1462341338152567
2024.08.01,000016.SZ,0.09380960490246779
2024.08.01,600033.SH,0.13648236265803418
2024.08.01,600011.SH,0.23729642677649268
2024.08.01,600030.SH,0.014133852459498749
2024.08.01,600024.SH,0.034601439848885474
2024.08.01,000021.SZ,0.02381431262988198
2024.08.01,000047.SZ,0.5959869714086454
2024.08.01,000007.SZ,0.36049049709833814
2024.08.01,600047.SH,0.03345570715782293
2024.08.01,000017.SZ,0.45045353357339984
2024.08.01,600037.SH,0.1114391070772583
2024.08.01,000012.SZ,0.07868558974316671
2024.08.01,000010.SZ,0.408558211631996
2024.08.01,000032.SZ,0.04637292354671243
2024.08.01,000049.SZ,0.059724679218663736
2024.08.01,000004.SZ,0.1758926903276475
2024.08.01,000035.SZ,0.06368843012670278
2024.08.01,600038.SH,0.08550328368482046
2024.08.01,000026.SZ,0.3680586572961067
2024.08.01,000013.SZ,0.07910814744233291
2024.08.01,600008.SH,0.08524984156592742
2024.08.01,000043.SZ,0.1119123332411589
2024.08.01,000028.SZ,0.06113732461594312
2024.08.01,000045.SZ,0.007194425310818342
2024.08.01,000008.SZ,0.24708495774513783
2024.08.01,000006.SZ,0.13527864693319241
2024.08.01,600006.SH,0.008251917868038078
2024.08.01,600004.SH,0.012883644650776523
2024.08.01,000002.SZ,0.1074144610371987
2024.08.01,600023.SH,0.016429120242774802
2024.08.01,000022.SZ,0.04175750757900037
2024.08.01,000025.SZ,0.014752688050733258
2024.08.01,600000.SH,0.23194210419697947
2024.08.01,600010.SH,0.650470384120774
2024.08.01,600009.SH,0.053056687139067894
2024.08.01,600048.SH,0.027935078138429978
2024.08.01,000031.SZ,0.2693204282789768
2024.08.01,600029.SH,0.06218414788575814
2024.08.01,600032.SH,0.07443270368397535
2024.08.01,600041.SH,0.029656244431314583
2024.08.01,600020.SH,0.015613264130108957
2024.08.01,000042.SZ,0.07270330258999178
2024.08.01,000029.SZ,0.44942913476196367
2024.08.01,000039.SZ,0.07242960396398526
2024.08.01,600003.SH,0.0007480826581506801
2024.08.01,000040.SZ,0.306609068756916
2024.08.01,000034.SZ,0.06778175498029894
2024.08.01,600039.SH,0.15739714090217832
2024.08.01,600034.SH,0.020744043853298675
2024.08.01,000001.SZ,0.18458354186121478
2024.08.01,000027.SZ,0.02378194472955819
2024.08.01,000037.SZ,0.3249672578587562
2024.08.01,000036.SZ,0.15204270553840954
2024.08.01,600042.SH,0.09226662013879289
2024.08.01,600045.SH,0.00018715611587404325
2024.08.01,600014.SH,0.006355016465181285
2024.08.01,600013.SH,0.5567732800640647
2024.08.01,000030.SZ,0.07797829695647408
2024.08.01,600049.SH,0.06957048279056811
2024.08.01,000018.SZ,0.12951175086820685
2024.08.01,000024.SZ,0.034918327814129804
2024.08.01,600036.SH,0.019527715500874464
2024.08.01,000046.SZ,0.10891161159587161
2024.08.01,000019.SZ,0.0577346551735822
2024.08.01,600044.SH,0.12357847641013432
2024.08.01,600018.SH,0.06809710865821103
2024.08.01,000014.SZ,0.04746102663922731
2024.08.01,000044.SZ,0.02187568279348948
2024.08.01,600043.SH,0.07138738747835144
2024.08.01,000023.SZ,0.4431053982943161
2024.08.01,600007.SH,0.000867887770605877
2024.08.01,600040.SH,0.028260861614694873
2024.08.01,600016.SH,0.2329291691370026
2024.08.01,000050.SZ,0.1025060131977014
2024.08.01,600046.SH,0.008553502655943328
2024.08.02,600020.SH,0.01918851464302525
2024.08.02,000041.SZ,0.08626239278537763
2024.08.02,600006.SH,0.022521382157105783
2024.08.02,600007.SH,0.022534113744148498
2024.08.02,000040.SZ,0.35255717150325117
2024.08.02,000050.SZ,0.35405029234322827
2024.08.02,000012.SZ,0.27929851724644067
2024.08.02,600004.SH,0.012046431817309265
2024.08.02,600041.SH,0.07835974163744291
2024.08.02,000020.SZ,0.0207835498011038
2024.08.02,000023.SZ,0.02101816770808022
2024.08.02,000011.SZ,0.10078646096051572
2024.08.02,000001.SZ,0.35051555600692696
2024.08.02,000042.SZ,0.011816456917811132
2024.08.02,600038.SH,0.08930540534496581
2024.08.02,600009.SH,0.06681017236261509
2024.08.02,600045.SH,0.020092994481695763
2024.08.02,000009.SZ,0.22156139346945325
2024.08.02,000045.SZ,0.03641693897134706
2024.08.02,600047.SH,0.1162208045169495
2024.08.02,600032.SH,0.18768656905020437
2024.08.02,000006.SZ,0.05556989767909333
2024.08.02,000028.SZ,0.10068051423279326
2024.08.02,600044.SH,0.11532152473814107
2024.08.02,000024.SZ,0.00976296085150633
2024.08.02,600028.SH,0.049140755304269174
2024.08.02,000035.SZ,0.3800222474627925
2024.08.02,600002.SH,0.31125326352700455
2024.08.02,000008.SZ,0.27061739332461293
2024.08.02,600021.SH,0.18727173703044445
2024.08.02,600003.SH,0.17555965674521254
2024.08.02,000019.SZ,0.05101046192328554
2024.08.02,000010.SZ,0.06212304064290911
2024.08.02,000016.SZ,0.03227656114261334
2024.08.02,600000.SH,0.18602654254255735
2024.08.02,000034.SZ,0.3599634006375483
2024.08.02,600001.SH,0.0936228788478356
2024.08.02,600029.SH,0.2537652879491636
2024.08.02,600040.SH,0.06725529849284866
2024.08.02,000021.SZ,0.008483465007001603
2024.08.02,000046.SZ,0.029941449644772345
2024.08.02,600022.SH,0.19245254779715487
2024.08.02,600034.SH,0.22531252775829747
2024.08.02,600048.SH,0.09323362310580374
2024.08.02,600013.SH,0.02312006386367318
2024.08.02,000017.SZ,0.10601449998125825
2024.08.02,000048.SZ,0.22024629976009866
2024.08.02,000018.SZ,0.27598424980996417
2024.08.02,600017.SH,0.04208376082811972
2024.08.02,600049.SH,0.013351213331238286
2024.08.02,000038.SZ,0.4666230117653579
2024.08.02,000037.SZ,0.011402467235311157
2024.08.02,600008.SH,0.0980613231344026
2024.08.02,000027.SZ,0.06997426218071497
2024.08.02,600019.SH,0.17629398713590538
2024.08.02,600005.SH,0.023774039735285187
2024.08.02,000047.SZ,0.03676897593990108
2024.08.02,600025.SH,0.14347099214652806
2024.08.02,000044.SZ,0.2546704355804829
2024.08.02,600026.SH,0.07757585375385921
2024.08.02,600030.SH,0.28381420426756776
2024.08.02,600023.SH,0.10535996613989795
2024.08.02,000022.SZ,0.09605921027278073
2024.08.02,600035.SH,0.08559277512571715
2024.08.02,000003.SZ,0.02952781235172829
2024.08.02,000029.SZ,0.03138152595840141
2024.08.02,000030.SZ,0.23566822463405016
2024.08.02,600015.SH,0.3515646818877261
2024.08.02,000015.SZ,0.016513787284559142
2024.08.02,000033.SZ,0.0005689036042779036
2024.08.02,600018.SH,0.36021731046451266
2024.08.02,000049.SZ,0.029829042175065327
2024.08.02,600037.SH,0.2037215928553081
2024.08.02,600010.SH,0.49611158857415305
2024.08.02,600033.SH,0.0031343575088830632
2024.08.02,600046.SH,0.141525265916404
2024.08.02,000004.SZ,0.03927988318937326
2024.08.02,000043.SZ,0.5137148278171977
2024.08.02,000013.SZ,0.31822869193568104
2024.08.02,600012.SH,0.13686446237804997
2024.08.02,600036.SH,0.2286909625492602
2024.08.02,000026.SZ,0.09348577526701794
2024.08.02,600043.SH,0.04752608578774189
2024.08.02,600024.SH,0.08935747334449978
2024.08.02,000039.SZ,0.002093969778053119
2024.08.02,000031.SZ,0.2531316055257314
2024.08.02,600016.SH,0.02370891224873236
2024.08.02,600042.SH,0.08874783310594854
2024.08.02,000007.SZ,0.04979037852433076
2024.08.02,600039.SH,0.044947417971634644
2024.08.02,000036.SZ,0.024050191955161313
2024.08.02,600011.SH,0.09065101348046188
2024.08.02,000002.SZ,0.17642039490491168
2024.08.02,600014.SH,0.1876074871680206
2024.08.02,600031.SH,0.05344400258804506
2024.08.02,600027.SH,0.001513382542156995
2024.08.05,000001.SZ,0.24032680366346362
2024.08.05,000022.SZ,0.057123180798092206
2024.08.05,000010.SZ,0.060614891008521465
2024.08.05,000026.SZ,0.39893869371393714
2024.08.05,600042.SH,0.031053780356444786
2024.08.05,000023.SZ,0.02960813414559341
2024.08.05,600026.SH,0.058958891604337406
2024.08.05,600012.SH,0.17367151347763302
2024.08.05,600010.SH,0.08590128380510814
2024.08.05,000038.SZ,0.13733558020450012
2024.08.05,600015.SH,0.05157035865938162
2024.08.05,600002.SH,0.21461381469902588
2024.08.05,600044.SH,0.2827781496307894
2024.08.05,600030.SH,0.17951412671408476
2024.08.05,000047.SZ,0.008847731049134465
2024.08.05,600009.SH,0.04361520809216654
2024.08.05,600045.SH,0.017455061465188697
2024.08.05,000039.SZ,0.045207468870479765
2024.08.05,000018.SZ,0.11709064042832738
2024.08.05,600033.SH,0.0027626569498792213
2024.08.05,000034.SZ,0.09832791760148892
2024.08.05,000049.SZ,0.06173692593177746
2024.08.05,600035.SH,0.16732955746300882
2024.08.05,000004.SZ,0.16873097271044812
2024.08.05,000029.SZ,0.32971992997394545
2024.08.05,000009.SZ,0.5563585463729803
2024.08.05,600048.SH,0.002147955249505435
2024.08.05,000014.SZ,0.1689433543844585
2024.08.05,000040.SZ,0.04017456923721422
2024.08.05,000003.SZ,0.2982435410721414
2024.08.05,000027.SZ,0.28443783372783343
2024.08.05,000007.SZ,0.0969218593994591
2024.08.05,600004.SH,0.08207657429882927
2024.08.05,000024.SZ,0.3545045045019609
2024.08.05,600036.SH,0.05587135913947994
2024.08.05,600049.SH,0.20363769180837576
2024.08.05,000030.SZ,0.2470322030909097
2024.08.05,600005.SH,0.07201568967542223
2024.08.05,000011.SZ,0.07778791725689262
2024.08.05,600032.SH,0.0930089316077188
2024.08.05,600047.SH,0.027705560756037213
2024.08.05,600016.SH,0.03796806130305886
2024.08.05,000037.SZ,0.057583294466294156
2024.08.05,600041.SH,0.04668722592495394
2024.08.05,600003.SH,0.18714458710736023
2024.08.05,600021.SH,0.22230162858016253
2024.08.05,000005.SZ,0.016964431211111915
2024.08.05,600043.SH,0.08662994637203107
2024.08.05,000036.SZ,0.03264539248029035
2024.08.05,000045.SZ,0.08391904418107188
2024.08.05,000002.SZ,0.006881124148968205
2024.08.05,600028.SH,0.06989315264574646
2024.08.05,000025.SZ,0.08506281694218923
2024.08.05,600017.SH,0.017745334402792193
2024.08.05,000050.SZ,0.1961630148107593
2024.08.05,000043.SZ,0.1510457450177328
2024.08.05,000016.SZ,0.049722563786589194
2024.08.05,600007.SH,0.023987645811710766
2024.08.05,000031.SZ,0.058670309308658394
2024.08.05,000041.SZ,0.002952130851055136
2024.08.05,600022.SH,0.01041444784611589
2024.08.05,000033.SZ,0.15840358289998316
2024.08.05,000013.SZ,0.1950870606963587
2024.08.05,000006.SZ,0.2368714268958594
2024.08.05,600039.SH,0.3988196033088971
2024.08.05,600011.SH,0.055255871737861645
2024.08.05,600024.SH,0.07895818820520183
2024.08.05,600001.SH,0.26436483292660906
2024.08.05,000015.SZ,0.003780622677992516
2024.08.05,600023.SH,0.40529440366053027
2024.08.05,600038.SH,0.012111427388696168
2024.08.05,000046.SZ,0.2920512011902058
2024.08.05,000019.SZ,0.08022641389262428
2024.08.05,600046.SH,0.009776225072225005
2024.08.05,600027.SH,0.2776270183583486
2024.08.05,600008.SH,0.077500071332173
2024.08.05,600018.SH,0.09282777858027684
2024.08.05,000012.SZ,0.120096635251802
2024.08.05,600031.SH,0.06711187229755913
2024.08.05,000020.SZ,0.4580578730876832
2024.08.05,000008.SZ,0.04423434041084299
2024.08.05,600014.SH,0.002041446742217491
2024.08.05,600034.SH,0.09344800021680932
2024.08.05,000035.SZ,0.08136591402117645
2024.08.05,600006.SH,0.0003545103880652221
2024.08.05,000044.SZ,0.04063879356627587
2024.08.05,600025.SH,0.2221493700426017
2024.08.05,600029.SH,0.1023279331856085
2024.08.05,000028.SZ,0.5051929200165686
2024.08.05,600040.SH,0.14342061131854658
2024.08.05,000048.SZ,0.02897510419203162
2024.08.05,600020.SH,0.03794888599646168
2024.08.05,000032.SZ,0.16432611812133915
2024.08.05,000021.SZ,0.08434862407976598
2024.08.05,000042.SZ,0.0482655556830439
2024.08.05,600013.SH,0.44129227857422415
2024.08.05,600000.SH,0.024863730640680513
2024.08.05,000017.SZ,0.05413159684505598
2024.08.06,000038.SZ,0.13462123466367074
2024.08.06,600042.SH,0.07754500930418251
2024.08.06,600023.SH,0.16737068236644087
2024.08.06,000024.SZ,0.04043550563289634
2024.08.06,600039.SH,0.1036140325608028
2024.08.06,600020.SH,0.08329561766627303
2024.08.06,000019.SZ,0.08702678363913965
2024.08.06,000042.SZ,0.29208220454362066
2024.08.06,600009.SH,0.03991942271339923
2024.08.06,000011.SZ,0.187723400243177
2024.08.06,000047.SZ,0.14156930091139494
2024.08.06,000032.SZ,0.0966846987954458
2024.08.06,600017.SH,0.24147634710619512
2024.08.06,000050.SZ,0.08407504805837031
2024.08.06,000043.SZ,0.22392564573475557
2024.08.06,000029.SZ,0.03582738107985192
2024.08.06,000035.SZ,0.1135186634614469
2024.08.06,000006.SZ,0.10005513405742653
2024.08.06,000033.SZ,0.0878140040260154
2024.08.06,000001.SZ,0.03781986487756941
2024.08.06,600035.SH,0.02457309110391871
2024.08.06,600034.SH,0.03468722745214265
2024.08.06,000037.SZ,0.02502085476072584
2024.08.06,000014.SZ,0.08638884099496008
2024.08.06,600038.SH,0.03313807579972422
2024.08.06,000026.SZ,0.12517821567786835
2024.08.06,600003.SH,0.03530403378089544
2024.08.06,000002.SZ,0.020334963434524202
2024.08.06,600006.SH,0.5382838380053505
2024.08.06,000016.SZ,0.2515758160864196
2024.08.06,000048.SZ,0.11477431059671199
2024.08.06,000046.SZ,0.1560457358587545
2024.08.06,600011.SH,0.36702744264484854
2024.08.06,600010.SH,0.11304054990165177
2024.08.06,000040.SZ,0.010977202677260045
2024.08.06,600044.SH,0.0006577115489526472
2024.08.06,000012.SZ,0.19043282070633283
2024.08.06,600019.SH,0.03871246350936135
2024.08.06,600014.SH,0.2126783717944963
2024.08.06,600000.SH,0.18758775341661732
2024.08.06,000010.SZ,0.0070221588289557215
2024.08.06,600040.SH,0.00886580148252405
2024.08.06,600046.SH,0.06560858862576302
2024.08.06,600028.SH,0.04591976529498415
2024.08.06,600007.SH,0.001840415144759745
2024.08.06,000003.SZ,0.09070563075025999
2024.08.06,000020.SZ,0.21824889614879142
2024.08.06,000018.SZ,0.04129004022565677
2024.08.06,600005.SH,0.25081434613867054
2024.08.06,000023.SZ,0.21522737437417136
2024.08.06,000030.SZ,0.014042864190265533
2024.08.06,600004.SH,0.05550704749695231
2024.08.06,000049.SZ,0.027561729394887005
2024.08.06,600012.SH,0.07082549204220633
2024.08.06,000031.SZ,0.062117529092167625
2024.08.06,000034.SZ,0.05714457916672053
2024.08.06,600021.SH,0.035051735046133195
2024.08.06,000045.SZ,0.0906984469013827
2024.08.06,600033.SH,0.14180816097225432
2024.08.06,000007.SZ,0.023870673562030285
2024.08.06,000028.SZ,0.08383877793170297
2024.08.06,600045.SH,0.011584729988695093
2024.08.06,000017.SZ,0.15860083040598671
2024.08.06,600008.SH,0.024195397870103153
2024.08.06,600001.SH,0.03688908885464349
2024.08.06,000036.SZ,0.2691970775117079
2024.08.06,600025.SH,0.08748045687721104
2024.08.06,600027.SH,0.1841782923676616
2024.08.06,000005.SZ,0.06988666953901287
2024.08.06,000015.SZ,0.23015570175262154
2024.08.06,600022.SH,0.04265850445591786
2024.08.06,600032.SH,0.32178366699766614
2024.08.06,000027.SZ,0.3905784694011914
2024.08.06,000041.SZ,0.01927174730335086
2024.08.06,600036.SH,0.04537750479668158
2024.08.06,600048.SH,0.004253294935488599
2024.08.06,000021.SZ,0.10203419713570433
2024.08.06,600029.SH,0.08095274829913258
2024.08.06,600018.SH,0.14249779428958528
2024.08.06,600030.SH,0.23617958115781254
2024.08.06,000039.SZ,0.20485625558313073
2024.08.06,600043.SH,0.06920401478713949
2024.08.06,600031.SH,0.08990433387946661
2024.08.06,000022.SZ,0.06405591125290583
2024.08.06,000009.SZ,0.21394389979433584
2024.08.06,600016.SH,0.11707434326644023
2024.08.06,600041.SH,0.33004575366216143
2024.08.06,000025.SZ,0.16169382226104698
2024.08.06,600037.SH,0.08813480550559821
2024.08.06,600015.SH,0.13073355902370368
2024.08.06,600026.SH,0.003395793645548777
2024.08.06,600002.SH,0.09203506732935476
2024.08.06,000008.SZ,0.05116154772897385
2024.08.06,600013.SH,0.19302346299822343
2024.08.06,000044.SZ,0.2547641320561283
2024.08.06,000013.SZ,0.20382308787601322
2024.08.06,600047.SH,0.028437593379959235
2024.08.06,000004.SZ,0.0032165015312652736
2024.08.07,000047.SZ,0.18948971078413446
2024.08.07,600031.SH,0.00855580524295513
2024.08.07,000014.SZ,0.1971267465862871
2024.08.07,000024.SZ,0.0027220244532772005
2024.08.07,000023.SZ,0.06917883092633109
2024.08.07,600047.SH,0.24708436038039452
2024.08.07,000008.SZ,0.28053970395221917
2024.08.07,000036.SZ,0.024516861457464834
2024.08.07,600003.SH,0.032392392988456385
2024.08.07,600026.SH,0.21426048426515348
2024.08.07,600029.SH,0.0482473374843166
2024.08.07,600033.SH,0.02029029608117302
2024.08.07,000002.SZ,0.07591394047076336
2024.08.07,000029.SZ,0.1885392990949458
2024.08.07,000032.SZ,0.1836928668073627
2024.08.07,000031.SZ,0.0033791882662342607
2024.08.07,600025.SH,0.008620258562199322
2024.08.07,600010.SH,0.009163404294503795
2024.08.07,000028.SZ,0.21664982315161532
2024.08.07,000005.SZ,0.09594375060268277
2024.08.07,000001.SZ,0.14364247251052664
2024.08.07,600004.SH,0.018613187295575612
2024.08.07,000040.SZ,0.13259063852766986
2024.08.07,000026.SZ,0.022002828243577598
2024.08.07,600030.SH,0.04371850066882714
2024.08.07,600002.SH,0.024910690476883424
2024.08.07,600016.SH,0.008654776510400294
2024.08.07,600012.SH,0.1474988324405694
2024.08.07,000039.SZ,0.12666156423188338
2024.08.07,000020.SZ,0.04311991526906287
2024.08.07,600005.SH,0.11116691279154074
2024.08.07,000021.SZ,0.27696244348643007
2024.08.07,600045.SH,0.19981733089076062
2024.08.07,600046.SH,0.2444548770915248
2024.08.07,600042.SH,0.005600877518169993
2024.08.07,000044.SZ,0.1031614424049945
2024.08.07,000018.SZ,0.20594769590275638
2024.08.07,000015.SZ,0.07380030068809502
2024.08.07,000035.SZ,0.2142433339505181
2024.08.07,000006.SZ,0.19435461959551453
2024.08.07,600035.SH,0.20570001704152893
2024.08.07,000043.SZ,0.013017616373306316
2024.08.07,000022.SZ,0.2631332436927408
2024.08.07,600036.SH,0.09315242099791876
2024.08.07,600032.SH,0.11499831815612288
2024.08.07,000030.SZ,0.07708121747210711
2024.08.07,600013.SH,0.1310237997642821
2024.08.07,600039.SH,0.1530206290867445
2024.08.07,000010.SZ,0.6923350052650294
2024.08.07,000004.SZ,0.032906581058110146
2024.08.07,000007.SZ,0.0044020940322804505
2024.08.07,000016.SZ,0.05166214200098186
2024.08.07,600037.SH,0.26785095614604737
2024.08.07,600040.SH,0.13438054961582793
2024.08.07,600020.SH,0.059091039560964405
2024.08.07,600024.SH,0.0405556337405726
2024.08.07,000013.SZ,0.07277406634311687
2024.08.07,600022.SH,0.012138373495797335
2024.08.07,000025.SZ,0.02497352401756801
2024.08.07,000037.SZ,0.02294229544989059
2024.08.07,000048.SZ,0.1444034248072215
2024.08.07,600021.SH,0.15601048328458278
2024.08.07,600019.SH,0.038842704421016734
2024.08.07,000012.SZ,0.10414787663336773
2024.08.07,600041.SH,0.4454823560743327
2024.08.07,000042.SZ,0.012299072642004782
2024.08.07,600006.SH,0.05179312656950815
2024.08.07,600000.SH,0.22904606697865684
2024.08.07,600001.SH,0.02561533497980838
2024.08.07,600018.SH,0.13509136825232276
2024.08.07,600048.SH,0.049064553010007436
2024.08.07,600014.SH,0.10937705675812771
2024.08.07,600015.SH,0.14463067193980098
2024.08.07,000027.SZ,0.05702847552036044
2024.08.07,600008.SH,0.06040890380535544
2024.08.07,000019.SZ,0.37936977226661706
2024.08.07,000011.SZ,0.20684819979825522
2024.08.07,600011.SH,0.22357454388823803
2024.08.07,000003.SZ,0.027951328599997632
2024.08.07,600007.SH,0.20703535447536348
2024.08.07,000017.SZ,0.32987036830979877
2024.08.07,000046.SZ,0.04365239148621067
2024.08.07,600028.SH,0.050848609167643444
2024.08.07,000045.SZ,0.22795710899215882
2024.08.07,600043.SH,0.09428872107438517
2024.08.07,600027.SH,0.09850722928072415
2024.08.07,000038.SZ,0.03008897747217409
2024.08.07,600049.SH,0.32328046884129824
2024.08.07,600017.SH,0.05097184024485802
2024.08.07,600009.SH,0.0349418260782609
2024.08.07,000050.SZ,0.322746285385837
2024.08.07,600023.SH,0.02442727870170841
2024.08.07,000049.SZ,0.027321137162133784
2024.08.07,600044.SH,0.009787283482142556
2024.08.07,600034.SH,0.04768349192259322
2024.08.07,600038.SH,0.08557639907215532
2024.08.08,600017.SH,0.05077693791677609
2024.08.08,600043.SH,0.026103266436342736
2024.08.08,600037.SH,0.08222903783088241
2024.08.08,600003.SH,0.02369404662537192
2024.08.08,000012.SZ,0.013448613367000782
2024.08.08,000017.SZ,0.08801168671492549
2024.08.08,000022.SZ,0.1505746725988029
2024.08.08,000011.SZ,0.11099274524499475
2024.08.08,600015.SH,0.1079909938933844
2024.08.08,000007.SZ,0.06858605918089039
2024.08.08,600022.SH,0.016831999438943868
2024.08.08,000019.SZ,0.030999882751526858
2024.08.08,000014.SZ,0.019872548306445473
2024.08.08,000024.SZ,0.1575260995936703
2024.08.08,000001.SZ,0.00538283020680355
2024.08.08,600000.SH,0.048616519546057765
2024.08.08,000049.SZ,0.005525248295120893
2024.08.08,600016.SH,0.06040001946428651
2024.08.08,000033.SZ,0.00448592988416919
2024.08.08,000013.SZ,0.020669411887761634
2024.08.08,000015.SZ,0.08532600985147572
2024.08.08,600044.SH,0.006004040891755592
2024.08.08,600035.SH,0.13016909910826419
2024.08.08,600024.SH,0.18888811562604774
2024.08.08,600010.SH,0.07413754991535788
2024.08.08,000028.SZ,0.00039543956418740695
2024.08.08,600021.SH,0.0003062583385512278
2024.08.08,600029.SH,0.15936183595972958
2024.08.08,000032.SZ,0.07379791338264646
2024.08.08,600023.SH,0.19310374298826272
2024.08.08,600033.SH,0.038881223829468736
2024.08.08,600002.SH,0.2688251744397575
2024.08.08,600032.SH,0.17031612383208436
2024.08.08,600012.SH,0.06701526120901409
2024.08.08,000002.SZ,0.20584001440982325
2024.08.08,600018.SH,0.14415991558173682
2024.08.08,600049.SH,0.025345782176583457
2024.08.08,000044.SZ,0.007269981924975325
2024.08.08,600014.SH,0.27446019454260207
2024.08.08,000003.SZ,0.0676750026533661
2024.08.08,000026.SZ,0.013027948844730172
2024.08.08,000005.SZ,0.250713083311768
2024.08.08,600046.SH,0.659433393078836
2024.08.08,000036.SZ,0.2100767653952416
2024.08.08,600042.SH,0.28103204337323556
2024.08.08,600038.SH,0.27056810497284833
2024.08.08,600041.SH,0.04815377918775626
2024.08.08,600047.SH,0.12410560440537868
2024.08.08,000035.SZ,0.11136737552218907
2024.08.08,000023.SZ,0.18282159460144903
2024.08.08,600008.SH,0.006315550444972879
2024.08.08,600001.SH,0.11042027714241438
2024.08.08,000045.SZ,0.061830488178663635
2024.08.08,000034.SZ,0.41200194207168034
2024.08.08,600030.SH,0.5763080192462968
2024.08.08,000046.SZ,0.09029178701141152
2024.08.08,000021.SZ,0.09560752456997762
2024.08.08,600006.SH,0.35109021979700583
2024.08.08,000038.SZ,0.010422601941299235
2024.08.08,600026.SH,0.04151295418890633
2024.08.08,600040.SH,0.03826055706107317
2024.08.08,600028.SH,0.21537531339619168
2024.08.08,600011.SH,0.15426818717256502
2024.08.08,000039.SZ,0.2535980565577135
2024.08.08,600005.SH,0.02241682019845598
2024.08.08,000025.SZ,0.02141574625856387
2024.08.08,000004.SZ,0.03253853805401579
2024.08.08,600036.SH,0.09892661525595033
2024.08.08,000008.SZ,0.03640845156012518
2024.08.08,000043.SZ,0.1333641853377216
2024.08.08,000048.SZ,0.21069015606958078
2024.08.08,600039.SH,0.34999482046865793
2024.08.08,600013.SH,0.195399278556666
2024.08.08,000016.SZ,0.04270455075483399
2024.08.08,600007.SH,0.4236086052923993
2024.08.08,600004.SH,0.11144304932262154
2024.08.08,000010.SZ,0.12331182445886123
2024.08.08,000018.SZ,0.23408259171184903
2024.08.08,600031.SH,0.28067476560325555
2024.08.08,000041.SZ,0.016814442359888868
2024.08.08,000037.SZ,0.00551603403154056
2024.08.08,000027.SZ,0.09416919683753783
2024.08.08,600025.SH,0.02879118403678442
2024.08.08,000009.SZ,0.10896975728553147
2024.08.08,000029.SZ,0.17365851363616908
2024.08.08,000031.SZ,0.2304934805775825
2024.08.08,000030.SZ,0.13585666183748032
2024.08.08,600020.SH,0.48055505582275193
2024.08.08,000050.SZ,0.06004981812745128
2024.08.08,000047.SZ,0.2339302227069827
2024.08.08,000006.SZ,0.3519651115911553
2024.08.08,600045.SH,0.20732502256403393
2024.08.08,000040.SZ,0.046611541163280604
2024.08.08,600019.SH,0.07173201453729582
2024.08.08,600034.SH,0.10828550518525655
2024.08.08,600009.SH,0.03321864437971397
2024.08.08,000042.SZ,0.029128137457144695
2024.08.09,600002.SH,0.021338911962045612
2024.08.09,600008.SH,0.00923664411802745
2024.08.09,000005.SZ,0.038909686604335025
2024.08.09,600032.SH,0.2985193044165789
2024.08.09,600015.SH,0.029631103244978058
2024.08.09,000045.SZ,0.20598560050454476
2024.08.09,600027.SH,0.22544944548914014
2024.08.09,000040.SZ,0.005096175693406762
2024.08.09,600000.SH,0.10644009931121384
2024.08.09,600044.SH,0.1712001270644645
2024.08.09,600031.SH,0.22393206868866375
2024.08.09,000015.SZ,0.04170231129200874
2024.08.09,000046.SZ,0.23397621316613978
2024.08.09,600012.SH,0.1040745322532631
2024.08.09,600004.SH,0.027199543270692222
2024.08.09,600022.SH,0.28088388368021977
2024.08.09,000038.SZ,0.017405092604367296
2024.08.09,600018.SH,0.006086262724863687
2024.08.09,600034.SH,0.13507598693627068
2024.08.09,600041.SH,0.25491903302261426
2024.08.09,600005.SH,0.006695050649417529
2024.08.09,600025.SH,0.028328644272388
2024.08.09,000028.SZ,0.017770050879790614
2024.08.09,000001.SZ,0.0677547576134263
2024.08.09,000049.SZ,0.19578677510274567
2024.08.09,600047.SH,0.12321362387135681
2024.08.09,600036.SH,0.15201825634862062
2024.08.09,000036.SZ,0.07036829769774726
2024.08.09,600035.SH,0.022584017063577516
2024.08.09,000011.SZ,0.19760053802822433
2024.08.09,600007.SH,0.06243771674166525
2024.08.09,000019.SZ,0.0220513370195044
2024.08.09,000024.SZ,0.33296216087735353
2024.08.09,600001.SH,0.31376295534845133
2024.08.09,600043.SH,0.0332132756889963
2024.08.09,600045.SH,0.034377625762916315
2024.08.09,000029.SZ,0.03073795639216341
2024.08.09,600003.SH,0.12371650225989798
2024.08.09,600048.SH,0.020894264584510443
2024.08.09,600017.SH,0.09479366516797744
2024.08.09,000026.SZ,0.09580639845142688
2024.08.09,000002.SZ,0.16140733811186903
2024.08.09,000035.SZ,0.0799629855843302
2024.08.09,000037.SZ,0.10606678107146461
2024.08.09,600024.SH,0.06376233455531839
2024.08.09,600037.SH,0.04854492113065463
2024.08.09,000020.SZ,0.34691597161075755
2024.08.09,000014.SZ,0.01713074124252913
2024.08.09,600049.SH,0.027225257508202334
2024.08.09,000044.SZ,0.038883859902118116
2024.08.09,000043.SZ,0.010396639473533153
2024.08.09,600039.SH,0.09034088931186757
2024.08.09,000021.SZ,0.025349972556284302
2024.08.09,000042.SZ,0.21106653395263675
2024.08.09,000022.SZ,0.3741481538335766
2024.08.09,600040.SH,0.0779322780332736
2024.08.09,000048.SZ,0.017038194298904432
2024.08.09,600026.SH,0.37857238143617294
2024.08.09,600009.SH,0.08401054632014128
2024.08.09,000023.SZ,0.10165328070964315
2024.08.09,600042.SH,0.11290556346770768
2024.08.09,000003.SZ,0.031198235135198624
2024.08.09,600033.SH,0.06300480979035764
2024.08.09,600023.SH,0.02119347962142841
2024.08.09,000047.SZ,0.1741871254077299
2024.08.09,600029.SH,0.20698965646052306
2024.08.09,000034.SZ,0.026070186671423624
2024.08.09,600028.SH,0.04200491431275362
2024.08.09,000012.SZ,0.03400078505848781
2024.08.09,600038.SH,0.10356126601366986
2024.08.09,000027.SZ,0.01712203891748054
2024.08.09,000039.SZ,0.30753604605251067
2024.08.09,000009.SZ,0.02439472908550416
2024.08.09,600046.SH,0.1888001476288462
2024.08.09,000017.SZ,0.1463689743732059
2024.08.09,600014.SH,0.44090752675481465
2024.08.09,000006.SZ,0.3760933880930482
2024.08.09,600020.SH,0.2353098560274343
2024.08.09,000050.SZ,0.0047987908179710145
2024.08.09,600030.SH,0.1281207891123109
2024.08.09,600021.SH,0.2894316760818185
2024.08.09,000030.SZ,0.018942580321349444
2024.08.09,000032.SZ,0.024996452741758827
2024.08.09,000007.SZ,0.12917855773614442
2024.08.09,600006.SH,0.025370552476045
2024.08.09,000033.SZ,0.03684020615243839
2024.08.09,000031.SZ,0.258348792539704
2024.08.09,600019.SH,0.09598075007465484
2024.08.09,000004.SZ,0.013518544305876875
2024.08.09,000016.SZ,0.029319505322384667
2024.08.09,000025.SZ,0.41435086179513436
2024.08.09,600016.SH,0.16106415375659583
2024.08.09,000018.SZ,0.006470029921693093
2024.08.09,600013.SH,0.1715922211788334
2024.08.09,600011.SH,0.012893197713163643
2024.08.09,000013.SZ,0.11491703635826402
2024.08.09,600010.SH,0.013906128056145961
2024.08.12,000049.SZ,0.20725161241516182
2024.08.12,600034.SH,0.26525965432576853
2024.08.12,000010.SZ,0.06003764153547397
2024.08.12,000037.SZ,0.022084646387595473
2024.08.12,600038.SH,0.06220774641612289
2024.08.12,600009.SH,0.17813439263498662
2024.08.12,000003.SZ,0.1299382149548794
2024.08.12,000046.SZ,0.16934087499125922
2024.08.12,000047.SZ,0.017680267776280467
2024.08.12,000024.SZ,0.16674029167088228
2024.08.12,600032.SH,0.07074636029899549
2024.08.12,000011.SZ,0.11489173409896679
2024.08.12,600008.SH,0.04043694710289443
2024.08.12,600000.SH,0.11136274685852605
2024.08.12,000027.SZ,0.0005531492993573263
2024.08.12,000036.SZ,0.012203058362825737
2024.08.12,600045.SH,0.02905711394867412
2024.08.12,600029.SH,0.31673664902751597
2024.08.12,600003.SH,0.08903310844281967
2024.08.12,600002.SH,0.03826799665708274
2024.08.12,600036.SH,0.049652460509367495
2024.08.12,600014.SH,0.24974364279644312
2024.08.12,600023.SH,0.0019340218933131938
2024.08.12,600039.SH,0.17093433025094334
2024.08.12,600021.SH,0.06142616499154818
2024.08.12,000045.SZ,0.016433408438348125
2024.08.12,600046.SH,0.02602568683774059
2024.08.12,000034.SZ,0.11435853104141033
2024.08.12,600019.SH,0.14758681839383136
2024.08.12,600048.SH,0.35872655086675626
2024.08.12,000014.SZ,0.01301940548256907
2024.08.12,000023.SZ,0.10854738054694009
2024.08.12,600020.SH,0.15498788549968767
2024.08.12,600035.SH,0.019673867424538968
2024.08.12,000019.SZ,0.22286723049676796
2024.08.12,600012.SH,0.05196565670250617
2024.08.12,000032.SZ,0.04637613828004458
2024.08.12,600042.SH,0.2459696414923555
2024.08.12,000022.SZ,0.038546698202170514
2024.08.12,600005.SH,0.07339134625993425
2024.08.12,000042.SZ,0.0865142419459635
2024.08.12,600022.SH,0.23485902860506394
2024.08.12,000007.SZ,0.30292300233769415
2024.08.12,000020.SZ,0.10264507773916118
2024.08.12,600013.SH,0.07567909814508836
2024.08.12,600037.SH,0.005354601557647877
2024.08.12,600004.SH,0.001440738074276513
2024.08.12,000038.SZ,0.14215309281097466
2024.08.12,600017.SH,0.12627820888216365
2024.08.12,000004.SZ,0.02862686274420974
2024.08.12,000021.SZ,0.02765205218555568
2024.08.12,600041.SH,0.06600856619103783
2024.08.12,000025.SZ,0.06739408504430344
2024.08.12,600033.SH,0.028718630966835128
2024.08.12,000001.SZ,0.3030804088798097
2024.08.12,000009.SZ,0.05636188844930553
2024.08.12,600049.SH,0.03042623340138909
2024.08.12,600043.SH,0.25758508225680804
2024.08.12,600027.SH,0.05922003184630533
2024.08.12,600001.SH,0.29853636668525135
2024.08.12,000008.SZ,0.13246578533676806
2024.08.12,000035.SZ,0.05640671968291956
2024.08.12,000026.SZ,0.016964119878641794
2024.08.12,600016.SH,0.25482322462294416
2024.08.12,000018.SZ,0.14636564627663914
2024.08.12,000006.SZ,0.010265190727941973
2024.08.12,600007.SH,0.04597667675910436
2024.08.12,600028.SH,0.046730707899173975
2024.08.12,600047.SH,0.11486115686180322
2024.08.12,600011.SH,0.2144741235271689
2024.08.12,000039.SZ,0.5566853467273545
2024.08.12,600031.SH,0.02635030132152782
2024.08.12,000013.SZ,0.22826433336197002
2024.08.12,000044.SZ,0.006425241878660601
2024.08.12,000002.SZ,0.16390526775354683
2024.08.12,600010.SH,0.09628722778557794
2024.08.12,000043.SZ,0.018328864764593056
2024.08.12,000031.SZ,0.014427413762485138
2024.08.12,600006.SH,0.24536739097589652
2024.08.12,600040.SH,0.2375281191679514
2024.08.12,600025.SH,0.11796304360554852
2024.08.12,000015.SZ,0.06076548022098094
2024.08.12,000040.SZ,0.09659250478970617
2024.08.12,000005.SZ,0.0023094235184911655
2024.08.12,600024.SH,0.10229051586174798
2024.08.12,000048.SZ,0.057683441088300896
2024.08.12,000017.SZ,0.08173500956886702
2024.08.12,600044.SH,0.1476988058433625
2024.08.12,000041.SZ,0.3742828429935425
2024.08.12,600030.SH,0.02430404562992669
2024.08.12,000012.SZ,0.05542811306258821
2024.08.12,000029.SZ,0.12415597406026047
2024.08.12,000030.SZ,0.07494743606287115
2024.08.12,000028.SZ,0.19647898776507894
2024.08.12,000016.SZ,0.48086265629754593
2024.08.12,600015.SH,0.06943184159517635
2024.08.13,600038.SH,0.1967936690196431
2024.08.13,000016.SZ,0.05463021019204997
2024.08.13,600020.SH,0.12102242224411114
2024.08.13,000005.SZ,0.030367470335749353
2024.08.13,600032.SH,0.19762177272958215
2024.08.13,000034.SZ,0.009970339820165066
2024.08.13,600012.SH,0.17713420910962127
2024.08.13,600019.SH,0.015482357842145755
2024.08.13,600003.SH,0.04520505148686211
2024.08.13,600046.SH,0.011717351400962124
2024.08.13,600001.SH,0.2993706516725495
2024.08.13,000007.SZ,0.14057001527328325
2024.08.13,600021.SH,0.007362647043417184
2024.08.13,000018.SZ,0.19700145863306057
2024.08.13,000020.SZ,0.14825940309179275
2024.08.13,000010.SZ,0.06826935584508056
2024.08.13,000012.SZ,0.14787882356191726
2024.08.13,600026.SH,0.0909752404570333
2024.08.13,000021.SZ,0.13308787775221914
2024.08.13,600010.SH,0.37749217066152635
2024.08.13,600040.SH,0.27630274520452325
2024.08.13,000044.SZ,0.18641418248681652
2024.08.13,600000.SH,0.2802089800227281
2024.08.13,600017.SH,0.005530062706014857
2024.08.13,000003.SZ,0.015281007325126853
2024.08.13,000027.SZ,0.019721127260668894
2024.08.13,600044.SH,0.06687803046679122
2024.08.13,600008.SH,0.1579773244614846
2024.08.13,600049.SH,0.007105304684894812
2024.08.13,600014.SH,0.25315526831156515
2024.08.13,000036.SZ,0.14177146578413388
2024.08.13,000037.SZ,0.09183510110028403
2024.08.13,000047.SZ,0.07854528083963394
2024.08.13,000008.SZ,0.12587288698655777
2024.08.13,600016.SH,0.006773296936204563
2024.08.13,000041.SZ,0.07542870058004074
2024.08.13,000031.SZ,0.02380576496445543
2024.08.13,000039.SZ,0.26641045188163137
2024.08.13,000013.SZ,0.09637401745724573
2024.08.13,000046.SZ,0.016306165685777085
2024.08.13,000042.SZ,0.11807165639848777
2024.08.13,000015.SZ,0.3937893004796462
2024.08.13,600015.SH,0.05925041646442061
2024.08.13,600030.SH,0.08014190163343055
2024.08.13,000049.SZ,0.0897478156268662
2024.08.13,000050.SZ,0.010683567272407959
2024.08.13,600025.SH,0.0680564299589309
2024.08.13,600004.SH,0.00919014242739108
2024.08.13,600023.SH,0.06807340566761447
2024.08.13,600002.SH,0.026876936064372997
2024.08.13,000024.SZ,0.2667480066759482
2024.08.13,000048.SZ,0.00757655335888705
2024.08.13,600029.SH,0.06924797841826678
2024.08.13,600009.SH,0.14569339780454665
2024.08.13,600043.SH,0.17372743529578022
2024.08.13,000011.SZ,0.11556667159912937
2024.08.13,000040.SZ,0.06001159317205404
2024.08.13,600042.SH,0.07335835244068388
2024.08.13,600047.SH,0.08105809179676501
2024.08.13,000001.SZ,0.16471957670431936
2024.08.13,000043.SZ,0.3116359663083926
2024.08.13,000025.SZ,0.026486729376268885
2024.08.13,600041.SH,0.021407613838475427
2024.08.13,600045.SH,0.016156326272747393
2024.08.13,600024.SH,0.033059756756419534
2024.08.13,600013.SH,0.11990417157229095
2024.08.13,600034.SH,0.15772586084603615
2024.08.13,000030.SZ,0.06651325050634517
2024.08.13,000028.SZ,0.01125926868080153
2024.08.13,000029.SZ,0.14791858352740772
2024.08.13,000022.SZ,0.00033817734654581147
2024.08.13,600028.SH,0.09549706250712744
2024.08.13,600005.SH,0.12802953411386606
2024.08.13,600036.SH,0.04509129759344816
2024.08.13,600018.SH,0.0815853520797986
2024.08.13,000038.SZ,0.48220867460763894
2024.08.13,000026.SZ,0.2723091831824621
2024.08.13,000004.SZ,0.2839302882457199
2024.08.13,600033.SH,0.18221139930555957
2024.08.13,000006.SZ,0.07377561371870313
2024.08.13,600039.SH,0.13225169702836392
2024.08.13,000014.SZ,0.01987312437600194
2024.08.13,000045.SZ,0.015805784465465555
2024.08.13,000035.SZ,0.21392613626315676
2024.08.13,000032.SZ,0.1883208486778412
2024.08.13,000019.SZ,0.042908226436369414
2024.08.13,600031.SH,0.09349075179353517
2024.08.13,600011.SH,0.18125709263309248
2024.08.13,600037.SH,0.13766910566870966
2024.08.13,600027.SH,0.27134228784638664
2024.08.13,600007.SH,0.05963190069990379
2024.08.13,600022.SH,0.22933289534247256
2024.08.13,000009.SZ,0.12287284702477232
2024.08.13,000033.SZ,0.07316093519586178
2024.08.13,600035.SH,0.08967992211594503
2024.08.13,600048.SH,0.02781474929614608
2024.08.13,000002.SZ,0.0831571775976434
2024.08.13,000023.SZ,0.007704530061714718
2024.08.14,000005.SZ,0.02120453876943674
2024.08.14,600047.SH,0.06928158010113596
2024.08.14,600020.SH,0.019000352046497027
2024.08.14,600028.SH,0.017662701422833996
2024.08.14,000022.SZ,0.35522428978307097
2024.08.14,000019.SZ,0.05063911032392032
2024.08.14,600049.SH,0.3244946488044012
2024.08.14,000001.SZ,0.014146198516020822
2024.08.14,600016.SH,0.10137390757788071
2024.08.14,000011.SZ,0.011299598148305954
2024.08.14,600021.SH,0.050187968359617176
2024.08.14,000030.SZ,0.1508843666519008
2024.08.14,000032.SZ,0.1574067290273413
2024.08.14,000026.SZ,0.19330093176560917
2024.08.14,000010.SZ,0.1069525459842604
2024.08.14,000014.SZ,0.049548311002716006
2024.08.14,000003.SZ,0.04761339461261278
2024.08.14,000002.SZ,0.04869542863774717
2024.08.14,600001.SH,0.09429607675705479
2024.08.14,600042.SH,0.04522448377929787
2024.08.14,600037.SH,0.03615490542317315
2024.08.14,000031.SZ,0.19983840213548215
2024.08.14,000018.SZ,0.1311119608183986
2024.08.14,000017.SZ,0.18434966824352494
2024.08.14,600022.SH,0.011355827091207573
2024.08.14,600033.SH,0.07730404090127259
2024.08.14,600023.SH,0.14910560273818277
2024.08.14,600017.SH,0.09697551846684858
2024.08.14,600024.SH,0.02657675926201182
2024.08.14,000034.SZ,0.021134994340867685
2024.08.14,000047.SZ,0.11541957001503236
2024.08.14,600046.SH,0.0013892425592411225
2024.08.14,600018.SH,0.3634994395483645
2024.08.14,000020.SZ,0.15945007943884434
2024.08.14,600026.SH,0.4793554566097512
2024.08.14,000006.SZ,0.04705796992475194
2024.08.14,000035.SZ,0.10016771318359331
2024.08.14,600034.SH,0.01765328440726055
2024.08.14,000038.SZ,0.0007950773510398095
2024.08.14,000041.SZ,0.04184749898742076
2024.08.14,600025.SH,0.28482692447694896
2024.08.14,000028.SZ,0.006535238876841402
2024.08.14,600015.SH,0.007894920189960315
2024.08.14,000049.SZ,0.05968266235614935
2024.08.14,600009.SH,0.12506585743803575
2024.08.14,600019.SH,0.07802902935743991
2024.08.14,600013.SH,0.12344729112718898
2024.08.14,000040.SZ,0.4251359473650205
2024.08.14,600041.SH,0.004074211784052395
2024.08.14,000029.SZ,0.2205384920344996
2024.08.14,000007.SZ,0.008015565781856693
2024.08.14,600030.SH,0.1986964913063866
2024.08.14,600006.SH,0.28173605403492263
2024.08.14,600048.SH,0.12998399062120655
2024.08.14,600011.SH,0.1378491975116107
2024.08.14,600005.SH,0.08469094427416968
2024.08.14,000016.SZ,0.046173629574715665
2024.08.14,600000.SH,0.175179355841494
2024.08.14,600007.SH,0.2702713346251441
2024.08.14,000025.SZ,0.0006652492499473338
2024.08.14,000044.SZ,0.027347157884865636
2024.08.14,000043.SZ,0.2082347660890289
2024.08.14,600010.SH,0.19711730993827994
2024.08.14,000004.SZ,0.08842166598316203
2024.08.14,600040.SH,0.08113565371475205
2024.08.14,000050.SZ,0.05941345121654645
2024.08.14,000042.SZ,0.04335289922070719
2024.08.14,600029.SH,0.0343178919712963
2024.08.14,600008.SH,0.11188934889025702
2024.08.14,600003.SH,0.04440001778888649
2024.08.14,600044.SH,0.08330334376929488
2024.08.14,600043.SH,0.4168933450541584
2024.08.14,000033.SZ,0.07447041484153173
2024.08.14,000036.SZ,0.22715639052272582
2024.08.14,600038.SH,0.0021686171389712766
2024.08.14,600045.SH,0.33574779119454784
2024.08.14,000046.SZ,0.09499217664928616
2024.08.14,000023.SZ,0.14355443965612918
2024.08.14,000024.SZ,0.008766743360634268
2024.08.14,600032.SH,0.005507541415676961
2024.08.14,600031.SH,0.0735439270085029
2024.08.14,600035.SH,0.08018691090996957
2024.08.14,600027.SH,0.005298621267440029
2024.08.14,600014.SH,0.13094425304994378
2024.08.14,000013.SZ,0.3544952018361587
2024.08.14,600039.SH,0.007423046745872408
2024.08.14,600004.SH,0.16331240004902078
2024.08.14,600036.SH,0.011819116907114277
2024.08.14,000008.SZ,0.00401504653814573
2024.08.14,000012.SZ,0.011654418533069708
2024.08.14,600002.SH,0.28586930655290144
2024.08.14,000045.SZ,0.32230903016737317
2024.08.14,000015.SZ,0.08212844925928245
2024.08.14,000027.SZ,0.4066132880692437
2024.08.14,000009.SZ,0.08057639857696498
2024.08.14,000048.SZ,0.12537722697630335
2024.08.14,600012.SH,0.19451708690603337
2024.08.14,000021.SZ,0.042247740449353616
2024.08.15,600007.SH,0.013057461695490383
2024.08.15,600019.SH,0.000501129660831388
2024.08.15,600027.SH,0.08685186282903705
2024.08.15,600014.SH,0.043562483118956455
2024.08.15,600042.SH,0.07712238712463546
2024.08.15,000026.SZ,0.09025176368663135
2024.08.15,000003.SZ,0.04936336033113156
2024.08.15,000041.SZ,0.010098950812030735
2024.08.15,000035.SZ,0.09421691969305897
2024.08.15,000034.SZ,0.019370185271039366
2024.08.15,000011.SZ,0.15218992321328123
2024.08.15,600024.SH,0.02314972303167951
2024.08.15,000020.SZ,0.22259875460575557
2024.08.15,000022.SZ,0.4367543496420127
2024.08.15,000049.SZ,0.038960649766074426
2024.08.15,600036.SH,0.01670842318982721
2024.08.15,600021.SH,0.05143370654198304
2024.08.15,000033.SZ,0.1761519946101131
2024.08.15,000025.SZ,0.12602044709192195
2024.08.15,600048.SH,0.43192978481338357
2024.08.15,000045.SZ,0.19336656526189605
2024.08.15,600047.SH,0.05453149036199102
2024.08.15,600046.SH,0.09113383959965211
2024.08.15,600041.SH,0.07251543506372414
2024.08.15,000028.SZ,0.3204949391300373
2024.08.15,600040.SH,0.14896345833503466
2024.08.15,000044.SZ,0.0202299469766141
2024.08.15,600049.SH,0.01822905443653507
2024.08.15,000014.SZ,0.059965236221629935
2024.08.15,000032.SZ,0.09872586947121
2024.08.15,000007.SZ,0.1370589024224647
2024.08.15,000046.SZ,0.04167217256017525
2024.08.15,000027.SZ,0.029790892435471148
2024.08.15,000017.SZ,0.01693119761560559
2024.08.15,600017.SH,0.18181139986645842
2024.08.15,000005.SZ,0.013581867347378476
2024.08.15,600039.SH,0.10865384153543253
2024.08.15,600029.SH,0.20893574656773445
2024.08.15,600034.SH,0.06357261896496724
2024.08.15,000029.SZ,0.006155449599719253
2024.08.15,000042.SZ,0.00446751154860207
2024.08.15,600011.SH,0.30481378431533646
2024.08.15,600023.SH,0.2263696366518597
2024.08.15,000036.SZ,0.155649560462918
2024.08.15,600006.SH,0.013826785790189127
2024.08.15,000016.SZ,0.27564442232273734
2024.08.15,000021.SZ,0.05107843665264842
2024.08.15,000024.SZ,0.16264537533815074
2024.08.15,600016.SH,0.0720833976149247
2024.08.15,600045.SH,0.009357690602188197
2024.08.15,000050.SZ,0.539502842103956
2024.08.15,000008.SZ,0.37319900319112753
2024.08.15,600032.SH,0.36613665269783846
2024.08.15,600022.SH,0.11862873084723612
2024.08.15,000010.SZ,0.3468365245092997
2024.08.15,600012.SH,0.0959773302456426
2024.08.15,600037.SH,0.014449327689447511
2024.08.15,600008.SH,0.17670646827191153
2024.08.15,000002.SZ,0.12528216836883568
2024.08.15,600035.SH,0.15032820477135675
2024.08.15,000015.SZ,0.02489600189331655
2024.08.15,000013.SZ,0.03717237063269104
2024.08.15,000004.SZ,0.10931079098619825
2024.08.15,000012.SZ,0.10880746312539932
2024.08.15,600038.SH,0.2347508796748016
2024.08.15,000037.SZ,0.0877819772788067
2024.08.15,600031.SH,0.10641048231304372
2024.08.15,000006.SZ,0.016087056791536488
2024.08.15,000040.SZ,0.12920673458866336
2024.08.15,000023.SZ,0.004984887796532156
2024.08.15,000039.SZ,0.1434157042679835
2024.08.15,000001.SZ,0.23602343919162097
2024.08.15,600020.SH,0.15797256506750787
2024.08.15,000047.SZ,0.03144874304157304
2024.08.15,600028.SH,0.10836929554173222
2024.08.15,600005.SH,0.00682471059307594
2024.08.15,600030.SH,0.15543828797651654
2024.08.15,000019.SZ,0.2844567074386965
2024.08.15,000048.SZ,0.07498729051437385
2024.08.15,600004.SH,0.7852656482264184
2024.08.15,600000.SH,0.153383389079739
2024.08.15,600025.SH,0.06274461309588208
2024.08.15,600015.SH,0.017142036917428233
2024.08.15,600026.SH,0.07496075574738668
2024.08.15,600013.SH,0.07028739023982444
2024.08.15,000018.SZ,0.06774212000948884
2024.08.15,600033.SH,0.09271683848309537
2024.08.15,600018.SH,0.16374172809481277
2024.08.15,600001.SH,0.02420563192394384
2024.08.15,000043.SZ,0.03706373213589048
2024.08.15,600009.SH,0.08384138088836691
2024.08.15,600010.SH,0.06893653774674076
2024.08.15,600002.SH,0.0004056264672302031
2024.08.15,000038.SZ,0.18829426652204417
2024.08.15,000009.SZ,0.11845799543527108
2024.08.15,600044.SH,0.11451983056203933
2024.08.15,600003.SH,0.06748767612520903
2024.08.16,600034.SH,0.07032035166024814
2024.08.16,000005.SZ,0.06894362063184307
2024.08.16,600010.SH,0.16874673139992083
2024.08.16,600017.SH,0.09572659421656263
2024.08.16,600040.SH,0.18916778992518077
2024.08.16,600031.SH,0.10358060134198419
2024.08.16,600022.SH,0.07452307145223415
2024.08.16,600044.SH,0.04447963448595029
2024.08.16,600009.SH,0.07570917916512991
2024.08.16,000014.SZ,0.13543589570619083
2024.08.16,000015.SZ,0.12825529022042517
2024.08.16,600000.SH,0.21686901991546118
2024.08.16,000042.SZ,0.07623729200109289
2024.08.16,600007.SH,0.5241389963103925
2024.08.16,000025.SZ,0.04034894547888008
2024.08.16,000012.SZ,0.028053855125656606
2024.08.16,600030.SH,0.06378634868379097
2024.08.16,000032.SZ,0.06051602353895379
2024.08.16,000003.SZ,0.013853709947607425
2024.08.16,000028.SZ,0.20606018812585727
2024.08.16,600006.SH,0.05182371384235683
2024.08.16,000021.SZ,0.012180036276412324
2024.08.16,600043.SH,0.1292209716501485
2024.08.16,000038.SZ,0.21006412265449148
2024.08.16,600026.SH,0.06919394938757288
2024.08.16,600045.SH,0.1351251522048576
2024.08.16,000016.SZ,0.22187820137913328
2024.08.16,000050.SZ,0.10244378963999377
2024.08.16,000022.SZ,0.21628383342582955
2024.08.16,600047.SH,0.03480366587086646
2024.08.16,000013.SZ,0.01008397307198153
2024.08.16,600023.SH,0.031133085241729277
2024.08.16,000018.SZ,0.07737199307759642
2024.08.16,600016.SH,0.18902225787712001
2024.08.16,000023.SZ,0.06508533905804588
2024.08.16,000009.SZ,0.1587348232977848
2024.08.16,600028.SH,0.04852225362986314
2024.08.16,600002.SH,0.03197411927228716
2024.08.16,600015.SH,0.13025806691968125
2024.08.16,000008.SZ,0.26363959903170214
2024.08.16,600033.SH,0.002340781591817005
2024.08.16,000019.SZ,0.19282929087122377
2024.08.16,000011.SZ,0.011978058152413887
2024.08.16,600035.SH,0.43501992639420717
2024.08.16,600049.SH,0.11845931431563599
2024.08.16,000039.SZ,0.3412927173765054
2024.08.16,000027.SZ,0.0022134825957416168
2024.08.16,000026.SZ,0.07286711426220042
2024.08.16,000029.SZ,0.02240591798281721
2024.08.16,600029.SH,0.04170980575793219
2024.08.16,000041.SZ,0.09124748103821449
2024.08.16,000043.SZ,0.04884133577115612
2024.08.16,600011.SH,0.22118028724713534
2024.08.16,600003.SH,0.0864536158099298
2024.08.16,600025.SH,0.0004059765237253723
2024.08.16,000031.SZ,0.10317647621137237
2024.08.16,000037.SZ,0.1850782708006919
2024.08.16,600041.SH,0.09775803504368455
2024.08.16,000006.SZ,0.2664912924784108
2024.08.16,000024.SZ,0.04476001035950719
2024.08.16,600032.SH,0.03260516786487647
2024.08.16,000017.SZ,0.008264791559091164
2024.08.16,600004.SH,0.15347357452566743
2024.08.16,000036.SZ,0.061135844964708946
2024.08.16,600024.SH,0.17232674223976055
2024.08.16,600039.SH,0.15556686900538452
2024.08.16,600001.SH,0.09447527840298137
2024.08.16,000045.SZ,0.15784280727020136
2024.08.16,600020.SH,0.08786725406078112
2024.08.16,600014.SH,0.07454738687211263
2024.08.16,600012.SH,0.12439981023597275
2024.08.16,600005.SH,0.00791999849835611
2024.08.16,600021.SH,0.04510740588987765
2024.08.16,000047.SZ,0.017395723671330476
2024.08.16,000049.SZ,0.0769683614261465
2024.08.16,000007.SZ,0.09589898542432661
2024.08.16,000048.SZ,0.03129745602284338
2024.08.16,000046.SZ,0.18000286269168525
2024.08.16,600046.SH,0.29395330080386284
2024.08.16,600036.SH,0.11409402628050527
2024.08.16,600037.SH,0.184081496734197
2024.08.16,000010.SZ,0.2745119063955214
2024.08.16,000040.SZ,0.19162485746446653
2024.08.16,600038.SH,0.11173099316065181
2024.08.16,600019.SH,0.15309815064941257
2024.08.16,000002.SZ,0.0005872571441542623
2024.08.16,000030.SZ,0.061999005981942246
2024.08.16,600018.SH,0.1944569722932639
2024.08.16,000035.SZ,0.056783690473713094
2024.08.16,600013.SH,0.215949985533935
2024.08.16,000020.SZ,0.03548064682311248
2024.08.16,000001.SZ,0.06509465179301818
2024.08.16,000004.SZ,0.016709013721305732
2024.08.16,000044.SZ,0.0284820268655791
2024.08.16,000034.SZ,0.027896211946431323
2024.08.16,600027.SH,0.08240435372207239
2024.08.19,000031.SZ,0.13974586922127916
2024.08.19,000011.SZ,0.023692628681962
2024.08.19,000006.SZ,0.1211954769767426
2024.08.19,600040.SH,0.10243394829716941
2024.08.19,600039.SH,0.3164479353197893
2024.08.19,600005.SH,0.030327981795960905
2024.08.19,000050.SZ,0.09881672891083089
2024.08.19,000001.SZ,0.01905715837940424
2024.08.19,000013.SZ,0.0747949906807669
2024.08.19,600041.SH,0.04221063312173538
2024.08.19,000029.SZ,0.013937384854573956
2024.08.19,600042.SH,0.07991256002011739
2024.08.19,600038.SH,0.010204275259940459
2024.08.19,600033.SH,0.07058335987136242
2024.08.19,000038.SZ,0.1056090418608127
2024.08.19,600014.SH,0.1306327953731524
2024.08.19,000039.SZ,0.02341242496245913
2024.08.19,000016.SZ,0.16511127578284965
2024.08.19,600006.SH,0.07284636714689807
2024.08.19,000045.SZ,0.05269161734937618
2024.08.19,600021.SH,0.07049294333756086
2024.08.19,600011.SH,0.03479540271068215
2024.08.19,600001.SH,0.03210691604812566
2024.08.19,600020.SH,0.17554175611445771
2024.08.19,000022.SZ,0.04326065259940849
2024.08.19,600013.SH,0.1154680423804592
2024.08.19,600027.SH,0.11405767168181477
2024.08.19,000002.SZ,0.22744323376002623
2024.08.19,000027.SZ,0.029405812921336198
2024.08.19,000037.SZ,0.14118425794998232
2024.08.19,000042.SZ,0.5112228021222843
2024.08.19,600004.SH,0.04481004482634128
2024.08.19,600016.SH,0.025556282796753215
2024.08.19,600045.SH,0.040729922217104246
2024.08.19,000009.SZ,0.25445191709848897
2024.08.19,000010.SZ,0.242534125951166
2024.08.19,000034.SZ,0.09424002158574663
2024.08.19,600049.SH,0.27644548477638886
2024.08.19,600023.SH,0.03339043238009325
2024.08.19,000047.SZ,0.08988374438355558
2024.08.19,000021.SZ,0.3385000511173172
2024.08.19,600036.SH,0.02717591081141761
2024.08.19,600000.SH,0.3243426747544229
2024.08.19,600030.SH,0.2241138761848164
2024.08.19,600048.SH,0.09855367400917199
2024.08.19,600012.SH,0.053882724408306
2024.08.19,600035.SH,0.0268970215447977
2024.08.19,600046.SH,0.3699778832729752
2024.08.19,000043.SZ,0.0868813126526454
2024.08.19,000023.SZ,0.13704812314572817
2024.08.19,000025.SZ,0.0019079664352560342
2024.08.19,000015.SZ,0.17728810846016838
2024.08.19,600028.SH,0.09052116869369421
2024.08.19,600032.SH,0.027791984898013277
2024.08.19,600009.SH,0.4872509022051557
2024.08.19,000046.SZ,0.09566079541234393
2024.08.19,000005.SZ,0.07238061880708903
2024.08.19,600024.SH,0.20100353763760218
2024.08.19,600007.SH,0.16435825282686733
2024.08.19,000020.SZ,0.30589859282737275
2024.08.19,000030.SZ,0.3245694996375101
2024.08.19,000028.SZ,0.018480002933948546
2024.08.19,600037.SH,0.0004095764046331404
2024.08.19,600026.SH,0.04643069232874947
2024.08.19,000019.SZ,0.22836744478569115
2024.08.19,600018.SH,0.22603405819979122
2024.08.19,600017.SH,0.11397656443782408
2024.08.19,600010.SH,0.047513309993959196
2024.08.19,000004.SZ,0.23453051910712336
2024.08.19,600015.SH,0.17589926257450275
2024.08.19,000032.SZ,0.05344007499216375
2024.08.19,000041.SZ,0.06893971069964881
2024.08.19,000008.SZ,0.01877435389669115
2024.08.19,600019.SH,0.14091845638165065
2024.08.19,000035.SZ,0.0058814510405165955
2024.08.19,000024.SZ,0.02637173795963402
2024.08.19,000048.SZ,0.05212669012887811
2024.08.19,000003.SZ,0.01087850172651061
2024.08.19,000007.SZ,0.015867264108013923
2024.08.19,600031.SH,0.006658336974007622
2024.08.19,600003.SH,0.028928640240549024
2024.08.19,000014.SZ,0.10549062019588992
2024.08.19,000049.SZ,0.1302202577472629
2024.08.19,000044.SZ,0.009047187429258228
2024.08.19,600029.SH,0.05954369625646162
2024.08.19,600047.SH,0.19328153258079966
2024.08.19,000033.SZ,0.11858473451751524
2024.08.19,000018.SZ,0.00023750732659641747
2024.08.19,000040.SZ,0.0823332140522841
2024.08.19,600022.SH,0.42685678420379114
2024.08.19,000017.SZ,0.019736814530730923
2024.08.19,600044.SH,0.08478713492956316
2024.08.19,000012.SZ,0.0010457773405620375
2024.08.19,000026.SZ,0.02231198046411764
2024.08.19,600002.SH,0.07510090061622672
2024.08.19,600034.SH,0.057665969348810735
2024.08.19,600025.SH,0.12261842662477258
2024.08.19,600008.SH,0.01135441119706651
2024.08.20,600025.SH,0.0950883747994764
2024.08.20,000003.SZ,0.16155239026475285
2024.08.20,000022.SZ,0.2681838313357048
2024.08.20,600039.SH,0.014054303351935114
2024.08.20,600022.SH,0.1306565134487198
2024.08.20,000001.SZ,0.05177209795937275
2024.08.20,600003.SH,0.16852713523250124
2024.08.20,600001.SH,0.04099825553381085
2024.08.20,000006.SZ,0.0505392279183722
2024.08.20,000050.SZ,0.11456788323038292
2024.08.20,000045.SZ,0.282266448586816
2024.08.20,600013.SH,0.13184288207503034
2024.08.20,000007.SZ,0.001963841081526193
2024.08.20,000032.SZ,0.19798188230763283
2024.08.20,600023.SH,0.0660160210244932
2024.08.20,000039.SZ,0.17403900098696645
2024.08.20,000012.SZ,0.16571548234691236
2024.08.20,600045.SH,0.03046917563613714
2024.08.20,000043.SZ,0.0408700786506042
2024.08.20,000040.SZ,0.056745528498962354
2024.08.20,600021.SH,0.039546510203399256
2024.08.20,000024.SZ,0.06758117335094903
2024.08.20,000002.SZ,0.125129151399534
2024.08.20,000036.SZ,0.024815323210175037
2024.08.20,000029.SZ,0.017059907799612167
2024.08.20,000016.SZ,0.03303568206784385
2024.08.20,000041.SZ,0.05625622826026768
2024.08.20,000031.SZ,0.06876055362706011
2024.08.20,000008.SZ,0.19133395329085232
2024.08.20,600041.SH,0.1413355766821217
2024.08.20,600005.SH,0.0015961630352386799
2024.08.20,600036.SH,0.09134338615693922
2024.08.20,600002.SH,0.010985865382654074
2024.08.20,600048.SH,0.27937530697829244
2024.08.20,600014.SH,0.08054454702750018
2024.08.20,600031.SH,0.058406647694359146
2024.08.20,600047.SH,0.02032992559942158
2024.08.20,600016.SH,0.037063006000587075
2024.08.20,600026.SH,0.09295109597193241
2024.08.20,000010.SZ,0.00977212649018409
2024.08.20,600007.SH,0.03372903005619349
2024.08.20,600037.SH,0.24998721504439703
2024.08.20,600017.SH,0.03151764361270265
2024.08.20,000030.SZ,0.01766905272957559
2024.08.20,600012.SH,0.007456725626682549
2024.08.20,600033.SH,0.00037351883079862736
2024.08.20,000017.SZ,0.08011163219697452
2024.08.20,600042.SH,0.09712657679582648
2024.08.20,000018.SZ,0.09723039735814133
2024.08.20,000044.SZ,0.07520537702711698
2024.08.20,600020.SH,0.1004876763639924
2024.08.20,600000.SH,0.020073908929025747
2024.08.20,600034.SH,0.044041875428879274
2024.08.20,000020.SZ,0.18989131565763023
2024.08.20,000028.SZ,0.22275502368267677
2024.08.20,000048.SZ,0.01170209958879341
2024.08.20,600018.SH,0.008448932770618877
2024.08.20,600024.SH,0.07292917863789333
2024.08.20,600043.SH,0.012240710035364146
2024.08.20,000013.SZ,0.05825453185884644
2024.08.20,600028.SH,0.198870329881842
2024.08.20,600006.SH,0.009320301778493406
2024.08.20,600030.SH,0.07801833430325077
2024.08.20,000027.SZ,0.04550455288704889
2024.08.20,600004.SH,0.17411288439936992
2024.08.20,000033.SZ,0.016124811233596034
2024.08.20,000009.SZ,0.17345099372732298
2024.08.20,000037.SZ,0.0008571995369365977
2024.08.20,600008.SH,0.24592952509244617
2024.08.20,000004.SZ,0.08492175756446861
2024.08.20,600015.SH,0.21558053432674074
2024.08.20,000026.SZ,0.17422583611748824
2024.08.20,000034.SZ,0.5711588945998586
2024.08.20,000038.SZ,0.5457575837697122
2024.08.20,000011.SZ,0.07269327636503496
2024.08.20,600038.SH,0.0645080138233795
2024.08.20,600044.SH,0.03396000573084444
2024.08.20,600029.SH,0.004924000980603547
2024.08.20,000042.SZ,0.07692453798662283
2024.08.20,600032.SH,0.21179318957894036
2024.08.20,000015.SZ,0.20618867489094386
2024.08.20,600019.SH,0.033162873316388626
2024.08.20,600009.SH,0.0383879221126496
2024.08.20,000021.SZ,0.1050975253570569
2024.08.20,000046.SZ,0.09201698917609015
2024.08.20,600046.SH,0.263708995404371
2024.08.20,000019.SZ,0.013967414538486211
2024.08.20,000035.SZ,0.27031783001481546
2024.08.20,600040.SH,0.010684993178412603
2024.08.20,000049.SZ,0.011508332879585163
2024.08.20,000005.SZ,0.2922278946971993
2024.08.20,000023.SZ,0.06061899850795145
2024.08.20,600010.SH,0.3362105284239076
2024.08.20,600035.SH,0.4361365769920579
2024.08.20,600011.SH,0.41161435214541725
2024.08.20,000025.SZ,0.043633711056726275
2024.08.21,600021.SH,0.021741127917088425
2024.08.21,000013.SZ,0.016978055342737945
2024.08.21,000024.SZ,0.002920975518056371
2024.08.21,600017.SH,0.006812817154390669
2024.08.21,600023.SH,0.09982169220085578
2024.08.21,600029.SH,0.021620777443883656
2024.08.21,000022.SZ,0.1345934191680009
2024.08.21,000003.SZ,0.24202409746598746
2024.08.21,600042.SH,0.09807768508462794
2024.08.21,600047.SH,0.01023529227632802
2024.08.21,000030.SZ,0.00029924802238642676
2024.08.21,000017.SZ,0.29804724694840395
2024.08.21,000028.SZ,0.15212059727738392
2024.08.21,600024.SH,0.5155567288219506
2024.08.21,000007.SZ,0.061619784153288344
2024.08.21,600035.SH,0.22973570700309515
2024.08.21,000036.SZ,0.22386278377952118
2024.08.21,000044.SZ,0.2513339631349888
2024.08.21,600022.SH,0.08799555877119619
2024.08.21,000034.SZ,0.14762082702638432
2024.08.21,600036.SH,0.10509187079391617
2024.08.21,000038.SZ,0.17322283501692554
2024.08.21,600006.SH,0.045380337208416055
2024.08.21,600011.SH,0.19927413393409346
2024.08.21,000039.SZ,0.07423462703766247
2024.08.21,000029.SZ,0.19854717569044486
2024.08.21,600005.SH,0.3914501656898357
2024.08.21,000008.SZ,0.0012881354264499393
2024.08.21,000042.SZ,0.09836880893025376
2024.08.21,000047.SZ,0.048185163788912536
2024.08.21,000048.SZ,0.14879723828721236
2024.08.21,000006.SZ,0.029936984631242263
2024.08.21,000035.SZ,0.06902254531505063
2024.08.21,000019.SZ,0.037748961251241574
2024.08.21,000041.SZ,0.03153840303276672
2024.08.21,000021.SZ,0.024694858554513095
2024.08.21,600039.SH,0.0049172948497937735
2024.08.21,000043.SZ,0.06042760870834937
2024.08.21,000032.SZ,0.007115122948764159
2024.08.21,000049.SZ,0.04980995905694617
2024.08.21,000040.SZ,0.021070419916116495
2024.08.21,600038.SH,0.05514871711666266
2024.08.21,600013.SH,0.0910155305295276
2024.08.21,000011.SZ,0.09477118055917183
2024.08.21,600003.SH,0.06664977823758575
2024.08.21,600026.SH,0.035745355898807694
2024.08.21,600031.SH,0.0838177518003539
2024.08.21,600010.SH,0.06898949644723276
2024.08.21,600049.SH,0.13745720749497778
2024.08.21,000023.SZ,0.23758344288194536
2024.08.21,000026.SZ,0.16694155137626898
2024.08.21,000046.SZ,0.3498967664543825
2024.08.21,000033.SZ,0.2402528901090243
2024.08.21,600012.SH,0.0254443701099428
2024.08.21,000012.SZ,0.23316883156801954
2024.08.21,000014.SZ,0.0649407583486051
2024.08.21,600046.SH,0.24583078540803235
2024.08.21,000002.SZ,0.09166985846431042
2024.08.21,600020.SH,0.016768208572717675
2024.08.21,000004.SZ,0.0007484230327009238
2024.08.21,000010.SZ,0.1336584010500023
2024.08.21,000020.SZ,0.023631805466177217
2024.08.21,000031.SZ,0.030024937567987537
2024.08.21,600015.SH,0.06822193267575151
2024.08.21,600001.SH,0.06228674950518189
2024.08.21,000050.SZ,0.3364477616990097
2024.08.21,600000.SH,0.42613198536654123
2024.08.21,000015.SZ,0.24282825104943648
2024.08.21,600002.SH,0.4923604367707274
2024.08.21,600034.SH,0.016324179683549336
2024.08.21,600033.SH,0.15232017253179306
2024.08.21,000001.SZ,0.2085558015106271
2024.08.21,600043.SH,0.024189420325390596
2024.08.21,600008.SH,0.11743548599909191
2024.08.21,600018.SH,0.06324603344652983
2024.08.21,000037.SZ,0.017559230062576828
2024.08.21,600037.SH,0.1774107516638921
2024.08.21,000025.SZ,0.020604667693137988
2024.08.21,600016.SH,0.3507103800474613
2024.08.21,600009.SH,0.20247518289729233
2024.08.21,600025.SH,0.03055318345139638
2024.08.21,600032.SH,0.0182969437448482
2024.08.21,000045.SZ,0.08526413173146499
2024.08.21,600019.SH,0.021201123678466605
2024.08.21,600030.SH,0.09184505483898116
2024.08.21,600048.SH,0.24658416110058046
2024.08.21,600044.SH,0.005033417851955404
2024.08.21,000005.SZ,0.002953467768557433
2024.08.21,000018.SZ,0.061448589766079344
2024.08.21,600041.SH,0.1316463066833556
2024.08.21,600028.SH,0.044385428696999796
2024.08.21,600007.SH,0.014560928559870788
2024.08.21,000016.SZ,0.06168617635227523
2024.08.21,600014.SH,0.06949803819799265
2024.08.21,600040.SH,0.07765653182374366
2024.08.21,000009.SZ,0.10724982266142974
2024.08.21,600004.SH,0.08687616699572052
2024.08.22,600023.SH,0.011960262174810278
2024.08.22,000042.SZ,0.20007183530807676
2024.08.22,000006.SZ,0.1118934306456459
2024.08.22,000037.SZ,0.033701267201883454
2024.08.22,600018.SH,0.4364486244753735
2024.08.22,000026.SZ,0.21322761470135368
2024.08.22,000036.SZ,0.1428282551180122
2024.08.22,000043.SZ,0.026116668795975104
2024.08.22,600033.SH,0.34215805068749067
2024.08.22,600041.SH,0.056863230632622074
2024.08.22,000010.SZ,0.03958710503654689
2024.08.22,600036.SH,0.3440632098784844
2024.08.22,000025.SZ,0.0350530662332218
2024.08.22,000041.SZ,0.16221559319948148
2024.08.22,600029.SH,0.1340287914747917
2024.08.22,000030.SZ,0.02697954226217802
2024.08.22,600024.SH,0.11007445432411607
2024.08.22,000028.SZ,0.0326982746781346
2024.08.22,000046.SZ,0.06318828988606123
2024.08.22,600026.SH,0.08867493331841764
2024.08.22,000024.SZ,0.03969278276507916
2024.08.22,600020.SH,0.14386663887695603
2024.08.22,600021.SH,0.2354697502271085
2024.08.22,000020.SZ,0.07101922574464903
2024.08.22,600049.SH,0.16217539802251085
2024.08.22,600027.SH,0.08353259257244972
2024.08.22,000005.SZ,0.09612523931098782
2024.08.22,000011.SZ,0.03814515220057885
2024.08.22,000029.SZ,0.08174231668588748
2024.08.22,000014.SZ,0.11962957801502963
2024.08.22,600003.SH,0.23409971195512702
2024.08.22,600025.SH,0.1541168290949011
2024.08.22,600043.SH,0.07377276271002471
2024.08.22,600009.SH,0.03653388975037061
2024.08.22,600035.SH,0.3672985834065693
2024.08.22,600044.SH,0.015293084557366346
2024.08.22,000040.SZ,0.09376875452420216
2024.08.22,600028.SH,0.2977154599867812
2024.08.22,600034.SH,0.0231946052545297
2024.08.22,600012.SH,0.06012234942135161
2024.08.22,000015.SZ,0.03978703367526244
2024.08.22,600038.SH,0.13852035284367
2024.08.22,000019.SZ,0.10628816491342619
2024.08.22,600016.SH,0.030427105489842086
2024.08.22,600000.SH,0.27574570268937665
2024.08.22,000039.SZ,0.06900767065329318
2024.08.22,600045.SH,0.41990919857754366
2024.08.22,000009.SZ,0.041116944455167906
2024.08.22,600008.SH,0.11425125020732155
2024.08.22,600039.SH,0.006842914646470629
2024.08.22,000013.SZ,0.14119053239828908
2024.08.22,000045.SZ,0.4067604780620825
2024.08.22,000012.SZ,0.0036828738173621135
2024.08.22,000008.SZ,0.07191163162524238
2024.08.22,000001.SZ,0.11021955122321313
2024.08.22,600048.SH,0.27025223278988647
2024.08.22,000023.SZ,0.16107366909946025
2024.08.22,000031.SZ,0.08195505043609289
2024.08.22,600004.SH,0.048747975575415645
2024.08.22,600002.SH,0.1320754988136436
2024.08.22,600015.SH,0.004186859227111992
2024.08.22,000044.SZ,0.05817509850710614
2024.08.22,000027.SZ,0.013169948974593098
2024.08.22,600031.SH,0.21713026669833396
2024.08.22,000035.SZ,0.3494508574322986
2024.08.22,000021.SZ,0.16411705384965056
2024.08.22,000047.SZ,0.09256718128407261
2024.08.22,600017.SH,0.006423686501572362
2024.08.22,600040.SH,0.08220250454033694
2024.08.22,000049.SZ,0.1364622621793052
2024.08.22,000048.SZ,0.22120605828256829
2024.08.22,600030.SH,0.18735624025856054
2024.08.22,000022.SZ,0.27938537140944736
2024.08.22,600010.SH,0.05057149672558385
2024.08.22,600013.SH,0.10373547677759337
2024.08.22,600022.SH,0.030049235448591536
2024.08.22,000004.SZ,0.08634062546366597
2024.08.22,600006.SH,0.11942718752950258
2024.08.22,600047.SH,0.1982948875268275
2024.08.22,000003.SZ,0.20728913197867574
2024.08.22,600037.SH,0.3028506129383321
2024.08.22,600005.SH,0.1842660520332648
2024.08.22,600042.SH,0.025481345580860067
2024.08.22,000034.SZ,0.24042100914762385
2024.08.22,000032.SZ,0.2535888749133561
2024.08.22,000018.SZ,0.039636968922787515
2024.08.22,600014.SH,0.09636571261106415
2024.08.22,600001.SH,0.05069989612688457
2024.08.22,600032.SH,0.020945054245191684
2024.08.22,000016.SZ,0.2911745264844114
2024.08.22,600011.SH,0.2032049844715671
2024.08.22,000002.SZ,0.24069517440124863
2024.08.22,600007.SH,0.07559326643168501
2024.08.22,000033.SZ,0.39974562677016484
2024.08.22,000050.SZ,0.00721212549113356
2024.08.22,000007.SZ,0.08009163268297642
2024.08.23,000011.SZ,0.06929298436365186
2024.08.23,000032.SZ,0.14739137493551815
2024.08.23,600012.SH,0.029866041492508103
2024.08.23,000006.SZ,0.0036774248883011756
2024.08.23,000007.SZ,0.18355441897976507
2024.08.23,000027.SZ,0.2106288111240451
2024.08.23,600046.SH,0.031434776079745326
2024.08.23,600037.SH,0.15554458153489578
2024.08.23,600011.SH,0.021297597024356
2024.08.23,000003.SZ,0.15679698574253842
2024.08.23,600002.SH,0.028585868611312616
2024.08.23,600024.SH,0.026139514431616745
2024.08.23,600010.SH,0.4793108691111264
2024.08.23,000005.SZ,0.01771452980381751
2024.08.23,000048.SZ,0.004118565379523608
2024.08.23,000010.SZ,0.20563368731284606
2024.08.23,600039.SH,0.3040464252463913
2024.08.23,600018.SH,0.12340099236519918
2024.08.23,000036.SZ,0.04032526814195506
2024.08.23,000046.SZ,0.06426949510774653
2024.08.23,000022.SZ,0.049531975840889954
2024.08.23,000035.SZ,0.02759534359889402
2024.08.23,600047.SH,0.23025531604077532
2024.08.23,000023.SZ,0.044579396352574116
2024.08.23,000019.SZ,0.0562014555275077
2024.08.23,000015.SZ,0.12342506486725026
2024.08.23,600048.SH,0.07105088281687047
2024.08.23,000029.SZ,0.01594905205280317
2024.08.23,000040.SZ,0.010638350391032498
2024.08.23,000045.SZ,0.008974679844529742
2024.08.23,000013.SZ,0.12413025737682612
2024.08.23,600045.SH,0.015955560481385276
2024.08.23,000001.SZ,0.024604500238712485
2024.08.23,600000.SH,0.24432967762396396
2024.08.23,600007.SH,0.04926056135222412
2024.08.23,000025.SZ,0.009599210721383937
2024.08.23,000037.SZ,0.034808705986827664
2024.08.23,600027.SH,0.14598762984044367
2024.08.23,600015.SH,0.03155992612577724
2024.08.23,000004.SZ,0.056887233926867294
2024.08.23,600030.SH,0.050272057928120575
2024.08.23,600003.SH,0.003885707470861291
2024.08.23,000018.SZ,0.13474008213780042
2024.08.23,600049.SH,0.07219210683107277
2024.08.23,000038.SZ,0.09842011831471519
2024.08.23,600025.SH,0.08941183116309019
2024.08.23,000049.SZ,0.04913685330369946
2024.08.23,600031.SH,0.07911663764999104
2024.08.23,000026.SZ,0.059066276915344246
2024.08.23,000050.SZ,0.0027256367667638044
2024.08.23,600040.SH,0.2044882233190568
2024.08.23,000016.SZ,0.08350779585592986
2024.08.23,000002.SZ,0.04901624799336774
2024.08.23,600028.SH,0.06743428141654342
2024.08.23,600020.SH,0.012697108059717866
2024.08.23,000014.SZ,0.27192001819226774
2024.08.23,600038.SH,0.0367354226253248
2024.08.23,000024.SZ,0.10797709736885251
2024.08.23,600004.SH,0.02302528244966489
2024.08.23,000043.SZ,0.1093443750398563
2024.08.23,600009.SH,0.04179157583215028
2024.08.23,600023.SH,0.022425258574134885
2024.08.23,000042.SZ,0.004594382526518215
2024.08.23,600043.SH,0.02885610741147003
2024.08.23,600044.SH,0.0038634255270257683
2024.08.23,600042.SH,0.06318066258841909
2024.08.23,000009.SZ,0.0683633644592497
2024.08.23,000034.SZ,0.022424366455077224
2024.08.23,600036.SH,0.19634228849875793
2024.08.23,600032.SH,0.17354025364249034
2024.08.23,000031.SZ,0.07957004729215739
2024.08.23,000017.SZ,0.051613370270469035
2024.08.23,000044.SZ,0.07920973008883063
2024.08.23,600029.SH,0.07438413164452806
2024.08.23,600008.SH,0.08883695399659008
2024.08.23,000047.SZ,0.11275616757545222
2024.08.23,000012.SZ,0.1040820973428217
2024.08.23,000033.SZ,0.04141094144823815
2024.08.23,600001.SH,0.1513892078574569
2024.08.23,600017.SH,0.09516607135314313
2024.08.23,000028.SZ,0.2949979734972476
2024.08.23,000020.SZ,0.12348895100601195
2024.08.23,600013.SH,0.07498629106151913
2024.08.23,600026.SH,0.22157442466849753
2024.08.23,600041.SH,0.2544540408639131
2024.08.23,000041.SZ,0.8467835154620581
2024.08.23,600006.SH,0.18435371701913933
2024.08.23,600014.SH,0.031824400836603914
2024.08.23,600016.SH,0.016040520214958644
2024.08.23,000030.SZ,0.09339930270155995
2024.08.23,000021.SZ,0.00902479139029591
2024.08.23,600033.SH,0.09581601271645336
2024.08.23,600035.SH,0.012269599821507398
2024.08.23,600005.SH,0.06987790751523178
2024.08.23,600034.SH,0.14613922794061085
2024.08.23,000039.SZ,0.048023342194648766
2024.08.23,000008.SZ,0.042411337093100236
