TradingDate,SecurityID,Value
2024.06.03,600030.SH,0.05355910258985607
2024.06.03,000013.SZ,0.05225068139867049
2024.06.03,000009.SZ,0.028752394371459
2024.06.03,600024.SH,0.1339749537249383
2024.06.03,600042.SH,0.3512333961937122
2024.06.03,600012.SH,0.04421997253402115
2024.06.03,600034.SH,0.023093778138035623
2024.06.03,000001.SZ,0.29281916031312194
2024.06.03,600036.SH,0.13195838836490123
2024.06.03,600029.SH,0.165102532158679
2024.06.03,600037.SH,0.14272338112802513
2024.06.03,600000.SH,0.07608938360540879
2024.06.03,000041.SZ,0.04218424234319575
2024.06.03,600020.SH,0.3163477090489592
2024.06.03,000008.SZ,0.0926661139170908
2024.06.03,600027.SH,0.02367183349328302
2024.06.03,000031.SZ,0.07578043465790035
2024.06.03,600014.SH,0.035285111436190834
2024.06.03,600018.SH,0.32736189857688613
2024.06.03,000021.SZ,0.1813226929739247
2024.06.03,000042.SZ,0.009156249291810682
2024.06.03,600016.SH,0.0723587456209647
2024.06.03,600004.SH,0.1148705299458436
2024.06.03,000017.SZ,0.07023952689386091
2024.06.03,600010.SH,0.038054541482965915
2024.06.03,600021.SH,0.33094943804676213
2024.06.03,600023.SH,0.001978475689090587
2024.06.03,000047.SZ,0.07697795963053854
2024.06.03,000038.SZ,0.08750932080743729
2024.06.03,000011.SZ,0.017561030154134436
2024.06.03,000012.SZ,0.14364597857711328
2024.06.03,600048.SH,0.05810958256805221
2024.06.03,000005.SZ,0.036369113710441284
2024.06.03,600013.SH,0.11645537570392712
2024.06.03,000045.SZ,0.03213607653321378
2024.06.03,000048.SZ,0.04524552662555619
2024.06.03,600039.SH,0.1424246694617882
2024.06.03,600007.SH,0.029315376103828093
2024.06.03,600038.SH,0.06321738393375517
2024.06.03,000022.SZ,0.03486447322607976
2024.06.03,000050.SZ,0.08337118872672016
2024.06.03,600011.SH,0.13917777479419566
2024.06.03,000023.SZ,0.1833857948316338
2024.06.03,600025.SH,0.023833166414844537
2024.06.03,600022.SH,0.08676274866728882
2024.06.03,600019.SH,0.09144212021436467
2024.06.03,600006.SH,0.05424039264373084
2024.06.03,000037.SZ,0.2315987543599412
2024.06.03,000016.SZ,0.10563164115193334
2024.06.03,600044.SH,0.0241428208489072
2024.06.03,000036.SZ,0.05739248300626723
2024.06.03,000026.SZ,0.0050278758871397855
2024.06.03,000028.SZ,0.2664613260526782
2024.06.03,600031.SH,0.12706766536838915
2024.06.03,600047.SH,0.06745776414332523
2024.06.03,000027.SZ,0.031786429633647396
2024.06.03,000003.SZ,0.08413554185690249
2024.06.03,600003.SH,0.5318259514405408
2024.06.03,600005.SH,0.16528902305976317
2024.06.03,600045.SH,0.1276507604620691
2024.06.03,600040.SH,0.1376524643675468
2024.06.03,600026.SH,0.09596236239493058
2024.06.03,000029.SZ,0.10684098733370086
2024.06.03,000020.SZ,0.18511453005041328
2024.06.03,000030.SZ,0.11544925260479935
2024.06.03,000010.SZ,0.18402216411851
2024.06.03,600032.SH,0.10183558159568011
2024.06.03,000006.SZ,0.1027037032589156
2024.06.03,000033.SZ,0.07218873721347087
2024.06.03,000034.SZ,0.22126731305994798
2024.06.03,000014.SZ,0.020656977325876465
2024.06.03,000019.SZ,0.13278618378512405
2024.06.03,000015.SZ,0.08078191598500062
2024.06.03,000002.SZ,0.049975815022317537
2024.06.03,600049.SH,0.016688281399403992
2024.06.03,000039.SZ,0.1340493960262316
2024.06.03,600033.SH,0.1391526807553113
2024.06.03,000025.SZ,0.04837388352862361
2024.06.03,000032.SZ,0.07564019815585477
2024.06.03,600017.SH,0.014620842099813076
2024.06.03,000043.SZ,0.1116135096363706
2024.06.03,000007.SZ,0.06330148175168436
2024.06.03,000046.SZ,0.0944718559247532
2024.06.03,600001.SH,0.030564698557543162
2024.06.03,600015.SH,0.364516929485866
2024.06.03,000004.SZ,0.14969552017152368
2024.06.03,600008.SH,0.217642131320597
2024.06.03,600041.SH,0.021360034666892444
2024.06.03,600009.SH,0.12363933393838421
2024.06.03,000035.SZ,0.08280715744376778
2024.06.03,600035.SH,0.11039759681532896
2024.06.03,600043.SH,0.011718963685246775
2024.06.03,600028.SH,0.17185852327073625
2024.06.03,000044.SZ,0.3084332395510657
2024.06.03,000040.SZ,0.08203745126129014
2024.06.03,600002.SH,0.03146323383556794
2024.06.04,600042.SH,0.09602708931783198
2024.06.04,000022.SZ,0.051750180261051174
2024.06.04,600039.SH,0.01105782460419379
2024.06.04,000039.SZ,0.14512256694580472
2024.06.04,000010.SZ,0.0999911743575986
2024.06.04,000004.SZ,0.002450149371043102
2024.06.04,600030.SH,0.06679552310557457
2024.06.04,600010.SH,0.002197675145746259
2024.06.04,000016.SZ,0.05994810202400078
2024.06.04,000035.SZ,0.24033110486821802
2024.06.04,000020.SZ,0.10299126711241662
2024.06.04,000007.SZ,0.08045261169377317
2024.06.04,600037.SH,0.12464071940848648
2024.06.04,600004.SH,0.604385898595704
2024.06.04,600027.SH,0.06192899979560136
2024.06.04,600049.SH,0.13204073574352157
2024.06.04,600003.SH,0.1926747825590458
2024.06.04,600047.SH,0.1887531578450661
2024.06.04,600009.SH,0.07932090119049372
2024.06.04,000047.SZ,0.023657203826555364
2024.06.04,600021.SH,0.1315633740913571
2024.06.04,600033.SH,0.5156240895250274
2024.06.04,600036.SH,0.02409391330548273
2024.06.04,600043.SH,0.03756467780848856
2024.06.04,000023.SZ,0.15651727566669146
2024.06.04,600046.SH,0.0014284413734543635
2024.06.04,600034.SH,0.09802610763339763
2024.06.04,600016.SH,0.0032478585333800365
2024.06.04,000028.SZ,0.0363473564677706
2024.06.04,000034.SZ,0.0524268448861685
2024.06.04,600028.SH,0.0575302709396898
2024.06.04,000044.SZ,0.158991529758374
2024.06.04,600001.SH,0.0023268361124965747
2024.06.04,000006.SZ,0.11469074236527263
2024.06.04,600017.SH,0.005735447400657533
2024.06.04,000043.SZ,0.3708387717215027
2024.06.04,000011.SZ,0.087483147689143
2024.06.04,600044.SH,0.02648978437487337
2024.06.04,000049.SZ,0.18226838031906678
2024.06.04,000015.SZ,0.014871983829643762
2024.06.04,000040.SZ,0.005572409722140266
2024.06.04,600048.SH,0.19883930611006312
2024.06.04,000050.SZ,0.1579678745825221
2024.06.04,600032.SH,0.05599217044450505
2024.06.04,600007.SH,0.2806429305024797
2024.06.04,000031.SZ,0.0007346859641371807
2024.06.04,000033.SZ,0.44135319425847447
2024.06.04,600025.SH,0.2324129455428125
2024.06.04,000001.SZ,0.0826077657329441
2024.06.04,600019.SH,0.12577641123804723
2024.06.04,600041.SH,0.20761020839832522
2024.06.04,600011.SH,0.046045070342333315
2024.06.04,000030.SZ,0.22473909831515917
2024.06.04,600020.SH,0.6608117367048553
2024.06.04,600000.SH,0.15377208440557097
2024.06.04,000017.SZ,0.029296796909728053
2024.06.04,000032.SZ,0.10788406813211156
2024.06.04,600013.SH,0.12970468646550157
2024.06.04,000048.SZ,0.05800663304691504
2024.06.04,600035.SH,0.11401739070880451
2024.06.04,000045.SZ,0.03132908477410185
2024.06.04,600045.SH,0.11981270036397118
2024.06.04,600005.SH,0.0990758442032276
2024.06.04,600040.SH,0.06707609677401416
2024.06.04,600038.SH,0.32855181629277047
2024.06.04,000013.SZ,0.08948568670191479
2024.06.04,600024.SH,0.03196927355484757
2024.06.04,000041.SZ,0.3296909714980556
2024.06.04,600008.SH,0.0490955948666461
2024.06.04,600029.SH,0.0723599104505544
2024.06.04,600012.SH,0.17129349616677292
2024.06.04,000014.SZ,0.22955719777750042
2024.06.04,000003.SZ,0.11497796484570007
2024.06.04,600006.SH,0.09124194189045916
2024.06.04,000036.SZ,0.5613449905495335
2024.06.04,600015.SH,0.11036389463239993
2024.06.04,600014.SH,0.107277966833007
2024.06.04,000038.SZ,0.08249632683654601
2024.06.04,600002.SH,0.0029724089326599065
2024.06.04,600031.SH,0.08418620962881596
2024.06.04,600026.SH,0.1337948124036317
2024.06.04,000005.SZ,0.11253903197629488
2024.06.04,000008.SZ,0.05736563852616172
2024.06.04,000018.SZ,0.020765065643873627
2024.06.04,000026.SZ,0.00438378485130458
2024.06.04,000046.SZ,0.1562778075572887
2024.06.04,000037.SZ,0.06885947350460395
2024.06.04,000025.SZ,0.07167060400830283
2024.06.04,600018.SH,0.36724132367192086
2024.06.04,000012.SZ,0.0482938599143149
2024.06.04,000002.SZ,0.06952658369370587
2024.06.04,000024.SZ,0.09194239987935887
2024.06.04,600023.SH,0.004673565113467872
2024.06.04,000019.SZ,0.03223136902978058
2024.06.04,000027.SZ,0.1281203619460875
2024.06.04,600022.SH,0.5759274347716841
2024.06.04,000021.SZ,0.01053763490629471
2024.06.04,000042.SZ,0.39932789851149697
2024.06.05,600037.SH,0.06277850888846367
2024.06.05,600012.SH,0.025706452653263826
2024.06.05,600039.SH,0.0063710340929578795
2024.06.05,000024.SZ,0.06134243934133889
2024.06.05,600007.SH,0.017516650418064043
2024.06.05,000030.SZ,0.041892780772406754
2024.06.05,000033.SZ,0.1208769426333772
2024.06.05,000032.SZ,0.1904832062045584
2024.06.05,000005.SZ,0.03096183788710118
2024.06.05,000021.SZ,0.22829372247742533
2024.06.05,600008.SH,0.12867673809649574
2024.06.05,000002.SZ,0.20322612072910945
2024.06.05,000019.SZ,0.19323274708701554
2024.06.05,600041.SH,0.14680427545158006
2024.06.05,600024.SH,0.420670826339341
2024.06.05,600010.SH,0.09007088982367448
2024.06.05,600006.SH,0.21421724412117854
2024.06.05,600004.SH,0.10112826787529546
2024.06.05,600044.SH,0.2217939201042534
2024.06.05,600043.SH,0.07718560874231614
2024.06.05,600027.SH,0.09598902585861949
2024.06.05,000034.SZ,0.06867085222933982
2024.06.05,000036.SZ,0.3702431625508844
2024.06.05,600025.SH,0.11167498675277225
2024.06.05,000007.SZ,0.10727697431978674
2024.06.05,600049.SH,0.021872341312043454
2024.06.05,000047.SZ,0.027943477877629706
2024.06.05,000001.SZ,0.011916047376172226
2024.06.05,600031.SH,0.13466212913960027
2024.06.05,000037.SZ,0.2627304285951392
2024.06.05,600018.SH,0.1398736521192776
2024.06.05,000029.SZ,0.03766452734254974
2024.06.05,600048.SH,0.09185905423153906
2024.06.05,000046.SZ,0.022204558613726662
2024.06.05,600005.SH,0.061295877800047416
2024.06.05,000028.SZ,0.10133046829763065
2024.06.05,600038.SH,0.13905998422728086
2024.06.05,000006.SZ,0.12759075830891517
2024.06.05,000022.SZ,0.20260876647864887
2024.06.05,600022.SH,0.1031183919786451
2024.06.05,000042.SZ,0.5562775148752411
2024.06.05,000038.SZ,0.19033192912860492
2024.06.05,600028.SH,0.15731558210188443
2024.06.05,600046.SH,0.21183999487209615
2024.06.05,600000.SH,0.37712941399897293
2024.06.05,600047.SH,0.0808220901636247
2024.06.05,600034.SH,0.01663590528442534
2024.06.05,600030.SH,0.10452971157968542
2024.06.05,000049.SZ,0.3904553770979938
2024.06.05,000003.SZ,0.3800665677992423
2024.06.05,000026.SZ,0.18124703716552426
2024.06.05,600019.SH,0.07212550093768451
2024.06.05,000014.SZ,0.15290552796394102
2024.06.05,000018.SZ,0.032657068545501135
2024.06.05,600045.SH,0.07895111705374862
2024.06.05,600017.SH,0.14146750205807446
2024.06.05,000008.SZ,0.19608971247723467
2024.06.05,000017.SZ,0.136549178768148
2024.06.05,000015.SZ,0.08506820929089924
2024.06.05,600032.SH,0.008953981051731152
2024.06.05,600009.SH,0.10882807508670249
2024.06.05,600040.SH,0.005259008370969642
2024.06.05,000016.SZ,0.0003540178993264425
2024.06.05,000027.SZ,0.04671194174536832
2024.06.05,000025.SZ,0.04909053490080249
2024.06.05,000050.SZ,0.38725890397628565
2024.06.05,000031.SZ,0.2401008852336957
2024.06.05,000045.SZ,0.07253758109512846
2024.06.05,000039.SZ,0.22607782454654005
2024.06.05,000044.SZ,0.04640861861656196
2024.06.05,600021.SH,0.05665494339158015
2024.06.05,600029.SH,0.03659963860740742
2024.06.05,000043.SZ,0.0023963391493968997
2024.06.05,600023.SH,0.1251120779018747
2024.06.05,000010.SZ,0.02278998172033776
2024.06.05,000009.SZ,0.017811794041497252
2024.06.05,600001.SH,0.14506191641804486
2024.06.05,600003.SH,0.008184814425415916
2024.06.05,000041.SZ,0.2120177806374417
2024.06.05,600036.SH,0.14178489192134566
2024.06.05,000011.SZ,0.40610652460266056
2024.06.05,600042.SH,0.05494887361614189
2024.06.05,000013.SZ,0.10083077881335799
2024.06.05,000048.SZ,0.01048618485921313
2024.06.05,000020.SZ,0.06346970517863063
2024.06.05,000035.SZ,0.059811523457845815
2024.06.05,600015.SH,0.11317987618438295
2024.06.05,600020.SH,0.33102437654565303
2024.06.05,000012.SZ,0.02826910352666557
2024.06.05,600013.SH,0.012280602769966816
2024.06.05,600002.SH,0.01246469032642619
2024.06.05,600035.SH,0.1408465098074783
2024.06.05,000040.SZ,0.36891888140098233
2024.06.05,000004.SZ,0.23718818755776702
2024.06.05,600026.SH,0.10946346264213606
2024.06.05,600014.SH,0.017793876199807702
2024.06.06,600002.SH,0.11185073811914951
2024.06.06,600039.SH,0.06278476206180651
2024.06.06,600044.SH,0.09002695231180266
2024.06.06,000004.SZ,0.008610636241730052
2024.06.06,600005.SH,0.007792144517432868
2024.06.06,600043.SH,0.15922315445941077
2024.06.06,000012.SZ,0.06808003914256765
2024.06.06,000037.SZ,0.19025072454931172
2024.06.06,600000.SH,0.10534384785563468
2024.06.06,600024.SH,0.2791603486661775
2024.06.06,600046.SH,0.02535696189615524
2024.06.06,000034.SZ,0.294162782192577
2024.06.06,600003.SH,0.023468275108603307
2024.06.06,600028.SH,0.15533098988030805
2024.06.06,000009.SZ,0.26437032444511976
2024.06.06,000014.SZ,0.06936366631655394
2024.06.06,000041.SZ,0.04482182179919673
2024.06.06,600040.SH,0.061401077183493594
2024.06.06,000045.SZ,0.052465130037391915
2024.06.06,600027.SH,0.26725869328191
2024.06.06,600011.SH,0.008506521312561887
2024.06.06,000049.SZ,0.3124674974207386
2024.06.06,600048.SH,0.06853669186965004
2024.06.06,000010.SZ,0.09622182397296061
2024.06.06,600006.SH,0.04987850964346172
2024.06.06,600026.SH,0.21887310490551626
2024.06.06,000032.SZ,0.0007502661875186862
2024.06.06,000027.SZ,0.0379173005448297
2024.06.06,000048.SZ,0.10506620457675368
2024.06.06,000008.SZ,0.027582223432184833
2024.06.06,600035.SH,0.07317741068454071
2024.06.06,600016.SH,0.02039109290817364
2024.06.06,600041.SH,0.12721586706368962
2024.06.06,600029.SH,0.02737882314176544
2024.06.06,600001.SH,0.12798138542439702
2024.06.06,000039.SZ,0.05433465742722561
2024.06.06,600010.SH,0.3972860579258557
2024.06.06,600025.SH,0.06871075379660255
2024.06.06,600032.SH,0.046193471579677736
2024.06.06,600017.SH,0.002797650234407184
2024.06.06,000050.SZ,0.07238774819170625
2024.06.06,600038.SH,0.6194746787558146
2024.06.06,000003.SZ,0.11043187708896948
2024.06.06,000005.SZ,0.0425756147981907
2024.06.06,600020.SH,0.15374334902963174
2024.06.06,600008.SH,0.07559064631998137
2024.06.06,000036.SZ,0.08406929486060823
2024.06.06,000026.SZ,0.03451626727551802
2024.06.06,600042.SH,0.09635936735426573
2024.06.06,600034.SH,0.15377732984044873
2024.06.06,600045.SH,0.019165862060654966
2024.06.06,000019.SZ,0.03857943340913144
2024.06.06,000040.SZ,0.1813267761687932
2024.06.06,600033.SH,0.20697637590814583
2024.06.06,000043.SZ,0.015208041285211143
2024.06.06,000028.SZ,0.5304707175695328
2024.06.06,000022.SZ,0.032051916706707054
2024.06.06,000023.SZ,0.07162997266926993
2024.06.06,000035.SZ,0.018439718328137206
2024.06.06,000047.SZ,0.03610055877553662
2024.06.06,000044.SZ,0.1108928810252332
2024.06.06,600019.SH,0.0508327450384775
2024.06.06,600015.SH,0.06511401950705553
2024.06.06,600030.SH,0.4589121082482728
2024.06.06,000002.SZ,0.2952144094457714
2024.06.06,000016.SZ,0.015878112018350782
2024.06.06,000001.SZ,0.07006874896221017
2024.06.06,000025.SZ,0.01584670438079259
2024.06.06,000038.SZ,0.010899624309600274
2024.06.06,000030.SZ,0.030222114162329523
2024.06.06,600009.SH,0.07396399819578979
2024.06.06,600047.SH,0.03664616885008998
2024.06.06,000011.SZ,0.05629711511041184
2024.06.06,000031.SZ,0.041786211723226885
2024.06.06,600049.SH,0.016551485402646456
2024.06.06,000024.SZ,0.055245129563694394
2024.06.06,600014.SH,0.08510649559661272
2024.06.06,600018.SH,0.008417539491967028
2024.06.06,000029.SZ,0.014471078655368237
2024.06.06,600023.SH,0.05988200075371981
2024.06.06,600007.SH,0.11178831665204461
2024.06.06,600036.SH,0.06235015513497515
2024.06.06,000006.SZ,0.020255080017609957
2024.06.06,000018.SZ,0.14268968639525895
2024.06.06,000020.SZ,0.19488653226420985
2024.06.06,000046.SZ,0.13154238665577192
2024.06.06,000015.SZ,0.15767211752460222
2024.06.06,000033.SZ,0.02385024951799522
2024.06.06,000013.SZ,0.012912954089690185
2024.06.06,600012.SH,0.045741746440808
2024.06.06,000007.SZ,0.0394311105395784
2024.06.06,600037.SH,0.043440316891944705
2024.06.06,600013.SH,0.07595501352812357
2024.06.06,600031.SH,0.009481411587788178
2024.06.06,600004.SH,0.001125180594290633
2024.06.06,600021.SH,0.18407414077878426
2024.06.06,000021.SZ,0.1465460532870029
2024.06.06,000017.SZ,0.07109103998636539
2024.06.07,600035.SH,0.10242380433054848
2024.06.07,000004.SZ,0.03987810574836802
2024.06.07,000001.SZ,0.044010148287155444
2024.06.07,600004.SH,0.0950029428984418
2024.06.07,000045.SZ,0.28968858028114325
2024.06.07,600044.SH,0.10174031117198326
2024.06.07,000043.SZ,0.05251994190277634
2024.06.07,600003.SH,0.0895793937227902
2024.06.07,600021.SH,0.01798577629968995
2024.06.07,600047.SH,0.15310732379791936
2024.06.07,600010.SH,0.0054250108747199224
2024.06.07,600045.SH,0.05344863116749228
2024.06.07,600049.SH,0.18852708190285652
2024.06.07,600033.SH,0.0863390942304764
2024.06.07,600027.SH,0.0649615085594934
2024.06.07,000023.SZ,0.16706288364061966
2024.06.07,600034.SH,0.3179288266292573
2024.06.07,600020.SH,0.0074809523952633905
2024.06.07,600038.SH,0.1098638215201262
2024.06.07,000017.SZ,0.05866572520403198
2024.06.07,000019.SZ,0.2094962461220151
2024.06.07,600037.SH,0.04060630420290728
2024.06.07,600048.SH,0.3338920577770032
2024.06.07,000011.SZ,0.15753375425677546
2024.06.07,600015.SH,0.3088340003899612
2024.06.07,600042.SH,0.031847149217816235
2024.06.07,000020.SZ,0.019994690345149155
2024.06.07,600023.SH,0.03879016539580828
2024.06.07,000005.SZ,0.22432583500202485
2024.06.07,000040.SZ,0.1481937735150748
2024.06.07,000049.SZ,0.08761271918303493
2024.06.07,600031.SH,0.14062173782313897
2024.06.07,000036.SZ,0.34807315383001924
2024.06.07,000014.SZ,0.017180615004619603
2024.06.07,000022.SZ,0.19216895110678575
2024.06.07,000035.SZ,0.03380470493671789
2024.06.07,000028.SZ,0.07363262647338409
2024.06.07,600039.SH,0.029774524265578306
2024.06.07,000041.SZ,0.028412614268723685
2024.06.07,000015.SZ,0.1746948138044977
2024.06.07,600030.SH,0.010157804238668983
2024.06.07,600002.SH,0.18750820052430928
2024.06.07,000050.SZ,0.028527119564918983
2024.06.07,600026.SH,0.07095970068870926
2024.06.07,000030.SZ,0.0638250694613528
2024.06.07,000012.SZ,0.025987010348376194
2024.06.07,600012.SH,0.1645050401891411
2024.06.07,000010.SZ,0.014857128424876385
2024.06.07,600011.SH,0.16091887956500928
2024.06.07,000031.SZ,0.32300796773366514
2024.06.07,000018.SZ,0.08753065787990304
2024.06.07,600016.SH,0.0262755306056603
2024.06.07,000044.SZ,0.0005961003312384536
2024.06.07,000033.SZ,0.1055978665403582
2024.06.07,000042.SZ,0.014072768226627941
2024.06.07,000032.SZ,0.0974438496683139
2024.06.07,000009.SZ,0.02196757890212635
2024.06.07,000008.SZ,0.10249641304565173
2024.06.07,600009.SH,0.03990194536883172
2024.06.07,600005.SH,0.09581671862346515
2024.06.07,000016.SZ,0.028931867070091082
2024.06.07,600013.SH,0.14399913403586764
2024.06.07,000047.SZ,0.004243199793014249
2024.06.07,600046.SH,0.11356519469966822
2024.06.07,000048.SZ,0.15149409012787818
2024.06.07,600000.SH,0.36048661066911625
2024.06.07,600041.SH,0.04201341767093449
2024.06.07,600019.SH,0.09076942097346401
2024.06.07,000025.SZ,0.007380574369236146
2024.06.07,600025.SH,0.025631714222185346
2024.06.07,600040.SH,0.047736961672145396
2024.06.07,000038.SZ,0.009443989804739662
2024.06.07,600036.SH,0.4756718561950624
2024.06.07,000046.SZ,0.029622057891867094
2024.06.07,000039.SZ,0.0027619963615332917
2024.06.07,000013.SZ,0.08759733269336256
2024.06.07,600032.SH,0.12305650490272353
2024.06.07,600001.SH,0.002581441014721287
2024.06.07,000034.SZ,0.0440424080253578
2024.06.07,000007.SZ,0.06022813600613018
2024.06.07,000021.SZ,0.004772548758991694
2024.06.07,600006.SH,0.15245880133379122
2024.06.07,000037.SZ,0.08780208293423497
2024.06.07,000006.SZ,0.2258905699855266
2024.06.07,600043.SH,0.010607631407466638
2024.06.07,600014.SH,0.05370748033727613
2024.06.07,000026.SZ,0.14954874478515454
2024.06.07,600007.SH,0.18003449441897373
2024.06.07,000002.SZ,0.12013228805705262
2024.06.07,600029.SH,0.21872924121970982
2024.06.07,000024.SZ,0.04981575224880801
2024.06.07,600008.SH,0.03004482422197245
2024.06.07,600022.SH,0.05700180615958076
2024.06.07,000027.SZ,0.3179406014718734
2024.06.07,600024.SH,0.11038640497153142
2024.06.07,600017.SH,0.19755230181648034
2024.06.10,000034.SZ,0.14522182877161752
2024.06.10,600012.SH,0.0827881809797735
2024.06.10,000002.SZ,0.038378102329232174
2024.06.10,600015.SH,0.010615169878256472
2024.06.10,000041.SZ,0.167730760037533
2024.06.10,000048.SZ,0.0345889778160703
2024.06.10,600028.SH,0.173417906563444
2024.06.10,600001.SH,0.08584202511725879
2024.06.10,600046.SH,0.04508613780399893
2024.06.10,000050.SZ,0.0729607936835756
2024.06.10,000044.SZ,0.01569443723555456
2024.06.10,000022.SZ,0.03666135249371134
2024.06.10,000008.SZ,0.1431704570728962
2024.06.10,600000.SH,0.3452741222787574
2024.06.10,600049.SH,0.006847266590287666
2024.06.10,000049.SZ,0.005254213350781044
2024.06.10,600048.SH,0.41673775519402617
2024.06.10,600005.SH,0.13785625429371168
2024.06.10,600011.SH,0.30626458704346377
2024.06.10,600009.SH,0.22120904550276674
2024.06.10,600033.SH,0.06637671723702117
2024.06.10,600026.SH,0.24723686884747587
2024.06.10,000001.SZ,0.023455457381362947
2024.06.10,600014.SH,0.02413432046090425
2024.06.10,600035.SH,0.018191610637529942
2024.06.10,000019.SZ,0.18025295923862747
2024.06.10,000004.SZ,0.046280414855146355
2024.06.10,600031.SH,0.41306227616853447
2024.06.10,000040.SZ,0.2591975986496532
2024.06.10,000003.SZ,0.15929353768135224
2024.06.10,600013.SH,0.08043380983832481
2024.06.10,600006.SH,0.08802233141985422
2024.06.10,600023.SH,0.1586135172689033
2024.06.10,000011.SZ,0.006030256263771844
2024.06.10,000029.SZ,0.04747720085672259
2024.06.10,000037.SZ,0.30662694917112965
2024.06.10,600020.SH,0.17555411010772712
2024.06.10,600010.SH,0.12178732613873547
2024.06.10,600042.SH,0.02271233532432697
2024.06.10,600027.SH,0.08396122141983664
2024.06.10,600008.SH,0.29530676473262757
2024.06.10,600025.SH,0.0405177584518772
2024.06.10,600036.SH,0.20190667242356927
2024.06.10,000017.SZ,0.36155110958420733
2024.06.10,600044.SH,0.045025536556749735
2024.06.10,000013.SZ,0.056584923448215724
2024.06.10,000015.SZ,0.1386721245982767
2024.06.10,600040.SH,0.08519849620146168
2024.06.10,000045.SZ,0.1533163416540228
2024.06.10,000024.SZ,0.10246244741453632
2024.06.10,000035.SZ,0.085685453866742
2024.06.10,600003.SH,0.07748527724889928
2024.06.10,000032.SZ,0.03756154633444778
2024.06.10,000007.SZ,0.04540880368458568
2024.06.10,000006.SZ,0.01609870203028229
2024.06.10,000025.SZ,0.06030629845655859
2024.06.10,600002.SH,0.19884459253915157
2024.06.10,600037.SH,0.022773641620280324
2024.06.10,000023.SZ,0.22490293231585387
2024.06.10,600034.SH,0.020524572288079374
2024.06.10,000009.SZ,0.14062512272335118
2024.06.10,000036.SZ,0.005325118246582567
2024.06.10,600039.SH,0.10801603913498282
2024.06.10,600007.SH,0.18850281294296464
2024.06.10,600043.SH,0.19307183740754144
2024.06.10,000038.SZ,0.04014385506987245
2024.06.10,600021.SH,0.139136178218053
2024.06.10,000018.SZ,0.2670195649136661
2024.06.10,600045.SH,0.07095437191618985
2024.06.10,000005.SZ,0.10311574380203395
2024.06.10,000031.SZ,0.2328898602479788
2024.06.10,000027.SZ,0.3146667214715824
2024.06.10,600022.SH,0.17936835028384193
2024.06.10,000039.SZ,0.19495634498499373
2024.06.10,000033.SZ,7.87533909005592e-05
2024.06.10,600030.SH,0.10944311265440414
2024.06.10,600019.SH,0.013859660303018984
2024.06.10,000020.SZ,0.1168425173289982
2024.06.10,600032.SH,0.03570077920083077
2024.06.10,000030.SZ,0.13184565305699839
2024.06.10,000021.SZ,0.26369264056310554
2024.06.10,600038.SH,0.03012380675998212
2024.06.10,000047.SZ,0.15445217299598807
2024.06.10,600017.SH,0.02003973757919977
2024.06.10,600047.SH,0.0004892500594595615
2024.06.10,000012.SZ,0.02548252633904926
2024.06.10,600016.SH,0.014594498623830757
2024.06.10,600029.SH,0.09942216243931426
2024.06.10,000010.SZ,0.02917774869051072
2024.06.10,600004.SH,0.12526546109049677
2024.06.10,000046.SZ,0.008811591844863758
2024.06.10,000028.SZ,0.20057451871810805
2024.06.10,000042.SZ,0.2691397896378955
2024.06.10,600024.SH,0.08167047707164975
2024.06.10,600018.SH,0.43300894324516825
2024.06.10,000026.SZ,0.09981431808043356
2024.06.11,600004.SH,0.2009881468054667
2024.06.11,600028.SH,0.031581470095284656
2024.06.11,000018.SZ,0.00905653336865721
2024.06.11,600038.SH,0.052006409711835795
2024.06.11,000007.SZ,0.049960006894390493
2024.06.11,000046.SZ,0.6693945695033547
2024.06.11,600022.SH,0.04310552194316601
2024.06.11,600013.SH,0.023443489070419266
2024.06.11,000023.SZ,0.24785648153058717
2024.06.11,600018.SH,0.02769180585520645
2024.06.11,600010.SH,0.37225339516101186
2024.06.11,600012.SH,0.398830982798235
2024.06.11,000024.SZ,0.05750583775170165
2024.06.11,600001.SH,0.0455967636851248
2024.06.11,000001.SZ,0.1274020525530549
2024.06.11,000038.SZ,0.18234581629225183
2024.06.11,000040.SZ,0.05185375525086347
2024.06.11,600033.SH,0.17030113287214818
2024.06.11,000009.SZ,0.16316562114088898
2024.06.11,600030.SH,0.08657682643746635
2024.06.11,600011.SH,0.02881521305375227
2024.06.11,000036.SZ,0.025818517234422148
2024.06.11,600027.SH,0.04844460027686273
2024.06.11,000032.SZ,0.12268005188635654
2024.06.11,600003.SH,0.18865617993976633
2024.06.11,000021.SZ,0.12830098871763643
2024.06.11,000019.SZ,0.26483078420588835
2024.06.11,000003.SZ,0.2683875884773575
2024.06.11,000033.SZ,0.0035625841548799575
2024.06.11,000010.SZ,0.0003587766807232678
2024.06.11,600002.SH,0.030934768221431184
2024.06.11,600043.SH,0.13835501525458324
2024.06.11,000034.SZ,0.31950577419060683
2024.06.11,000029.SZ,0.17081642856471976
2024.06.11,600015.SH,0.16153852665023835
2024.06.11,000012.SZ,0.28977334292258805
2024.06.11,000022.SZ,0.01312754545002476
2024.06.11,000004.SZ,0.034629076709587335
2024.06.11,000028.SZ,0.24734090072121276
2024.06.11,600009.SH,0.04219758538243968
2024.06.11,000048.SZ,0.39473542415400353
2024.06.11,000015.SZ,0.14226824929171614
2024.06.11,600039.SH,0.1458619593784222
2024.06.11,000031.SZ,0.29030939487174295
2024.06.11,000050.SZ,0.17754670942100628
2024.06.11,000017.SZ,0.1606636701949157
2024.06.11,000049.SZ,0.292980666359217
2024.06.11,000011.SZ,0.04789188208893169
2024.06.11,000047.SZ,0.2817258137463171
2024.06.11,600049.SH,0.011527551998661177
2024.06.11,000039.SZ,0.03709944361575172
2024.06.11,600045.SH,0.0891277834989155
2024.06.11,600032.SH,0.10395053506279467
2024.06.11,000044.SZ,0.15754908030999937
2024.06.11,600007.SH,0.14762095272245895
2024.06.11,600000.SH,0.09540983938546421
2024.06.11,600008.SH,0.24605248053930392
2024.06.11,600021.SH,0.010578860331814075
2024.06.11,600017.SH,0.26743663209011254
2024.06.11,600024.SH,0.011552268107468174
2024.06.11,600047.SH,0.0381817618475409
2024.06.11,600031.SH,0.27259310907627243
2024.06.11,600046.SH,0.04846053853717992
2024.06.11,600036.SH,0.11935404044782497
2024.06.11,000020.SZ,0.01904415177425017
2024.06.11,000035.SZ,0.383660645538527
2024.06.11,000008.SZ,0.028298622578716598
2024.06.11,600044.SH,0.024135167203700375
2024.06.11,600025.SH,0.031524530966226635
2024.06.11,600019.SH,0.33649660627349914
2024.06.11,600016.SH,0.008040669885372793
2024.06.11,600020.SH,0.07099786113470789
2024.06.11,600048.SH,0.347320738725358
2024.06.11,600042.SH,0.04513272464455339
2024.06.11,000016.SZ,0.26102679861066547
2024.06.11,600026.SH,0.009027127912408214
2024.06.11,000025.SZ,0.03440097577740833
2024.06.11,000041.SZ,0.03449378989709685
2024.06.11,000045.SZ,0.262473453496021
2024.06.11,600040.SH,0.1309326505458834
2024.06.11,000026.SZ,0.2268469492463108
2024.06.11,600006.SH,0.09614827497183921
2024.06.11,000042.SZ,0.1175228892445762
2024.06.11,600037.SH,0.13086690634377968
2024.06.11,000043.SZ,0.08531073505591759
2024.06.11,600005.SH,0.261621725796147
2024.06.11,000037.SZ,0.15054418061427494
2024.06.11,000005.SZ,0.20662247423872857
2024.06.11,000014.SZ,0.007627141795888338
2024.06.11,600041.SH,0.002855927317956585
2024.06.11,600014.SH,0.09764498193864454
2024.06.11,000002.SZ,0.1954927492453572
2024.06.11,000027.SZ,0.03152142147787791
2024.06.11,600035.SH,0.009878491449349356
2024.06.11,600029.SH,0.12903534845451542
2024.06.11,000013.SZ,0.14647688497741246
2024.06.11,000006.SZ,0.0033161851686700737
2024.06.12,000020.SZ,0.20669291037230295
2024.06.12,600024.SH,0.08889322193285445
2024.06.12,000015.SZ,0.1500421251310633
2024.06.12,600021.SH,0.08148783217968879
2024.06.12,600042.SH,0.08749712927901449
2024.06.12,000048.SZ,0.04895476480694207
2024.06.12,000016.SZ,0.12564730294632515
2024.06.12,600039.SH,0.07840661088594657
2024.06.12,600019.SH,7.278594115004294e-05
2024.06.12,000036.SZ,0.011413396379933974
2024.06.12,000050.SZ,0.009680182743721259
2024.06.12,600022.SH,0.024621810160351386
2024.06.12,600006.SH,0.2207347365633486
2024.06.12,600048.SH,0.12606523592971122
2024.06.12,000046.SZ,0.18135724542916717
2024.06.12,600036.SH,0.2788028043836311
2024.06.12,000033.SZ,0.34378476879686215
2024.06.12,000005.SZ,0.08142743085515063
2024.06.12,000018.SZ,0.07763120702167649
2024.06.12,000041.SZ,0.012395597782259017
2024.06.12,000034.SZ,0.10451562563888275
2024.06.12,000029.SZ,0.059548506468360886
2024.06.12,000003.SZ,0.008816770167616936
2024.06.12,600018.SH,0.1674614079229339
2024.06.12,600009.SH,0.012276904759907325
2024.06.12,000019.SZ,0.37487188910262953
2024.06.12,600029.SH,0.01864672715669193
2024.06.12,600047.SH,0.12300684519217177
2024.06.12,600040.SH,0.022824848592899516
2024.06.12,600011.SH,0.13833665561216218
2024.06.12,000022.SZ,0.28853934066709774
2024.06.12,600027.SH,0.1710415931185814
2024.06.12,000043.SZ,0.04771913891124334
2024.06.12,600023.SH,0.08285464148411448
2024.06.12,000014.SZ,0.006604667700067349
2024.06.12,600008.SH,0.006746200190175833
2024.06.12,600015.SH,0.07728727049956689
2024.06.12,000040.SZ,0.08676612153993571
2024.06.12,600043.SH,0.029683981881660968
2024.06.12,000027.SZ,0.042166367335713294
2024.06.12,600034.SH,0.0026562586728176253
2024.06.12,000026.SZ,0.05061465070498319
2024.06.12,000028.SZ,0.3109199598668953
2024.06.12,000031.SZ,0.05767178277555533
2024.06.12,600033.SH,0.0440336201175885
2024.06.12,000024.SZ,0.10764130109455163
2024.06.12,600000.SH,0.08167468794226619
2024.06.12,000047.SZ,0.014491408957313963
2024.06.12,000021.SZ,0.029658844931434614
2024.06.12,600035.SH,0.0272727575068148
2024.06.12,000025.SZ,0.08267621532830677
2024.06.12,000039.SZ,0.014993173861016508
2024.06.12,000049.SZ,0.054924005517276615
2024.06.12,000045.SZ,0.04676203004976621
2024.06.12,000010.SZ,0.1705337767138809
2024.06.12,000037.SZ,0.016201249244206604
2024.06.12,600003.SH,0.2675537699241566
2024.06.12,600016.SH,0.1700964520215544
2024.06.12,000007.SZ,0.07585799824271706
2024.06.12,000035.SZ,0.22889740505771833
2024.06.12,600007.SH,0.24923245806261285
2024.06.12,000012.SZ,0.1680449930274281
2024.06.12,600013.SH,0.05706779024014722
2024.06.12,000042.SZ,0.04232373550844906
2024.06.12,600032.SH,0.19024614381727362
2024.06.12,600037.SH,0.036910781285772895
2024.06.12,000032.SZ,0.012459044161476689
2024.06.12,000044.SZ,0.0019877299740053097
2024.06.12,000011.SZ,0.01445711587077908
2024.06.12,600010.SH,0.06608395688929125
2024.06.12,600049.SH,0.0031244496896518045
2024.06.12,000013.SZ,0.014594904208054272
2024.06.12,000038.SZ,0.06062676796658375
2024.06.12,600030.SH,0.08435264133874251
2024.06.12,600038.SH,0.04810468308398046
2024.06.12,600002.SH,0.05336528123305661
2024.06.12,000030.SZ,0.08889408032785352
2024.06.12,000001.SZ,0.03787553046590562
2024.06.12,600012.SH,0.09879114164121373
2024.06.12,600005.SH,0.22697613041061618
2024.06.12,000017.SZ,0.018478559035577925
2024.06.12,600044.SH,0.011831960263027703
2024.06.12,600045.SH,0.13256910769789818
2024.06.12,600001.SH,0.05085392289338591
2024.06.12,000009.SZ,0.042734392746002936
2024.06.12,000004.SZ,0.05308173853133485
2024.06.12,000023.SZ,0.15551178944901892
2024.06.12,000008.SZ,0.04899430590833016
2024.06.12,600020.SH,0.22044011059494362
2024.06.12,600004.SH,0.08426563769679886
2024.06.12,600026.SH,0.017197493224277393
2024.06.12,600017.SH,0.09994831411797514
2024.06.12,600031.SH,0.033673344962657614
2024.06.12,600041.SH,0.14872046504247458
2024.06.12,600028.SH,0.04957378434553114
2024.06.12,000002.SZ,0.042435166176547544
2024.06.13,600023.SH,0.024247607572356826
2024.06.13,600010.SH,0.12885571620133976
2024.06.13,600002.SH,0.18761408487494852
2024.06.13,600015.SH,0.07939551968900216
2024.06.13,000039.SZ,0.1691818495784554
2024.06.13,000045.SZ,0.13304164145708383
2024.06.13,000005.SZ,0.09890144504591013
2024.06.13,600014.SH,0.1788722640314519
2024.06.13,000002.SZ,0.09234413588224546
2024.06.13,600042.SH,0.040033037389367865
2024.06.13,600020.SH,0.038827338471811745
2024.06.13,000037.SZ,0.0043415226702122126
2024.06.13,600038.SH,0.22296362214300974
2024.06.13,000022.SZ,0.13914906984008346
2024.06.13,600026.SH,0.06702298667422997
2024.06.13,600027.SH,0.12976099732450566
2024.06.13,000040.SZ,0.1382700239615744
2024.06.13,000003.SZ,0.031756405143065734
2024.06.13,600016.SH,0.13026416776409544
2024.06.13,600048.SH,0.2976158186882622
2024.06.13,000007.SZ,0.40341436594306657
2024.06.13,000035.SZ,0.040199041863155816
2024.06.13,600025.SH,0.11804066304786907
2024.06.13,000010.SZ,0.12048422234262028
2024.06.13,000006.SZ,0.016312503828230865
2024.06.13,000013.SZ,0.28547845426569507
2024.06.13,000042.SZ,0.0660230842812121
2024.06.13,600006.SH,0.0861300809355984
2024.06.13,000046.SZ,0.05250215123199051
2024.06.13,000012.SZ,0.022079875846373647
2024.06.13,000014.SZ,0.12091780609449959
2024.06.13,000023.SZ,0.10812606639153063
2024.06.13,600039.SH,0.2155019556783388
2024.06.13,000004.SZ,0.17906753510061377
2024.06.13,000034.SZ,0.3933725874006131
2024.06.13,600003.SH,0.3980804312353517
2024.06.13,000041.SZ,0.05183453741062089
2024.06.13,600030.SH,0.14650602595824574
2024.06.13,600036.SH,0.07283804095795676
2024.06.13,600007.SH,0.1323192379287618
2024.06.13,600019.SH,0.2835646811636298
2024.06.13,600021.SH,0.07965271810036618
2024.06.13,600001.SH,0.23716966330743897
2024.06.13,600032.SH,0.276617243075926
2024.06.13,000011.SZ,0.04348147349418915
2024.06.13,000050.SZ,0.0015399654823875953
2024.06.13,000031.SZ,0.2699767769721569
2024.06.13,600022.SH,0.15397866104681507
2024.06.13,000025.SZ,0.0410972266458451
2024.06.13,000032.SZ,0.07605110201374764
2024.06.13,000048.SZ,0.013634372506105736
2024.06.13,000017.SZ,0.21084268600140296
2024.06.13,000024.SZ,0.21502729016991912
2024.06.13,600046.SH,0.08684129175556995
2024.06.13,600011.SH,0.01468867897743756
2024.06.13,000019.SZ,0.13889741849258486
2024.06.13,000038.SZ,0.09987783285998117
2024.06.13,600033.SH,0.07244590611075694
2024.06.13,600037.SH,0.022146215311124196
2024.06.13,600013.SH,0.007049145988271499
2024.06.13,600012.SH,0.12999260058158268
2024.06.13,000028.SZ,0.05158496070255349
2024.06.13,600009.SH,0.07207062252989165
2024.06.13,600040.SH,0.04837325307340214
2024.06.13,000049.SZ,0.05422193079152736
2024.06.13,600029.SH,0.5107288404097176
2024.06.13,600034.SH,0.03160749103841311
2024.06.13,000015.SZ,0.19198331483574577
2024.06.13,000021.SZ,0.07028222590411229
2024.06.13,600024.SH,0.15374217278081492
2024.06.13,600035.SH,0.02577940732907764
2024.06.13,000043.SZ,0.0698561910752171
2024.06.13,600005.SH,0.014026938574069163
2024.06.13,600031.SH,0.10988485302257174
2024.06.13,000047.SZ,0.0048942939618962684
2024.06.13,000020.SZ,0.032464155818644314
2024.06.13,600049.SH,0.21927038791688666
2024.06.13,600045.SH,0.0807704970429222
2024.06.13,600004.SH,0.15811001019821505
2024.06.13,600028.SH,0.06201140644891228
2024.06.13,000008.SZ,0.09593550205816662
2024.06.13,000018.SZ,0.34643550421043456
2024.06.13,000036.SZ,0.02325611057343363
2024.06.13,000044.SZ,0.030584045756121878
2024.06.13,600000.SH,0.023605695568379763
2024.06.13,600041.SH,0.0034602032908831386
2024.06.13,600047.SH,0.011610313323695548
2024.06.13,600008.SH,0.0009594814160532567
2024.06.13,000029.SZ,0.016473187218757387
2024.06.13,600043.SH,0.46909622184471217
2024.06.13,000030.SZ,0.05793643680980404
2024.06.13,000016.SZ,0.1296051835949499
2024.06.13,600018.SH,0.20107045875206062
2024.06.13,600044.SH,0.261658790813662
2024.06.13,600017.SH,0.07688008444052973
2024.06.13,000001.SZ,0.08126926482707593
2024.06.13,000026.SZ,0.05097853084069167
2024.06.14,000045.SZ,0.08073735249857569
2024.06.14,000019.SZ,0.17424743119192856
2024.06.14,600049.SH,0.06664520151326954
2024.06.14,000003.SZ,0.20331456907752588
2024.06.14,600045.SH,0.14381675294499766
2024.06.14,000023.SZ,0.1153689624710258
2024.06.14,000050.SZ,0.03680381359217413
2024.06.14,600023.SH,0.07685206708596094
2024.06.14,600000.SH,0.02152431285325214
2024.06.14,000033.SZ,0.2085820607965231
2024.06.14,600009.SH,0.06367691291862407
2024.06.14,600018.SH,0.0571575864353368
2024.06.14,000031.SZ,0.010970341882726022
2024.06.14,600005.SH,0.14813096279060048
2024.06.14,000016.SZ,0.08256982412080241
2024.06.14,000035.SZ,0.05812587561577721
2024.06.14,600033.SH,0.03439691099216816
2024.06.14,600025.SH,0.05075447314294929
2024.06.14,600016.SH,0.042585915051964233
2024.06.14,000049.SZ,0.3362728021783513
2024.06.14,000014.SZ,0.021992304977537545
2024.06.14,000024.SZ,0.3813473492233306
2024.06.14,000002.SZ,0.010015916336914513
2024.06.14,000011.SZ,0.014593931472957334
2024.06.14,600031.SH,0.017737858950435538
2024.06.14,000028.SZ,0.031192631620197437
2024.06.14,000027.SZ,0.06917041086300359
2024.06.14,000009.SZ,0.027391996249833673
2024.06.14,000007.SZ,0.14854627787870864
2024.06.14,000004.SZ,0.059138733397221886
2024.06.14,000032.SZ,0.1908842208903999
2024.06.14,600012.SH,0.025828124984868008
2024.06.14,600021.SH,0.18724639291827305
2024.06.14,600024.SH,0.041055677454577194
2024.06.14,000044.SZ,0.012315577490807483
2024.06.14,000018.SZ,0.023692685867338987
2024.06.14,600007.SH,0.014396868296427482
2024.06.14,600040.SH,0.33977255928758576
2024.06.14,600003.SH,0.01763059021467288
2024.06.14,600017.SH,0.01396406460620735
2024.06.14,600037.SH,0.025247118468197834
2024.06.14,000020.SZ,0.12055097276950666
2024.06.14,600028.SH,0.013839454601762972
2024.06.14,600044.SH,0.055240282524498426
2024.06.14,600002.SH,0.20635205811614096
2024.06.14,000008.SZ,0.041047733132117875
2024.06.14,000015.SZ,0.013414160343892282
2024.06.14,600014.SH,0.1688188402879766
2024.06.14,600029.SH,0.04127885847171846
2024.06.14,600011.SH,0.10007674865709644
2024.06.14,600048.SH,0.0037293613009402693
2024.06.14,000005.SZ,0.02169199769036968
2024.06.14,000006.SZ,0.01861035667705209
2024.06.14,600008.SH,0.1769182538429337
2024.06.14,600041.SH,0.011732740810988013
2024.06.14,000037.SZ,0.09840189358094117
2024.06.14,600019.SH,0.07732261821227947
2024.06.14,600034.SH,0.08247120330178594
2024.06.14,000010.SZ,0.03377331796374721
2024.06.14,000043.SZ,0.3392677674288083
2024.06.14,000041.SZ,0.002905408350024669
2024.06.14,600046.SH,0.07268675254327692
2024.06.14,000030.SZ,0.009129705802712057
2024.06.14,600004.SH,0.1428823712990652
2024.06.14,600027.SH,0.058255038830454006
2024.06.14,000017.SZ,0.005957010861981661
2024.06.14,000025.SZ,0.07932286877842948
2024.06.14,600030.SH,0.15995732104506008
2024.06.14,600022.SH,0.1283543886458136
2024.06.14,000026.SZ,0.005837206126946067
2024.06.14,000022.SZ,0.04238589612442099
2024.06.14,000036.SZ,0.48158017190739894
2024.06.14,600039.SH,0.019788644584047037
2024.06.14,600036.SH,0.11457750832801955
2024.06.14,000021.SZ,0.044156054734599874
2024.06.14,600043.SH,0.17071682746931024
2024.06.14,000040.SZ,0.07034218272613685
2024.06.14,600020.SH,0.05313507162981076
2024.06.14,000047.SZ,0.3694164450794457
2024.06.14,600032.SH,0.16516974932549228
2024.06.14,000046.SZ,0.3455225106344625
2024.06.14,600006.SH,0.2164148404857236
2024.06.14,600010.SH,0.07053440559953614
2024.06.14,000029.SZ,0.2141674206314067
2024.06.14,000042.SZ,0.058595373459285005
2024.06.14,000048.SZ,0.16526372543400275
2024.06.14,600035.SH,0.28831968335409897
2024.06.14,000034.SZ,0.5674142975165214
2024.06.14,600047.SH,0.4386655333639359
2024.06.14,600015.SH,0.13983382349188142
2024.06.14,000039.SZ,0.08083080963520604
2024.06.14,600042.SH,0.12568774272156663
2024.06.14,000012.SZ,0.11592435476396463
2024.06.14,600026.SH,0.4675886308105172
2024.06.14,000001.SZ,0.034131981735628446
2024.06.14,600001.SH,0.34378234401949265
2024.06.14,000038.SZ,0.3034860947443068
2024.06.17,600044.SH,0.24650967515154387
2024.06.17,600013.SH,0.17931203381066618
2024.06.17,600037.SH,0.038715434301367285
2024.06.17,000015.SZ,0.17864463020725196
2024.06.17,000004.SZ,0.30608029202612735
2024.06.17,000029.SZ,0.006214047848676323
2024.06.17,000002.SZ,0.09614914185146559
2024.06.17,600001.SH,0.1501924321259393
2024.06.17,600009.SH,0.13969910490028806
2024.06.17,000007.SZ,0.1096705903514412
2024.06.17,600039.SH,0.0602018688722946
2024.06.17,000014.SZ,0.2479387550288938
2024.06.17,600047.SH,0.013377983679055747
2024.06.17,000012.SZ,0.10891548070351847
2024.06.17,000021.SZ,0.18143935295338387
2024.06.17,600015.SH,0.005122906575529489
2024.06.17,000039.SZ,0.13174248853887327
2024.06.17,000022.SZ,0.0556035787786517
2024.06.17,000034.SZ,0.1430950609581867
2024.06.17,600020.SH,0.2375509164055277
2024.06.17,000026.SZ,0.21523921510967695
2024.06.17,000001.SZ,0.10023226865291142
2024.06.17,600005.SH,0.08018335016392988
2024.06.17,000040.SZ,0.005906192007874841
2024.06.17,600035.SH,0.07599972790504915
2024.06.17,600018.SH,0.06204350791215445
2024.06.17,600034.SH,0.006232294267632182
2024.06.17,600011.SH,0.4122709312207617
2024.06.17,000031.SZ,0.08252330269499843
2024.06.17,000008.SZ,0.026448347154547403
2024.06.17,600026.SH,0.10122552466381439
2024.06.17,000023.SZ,0.04064429673646615
2024.06.17,000018.SZ,0.4733070411988759
2024.06.17,000019.SZ,0.22858401297924108
2024.06.17,600010.SH,0.022608620404964818
2024.06.17,000037.SZ,0.06391781998224497
2024.06.17,000032.SZ,0.000554401767469444
2024.06.17,000011.SZ,0.14247345158915678
2024.06.17,000020.SZ,0.1819399004995834
2024.06.17,600033.SH,0.2871516626779012
2024.06.17,000042.SZ,0.17463326907673393
2024.06.17,600031.SH,0.015788671136778794
2024.06.17,000050.SZ,0.027331031263992552
2024.06.17,600000.SH,0.20879919844953818
2024.06.17,000028.SZ,0.28541433666499894
2024.06.17,600025.SH,0.08860619038284435
2024.06.17,600046.SH,0.09410690919634525
2024.06.17,000003.SZ,0.09631800606158575
2024.06.17,600012.SH,0.13555167701562276
2024.06.17,600016.SH,0.2898328336109699
2024.06.17,000045.SZ,0.040656639634938756
2024.06.17,600027.SH,0.057758973464661495
2024.06.17,600003.SH,0.0667056946910382
2024.06.17,000006.SZ,0.23780390634598883
2024.06.17,000047.SZ,0.3170291232297587
2024.06.17,000048.SZ,0.08659369870713444
2024.06.17,000043.SZ,0.006482486862400091
2024.06.17,600036.SH,0.07078075531075698
2024.06.17,600049.SH,0.13697557406901134
2024.06.17,000010.SZ,0.01788465825037658
2024.06.17,600008.SH,0.055625505063676056
2024.06.17,000027.SZ,0.11753389091800949
2024.06.17,600030.SH,0.32286353088709424
2024.06.17,600019.SH,0.07294899894009939
2024.06.17,000046.SZ,0.2006465196994573
2024.06.17,600043.SH,0.5568590965116934
2024.06.17,600029.SH,0.0511618133769132
2024.06.17,000035.SZ,0.4275631091887369
2024.06.17,600007.SH,0.2447082974321122
2024.06.17,000005.SZ,0.007690897547263417
2024.06.17,600023.SH,0.01967600661519483
2024.06.17,600024.SH,0.2725689111702113
2024.06.17,600022.SH,0.10035098056169442
2024.06.17,600048.SH,0.12368583939597048
2024.06.17,000017.SZ,0.0691852752473872
2024.06.17,000049.SZ,0.13108299797926568
2024.06.17,600014.SH,0.1415368902689386
2024.06.17,000033.SZ,0.08222639247183221
2024.06.17,600021.SH,0.008398913087415371
2024.06.17,600006.SH,0.14116796536328938
2024.06.17,000030.SZ,0.1036320751717509
2024.06.17,600040.SH,0.23301886721805495
2024.06.17,600028.SH,0.024703080960948982
2024.06.17,000013.SZ,0.0812259162562269
2024.06.17,000009.SZ,0.08797799722325327
2024.06.17,600041.SH,0.04982078865907308
2024.06.17,600004.SH,0.3403794898274902
2024.06.17,600017.SH,0.008443194101566902
2024.06.17,000025.SZ,0.17427933255320227
2024.06.17,600045.SH,0.10205052839935523
2024.06.17,600002.SH,0.1403479771144181
2024.06.17,600032.SH,0.006254206730664133
2024.06.17,600042.SH,0.05761076318622288
2024.06.17,600038.SH,0.001197463284150804
2024.06.17,000036.SZ,0.07498211097714025
2024.06.17,000041.SZ,0.07682223591965885
2024.06.17,000024.SZ,0.187528986968311
2024.06.17,000016.SZ,0.04578659613062158
2024.06.18,000022.SZ,0.22357581648678818
2024.06.18,000003.SZ,0.12378123858288886
2024.06.18,000012.SZ,0.057521445524827686
2024.06.18,600019.SH,0.06891780172440581
2024.06.18,600020.SH,0.011385102704544733
2024.06.18,600048.SH,0.04856897828903644
2024.06.18,600004.SH,0.11356810966081375
2024.06.18,600014.SH,0.15583738615676893
2024.06.18,000041.SZ,0.38247678682610975
2024.06.18,600010.SH,0.04113459700397336
2024.06.18,600008.SH,0.03035551838828823
2024.06.18,600031.SH,0.25534962099056446
2024.06.18,000026.SZ,0.3585210711156628
2024.06.18,000032.SZ,0.1313478485518866
2024.06.18,000040.SZ,0.06538672967949163
2024.06.18,000006.SZ,0.05248826387137173
2024.06.18,600005.SH,0.044482989804563174
2024.06.18,600007.SH,0.11090300800929527
2024.06.18,000039.SZ,0.022079111123464
2024.06.18,600049.SH,0.07291777631700602
2024.06.18,000021.SZ,0.14360115711498025
2024.06.18,000029.SZ,0.056326065317708514
2024.06.18,600002.SH,0.10456261592609617
2024.06.18,600027.SH,0.040555375521993446
2024.06.18,000014.SZ,0.12434032663884025
2024.06.18,600035.SH,0.5531917436817475
2024.06.18,600006.SH,0.10528050336546359
2024.06.18,600030.SH,0.002009763248547473
2024.06.18,000005.SZ,0.2287164606146915
2024.06.18,600039.SH,0.12105157426753133
2024.06.18,600036.SH,0.049451574208407505
2024.06.18,000049.SZ,0.10323613733607644
2024.06.18,600026.SH,0.2719200896265826
2024.06.18,000031.SZ,0.08836750831740696
2024.06.18,600040.SH,0.17794618008207005
2024.06.18,000047.SZ,0.06435667850094999
2024.06.18,600029.SH,0.006403776525064455
2024.06.18,600042.SH,0.0019589993829883853
2024.06.18,000017.SZ,0.07867928797493626
2024.06.18,000011.SZ,0.07400425100284021
2024.06.18,600023.SH,0.07956379529240434
2024.06.18,000019.SZ,0.03745119255628243
2024.06.18,600021.SH,0.07165267245985432
2024.06.18,600018.SH,0.022876973389578614
2024.06.18,600047.SH,0.012811889365299414
2024.06.18,600045.SH,0.388458315075363
2024.06.18,000020.SZ,0.09016297135550348
2024.06.18,000034.SZ,0.023510349589604445
2024.06.18,000023.SZ,0.2606166282722383
2024.06.18,600046.SH,0.04058924127244073
2024.06.18,000002.SZ,0.04241867626123283
2024.06.18,600016.SH,0.3059688961176825
2024.06.18,000009.SZ,0.045522546591373794
2024.06.18,600033.SH,0.2979455844345914
2024.06.18,000036.SZ,0.40104865663058487
2024.06.18,600015.SH,0.0957820124848443
2024.06.18,000024.SZ,0.347126751789006
2024.06.18,000050.SZ,0.05007967577755225
2024.06.18,000035.SZ,0.021668740581418815
2024.06.18,600009.SH,0.0023021736362306647
2024.06.18,000045.SZ,0.01847509315066705
2024.06.18,000046.SZ,0.004266088531627468
2024.06.18,600001.SH,0.07664857874103713
2024.06.18,000044.SZ,0.06039112713659554
2024.06.18,000010.SZ,0.0039028274031688366
2024.06.18,000038.SZ,0.021419051829613765
2024.06.18,000028.SZ,0.042833676919245535
2024.06.18,000007.SZ,0.2036503497118209
2024.06.18,000001.SZ,0.10514772653075445
2024.06.18,600003.SH,0.13658524205260492
2024.06.18,000018.SZ,0.19333074896033037
2024.06.18,600024.SH,0.06254040303027598
2024.06.18,000025.SZ,0.10527627392311388
2024.06.18,600041.SH,0.13524480232612995
2024.06.18,000004.SZ,0.05834020926344377
2024.06.18,000042.SZ,0.005591993346596002
2024.06.18,000048.SZ,0.4002707022585756
2024.06.18,000016.SZ,0.057600455667281086
2024.06.18,600032.SH,0.05364272265481627
2024.06.18,600000.SH,0.07919952419469925
2024.06.18,000033.SZ,0.21117377193129244
2024.06.18,600043.SH,0.0734026851136563
2024.06.18,600012.SH,0.07636585993000183
2024.06.18,000037.SZ,0.07549439355957839
2024.06.18,600011.SH,0.43428926324116535
2024.06.18,000027.SZ,0.06662889875232325
2024.06.18,000030.SZ,0.09246310919897256
2024.06.18,000008.SZ,0.06001270456878776
2024.06.18,000013.SZ,0.1586267572182816
2024.06.18,000015.SZ,0.17084502527086604
2024.06.18,600013.SH,0.05455246194384864
2024.06.18,000043.SZ,0.1994439955237349
2024.06.18,600044.SH,0.06262096872021339
2024.06.18,600022.SH,0.017449997901021006
2024.06.18,600025.SH,0.03758963058772295
2024.06.18,600038.SH,0.09248090149854313
2024.06.19,000023.SZ,0.021979858039586356
2024.06.19,000038.SZ,0.07052467936027762
2024.06.19,000017.SZ,0.8636712420036469
2024.06.19,600025.SH,0.26387841408991164
2024.06.19,000003.SZ,0.060621507480894295
2024.06.19,600027.SH,0.019808072287400967
2024.06.19,600019.SH,0.05102090681760799
2024.06.19,600017.SH,0.006335732950799736
2024.06.19,000035.SZ,0.15770651757236603
2024.06.19,000008.SZ,0.021715670896608072
2024.06.19,600009.SH,0.05500758098403738
2024.06.19,000007.SZ,0.0677111238732945
2024.06.19,600037.SH,0.029360044642486007
2024.06.19,000018.SZ,0.05362565157771259
2024.06.19,000019.SZ,0.04661184121487027
2024.06.19,000039.SZ,0.0051158624777831955
2024.06.19,600049.SH,0.4130730660400172
2024.06.19,000004.SZ,0.08789642469780079
2024.06.19,000044.SZ,0.026920546108369445
2024.06.19,600005.SH,0.14140025817521695
2024.06.19,600001.SH,0.0533349180659312
2024.06.19,000050.SZ,0.11071436406681491
2024.06.19,600044.SH,0.4413029415264211
2024.06.19,600021.SH,0.03170756350702653
2024.06.19,600000.SH,0.022579139808461688
2024.06.19,600013.SH,0.323977060577141
2024.06.19,000031.SZ,0.040734902117541605
2024.06.19,600038.SH,0.08116716282551102
2024.06.19,000026.SZ,0.20059855760370846
2024.06.19,600043.SH,0.20257559177414042
2024.06.19,000002.SZ,0.2443437133922569
2024.06.19,600004.SH,0.06481385932186758
2024.06.19,600033.SH,5.210429402598899e-05
2024.06.19,600048.SH,0.20091106602727518
2024.06.19,000033.SZ,0.08153982993838105
2024.06.19,600014.SH,0.25133536663143513
2024.06.19,600042.SH,0.03444566122609597
2024.06.19,000046.SZ,0.09957826775798055
2024.06.19,000005.SZ,0.008124408344024319
2024.06.19,600046.SH,0.11389971470830984
2024.06.19,000048.SZ,0.0465535282079786
2024.06.19,600029.SH,0.07189720769170233
2024.06.19,000043.SZ,0.03158333813383942
2024.06.19,000029.SZ,0.16170452949460265
2024.06.19,000032.SZ,0.1433565868180276
2024.06.19,000020.SZ,0.1409999691162743
2024.06.19,000028.SZ,0.05879229397019148
2024.06.19,600010.SH,0.04609656735474098
2024.06.19,600015.SH,0.08951567887612932
2024.06.19,000016.SZ,0.08010605738299388
2024.06.19,600008.SH,0.0001889575589064814
2024.06.19,600032.SH,0.09874650533646487
2024.06.19,000022.SZ,0.16364385817264762
2024.06.19,600016.SH,0.19768107244374958
2024.06.19,600018.SH,0.6639960733546679
2024.06.19,000047.SZ,0.20488357756817727
2024.06.19,000021.SZ,0.10831584558978183
2024.06.19,600040.SH,0.21978822754472696
2024.06.19,000013.SZ,0.250962173144512
2024.06.19,600023.SH,0.22149764107528166
2024.06.19,000006.SZ,0.11489523599415086
2024.06.19,600041.SH,0.0004997132036096219
2024.06.19,000024.SZ,0.09579589253159333
2024.06.19,600011.SH,0.019627330006761676
2024.06.19,600003.SH,0.023695496223087812
2024.06.19,000012.SZ,0.14940451449423467
2024.06.19,000009.SZ,0.4461537026383516
2024.06.19,000015.SZ,0.13365967206557516
2024.06.19,000001.SZ,0.14231260009886623
2024.06.19,000049.SZ,0.038327601475455435
2024.06.19,000014.SZ,0.23212984386283886
2024.06.19,000045.SZ,0.003558732962463907
2024.06.19,600036.SH,0.012020105700762214
2024.06.19,600026.SH,0.087823279029583
2024.06.19,000041.SZ,0.1646373390188105
2024.06.19,000042.SZ,0.17484103143093774
2024.06.19,000030.SZ,0.14894229604542944
2024.06.19,600047.SH,0.3319713503341703
2024.06.19,000010.SZ,0.09126087743488433
2024.06.19,600006.SH,0.4422175900343065
2024.06.19,600035.SH,0.0395636431668958
2024.06.19,600002.SH,0.10176641704263716
2024.06.19,000011.SZ,0.10265245888368126
2024.06.19,600031.SH,0.1439757872102128
2024.06.19,600030.SH,0.06702801138262149
2024.06.19,000034.SZ,0.369851099365629
2024.06.19,600024.SH,0.048756540013849436
2024.06.19,600007.SH,0.013698596424046555
2024.06.19,600012.SH,0.0551877754584712
2024.06.19,600022.SH,0.364467742811402
2024.06.19,600039.SH,0.6831752694144225
2024.06.19,000040.SZ,0.6262928179864578
2024.06.19,000027.SZ,0.3968426090061734
2024.06.19,000037.SZ,0.04116932486482299
2024.06.19,600034.SH,0.3640185042425436
2024.06.19,600028.SH,0.03410726303796112
2024.06.19,000036.SZ,0.29407280766929256
2024.06.20,600030.SH,0.12038113656880202
2024.06.20,600015.SH,0.37005053297548335
2024.06.20,600048.SH,0.08314681637423894
2024.06.20,600043.SH,0.004309568084758117
2024.06.20,000011.SZ,0.2678443691008756
2024.06.20,000042.SZ,0.025919490579016803
2024.06.20,000035.SZ,0.00356035868053552
2024.06.20,600026.SH,0.07217371742642137
2024.06.20,000025.SZ,0.20693968633086499
2024.06.20,000012.SZ,0.02169289374057434
2024.06.20,600001.SH,0.05545053744888939
2024.06.20,000009.SZ,0.22490263742191538
2024.06.20,000040.SZ,0.05858686710171601
2024.06.20,600009.SH,0.0465080217991865
2024.06.20,000033.SZ,0.18441108254490204
2024.06.20,600044.SH,0.01647676895231438
2024.06.20,600027.SH,0.020418562848612716
2024.06.20,600040.SH,0.02049401125342203
2024.06.20,600049.SH,0.03833116291122281
2024.06.20,600006.SH,0.03884453717830463
2024.06.20,600036.SH,0.06347531471047173
2024.06.20,600042.SH,0.23757289438696783
2024.06.20,000031.SZ,0.007766928153796502
2024.06.20,600032.SH,0.01576312075922312
2024.06.20,000014.SZ,0.14249241953960612
2024.06.20,000020.SZ,0.037500162465871074
2024.06.20,000028.SZ,0.08873981148534103
2024.06.20,600045.SH,0.019460220655739945
2024.06.20,000002.SZ,0.12878884686497916
2024.06.20,000016.SZ,0.4165992167331323
2024.06.20,600000.SH,0.027762889937162433
2024.06.20,000043.SZ,0.15852586850031952
2024.06.20,600037.SH,0.06729111924126507
2024.06.20,000024.SZ,0.2626111913265207
2024.06.20,000023.SZ,0.10564425294527954
2024.06.20,600041.SH,0.06302088543224099
2024.06.20,000039.SZ,0.05072944892779647
2024.06.20,000018.SZ,0.2625823361295184
2024.06.20,600024.SH,0.05243615480041608
2024.06.20,000044.SZ,0.01167559020510739
2024.06.20,600014.SH,0.006461249059559584
2024.06.20,000036.SZ,0.11066850709855144
2024.06.20,000006.SZ,0.02807261067376176
2024.06.20,600013.SH,0.03406776232571122
2024.06.20,000041.SZ,0.10310184414904791
2024.06.20,000034.SZ,0.5516550789592427
2024.06.20,600021.SH,0.24903425645726074
2024.06.20,600008.SH,0.20649934261883862
2024.06.20,600035.SH,0.04930249682916086
2024.06.20,600031.SH,0.37947622036134504
2024.06.20,600019.SH,0.022753704202446882
2024.06.20,000019.SZ,0.06389080752066867
2024.06.20,600029.SH,0.0009711016638344472
2024.06.20,000007.SZ,0.06399546089254704
2024.06.20,600018.SH,0.008952403259168925
2024.06.20,600002.SH,0.56740125064522
2024.06.20,000022.SZ,0.0807518046820903
2024.06.20,600011.SH,0.2075037561027244
2024.06.20,600046.SH,0.03235993539624317
2024.06.20,600033.SH,0.002525004495817373
2024.06.20,600039.SH,0.03130692213888516
2024.06.20,000029.SZ,0.002005433538502751
2024.06.20,000030.SZ,0.0013741095039980652
2024.06.20,000045.SZ,0.04679092930460408
2024.06.20,000032.SZ,0.09938480969463674
2024.06.20,000008.SZ,0.1194387088742052
2024.06.20,600022.SH,0.12870334647648934
2024.06.20,000015.SZ,0.04145721843304724
2024.06.20,600005.SH,0.19722078063558093
2024.06.20,000003.SZ,0.11629759172795183
2024.06.20,000005.SZ,0.024312626982608557
2024.06.20,600023.SH,0.003580663467153456
2024.06.20,000038.SZ,0.01720330811165755
2024.06.20,600004.SH,0.044982697686907484
2024.06.20,600025.SH,0.2285700393856428
2024.06.20,600016.SH,0.021156111248712202
2024.06.20,600038.SH,0.1848698301730281
2024.06.20,000050.SZ,0.036305420881415716
2024.06.20,600034.SH,0.1733074046700924
2024.06.20,000027.SZ,0.31366384360452837
2024.06.20,000026.SZ,0.09284160891321057
2024.06.20,000021.SZ,0.12417144506588304
2024.06.20,600020.SH,0.16260850157672932
2024.06.20,000004.SZ,0.04210251463181017
2024.06.20,000013.SZ,0.01144010334479886
2024.06.20,000017.SZ,0.008412879240659522
2024.06.20,000010.SZ,0.09201662487423697
2024.06.20,600028.SH,0.19744785992386604
2024.06.20,600012.SH,0.0017713249039083587
2024.06.20,000048.SZ,0.009233699988575669
2024.06.20,000037.SZ,0.02017281420460924
2024.06.20,000047.SZ,0.48701139748039296
2024.06.20,600047.SH,0.11834939056445853
2024.06.20,000049.SZ,0.05497115249345075
2024.06.20,600007.SH,0.15982959639209962
2024.06.20,600003.SH,0.047700123445741954
2024.06.20,000046.SZ,0.04501192280366601
2024.06.20,600017.SH,0.06375888011433763
2024.06.21,600013.SH,0.3493999212599169
2024.06.21,600017.SH,0.02128383834934313
2024.06.21,600040.SH,0.08552535857794147
2024.06.21,600049.SH,0.0520901559710607
2024.06.21,000004.SZ,0.21565005624104128
2024.06.21,000021.SZ,0.020977710754566996
2024.06.21,600016.SH,0.24207250195245542
2024.06.21,000005.SZ,0.06282703392096646
2024.06.21,000018.SZ,0.36635097681231515
2024.06.21,600002.SH,0.11309104846368881
2024.06.21,600011.SH,0.11281625168879154
2024.06.21,000024.SZ,0.0761293275888823
2024.06.21,600014.SH,0.106713362805685
2024.06.21,000045.SZ,0.10392236525427952
2024.06.21,000023.SZ,0.1897468198372874
2024.06.21,600030.SH,0.07115085444439785
2024.06.21,000025.SZ,0.08196207896700718
2024.06.21,600032.SH,0.09713634750371035
2024.06.21,000050.SZ,0.0858539110247968
2024.06.21,600006.SH,0.13054739697315856
2024.06.21,600008.SH,0.021353070725641007
2024.06.21,600024.SH,0.16267442145233385
2024.06.21,600029.SH,0.37234505063775053
2024.06.21,000041.SZ,0.00047923619468549675
2024.06.21,600019.SH,0.1648628341994369
2024.06.21,600044.SH,0.011013535534452073
2024.06.21,600027.SH,0.20304682033010374
2024.06.21,000029.SZ,0.2304270692233772
2024.06.21,000035.SZ,0.057125577059205485
2024.06.21,600001.SH,0.217409640973786
2024.06.21,000046.SZ,0.047930776010361484
2024.06.21,000007.SZ,0.5569819804654369
2024.06.21,600042.SH,0.08091567853202412
2024.06.21,000010.SZ,0.002669854115296921
2024.06.21,600020.SH,7.317490350404319e-05
2024.06.21,600033.SH,0.040496066797090516
2024.06.21,000028.SZ,0.060692578785330825
2024.06.21,000048.SZ,0.2064974150347554
2024.06.21,600034.SH,0.15472982234038676
2024.06.21,600004.SH,0.20720307388546885
2024.06.21,600045.SH,0.3178037416249786
2024.06.21,600009.SH,0.45124576609005207
2024.06.21,000044.SZ,0.018683045300858216
2024.06.21,600031.SH,0.08104397902912283
2024.06.21,000019.SZ,0.13833254635464226
2024.06.21,600007.SH,0.26917229141530563
2024.06.21,000012.SZ,0.3261223010029835
2024.06.21,000049.SZ,0.02943480571022703
2024.06.21,000027.SZ,0.6304242770646298
2024.06.21,600036.SH,0.059809015108882084
2024.06.21,600022.SH,0.3033572268346813
2024.06.21,000034.SZ,0.06340160792094843
2024.06.21,000022.SZ,0.0031774862182030452
2024.06.21,600028.SH,0.1648093429933195
2024.06.21,600018.SH,0.13878254024011438
2024.06.21,000031.SZ,0.04962416689224808
2024.06.21,000002.SZ,0.041776009191730634
2024.06.21,000016.SZ,0.08763955238053739
2024.06.21,000026.SZ,0.20361726611047143
2024.06.21,000036.SZ,0.06667356937984545
2024.06.21,000038.SZ,0.12358857702442666
2024.06.21,600005.SH,0.5558652999177156
2024.06.21,600025.SH,0.02799286242031558
2024.06.21,000009.SZ,0.05933060841490448
2024.06.21,600026.SH,0.01846712366422504
2024.06.21,000033.SZ,0.07470374233934894
2024.06.21,000008.SZ,0.2730947736019924
2024.06.21,000042.SZ,0.5337651660326566
2024.06.21,000017.SZ,0.09701189681143536
2024.06.21,000039.SZ,0.20124818515173865
2024.06.21,000014.SZ,0.1619619803155583
2024.06.21,000011.SZ,0.1662405998751512
2024.06.21,600047.SH,0.10269054793623968
2024.06.21,600048.SH,0.12019916405903662
2024.06.21,000001.SZ,0.01805724342839413
2024.06.21,000047.SZ,0.027356078185629008
2024.06.21,600041.SH,0.001973610528053202
2024.06.21,600043.SH,0.01730429609625591
2024.06.21,600021.SH,0.11236331025218615
2024.06.21,600000.SH,0.030309400495172542
2024.06.21,600038.SH,0.09311107473370533
2024.06.21,000032.SZ,0.006659841158021929
2024.06.21,600015.SH,0.055786763200189986
2024.06.21,000037.SZ,0.23104113114016878
2024.06.21,000043.SZ,0.1506741773532701
2024.06.21,000003.SZ,0.19825756445920314
2024.06.21,600010.SH,0.08882254550294698
2024.06.21,000015.SZ,0.10080216334448314
2024.06.21,600012.SH,0.14038132582296334
2024.06.21,000020.SZ,0.06616410729954615
2024.06.21,000006.SZ,0.007367120761554241
2024.06.21,000030.SZ,0.2495908973537167
2024.06.21,600037.SH,0.18452278268587696
2024.06.21,600035.SH,0.21714994018574788
2024.06.21,600003.SH,0.012172636082804634
2024.06.21,600046.SH,0.07923725295232346
2024.06.24,000002.SZ,0.018379073754804607
2024.06.24,600037.SH,0.06170172190289799
2024.06.24,000006.SZ,0.07339128871306885
2024.06.24,000040.SZ,0.0063187025389599945
2024.06.24,600040.SH,0.17897021950233716
2024.06.24,000028.SZ,0.010418454283712417
2024.06.24,000037.SZ,0.04353824510867596
2024.06.24,600047.SH,0.11954154100832251
2024.06.24,000027.SZ,0.052298565477575505
2024.06.24,600018.SH,0.07498826898221626
2024.06.24,000003.SZ,0.6937060847146509
2024.06.24,000025.SZ,0.05632834856559672
2024.06.24,600014.SH,0.14128764974767438
2024.06.24,600005.SH,0.19029843688716996
2024.06.24,000024.SZ,0.08052066949411245
2024.06.24,600010.SH,0.25397932449699534
2024.06.24,600009.SH,0.2990287605288177
2024.06.24,000035.SZ,0.07546702209098531
2024.06.24,000041.SZ,0.14250299496665733
2024.06.24,600043.SH,0.02059552358389999
2024.06.24,600020.SH,0.26715305109837056
2024.06.24,600013.SH,0.11464638767421936
2024.06.24,600015.SH,0.05459558625670058
2024.06.24,000047.SZ,0.06363988097423366
2024.06.24,600008.SH,0.06984057042525633
2024.06.24,600026.SH,0.05729509835889428
2024.06.24,000034.SZ,0.06371321885022517
2024.06.24,000039.SZ,0.03205582817855795
2024.06.24,000004.SZ,0.09245599951569428
2024.06.24,600035.SH,0.022892390206914148
2024.06.24,600011.SH,0.2903389839641749
2024.06.24,600028.SH,0.1492885147974107
2024.06.24,000015.SZ,0.09905624964131719
2024.06.24,000019.SZ,0.3182449987774846
2024.06.24,600030.SH,0.006921302032381403
2024.06.24,000030.SZ,0.06899741298371528
2024.06.24,600021.SH,0.299653512636313
2024.06.24,000046.SZ,0.08015421003648529
2024.06.24,600036.SH,0.10474191099498921
2024.06.24,000020.SZ,0.008425605729216938
2024.06.24,000042.SZ,0.051971668483854566
2024.06.24,600027.SH,0.011178130021706567
2024.06.24,600039.SH,0.4015309684221772
2024.06.24,600000.SH,0.15661294173767754
2024.06.24,600022.SH,0.10024631801367266
2024.06.24,600031.SH,0.3493989724702216
2024.06.24,600025.SH,0.05573790908499261
2024.06.24,000013.SZ,0.16903531905016397
2024.06.24,600029.SH,0.029950381480956408
2024.06.24,000043.SZ,0.04077380336497731
2024.06.24,000012.SZ,0.024769642710253673
2024.06.24,000029.SZ,0.27212589879708665
2024.06.24,600006.SH,0.2531019154246288
2024.06.24,600023.SH,0.00890930761727271
2024.06.24,000045.SZ,0.19522960253133156
2024.06.24,600004.SH,0.10696380974157098
2024.06.24,600049.SH,0.05776170115294431
2024.06.24,000011.SZ,0.0730466381258685
2024.06.24,000021.SZ,0.2926962149108847
2024.06.24,000017.SZ,0.1399795182692592
2024.06.24,600033.SH,0.05784441237700182
2024.06.24,600044.SH,0.05750908157006099
2024.06.24,000026.SZ,0.026406881002358776
2024.06.24,600019.SH,0.10205520170441856
2024.06.24,600003.SH,0.030765993231275733
2024.06.24,000038.SZ,0.23245410836225866
2024.06.24,600048.SH,0.06592040784599347
2024.06.24,600042.SH,0.14920020358955505
2024.06.24,600017.SH,0.3894569421157008
2024.06.24,600007.SH,0.099125248982454
2024.06.24,600002.SH,0.007389780841279799
2024.06.24,600034.SH,0.06892049394532317
2024.06.24,000008.SZ,0.16457199971142697
2024.06.24,000048.SZ,0.6094491463456955
2024.06.24,000007.SZ,0.15214437353554985
2024.06.24,600024.SH,0.09624824388274657
2024.06.24,600001.SH,0.4826734447903547
2024.06.24,600032.SH,0.04627912029196523
2024.06.24,000022.SZ,0.04054334667868978
2024.06.24,000001.SZ,0.052336335217110924
2024.06.24,000044.SZ,0.042602974175118796
2024.06.24,000018.SZ,0.07110970474491422
2024.06.24,000049.SZ,0.09095509893705217
2024.06.24,000023.SZ,0.018517048195938555
2024.06.24,000050.SZ,0.21154177223327883
2024.06.24,600012.SH,0.1475283730953351
2024.06.24,000032.SZ,0.15371369243603358
2024.06.24,600045.SH,0.20194961895911745
2024.06.24,000009.SZ,0.208903774057341
2024.06.24,600041.SH,0.08502562142317618
2024.06.24,000014.SZ,0.2144752915924184
2024.06.24,000031.SZ,0.03434101738462942
2024.06.24,600038.SH,0.6392986641334546
2024.06.24,000033.SZ,0.212489036788709
2024.06.24,000036.SZ,0.01708578354281625
2024.06.24,000016.SZ,0.025747269367116854
2024.06.24,600016.SH,0.1277920652556978
2024.06.25,000011.SZ,0.02461404145803868
2024.06.25,000018.SZ,0.23075461169361045
2024.06.25,000010.SZ,0.13526923115536096
2024.06.25,600043.SH,0.007672470885927798
2024.06.25,600049.SH,0.2313469385372418
2024.06.25,600029.SH,0.358837718082
2024.06.25,600014.SH,0.011710221869422062
2024.06.25,000027.SZ,0.060739376316027875
2024.06.25,000004.SZ,0.04447031603439024
2024.06.25,600009.SH,0.03984857838809277
2024.06.25,600004.SH,0.10379449941830017
2024.06.25,600008.SH,0.305266616532395
2024.06.25,600037.SH,0.23968165924892543
2024.06.25,600046.SH,0.03888365669148537
2024.06.25,600031.SH,0.24755613531072218
2024.06.25,600028.SH,0.015831510806625083
2024.06.25,000015.SZ,0.3669255155210384
2024.06.25,600024.SH,0.09228912923377836
2024.06.25,000034.SZ,0.26823271314367875
2024.06.25,000005.SZ,0.1393321749643276
2024.06.25,000001.SZ,0.11246052673984192
2024.06.25,000043.SZ,0.35455561473444147
2024.06.25,600027.SH,0.07428648735294867
2024.06.25,600001.SH,0.2159816100671842
2024.06.25,000003.SZ,0.047611022183717426
2024.06.25,000030.SZ,0.13950969834747995
2024.06.25,600039.SH,0.11015703477640666
2024.06.25,000045.SZ,0.007455958843452352
2024.06.25,000036.SZ,0.0721092697437529
2024.06.25,600030.SH,0.06205961775921476
2024.06.25,600006.SH,0.052736914163049466
2024.06.25,000041.SZ,0.17168867679771363
2024.06.25,600005.SH,0.06492016703383754
2024.06.25,600045.SH,0.006679875988155204
2024.06.25,600017.SH,0.12433641451395902
2024.06.25,600002.SH,0.2411227299433028
2024.06.25,600023.SH,0.02637815285214599
2024.06.25,000020.SZ,0.07782591629344414
2024.06.25,600020.SH,0.08328328912750993
2024.06.25,600022.SH,0.028658180184511654
2024.06.25,600000.SH,0.19488755629923962
2024.06.25,600015.SH,0.03397056076076085
2024.06.25,600019.SH,0.13779141514649904
2024.06.25,000032.SZ,0.03112774575335211
2024.06.25,600040.SH,0.1229184468150374
2024.06.25,000028.SZ,0.17514889927546176
2024.06.25,000017.SZ,0.19050433684856816
2024.06.25,600016.SH,0.07619437358184943
2024.06.25,600048.SH,0.02343003327788505
2024.06.25,000016.SZ,0.08063165845995993
2024.06.25,000007.SZ,0.32235775525038585
2024.06.25,000033.SZ,0.2062852315105717
2024.06.25,000039.SZ,0.07326303032752278
2024.06.25,000013.SZ,0.10244159825698802
2024.06.25,600047.SH,0.06977138244198211
2024.06.25,000024.SZ,0.0028975599813573115
2024.06.25,600007.SH,0.4430534414779128
2024.06.25,000008.SZ,0.11747264195558627
2024.06.25,600018.SH,0.10312847848183557
2024.06.25,000038.SZ,0.09202132534208277
2024.06.25,600032.SH,0.11072552568381017
2024.06.25,000006.SZ,0.15380027045334677
2024.06.25,000025.SZ,0.047349909184150774
2024.06.25,600021.SH,0.03739738421145136
2024.06.25,000047.SZ,0.12560269465774612
2024.06.25,600035.SH,0.1825578830931087
2024.06.25,000002.SZ,0.006877087815170047
2024.06.25,000012.SZ,0.06406996040902113
2024.06.25,000023.SZ,0.07921925298918447
2024.06.25,600025.SH,0.3490975045642254
2024.06.25,000019.SZ,0.13923806429410096
2024.06.25,600012.SH,0.07402569324864668
2024.06.25,600041.SH,0.28206733649826604
2024.06.25,000042.SZ,0.36997730256738154
2024.06.25,600038.SH,0.027626943384655635
2024.06.25,600036.SH,0.05551381535167072
2024.06.25,000035.SZ,0.04887698923753496
2024.06.25,000046.SZ,0.008911806674248035
2024.06.25,600011.SH,0.11340684173183514
2024.06.25,000029.SZ,0.10076012631455561
2024.06.25,000031.SZ,0.015759932401442894
2024.06.25,600010.SH,0.786070301408112
2024.06.25,000050.SZ,0.174000529648472
2024.06.25,000037.SZ,0.008247763073629719
2024.06.25,600003.SH,0.045669152065751624
2024.06.25,000044.SZ,0.28305150059380924
2024.06.25,000048.SZ,0.06182647408617987
2024.06.25,000014.SZ,0.004650641595104209
2024.06.25,000009.SZ,0.02529560998067671
2024.06.25,000049.SZ,0.1975560761148029
2024.06.25,000022.SZ,0.046315839567313694
2024.06.25,600013.SH,0.10746209259989527
2024.06.25,000040.SZ,0.034306698095226566
2024.06.25,600034.SH,0.06496804007862123
2024.06.25,000026.SZ,0.12962924113575336
2024.06.25,600033.SH,0.17596310170397017
2024.06.25,600026.SH,0.1945895760598338
2024.06.26,600039.SH,0.2957170067095819
2024.06.26,600018.SH,0.06708883432019248
2024.06.26,000050.SZ,0.5150975696612291
2024.06.26,000032.SZ,0.14107530854324038
2024.06.26,000047.SZ,0.06363078014349594
2024.06.26,600043.SH,0.29370897046947453
2024.06.26,000001.SZ,0.2556931391751795
2024.06.26,600036.SH,0.2066240060171567
2024.06.26,600015.SH,0.014218915203472893
2024.06.26,000018.SZ,0.03161149855439299
2024.06.26,000013.SZ,0.1693823629892431
2024.06.26,000002.SZ,0.4089452846115837
2024.06.26,000010.SZ,0.14405534338224976
2024.06.26,600045.SH,0.06941298367148088
2024.06.26,000026.SZ,0.20325752202021072
2024.06.26,600021.SH,0.006333104051580392
2024.06.26,000040.SZ,0.12484624327422672
2024.06.26,600048.SH,0.01858083597476623
2024.06.26,600042.SH,0.04572990337803746
2024.06.26,600016.SH,0.04867536952109999
2024.06.26,600026.SH,0.028237192424727983
2024.06.26,600044.SH,0.33979744921991023
2024.06.26,000023.SZ,0.10403033648563022
2024.06.26,000044.SZ,0.39509383452686075
2024.06.26,600022.SH,0.2947625450943736
2024.06.26,000036.SZ,0.17141219451799686
2024.06.26,600023.SH,0.2821435302836671
2024.06.26,000016.SZ,0.06879403968115295
2024.06.26,600005.SH,0.014446034676487156
2024.06.26,600010.SH,0.09576956664401508
2024.06.26,000039.SZ,0.06233544348418142
2024.06.26,600035.SH,0.31995624664581485
2024.06.26,600017.SH,0.11584214460440645
2024.06.26,000033.SZ,0.10976670923074368
2024.06.26,000008.SZ,0.14454870707370784
2024.06.26,600024.SH,0.00821928540780765
2024.06.26,000022.SZ,0.09631803072794333
2024.06.26,600047.SH,0.08508852622014514
2024.06.26,600025.SH,0.004828787498305959
2024.06.26,000030.SZ,0.0502998310956792
2024.06.26,600034.SH,0.1883277228538669
2024.06.26,600002.SH,0.06490320217721901
2024.06.26,000011.SZ,0.0814517273915181
2024.06.26,000027.SZ,0.026326415652282557
2024.06.26,600032.SH,0.005466489114482334
2024.06.26,000048.SZ,0.008120020320773514
2024.06.26,000038.SZ,0.11211540318014833
2024.06.26,000041.SZ,0.016334944246944202
2024.06.26,000031.SZ,0.17726315022259478
2024.06.26,000045.SZ,0.27208733493596055
2024.06.26,000009.SZ,0.09277832613331029
2024.06.26,000035.SZ,0.08956494646733759
2024.06.26,000042.SZ,0.011193309363513995
2024.06.26,600030.SH,0.19908941605703576
2024.06.26,000024.SZ,0.025114064831005267
2024.06.26,000007.SZ,0.07261609253198958
2024.06.26,600000.SH,0.032014477830542724
2024.06.26,000034.SZ,0.014735599115768314
2024.06.26,000015.SZ,0.29547241407959574
2024.06.26,000037.SZ,0.1928263362086313
2024.06.26,000014.SZ,0.009300897303850501
2024.06.26,600008.SH,0.10249964360493671
2024.06.26,600029.SH,0.02405579701156278
2024.06.26,000021.SZ,0.011262252791477289
2024.06.26,600049.SH,0.005310139866586596
2024.06.26,000049.SZ,0.05310088689392655
2024.06.26,600040.SH,0.21853285120781527
2024.06.26,600020.SH,0.2540214556730752
2024.06.26,000025.SZ,0.2698943698918732
2024.06.26,600037.SH,0.09661819313859102
2024.06.26,000003.SZ,0.14184519729492573
2024.06.26,000004.SZ,0.012639728146326159
2024.06.26,000029.SZ,0.07146121616657457
2024.06.26,000020.SZ,0.10913145146230242
2024.06.26,000019.SZ,0.010431546181185634
2024.06.26,600019.SH,0.0888278037518392
2024.06.26,600009.SH,0.3929704122968534
2024.06.26,600012.SH,0.10413110637749019
2024.06.26,600004.SH,0.21482731885057868
2024.06.26,000017.SZ,0.02831252549771651
2024.06.26,600028.SH,0.07980680186640768
2024.06.26,600038.SH,0.09197814173311995
2024.06.26,000005.SZ,0.014218482584635895
2024.06.26,000046.SZ,0.15342874859941869
2024.06.26,000043.SZ,0.21078541784598004
2024.06.26,600014.SH,0.08350290494848947
2024.06.26,600046.SH,0.016752104256326672
2024.06.26,000006.SZ,0.04262886769375428
2024.06.26,600001.SH,0.047174520323047454
2024.06.26,600027.SH,0.12448106465540454
2024.06.26,600006.SH,0.01272573080060248
2024.06.26,600033.SH,0.05171855228015423
2024.06.26,600011.SH,0.05270140729232798
2024.06.26,600003.SH,0.017860805624324693
2024.06.26,600041.SH,0.002858265377711324
2024.06.26,600007.SH,0.22259635429804783
2024.06.27,000032.SZ,0.029193133495904224
2024.06.27,000005.SZ,0.264649206805297
2024.06.27,600017.SH,0.3283608917040488
2024.06.27,000050.SZ,0.04161345872701884
2024.06.27,000015.SZ,0.07512683442343288
2024.06.27,600044.SH,0.0028342408621544334
2024.06.27,000004.SZ,0.03762144550877725
2024.06.27,600019.SH,0.0894529404109546
2024.06.27,600037.SH,0.028977578579984523
2024.06.27,600015.SH,0.05398421201923108
2024.06.27,600023.SH,0.18087214287739428
2024.06.27,600049.SH,0.0135806952653881
2024.06.27,000041.SZ,0.4453704387093192
2024.06.27,600041.SH,0.24036545252684252
2024.06.27,000016.SZ,0.002762411051923242
2024.06.27,000010.SZ,0.27994400859123897
2024.06.27,000013.SZ,0.04053926467680663
2024.06.27,000028.SZ,0.10112293396800547
2024.06.27,600047.SH,0.192728158591956
2024.06.27,600021.SH,0.03513165883521508
2024.06.27,000025.SZ,0.0896946679836302
2024.06.27,000048.SZ,0.1771433638468732
2024.06.27,000030.SZ,0.02134469722629154
2024.06.27,000029.SZ,0.15962377922529603
2024.06.27,000024.SZ,0.02973650668120918
2024.06.27,000027.SZ,0.010338153903078396
2024.06.27,000021.SZ,0.26766363941989546
2024.06.27,000017.SZ,0.029966819063068015
2024.06.27,000049.SZ,0.015291742499645981
2024.06.27,600025.SH,0.004048399440048454
2024.06.27,600024.SH,0.509570596008919
2024.06.27,000035.SZ,0.030301833583525603
2024.06.27,600004.SH,0.1171766887905755
2024.06.27,600033.SH,0.15144936721141297
2024.06.27,000034.SZ,0.11501052730765249
2024.06.27,600003.SH,0.03347903419843664
2024.06.27,600009.SH,0.02115437858038405
2024.06.27,000022.SZ,0.08270347506149464
2024.06.27,000011.SZ,0.09400559878860548
2024.06.27,000040.SZ,0.3069399445459113
2024.06.27,000008.SZ,6.666352210538415e-05
2024.06.27,000006.SZ,0.006595502526845124
2024.06.27,600012.SH,0.06271600853261781
2024.06.27,000023.SZ,0.09602244137433824
2024.06.27,600008.SH,0.16035991397528324
2024.06.27,600018.SH,0.07604869077259534
2024.06.27,600000.SH,0.16250640688131304
2024.06.27,000039.SZ,0.021035206833974005
2024.06.27,000003.SZ,0.007725012054038726
2024.06.27,000037.SZ,0.037152968103075716
2024.06.27,600028.SH,0.23840917969537503
2024.06.27,600046.SH,0.01283360284847799
2024.06.27,600042.SH,0.2112383753691495
2024.06.27,000020.SZ,0.17989749372488592
2024.06.27,600032.SH,0.12758999200021015
2024.06.27,000007.SZ,0.005863704309419792
2024.06.27,600020.SH,0.1328919398866721
2024.06.27,000033.SZ,0.028657735754240268
2024.06.27,600026.SH,0.07465299632310968
2024.06.27,000038.SZ,0.08466298203320949
2024.06.27,600011.SH,0.012984497011042368
2024.06.27,000045.SZ,0.6844796453965075
2024.06.27,600048.SH,0.14388827128885892
2024.06.27,600043.SH,0.017166599209548387
2024.06.27,600036.SH,0.02933283659730029
2024.06.27,600006.SH,0.20440598788070688
2024.06.27,600038.SH,0.44330335394855264
2024.06.27,600016.SH,0.1257145494418107
2024.06.27,000047.SZ,0.09459772679018798
2024.06.27,600034.SH,0.012474697658405559
2024.06.27,000043.SZ,0.06014534179367822
2024.06.27,600007.SH,0.09467116780086067
2024.06.27,000031.SZ,0.07028021494128146
2024.06.27,600013.SH,0.19901782434506682
2024.06.27,600045.SH,0.06548279521596415
2024.06.27,600002.SH,0.3769996573723089
2024.06.27,000014.SZ,0.105085048373097
2024.06.27,000012.SZ,0.08175229514704385
2024.06.27,600040.SH,0.004694412479348344
2024.06.27,000042.SZ,0.1395486247844477
2024.06.27,000009.SZ,0.09355983981791942
2024.06.27,600030.SH,0.14659379006823248
2024.06.27,600039.SH,0.0878900323077928
2024.06.27,600031.SH,0.2276886197065403
2024.06.27,000019.SZ,0.006819351139948062
2024.06.27,000018.SZ,0.12249168849450981
2024.06.27,600014.SH,0.1700206977330287
2024.06.27,600005.SH,0.04193958821850222
2024.06.27,600035.SH,0.009885858588623076
2024.06.27,600027.SH,0.2827560810043075
2024.06.27,000001.SZ,0.06829457762102036
2024.06.27,000044.SZ,0.2525623586772956
2024.06.27,600022.SH,0.0663995723369876
2024.06.27,000046.SZ,0.06562584791470413
2024.06.27,000002.SZ,0.17154425313750776
2024.06.27,600029.SH,0.05679891013849226
2024.06.28,600040.SH,0.012334096743659406
2024.06.28,000050.SZ,0.2673549271570937
2024.06.28,600029.SH,0.06032963815418561
2024.06.28,000021.SZ,0.07998758912419446
2024.06.28,000002.SZ,0.0808867821501479
2024.06.28,600016.SH,0.10009506024775774
2024.06.28,000041.SZ,0.23604695198066325
2024.06.28,600049.SH,0.031686768685280135
2024.06.28,000017.SZ,0.032987013812294616
2024.06.28,600027.SH,0.25300071296388715
2024.06.28,000046.SZ,0.15176726244951338
2024.06.28,600042.SH,0.0519779409709032
2024.06.28,600017.SH,0.07099320085293198
2024.06.28,600019.SH,0.28274185412181635
2024.06.28,600030.SH,0.06802218369188297
2024.06.28,000031.SZ,0.15251680585846966
2024.06.28,600014.SH,0.222464242486856
2024.06.28,600007.SH,0.06885752823376726
2024.06.28,000026.SZ,0.349999968557455
2024.06.28,600031.SH,0.06663426538438248
2024.06.28,000004.SZ,0.3179416580565803
2024.06.28,600020.SH,0.03213485186798781
2024.06.28,600002.SH,0.04028557760745257
2024.06.28,600041.SH,0.1190521311603528
2024.06.28,600046.SH,0.5209758902800283
2024.06.28,600013.SH,0.006101154187563824
2024.06.28,000042.SZ,0.07218655232008923
2024.06.28,000009.SZ,0.01899929869233527
2024.06.28,000034.SZ,0.1275472266198462
2024.06.28,000029.SZ,0.2692641068029932
2024.06.28,600024.SH,0.21164506280872114
2024.06.28,000019.SZ,0.1267642634285103
2024.06.28,600022.SH,0.1683542073427068
2024.06.28,600032.SH,0.0360529546534117
2024.06.28,000032.SZ,0.37072525828990366
2024.06.28,600001.SH,0.016669851827038288
2024.06.28,000024.SZ,0.1231078058624546
2024.06.28,600028.SH,0.05931067522462897
2024.06.28,000020.SZ,0.26301142305584935
2024.06.28,600025.SH,0.4809750549087986
2024.06.28,000025.SZ,0.016225974071350183
2024.06.28,600004.SH,0.07150424868945218
2024.06.28,600003.SH,0.005932048090107569
2024.06.28,600043.SH,0.014285007739022002
2024.06.28,000045.SZ,0.00706262292885172
2024.06.28,600015.SH,0.284932028180511
2024.06.28,600044.SH,0.02578033519683306
2024.06.28,600023.SH,0.14092859440559943
2024.06.28,600045.SH,0.1509466812752742
2024.06.28,000027.SZ,0.07857646422126281
2024.06.28,000011.SZ,0.305056854146924
2024.06.28,600048.SH,0.0070694807593597465
2024.06.28,600011.SH,0.21891582812513746
2024.06.28,000038.SZ,0.07215190688597178
2024.06.28,000012.SZ,0.19854209729131625
2024.06.28,000033.SZ,0.20694430580618164
2024.06.28,000008.SZ,0.004576194427550253
2024.06.28,600006.SH,0.12248243428589535
2024.06.28,000007.SZ,0.017227482319965726
2024.06.28,000022.SZ,0.027349975080838435
2024.06.28,000048.SZ,0.08983545620690114
2024.06.28,000037.SZ,0.038883784512920135
2024.06.28,000018.SZ,0.03228368103277773
2024.06.28,600026.SH,0.03045559255561196
2024.06.28,600018.SH,0.023667339344831756
2024.06.28,600033.SH,0.2345112765009098
2024.06.28,000010.SZ,0.0989964611811608
2024.06.28,600047.SH,0.3272058872179325
2024.06.28,600008.SH,0.031894004408047905
2024.06.28,600036.SH,0.0665288617950518
2024.06.28,600035.SH,0.08647516684701667
2024.06.28,000030.SZ,0.09975357072095865
2024.06.28,000049.SZ,0.0020102351688374097
2024.06.28,000043.SZ,0.16880158603559947
2024.06.28,000016.SZ,0.025161066001258288
2024.06.28,000023.SZ,0.028507493019708466
2024.06.28,600012.SH,0.12041978196989267
2024.06.28,000015.SZ,0.15309960743286852
2024.06.28,600034.SH,0.24698646755693662
2024.06.28,600038.SH,0.027519042692974213
2024.06.28,000047.SZ,0.1557994441430509
2024.06.28,600010.SH,0.029866896943485925
2024.06.28,600000.SH,0.07593530953890652
2024.06.28,000001.SZ,0.07238528059185954
2024.06.28,600021.SH,0.050042247417033905
2024.06.28,000035.SZ,0.02721085109232085
2024.06.28,600005.SH,0.219891502634459
2024.06.28,000040.SZ,0.21396411707021964
2024.06.28,000028.SZ,0.19087894630072325
2024.06.28,000039.SZ,0.06216365454891826
2024.06.28,000013.SZ,0.08179780672471688
2024.06.28,600037.SH,0.40177758237686817
2024.06.28,600039.SH,0.045300012930191196
2024.06.28,000006.SZ,0.20227437916778404
2024.06.28,000003.SZ,0.08906758256419745
2024.06.28,000036.SZ,0.01616790678442034
2024.06.28,000005.SZ,0.05488214457862285
2024.06.28,000044.SZ,0.08912666935124888
2024.07.01,600000.SH,0.0034888191184649993
2024.07.01,600023.SH,0.00608603018081479
2024.07.01,600004.SH,0.20552785697267204
2024.07.01,000043.SZ,0.17217710369992054
2024.07.01,600006.SH,0.11367021490800916
2024.07.01,600025.SH,0.03088396240982193
2024.07.01,600045.SH,0.018962697136073507
2024.07.01,000029.SZ,0.03505275023984585
2024.07.01,600030.SH,0.1483442418520894
2024.07.01,600015.SH,0.05630747477749168
2024.07.01,600027.SH,0.05293790745950788
2024.07.01,600036.SH,0.09369382203484723
2024.07.01,600022.SH,0.09377784696716376
2024.07.01,600038.SH,0.1265740416219598
2024.07.01,000006.SZ,0.15609006122270672
2024.07.01,000044.SZ,0.35238946848442343
2024.07.01,000034.SZ,0.02346606331066684
2024.07.01,600010.SH,0.0687220428144014
2024.07.01,000033.SZ,0.03362479392153116
2024.07.01,000032.SZ,0.13173116509369556
2024.07.01,000004.SZ,0.050086561392899964
2024.07.01,600029.SH,0.1592052770630259
2024.07.01,000005.SZ,0.19099341582492338
2024.07.01,000020.SZ,0.011160572439650837
2024.07.01,600047.SH,0.1979132068877052
2024.07.01,000028.SZ,0.04048546681668007
2024.07.01,000023.SZ,0.033267789914985836
2024.07.01,600032.SH,0.05830639283469788
2024.07.01,600039.SH,0.06522820937475149
2024.07.01,000021.SZ,0.03431910542732215
2024.07.01,600009.SH,0.0008725781088697779
2024.07.01,600008.SH,0.04503757482085983
2024.07.01,000042.SZ,0.23652635528999055
2024.07.01,600021.SH,0.006515585855773951
2024.07.01,000017.SZ,0.036944231813969323
2024.07.01,000022.SZ,0.12573115684410727
2024.07.01,600003.SH,0.025050879945615192
2024.07.01,600005.SH,0.022392120263555495
2024.07.01,600020.SH,0.03156836242469479
2024.07.01,600016.SH,0.096665299210725
2024.07.01,000018.SZ,0.12508862917723068
2024.07.01,600049.SH,0.2287574063017641
2024.07.01,600048.SH,0.0809771190376881
2024.07.01,000013.SZ,0.1510857443837311
2024.07.01,600037.SH,0.1929255200713801
2024.07.01,000035.SZ,0.0036872423423609467
2024.07.01,000010.SZ,0.03098227012042633
2024.07.01,600043.SH,0.025819365581290124
2024.07.01,600012.SH,0.09416319317451004
2024.07.01,000038.SZ,0.06517288775666918
2024.07.01,000045.SZ,0.06957441616901915
2024.07.01,600035.SH,0.026816942159359876
2024.07.01,600041.SH,0.10279875063643329
2024.07.01,000001.SZ,0.32920785012610565
2024.07.01,600018.SH,0.139299968738137
2024.07.01,000002.SZ,0.10899604864283864
2024.07.01,600026.SH,0.059180943906153506
2024.07.01,000015.SZ,0.20405490699364845
2024.07.01,000036.SZ,0.06739731197851904
2024.07.01,000037.SZ,0.16569303721817094
2024.07.01,600007.SH,0.3385330020995212
2024.07.01,000012.SZ,0.05284367628503441
2024.07.01,000011.SZ,0.041862162748438125
2024.07.01,600011.SH,0.24544826984404272
2024.07.01,600046.SH,0.4788153543973922
2024.07.01,600017.SH,0.006326522329091098
2024.07.01,000050.SZ,0.19088190602244645
2024.07.01,600033.SH,0.11561261738651836
2024.07.01,000019.SZ,0.0850380926378529
2024.07.01,000048.SZ,0.049589282244177135
2024.07.01,600031.SH,0.1498143601213152
2024.07.01,000039.SZ,0.1324139287819934
2024.07.01,000026.SZ,0.015499136968944791
2024.07.01,000031.SZ,0.17065292205152768
2024.07.01,600013.SH,0.1954693391450264
2024.07.01,000046.SZ,0.15592700681616298
2024.07.01,600042.SH,0.08597297514408042
2024.07.01,600001.SH,0.32291891573918374
2024.07.01,000025.SZ,0.05267873629786996
2024.07.01,600024.SH,0.21494303579350182
2024.07.01,000040.SZ,0.35501808492799586
2024.07.01,000047.SZ,0.08730843908849314
2024.07.01,000003.SZ,0.049527281357209706
2024.07.01,000016.SZ,0.09953783198852476
2024.07.01,600044.SH,0.02021587565841422
2024.07.01,000007.SZ,0.1429760893169792
2024.07.01,600034.SH,0.09805851734393628
2024.07.01,000041.SZ,0.036224153529964415
2024.07.01,000009.SZ,0.11856384882901687
2024.07.01,000030.SZ,0.016107515423762476
2024.07.01,000014.SZ,0.003185324653770398
2024.07.01,600040.SH,0.2434187161711118
2024.07.01,600002.SH,0.004269205379936487
2024.07.01,000024.SZ,0.036438831094591013
2024.07.01,000008.SZ,0.22929021767287242
2024.07.01,000027.SZ,0.32459346389901184
2024.07.01,600014.SH,0.01992230354720768
2024.07.01,000049.SZ,0.019824030314588865
2024.07.02,600044.SH,0.1605222382575984
2024.07.02,000011.SZ,0.01238817820719293
2024.07.02,600036.SH,0.37191670278007805
2024.07.02,600004.SH,0.010589728536314855
2024.07.02,000025.SZ,0.2099959498767286
2024.07.02,000015.SZ,0.005714316244193208
2024.07.02,600037.SH,0.011325462124864384
2024.07.02,000040.SZ,0.062078827587394
2024.07.02,600008.SH,0.03111802771226923
2024.07.02,600034.SH,0.017470566636290128
2024.07.02,000005.SZ,0.01191610883040433
2024.07.02,000016.SZ,0.2711732223739226
2024.07.02,000036.SZ,0.10321809963701851
2024.07.02,000021.SZ,0.06607744853494038
2024.07.02,000019.SZ,0.06535494811237044
2024.07.02,600049.SH,0.20076778652902283
2024.07.02,000001.SZ,0.5989505666718028
2024.07.02,600018.SH,0.1497374626142424
2024.07.02,600011.SH,0.09174111532299513
2024.07.02,000012.SZ,0.10276707289443177
2024.07.02,000041.SZ,0.04713227070721839
2024.07.02,000034.SZ,0.10556981080727126
2024.07.02,000048.SZ,0.12094301746800012
2024.07.02,600032.SH,0.025641264906056047
2024.07.02,000027.SZ,0.09678474924331675
2024.07.02,000028.SZ,0.13868133483693187
2024.07.02,600027.SH,0.19345602270217896
2024.07.02,000035.SZ,0.10940366243842749
2024.07.02,000046.SZ,0.012174767729127367
2024.07.02,600038.SH,0.009265425534146585
2024.07.02,600010.SH,0.018897054148682053
2024.07.02,000018.SZ,0.028917778243972472
2024.07.02,000047.SZ,0.1558124062385135
2024.07.02,000026.SZ,0.12787214793871482
2024.07.02,600043.SH,0.06083827317752325
2024.07.02,600024.SH,0.1372209800865111
2024.07.02,000010.SZ,0.0592328903509001
2024.07.02,600029.SH,0.24938328656785663
2024.07.02,000017.SZ,0.07037233056709044
2024.07.02,600042.SH,0.27929113051482257
2024.07.02,600025.SH,0.06913072972535031
2024.07.02,000042.SZ,0.3043576237261592
2024.07.02,000029.SZ,0.06254282562017092
2024.07.02,000038.SZ,1.6212694214174112e-05
2024.07.02,600028.SH,0.10982505959475347
2024.07.02,000037.SZ,0.0019289832284177248
2024.07.02,000031.SZ,0.033205028933010916
2024.07.02,600020.SH,0.03197607548236811
2024.07.02,000032.SZ,0.12898302536005024
2024.07.02,000039.SZ,0.14673890524547917
2024.07.02,600002.SH,0.10573108216727202
2024.07.02,600016.SH,0.04426932113627848
2024.07.02,600003.SH,0.0718248139848121
2024.07.02,000024.SZ,0.03301373121842208
2024.07.02,000006.SZ,0.3056782319369577
2024.07.02,600012.SH,0.30846500791610815
2024.07.02,000030.SZ,0.020075012975501714
2024.07.02,000044.SZ,0.11365078298001188
2024.07.02,600021.SH,0.11021123768111928
2024.07.02,000020.SZ,0.12014813655721389
2024.07.02,000009.SZ,0.24329708495122493
2024.07.02,000014.SZ,0.09308784577129485
2024.07.02,600045.SH,0.32596588650241565
2024.07.02,600017.SH,0.0019220093937896822
2024.07.02,600039.SH,0.15528015976707304
2024.07.02,600006.SH,0.10725219623716462
2024.07.02,600001.SH,0.040495689211017656
2024.07.02,600022.SH,0.00390873324005247
2024.07.02,600015.SH,0.017686098654837747
2024.07.02,600013.SH,0.019840740812704594
2024.07.02,000050.SZ,0.3442632517330078
2024.07.02,000043.SZ,0.1655253740838027
2024.07.02,600031.SH,0.012829889149171119
2024.07.02,600014.SH,0.031625964363614464
2024.07.02,600007.SH,0.36917068294469585
2024.07.02,000022.SZ,0.06215631176308239
2024.07.02,000002.SZ,0.2736947934110914
2024.07.02,000013.SZ,0.026306368356537047
2024.07.02,000007.SZ,0.043139665972255374
2024.07.02,000033.SZ,0.15016744575236343
2024.07.02,600030.SH,0.05175194818120708
2024.07.02,000004.SZ,0.10732279411557448
2024.07.02,000008.SZ,0.10017156358837971
2024.07.02,600046.SH,0.06383704773429477
2024.07.02,600005.SH,0.10673815926272612
2024.07.02,000049.SZ,0.16443620356965208
2024.07.02,600048.SH,0.08233775731898571
2024.07.02,000045.SZ,0.05533334916232352
2024.07.02,600047.SH,0.24662183352604744
2024.07.02,600023.SH,0.08401856111160548
2024.07.02,600035.SH,0.02176485381107798
2024.07.02,600040.SH,0.16211542326065892
2024.07.02,600009.SH,0.01463679055788141
2024.07.02,000023.SZ,0.006466376534690016
2024.07.02,600033.SH,0.012575509253780955
2024.07.02,600019.SH,0.13526228270717125
2024.07.02,600000.SH,0.3959627969564732
2024.07.03,600036.SH,0.1961000095034098
2024.07.03,000012.SZ,0.3721937314135625
2024.07.03,000002.SZ,0.009185748400048625
2024.07.03,000027.SZ,0.10942612009236524
2024.07.03,000037.SZ,0.14953757740171375
2024.07.03,600033.SH,0.24324865446661179
2024.07.03,600010.SH,0.0317054141901136
2024.07.03,000045.SZ,0.041724366707207236
2024.07.03,600034.SH,0.005630975129923391
2024.07.03,600047.SH,0.10760066453499705
2024.07.03,600038.SH,0.09906811421396523
2024.07.03,000019.SZ,0.13336860472436318
2024.07.03,000011.SZ,0.03494619527460696
2024.07.03,600001.SH,0.10122113376269308
2024.07.03,600005.SH,0.5671127857568136
2024.07.03,600048.SH,0.2992836736750361
2024.07.03,000020.SZ,0.12739244049313642
2024.07.03,000004.SZ,0.11595457137052781
2024.07.03,600020.SH,0.15204921757111092
2024.07.03,600030.SH,0.11684620633977719
2024.07.03,600007.SH,0.4003051542493309
2024.07.03,600022.SH,0.20459601192112753
2024.07.03,000025.SZ,0.18473780282141258
2024.07.03,000047.SZ,0.06624335637124659
2024.07.03,000003.SZ,0.003464530890249038
2024.07.03,000005.SZ,0.026064484328931367
2024.07.03,000015.SZ,0.062231177523631394
2024.07.03,000039.SZ,0.2033270692510979
2024.07.03,600000.SH,0.13566370487157584
2024.07.03,000023.SZ,0.025324346488863215
2024.07.03,000014.SZ,0.12529708955340754
2024.07.03,000016.SZ,0.037784346031387014
2024.07.03,600015.SH,0.0022317022292102882
2024.07.03,600002.SH,0.13350942610868424
2024.07.03,000009.SZ,0.05481205477040138
2024.07.03,000035.SZ,0.02615590451193275
2024.07.03,600028.SH,0.062359740157422856
2024.07.03,000006.SZ,0.03554998462122921
2024.07.03,600014.SH,0.031329312458922134
2024.07.03,600003.SH,0.04299393765334807
2024.07.03,000008.SZ,0.47753465701512376
2024.07.03,600009.SH,0.03155855092687256
2024.07.03,600042.SH,0.08476541092020592
2024.07.03,600023.SH,0.2703809170035624
2024.07.03,600012.SH,0.13141847078565014
2024.07.03,000048.SZ,0.0675369166526777
2024.07.03,000050.SZ,0.15715961633902645
2024.07.03,600045.SH,0.09184439954120882
2024.07.03,000028.SZ,0.018555908355851174
2024.07.03,600031.SH,0.12439106748778518
2024.07.03,600040.SH,0.0928712535661573
2024.07.03,600032.SH,0.41444284496442496
2024.07.03,600029.SH,0.16134041417073114
2024.07.03,600041.SH,0.2642604272043691
2024.07.03,600016.SH,0.11586855994247863
2024.07.03,000031.SZ,0.03497820139940101
2024.07.03,000034.SZ,0.07948641677341363
2024.07.03,000041.SZ,0.0734845893536474
2024.07.03,600013.SH,0.13725649259147757
2024.07.03,000043.SZ,0.11835105074247176
2024.07.03,600008.SH,0.3985057589108209
2024.07.03,000022.SZ,0.08740358604303564
2024.07.03,600037.SH,0.07193898384021064
2024.07.03,000018.SZ,0.07364340787593322
2024.07.03,000033.SZ,0.3119982083775045
2024.07.03,000032.SZ,0.1876585380696099
2024.07.03,000021.SZ,0.009633482941917104
2024.07.03,000007.SZ,0.018156805993654625
2024.07.03,600024.SH,0.26384144424929185
2024.07.03,000042.SZ,0.01420174454073757
2024.07.03,000040.SZ,0.0300543244996974
2024.07.03,600035.SH,0.03228881951312283
2024.07.03,600026.SH,0.06649312303088302
2024.07.03,600039.SH,0.2570416304542376
2024.07.03,000036.SZ,0.06744027080256375
2024.07.03,600017.SH,0.35374656407719973
2024.07.03,000046.SZ,0.14439606971433908
2024.07.03,600049.SH,0.059616891601557864
2024.07.03,600004.SH,0.008529134443190518
2024.07.03,000024.SZ,0.2540530073351073
2024.07.03,000017.SZ,0.12704001361365128
2024.07.03,600011.SH,0.06518203727265344
2024.07.03,000013.SZ,0.1751376002617276
2024.07.03,000030.SZ,0.09450196666130461
2024.07.03,000029.SZ,0.05029485929664611
2024.07.03,600046.SH,0.0010993536182023565
2024.07.03,000049.SZ,0.043281295424163695
2024.07.03,600006.SH,0.07594000866930636
2024.07.03,600021.SH,0.031817563494770676
2024.07.03,600025.SH,0.05904944298980539
2024.07.03,000044.SZ,0.04793479891960825
2024.07.03,600027.SH,0.06599112813293839
2024.07.03,600044.SH,0.27549219036515676
2024.07.03,000001.SZ,0.20006401259434042
2024.07.03,000026.SZ,0.0947258357025205
2024.07.03,600019.SH,0.00010137432324888206
2024.07.03,600043.SH,0.07758551823536954
2024.07.04,600001.SH,0.25088245394743386
2024.07.04,000009.SZ,0.039220525979529075
2024.07.04,600003.SH,0.11110437073519788
2024.07.04,600041.SH,0.08077111996790914
2024.07.04,600025.SH,0.04373802440722428
2024.07.04,600029.SH,0.08714049902690513
2024.07.04,600046.SH,0.062064555786502724
2024.07.04,000026.SZ,0.1818231592399653
2024.07.04,600015.SH,0.18431224427278797
2024.07.04,600020.SH,0.12184204020814494
2024.07.04,600045.SH,0.12181488530703335
2024.07.04,600006.SH,0.03057077181843889
2024.07.04,600031.SH,0.03984697781048548
2024.07.04,000036.SZ,0.0027865773876495437
2024.07.04,000013.SZ,0.04936752694409727
2024.07.04,600021.SH,0.0904630617706872
2024.07.04,000020.SZ,0.16272184241323367
2024.07.04,600007.SH,0.02943706287766444
2024.07.04,000003.SZ,0.09425396580892004
2024.07.04,600038.SH,0.03295886218068421
2024.07.04,600010.SH,0.050807570074289064
2024.07.04,000007.SZ,0.17435998742420034
2024.07.04,600040.SH,0.026589924935120218
2024.07.04,600026.SH,0.40403703336387126
2024.07.04,600017.SH,0.11047847722865718
2024.07.04,000034.SZ,0.13791240858864318
2024.07.04,000047.SZ,0.08773434451112293
2024.07.04,600027.SH,0.009189963266676152
2024.07.04,000017.SZ,0.022270492590030378
2024.07.04,600049.SH,0.2563041461158569
2024.07.04,000006.SZ,0.010467977809739312
2024.07.04,000004.SZ,0.024643199461328702
2024.07.04,000022.SZ,0.008487671560299174
2024.07.04,000011.SZ,0.08966895872479805
2024.07.04,600011.SH,0.0359899337984512
2024.07.04,600044.SH,0.03359425381069044
2024.07.04,000025.SZ,0.013665094637418437
2024.07.04,000042.SZ,0.13917271481469465
2024.07.04,000044.SZ,0.0039447460449686805
2024.07.04,600005.SH,0.02542197678183645
2024.07.04,000010.SZ,0.0016897761845652878
2024.07.04,600019.SH,0.21689149197843896
2024.07.04,000040.SZ,0.09478629379122647
2024.07.04,600023.SH,0.2438228369691805
2024.07.04,000005.SZ,0.10590761438200812
2024.07.04,000019.SZ,0.15964736084832734
2024.07.04,000046.SZ,0.49930735326004366
2024.07.04,600018.SH,0.5093127232665668
2024.07.04,600002.SH,0.272851514563415
2024.07.04,000038.SZ,0.01484071776590766
2024.07.04,000018.SZ,0.12204564795041843
2024.07.04,600033.SH,0.3744199004005357
2024.07.04,000039.SZ,0.04436669502559716
2024.07.04,000015.SZ,0.016811371971200903
2024.07.04,600034.SH,0.04084130725288512
2024.07.04,000027.SZ,0.0010872056007324971
2024.07.04,600035.SH,0.04825795501388262
2024.07.04,000048.SZ,0.05241530834139911
2024.07.04,000001.SZ,0.3695170273803922
2024.07.04,000031.SZ,0.07426586236522544
2024.07.04,000024.SZ,0.49276114067683163
2024.07.04,600043.SH,0.09643040693905607
2024.07.04,600047.SH,0.015486794347084372
2024.07.04,000049.SZ,0.00789843023567059
2024.07.04,600012.SH,0.059785186887685984
2024.07.04,600008.SH,0.1725725787540143
2024.07.04,000002.SZ,0.026856408574944205
2024.07.04,000035.SZ,0.13277153911148998
2024.07.04,000030.SZ,0.47034271075940953
2024.07.04,000023.SZ,0.30974999810861303
2024.07.04,000045.SZ,0.15591584568765834
2024.07.04,000041.SZ,0.01592461563264009
2024.07.04,600036.SH,0.007464742995059227
2024.07.04,600024.SH,0.018327657450019366
2024.07.04,000014.SZ,0.0504032434004556
2024.07.04,000021.SZ,0.11871765593154678
2024.07.04,600042.SH,0.06857026794496622
2024.07.04,600013.SH,0.09526003853930402
2024.07.04,600032.SH,0.08844061813247256
2024.07.04,600009.SH,0.1389701131478631
2024.07.04,000033.SZ,0.06685263033830553
2024.07.04,600037.SH,0.045932819018148593
2024.07.04,000028.SZ,0.44942236453316586
2024.07.04,600039.SH,0.040414232378694515
2024.07.04,000012.SZ,0.02917265476037968
2024.07.04,600022.SH,0.10534137997455523
2024.07.04,600014.SH,0.0007606499176246514
2024.07.04,600030.SH,0.029785963081619835
2024.07.04,000008.SZ,0.0228094486888087
2024.07.04,600028.SH,0.11728962829426158
2024.07.04,000029.SZ,0.001935217643188655
2024.07.04,600016.SH,0.011667711857163534
2024.07.04,600000.SH,0.06466860616942764
2024.07.04,000032.SZ,0.03134170267393807
2024.07.04,600048.SH,0.05002623272891362
2024.07.04,000037.SZ,0.06046121568587679
2024.07.05,000011.SZ,0.04330083131094202
2024.07.05,600044.SH,0.13628493433571345
2024.07.05,600030.SH,0.02396178005901748
2024.07.05,000046.SZ,0.0333555422818348
2024.07.05,000040.SZ,0.03454876221193185
2024.07.05,000042.SZ,0.02706329767082747
2024.07.05,600004.SH,0.07330699938770609
2024.07.05,000024.SZ,0.025483271981709844
2024.07.05,600028.SH,0.052587938064557214
2024.07.05,600027.SH,0.04015506092278314
2024.07.05,000003.SZ,0.3815745365712067
2024.07.05,000002.SZ,0.10181974912702066
2024.07.05,000028.SZ,0.07577717161250702
2024.07.05,000041.SZ,0.44408605802736545
2024.07.05,600024.SH,0.06786166229825669
2024.07.05,600011.SH,0.4249244242908963
2024.07.05,600031.SH,0.04754057686275122
2024.07.05,600035.SH,0.4986431877199842
2024.07.05,000015.SZ,0.07642748167856096
2024.07.05,000039.SZ,0.017119160544264315
2024.07.05,600032.SH,0.2143913779961303
2024.07.05,000038.SZ,0.131811620377176
2024.07.05,600001.SH,0.018034098289187662
2024.07.05,000018.SZ,0.027881025999022493
2024.07.05,600047.SH,0.13194234579878655
2024.07.05,600048.SH,0.10849752275311571
2024.07.05,000019.SZ,0.22617281066832173
2024.07.05,600043.SH,0.16747755257887956
2024.07.05,600017.SH,0.13312365984487093
2024.07.05,600025.SH,0.05168143838985283
2024.07.05,000034.SZ,0.035830825721925925
2024.07.05,000009.SZ,0.0728616724397965
2024.07.05,000044.SZ,0.2229933831866607
2024.07.05,600015.SH,0.1927858538349582
2024.07.05,000023.SZ,0.03872579091111426
2024.07.05,000049.SZ,0.07189457449427437
2024.07.05,000027.SZ,0.39887565229003186
2024.07.05,000032.SZ,0.36936998502379326
2024.07.05,600022.SH,0.16962091304954005
2024.07.05,000029.SZ,0.1066658679923551
2024.07.05,600003.SH,0.066248952347197
2024.07.05,000030.SZ,0.027053392941578772
2024.07.05,000043.SZ,0.10946922125441154
2024.07.05,600046.SH,0.007772073316029352
2024.07.05,600039.SH,0.25911774651646136
2024.07.05,600042.SH,0.29898449328985616
2024.07.05,000021.SZ,0.0831332194047916
2024.07.05,600008.SH,0.20627664450336147
2024.07.05,000037.SZ,0.08648018994319077
2024.07.05,600006.SH,0.3160620403818401
2024.07.05,600018.SH,0.2975403082749766
2024.07.05,000033.SZ,0.020087846518975484
2024.07.05,000005.SZ,0.17047581822534788
2024.07.05,600038.SH,0.057857916815722256
2024.07.05,000036.SZ,0.10607346122349523
2024.07.05,600023.SH,0.1196839131392126
2024.07.05,600000.SH,0.008562689024838789
2024.07.05,600029.SH,0.08226480069248686
2024.07.05,000004.SZ,0.05295970828154718
2024.07.05,000035.SZ,0.32620538646890107
2024.07.05,600034.SH,0.08157198606798453
2024.07.05,000008.SZ,0.11733471364686322
2024.07.05,000012.SZ,0.10239731914721313
2024.07.05,000045.SZ,0.26095592818394947
2024.07.05,000025.SZ,0.04944513301877621
2024.07.05,000047.SZ,0.21613093669422462
2024.07.05,600013.SH,0.09658833148438312
2024.07.05,600007.SH,0.20624005681141303
2024.07.05,000048.SZ,0.08568922414805405
2024.07.05,000020.SZ,0.0846036266644098
2024.07.05,600009.SH,0.23349628133076353
2024.07.05,600016.SH,0.16673032058293977
2024.07.05,600040.SH,0.010056754127723387
2024.07.05,000006.SZ,0.0029841108175504756
2024.07.05,600019.SH,0.02682439501227965
2024.07.05,600014.SH,0.10906673538677152
2024.07.05,000017.SZ,0.20833568829343
2024.07.05,000010.SZ,0.03271731106619562
2024.07.05,000031.SZ,0.050171015744535384
2024.07.05,600010.SH,0.005412628640434885
2024.07.05,600033.SH,0.1647086013827852
2024.07.05,600012.SH,0.042786457397242364
2024.07.05,000001.SZ,0.14845302243630248
2024.07.05,600037.SH,0.17729499584509162
2024.07.05,000016.SZ,0.07328601072238977
2024.07.05,000007.SZ,0.309932678125445
2024.07.05,600049.SH,0.07359924113282998
2024.07.05,600045.SH,0.020055191412593962
2024.07.05,600002.SH,0.007934172715612262
2024.07.05,600026.SH,0.24774136076879116
2024.07.05,600041.SH,0.02524234353499624
2024.07.05,600036.SH,0.06483537947366631
2024.07.05,000013.SZ,0.19978691667602638
2024.07.05,000050.SZ,0.06531087182690581
2024.07.05,000022.SZ,0.039526118450300185
2024.07.05,000014.SZ,0.19609781325129638
2024.07.05,600020.SH,0.48698510703976017
2024.07.05,000026.SZ,0.06249808955786949
2024.07.08,600006.SH,0.012190733568942146
2024.07.08,600031.SH,0.028496364693502585
2024.07.08,600021.SH,0.144225880585707
2024.07.08,000038.SZ,0.2402555663018537
2024.07.08,600048.SH,0.4612585322391474
2024.07.08,000002.SZ,0.0065876302517154945
2024.07.08,600042.SH,0.10057283654060618
2024.07.08,600013.SH,0.026497345536111983
2024.07.08,000019.SZ,0.12957529096123713
2024.07.08,600020.SH,0.06418230718446702
2024.07.08,600045.SH,0.237125012064908
2024.07.08,000013.SZ,0.008014545812083006
2024.07.08,000046.SZ,0.3442873228384311
2024.07.08,600001.SH,0.23484077581275645
2024.07.08,600038.SH,0.12341567246966216
2024.07.08,000028.SZ,0.014892617103488161
2024.07.08,600007.SH,0.23890504317542446
2024.07.08,600008.SH,0.06462317436889166
2024.07.08,600015.SH,0.12029465870782063
2024.07.08,600049.SH,0.2733726180523189
2024.07.08,000027.SZ,0.3075014378888358
2024.07.08,000020.SZ,0.03415377030716345
2024.07.08,000011.SZ,0.34073800727368475
2024.07.08,600037.SH,0.0685719940711395
2024.07.08,000006.SZ,0.00903623236939782
2024.07.08,000001.SZ,0.04097682836089673
2024.07.08,000015.SZ,0.3756651962951151
2024.07.08,000040.SZ,0.039306804415733004
2024.07.08,600012.SH,0.11595544363213361
2024.07.08,000030.SZ,0.06934356880750116
2024.07.08,600043.SH,0.25474581016693376
2024.07.08,600014.SH,0.08209874147762065
2024.07.08,000018.SZ,0.07525711276404047
2024.07.08,600029.SH,0.29820563843474707
2024.07.08,000003.SZ,0.20751495663742994
2024.07.08,000025.SZ,0.019269436784583194
2024.07.08,000035.SZ,0.15771936255878216
2024.07.08,600017.SH,0.06251616499124157
2024.07.08,000041.SZ,0.013455627662939899
2024.07.08,600036.SH,0.07416465592034872
2024.07.08,600041.SH,0.09073460524741099
2024.07.08,600019.SH,0.04954026697884313
2024.07.08,000022.SZ,0.009454017886030196
2024.07.08,000048.SZ,0.09669584729073505
2024.07.08,000021.SZ,0.07197035886854018
2024.07.08,600025.SH,0.014503444401086262
2024.07.08,600026.SH,0.10982572219278447
2024.07.08,600011.SH,0.2791294576812038
2024.07.08,000042.SZ,0.3283749955606871
2024.07.08,000007.SZ,0.023222101248843458
2024.07.08,000037.SZ,0.09403237233711198
2024.07.08,000009.SZ,0.022078502558900114
2024.07.08,600004.SH,0.20276201789493115
2024.07.08,600035.SH,0.00043317709556109347
2024.07.08,000026.SZ,0.07668611823298752
2024.07.08,600039.SH,0.03330493284690317
2024.07.08,000031.SZ,0.06066102861312504
2024.07.08,600028.SH,0.15302837748400622
2024.07.08,000008.SZ,0.009895879502607148
2024.07.08,000049.SZ,0.04254504214037095
2024.07.08,600032.SH,0.11176647737222342
2024.07.08,600016.SH,0.01890669885338145
2024.07.08,000050.SZ,0.21697230129955591
2024.07.08,000036.SZ,0.11185318597025952
2024.07.08,600023.SH,0.030611846157282234
2024.07.08,600005.SH,0.01714077301458838
2024.07.08,600022.SH,0.05529860757378146
2024.07.08,000039.SZ,0.08768150764290962
2024.07.08,600027.SH,0.03184657277190939
2024.07.08,000023.SZ,0.05802372104021153
2024.07.08,000045.SZ,0.3730514457669357
2024.07.08,600018.SH,0.007858225470058714
2024.07.08,600003.SH,0.023559282300826982
2024.07.08,600000.SH,0.048464658592484944
2024.07.08,000004.SZ,0.04206676018958021
2024.07.08,000012.SZ,0.031026792893573258
2024.07.08,000032.SZ,0.03554140448615668
2024.07.08,600024.SH,0.24410291929606653
2024.07.08,000014.SZ,0.19344186206825403
2024.07.08,000043.SZ,0.04465986898434892
2024.07.08,600046.SH,0.06893056087311944
2024.07.08,000034.SZ,0.15452493970006181
2024.07.08,600002.SH,0.03198697569381217
2024.07.08,600047.SH,0.046413142537718576
2024.07.08,000010.SZ,0.08981690276483585
2024.07.08,000047.SZ,0.018752772704066268
2024.07.08,000044.SZ,0.031634499017100776
2024.07.08,600044.SH,0.12701670594963002
2024.07.08,600009.SH,0.07774471512133081
2024.07.08,600033.SH,0.06092548911774081
2024.07.08,000029.SZ,0.19448240016207527
2024.07.08,600040.SH,0.05390298867521373
2024.07.08,000024.SZ,0.09587177064342052
2024.07.08,000017.SZ,0.3597880715110326
2024.07.08,000033.SZ,0.10597681084848004
2024.07.08,600010.SH,0.05396058023231477
2024.07.08,000016.SZ,0.014087144726244387
2024.07.09,600047.SH,0.0341202806641437
2024.07.09,600010.SH,0.021199094281026728
2024.07.09,600041.SH,0.18777471334949106
2024.07.09,600044.SH,0.1797806205023075
2024.07.09,600016.SH,0.04532162366910533
2024.07.09,000038.SZ,0.09315334430861393
2024.07.09,600037.SH,0.09996767671602369
2024.07.09,600029.SH,0.0013262628954117733
2024.07.09,000043.SZ,0.08458995543913136
2024.07.09,000013.SZ,0.3000501152151595
2024.07.09,000021.SZ,0.08883527196011291
2024.07.09,000042.SZ,0.15652446718273091
2024.07.09,000023.SZ,0.1799775045154865
2024.07.09,600035.SH,0.02170553275002359
2024.07.09,000009.SZ,0.02665261140474071
2024.07.09,600040.SH,0.01974298846887657
2024.07.09,600031.SH,0.24978091962865803
2024.07.09,600024.SH,0.01858809153496108
2024.07.09,600013.SH,0.06842135212848255
2024.07.09,000027.SZ,0.24978126338128387
2024.07.09,600009.SH,0.05424311951700469
2024.07.09,600004.SH,0.03558553486161934
2024.07.09,600019.SH,0.08655342790659774
2024.07.09,000026.SZ,0.09288388239420335
2024.07.09,000045.SZ,0.16512902677026556
2024.07.09,600018.SH,0.07044999762916926
2024.07.09,000020.SZ,0.004359794481652441
2024.07.09,600023.SH,0.15961611882149856
2024.07.09,600025.SH,0.0019342182240083975
2024.07.09,000046.SZ,0.2445790765867595
2024.07.09,000012.SZ,0.12130608499719224
2024.07.09,600017.SH,0.010855615693661037
2024.07.09,000007.SZ,0.08763640893930844
2024.07.09,000008.SZ,0.14958164603607838
2024.07.09,000022.SZ,0.016963788943447588
2024.07.09,600020.SH,0.042388400189343665
2024.07.09,000005.SZ,0.08462237131570904
2024.07.09,000028.SZ,0.07290679220691608
2024.07.09,000050.SZ,0.11411674125290314
2024.07.09,000029.SZ,0.016543875911976615
2024.07.09,600002.SH,0.30504798710801856
2024.07.09,600000.SH,0.13225596909658266
2024.07.09,600043.SH,0.04046990145221139
2024.07.09,000030.SZ,0.06242864496169104
2024.07.09,600012.SH,0.018649147051511106
2024.07.09,000049.SZ,0.08151364326681194
2024.07.09,600021.SH,0.08734280338199527
2024.07.09,000015.SZ,0.2634465344689572
2024.07.09,000004.SZ,0.10483089706708433
2024.07.09,600014.SH,0.12402413203151788
2024.07.09,600038.SH,0.15734720514205472
2024.07.09,000010.SZ,0.19245683402522815
2024.07.09,000036.SZ,0.17499595327140963
2024.07.09,600048.SH,0.03426709798552616
2024.07.09,000041.SZ,0.05884686343306303
2024.07.09,000040.SZ,0.011807172034660723
2024.07.09,000003.SZ,0.027635769059206675
2024.07.09,000002.SZ,0.1290463808139361
2024.07.09,600039.SH,0.11389836028035037
2024.07.09,000017.SZ,0.005620551550785779
2024.07.09,000006.SZ,0.08011283239506964
2024.07.09,000048.SZ,0.044261071392509406
2024.07.09,000001.SZ,0.029763719678972317
2024.07.09,600027.SH,0.09010812108442867
2024.07.09,600042.SH,0.014529417866423564
2024.07.09,600046.SH,0.21174735401073747
2024.07.09,000014.SZ,0.028814598220068436
2024.07.09,600007.SH,0.1173269032459762
2024.07.09,000034.SZ,0.016929828478015076
2024.07.09,000037.SZ,0.01684484739748148
2024.07.09,600034.SH,0.19602742570208187
2024.07.09,600015.SH,0.04513470726464162
2024.07.09,000016.SZ,0.01875258085193212
2024.07.09,000018.SZ,0.010878034083991357
2024.07.09,000019.SZ,0.11466190260781503
2024.07.09,600008.SH,0.21828848327468783
2024.07.09,000024.SZ,0.20355845415573265
2024.07.09,000039.SZ,0.009877517904172206
2024.07.09,600003.SH,0.011268570867283676
2024.07.09,600005.SH,0.04213022534823142
2024.07.09,000031.SZ,0.2814924017509995
2024.07.09,600026.SH,0.014698867767088394
2024.07.09,000033.SZ,0.031862457701792433
2024.07.09,000035.SZ,0.007400830654813965
2024.07.09,600036.SH,0.12561734775511696
2024.07.09,600022.SH,0.019930662475041667
2024.07.09,600011.SH,0.0684499199918416
2024.07.09,600049.SH,0.000665081730973824
2024.07.09,000047.SZ,0.1469275744873369
2024.07.09,600032.SH,0.19510269358589452
2024.07.09,000032.SZ,0.21696051282089285
2024.07.09,000044.SZ,0.02216516427934856
2024.07.09,600045.SH,0.10801027542211596
2024.07.09,600028.SH,0.015845580049519185
2024.07.09,600030.SH,0.2327449048294219
2024.07.09,600006.SH,0.09629814412695822
2024.07.10,600024.SH,0.022304823037749735
2024.07.10,600026.SH,0.0011482681167892513
2024.07.10,000012.SZ,0.04960798824616803
2024.07.10,000008.SZ,0.001304362717030177
2024.07.10,000032.SZ,0.14372702173276786
2024.07.10,000031.SZ,0.07453070214310241
2024.07.10,600036.SH,0.016222930486498068
2024.07.10,000002.SZ,0.231177159097325
2024.07.10,600047.SH,0.2109969279633305
2024.07.10,000034.SZ,0.06093205268816242
2024.07.10,600005.SH,0.01091105601109116
2024.07.10,600044.SH,0.0027820814520247146
2024.07.10,000005.SZ,0.14116903084619672
2024.07.10,000016.SZ,0.24194787310277918
2024.07.10,600017.SH,0.01968197285535098
2024.07.10,600025.SH,0.3094906082606677
2024.07.10,600016.SH,0.13722377476023553
2024.07.10,600020.SH,0.12274529095650019
2024.07.10,600033.SH,0.020248072787381607
2024.07.10,600003.SH,0.2686773372263136
2024.07.10,600048.SH,0.22903374622030206
2024.07.10,600043.SH,0.008924622684963439
2024.07.10,000040.SZ,0.026095960196232466
2024.07.10,000020.SZ,0.2677649807962215
2024.07.10,000021.SZ,0.27521564098478135
2024.07.10,600037.SH,0.044352105657738804
2024.07.10,600027.SH,0.003640382785354859
2024.07.10,600034.SH,0.14181301815945133
2024.07.10,000024.SZ,0.07088860601091763
2024.07.10,000015.SZ,0.05401885033092829
2024.07.10,600014.SH,0.26777591656490723
2024.07.10,000049.SZ,0.032985587716666404
2024.07.10,000028.SZ,0.18512795969336437
2024.07.10,000033.SZ,0.05712605070352189
2024.07.10,000017.SZ,0.04809897379004751
2024.07.10,000023.SZ,0.42952603182121224
2024.07.10,000045.SZ,0.005487205012050616
2024.07.10,000001.SZ,0.13330787493754426
2024.07.10,600022.SH,0.030573455303265194
2024.07.10,000013.SZ,0.4526176137469344
2024.07.10,000011.SZ,0.0046485711944148495
2024.07.10,600039.SH,0.1622317261660425
2024.07.10,600021.SH,0.056450772184596265
2024.07.10,600031.SH,0.025631564385168514
2024.07.10,600041.SH,0.14750669683653325
2024.07.10,000046.SZ,0.23735822882322163
2024.07.10,600010.SH,0.15099453186611198
2024.07.10,600000.SH,0.033546510499666525
2024.07.10,600038.SH,0.15785800892463805
2024.07.10,000048.SZ,0.017696862158675577
2024.07.10,600019.SH,0.025714051794852873
2024.07.10,000022.SZ,0.08063535631871675
2024.07.10,600028.SH,0.001203730556362285
2024.07.10,000037.SZ,0.030272466980525704
2024.07.10,000044.SZ,0.2854427363220011
2024.07.10,600008.SH,0.02091367328218119
2024.07.10,000047.SZ,0.18317728212481993
2024.07.10,600049.SH,0.23222938174204105
2024.07.10,000039.SZ,0.05058981150421683
2024.07.10,600030.SH,0.10267715377238888
2024.07.10,000042.SZ,0.22583751519921214
2024.07.10,000036.SZ,0.013533007918956674
2024.07.10,000027.SZ,0.1908446396196691
2024.07.10,000026.SZ,0.24301503472452987
2024.07.10,600023.SH,0.318058658310131
2024.07.10,000007.SZ,0.09317784431313708
2024.07.10,600029.SH,0.2895163310429573
2024.07.10,600007.SH,0.10552942048883705
2024.07.10,000041.SZ,0.026238838899852117
2024.07.10,600013.SH,0.1335611528119796
2024.07.10,000029.SZ,0.07276415788263776
2024.07.10,000014.SZ,0.2035598995406506
2024.07.10,600040.SH,0.11910221203940435
2024.07.10,600012.SH,0.07375233408344413
2024.07.10,600001.SH,0.07870893466117218
2024.07.10,000019.SZ,0.08203985699601445
2024.07.10,000009.SZ,0.26745047379203707
2024.07.10,000006.SZ,0.06370575450920635
2024.07.10,000035.SZ,0.07692149501266163
2024.07.10,000050.SZ,0.12889649285302446
2024.07.10,000003.SZ,0.08814913518483229
2024.07.10,600032.SH,0.1551394845019967
2024.07.10,600009.SH,0.13694338575372178
2024.07.10,000004.SZ,0.23385146974832263
2024.07.10,600006.SH,0.4457463859717199
2024.07.10,600046.SH,0.39172119128592675
2024.07.10,000010.SZ,0.0437820575777778
2024.07.10,600035.SH,0.02241438794343267
2024.07.10,000038.SZ,0.06112869264863488
2024.07.10,600004.SH,0.1347055119785688
2024.07.10,600011.SH,0.06783581608560012
2024.07.10,600002.SH,0.1553923789968752
2024.07.10,600018.SH,0.12401665440624805
2024.07.10,600045.SH,0.14244057189418252
2024.07.10,000025.SZ,0.7580409622458051
2024.07.10,600042.SH,0.13918463047636812
2024.07.11,600019.SH,0.004603711804114589
2024.07.11,000019.SZ,0.008554739239059682
2024.07.11,000021.SZ,0.05220311698791632
2024.07.11,600036.SH,0.04760708260521774
2024.07.11,600018.SH,0.07745857461748006
2024.07.11,000040.SZ,0.32663832390063535
2024.07.11,000016.SZ,0.044922702684628925
2024.07.11,600034.SH,0.44353722647646016
2024.07.11,600048.SH,0.1572757190123898
2024.07.11,000013.SZ,0.11555309337159955
2024.07.11,000030.SZ,0.11470876607079021
2024.07.11,000011.SZ,0.09559668042686534
2024.07.11,600014.SH,0.14294476801245684
2024.07.11,600003.SH,0.22804171008464785
2024.07.11,000027.SZ,0.009876455024004109
2024.07.11,600009.SH,0.17732738597836561
2024.07.11,600013.SH,0.041890770762500515
2024.07.11,000017.SZ,0.23065744280414036
2024.07.11,000043.SZ,0.46996072980506204
2024.07.11,000007.SZ,0.22255331623943944
2024.07.11,600004.SH,0.07438039796373336
2024.07.11,600041.SH,0.07652214210092607
2024.07.11,600037.SH,0.23422244613061083
2024.07.11,000035.SZ,0.08029611077449389
2024.07.11,000042.SZ,0.19633040182584008
2024.07.11,600010.SH,0.1030567067960202
2024.07.11,600032.SH,0.05340042020959674
2024.07.11,000001.SZ,0.014201231364570683
2024.07.11,600012.SH,0.19312502872710316
2024.07.11,600038.SH,0.04243710264528573
2024.07.11,600020.SH,0.20184385103465172
2024.07.11,600028.SH,0.06995694349940146
2024.07.11,000024.SZ,0.0472133866112112
2024.07.11,000031.SZ,0.026767582062093273
2024.07.11,000018.SZ,0.02866404535115859
2024.07.11,000047.SZ,0.014425300216985484
2024.07.11,600017.SH,0.027111467181576514
2024.07.11,600006.SH,0.30330817525645526
2024.07.11,600047.SH,0.05677921376757943
2024.07.11,600045.SH,0.3073347549906521
2024.07.11,000044.SZ,0.07938463538325284
2024.07.11,600029.SH,0.11697738282362109
2024.07.11,000020.SZ,0.07272166965302655
2024.07.11,000029.SZ,0.045810493914813684
2024.07.11,000006.SZ,0.014895939091631472
2024.07.11,600027.SH,0.3252235357645477
2024.07.11,600046.SH,0.11008825127178018
2024.07.11,000048.SZ,0.10905990673814826
2024.07.11,600025.SH,0.2591340200477196
2024.07.11,000025.SZ,0.05529784555774855
2024.07.11,000005.SZ,0.08502041733519487
2024.07.11,000014.SZ,0.30452619776226786
2024.07.11,000009.SZ,0.09054960117742485
2024.07.11,600024.SH,0.0719640573126814
2024.07.11,000037.SZ,0.02643209246370961
2024.07.11,000002.SZ,0.024995451423905097
2024.07.11,600030.SH,0.06762294521354507
2024.07.11,600008.SH,0.010827312258307275
2024.07.11,000023.SZ,0.41573480110631295
2024.07.11,600049.SH,0.11660574146736916
2024.07.11,000050.SZ,0.11489469238215246
2024.07.11,000039.SZ,0.07217218966519555
2024.07.11,600044.SH,0.22213081199867912
2024.07.11,000015.SZ,0.1737911270588028
2024.07.11,600026.SH,0.4192139151382313
2024.07.11,000049.SZ,0.15512328649801596
2024.07.11,000034.SZ,0.007760949929910728
2024.07.11,600021.SH,0.22125072826824152
2024.07.11,600031.SH,0.0685627985688334
2024.07.11,000033.SZ,0.05927039441761856
2024.07.11,600000.SH,0.03083347149467664
2024.07.11,000010.SZ,0.15254079011784846
2024.07.11,600002.SH,0.2553078947111423
2024.07.11,000032.SZ,0.05912770790917524
2024.07.11,600039.SH,0.09600462239502773
2024.07.11,000046.SZ,0.11685446291215158
2024.07.11,600042.SH,0.09382819900132211
2024.07.11,000045.SZ,0.09397769555119502
2024.07.11,600022.SH,0.06889563863121079
2024.07.11,600005.SH,0.18539652077284877
2024.07.11,000026.SZ,0.13272681766414096
2024.07.11,600043.SH,0.07113607615112492
2024.07.11,600011.SH,0.08715137350835422
2024.07.11,000003.SZ,0.464588242579901
2024.07.11,000038.SZ,0.28770456790473925
2024.07.11,600001.SH,0.2003157242282503
2024.07.11,600035.SH,0.09320059406435216
2024.07.11,000036.SZ,0.09742580869574448
2024.07.11,600023.SH,0.07338795300919904
2024.07.11,000022.SZ,0.14404446208705737
2024.07.11,600015.SH,0.07235362804165121
2024.07.11,000008.SZ,0.06233653215226645
2024.07.11,000028.SZ,0.09046059679785752
2024.07.11,000004.SZ,0.06922359579792929
2024.07.11,000041.SZ,0.2217520433494291
2024.07.11,000012.SZ,0.24662546144691555
2024.07.12,000032.SZ,0.23550395080044234
2024.07.12,600011.SH,0.04605008588333735
2024.07.12,600002.SH,0.03280304499425415
2024.07.12,600030.SH,0.09910122920718877
2024.07.12,000037.SZ,0.03715604600372863
2024.07.12,000039.SZ,0.02546776418373973
2024.07.12,000003.SZ,0.2966353554660222
2024.07.12,600007.SH,0.36290227206579956
2024.07.12,600010.SH,0.040662564569729394
2024.07.12,000023.SZ,0.04574430137693102
2024.07.12,600024.SH,0.014248142495707815
2024.07.12,600012.SH,0.06655832029306882
2024.07.12,000011.SZ,0.015720239357801674
2024.07.12,000044.SZ,0.3357778372511364
2024.07.12,600048.SH,0.21524409527681979
2024.07.12,600043.SH,0.24002218538545225
2024.07.12,600009.SH,0.003473693820031797
2024.07.12,600021.SH,0.00036877284598054225
2024.07.12,000027.SZ,0.050654435944516
2024.07.12,000008.SZ,0.012043551220847321
2024.07.12,600035.SH,0.06102240831952817
2024.07.12,600028.SH,0.024748502385561696
2024.07.12,000002.SZ,0.17273855831261645
2024.07.12,600039.SH,0.006318668876440764
2024.07.12,000018.SZ,0.0004619255700683532
2024.07.12,600032.SH,0.0027495876124582477
2024.07.12,600047.SH,0.003595259569365081
2024.07.12,000010.SZ,0.27767237920465176
2024.07.12,000014.SZ,0.2036912835346433
2024.07.12,600044.SH,0.4599978618428368
2024.07.12,600001.SH,0.27157249607118916
2024.07.12,000016.SZ,0.16760234158943751
2024.07.12,000004.SZ,0.11413160346571875
2024.07.12,600042.SH,0.024704546724664416
2024.07.12,600020.SH,0.021987158727324495
2024.07.12,000046.SZ,0.0021329008848087897
2024.07.12,000047.SZ,0.021859651480709803
2024.07.12,000012.SZ,0.0016577409662286568
2024.07.12,600015.SH,0.25407871608753535
2024.07.12,000005.SZ,0.17634638973517217
2024.07.12,600022.SH,0.03307640712630289
2024.07.12,000038.SZ,0.0776523220665317
2024.07.12,000022.SZ,0.09072900206664485
2024.07.12,600000.SH,0.034707052541831776
2024.07.12,000035.SZ,0.06668191918052478
2024.07.12,000033.SZ,0.064152366457176
2024.07.12,000036.SZ,0.1115959416338102
2024.07.12,600005.SH,0.04955368180844953
2024.07.12,600031.SH,0.14920463290061675
2024.07.12,600046.SH,0.061617007512493376
2024.07.12,600004.SH,0.09814240122812609
2024.07.12,000042.SZ,0.3793309754292839
2024.07.12,600033.SH,0.07453993199618479
2024.07.12,000043.SZ,0.1458562815154648
2024.07.12,000001.SZ,0.32459658219322757
2024.07.12,600038.SH,0.1792774563731086
2024.07.12,600027.SH,0.1171740311019692
2024.07.12,000026.SZ,0.08477287892303924
2024.07.12,600049.SH,0.2923267862692006
2024.07.12,000028.SZ,0.4445989860270822
2024.07.12,000049.SZ,0.055640587183701594
2024.07.12,600019.SH,0.029714399421156612
2024.07.12,600040.SH,0.07994041074918964
2024.07.12,000006.SZ,0.06605930316182325
2024.07.12,600045.SH,0.13550419132736322
2024.07.12,600014.SH,0.008198981316523897
2024.07.12,000040.SZ,0.3793636257608651
2024.07.12,000020.SZ,0.07569978184016483
2024.07.12,600034.SH,0.060623316998990394
2024.07.12,600036.SH,0.006996404277210885
2024.07.12,000025.SZ,0.006446332239449488
2024.07.12,000015.SZ,0.09826265447099104
2024.07.12,600008.SH,0.23433826708090216
2024.07.12,600041.SH,0.06499597822805388
2024.07.12,000007.SZ,0.00834748715009453
2024.07.12,000031.SZ,0.06781316746900355
2024.07.12,600016.SH,0.06689013473817564
2024.07.12,600029.SH,0.1135444626986914
2024.07.12,000045.SZ,0.05426525367594916
2024.07.12,000048.SZ,0.001692455609219864
2024.07.12,600023.SH,0.20337578280844876
2024.07.12,000034.SZ,0.19970765776105176
2024.07.12,000029.SZ,0.2951914495555525
2024.07.12,600018.SH,0.07324484506898023
2024.07.12,600017.SH,0.1492863103506377
2024.07.12,600026.SH,0.05878891328956836
2024.07.12,000013.SZ,0.10563304110562345
2024.07.12,600003.SH,0.3716229859701534
2024.07.12,000021.SZ,0.06245793322737106
2024.07.12,000050.SZ,0.06256447155701957
2024.07.12,600037.SH,0.01635025391450129
2024.07.12,000019.SZ,0.04628469361543533
2024.07.12,000017.SZ,0.012644344844109142
2024.07.12,000030.SZ,0.2876799340815776
2024.07.12,000024.SZ,0.1488976606992913
2024.07.12,600013.SH,0.0893125623317356
2024.07.12,000041.SZ,0.11406462433923908
2024.07.15,000022.SZ,0.02111529916054657
2024.07.15,600014.SH,0.0968228367259415
2024.07.15,000049.SZ,0.11298634346500384
2024.07.15,000010.SZ,0.004154196778313569
2024.07.15,600022.SH,0.004019565010159317
2024.07.15,000011.SZ,0.05411015867856254
2024.07.15,000017.SZ,0.00691384910410789
2024.07.15,000043.SZ,0.18362553264176942
2024.07.15,000008.SZ,0.0882044935695848
2024.07.15,000027.SZ,0.03340466547841171
2024.07.15,000002.SZ,0.04174490010069275
2024.07.15,000030.SZ,0.07302588294863871
2024.07.15,000009.SZ,0.0024607213070470687
2024.07.15,600000.SH,0.18841268739706205
2024.07.15,600045.SH,0.037689685224421454
2024.07.15,600009.SH,0.014291285977082959
2024.07.15,000013.SZ,0.044034629308324566
2024.07.15,600003.SH,0.14629094949272275
2024.07.15,000037.SZ,0.016040417712429682
2024.07.15,000028.SZ,0.012201002262507463
2024.07.15,000044.SZ,0.0963012356645925
2024.07.15,000025.SZ,0.04038803735599705
2024.07.15,600018.SH,0.0030547046877681216
2024.07.15,600006.SH,0.2790346194931127
2024.07.15,600021.SH,0.16269020446721177
2024.07.15,600029.SH,0.7375009019986599
2024.07.15,000020.SZ,0.12960010093029845
2024.07.15,600034.SH,0.23779825271578234
2024.07.15,000023.SZ,0.13363911839732703
2024.07.15,600005.SH,0.03373425748377784
2024.07.15,600044.SH,0.4723570727325622
2024.07.15,000045.SZ,0.3138305364027756
2024.07.15,000016.SZ,0.008738559507141246
2024.07.15,600036.SH,0.09143018933161155
2024.07.15,000015.SZ,0.016176858426876706
2024.07.15,600001.SH,0.09554956438722872
2024.07.15,000021.SZ,0.0862235231954885
2024.07.15,600028.SH,0.20648960960018423
2024.07.15,000035.SZ,0.1372236865109106
2024.07.15,600048.SH,0.10626392023001772
2024.07.15,600007.SH,0.22528157722810221
2024.07.15,000014.SZ,0.24524701012233047
2024.07.15,000005.SZ,0.3197976391962014
2024.07.15,600038.SH,0.1082984205195857
2024.07.15,000026.SZ,0.09472008273819948
2024.07.15,600023.SH,0.22385435548909863
2024.07.15,600031.SH,0.09965468926900634
2024.07.15,600017.SH,0.13893338686306014
2024.07.15,000034.SZ,0.09919918881853398
2024.07.15,000040.SZ,0.3317107756922283
2024.07.15,600037.SH,0.27496911183819406
2024.07.15,600004.SH,0.060359707792057314
2024.07.15,600047.SH,0.13939431896708998
2024.07.15,600035.SH,0.14237965908834518
2024.07.15,600027.SH,0.037835255280898025
2024.07.15,000042.SZ,0.1193730042236456
2024.07.15,000004.SZ,0.2360713868263777
2024.07.15,000031.SZ,0.03730942234112018
2024.07.15,600043.SH,0.2939864734593807
2024.07.15,000036.SZ,0.09050546319802931
2024.07.15,600046.SH,0.15565724740966053
2024.07.15,600019.SH,0.02405073915651954
2024.07.15,600016.SH,0.2841913241842394
2024.07.15,600002.SH,0.03468187264514317
2024.07.15,600032.SH,0.026091661827824773
2024.07.15,600026.SH,0.053274148707368324
2024.07.15,600013.SH,0.028819872476708953
2024.07.15,600012.SH,0.22113975452789725
2024.07.15,000050.SZ,0.04814145164469679
2024.07.15,000046.SZ,0.03605728975396664
2024.07.15,000029.SZ,0.1659082655596591
2024.07.15,600020.SH,0.03870315083762709
2024.07.15,600041.SH,0.0826564799505014
2024.07.15,600049.SH,0.03629897935602257
2024.07.15,000003.SZ,0.06466229079450266
2024.07.15,000007.SZ,0.3259892546627687
2024.07.15,000033.SZ,0.15646490744162697
2024.07.15,000012.SZ,0.018948709903386735
2024.07.15,600015.SH,0.04108571089095952
2024.07.15,600040.SH,0.17813734904925987
2024.07.15,600024.SH,0.04411858512883153
2024.07.15,000032.SZ,0.24602466288736582
2024.07.15,000038.SZ,0.02603755494116885
2024.07.15,600008.SH,0.03694521320692723
2024.07.15,000047.SZ,0.10364976245415691
2024.07.15,600010.SH,0.015326279420615256
2024.07.15,000006.SZ,0.09418955433122767
2024.07.15,000001.SZ,0.029720573908263558
2024.07.15,000024.SZ,0.22347162305046436
2024.07.15,000041.SZ,0.11489585961994525
2024.07.15,600025.SH,0.1303389322458605
2024.07.15,600030.SH,0.3504213455628068
2024.07.15,600011.SH,0.0022398827458085004
2024.07.15,000048.SZ,0.14567002487808825
2024.07.15,600033.SH,0.1350387343050665
2024.07.15,000019.SZ,0.238924855310831
2024.07.15,600039.SH,0.005025435739027013
2024.07.16,600035.SH,0.04760389525669434
2024.07.16,600004.SH,0.033466025844356255
2024.07.16,000036.SZ,0.005295880750793785
2024.07.16,000003.SZ,0.07429380935649002
2024.07.16,600018.SH,0.12678361242695324
2024.07.16,600049.SH,0.08899094626213834
2024.07.16,000007.SZ,0.10935291032530116
2024.07.16,600048.SH,0.09415130866773137
2024.07.16,000024.SZ,0.17907415804805604
2024.07.16,000017.SZ,0.026027287179822556
2024.07.16,000020.SZ,0.1379948464488969
2024.07.16,600032.SH,0.08006768580851059
2024.07.16,000035.SZ,0.15183005274960418
2024.07.16,600034.SH,0.22775500331473028
2024.07.16,000042.SZ,0.07710145459012514
2024.07.16,600017.SH,0.031217671433106893
2024.07.16,000010.SZ,0.01174280980490889
2024.07.16,000046.SZ,0.15149531550680023
2024.07.16,000004.SZ,0.14403787768507711
2024.07.16,000008.SZ,0.20311539691389618
2024.07.16,600001.SH,0.34005818446692265
2024.07.16,600030.SH,0.15894209239741358
2024.07.16,600041.SH,0.050588151093884016
2024.07.16,000039.SZ,0.10764610858791372
2024.07.16,000050.SZ,0.00804726619948102
2024.07.16,000006.SZ,0.20646517387865174
2024.07.16,600011.SH,0.17677683047486104
2024.07.16,000011.SZ,0.01640581212352481
2024.07.16,000023.SZ,0.1384349381946104
2024.07.16,600006.SH,0.2388640308380097
2024.07.16,600028.SH,0.4186403823326377
2024.07.16,000027.SZ,0.09386696356016974
2024.07.16,000016.SZ,0.10684628191405163
2024.07.16,000018.SZ,0.08822392492023262
2024.07.16,600043.SH,0.016923028117766237
2024.07.16,600022.SH,0.05687959879479563
2024.07.16,000049.SZ,0.06651756084812284
2024.07.16,600047.SH,0.02612403265564353
2024.07.16,000045.SZ,0.09140745610382234
2024.07.16,600002.SH,0.18452127766682822
2024.07.16,000001.SZ,0.40353747737679346
2024.07.16,600007.SH,0.049362091264068535
2024.07.16,600029.SH,0.0525480057613911
2024.07.16,000034.SZ,0.1773856300511993
2024.07.16,600014.SH,0.10962159931668439
2024.07.16,000002.SZ,0.03320195992278837
2024.07.16,600037.SH,0.04413079845594778
2024.07.16,600005.SH,0.06249338975255347
2024.07.16,000022.SZ,0.014473760354828998
2024.07.16,600036.SH,0.09954982075592496
2024.07.16,000025.SZ,0.005013503212972186
2024.07.16,600023.SH,0.1507005753305847
2024.07.16,000033.SZ,0.07923642107992863
2024.07.16,600015.SH,0.14502316192683934
2024.07.16,000019.SZ,0.011416861994610124
2024.07.16,600024.SH,0.38500417658419234
2024.07.16,600042.SH,0.01346379198345397
2024.07.16,600031.SH,0.0833492391581022
2024.07.16,600045.SH,0.2024630842777012
2024.07.16,600013.SH,0.03769869844607663
2024.07.16,600010.SH,0.10642412959901806
2024.07.16,600020.SH,0.1739194297687549
2024.07.16,600016.SH,0.09593821719957103
2024.07.16,600012.SH,0.3099689779736691
2024.07.16,000038.SZ,0.034155948654563666
2024.07.16,600003.SH,0.009885261200405455
2024.07.16,000047.SZ,0.10429921232870033
2024.07.16,600026.SH,0.07269779002847329
2024.07.16,000012.SZ,0.20857529702537866
2024.07.16,600039.SH,0.128559548409023
2024.07.16,000013.SZ,0.21941056799171846
2024.07.16,000029.SZ,0.17572194483595352
2024.07.16,600033.SH,0.14905820736442638
2024.07.16,600038.SH,0.033443858387798245
2024.07.16,000032.SZ,0.017492357548403798
2024.07.16,600009.SH,0.03917418688934178
2024.07.16,000015.SZ,0.18278203464338647
2024.07.16,000014.SZ,0.178149434904765
2024.07.16,000009.SZ,0.3496521942643073
2024.07.16,000044.SZ,0.06890684829201427
2024.07.16,000028.SZ,0.07590418012201991
2024.07.16,600008.SH,0.051922607274475625
2024.07.16,000048.SZ,0.3596510713874674
2024.07.16,000041.SZ,0.07985656851222951
2024.07.16,000037.SZ,0.10512444878119422
2024.07.16,600027.SH,0.023244061864779203
2024.07.16,000040.SZ,0.0977461152783506
2024.07.16,600021.SH,0.021829674661233898
2024.07.16,000043.SZ,0.0822912263664516
2024.07.16,600044.SH,0.08287156039520543
2024.07.16,000030.SZ,0.059656547715673525
2024.07.16,600019.SH,0.12565141082929956
2024.07.16,000031.SZ,0.3399870896714976
2024.07.16,600046.SH,0.019302569788664573
2024.07.16,600000.SH,0.05379412067536014
2024.07.16,600025.SH,0.035850835073520895
2024.07.17,000006.SZ,0.035750555627274916
2024.07.17,600022.SH,0.01600455619338141
2024.07.17,600002.SH,0.3059757158314453
2024.07.17,000047.SZ,0.11898129590052407
2024.07.17,600003.SH,0.03441754000961414
2024.07.17,600014.SH,0.07947913811087114
2024.07.17,600037.SH,0.05651775701748327
2024.07.17,600041.SH,0.009299053243822492
2024.07.17,600048.SH,0.3185374210748359
2024.07.17,000014.SZ,0.2984098560866888
2024.07.17,600019.SH,0.2103609540973541
2024.07.17,000022.SZ,0.07580766231702238
2024.07.17,000037.SZ,0.015990295257048072
2024.07.17,600026.SH,0.1285455319992945
2024.07.17,600021.SH,0.15407881446513014
2024.07.17,600044.SH,0.03353266589433176
2024.07.17,600009.SH,0.031349352562077944
2024.07.17,000041.SZ,0.12341150169775804
2024.07.17,000012.SZ,0.11980449327730557
2024.07.17,000046.SZ,0.021272662097907874
2024.07.17,600036.SH,0.10647221589652577
2024.07.17,000003.SZ,0.22401084587498565
2024.07.17,000035.SZ,0.024823423409728845
2024.07.17,600045.SH,0.03728507817680922
2024.07.17,000032.SZ,0.01634110791987545
2024.07.17,600004.SH,0.1453913318777637
2024.07.17,000009.SZ,0.051756030174047646
2024.07.17,000023.SZ,0.08924506303427686
2024.07.17,000033.SZ,0.04804544356148261
2024.07.17,600015.SH,0.04399145067555882
2024.07.17,000004.SZ,0.023493879424238206
2024.07.17,000043.SZ,0.09782958018105954
2024.07.17,600043.SH,0.06219589748425104
2024.07.17,000007.SZ,0.21647555319064576
2024.07.17,600012.SH,0.12144081892508835
2024.07.17,000034.SZ,0.08203315091448743
2024.07.17,600047.SH,0.06204869139736845
2024.07.17,000042.SZ,0.00899122034770476
2024.07.17,000010.SZ,0.1029258242507864
2024.07.17,600042.SH,0.08782009350741807
2024.07.17,000013.SZ,0.27694727398784846
2024.07.17,000030.SZ,0.03857118344657095
2024.07.17,000036.SZ,0.4804490754578454
2024.07.17,600007.SH,0.041601310402147124
2024.07.17,000011.SZ,0.10121829594159575
2024.07.17,600008.SH,0.11321723644161501
2024.07.17,000026.SZ,0.11368442371556671
2024.07.17,000001.SZ,0.013128784056366895
2024.07.17,000024.SZ,0.022045084054659762
2024.07.17,000045.SZ,0.18188548497190227
2024.07.17,000040.SZ,0.014335664537864983
2024.07.17,000005.SZ,0.10951178702527553
2024.07.17,600001.SH,0.02940483329357418
2024.07.17,600039.SH,0.27638428026799033
2024.07.17,000028.SZ,0.056935448214437086
2024.07.17,000016.SZ,0.1552924620877836
2024.07.17,600031.SH,0.028920412333731476
2024.07.17,600010.SH,0.01860631252164661
2024.07.17,600038.SH,0.19556563558626391
2024.07.17,600016.SH,0.08370177856885597
2024.07.17,600006.SH,0.08330012874363238
2024.07.17,600040.SH,0.09264570625985319
2024.07.17,600005.SH,0.06176624816311739
2024.07.17,600023.SH,0.10826959680851063
2024.07.17,000039.SZ,0.049182554800317094
2024.07.17,600028.SH,0.04228094109266729
2024.07.17,000027.SZ,0.3711295177352162
2024.07.17,600030.SH,0.0027548054539734894
2024.07.17,000048.SZ,0.02758110971056878
2024.07.17,000008.SZ,0.011796547820461035
2024.07.17,000031.SZ,0.05618313611234159
2024.07.17,600017.SH,0.43584144026523935
2024.07.17,600034.SH,0.02932231503935856
2024.07.17,600046.SH,0.0625687572593489
2024.07.17,000017.SZ,0.16760777479841685
2024.07.17,000020.SZ,0.08553374505435107
2024.07.17,000018.SZ,0.06794295111475611
2024.07.17,600020.SH,0.016599894397460572
2024.07.17,600024.SH,0.03824586050493415
2024.07.17,000044.SZ,0.21026043522195045
2024.07.17,000002.SZ,0.17820592247049383
2024.07.17,000015.SZ,0.23003803053866134
2024.07.17,600013.SH,0.41095829324520455
2024.07.17,000029.SZ,0.006454091833332897
2024.07.17,000021.SZ,0.29455633694890176
2024.07.17,600033.SH,0.14281962733986955
2024.07.17,600035.SH,0.10190576178244014
2024.07.17,000049.SZ,0.1057844054167672
2024.07.17,600018.SH,0.012550355631249779
2024.07.17,600027.SH,0.05616207690365627
2024.07.17,600025.SH,0.06257155805349887
2024.07.17,000025.SZ,0.048271779794843366
2024.07.17,000050.SZ,0.4375615880456215
2024.07.17,600032.SH,0.16949862093575588
2024.07.17,600049.SH,0.2652107356219036
2024.07.17,000019.SZ,0.25062751365614616
2024.07.17,000038.SZ,0.1400503332263575
2024.07.17,600029.SH,0.026418418535231424
2024.07.18,000005.SZ,0.14707185204597553
2024.07.18,000034.SZ,0.15444627138460632
2024.07.18,000042.SZ,0.06755551053457497
2024.07.18,600025.SH,0.06356600933722509
2024.07.18,600041.SH,0.016555047709985112
2024.07.18,600037.SH,0.05059794341511005
2024.07.18,000046.SZ,0.194363304540302
2024.07.18,600003.SH,0.10286730161456195
2024.07.18,000047.SZ,0.30101422788371046
2024.07.18,600004.SH,0.2739784382777418
2024.07.18,600027.SH,0.06736253886725466
2024.07.18,600048.SH,0.2548343234854111
2024.07.18,600030.SH,0.022754979870013622
2024.07.18,000025.SZ,0.033658972185680175
2024.07.18,600032.SH,0.09571303856521202
2024.07.18,600024.SH,0.07559552683689351
2024.07.18,000033.SZ,0.16595580787239134
2024.07.18,600011.SH,0.03267827786782465
2024.07.18,600047.SH,0.25326228074351115
2024.07.18,000045.SZ,0.10373197622383516
2024.07.18,000023.SZ,0.04703697592619756
2024.07.18,600007.SH,0.0040831158524796555
2024.07.18,600021.SH,0.3211665510000066
2024.07.18,600002.SH,0.06496247807681176
2024.07.18,600035.SH,0.04397160921328207
2024.07.18,000017.SZ,0.06660774790526071
2024.07.18,600022.SH,0.019072268076166264
2024.07.18,000019.SZ,0.30643986424943187
2024.07.18,600044.SH,0.13803922872936486
2024.07.18,000043.SZ,0.002786250169227125
2024.07.18,000009.SZ,0.006319620553316907
2024.07.18,600017.SH,0.3375632345475085
2024.07.18,600018.SH,0.04971552429639412
2024.07.18,000022.SZ,0.8931412077556438
2024.07.18,600014.SH,0.01822739386095237
2024.07.18,600029.SH,0.36168717242979354
2024.07.18,000021.SZ,0.05698871828013888
2024.07.18,000016.SZ,0.03576537159939389
2024.07.18,000039.SZ,0.14644651813075832
2024.07.18,000038.SZ,0.037272717925579485
2024.07.18,000012.SZ,0.08084241397631775
2024.07.18,600042.SH,0.08167341308862311
2024.07.18,600046.SH,0.16203661970810834
2024.07.18,000036.SZ,0.0936384042343867
2024.07.18,000031.SZ,0.07096671533147582
2024.07.18,000014.SZ,0.011162527909722473
2024.07.18,000049.SZ,0.12627795684466936
2024.07.18,000035.SZ,0.07357367695027658
2024.07.18,600049.SH,0.08442870406382436
2024.07.18,000002.SZ,0.2817258740523118
2024.07.18,600040.SH,0.03955088532226469
2024.07.18,000011.SZ,0.07118441527302034
2024.07.18,000001.SZ,0.05879716358474305
2024.07.18,000006.SZ,0.06383320115550946
2024.07.18,000004.SZ,0.09829903447051258
2024.07.18,600013.SH,0.10819945267631022
2024.07.18,000050.SZ,0.008892939484763373
2024.07.18,000027.SZ,0.06602156180417783
2024.07.18,600026.SH,0.1112415304250927
2024.07.18,000048.SZ,0.1293080751418528
2024.07.18,600034.SH,0.14365477351123124
2024.07.18,600015.SH,0.02708136251827813
2024.07.18,000032.SZ,0.07629242096361348
2024.07.18,000030.SZ,0.05364750936809643
2024.07.18,000040.SZ,0.08736166371683957
2024.07.18,600036.SH,0.11375168534748324
2024.07.18,600000.SH,0.492696782976478
2024.07.18,000003.SZ,0.2504832746310045
2024.07.18,600009.SH,0.040577315902864335
2024.07.18,600028.SH,0.06318174009758148
2024.07.18,000008.SZ,0.19671601119984933
2024.07.18,000013.SZ,0.003426577355414397
2024.07.18,600038.SH,0.007527675557751147
2024.07.18,600010.SH,0.06670365503354228
2024.07.18,600008.SH,0.00807471809188107
2024.07.18,000015.SZ,0.11629552724185341
2024.07.18,600023.SH,0.00692753722483071
2024.07.18,600031.SH,0.012552816382070781
2024.07.18,000018.SZ,0.010481459046222528
2024.07.18,000026.SZ,0.14791613817212693
2024.07.18,000010.SZ,0.09980322113366116
2024.07.18,600020.SH,0.00957096653748918
2024.07.18,600039.SH,0.1938979411492684
2024.07.18,600045.SH,0.00034877505471570176
2024.07.18,000028.SZ,0.24633053638457925
2024.07.18,600016.SH,0.029536288072278493
2024.07.18,600006.SH,0.1285328395720279
2024.07.18,600001.SH,0.08715136006073491
2024.07.18,600012.SH,0.08627105233679531
2024.07.18,000020.SZ,0.033227646884151425
2024.07.18,000029.SZ,0.06663616405727615
2024.07.18,000041.SZ,0.1638990351656956
2024.07.18,600005.SH,0.15913520178125193
2024.07.18,000044.SZ,0.022803761865859137
2024.07.18,600043.SH,0.060490874404036825
2024.07.18,000007.SZ,0.07190585648404181
2024.07.18,000024.SZ,0.05923632526175291
2024.07.18,600033.SH,0.3652676426815745
2024.07.19,600021.SH,0.0887733488804563
2024.07.19,600044.SH,0.029826972720952798
2024.07.19,000009.SZ,0.1739310534098863
2024.07.19,000022.SZ,0.07707975805018089
2024.07.19,600035.SH,0.028260291309944244
2024.07.19,000025.SZ,0.07018275000863017
2024.07.19,600005.SH,0.09893919266415825
2024.07.19,000037.SZ,0.005320572907288822
2024.07.19,000011.SZ,0.17050087600452965
2024.07.19,000003.SZ,0.15275083203441053
2024.07.19,600040.SH,0.008856663313521846
2024.07.19,000048.SZ,0.010782938417027054
2024.07.19,600025.SH,0.3950783775685455
2024.07.19,000021.SZ,0.1605112504507973
2024.07.19,600026.SH,0.11441849638223084
2024.07.19,600028.SH,0.06670585321362844
2024.07.19,000045.SZ,0.4038211478955485
2024.07.19,600008.SH,0.11742309139396821
2024.07.19,000028.SZ,0.0553837917616979
2024.07.19,600047.SH,0.03835231161105127
2024.07.19,000050.SZ,0.11719996889104364
2024.07.19,600023.SH,0.07208919725552793
2024.07.19,600034.SH,0.05311301106332423
2024.07.19,000012.SZ,0.05566994348612219
2024.07.19,000032.SZ,0.003425227811837714
2024.07.19,000043.SZ,0.33443474653448046
2024.07.19,600022.SH,0.12702283844775314
2024.07.19,600031.SH,0.033010616242343145
2024.07.19,600032.SH,0.173875875994957
2024.07.19,600013.SH,0.09151234301993648
2024.07.19,600033.SH,0.34411812308928014
2024.07.19,000017.SZ,0.1691544787645275
2024.07.19,600002.SH,0.27430943572815714
2024.07.19,000039.SZ,0.2313345386035664
2024.07.19,000044.SZ,0.03782067067766916
2024.07.19,600012.SH,0.1556996531928288
2024.07.19,000033.SZ,0.025209925441762805
2024.07.19,600014.SH,0.05349201479256693
2024.07.19,000026.SZ,0.017224319573691964
2024.07.19,000034.SZ,0.06060685470844033
2024.07.19,600016.SH,0.17321514281659703
2024.07.19,000006.SZ,0.01614861889710528
2024.07.19,000007.SZ,0.1417070804575382
2024.07.19,000014.SZ,0.6002322193637847
2024.07.19,600015.SH,0.08022435571811876
2024.07.19,600024.SH,0.019639214279521033
2024.07.19,000013.SZ,0.05652780285704507
2024.07.19,000027.SZ,0.010582491830484361
2024.07.19,000041.SZ,0.6351375008997504
2024.07.19,600046.SH,0.11341420520405096
2024.07.19,600030.SH,0.13562290681259512
2024.07.19,600029.SH,0.020956314009314404
2024.07.19,600001.SH,0.0380603848356946
2024.07.19,600048.SH,0.07338290609780065
2024.07.19,600037.SH,0.08991472699052788
2024.07.19,600010.SH,0.05334362599651885
2024.07.19,600003.SH,0.19565127964784546
2024.07.19,600043.SH,0.08969841199075809
2024.07.19,600036.SH,0.18733715303772314
2024.07.19,600045.SH,0.039819683568780635
2024.07.19,000019.SZ,0.0586417328502484
2024.07.19,000029.SZ,0.07788433611264964
2024.07.19,600038.SH,0.18416877957171776
2024.07.19,600020.SH,0.020801117760737158
2024.07.19,600041.SH,0.13386047923586725
2024.07.19,600000.SH,0.0015619195065075331
2024.07.19,600007.SH,0.014051218819897886
2024.07.19,000046.SZ,0.21722948141021337
2024.07.19,000030.SZ,0.04670264427610799
2024.07.19,000010.SZ,0.12893396550176145
2024.07.19,000004.SZ,0.3279982334974909
2024.07.19,600004.SH,0.04138118419317719
2024.07.19,600042.SH,0.5092883552158974
2024.07.19,600017.SH,0.49305091760845093
2024.07.19,000031.SZ,0.18196929422467442
2024.07.19,000049.SZ,0.2635195158534871
2024.07.19,000001.SZ,0.027626169052743746
2024.07.19,000002.SZ,0.06000637306543991
2024.07.19,000035.SZ,0.06589832980954029
2024.07.19,600011.SH,0.036732713127096084
2024.07.19,600049.SH,0.023921464396547184
2024.07.19,000040.SZ,0.1255466979803932
2024.07.19,600006.SH,0.2389560794149088
2024.07.19,000015.SZ,0.37069011819409603
2024.07.19,000008.SZ,0.2964727097698836
2024.07.19,000005.SZ,0.013237339770998498
2024.07.19,000018.SZ,0.24545566289874987
2024.07.19,000016.SZ,0.018165053540707916
2024.07.19,600018.SH,0.1198749670472698
2024.07.19,600009.SH,0.157223052983742
2024.07.19,600027.SH,0.0032868813798801596
2024.07.19,000047.SZ,0.10200799385879436
2024.07.19,000042.SZ,0.17705310390711396
2024.07.19,000024.SZ,0.03924887562729178
2024.07.19,000023.SZ,0.0663569724566569
2024.07.19,000020.SZ,0.9811618879745804
2024.07.19,600019.SH,0.018936549659983527
2024.07.19,000038.SZ,0.018126173907492008
2024.07.22,000006.SZ,0.014092316555994867
2024.07.22,000025.SZ,0.18787821124464574
2024.07.22,000001.SZ,0.023278406804897643
2024.07.22,000043.SZ,0.022577222678532474
2024.07.22,600039.SH,0.04887988086446428
2024.07.22,600034.SH,0.0270237122072146
2024.07.22,000046.SZ,0.04698379093896293
2024.07.22,600028.SH,0.09448498878530716
2024.07.22,000047.SZ,0.012353940188841568
2024.07.22,600031.SH,0.10715928880910458
2024.07.22,000031.SZ,0.0012328219329665385
2024.07.22,600019.SH,0.06080459905120136
2024.07.22,000042.SZ,0.20680704182509985
2024.07.22,600033.SH,0.2441048540565752
2024.07.22,600025.SH,0.002564525430587418
2024.07.22,000005.SZ,0.4138974974799226
2024.07.22,600048.SH,0.14410252760024078
2024.07.22,600038.SH,0.13708531698189003
2024.07.22,000044.SZ,0.06803563125992916
2024.07.22,600037.SH,0.0025184896259709644
2024.07.22,600036.SH,0.052969314939571834
2024.07.22,600002.SH,0.05427417742726466
2024.07.22,600023.SH,0.05294939914450539
2024.07.22,600013.SH,0.08397476286616308
2024.07.22,000048.SZ,0.007528734570771006
2024.07.22,600020.SH,0.0005526452505378932
2024.07.22,000008.SZ,0.05689743707898534
2024.07.22,600022.SH,0.07275133918475368
2024.07.22,600032.SH,0.03303238326449041
2024.07.22,600011.SH,0.23885636383535272
2024.07.22,000016.SZ,0.08652642145170777
2024.07.22,600047.SH,0.03588729582984368
2024.07.22,000012.SZ,0.0590749599251609
2024.07.22,000039.SZ,0.08299324502192335
2024.07.22,000032.SZ,0.14112520145134402
2024.07.22,600021.SH,0.0681276738891714
2024.07.22,000045.SZ,0.058133476170520934
2024.07.22,600030.SH,0.4720776498170334
2024.07.22,000037.SZ,0.17213041246345095
2024.07.22,000011.SZ,0.1780733828752681
2024.07.22,600015.SH,0.007038727390995729
2024.07.22,000010.SZ,0.0663039176234682
2024.07.22,000007.SZ,0.1534674231241684
2024.07.22,000018.SZ,0.010084084282559153
2024.07.22,600012.SH,0.003134350736332113
2024.07.22,000003.SZ,0.01754346392658437
2024.07.22,600017.SH,0.013117108785142504
2024.07.22,000050.SZ,0.386386281902426
2024.07.22,600049.SH,0.09233531355635641
2024.07.22,000040.SZ,0.19077790867562455
2024.07.22,000009.SZ,0.11998995764684808
2024.07.22,600009.SH,0.10789666838720548
2024.07.22,000033.SZ,0.13068828657992937
2024.07.22,600006.SH,0.12251801549628835
2024.07.22,000002.SZ,0.47653012867391664
2024.07.22,600026.SH,0.11097756437239725
2024.07.22,000023.SZ,0.0010222031121109839
2024.07.22,000038.SZ,0.13507895319971425
2024.07.22,000029.SZ,0.06911379321677118
2024.07.22,000015.SZ,0.08562739188292394
2024.07.22,000014.SZ,0.039578807865382745
2024.07.22,600024.SH,0.05829676919964061
2024.07.22,000020.SZ,0.1211227727336844
2024.07.22,000004.SZ,0.021472928507476202
2024.07.22,000049.SZ,0.027281156174010827
2024.07.22,000024.SZ,0.07969898302967224
2024.07.22,000022.SZ,0.061917795993401546
2024.07.22,000021.SZ,0.009461747269026922
2024.07.22,000013.SZ,0.04779623499148788
2024.07.22,600003.SH,0.18111344726316542
2024.07.22,600027.SH,0.04368978739153778
2024.07.22,000028.SZ,0.05814950371181742
2024.07.22,600000.SH,0.25261782689380347
2024.07.22,600029.SH,0.0757263114558107
2024.07.22,600040.SH,0.07018353154953001
2024.07.22,600001.SH,0.12835560061249296
2024.07.22,600043.SH,0.16339733836799128
2024.07.22,000036.SZ,0.07640635645189907
2024.07.22,600014.SH,0.03804485020340103
2024.07.22,000019.SZ,0.032055722640642006
2024.07.22,600045.SH,0.07510157197930961
2024.07.22,600041.SH,0.035066588240426494
2024.07.22,600035.SH,0.10523497781828246
2024.07.22,600018.SH,0.054295470308153584
2024.07.22,000035.SZ,0.20873272333274842
2024.07.22,000017.SZ,0.06064428988118071
2024.07.22,000041.SZ,0.10946307263779927
2024.07.22,600010.SH,0.18541620301869197
2024.07.22,600046.SH,0.11651975542384373
2024.07.22,600005.SH,0.1333770394990878
2024.07.22,600007.SH,0.23167089947709615
2024.07.22,000030.SZ,0.06120327656909035
2024.07.22,600016.SH,0.018808351040418093
2024.07.22,600042.SH,0.021678267748247486
2024.07.22,600008.SH,5.223072436542008e-05
2024.07.22,600004.SH,0.0803668184060203
2024.07.22,600044.SH,0.006733181821452864
2024.07.23,600030.SH,0.09624764064923912
2024.07.23,600040.SH,0.34194951470888185
2024.07.23,000032.SZ,0.08934447941311227
2024.07.23,000035.SZ,0.05792077770480352
2024.07.23,000006.SZ,0.3905223348510142
2024.07.23,600009.SH,0.26606726066016784
2024.07.23,600041.SH,0.3372290019944737
2024.07.23,000043.SZ,0.04980563534111815
2024.07.23,000023.SZ,0.038921616707533455
2024.07.23,000008.SZ,0.06592318949567619
2024.07.23,600020.SH,0.34805872879491356
2024.07.23,600031.SH,0.04318285430635302
2024.07.23,000017.SZ,0.03658862225304565
2024.07.23,600036.SH,0.0062549066119902755
2024.07.23,600047.SH,0.026421897962373223
2024.07.23,000004.SZ,0.004754820145730725
2024.07.23,000036.SZ,0.08801342233045492
2024.07.23,000011.SZ,0.016473187239985268
2024.07.23,600016.SH,0.1056344560604979
2024.07.23,000031.SZ,0.09763369374793103
2024.07.23,600032.SH,0.0013486904280821017
2024.07.23,600035.SH,0.06228155381163639
2024.07.23,000034.SZ,0.07412642336920341
2024.07.23,000002.SZ,0.09338193627634966
2024.07.23,000049.SZ,0.1657330762864964
2024.07.23,000027.SZ,0.0909478873636012
2024.07.23,600039.SH,0.011958464731891582
2024.07.23,600005.SH,0.07744831906532314
2024.07.23,000050.SZ,0.15566278783418092
2024.07.23,000010.SZ,0.02677339720459253
2024.07.23,600000.SH,0.23478091111868613
2024.07.23,600025.SH,0.23983606192654397
2024.07.23,600006.SH,0.019051969828440908
2024.07.23,000016.SZ,0.22572965027548425
2024.07.23,600017.SH,0.12710595526493346
2024.07.23,000005.SZ,0.07474894418322918
2024.07.23,600038.SH,0.237293030183913
2024.07.23,600007.SH,0.14538691212041566
2024.07.23,000014.SZ,0.10317127180319821
2024.07.23,000045.SZ,0.1782178376041019
2024.07.23,600019.SH,0.1051688817264521
2024.07.23,000030.SZ,0.23972728646898386
2024.07.23,000048.SZ,0.08609293630072469
2024.07.23,600029.SH,0.25132868372823963
2024.07.23,000041.SZ,0.12227626223033962
2024.07.23,600012.SH,0.20583827409401007
2024.07.23,600021.SH,0.06146100309436775
2024.07.23,600011.SH,0.054948581612537
2024.07.23,600033.SH,0.2770619215805348
2024.07.23,600027.SH,0.14434579997806224
2024.07.23,600045.SH,0.08231080636190352
2024.07.23,600028.SH,0.05165200869985882
2024.07.23,000040.SZ,0.00027935638838751754
2024.07.23,000033.SZ,0.010304095910516975
2024.07.23,600015.SH,0.12662844067158685
2024.07.23,600013.SH,0.015315476876385905
2024.07.23,000003.SZ,0.015876606153983407
2024.07.23,600043.SH,0.04277863036295092
2024.07.23,000042.SZ,0.04782670535755959
2024.07.23,000028.SZ,0.056836885597446006
2024.07.23,000015.SZ,0.31898344236133613
2024.07.23,000019.SZ,0.09849247694767987
2024.07.23,600001.SH,0.13162339241506532
2024.07.23,600022.SH,0.01909764234466019
2024.07.23,000021.SZ,0.22358276598968613
2024.07.23,600042.SH,0.005609213407109014
2024.07.23,600002.SH,0.28733042113881024
2024.07.23,000007.SZ,0.05250141249774263
2024.07.23,000047.SZ,0.13757392366244384
2024.07.23,000026.SZ,0.0759554604204402
2024.07.23,600010.SH,0.013980457428037085
2024.07.23,000044.SZ,0.03950495730935859
2024.07.23,600044.SH,0.1757233914008492
2024.07.23,000029.SZ,0.01627637659307941
2024.07.23,600034.SH,0.07448802026243385
2024.07.23,600018.SH,0.11425167929681108
2024.07.23,600049.SH,0.09775849957147914
2024.07.23,000046.SZ,0.013993487314155773
2024.07.23,000001.SZ,0.2540706528157842
2024.07.23,000020.SZ,0.3094151729066257
2024.07.23,600008.SH,0.010987169844619855
2024.07.23,000037.SZ,0.054323483082886814
2024.07.23,600014.SH,0.026679636874212074
2024.07.23,000024.SZ,0.13417026423879472
2024.07.23,600046.SH,0.3218705147263887
2024.07.23,600026.SH,0.19375195269348777
2024.07.23,000039.SZ,0.08746981243049944
2024.07.23,000018.SZ,0.2147862493244873
2024.07.23,000025.SZ,0.03618843565338991
2024.07.23,600023.SH,0.15476571848048726
2024.07.23,000012.SZ,0.12936840277890682
2024.07.23,000022.SZ,0.060676019212056655
2024.07.23,600048.SH,0.017409518305225302
2024.07.23,000009.SZ,0.29149433458824064
2024.07.23,000013.SZ,0.15586463383141747
2024.07.23,000038.SZ,0.0537597157378753
2024.07.24,600038.SH,0.07663228286880504
2024.07.24,600037.SH,0.01663598956107801
2024.07.24,600026.SH,0.189636331203326
2024.07.24,000018.SZ,0.04746260160893207
2024.07.24,600024.SH,0.1277658337059387
2024.07.24,000041.SZ,0.1890160318700301
2024.07.24,600040.SH,0.08360628583824317
2024.07.24,000021.SZ,0.020413177200937375
2024.07.24,600025.SH,0.2697002407196259
2024.07.24,600009.SH,0.04517635699906125
2024.07.24,600008.SH,0.3683419898930258
2024.07.24,600039.SH,0.07840086985037574
2024.07.24,000007.SZ,0.10758169726130216
2024.07.24,600020.SH,0.03381359723813498
2024.07.24,600016.SH,0.026016959900311824
2024.07.24,600010.SH,0.03896252594315346
2024.07.24,000034.SZ,0.03900242425164427
2024.07.24,000043.SZ,0.05721144698065034
2024.07.24,600031.SH,0.11542575090578096
2024.07.24,600032.SH,0.1854559049022999
2024.07.24,000010.SZ,0.08555376974335309
2024.07.24,000017.SZ,0.02904876788100087
2024.07.24,000016.SZ,0.09185099700461012
2024.07.24,000009.SZ,0.06350502970801031
2024.07.24,600006.SH,0.1648521611316071
2024.07.24,600036.SH,0.06178518967160027
2024.07.24,000033.SZ,0.27243816437447577
2024.07.24,000050.SZ,0.0017368947966665072
2024.07.24,600004.SH,0.00025405692740767237
2024.07.24,000045.SZ,0.10491579269981957
2024.07.24,000023.SZ,0.19504039013095392
2024.07.24,600041.SH,0.015239726944580674
2024.07.24,000003.SZ,0.17565203666518242
2024.07.24,000024.SZ,0.031139948822163626
2024.07.24,000022.SZ,0.11920555872545319
2024.07.24,600002.SH,0.09043143851447114
2024.07.24,600048.SH,0.029236564703525765
2024.07.24,600012.SH,0.011714598923422402
2024.07.24,600023.SH,0.038788415844405025
2024.07.24,000013.SZ,0.10148566146120193
2024.07.24,000042.SZ,0.07632829769094986
2024.07.24,600046.SH,0.3107438841590717
2024.07.24,000044.SZ,0.044956481449452614
2024.07.24,000014.SZ,0.09214921979259677
2024.07.24,600042.SH,0.017670066049689126
2024.07.24,000027.SZ,0.10111080444466733
2024.07.24,000036.SZ,0.025003579049441216
2024.07.24,000039.SZ,0.31113519578436927
2024.07.24,600001.SH,0.06813102067031211
2024.07.24,000032.SZ,0.07189993636663332
2024.07.24,000015.SZ,0.052849333632461776
2024.07.24,600030.SH,0.02234433183799487
2024.07.24,000006.SZ,0.041894760865763575
2024.07.24,600029.SH,0.1906327332070089
2024.07.24,600015.SH,0.3998262638757416
2024.07.24,000030.SZ,0.12022257492496388
2024.07.24,600033.SH,0.09014866654966147
2024.07.24,600003.SH,0.37472293593427025
2024.07.24,600034.SH,0.16085042674842137
2024.07.24,000031.SZ,0.24163405627331377
2024.07.24,600043.SH,0.022357676720854324
2024.07.24,000040.SZ,0.06407901189626533
2024.07.24,600011.SH,0.11952560650591827
2024.07.24,600014.SH,0.0026903862437110794
2024.07.24,000012.SZ,0.22034434253467267
2024.07.24,000047.SZ,0.0069478698017181395
2024.07.24,000019.SZ,0.00976852595577111
2024.07.24,600035.SH,0.010454549242073298
2024.07.24,600021.SH,0.11723122547394182
2024.07.24,600000.SH,0.15998230559510754
2024.07.24,000026.SZ,0.16221720625443048
2024.07.24,000008.SZ,0.17687159292154778
2024.07.24,600028.SH,0.2562732813794086
2024.07.24,600045.SH,0.014493069542792062
2024.07.24,000049.SZ,0.0579022122962439
2024.07.24,000002.SZ,0.004784664458362275
2024.07.24,600027.SH,0.35284577099112713
2024.07.24,600017.SH,0.09180306988041695
2024.07.24,600047.SH,0.11154926203714545
2024.07.24,000046.SZ,0.07569082358896952
2024.07.24,000037.SZ,0.41155700410235896
2024.07.24,000020.SZ,0.04665939472803121
2024.07.24,600018.SH,0.07846116001928617
2024.07.24,600007.SH,0.8012935290371064
2024.07.24,600044.SH,0.01905374281866753
2024.07.24,600019.SH,0.04662034376750224
2024.07.24,000005.SZ,0.36358112469581894
2024.07.24,600049.SH,4.0039814155757345e-05
2024.07.24,600005.SH,0.011479143293459292
2024.07.24,000025.SZ,0.09350931637342101
2024.07.24,000011.SZ,0.2248230776992447
2024.07.24,600022.SH,0.030592980043155384
2024.07.24,000001.SZ,0.07685048240333058
2024.07.24,000048.SZ,0.13869379918050811
2024.07.24,000038.SZ,0.5013884987024771
2024.07.24,600013.SH,0.22989346183553688
2024.07.25,000031.SZ,0.1489304680283101
2024.07.25,000009.SZ,0.5217908423120051
2024.07.25,000015.SZ,0.06683940810490861
2024.07.25,000008.SZ,0.24691887451583516
2024.07.25,000048.SZ,0.12823670258314995
2024.07.25,000025.SZ,0.0068757420293337436
2024.07.25,600021.SH,0.12012722007702263
2024.07.25,000029.SZ,0.3412815481349325
2024.07.25,000041.SZ,0.31725336201501453
2024.07.25,000007.SZ,0.1308321480689308
2024.07.25,600031.SH,0.15818185037867186
2024.07.25,600018.SH,0.16935551043096497
2024.07.25,600005.SH,0.1387767363899044
2024.07.25,000045.SZ,0.25766693427162135
2024.07.25,000012.SZ,0.03318359814570856
2024.07.25,600011.SH,0.08872387201914413
2024.07.25,600022.SH,0.04788967356804202
2024.07.25,600044.SH,0.015760638294626005
2024.07.25,600014.SH,0.2343473751456796
2024.07.25,000022.SZ,0.027675464957561558
2024.07.25,600036.SH,0.055983704203871054
2024.07.25,600048.SH,0.37694053720302356
2024.07.25,600024.SH,0.059354926723269974
2024.07.25,000044.SZ,0.09033051744013963
2024.07.25,000026.SZ,0.0018388003246925786
2024.07.25,000039.SZ,0.37555812313176784
2024.07.25,600000.SH,0.22753259367178144
2024.07.25,600023.SH,0.054706808674385154
2024.07.25,600029.SH,0.6162081207787256
2024.07.25,600025.SH,0.08172003290251352
2024.07.25,000049.SZ,0.08380746564627933
2024.07.25,600028.SH,0.011931100846019333
2024.07.25,000035.SZ,0.0067870207720999425
2024.07.25,000027.SZ,0.05079655214973824
2024.07.25,000002.SZ,0.020135025539036303
2024.07.25,600041.SH,0.15301003126286927
2024.07.25,000043.SZ,0.2126299863000226
2024.07.25,600043.SH,0.07063807845906518
2024.07.25,600032.SH,0.17870536087690114
2024.07.25,000023.SZ,0.09230470623145585
2024.07.25,000040.SZ,0.0286328716581682
2024.07.25,000042.SZ,0.036906047904260095
2024.07.25,600007.SH,0.02898963733161982
2024.07.25,000006.SZ,0.15634429573258218
2024.07.25,000021.SZ,0.0002463747659958535
2024.07.25,000018.SZ,0.03889108738748738
2024.07.25,600003.SH,0.3990027556869905
2024.07.25,600034.SH,0.024389093357009298
2024.07.25,000038.SZ,0.19280612731955465
2024.07.25,000005.SZ,0.0523559803528782
2024.07.25,000028.SZ,0.009456116250068695
2024.07.25,000010.SZ,0.05316054940901748
2024.07.25,600017.SH,0.03506935722814592
2024.07.25,600027.SH,0.045069853936788674
2024.07.25,600049.SH,0.2268613891217248
2024.07.25,600001.SH,0.050986840103189844
2024.07.25,600040.SH,0.07999020598706257
2024.07.25,600006.SH,0.06567618898688499
2024.07.25,600039.SH,0.0035902689971809855
2024.07.25,000019.SZ,0.0013838951019747032
2024.07.25,600030.SH,0.039821172374423605
2024.07.25,600046.SH,0.221585226018223
2024.07.25,000050.SZ,0.19318603605256546
2024.07.25,000046.SZ,0.269653253593092
2024.07.25,000024.SZ,0.13264136760200682
2024.07.25,600009.SH,0.016547438268721182
2024.07.25,000037.SZ,0.03754270779645892
2024.07.25,600008.SH,0.10996694983791538
2024.07.25,600012.SH,0.01111910394687545
2024.07.25,000036.SZ,0.13600821666530613
2024.07.25,600016.SH,0.246797063774631
2024.07.25,000033.SZ,0.49888206807775154
2024.07.25,000003.SZ,0.17095735459108025
2024.07.25,600037.SH,0.2823478663538271
2024.07.25,600020.SH,0.2814517018577924
2024.07.25,600019.SH,0.3121342791590825
2024.07.25,600002.SH,0.005215639715635893
2024.07.25,000020.SZ,0.00980990854001948
2024.07.25,600033.SH,0.32561105764795056
2024.07.25,000011.SZ,0.269669834181484
2024.07.25,000032.SZ,0.03150715621370291
2024.07.25,600026.SH,0.1015817943296911
2024.07.25,600038.SH,0.27789242650978846
2024.07.25,000013.SZ,0.012467635901073358
2024.07.25,000016.SZ,0.005684442583219262
2024.07.25,600045.SH,0.15205478088765148
2024.07.25,600010.SH,0.05081956753475649
2024.07.25,600042.SH,0.02017745140244222
2024.07.25,600047.SH,0.04762764342938218
2024.07.25,000034.SZ,0.09430875398171142
2024.07.25,000047.SZ,0.08820573597554955
2024.07.25,000001.SZ,0.1017098177716478
2024.07.25,000004.SZ,0.10663099720141142
2024.07.25,000014.SZ,0.5631140699268465
2024.07.25,000030.SZ,0.5126741719638048
2024.07.25,600004.SH,0.0026320666801294287
2024.07.25,600013.SH,0.16072478881948782
2024.07.25,600035.SH,0.04342798162348401
2024.07.26,600020.SH,0.07204023272572595
2024.07.26,000020.SZ,0.13548309749982035
2024.07.26,600002.SH,0.21916759850126963
2024.07.26,600016.SH,0.043457232402173515
2024.07.26,600003.SH,0.1491267165432632
2024.07.26,600038.SH,0.16618892677065994
2024.07.26,600029.SH,0.15566234652293898
2024.07.26,600049.SH,0.20931629182382816
2024.07.26,000018.SZ,0.09720493851791404
2024.07.26,000014.SZ,0.21348041580369181
2024.07.26,000048.SZ,0.005298416356284028
2024.07.26,600028.SH,0.14766018478841061
2024.07.26,600042.SH,0.0910619859270538
2024.07.26,600040.SH,0.06506510224136143
2024.07.26,000024.SZ,0.04989154798783976
2024.07.26,000023.SZ,0.4104315363715619
2024.07.26,000030.SZ,0.19658359149759955
2024.07.26,000026.SZ,0.0017893011197454888
2024.07.26,600047.SH,0.17684376934979007
2024.07.26,600036.SH,0.010806986316219153
2024.07.26,600021.SH,0.06101826753885416
2024.07.26,000038.SZ,0.04527819551084701
2024.07.26,600026.SH,0.13447279626689337
2024.07.26,000033.SZ,0.07168954297897172
2024.07.26,000045.SZ,0.05548803602155373
2024.07.26,000034.SZ,0.05184947212153216
2024.07.26,000044.SZ,0.060033909138513114
2024.07.26,600010.SH,0.013625885039890937
2024.07.26,600037.SH,0.37614059023743623
2024.07.26,000007.SZ,0.04191733406991054
2024.07.26,600005.SH,0.05452404772461365
2024.07.26,000016.SZ,0.005837326519176554
2024.07.26,000006.SZ,0.2562741190615484
2024.07.26,600035.SH,0.05414990545815338
2024.07.26,600015.SH,0.08070692998822059
2024.07.26,000050.SZ,0.20228228347214414
2024.07.26,000012.SZ,0.42802618033771794
2024.07.26,000003.SZ,0.1860861880972506
2024.07.26,600024.SH,0.00433810066334856
2024.07.26,000004.SZ,0.20936291004317195
2024.07.26,000005.SZ,0.4908321993524328
2024.07.26,000002.SZ,0.17183172683024553
2024.07.26,000031.SZ,0.10312979545118164
2024.07.26,000040.SZ,0.0001767031600926644
2024.07.26,000021.SZ,0.03832064140646214
2024.07.26,000013.SZ,0.0009340257182900128
2024.07.26,600000.SH,0.07928979535308481
2024.07.26,000022.SZ,0.002561483637036725
2024.07.26,600025.SH,0.034036707953607116
2024.07.26,600039.SH,0.11964683332870407
2024.07.26,600017.SH,0.24596037741177876
2024.07.26,000017.SZ,0.29215441222759536
2024.07.26,000025.SZ,0.1256792273335934
2024.07.26,000042.SZ,0.12506254614242818
2024.07.26,000032.SZ,0.11119731830336063
2024.07.26,600013.SH,0.0012760408605846751
2024.07.26,000010.SZ,0.23215792639832808
2024.07.26,600012.SH,0.1618310949156151
2024.07.26,600001.SH,0.013369808578838484
2024.07.26,600009.SH,0.03784196783908551
2024.07.26,000028.SZ,0.05799438490001499
2024.07.26,000037.SZ,0.008075332926064218
2024.07.26,000047.SZ,0.005707359995452011
2024.07.26,000041.SZ,0.23779335087398573
2024.07.26,000008.SZ,0.06969365725727712
2024.07.26,600006.SH,0.32196910365110365
2024.07.26,000027.SZ,0.05567691986469406
2024.07.26,600033.SH,0.053571450488916345
2024.07.26,600031.SH,0.0340208967211594
2024.07.26,600043.SH,0.04662691607126801
2024.07.26,000043.SZ,0.04905584490396712
2024.07.26,600034.SH,0.03727908760705466
2024.07.26,600048.SH,0.06986296418156993
2024.07.26,000011.SZ,0.25883093398922163
2024.07.26,600023.SH,0.042613517110502264
2024.07.26,600014.SH,0.009915088182814832
2024.07.26,000009.SZ,0.024821707978053487
2024.07.26,000049.SZ,0.06043333105703049
2024.07.26,600027.SH,0.11436420431625124
2024.07.26,000015.SZ,0.22714224610389355
2024.07.26,600019.SH,0.014414912896002026
2024.07.26,000046.SZ,0.08587889073618359
2024.07.26,600018.SH,0.09011043230319282
2024.07.26,600044.SH,0.07527792736785859
2024.07.26,600045.SH,0.44927408583166617
2024.07.26,600032.SH,0.03529910772358579
2024.07.26,600030.SH,0.01991957990551151
2024.07.26,000039.SZ,0.007517590849769307
2024.07.26,000001.SZ,0.1401457525994379
2024.07.26,000029.SZ,0.08691748729166088
2024.07.26,600007.SH,0.003107552577524813
2024.07.26,000036.SZ,0.0913406848046469
2024.07.26,600041.SH,0.07237986471621144
2024.07.26,000019.SZ,0.021112463479558502
2024.07.26,600046.SH,0.0919724827140508
2024.07.26,600022.SH,0.04093452477134917
2024.07.29,600013.SH,0.08672215403046865
2024.07.29,600027.SH,0.11619356281333361
2024.07.29,600017.SH,0.033121930244555065
2024.07.29,600032.SH,0.02118181744172293
2024.07.29,600031.SH,0.1394192906696326
2024.07.29,000026.SZ,0.0752216214904422
2024.07.29,000024.SZ,0.036277665110773384
2024.07.29,600049.SH,0.13405513717188816
2024.07.29,000049.SZ,0.17253997859483777
2024.07.29,600029.SH,0.17711483060199512
2024.07.29,600018.SH,0.14507930774504252
2024.07.29,600000.SH,0.035068967992256304
2024.07.29,000016.SZ,0.024648122773762403
2024.07.29,000022.SZ,0.3279983039335275
2024.07.29,600035.SH,0.02527210986898714
2024.07.29,000011.SZ,0.0973971602236612
2024.07.29,000047.SZ,0.022156771023518762
2024.07.29,600002.SH,0.14993581328519476
2024.07.29,000007.SZ,0.4542096530109912
2024.07.29,000050.SZ,0.05590648464612231
2024.07.29,000038.SZ,0.008065049035990264
2024.07.29,000008.SZ,0.2200334649641923
2024.07.29,000040.SZ,0.06283163120151995
2024.07.29,600010.SH,0.2325316581039162
2024.07.29,000023.SZ,0.1417868153406699
2024.07.29,600030.SH,0.22017657121243342
2024.07.29,000031.SZ,0.010821202832557329
2024.07.29,600046.SH,0.04256400733398875
2024.07.29,000034.SZ,0.14044877743179296
2024.07.29,600004.SH,0.34016397791891045
2024.07.29,600047.SH,0.14565030724137706
2024.07.29,600033.SH,0.2937588939089232
2024.07.29,000020.SZ,0.0484068910805922
2024.07.29,000032.SZ,0.13076613483224073
2024.07.29,000017.SZ,0.18230072830143676
2024.07.29,600039.SH,0.004228908504765706
2024.07.29,600043.SH,0.05841282418905385
2024.07.29,600023.SH,0.029844479868225866
2024.07.29,000004.SZ,0.06564375798604434
2024.07.29,600040.SH,0.08152104063833014
2024.07.29,600016.SH,0.05537477412909052
2024.07.29,600026.SH,0.08899612427329058
2024.07.29,600021.SH,0.08838713749991982
2024.07.29,000010.SZ,0.24213252135919167
2024.07.29,600036.SH,0.2765134911778666
2024.07.29,600045.SH,0.04975947812800662
2024.07.29,000036.SZ,0.02043356910600232
2024.07.29,000029.SZ,0.235830814810465
2024.07.29,000006.SZ,0.011484576714025386
2024.07.29,600034.SH,0.10487266161597171
2024.07.29,600007.SH,0.06590563260965833
2024.07.29,000042.SZ,0.20811080835934545
2024.07.29,600038.SH,0.09533368377616731
2024.07.29,600020.SH,0.1237930805560127
2024.07.29,000044.SZ,0.08259510958254283
2024.07.29,600008.SH,0.046667554209845676
2024.07.29,600009.SH,0.026317268433415704
2024.07.29,000027.SZ,0.08281969002340549
2024.07.29,000041.SZ,0.18763550746859775
2024.07.29,600024.SH,0.21559428621671248
2024.07.29,000028.SZ,0.46219551376853235
2024.07.29,600006.SH,0.044398318433085594
2024.07.29,600025.SH,0.10212384608876302
2024.07.29,000012.SZ,0.03313447492641496
2024.07.29,000018.SZ,0.09083222101041585
2024.07.29,000048.SZ,0.5371130634771614
2024.07.29,000046.SZ,0.06847847866890391
2024.07.29,600022.SH,0.014348086136809076
2024.07.29,600019.SH,0.1775844504513675
2024.07.29,000014.SZ,0.3630462545364773
2024.07.29,600037.SH,0.020742123325375485
2024.07.29,000002.SZ,0.22126179127567905
2024.07.29,000001.SZ,0.06799792279309279
2024.07.29,600028.SH,0.06088909568027369
2024.07.29,000043.SZ,0.06424649557580214
2024.07.29,000019.SZ,0.0448302211931242
2024.07.29,000015.SZ,0.03078246306470941
2024.07.29,000025.SZ,0.09398956611640742
2024.07.29,000009.SZ,0.0016335097945200728
2024.07.29,000021.SZ,0.05077247943027555
2024.07.29,000045.SZ,0.05012808535351802
2024.07.29,000030.SZ,0.017208128367252412
2024.07.29,600048.SH,0.10382686926889162
2024.07.29,600042.SH,0.03530056295078101
2024.07.29,000033.SZ,0.19542543496676437
2024.07.29,000003.SZ,0.03670444633303001
2024.07.29,000005.SZ,0.036154288033084396
2024.07.29,600044.SH,0.01197244224231455
2024.07.29,000039.SZ,0.08862016719621017
2024.07.29,600003.SH,0.10496918793479407
2024.07.29,600041.SH,0.174387117689883
2024.07.29,600011.SH,0.035528897290710154
2024.07.29,000035.SZ,0.16143614106677093
2024.07.29,000013.SZ,0.14062540232287452
2024.07.29,000037.SZ,0.00639690147596257
2024.07.29,600012.SH,0.08523043174357861
2024.07.29,600001.SH,0.006819455873665018
2024.07.29,600014.SH,0.012871622780615587
2024.07.30,000030.SZ,0.17428437325207694
2024.07.30,000039.SZ,0.010161949392400496
2024.07.30,600042.SH,0.018236310152257528
2024.07.30,000048.SZ,0.1433554749319784
2024.07.30,000028.SZ,0.09314321735639086
2024.07.30,000049.SZ,0.362614520584905
2024.07.30,000019.SZ,0.06501409063346067
2024.07.30,600029.SH,0.00022347071475159575
2024.07.30,600004.SH,0.9094480444380112
2024.07.30,000027.SZ,0.005982423096037702
2024.07.30,600006.SH,0.0015309971204893545
2024.07.30,600010.SH,0.11270427946890303
2024.07.30,000011.SZ,0.04682156149636829
2024.07.30,000037.SZ,0.21185775626361114
2024.07.30,000004.SZ,0.15961625775994343
2024.07.30,600043.SH,0.09934577682254035
2024.07.30,000047.SZ,0.14382282527513032
2024.07.30,000024.SZ,0.061684537143909736
2024.07.30,600005.SH,0.04037496589717781
2024.07.30,600015.SH,0.03198222104998865
2024.07.30,600040.SH,0.561838997932795
2024.07.30,000046.SZ,0.04533729763388879
2024.07.30,600018.SH,0.036256350935691385
2024.07.30,600034.SH,0.0234103146542034
2024.07.30,000032.SZ,0.09032952680124189
2024.07.30,600022.SH,0.16730250802377056
2024.07.30,600046.SH,0.24564871614334324
2024.07.30,000040.SZ,0.09033197759821461
2024.07.30,600028.SH,0.3792142231690987
2024.07.30,000007.SZ,0.3268145128805772
2024.07.30,600024.SH,0.07994482488809965
2024.07.30,000006.SZ,0.022744301236061838
2024.07.30,000035.SZ,0.17358935383964158
2024.07.30,000029.SZ,0.026225662018979357
2024.07.30,600003.SH,0.07764087648508215
2024.07.30,000020.SZ,0.03559500131461599
2024.07.30,600002.SH,0.029170499107352574
2024.07.30,000013.SZ,0.3964965788945297
2024.07.30,600001.SH,0.10205682480159883
2024.07.30,000038.SZ,0.010601035613501378
2024.07.30,000041.SZ,0.03773369013184697
2024.07.30,000044.SZ,0.08874744292995732
2024.07.30,600025.SH,0.12258939890887306
2024.07.30,600013.SH,0.3155562507315362
2024.07.30,000017.SZ,0.07393555374278693
2024.07.30,600048.SH,0.3004412399889958
2024.07.30,600011.SH,0.004365132785736374
2024.07.30,600033.SH,0.11403263585872431
2024.07.30,000036.SZ,0.2610252039540631
2024.07.30,600031.SH,0.07262830872009676
2024.07.30,600016.SH,0.2369385337219525
2024.07.30,600037.SH,0.006743765324829123
2024.07.30,600008.SH,0.12148618599597678
2024.07.30,000010.SZ,0.18210911246939362
2024.07.30,600045.SH,0.21574120417044124
2024.07.30,600038.SH,0.22716357529358683
2024.07.30,600023.SH,0.3470306137050864
2024.07.30,600009.SH,0.025370623543765767
2024.07.30,600007.SH,0.19648610357575821
2024.07.30,600014.SH,0.16136333030713582
2024.07.30,000050.SZ,0.07819433253410722
2024.07.30,000015.SZ,0.17257610659302897
2024.07.30,000003.SZ,0.4264834014458996
2024.07.30,000009.SZ,0.07759917233857092
2024.07.30,000023.SZ,0.05075412956622407
2024.07.30,000012.SZ,0.05378162131154244
2024.07.30,000008.SZ,0.27750487274081315
2024.07.30,000021.SZ,0.1320975406919847
2024.07.30,000016.SZ,0.015034238910038059
2024.07.30,000025.SZ,0.255537154333112
2024.07.30,600017.SH,0.019595476247894737
2024.07.30,000001.SZ,0.11754105651058805
2024.07.30,600035.SH,0.033294024618445925
2024.07.30,000022.SZ,0.31191387234969864
2024.07.30,000026.SZ,0.0897708631098462
2024.07.30,000033.SZ,0.08664817935337338
2024.07.30,000034.SZ,0.03670137242144048
2024.07.30,600039.SH,0.03616243372202396
2024.07.30,000042.SZ,0.2554963918325364
2024.07.30,600027.SH,0.15039712342219805
2024.07.30,600049.SH,0.20782860139413564
2024.07.30,600021.SH,0.2180660574896073
2024.07.30,600026.SH,0.025197062118616827
2024.07.30,000005.SZ,0.09724858058872515
2024.07.30,000045.SZ,0.11424469901094518
2024.07.30,600030.SH,0.03068150767835276
2024.07.30,600036.SH,0.1842225052709814
2024.07.30,600047.SH,0.10371379039488404
2024.07.30,600019.SH,0.13353456428921756
2024.07.30,600041.SH,0.05003065835393936
2024.07.30,600000.SH,0.11580920662379844
2024.07.30,000002.SZ,0.5152572742104592
2024.07.30,000014.SZ,0.0642259844853564
2024.07.30,000018.SZ,0.03467436689434502
2024.07.30,000031.SZ,0.05779471459425135
2024.07.30,600020.SH,0.014793675998094977
2024.07.30,600032.SH,0.20342690115359502
2024.07.31,000035.SZ,0.018851099713793208
2024.07.31,000042.SZ,0.10411881316734942
2024.07.31,600033.SH,0.029637253787963017
2024.07.31,000010.SZ,0.03581108575269521
2024.07.31,600021.SH,0.190651494702408
2024.07.31,600006.SH,0.18061709570409207
2024.07.31,000027.SZ,0.34292850915504025
2024.07.31,000024.SZ,0.05805748661183907
2024.07.31,000034.SZ,0.12445275239315856
2024.07.31,600005.SH,0.022308227268415352
2024.07.31,600027.SH,0.0036578853380472187
2024.07.31,600023.SH,0.2890477929755253
2024.07.31,000038.SZ,0.2155845330938877
2024.07.31,600009.SH,0.3986394494234176
2024.07.31,600031.SH,0.017392404033861594
2024.07.31,600044.SH,0.1627751415482945
2024.07.31,600022.SH,0.12233860935685319
2024.07.31,600028.SH,0.09119134772630486
2024.07.31,600014.SH,0.057994724159632485
2024.07.31,000012.SZ,0.012027822602657586
2024.07.31,000013.SZ,0.032155815081104204
2024.07.31,600020.SH,0.1650632675882799
2024.07.31,000014.SZ,0.2572399297327276
2024.07.31,600039.SH,0.05012623650638983
2024.07.31,000017.SZ,0.09065330940575853
2024.07.31,000029.SZ,0.016366623448237944
2024.07.31,000046.SZ,0.07490333181641062
2024.07.31,600041.SH,0.13113208493937825
2024.07.31,600046.SH,0.36122144476962575
2024.07.31,000003.SZ,0.06853932583424194
2024.07.31,600035.SH,0.49044973718807455
2024.07.31,600011.SH,0.14657008758625467
2024.07.31,000044.SZ,0.2936830156076205
2024.07.31,600015.SH,0.0579290105799826
2024.07.31,600019.SH,0.12398158652859004
2024.07.31,000033.SZ,0.02352322884081334
2024.07.31,000047.SZ,0.03730586383028305
2024.07.31,000041.SZ,0.07651991620143668
2024.07.31,600047.SH,0.08924666874907891
2024.07.31,000004.SZ,0.2331584942092366
2024.07.31,600042.SH,0.24242575494863994
2024.07.31,600016.SH,0.23944577367161984
2024.07.31,000021.SZ,0.08393083008834858
2024.07.31,000036.SZ,0.15960750499792956
2024.07.31,600032.SH,0.2784058909126366
2024.07.31,600004.SH,0.013515574961791139
2024.07.31,600008.SH,0.018714704481851103
2024.07.31,000028.SZ,0.11200854723893801
2024.07.31,600036.SH,0.37991290852577625
2024.07.31,000026.SZ,0.10626623163418825
2024.07.31,000002.SZ,0.3994787173209275
2024.07.31,600049.SH,0.04133026266088509
2024.07.31,000030.SZ,0.539896562275922
2024.07.31,600030.SH,0.21007190986167007
2024.07.31,000009.SZ,0.055390854057817025
2024.07.31,000031.SZ,0.007792244506289027
2024.07.31,000043.SZ,0.08751179118295153
2024.07.31,000001.SZ,0.009449210431081123
2024.07.31,000006.SZ,0.061083503009000006
2024.07.31,000045.SZ,0.17942729785353845
2024.07.31,600018.SH,0.029478415300050836
2024.07.31,000008.SZ,0.05114595154152751
2024.07.31,000020.SZ,0.3486447262782813
2024.07.31,600029.SH,0.05079107913597982
2024.07.31,000022.SZ,0.00017310560112263325
2024.07.31,000007.SZ,0.025469386747826655
2024.07.31,600034.SH,0.12705302700835555
2024.07.31,000025.SZ,0.003320294576800957
2024.07.31,000048.SZ,0.011283281625540592
2024.07.31,600026.SH,0.027203049296906458
2024.07.31,600037.SH,0.33950882323980386
2024.07.31,000050.SZ,0.044837104359442076
2024.07.31,600040.SH,0.03467220977123807
2024.07.31,600000.SH,0.10887876909548225
2024.07.31,000032.SZ,0.0012217194894383466
2024.07.31,600007.SH,0.11016374605936638
2024.07.31,600003.SH,0.29716873553284057
2024.07.31,000018.SZ,0.21311626015114765
2024.07.31,600043.SH,0.08079578632449674
2024.07.31,600017.SH,0.0063450569668263845
2024.07.31,600013.SH,0.06409085476485873
2024.07.31,600024.SH,0.2126354890710691
2024.07.31,000039.SZ,0.14287116798829538
2024.07.31,600025.SH,0.24209095269826308
2024.07.31,600001.SH,0.018713652969455367
2024.07.31,600002.SH,0.0862436823803178
2024.07.31,000023.SZ,0.032029612478534024
2024.07.31,000049.SZ,0.03329283019186441
2024.07.31,000040.SZ,2.7876616452955653e-05
2024.07.31,000016.SZ,0.0200444352854278
2024.07.31,600048.SH,0.23135393475097102
2024.07.31,000015.SZ,0.01011751706627142
2024.07.31,600045.SH,0.009040078674079972
2024.07.31,000011.SZ,0.059252224485299494
2024.07.31,000037.SZ,0.12320102254786353
2024.07.31,600038.SH,0.0055707652350167804
2024.07.31,000019.SZ,0.2758048038334189
2024.08.01,600016.SH,0.06672075587167624
2024.08.01,600045.SH,0.2917235342918479
2024.08.01,600030.SH,0.1018292106577207
2024.08.01,600025.SH,0.08225624866954867
2024.08.01,000007.SZ,0.11019242805310939
2024.08.01,000010.SZ,0.1219469098069791
2024.08.01,000001.SZ,0.003523917296286387
2024.08.01,600044.SH,0.04096562607216597
2024.08.01,600018.SH,0.025711275619297876
2024.08.01,000027.SZ,0.06379506613083509
2024.08.01,600022.SH,0.12734735600427186
2024.08.01,000022.SZ,0.24890677046468282
2024.08.01,000006.SZ,0.08048453276269188
2024.08.01,600007.SH,0.0051851290776231875
2024.08.01,000036.SZ,0.08234776618443727
2024.08.01,000009.SZ,0.08534074384552318
2024.08.01,000032.SZ,0.03584908505185356
2024.08.01,000039.SZ,0.16587211075959524
2024.08.01,000047.SZ,0.04197097964658072
2024.08.01,600021.SH,0.1477138247867386
2024.08.01,600028.SH,0.16906282706176248
2024.08.01,000046.SZ,0.17718324604262678
2024.08.01,000015.SZ,0.12665912241248273
2024.08.01,600015.SH,0.0043882915395512265
2024.08.01,000018.SZ,0.15063344955979815
2024.08.01,600038.SH,0.029193765601418925
2024.08.01,000003.SZ,0.1542805863939427
2024.08.01,600036.SH,0.19273533795346745
2024.08.01,000034.SZ,0.008750226704025353
2024.08.01,600001.SH,0.04595826144855074
2024.08.01,600006.SH,0.027463177022627107
2024.08.01,600012.SH,0.24342123967259552
2024.08.01,600047.SH,0.17660025990221404
2024.08.01,000011.SZ,0.004542786437561579
2024.08.01,000013.SZ,0.01545280377867513
2024.08.01,600029.SH,0.07847223008342806
2024.08.01,600041.SH,0.38059944080228997
2024.08.01,000024.SZ,0.1557571368348422
2024.08.01,600040.SH,0.09676277982122156
2024.08.01,600043.SH,0.12395538904380426
2024.08.01,600035.SH,0.1080078004515251
2024.08.01,600031.SH,0.0027065003039354286
2024.08.01,000017.SZ,0.06931711785074333
2024.08.01,000019.SZ,0.0032146044799032493
2024.08.01,000048.SZ,0.046368000431212114
2024.08.01,000030.SZ,0.07456904413246601
2024.08.01,000012.SZ,0.003530622001608644
2024.08.01,600004.SH,0.11580337233966441
2024.08.01,600027.SH,0.028078070631402063
2024.08.01,000043.SZ,0.018673329624699617
2024.08.01,600008.SH,0.04284954859333767
2024.08.01,000002.SZ,0.19755162533393975
2024.08.01,000021.SZ,0.024824173042493364
2024.08.01,600046.SH,0.2287505356130611
2024.08.01,600032.SH,0.2160395272991004
2024.08.01,600048.SH,0.055131815890965885
2024.08.01,000041.SZ,0.01849758118359179
2024.08.01,000037.SZ,0.03917471602285713
2024.08.01,000016.SZ,0.04642318498605839
2024.08.01,000044.SZ,0.031781469744447656
2024.08.01,600020.SH,0.018259058275661568
2024.08.01,600033.SH,0.1316262307637856
2024.08.01,000040.SZ,0.16463752762728032
2024.08.01,600037.SH,0.15279381513674684
2024.08.01,000005.SZ,0.0015567345756940796
2024.08.01,600026.SH,0.011122792357887542
2024.08.01,600017.SH,0.1401833081784602
2024.08.01,600005.SH,0.17155022861988206
2024.08.01,000038.SZ,0.17214435480572096
2024.08.01,600019.SH,0.1366474351399458
2024.08.01,600009.SH,0.04870807387884416
2024.08.01,600034.SH,0.46510458233603785
2024.08.01,000026.SZ,0.5414148117879415
2024.08.01,000049.SZ,0.1441757775774522
2024.08.01,600011.SH,0.08552804177456672
2024.08.01,600000.SH,0.14961632539876316
2024.08.01,600002.SH,0.5295846315128998
2024.08.01,000008.SZ,0.002686700682958724
2024.08.01,600010.SH,0.028212171631177316
2024.08.01,000023.SZ,0.05311389832231664
2024.08.01,600013.SH,0.11824911966737114
2024.08.01,000035.SZ,0.06939296734644693
2024.08.01,000025.SZ,0.0527818474581406
2024.08.01,600042.SH,0.02783343708195804
2024.08.01,000014.SZ,0.12320039905244108
2024.08.01,000033.SZ,0.40714696118077937
2024.08.01,600039.SH,0.01941608222448413
2024.08.01,600003.SH,0.004122217525734532
2024.08.01,000031.SZ,0.059135108360146287
2024.08.01,000042.SZ,0.12563065471414733
2024.08.01,000020.SZ,0.5786393022218954
2024.08.01,000028.SZ,0.05850885049158681
2024.08.01,000050.SZ,0.5098299248168425
2024.08.01,600049.SH,0.046172687074389096
2024.08.01,600024.SH,0.11792001795489052
2024.08.01,000029.SZ,0.07330429900751334
2024.08.01,600014.SH,0.32592973500137473
2024.08.01,000045.SZ,0.06855868686125363
2024.08.02,600009.SH,0.16437109494763016
2024.08.02,600026.SH,0.05721070204415873
2024.08.02,600010.SH,0.2217254356907103
2024.08.02,600040.SH,0.22887991767784718
2024.08.02,600011.SH,0.04036245970111951
2024.08.02,600022.SH,0.06590378382669697
2024.08.02,000042.SZ,0.09503795858529632
2024.08.02,600036.SH,0.1597064255871426
2024.08.02,000021.SZ,0.010334546382654738
2024.08.02,000012.SZ,0.1332338915878331
2024.08.02,000019.SZ,0.05548190314297695
2024.08.02,000020.SZ,0.16355273301685813
2024.08.02,600005.SH,0.04554876027105521
2024.08.02,600004.SH,0.4609267895522971
2024.08.02,600048.SH,0.09433569082878024
2024.08.02,000010.SZ,0.009001387167291484
2024.08.02,000017.SZ,0.006221050453828459
2024.08.02,000050.SZ,0.0893895597208688
2024.08.02,000049.SZ,0.08368074029865757
2024.08.02,000045.SZ,0.013333697109275114
2024.08.02,600038.SH,0.07328213577776585
2024.08.02,600027.SH,0.052414952197802726
2024.08.02,000037.SZ,0.1742905425903717
2024.08.02,000043.SZ,0.015556845163092184
2024.08.02,000018.SZ,0.043175283746806466
2024.08.02,000013.SZ,0.12149090672422405
2024.08.02,600002.SH,0.09326186734789478
2024.08.02,000009.SZ,0.38330559319516155
2024.08.02,000023.SZ,0.011743025613846632
2024.08.02,000028.SZ,0.017319019607175783
2024.08.02,000002.SZ,0.2757466913714269
2024.08.02,600013.SH,0.09819648058735156
2024.08.02,600016.SH,0.11130149532939138
2024.08.02,600007.SH,0.3932111216934802
2024.08.02,600047.SH,0.024471269935930923
2024.08.02,000011.SZ,0.027032432404404404
2024.08.02,600019.SH,0.2665462567053517
2024.08.02,000030.SZ,0.02273855148889812
2024.08.02,000001.SZ,0.03584231948867219
2024.08.02,000003.SZ,0.01642931233273698
2024.08.02,600024.SH,0.04071627646223725
2024.08.02,000027.SZ,0.0909800331549712
2024.08.02,000035.SZ,0.01656143880407548
2024.08.02,600021.SH,0.013129960614254572
2024.08.02,600000.SH,0.07934655566401011
2024.08.02,600034.SH,0.06524303124245188
2024.08.02,600039.SH,0.3264637500409652
2024.08.02,000034.SZ,0.19798424122514247
2024.08.02,000033.SZ,0.003486198305391417
2024.08.02,000039.SZ,0.24886412181611295
2024.08.02,600044.SH,0.47026530755317414
2024.08.02,000029.SZ,0.12420419664809428
2024.08.02,000048.SZ,0.08753572681924879
2024.08.02,000047.SZ,0.3787135771672697
2024.08.02,600029.SH,0.09461200930767841
2024.08.02,600037.SH,0.016860327219036478
2024.08.02,000014.SZ,0.007715919149121865
2024.08.02,000022.SZ,0.043559582919750026
2024.08.02,000031.SZ,0.1833915733702534
2024.08.02,600001.SH,0.03165943058137645
2024.08.02,000044.SZ,0.1866420544285625
2024.08.02,600049.SH,0.12336797233163171
2024.08.02,000005.SZ,0.1125957886108883
2024.08.02,600015.SH,0.12344250637499729
2024.08.02,600042.SH,0.016979306189534738
2024.08.02,000032.SZ,0.03172706623711155
2024.08.02,600003.SH,0.06548045026550879
2024.08.02,600014.SH,5.191235083475609e-06
2024.08.02,600032.SH,0.15272189620894566
2024.08.02,600006.SH,0.00873802238297871
2024.08.02,600012.SH,0.09396956521470921
2024.08.02,600008.SH,0.30230650563372774
2024.08.02,000041.SZ,0.06814262616411676
2024.08.02,000016.SZ,0.13865612272067732
2024.08.02,000046.SZ,0.023120008354558314
2024.08.02,600023.SH,0.39248556775163584
2024.08.02,000006.SZ,0.22008413672719418
2024.08.02,000025.SZ,0.14238222422293795
2024.08.02,000038.SZ,0.275052754579421
2024.08.02,600043.SH,0.21809286324967914
2024.08.02,600025.SH,0.03176022223647068
2024.08.02,600017.SH,0.026627483557638092
2024.08.02,000024.SZ,0.680443048866653
2024.08.02,600046.SH,0.09642801449834788
2024.08.02,600033.SH,0.04745559118478814
2024.08.02,000026.SZ,0.010300179689345323
2024.08.02,600035.SH,0.029703610159085053
2024.08.02,600028.SH,0.1175572349947702
2024.08.02,600041.SH,0.03928748005366882
2024.08.02,000007.SZ,0.05821077145148582
2024.08.02,600018.SH,0.0069939113452506755
2024.08.02,000015.SZ,0.14609442935325315
2024.08.02,600030.SH,0.047002689983070264
2024.08.02,000008.SZ,0.07833106097392445
2024.08.02,600020.SH,0.004717702830384497
2024.08.02,000036.SZ,0.007178429516821954
2024.08.02,000004.SZ,0.2235864200752964
2024.08.02,000040.SZ,0.13739917260594497
2024.08.05,000003.SZ,0.24396377878569778
2024.08.05,000041.SZ,0.012341009260367849
2024.08.05,000042.SZ,0.06562597130343847
2024.08.05,600045.SH,0.17432330286236686
2024.08.05,600001.SH,0.03938795822764828
2024.08.05,600035.SH,0.0034975423982233373
2024.08.05,600029.SH,0.07940189565803057
2024.08.05,000022.SZ,0.23548139961401737
2024.08.05,600028.SH,0.19035209185921792
2024.08.05,000020.SZ,0.04056860157925825
2024.08.05,000049.SZ,0.013854090533510006
2024.08.05,600025.SH,0.40334875645832435
2024.08.05,600026.SH,0.051415060054100854
2024.08.05,000038.SZ,0.03220829812470603
2024.08.05,000021.SZ,0.17878648454435492
2024.08.05,600004.SH,0.11086428939233542
2024.08.05,000033.SZ,0.1951943725233421
2024.08.05,000001.SZ,0.021442517428684325
2024.08.05,600009.SH,0.21538026922854073
2024.08.05,000047.SZ,0.06271015052627633
2024.08.05,600024.SH,0.006750420064336074
2024.08.05,000036.SZ,0.09521134409854021
2024.08.05,000045.SZ,0.02486096521983198
2024.08.05,000010.SZ,0.1188729590531784
2024.08.05,600046.SH,0.11154493150113934
2024.08.05,000007.SZ,0.2634936712510449
2024.08.05,000031.SZ,0.539643945366714
2024.08.05,000028.SZ,0.10033923458821949
2024.08.05,000030.SZ,0.014229281535860935
2024.08.05,000046.SZ,0.0798167571156717
2024.08.05,000043.SZ,0.05774302301188119
2024.08.05,000037.SZ,0.07902436941323975
2024.08.05,600043.SH,0.037489876411926214
2024.08.05,000032.SZ,0.14960445342906786
2024.08.05,600030.SH,0.20851932985457206
2024.08.05,600031.SH,0.09530068275785174
2024.08.05,600006.SH,0.010278007210763166
2024.08.05,000035.SZ,0.17804164627853042
2024.08.05,600027.SH,0.16460767752618802
2024.08.05,000013.SZ,0.047988149543984976
2024.08.05,000002.SZ,0.19305773482762295
2024.08.05,600003.SH,0.15642396743251827
2024.08.05,600022.SH,0.013005763116645627
2024.08.05,600008.SH,0.09564691293698824
2024.08.05,600047.SH,0.045897849812649764
2024.08.05,600018.SH,0.18086846765184508
2024.08.05,600038.SH,0.5694806617530717
2024.08.05,600019.SH,0.12050194535395627
2024.08.05,600012.SH,0.0719790693042606
2024.08.05,600013.SH,0.04018132793934
2024.08.05,000017.SZ,0.012396049080913582
2024.08.05,600033.SH,0.2611953151681541
2024.08.05,000024.SZ,0.07806706763161793
2024.08.05,600023.SH,0.0703362129367574
2024.08.05,000018.SZ,0.312760513682097
2024.08.05,000015.SZ,0.15609734446070542
2024.08.05,600032.SH,0.02511047335088049
2024.08.05,600011.SH,0.04326015444258127
2024.08.05,600021.SH,0.34368274843509944
2024.08.05,600020.SH,0.21094540323456415
2024.08.05,600000.SH,0.13698204829156846
2024.08.05,000014.SZ,0.043637039167473794
2024.08.05,000012.SZ,0.02554182694184899
2024.08.05,600014.SH,0.004459654977799479
2024.08.05,000027.SZ,0.10523332219654286
2024.08.05,600002.SH,0.06848825728376691
2024.08.05,600042.SH,0.03298578890925611
2024.08.05,000029.SZ,0.25856267406458927
2024.08.05,000011.SZ,0.04259888191498515
2024.08.05,000025.SZ,0.16057336826081667
2024.08.05,000009.SZ,0.054498496877746924
2024.08.05,000004.SZ,0.018595100662130864
2024.08.05,000006.SZ,0.011278728284457876
2024.08.05,600010.SH,0.13165870542944166
2024.08.05,600048.SH,0.05714589950446233
2024.08.05,600040.SH,0.20618343058721603
2024.08.05,600015.SH,0.15126370345807677
2024.08.05,600034.SH,0.04182717842945149
2024.08.05,600041.SH,0.005128463972903409
2024.08.05,000019.SZ,0.0005471987348208387
2024.08.05,600017.SH,0.05435852133692151
2024.08.05,600007.SH,0.04537671744548044
2024.08.05,000044.SZ,0.21148544775608427
2024.08.05,000005.SZ,0.008353977177881628
2024.08.05,000039.SZ,0.13028487505984765
2024.08.05,000040.SZ,0.10574118934741489
2024.08.05,000026.SZ,0.3876642016390238
2024.08.05,000048.SZ,0.029932588316500253
2024.08.05,000008.SZ,0.05173846340166256
2024.08.05,000034.SZ,0.09174899046678309
2024.08.05,600049.SH,0.020372477926625016
2024.08.05,000016.SZ,0.07347140583354804
2024.08.05,600016.SH,0.32488171675253835
2024.08.05,600044.SH,0.12486706345196825
2024.08.05,600005.SH,0.10899607198392251
2024.08.05,000050.SZ,0.6220892048575568
2024.08.05,600037.SH,0.030429556007365733
2024.08.05,000023.SZ,0.0002578182056922593
2024.08.06,000033.SZ,0.17258460112501509
2024.08.06,600045.SH,0.10278720155181813
2024.08.06,000020.SZ,0.12597826253081354
2024.08.06,000005.SZ,0.2515032410669079
2024.08.06,600005.SH,0.2124259137727456
2024.08.06,000035.SZ,0.0260337622983553
2024.08.06,600037.SH,0.004985403573372938
2024.08.06,600031.SH,0.015266659436403053
2024.08.06,000022.SZ,0.2779906540260677
2024.08.06,000008.SZ,0.01745118553992983
2024.08.06,600021.SH,0.04625576520390024
2024.08.06,000031.SZ,0.07523891407053307
2024.08.06,000024.SZ,0.14638696461319947
2024.08.06,600048.SH,0.03458437103805743
2024.08.06,000010.SZ,0.2986344194874797
2024.08.06,600049.SH,0.07247007110540257
2024.08.06,600024.SH,0.428037124354009
2024.08.06,600034.SH,0.09210402658401254
2024.08.06,000011.SZ,0.170556315467982
2024.08.06,600008.SH,0.08654422337468981
2024.08.06,000026.SZ,0.024625204535968646
2024.08.06,600023.SH,0.18072114703404193
2024.08.06,600039.SH,0.0270969012171579
2024.08.06,000003.SZ,0.4950560969114781
2024.08.06,000017.SZ,0.0011439475345970211
2024.08.06,000028.SZ,0.46281342875780507
2024.08.06,600012.SH,0.006765236204573545
2024.08.06,000025.SZ,0.13162859950828093
2024.08.06,000009.SZ,0.09685484657322858
2024.08.06,000001.SZ,0.6330560957219714
2024.08.06,000016.SZ,0.26593807341503173
2024.08.06,600026.SH,0.012598192958243938
2024.08.06,000039.SZ,0.07785759735098431
2024.08.06,600020.SH,0.2216400616867856
2024.08.06,000049.SZ,0.2828540631149976
2024.08.06,600001.SH,0.017837858850766965
2024.08.06,000021.SZ,0.08623503324186166
2024.08.06,000047.SZ,0.043031633869727685
2024.08.06,600017.SH,0.14285414869094193
2024.08.06,600033.SH,0.22879244735431994
2024.08.06,000037.SZ,0.07680173639649789
2024.08.06,000036.SZ,0.006116960451871402
2024.08.06,000004.SZ,0.0977922353076984
2024.08.06,000030.SZ,0.07451247800529952
2024.08.06,000032.SZ,0.032215131015324944
2024.08.06,600036.SH,0.10574337811305577
2024.08.06,600011.SH,0.0894408137886267
2024.08.06,000012.SZ,0.2230223228432495
2024.08.06,000029.SZ,0.15857162981220638
2024.08.06,600016.SH,0.02586869262427605
2024.08.06,600030.SH,0.06451355821174176
2024.08.06,600040.SH,0.05481387183110134
2024.08.06,600028.SH,0.14388439391439395
2024.08.06,600042.SH,0.013067642472324134
2024.08.06,000002.SZ,0.2453883482812326
2024.08.06,000045.SZ,0.04576497636333014
2024.08.06,000042.SZ,0.19886339722658733
2024.08.06,600009.SH,0.19141227296451066
2024.08.06,600014.SH,0.138242953191533
2024.08.06,000046.SZ,0.10096700304427375
2024.08.06,000019.SZ,0.10498209852987529
2024.08.06,600006.SH,0.08566005116813975
2024.08.06,000015.SZ,0.09748041230429766
2024.08.06,600000.SH,0.34884397979719123
2024.08.06,600013.SH,0.042837627689780396
2024.08.06,000038.SZ,0.0422137368391234
2024.08.06,000023.SZ,0.10902616175591037
2024.08.06,600018.SH,0.07638138621918077
2024.08.06,000027.SZ,0.042109040222014595
2024.08.06,600029.SH,0.2634588916435445
2024.08.06,600047.SH,0.017005631935641162
2024.08.06,600044.SH,0.09570503169818664
2024.08.06,600022.SH,0.016378408411072385
2024.08.06,600043.SH,0.389779252931456
2024.08.06,600003.SH,0.05956697751982544
2024.08.06,600027.SH,0.0012050756745567107
2024.08.06,000044.SZ,0.22244832860244246
2024.08.06,000006.SZ,0.286330939244858
2024.08.06,600002.SH,0.006989826229858921
2024.08.06,600038.SH,0.026385870282292466
2024.08.06,600007.SH,0.09711299647977248
2024.08.06,000048.SZ,0.10278263674805517
2024.08.06,600032.SH,0.0457630601901202
2024.08.06,000034.SZ,0.05312826566148522
2024.08.06,000007.SZ,0.33914482946542196
2024.08.06,600035.SH,0.15468218620784882
2024.08.06,600019.SH,0.0042172190744567874
2024.08.06,600015.SH,0.07743000134017233
2024.08.06,000040.SZ,0.08502832953140214
2024.08.06,600004.SH,0.306337225744734
2024.08.06,600010.SH,0.09808012183405693
2024.08.06,000041.SZ,0.06590432530603554
2024.08.06,600041.SH,0.11718790554699106
2024.08.06,000018.SZ,0.7000362702219546
2024.08.06,000013.SZ,0.2851796203145314
2024.08.06,000014.SZ,0.03518765610041332
2024.08.06,600025.SH,0.05685405663238929
2024.08.07,000007.SZ,0.022797282313027984
2024.08.07,600034.SH,0.039658017495065465
2024.08.07,600016.SH,0.07423671150536729
2024.08.07,600042.SH,0.0008052491924273172
2024.08.07,600019.SH,0.0980478255725917
2024.08.07,000033.SZ,0.04057557599783483
2024.08.07,000048.SZ,0.05983045988244601
2024.08.07,600027.SH,0.16220045220593143
2024.08.07,000025.SZ,0.5840938440726228
2024.08.07,000047.SZ,0.15023703647699982
2024.08.07,600031.SH,0.14477816005174474
2024.08.07,600012.SH,0.014540446149077827
2024.08.07,600049.SH,0.07571371892845394
2024.08.07,000019.SZ,0.038786252074426715
2024.08.07,000029.SZ,0.06426275682337167
2024.08.07,600018.SH,0.11528286893872061
2024.08.07,600007.SH,0.17713095105627094
2024.08.07,600026.SH,0.1065296365249619
2024.08.07,000004.SZ,0.03552521677605626
2024.08.07,000011.SZ,0.2243498058269138
2024.08.07,600037.SH,0.013942620117173987
2024.08.07,600009.SH,0.14646915138291397
2024.08.07,000024.SZ,0.02268338777345264
2024.08.07,600048.SH,0.20776748050738017
2024.08.07,600039.SH,0.24327662731345023
2024.08.07,000030.SZ,0.049608080978633666
2024.08.07,600020.SH,0.18398907630335756
2024.08.07,600017.SH,0.21004812402315376
2024.08.07,000032.SZ,0.3460052420085622
2024.08.07,600024.SH,0.08664541028968586
2024.08.07,000010.SZ,0.014946142540437052
2024.08.07,600014.SH,0.08630578269404256
2024.08.07,600025.SH,0.03658608416413237
2024.08.07,600030.SH,0.08387559250590432
2024.08.07,600010.SH,0.017999028744813933
2024.08.07,000036.SZ,0.09075717290999712
2024.08.07,600040.SH,0.09181560331940498
2024.08.07,000008.SZ,0.009377947528796235
2024.08.07,000050.SZ,0.06009321949865633
2024.08.07,000022.SZ,0.341600323075857
2024.08.07,600013.SH,0.03708093500474788
2024.08.07,600001.SH,0.11685630532621605
2024.08.07,600002.SH,0.19330210516129107
2024.08.07,000041.SZ,0.08538677028658768
2024.08.07,000028.SZ,0.03312572792960935
2024.08.07,600003.SH,0.13485240975359572
2024.08.07,000038.SZ,0.6821256471467421
2024.08.07,600041.SH,0.15691425007244372
2024.08.07,000049.SZ,0.1533948019015131
2024.08.07,000040.SZ,0.17090844426618537
2024.08.07,600035.SH,0.0027068234659157918
2024.08.07,000005.SZ,0.1436001862148106
2024.08.07,000042.SZ,0.01875765433966759
2024.08.07,000015.SZ,0.20270007788725222
2024.08.07,600045.SH,0.10106014087248398
2024.08.07,600028.SH,0.08353457887172272
2024.08.07,000045.SZ,0.022615360032068474
2024.08.07,000044.SZ,0.03416747873865067
2024.08.07,000020.SZ,0.07295671674761395
2024.08.07,600000.SH,0.0346202653321147
2024.08.07,000039.SZ,0.6389065430461329
2024.08.07,600022.SH,0.03384808103342917
2024.08.07,000031.SZ,0.36309065305395716
2024.08.07,000016.SZ,0.08290889116073194
2024.08.07,000026.SZ,0.3042565908773925
2024.08.07,000037.SZ,0.16311079259234768
2024.08.07,000014.SZ,0.1153414687252902
2024.08.07,000013.SZ,0.4083727084676874
2024.08.07,600004.SH,0.20330210036678018
2024.08.07,600036.SH,0.16904956909503044
2024.08.07,000012.SZ,0.021270221245297875
2024.08.07,600029.SH,0.1895699726694911
2024.08.07,000027.SZ,0.1153935659909968
2024.08.07,000034.SZ,0.04205331701503057
2024.08.07,600006.SH,0.006283780294756962
2024.08.07,600046.SH,0.046697112716131
2024.08.07,600033.SH,0.16434626442765649
2024.08.07,000002.SZ,0.03491996524067783
2024.08.07,000023.SZ,0.02442986803516049
2024.08.07,600032.SH,0.3345822320334292
2024.08.07,000018.SZ,0.021544532737508146
2024.08.07,600008.SH,0.055777179545047885
2024.08.07,000021.SZ,0.43506495629247927
2024.08.07,600015.SH,0.1403596426478716
2024.08.07,600043.SH,0.05464900454278089
2024.08.07,600044.SH,0.01956524557155123
2024.08.07,000006.SZ,0.11538111157825136
2024.08.07,000017.SZ,0.07581846529676806
2024.08.07,600047.SH,0.15879322387180167
2024.08.07,000001.SZ,0.1926842985542515
2024.08.07,600038.SH,0.02338869921791196
2024.08.07,600005.SH,0.14890594989236952
2024.08.07,600021.SH,0.0964567083865669
2024.08.07,000043.SZ,0.20577657937341332
2024.08.07,000009.SZ,0.1293661722886026
2024.08.07,000035.SZ,0.06504419491096344
2024.08.07,600011.SH,0.3897950818765372
2024.08.08,000050.SZ,0.08157293485793875
2024.08.08,000023.SZ,0.28708342978627394
2024.08.08,600009.SH,0.19343446049318502
2024.08.08,600027.SH,0.054574745086971216
2024.08.08,000007.SZ,0.0011201909360701577
2024.08.08,600032.SH,0.6129267253791396
2024.08.08,000038.SZ,0.1695855942903851
2024.08.08,000049.SZ,0.18193351361539506
2024.08.08,600002.SH,0.050586304909278915
2024.08.08,000025.SZ,0.05238340614271748
2024.08.08,000028.SZ,0.017107102120762323
2024.08.08,600022.SH,0.6047291320032877
2024.08.08,600047.SH,0.28309581720720967
2024.08.08,000012.SZ,0.27888156172770445
2024.08.08,000035.SZ,0.1812383110830251
2024.08.08,000029.SZ,0.07018159052355864
2024.08.08,600024.SH,0.0977254094282441
2024.08.08,000024.SZ,0.04556386278179591
2024.08.08,000006.SZ,0.11577269707316973
2024.08.08,600037.SH,0.0502252867356266
2024.08.08,600014.SH,0.04568638495617243
2024.08.08,000034.SZ,0.11195716869965289
2024.08.08,000015.SZ,0.014679977664496217
2024.08.08,000036.SZ,0.15325560602648913
2024.08.08,000003.SZ,0.04136307641592597
2024.08.08,000020.SZ,0.07599795884673946
2024.08.08,600020.SH,0.04385845103527893
2024.08.08,600001.SH,0.08363782159759683
2024.08.08,600045.SH,0.041734917641632036
2024.08.08,000043.SZ,0.353290240018001
2024.08.08,600046.SH,0.0548474020903321
2024.08.08,600008.SH,0.040175222134660564
2024.08.08,000039.SZ,9.57742168712322e-05
2024.08.08,000032.SZ,0.09837254070461673
2024.08.08,600016.SH,0.09240010214956958
2024.08.08,000022.SZ,0.08594290250256091
2024.08.08,600005.SH,0.15464227435494898
2024.08.08,000009.SZ,0.10436857433709197
2024.08.08,000042.SZ,0.16851346500488976
2024.08.08,600033.SH,0.13181066749165882
2024.08.08,600039.SH,0.10452224878185021
2024.08.08,600023.SH,0.07325268816359864
2024.08.08,000017.SZ,0.17509231819019405
2024.08.08,600019.SH,0.06082308849368055
2024.08.08,600036.SH,0.1912662142250384
2024.08.08,600015.SH,0.20670958906652304
2024.08.08,000046.SZ,0.0509933134680404
2024.08.08,000002.SZ,0.1545295514364228
2024.08.08,600029.SH,0.13761045025295462
2024.08.08,000018.SZ,0.1287087321059943
2024.08.08,000048.SZ,0.034223844524542045
2024.08.08,000014.SZ,0.3029060473908796
2024.08.08,000021.SZ,0.002254949517347305
2024.08.08,000044.SZ,0.1690313229587029
2024.08.08,600040.SH,0.11822366490319682
2024.08.08,600026.SH,0.31997999221794576
2024.08.08,600006.SH,0.05675837222700802
2024.08.08,000037.SZ,0.006260831710350528
2024.08.08,000041.SZ,0.004226227096996533
2024.08.08,000026.SZ,0.08313164392279528
2024.08.08,600030.SH,0.0437835322417974
2024.08.08,600041.SH,0.1769389946997139
2024.08.08,000040.SZ,0.13705569918340013
2024.08.08,600048.SH,0.15643389222465395
2024.08.08,600003.SH,0.1984995393660545
2024.08.08,000011.SZ,0.13670917327238086
2024.08.08,000008.SZ,0.2030135025766267
2024.08.08,600017.SH,0.06093818216634241
2024.08.08,000033.SZ,0.37267420700638326
2024.08.08,000005.SZ,0.5136125147048616
2024.08.08,000013.SZ,0.021163492020154738
2024.08.08,600012.SH,0.024053499351416787
2024.08.08,600034.SH,0.5956509248666505
2024.08.08,600011.SH,0.13523113581414958
2024.08.08,000004.SZ,0.13689144165907435
2024.08.08,000045.SZ,0.11734088730678424
2024.08.08,600031.SH,0.18159928978767226
2024.08.08,000001.SZ,0.007216611621506273
2024.08.08,600013.SH,0.029884750852144048
2024.08.08,000030.SZ,0.03296332212846065
2024.08.08,000031.SZ,0.1422671065617469
2024.08.08,600042.SH,0.0713036786240932
2024.08.08,600028.SH,0.41603498767654423
2024.08.08,600025.SH,0.16456608926566668
2024.08.08,000047.SZ,0.056798580385334356
2024.08.08,600043.SH,0.13048983864212957
2024.08.08,600044.SH,0.021809125490219263
2024.08.08,000019.SZ,0.015462474370845046
2024.08.08,600007.SH,0.3815622095453568
2024.08.08,600021.SH,0.005555322225938107
2024.08.08,600010.SH,0.007132168913210844
2024.08.08,000016.SZ,0.1990888066289821
2024.08.08,600000.SH,0.05160634708413493
2024.08.08,600004.SH,0.09876948224192408
2024.08.08,600035.SH,0.02030960829698555
2024.08.08,600049.SH,0.3289520919177568
2024.08.08,000010.SZ,0.006067676481149393
2024.08.08,600038.SH,0.17739954681206402
2024.08.09,600046.SH,0.3121247710978164
2024.08.09,000030.SZ,0.131082772678056
2024.08.09,000044.SZ,0.04592822996370689
2024.08.09,600013.SH,0.025660204221662482
2024.08.09,600019.SH,0.22610215958842503
2024.08.09,000020.SZ,0.002511235789622097
2024.08.09,600042.SH,0.09695030836636397
2024.08.09,000001.SZ,0.002872879407562462
2024.08.09,000017.SZ,0.10971194589732029
2024.08.09,600036.SH,0.2555218458823973
2024.08.09,600015.SH,0.05549669695682371
2024.08.09,600017.SH,0.06274895130493924
2024.08.09,600027.SH,0.05519094019722666
2024.08.09,000049.SZ,0.03996197246387644
2024.08.09,600004.SH,0.10280264917930819
2024.08.09,000009.SZ,0.020792986665576853
2024.08.09,600020.SH,0.09534492208931442
2024.08.09,600014.SH,0.23223766498235104
2024.08.09,600044.SH,0.06696405971603915
2024.08.09,600024.SH,0.017426055775307512
2024.08.09,600022.SH,0.04801214842221926
2024.08.09,600003.SH,0.11466320732569528
2024.08.09,600010.SH,0.6874154837708544
2024.08.09,600029.SH,0.11744658401991864
2024.08.09,000035.SZ,0.37299828488084125
2024.08.09,600021.SH,0.16896341377391788
2024.08.09,000033.SZ,0.1263144834026693
2024.08.09,000039.SZ,0.2475706190621502
2024.08.09,000004.SZ,0.10849979449751818
2024.08.09,000022.SZ,0.0438970332217551
2024.08.09,000013.SZ,0.009238602299250423
2024.08.09,600038.SH,0.12082220099410243
2024.08.09,000019.SZ,0.030899745446948037
2024.08.09,600018.SH,0.18441834811392785
2024.08.09,000011.SZ,0.16985695020562275
2024.08.09,000010.SZ,0.001218069863170246
2024.08.09,600043.SH,0.015768747591706034
2024.08.09,600033.SH,0.007012977500187827
2024.08.09,000007.SZ,0.2801470556746877
2024.08.09,000040.SZ,0.008491517649956383
2024.08.09,000023.SZ,0.13619696141356302
2024.08.09,000046.SZ,0.13740567341908122
2024.08.09,600047.SH,0.11837674200687825
2024.08.09,600030.SH,0.18137885225098635
2024.08.09,000002.SZ,0.2781772914416706
2024.08.09,000036.SZ,0.009113048644005835
2024.08.09,000031.SZ,0.025955838674474162
2024.08.09,000027.SZ,0.01949602675178216
2024.08.09,600028.SH,0.5708237120247772
2024.08.09,600012.SH,0.22320639744162776
2024.08.09,000026.SZ,0.16612785674682465
2024.08.09,600035.SH,0.09471289795758571
2024.08.09,600032.SH,0.23378084163980217
2024.08.09,000047.SZ,0.1433552374891366
2024.08.09,000042.SZ,0.15511019366493353
2024.08.09,600011.SH,0.5077178463341986
2024.08.09,600001.SH,0.05719396703775242
2024.08.09,000021.SZ,0.1831013846174405
2024.08.09,600041.SH,0.04960424102902726
2024.08.09,000016.SZ,0.6773043864791134
2024.08.09,600009.SH,0.15406751368558855
2024.08.09,600023.SH,0.10954266933359406
2024.08.09,600025.SH,0.18302788265317607
2024.08.09,000048.SZ,0.014750332700013753
2024.08.09,000037.SZ,0.004998290812509301
2024.08.09,000003.SZ,0.02050823677662378
2024.08.09,600034.SH,0.1854381892153258
2024.08.09,600007.SH,0.19940893025613038
2024.08.09,600049.SH,0.14094365236718623
2024.08.09,000014.SZ,0.06826804131447403
2024.08.09,600045.SH,0.11585946369334901
2024.08.09,600031.SH,0.022105708189148015
2024.08.09,000038.SZ,0.00030975364043945544
2024.08.09,600005.SH,0.28930794314098573
2024.08.09,000041.SZ,0.05153593907672803
2024.08.09,600016.SH,0.0033826921526859243
2024.08.09,000008.SZ,0.015700497128149454
2024.08.09,600000.SH,0.19266791017035534
2024.08.09,600048.SH,0.1005339720119622
2024.08.09,600002.SH,0.11398234966615549
2024.08.09,000034.SZ,0.01199050916603133
2024.08.09,600037.SH,0.13705774298494686
2024.08.09,000025.SZ,0.14522139610029902
2024.08.09,000024.SZ,0.012659457026345064
2024.08.09,600040.SH,0.09963272843616777
2024.08.09,000006.SZ,0.04878251152662693
2024.08.09,000012.SZ,0.17126607195048552
2024.08.09,600026.SH,0.06115513823868536
2024.08.09,000028.SZ,0.10751678291894107
2024.08.09,000045.SZ,0.05639520437608213
2024.08.09,000050.SZ,0.015085983583332884
2024.08.09,000029.SZ,0.3307188350794436
2024.08.09,600008.SH,0.05129243038720503
2024.08.09,000043.SZ,0.169921794114085
2024.08.09,600006.SH,0.0030819349912443316
2024.08.09,000015.SZ,0.0017629157794011988
2024.08.09,000032.SZ,0.0890138707679208
2024.08.09,000018.SZ,0.7063888124804271
2024.08.12,000021.SZ,0.04148934876741117
2024.08.12,000004.SZ,0.12368753157028903
2024.08.12,000003.SZ,0.03854835385869169
2024.08.12,600023.SH,0.13728505080424389
2024.08.12,000028.SZ,0.09321240437819621
2024.08.12,600038.SH,0.01613090559548292
2024.08.12,600048.SH,0.04917358220271152
2024.08.12,000022.SZ,0.02495907198545737
2024.08.12,000042.SZ,0.11771197708926041
2024.08.12,600039.SH,0.11437695890028252
2024.08.12,600013.SH,0.05461347436825875
2024.08.12,000047.SZ,0.1332155499423355
2024.08.12,000035.SZ,0.2562274448932574
2024.08.12,000025.SZ,0.02839040165604622
2024.08.12,000033.SZ,0.021469065752309686
2024.08.12,600034.SH,0.2065845723845522
2024.08.12,600049.SH,0.05995470569574286
2024.08.12,600024.SH,0.21666913030965562
2024.08.12,000002.SZ,0.04938442280731083
2024.08.12,600026.SH,0.1430966453425807
2024.08.12,600006.SH,0.3493965844185823
2024.08.12,600042.SH,0.03504278965017313
2024.08.12,600004.SH,0.06436772998474216
2024.08.12,000017.SZ,0.050913664881732476
2024.08.12,600032.SH,0.0947162718256852
2024.08.12,600027.SH,0.22721957191271147
2024.08.12,000001.SZ,0.22346163167900218
2024.08.12,000032.SZ,0.12213947504721615
2024.08.12,600033.SH,0.12390898154345928
2024.08.12,600022.SH,0.03929614075217206
2024.08.12,000030.SZ,0.07953739057792852
2024.08.12,000010.SZ,0.30841490793317533
2024.08.12,600000.SH,0.24635656349093696
2024.08.12,000016.SZ,0.002965696648091641
2024.08.12,000008.SZ,0.017206014496714727
2024.08.12,000029.SZ,0.17425994467673744
2024.08.12,000043.SZ,0.08410245038148466
2024.08.12,000037.SZ,0.462312636047834
2024.08.12,600035.SH,0.007837083318931508
2024.08.12,000027.SZ,0.40212890139611845
2024.08.12,600036.SH,0.07587525904022316
2024.08.12,600047.SH,0.007300404516912309
2024.08.12,600017.SH,0.07300203335458288
2024.08.12,000005.SZ,0.09436170514614581
2024.08.12,600001.SH,0.02597830454029141
2024.08.12,000050.SZ,0.14074559009547682
2024.08.12,000024.SZ,0.05520555688020199
2024.08.12,600025.SH,0.16622766887598045
2024.08.12,600029.SH,0.06553362245886474
2024.08.12,600030.SH,0.014141258110688464
2024.08.12,000048.SZ,0.1391267594714385
2024.08.12,000020.SZ,0.003065757088499652
2024.08.12,000015.SZ,0.01639562111317803
2024.08.12,000045.SZ,0.45788880899163314
2024.08.12,600037.SH,0.10085460109909337
2024.08.12,000018.SZ,0.07655834014321422
2024.08.12,000012.SZ,0.10033644440630697
2024.08.12,600012.SH,0.3092065907671019
2024.08.12,600011.SH,0.1020719271819001
2024.08.12,000013.SZ,0.0076112446514916615
2024.08.12,600008.SH,0.01647908254563087
2024.08.12,000011.SZ,0.1795965603012696
2024.08.12,600002.SH,0.23376433236517588
2024.08.12,000026.SZ,0.21147084325286725
2024.08.12,600021.SH,0.10856125926396536
2024.08.12,000040.SZ,0.05499372435312169
2024.08.12,000039.SZ,0.1818459386317085
2024.08.12,000023.SZ,0.023461282243600556
2024.08.12,600028.SH,0.02792155751899257
2024.08.12,600020.SH,0.017852674188639863
2024.08.12,000038.SZ,0.016921427940362877
2024.08.12,600003.SH,0.011172754977589634
2024.08.12,600009.SH,0.06575800350144105
2024.08.12,600041.SH,0.08578908149757453
2024.08.12,000046.SZ,0.05297432499753105
2024.08.12,000049.SZ,0.06723331287965208
2024.08.12,600010.SH,0.1833072122304543
2024.08.12,000006.SZ,0.009819063637592808
2024.08.12,600014.SH,0.14715725952764264
2024.08.12,600044.SH,0.0621889636361863
2024.08.12,000034.SZ,0.48996946377334527
2024.08.12,000007.SZ,0.10321023146541285
2024.08.12,600045.SH,0.060004190576115696
2024.08.12,600018.SH,0.6855268740093424
2024.08.12,600040.SH,0.005593796356560442
2024.08.12,000019.SZ,0.08050205577240786
2024.08.12,000014.SZ,0.13787873142887933
2024.08.12,600007.SH,0.14663535730526742
2024.08.12,600031.SH,0.1185800262197257
2024.08.12,600015.SH,0.2115404204789411
2024.08.12,000031.SZ,0.10126599061184458
2024.08.12,600019.SH,0.5069358724655116
2024.08.12,000044.SZ,0.22800996527723028
2024.08.12,600046.SH,0.12062667737494773
2024.08.12,600043.SH,0.0048509160765296865
2024.08.12,600016.SH,0.06590446318855567
2024.08.12,000036.SZ,0.031025336276028777
2024.08.12,000009.SZ,0.13963227912548776
2024.08.13,000028.SZ,0.14255793890930588
2024.08.13,600013.SH,0.2800951489508174
2024.08.13,000043.SZ,0.04082272993474814
2024.08.13,600030.SH,0.006754204009064028
2024.08.13,600004.SH,0.11763056968849028
2024.08.13,000013.SZ,0.025408281258253146
2024.08.13,000001.SZ,0.035324359666235296
2024.08.13,000009.SZ,0.018448538924988364
2024.08.13,000023.SZ,0.1730149667535896
2024.08.13,600044.SH,0.03750869826474278
2024.08.13,600003.SH,0.10596914837964128
2024.08.13,000016.SZ,0.04270531490902619
2024.08.13,600049.SH,0.17872631225299873
2024.08.13,600020.SH,0.009034494943208215
2024.08.13,600022.SH,0.06375741890378506
2024.08.13,600017.SH,0.055329764596889514
2024.08.13,600010.SH,0.2023734410139444
2024.08.13,600040.SH,0.5982283921149228
2024.08.13,600021.SH,0.05151029983713622
2024.08.13,000033.SZ,0.10246991734945855
2024.08.13,600041.SH,0.07919259769343424
2024.08.13,600025.SH,0.03427107031711279
2024.08.13,000038.SZ,0.1980624837883058
2024.08.13,600037.SH,0.06040777229102333
2024.08.13,600002.SH,0.0742383546115776
2024.08.13,000004.SZ,0.030327181677611732
2024.08.13,000008.SZ,0.03615823132498283
2024.08.13,000047.SZ,0.018364894216327133
2024.08.13,600036.SH,0.136387832654233
2024.08.13,000042.SZ,0.08021487150057739
2024.08.13,000026.SZ,0.12373582209032297
2024.08.13,000019.SZ,0.06976043922367645
2024.08.13,000037.SZ,0.018283649932240513
2024.08.13,600007.SH,0.04320711487595591
2024.08.13,000010.SZ,0.024068879501229816
2024.08.13,600008.SH,0.08201369654617259
2024.08.13,000035.SZ,0.00947066285384673
2024.08.13,000005.SZ,0.15302926677770404
2024.08.13,600000.SH,0.08103526305612656
2024.08.13,000041.SZ,0.00015181999800952613
2024.08.13,600018.SH,0.015575941902372045
2024.08.13,000020.SZ,0.008227658377160042
2024.08.13,000048.SZ,0.5063360250037146
2024.08.13,000011.SZ,0.276748637199387
2024.08.13,600032.SH,0.10331542430962255
2024.08.13,000044.SZ,0.05583094932502331
2024.08.13,000050.SZ,0.1272670580415094
2024.08.13,600039.SH,0.11298942967025814
2024.08.13,000029.SZ,0.2193328202429909
2024.08.13,600027.SH,0.2875523361034643
2024.08.13,000012.SZ,0.01730449818642419
2024.08.13,600029.SH,0.14691814993205807
2024.08.13,600028.SH,0.033704884116720596
2024.08.13,600023.SH,0.011493518060519532
2024.08.13,600042.SH,0.043587635748292206
2024.08.13,600031.SH,0.0291092839317635
2024.08.13,000025.SZ,0.04712706838867351
2024.08.13,000021.SZ,0.0510043203420217
2024.08.13,000015.SZ,0.005806673390624621
2024.08.13,600006.SH,0.20685334575508
2024.08.13,600034.SH,0.0694796885595214
2024.08.13,600033.SH,0.19244307549529552
2024.08.13,600011.SH,0.1025167393906632
2024.08.13,600026.SH,0.018215418134661286
2024.08.13,000039.SZ,0.0019517000625471478
2024.08.13,000046.SZ,0.04326069592792318
2024.08.13,000006.SZ,0.00546892672569725
2024.08.13,600009.SH,0.014756206343746818
2024.08.13,600001.SH,0.03601791600439184
2024.08.13,000014.SZ,0.1013800528471009
2024.08.13,600005.SH,0.06370772796546735
2024.08.13,000040.SZ,0.19138400203756362
2024.08.13,000002.SZ,0.19341411353447693
2024.08.13,000031.SZ,0.5648202666277682
2024.08.13,000007.SZ,0.0438522403760736
2024.08.13,600012.SH,0.08992128180839834
2024.08.13,600035.SH,0.04710844098896042
2024.08.13,000018.SZ,0.1639736110434467
2024.08.13,000024.SZ,0.015219612011144003
2024.08.13,000003.SZ,0.008095764593253424
2024.08.13,000036.SZ,0.0281674738148296
2024.08.13,600014.SH,0.005574265365266445
2024.08.13,600024.SH,0.16298313160091993
2024.08.13,000045.SZ,0.10498896126720357
2024.08.13,000049.SZ,0.10537386497199551
2024.08.13,000027.SZ,0.12136297072888762
2024.08.13,600016.SH,0.06794828657437911
2024.08.13,000030.SZ,0.1936689796689461
2024.08.13,000032.SZ,0.061741022456820324
2024.08.13,600048.SH,0.33623007399362004
2024.08.13,000017.SZ,0.18673760883369664
2024.08.13,000034.SZ,0.05697922613902126
2024.08.13,600047.SH,0.01986960336537929
2024.08.13,600043.SH,0.022609999790525553
2024.08.13,600019.SH,0.027699207919471298
2024.08.13,000022.SZ,0.04974853069692794
2024.08.14,600026.SH,0.051451795232838556
2024.08.14,600040.SH,0.08147742566144123
2024.08.14,000014.SZ,0.05752499182365051
2024.08.14,000011.SZ,0.10342242663467911
2024.08.14,000038.SZ,0.13259689301715574
2024.08.14,600037.SH,0.11513449812339019
2024.08.14,600015.SH,0.12480400913682252
2024.08.14,600012.SH,0.027464423583440648
2024.08.14,000017.SZ,0.12235655637086869
2024.08.14,600006.SH,0.0033111549329462803
2024.08.14,000027.SZ,0.23861475089202352
2024.08.14,000001.SZ,0.0017338422645074287
2024.08.14,000040.SZ,0.03586465760995647
2024.08.14,600005.SH,0.21891403036694204
2024.08.14,600033.SH,0.0439721431249144
2024.08.14,000003.SZ,0.0045108814048771505
2024.08.14,000047.SZ,0.10919465874748113
2024.08.14,000046.SZ,0.007212386625932078
2024.08.14,000026.SZ,0.057575719529186276
2024.08.14,000048.SZ,0.08080088259447746
2024.08.14,600036.SH,0.06858474748399307
2024.08.14,000030.SZ,0.0354449119680248
2024.08.14,000037.SZ,0.016390693925568686
2024.08.14,000024.SZ,0.09964504297608773
2024.08.14,000008.SZ,0.205325437350122
2024.08.14,600009.SH,0.17201487659013498
2024.08.14,600039.SH,0.31181903073142964
2024.08.14,600025.SH,0.2466721640304991
2024.08.14,000043.SZ,0.11201766332910261
2024.08.14,600049.SH,0.0956920362449061
2024.08.14,000025.SZ,0.0700776349551067
2024.08.14,000033.SZ,0.013651906964528511
2024.08.14,000039.SZ,0.08283407808309004
2024.08.14,000005.SZ,0.026428466108850256
2024.08.14,000036.SZ,0.007098283979731643
2024.08.14,600046.SH,0.40890291411708174
2024.08.14,600016.SH,0.011095294581442022
2024.08.14,600003.SH,0.21260927517732683
2024.08.14,000034.SZ,0.28596937394931593
2024.08.14,000041.SZ,0.006114580974898609
2024.08.14,600013.SH,0.11819650855228024
2024.08.14,600028.SH,0.004848332678674755
2024.08.14,000010.SZ,0.2080416485960125
2024.08.14,600042.SH,0.2933837101748473
2024.08.14,000015.SZ,0.4422199463563094
2024.08.14,600004.SH,0.1072342184456757
2024.08.14,000050.SZ,0.08898995350872313
2024.08.14,600038.SH,0.07147776051825189
2024.08.14,600002.SH,0.1311157240246521
2024.08.14,600034.SH,0.4018174885094981
2024.08.14,000035.SZ,0.08645310972794314
2024.08.14,600017.SH,0.047640966674986455
2024.08.14,000006.SZ,0.4429660511341924
2024.08.14,600019.SH,0.005166581551713033
2024.08.14,600011.SH,0.10264766610066432
2024.08.14,000049.SZ,0.09640130045052439
2024.08.14,600010.SH,0.001865746661676518
2024.08.14,000020.SZ,0.01302557523475367
2024.08.14,000028.SZ,0.08965677486359941
2024.08.14,600029.SH,0.09339342905288926
2024.08.14,600047.SH,0.14519276263637995
2024.08.14,000044.SZ,0.01975285924351755
2024.08.14,000009.SZ,0.2993845064021636
2024.08.14,600030.SH,0.22610430459554243
2024.08.14,600023.SH,0.31181242700182205
2024.08.14,600048.SH,0.15059436055770328
2024.08.14,000007.SZ,0.17539528170077046
2024.08.14,600044.SH,0.0015694296187825558
2024.08.14,600027.SH,0.18688629407007265
2024.08.14,000045.SZ,0.09516067073083247
2024.08.14,000031.SZ,0.024458523427313507
2024.08.14,600001.SH,0.15672670536411135
2024.08.14,600035.SH,0.27764724798158297
2024.08.14,000032.SZ,0.011323703126641133
2024.08.14,600043.SH,0.01669590082170148
2024.08.14,600045.SH,0.25855502981009565
2024.08.14,600021.SH,0.23815315847062118
2024.08.14,600020.SH,0.03889134321158624
2024.08.14,600008.SH,0.02991476474635812
2024.08.14,600007.SH,0.02745748579519134
2024.08.14,000019.SZ,0.026434281412376703
2024.08.14,000004.SZ,0.09251343674985621
2024.08.14,000023.SZ,0.037427983274847455
2024.08.14,000022.SZ,0.28789680630299264
2024.08.14,000029.SZ,0.09942089280415276
2024.08.14,000021.SZ,0.17634893186025594
2024.08.14,600018.SH,0.05396934583426445
2024.08.14,600014.SH,0.09341101789412674
2024.08.14,000013.SZ,0.00838457157646537
2024.08.14,000012.SZ,0.0065483772359311125
2024.08.14,600041.SH,0.3926627363912708
2024.08.14,600000.SH,0.026126787630845572
2024.08.14,600022.SH,0.2194439667177509
2024.08.14,600032.SH,0.13110943041730977
2024.08.14,600031.SH,0.3465443155910334
2024.08.14,000042.SZ,0.01730424627427926
2024.08.14,000002.SZ,0.22872675100314982
2024.08.14,000018.SZ,0.03686782443825215
2024.08.15,600047.SH,0.017106163950443957
2024.08.15,000049.SZ,0.06714883768744737
2024.08.15,000025.SZ,0.18512461146485598
2024.08.15,000048.SZ,0.5578404910993278
2024.08.15,600009.SH,0.0703980942730787
2024.08.15,000032.SZ,0.05276092093068309
2024.08.15,000023.SZ,0.20409401483534592
2024.08.15,000047.SZ,0.22136993016051193
2024.08.15,000002.SZ,0.0006041525968191162
2024.08.15,600045.SH,0.2974888933226998
2024.08.15,600016.SH,0.17832499193623333
2024.08.15,600004.SH,0.1262525975079477
2024.08.15,600018.SH,0.22168568190923102
2024.08.15,000034.SZ,0.07285525489240337
2024.08.15,000019.SZ,0.37498495645218655
2024.08.15,600022.SH,0.040403182508372174
2024.08.15,000003.SZ,0.004584374692957115
2024.08.15,000027.SZ,0.21219168163456523
2024.08.15,600035.SH,0.29576897547690123
2024.08.15,000008.SZ,0.2617968145685398
2024.08.15,600010.SH,0.002540375867136733
2024.08.15,000006.SZ,0.2990761653214471
2024.08.15,600041.SH,0.015272661144171716
2024.08.15,600006.SH,0.18607768719382983
2024.08.15,000042.SZ,0.14092200530882948
2024.08.15,000036.SZ,0.00383998897971159
2024.08.15,600013.SH,0.03414538990656131
2024.08.15,600007.SH,0.059109555034492445
2024.08.15,600033.SH,0.014369857704256847
2024.08.15,000046.SZ,0.0019468083492527079
2024.08.15,600039.SH,0.22075434068205974
2024.08.15,600044.SH,0.012457502005732557
2024.08.15,000004.SZ,0.15910808193558956
2024.08.15,600046.SH,0.04604973264121926
2024.08.15,600001.SH,0.12676559357203357
2024.08.15,600002.SH,0.1563836641081748
2024.08.15,600042.SH,0.005968011367455913
2024.08.15,000033.SZ,0.06847279990127447
2024.08.15,600038.SH,0.11607142172628003
2024.08.15,000040.SZ,0.02118965397534758
2024.08.15,000005.SZ,0.08278433239760048
2024.08.15,000028.SZ,0.2431293038534243
2024.08.15,600014.SH,0.07994890574796207
2024.08.15,600015.SH,0.01796041903739829
2024.08.15,000026.SZ,0.04792823186642601
2024.08.15,000010.SZ,0.13572055469031155
2024.08.15,000045.SZ,0.4335668497683577
2024.08.15,600037.SH,0.043826286582838644
2024.08.15,000007.SZ,0.19834338402384424
2024.08.15,600036.SH,0.05346350467088578
2024.08.15,000030.SZ,0.2886339556584694
2024.08.15,600000.SH,0.0803697316137521
2024.08.15,000014.SZ,0.11410773986764132
2024.08.15,000018.SZ,0.009530150234037872
2024.08.15,600003.SH,0.16567717575999213
2024.08.15,000024.SZ,0.23834059520722461
2024.08.15,000016.SZ,0.14138583504282226
2024.08.15,600040.SH,0.08192798122501513
2024.08.15,000011.SZ,0.0007815057429018338
2024.08.15,000020.SZ,0.0006371775249144021
2024.08.15,000038.SZ,0.4426070711993188
2024.08.15,000012.SZ,0.06598686273170609
2024.08.15,000043.SZ,0.02882006320439976
2024.08.15,600020.SH,0.11832231715418036
2024.08.15,000029.SZ,0.23244732811586089
2024.08.15,000015.SZ,0.25715067283675186
2024.08.15,600043.SH,0.3685220362968647
2024.08.15,600019.SH,0.11870439075506911
2024.08.15,600049.SH,0.05089270133777942
2024.08.15,600030.SH,0.07021256219845053
2024.08.15,600032.SH,0.0560553546488236
2024.08.15,600025.SH,0.1473882419920279
2024.08.15,600034.SH,0.05378160191902262
2024.08.15,600008.SH,0.1992900989365958
2024.08.15,600023.SH,0.026574580739619276
2024.08.15,000021.SZ,0.2578818365313255
2024.08.15,600028.SH,0.06020380198597256
2024.08.15,000039.SZ,0.06670381036943644
2024.08.15,000001.SZ,0.5212713759921563
2024.08.15,600029.SH,0.04986330544636527
2024.08.15,600011.SH,0.05315148837920828
2024.08.15,000009.SZ,0.12820820288543544
2024.08.15,600017.SH,0.15792355637107397
2024.08.15,000013.SZ,0.13532129637284093
2024.08.15,600026.SH,0.08006882896272806
2024.08.15,600031.SH,0.2750044604069711
2024.08.15,600021.SH,0.15952162899447173
2024.08.15,600005.SH,0.021348915089870257
2024.08.15,600012.SH,0.01618404003288768
2024.08.15,600024.SH,0.2802911750190714
2024.08.15,000022.SZ,0.17060438904024028
2024.08.15,000031.SZ,0.28432407024998263
2024.08.15,000037.SZ,0.032976090771998944
2024.08.15,000044.SZ,0.07160465474113038
2024.08.15,000035.SZ,0.2376800546464854
2024.08.15,600048.SH,0.16217703195091157
2024.08.16,000039.SZ,0.20193696251966198
2024.08.16,600017.SH,0.06782611504901906
2024.08.16,600002.SH,0.16052113502455928
2024.08.16,000008.SZ,0.05044454145175141
2024.08.16,600022.SH,0.1121907831833966
2024.08.16,000005.SZ,0.15658151836471734
2024.08.16,600004.SH,0.07993934427006336
2024.08.16,600016.SH,0.14137734827213694
2024.08.16,600010.SH,0.17738048834753123
2024.08.16,000004.SZ,0.0654803210091829
2024.08.16,600023.SH,0.07610266052456943
2024.08.16,000032.SZ,0.057757397318764434
2024.08.16,600026.SH,0.004156061752893886
2024.08.16,000012.SZ,0.14290886140502163
2024.08.16,000041.SZ,0.14405271954320314
2024.08.16,000017.SZ,0.1602716985030483
2024.08.16,000047.SZ,0.050209393681825094
2024.08.16,000023.SZ,0.15317653906064474
2024.08.16,000003.SZ,0.028742322159737068
2024.08.16,600047.SH,0.027044988036747025
2024.08.16,600014.SH,0.737471612426624
2024.08.16,600027.SH,0.008386230627603977
2024.08.16,000043.SZ,0.28951974402377423
2024.08.16,600008.SH,0.11485851401800781
2024.08.16,000046.SZ,0.04421347834992231
2024.08.16,000034.SZ,0.13055617630103455
2024.08.16,600048.SH,0.013335311287698937
2024.08.16,000014.SZ,0.08379416641053569
2024.08.16,000035.SZ,0.008153723447995746
2024.08.16,000028.SZ,0.16829523823222114
2024.08.16,600041.SH,0.026198254113318453
2024.08.16,600042.SH,0.04486718209384215
2024.08.16,000042.SZ,0.0964034214598871
2024.08.16,600044.SH,0.15046720095429428
2024.08.16,000031.SZ,0.11934050389539688
2024.08.16,600007.SH,0.010437368234322696
2024.08.16,000007.SZ,0.008527368400091028
2024.08.16,000030.SZ,0.18042299880893053
2024.08.16,600039.SH,0.06039536595559664
2024.08.16,600011.SH,0.05727087529520649
2024.08.16,000020.SZ,0.17409656167686313
2024.08.16,000040.SZ,0.02244231239029408
2024.08.16,000021.SZ,0.4512511309216675
2024.08.16,600037.SH,0.11375303111897384
2024.08.16,600009.SH,0.021059571673969435
2024.08.16,000001.SZ,0.09128386175742412
2024.08.16,600049.SH,0.02001135451628232
2024.08.16,600036.SH,0.30282559755076477
2024.08.16,000010.SZ,0.045927135247694956
2024.08.16,600034.SH,0.3718540791061783
2024.08.16,000011.SZ,0.01338202715774544
2024.08.16,600013.SH,0.01569956642317017
2024.08.16,600005.SH,0.0074770597402519035
2024.08.16,600046.SH,0.00387183687495673
2024.08.16,600040.SH,0.3369538537133696
2024.08.16,000048.SZ,0.4222666378888114
2024.08.16,000029.SZ,0.18585386098282236
2024.08.16,600043.SH,0.10677585933532759
2024.08.16,600030.SH,0.06388594236902644
2024.08.16,600020.SH,0.061330907098019576
2024.08.16,600021.SH,0.201503630318864
2024.08.16,600024.SH,0.1806609640536404
2024.08.16,600001.SH,0.011113846303835374
2024.08.16,600015.SH,0.09561127192796852
2024.08.16,000013.SZ,0.028188323589276476
2024.08.16,600029.SH,0.16985932534135703
2024.08.16,600018.SH,0.010595267338407485
2024.08.16,000044.SZ,0.06271847663736785
2024.08.16,000024.SZ,0.08276338025739532
2024.08.16,600031.SH,0.11483002536304397
2024.08.16,600003.SH,0.015232762222363354
2024.08.16,600012.SH,0.007235399424892241
2024.08.16,600025.SH,0.06406938199154043
2024.08.16,000049.SZ,0.008860519620396709
2024.08.16,000015.SZ,0.02157581317869282
2024.08.16,600035.SH,0.26812961031428395
2024.08.16,000027.SZ,0.11792847297742101
2024.08.16,600038.SH,0.02639669120228379
2024.08.16,000025.SZ,0.10253375369404213
2024.08.16,000050.SZ,0.0014037297472122277
2024.08.16,000009.SZ,0.10841299912605601
2024.08.16,000002.SZ,0.0133884004992274
2024.08.16,600028.SH,0.1149188532746569
2024.08.16,600032.SH,0.11499974114557074
2024.08.16,000022.SZ,0.30447395313801073
2024.08.16,000016.SZ,0.054665648766738316
2024.08.16,600006.SH,0.042502912059988025
2024.08.16,000026.SZ,0.10106940608435495
2024.08.16,000038.SZ,0.17687839887419593
2024.08.16,000036.SZ,0.03822674234371157
2024.08.16,600045.SH,0.09738409341366094
2024.08.16,000037.SZ,0.26311501231992185
2024.08.16,000006.SZ,0.17252197177927026
2024.08.16,000018.SZ,0.1654621585448387
2024.08.16,000019.SZ,0.036934809853024934
2024.08.16,600000.SH,0.012402894618616411
2024.08.16,000033.SZ,0.033865543677996726
2024.08.19,000020.SZ,0.13323546336699682
2024.08.19,000003.SZ,0.005628373104939916
2024.08.19,600037.SH,0.04392920007677907
2024.08.19,000021.SZ,0.00419470482760199
2024.08.19,000033.SZ,0.2085195883361408
2024.08.19,600038.SH,0.005814744377975423
2024.08.19,600023.SH,0.14620657260341294
2024.08.19,600010.SH,0.017988195043942442
2024.08.19,000008.SZ,0.10862695678847135
2024.08.19,000014.SZ,0.09097554142615108
2024.08.19,600043.SH,0.12456271435760348
2024.08.19,600030.SH,0.0031219602516860886
2024.08.19,600034.SH,0.010332235107663356
2024.08.19,600013.SH,0.07573902825648383
2024.08.19,000013.SZ,0.12367992716535783
2024.08.19,600022.SH,0.09435183124293917
2024.08.19,000023.SZ,0.19811508877886227
2024.08.19,600028.SH,0.06156057314561557
2024.08.19,600025.SH,0.1963960302661115
2024.08.19,600000.SH,0.00816737651155573
2024.08.19,000042.SZ,0.11980054064442905
2024.08.19,600006.SH,0.0756762784069333
2024.08.19,000019.SZ,0.05003461914065407
2024.08.19,600015.SH,0.035308490828956804
2024.08.19,600045.SH,0.1985292699081924
2024.08.19,600007.SH,0.05492515377802906
2024.08.19,600048.SH,0.07985813534421592
2024.08.19,600018.SH,0.6289109864010294
2024.08.19,000028.SZ,0.3030958933220723
2024.08.19,600027.SH,0.1603929612552449
2024.08.19,000030.SZ,0.00905623446697355
2024.08.19,600009.SH,0.16018468365721625
2024.08.19,000011.SZ,0.06649065571457002
2024.08.19,000048.SZ,0.22757053913030711
2024.08.19,000040.SZ,0.011683771314939561
2024.08.19,000007.SZ,0.10918755316073644
2024.08.19,000016.SZ,0.05617053961048959
2024.08.19,000015.SZ,0.0979500582418722
2024.08.19,000036.SZ,0.06106900039135795
2024.08.19,000010.SZ,0.023503843068847577
2024.08.19,000009.SZ,0.08971170163057518
2024.08.19,000022.SZ,0.14478497741206067
2024.08.19,600002.SH,0.030725040943878054
2024.08.19,600049.SH,0.04008600470845579
2024.08.19,000039.SZ,0.0482112490173539
2024.08.19,000004.SZ,0.23403263251950493
2024.08.19,600012.SH,0.011675310596049088
2024.08.19,600036.SH,0.041238005733019244
2024.08.19,600011.SH,0.1473966695163423
2024.08.19,600046.SH,0.0024018938971872117
2024.08.19,600044.SH,0.05222355556802882
2024.08.19,000018.SZ,0.09108555284284478
2024.08.19,000002.SZ,0.01078438627117687
2024.08.19,600017.SH,0.0570394331990667
2024.08.19,600029.SH,0.2509703828911218
2024.08.19,600031.SH,0.24413528735797949
2024.08.19,000041.SZ,0.1543808363796319
2024.08.19,600035.SH,0.09461626280039802
2024.08.19,000006.SZ,0.08028419509571663
2024.08.19,000044.SZ,0.09204713693542187
2024.08.19,600026.SH,0.09324083620772469
2024.08.19,000029.SZ,0.02011261486508621
2024.08.19,600040.SH,0.5604664308694208
2024.08.19,000026.SZ,0.17827783453670581
2024.08.19,600020.SH,0.007359416450209193
2024.08.19,000035.SZ,0.19077245727158335
2024.08.19,000012.SZ,0.09674783658711632
2024.08.19,600033.SH,0.04317499545048244
2024.08.19,000046.SZ,0.018757072251659682
2024.08.19,000050.SZ,0.022116399361346246
2024.08.19,600039.SH,0.18431151955454825
2024.08.19,600047.SH,0.09746299850827424
2024.08.19,000024.SZ,0.11873253594106874
2024.08.19,600008.SH,0.10302839864719787
2024.08.19,600042.SH,0.04452045694941951
2024.08.19,000027.SZ,0.029673709761547012
2024.08.19,600004.SH,0.36433606266794794
2024.08.19,000049.SZ,0.07884130090092913
2024.08.19,000017.SZ,0.019795767692021942
2024.08.19,000045.SZ,0.1300217037921735
2024.08.19,000001.SZ,0.20166036882133545
2024.08.19,000031.SZ,0.020577558279472746
2024.08.19,000025.SZ,0.01641385106577006
2024.08.19,000043.SZ,0.001850912773501469
2024.08.19,000005.SZ,0.005633726659785848
2024.08.19,600021.SH,0.07980313571529743
2024.08.19,600032.SH,0.2570496838236589
2024.08.19,600003.SH,0.1890154570993947
2024.08.19,600001.SH,0.07920726773979195
2024.08.19,600041.SH,0.11991256691740787
2024.08.19,600005.SH,0.4685126477104379
2024.08.19,000047.SZ,0.30027952040756883
2024.08.19,000037.SZ,0.158362222691368
2024.08.19,600019.SH,0.0854530876118241
2024.08.19,000034.SZ,0.11537608660876127
2024.08.19,600014.SH,0.011213967710375796
2024.08.19,000032.SZ,0.03112935558786337
2024.08.20,600010.SH,0.48544023022098554
2024.08.20,000033.SZ,0.049066958188473495
2024.08.20,000036.SZ,0.36878913497924487
2024.08.20,000022.SZ,0.06549451419759658
2024.08.20,000034.SZ,0.2517428585796156
2024.08.20,600027.SH,0.014777531376343477
2024.08.20,600012.SH,0.022497304519843293
2024.08.20,600013.SH,0.3387420004297878
2024.08.20,000018.SZ,0.07259258567026525
2024.08.20,600031.SH,0.0022048726697486897
2024.08.20,600021.SH,0.027596978422728013
2024.08.20,000002.SZ,0.07980354303198832
2024.08.20,600046.SH,0.011344823987967951
2024.08.20,600038.SH,0.08137568090147096
2024.08.20,000035.SZ,0.04306922356248084
2024.08.20,600022.SH,0.08171255121660848
2024.08.20,000026.SZ,0.2659581093266321
2024.08.20,600043.SH,0.023275133505441633
2024.08.20,600036.SH,0.043180886877968484
2024.08.20,600047.SH,0.08118919495022889
2024.08.20,000027.SZ,0.047053138623732366
2024.08.20,000007.SZ,0.017467176128447247
2024.08.20,000001.SZ,0.10548015468570736
2024.08.20,000038.SZ,0.12936719895999205
2024.08.20,000012.SZ,0.34577134838689766
2024.08.20,600004.SH,0.09107289038551146
2024.08.20,000013.SZ,0.032691723075456765
2024.08.20,000019.SZ,0.14433573747730083
2024.08.20,600041.SH,0.12743241120920307
2024.08.20,000039.SZ,0.12601477623856283
2024.08.20,600015.SH,0.002410494888812877
2024.08.20,000010.SZ,0.17967926655715352
2024.08.20,600049.SH,0.04364401512968783
2024.08.20,000025.SZ,0.19821869184132657
2024.08.20,600042.SH,0.05548409650704279
2024.08.20,000030.SZ,0.2925423116181834
2024.08.20,600019.SH,0.07317115020646275
2024.08.20,000031.SZ,0.11062571099734948
2024.08.20,000023.SZ,0.0395841976459167
2024.08.20,600029.SH,0.07486087842794867
2024.08.20,600034.SH,0.009016552778520518
2024.08.20,600035.SH,0.24494264631358256
2024.08.20,600024.SH,0.03157601453742444
2024.08.20,600045.SH,0.10450150859155169
2024.08.20,600000.SH,0.06852184945044046
2024.08.20,600018.SH,0.14603827138284994
2024.08.20,000024.SZ,0.1991130533261466
2024.08.20,600040.SH,0.07375496100632725
2024.08.20,000047.SZ,0.02031600894217344
2024.08.20,600048.SH,0.07045421617785436
2024.08.20,600001.SH,0.05295740862473681
2024.08.20,600028.SH,0.148352797039731
2024.08.20,600002.SH,0.11901085148866347
2024.08.20,600032.SH,0.03803280519264444
2024.08.20,000048.SZ,0.01557834303692087
2024.08.20,000014.SZ,0.011279871554094155
2024.08.20,000021.SZ,0.11629439097477005
2024.08.20,600020.SH,0.13544060823088458
2024.08.20,000050.SZ,0.09673304316434753
2024.08.20,000015.SZ,0.11494631458941736
2024.08.20,000006.SZ,0.12375272991243869
2024.08.20,600006.SH,0.06433927766013062
2024.08.20,600008.SH,0.14731844118138124
2024.08.20,000046.SZ,0.12527698801433093
2024.08.20,600037.SH,0.11496960706683672
2024.08.20,000044.SZ,0.09038098738111797
2024.08.20,600016.SH,0.08195011632076772
2024.08.20,000032.SZ,0.10544520852900362
2024.08.20,000011.SZ,0.05276408687713723
2024.08.20,600003.SH,0.06449132959078097
2024.08.20,000003.SZ,0.12371839579255182
2024.08.20,600033.SH,0.0052217503975911465
2024.08.20,000028.SZ,0.18592756237524075
2024.08.20,600009.SH,0.26091262306289714
2024.08.20,000041.SZ,0.004810768384952934
2024.08.20,600023.SH,0.09425057290633464
2024.08.20,000017.SZ,0.09834930082682465
2024.08.20,000043.SZ,0.02705197358969124
2024.08.20,600017.SH,0.003857404273892101
2024.08.20,600026.SH,0.11486275018812203
2024.08.20,600011.SH,0.0971022502174055
2024.08.20,000009.SZ,0.016559190956468028
2024.08.20,000020.SZ,0.05163548543380249
2024.08.20,000005.SZ,0.042670291088092116
2024.08.20,000045.SZ,0.12144080927261633
2024.08.20,600005.SH,0.17298356072481202
2024.08.20,000042.SZ,0.0053960919494288875
2024.08.20,000004.SZ,0.15303528200879954
2024.08.20,000008.SZ,0.2502568543199611
2024.08.20,000049.SZ,0.17856157270012132
2024.08.20,000037.SZ,0.20765113440401292
2024.08.20,000016.SZ,0.012153215571432539
2024.08.20,600025.SH,0.2163533293698407
2024.08.20,600030.SH,0.0559384524215175
2024.08.20,600007.SH,0.059692344713734385
2024.08.20,000029.SZ,0.03163668800045065
2024.08.21,000048.SZ,0.24591351126788388
2024.08.21,000044.SZ,0.0044075461033868555
2024.08.21,000026.SZ,0.04087813146024277
2024.08.21,000009.SZ,0.2307947736325926
2024.08.21,000030.SZ,0.19670409816015302
2024.08.21,000006.SZ,0.07417811717930892
2024.08.21,600031.SH,0.1869985392248274
2024.08.21,000032.SZ,0.013015939871552223
2024.08.21,000041.SZ,0.13268309782908555
2024.08.21,600042.SH,0.4353611583334032
2024.08.21,000036.SZ,0.10176792520117228
2024.08.21,000001.SZ,0.3553107337496156
2024.08.21,600026.SH,0.4786000971966888
2024.08.21,600008.SH,0.20517041094999477
2024.08.21,000034.SZ,0.32081420961030843
2024.08.21,000021.SZ,0.06051897683262429
2024.08.21,000042.SZ,0.2706982609070809
2024.08.21,600035.SH,0.10615395325676735
2024.08.21,600013.SH,0.03741610476822376
2024.08.21,000046.SZ,0.1733782494192245
2024.08.21,600039.SH,0.045425459087655995
2024.08.21,600010.SH,0.10084881128147512
2024.08.21,600004.SH,0.1058977013164828
2024.08.21,600037.SH,0.02500318018823713
2024.08.21,600034.SH,0.14066321332029685
2024.08.21,600017.SH,0.06648564827777798
2024.08.21,600036.SH,0.03550469642655014
2024.08.21,000037.SZ,0.20698068889529572
2024.08.21,000038.SZ,0.16987077743268797
2024.08.21,000027.SZ,0.21687454397160666
2024.08.21,600025.SH,0.19228957684587505
2024.08.21,000049.SZ,0.013736950687818444
2024.08.21,000043.SZ,0.170814003564715
2024.08.21,000011.SZ,0.022273751675863856
2024.08.21,600033.SH,0.024466834269343676
2024.08.21,600015.SH,0.06271001089888306
2024.08.21,600005.SH,0.5470016861668279
2024.08.21,000013.SZ,0.2528234049770829
2024.08.21,600016.SH,0.3108125721957923
2024.08.21,600001.SH,0.03231161319602687
2024.08.21,000017.SZ,0.15165240719944373
2024.08.21,600014.SH,0.031450847038692394
2024.08.21,600041.SH,0.06231401040838157
2024.08.21,600046.SH,0.11443028371138007
2024.08.21,600029.SH,0.11231022056462096
2024.08.21,600007.SH,0.529992988643973
2024.08.21,000014.SZ,0.030993092633208954
2024.08.21,000039.SZ,0.4637691955591969
2024.08.21,600023.SH,0.3044256751441538
2024.08.21,000047.SZ,0.12491590799163993
2024.08.21,000010.SZ,0.13387109961604562
2024.08.21,600019.SH,0.17486177713911366
2024.08.21,000018.SZ,0.022741839303151424
2024.08.21,000028.SZ,0.09329543047151646
2024.08.21,600006.SH,0.005568374834874977
2024.08.21,000002.SZ,0.19263204410348286
2024.08.21,600024.SH,0.004214322330223283
2024.08.21,000008.SZ,0.0038750099537995806
2024.08.21,000025.SZ,0.06555821905741202
2024.08.21,600011.SH,0.08703019181592378
2024.08.21,000022.SZ,0.023433416028305478
2024.08.21,600040.SH,0.008124746081106908
2024.08.21,600002.SH,0.09060676697145215
2024.08.21,600027.SH,0.07061043612300316
2024.08.21,600003.SH,0.006401119295788604
2024.08.21,600032.SH,0.1302116943440977
2024.08.21,000019.SZ,0.07739041272472437
2024.08.21,000005.SZ,0.06266612025334928
2024.08.21,600009.SH,0.036166637755448955
2024.08.21,000023.SZ,0.17740366552764872
2024.08.21,600000.SH,0.004006020269134789
2024.08.21,600021.SH,0.5717593088925158
2024.08.21,600047.SH,0.002747478793481938
2024.08.21,000016.SZ,0.054921273171489114
2024.08.21,600020.SH,0.028838811510188203
2024.08.21,000029.SZ,0.28154124200428243
2024.08.21,000035.SZ,0.00017182183151138664
2024.08.21,000033.SZ,0.0037177007816590535
2024.08.21,600045.SH,0.18334508331224075
2024.08.21,600018.SH,0.17958681910916563
2024.08.21,000012.SZ,0.40458664972345937
2024.08.21,600022.SH,0.2344620109871416
2024.08.21,600048.SH,0.2420109295959682
2024.08.21,000045.SZ,0.0979362142246805
2024.08.21,600038.SH,0.08830545574411783
2024.08.21,000024.SZ,0.10070471192535459
2024.08.21,000020.SZ,0.15572592620748288
2024.08.21,600043.SH,0.06598078580107292
2024.08.21,600049.SH,0.13313077585538868
2024.08.21,000004.SZ,0.04448962025056243
2024.08.21,000015.SZ,0.03324664122209519
2024.08.21,600028.SH,0.3208814147452225
2024.08.21,600012.SH,0.0650929045489282
2024.08.21,000003.SZ,0.0573073275251078
2024.08.21,600044.SH,0.04565831968650798
2024.08.21,600030.SH,0.053800474187827727
2024.08.21,000031.SZ,0.12036316281502997
2024.08.22,000043.SZ,0.28000236946007184
2024.08.22,000042.SZ,0.10952220320335636
2024.08.22,600019.SH,0.20908625064952666
2024.08.22,600016.SH,0.21138430455681856
2024.08.22,600009.SH,0.0737734647307273
2024.08.22,000040.SZ,0.014182391368843606
2024.08.22,600045.SH,0.05660668148908756
2024.08.22,000005.SZ,0.05566785194711839
2024.08.22,000012.SZ,0.0006934159672346029
2024.08.22,000014.SZ,0.2649252058522921
2024.08.22,000044.SZ,0.21196078765306522
2024.08.22,600030.SH,0.31726634839861045
2024.08.22,600005.SH,0.06987850419754651
2024.08.22,600011.SH,0.021523233254180645
2024.08.22,000023.SZ,0.01874110429266006
2024.08.22,000019.SZ,0.03226211102124703
2024.08.22,600006.SH,0.22207193585344098
2024.08.22,600012.SH,0.05087384719348755
2024.08.22,000036.SZ,0.41205218660999626
2024.08.22,600026.SH,0.007660582807197611
2024.08.22,000017.SZ,0.1233055239637508
2024.08.22,600020.SH,0.14317186559140221
2024.08.22,000002.SZ,0.12449175566154408
2024.08.22,600002.SH,0.01982799204168475
2024.08.22,000018.SZ,0.008952945745259405
2024.08.22,600032.SH,0.024543414781589314
2024.08.22,000025.SZ,0.004138473686768271
2024.08.22,000033.SZ,0.14847408039703164
2024.08.22,600010.SH,0.08139494657517594
2024.08.22,600034.SH,0.19299234755047992
2024.08.22,000027.SZ,0.019940457929755556
2024.08.22,600008.SH,0.20995632085165525
2024.08.22,600023.SH,0.06270371529576953
2024.08.22,000034.SZ,0.16057670318378267
2024.08.22,000038.SZ,0.014212418129427412
2024.08.22,000026.SZ,0.18773359919556168
2024.08.22,600038.SH,0.35294121110559146
2024.08.22,600048.SH,0.06561528902046568
2024.08.22,600025.SH,0.029557932202517748
2024.08.22,000049.SZ,0.04606486388990642
2024.08.22,000006.SZ,0.12867654117522517
2024.08.22,000041.SZ,0.02200073323096853
2024.08.22,600033.SH,0.05309550720502372
2024.08.22,000045.SZ,0.0963507462664255
2024.08.22,600014.SH,0.06246376456407696
2024.08.22,600022.SH,0.2521832005141353
2024.08.22,600041.SH,0.0668638283214207
2024.08.22,600017.SH,0.10534985578770545
2024.08.22,000009.SZ,0.050409897456705516
2024.08.22,600024.SH,0.1171814339537517
2024.08.22,000046.SZ,0.03902712465009387
2024.08.22,600036.SH,0.15201280458393096
2024.08.22,000021.SZ,0.03284527924128051
2024.08.22,000020.SZ,0.17414976566460974
2024.08.22,600018.SH,0.19364616549588143
2024.08.22,000010.SZ,0.061391863570822526
2024.08.22,600000.SH,0.00121922359063484
2024.08.22,000030.SZ,0.3855757366836942
2024.08.22,600040.SH,0.013191365863758433
2024.08.22,000028.SZ,0.08171978533000468
2024.08.22,600039.SH,0.1566239284481382
2024.08.22,600001.SH,0.05800375883647345
2024.08.22,600035.SH,0.001680161588720862
2024.08.22,000029.SZ,0.15267161040557659
2024.08.22,600042.SH,0.0683423605496058
2024.08.22,000003.SZ,0.05495472555709338
2024.08.22,000048.SZ,0.013621841522268996
2024.08.22,000037.SZ,0.003904489905460816
2024.08.22,600043.SH,0.09388875953992713
2024.08.22,600029.SH,0.0041811917589029595
2024.08.22,000007.SZ,0.07111622609063771
2024.08.22,000008.SZ,0.23325814033392964
2024.08.22,600028.SH,0.0897842587597316
2024.08.22,000022.SZ,0.2916430149008638
2024.08.22,600021.SH,0.03112308667515698
2024.08.22,600013.SH,0.006559844373667172
2024.08.22,600037.SH,0.007588982238017282
2024.08.22,000004.SZ,0.041343048204847986
2024.08.22,000032.SZ,0.05582168932130079
2024.08.22,000050.SZ,0.11422499799479471
2024.08.22,600044.SH,0.21518819302781142
2024.08.22,600047.SH,0.046594278889277224
2024.08.22,600015.SH,0.11427425090340032
2024.08.22,000047.SZ,0.17673305532632672
2024.08.22,600007.SH,0.17371866511267686
2024.08.22,600027.SH,0.057222080633667516
2024.08.22,000013.SZ,0.0765581470606983
2024.08.22,000001.SZ,0.06519390164783201
2024.08.22,000016.SZ,0.05114159933376436
2024.08.22,000011.SZ,0.30177236539691055
2024.08.22,600049.SH,0.23820326067597242
2024.08.22,000015.SZ,0.06292554060963348
2024.08.22,600004.SH,0.226970400485965
2024.08.22,000024.SZ,0.03581742811482816
2024.08.22,000031.SZ,0.03308350759195056
2024.08.22,600003.SH,0.10827579682529268
2024.08.23,000015.SZ,0.09180985910390596
2024.08.23,000037.SZ,0.017277601537069708
2024.08.23,000050.SZ,0.0076738430337015785
2024.08.23,600012.SH,0.338152654291676
2024.08.23,000034.SZ,0.12376706890213528
2024.08.23,000001.SZ,0.2073334167007879
2024.08.23,600027.SH,0.04685451806528193
2024.08.23,000042.SZ,0.07897071042766055
2024.08.23,000003.SZ,0.008190274002485176
2024.08.23,600017.SH,0.03157880504678667
2024.08.23,600040.SH,0.042707906132337645
2024.08.23,600024.SH,0.20107428425581667
2024.08.23,000038.SZ,0.0523303049783576
2024.08.23,000027.SZ,0.10894142691145706
2024.08.23,600029.SH,0.1286473552498928
2024.08.23,600032.SH,0.0023946094192189636
2024.08.23,600026.SH,0.005330862367998038
2024.08.23,000018.SZ,0.37663789561685734
2024.08.23,000036.SZ,0.05644881086057995
2024.08.23,000012.SZ,0.15780145754198344
2024.08.23,000045.SZ,0.33203313073925333
2024.08.23,600037.SH,0.05284984483097595
2024.08.23,600013.SH,0.014147711343675127
2024.08.23,600025.SH,0.08359009756565762
2024.08.23,600008.SH,0.08504645926793483
2024.08.23,600005.SH,0.1644214544699316
2024.08.23,600011.SH,0.0873569601152404
2024.08.23,600045.SH,0.08090255317670088
2024.08.23,000024.SZ,0.07667200235819704
2024.08.23,000033.SZ,0.07519933442081621
2024.08.23,600042.SH,0.1861333503140946
2024.08.23,600006.SH,0.043362372654482874
2024.08.23,600009.SH,0.24353889262706485
2024.08.23,000032.SZ,0.08915984984370205
2024.08.23,600048.SH,0.009296808064784378
2024.08.23,600010.SH,0.1885708064659954
2024.08.23,600034.SH,0.1728356265466846
2024.08.23,600020.SH,0.04621428869481789
2024.08.23,000013.SZ,0.1635663121225378
2024.08.23,600015.SH,0.14974596112892377
2024.08.23,600021.SH,0.03540805862360245
2024.08.23,000009.SZ,0.05919767091423084
2024.08.23,000004.SZ,0.14396567443023708
2024.08.23,000025.SZ,0.3857063361680991
2024.08.23,600036.SH,0.20019751478697054
2024.08.23,000049.SZ,0.07734126381955707
2024.08.23,000039.SZ,0.034167397943023474
2024.08.23,000040.SZ,0.09663567274204268
2024.08.23,600014.SH,0.21023476517938106
2024.08.23,000022.SZ,0.19375348045525256
2024.08.23,600041.SH,0.35592352294983626
2024.08.23,000006.SZ,0.0077355897131180466
2024.08.23,600001.SH,0.008992768140881156
2024.08.23,000020.SZ,0.03892373365261768
2024.08.23,000031.SZ,0.18036161306039483
2024.08.23,000014.SZ,0.09568446433665609
2024.08.23,000011.SZ,0.0742782508014574
2024.08.23,000002.SZ,0.03729605689098019
2024.08.23,000029.SZ,0.17061073763901463
2024.08.23,600016.SH,0.0030567305043094407
2024.08.23,600043.SH,0.13378481347049423
2024.08.23,600047.SH,0.1623914738960981
2024.08.23,600003.SH,0.046199595654867906
2024.08.23,000043.SZ,0.05548904420173049
2024.08.23,600035.SH,0.4977277499422996
2024.08.23,600039.SH,0.029265025775453327
2024.08.23,600030.SH,0.015242522494053227
2024.08.23,600002.SH,0.09633396811871604
2024.08.23,600038.SH,0.022468148864442934
2024.08.23,000041.SZ,0.025990641763870465
2024.08.23,000017.SZ,0.0635583198184296
2024.08.23,600046.SH,0.17328569537403196
2024.08.23,000047.SZ,0.07236383982883542
2024.08.23,000023.SZ,0.08962804619670044
2024.08.23,000048.SZ,0.03861022393681818
2024.08.23,600019.SH,0.21483466177997498
2024.08.23,600022.SH,0.09602437581830549
2024.08.23,000019.SZ,0.16955374770413326
2024.08.23,600018.SH,0.04994228995683742
2024.08.23,600000.SH,0.056353750429955295
2024.08.23,600023.SH,0.06386682440250954
2024.08.23,000021.SZ,0.03842690712118164
2024.08.23,600049.SH,0.05754051754871682
2024.08.23,000028.SZ,0.11014635781046557
2024.08.23,000044.SZ,0.43401021918705207
2024.08.23,600028.SH,0.047507828347857974
2024.08.23,000035.SZ,0.0850362523677476
2024.08.23,600033.SH,0.3573441434410439
2024.08.23,000026.SZ,0.18515772792859347
2024.08.23,000005.SZ,0.2587189904600237
2024.08.23,000016.SZ,0.015549841076160717
2024.08.23,000008.SZ,0.5022370870958609
2024.08.23,600007.SH,0.7913914884139299
2024.08.23,600044.SH,0.010370046463814805
2024.08.23,000010.SZ,0.024935211420578047
2024.08.23,000030.SZ,0.04809780075573385
2024.08.23,000007.SZ,0.03858648281860814
