TradingDate,SecurityID,Value
2024.06.03,000006.SZ,0.049253920451402165
2024.06.03,600006.SH,0.06989235380052983
2024.06.03,600015.SH,0.12260788728199176
2024.06.03,000016.SZ,0.29049497061068125
2024.06.03,600038.SH,0.047223374242778574
2024.06.03,000039.SZ,0.010797865051528343
2024.06.03,000010.SZ,0.0910284597103327
2024.06.03,000021.SZ,0.009801430278619063
2024.06.03,000036.SZ,0.037984433973305094
2024.06.03,600005.SH,0.012205799556977205
2024.06.03,600020.SH,0.013012272530983127
2024.06.03,600048.SH,0.04007635090531714
2024.06.03,000027.SZ,0.04102524611313292
2024.06.03,000012.SZ,0.20880737414321585
2024.06.03,600019.SH,0.07084824807299907
2024.06.03,600041.SH,0.05792169745663594
2024.06.03,600034.SH,0.003944783505655679
2024.06.03,600001.SH,0.12599512067662455
2024.06.03,000037.SZ,0.15608803075762046
2024.06.03,000042.SZ,0.12837033886716287
2024.06.03,600029.SH,0.15413570106045155
2024.06.03,600004.SH,0.023161157658853525
2024.06.03,600014.SH,0.0881539428685166
2024.06.03,000044.SZ,0.09353321518923748
2024.06.03,600002.SH,0.023064783425202875
2024.06.03,600013.SH,0.0704450749461007
2024.06.03,000032.SZ,0.10287979918175555
2024.06.03,600039.SH,0.36142648746442174
2024.06.03,600017.SH,0.04819695348864728
2024.06.03,000022.SZ,0.07292298862874425
2024.06.03,000007.SZ,0.15303536620399003
2024.06.03,600031.SH,0.05620029043160004
2024.06.03,600040.SH,0.02589473897856363
2024.06.03,600010.SH,0.04306537285487864
2024.06.03,600043.SH,0.04472215217945047
2024.06.03,000048.SZ,0.06404779011973097
2024.06.03,000017.SZ,0.06497216947635012
2024.06.03,600025.SH,0.0038146052069593203
2024.06.03,000002.SZ,0.08839207898447883
2024.06.03,600047.SH,0.1634415869992844
2024.06.03,000043.SZ,0.0399307679323711
2024.06.03,000041.SZ,0.11811936381249494
2024.06.03,000034.SZ,0.23205372474438532
2024.06.03,600008.SH,0.06297803868669417
2024.06.03,000024.SZ,0.046978560826394684
2024.06.03,600022.SH,0.03805903876845335
2024.06.03,000014.SZ,0.045438208180407225
2024.06.03,600032.SH,0.0005084230284652588
2024.06.03,000045.SZ,0.03081632788939912
2024.06.03,600011.SH,0.032932693998939985
2024.06.03,600023.SH,0.11419714488774374
2024.06.03,000040.SZ,0.2565531868663998
2024.06.03,000018.SZ,0.2842422205622323
2024.06.03,600000.SH,0.12506990830001638
2024.06.03,600044.SH,0.046645541854786074
2024.06.03,000030.SZ,0.044937320285127466
2024.06.03,000020.SZ,0.04826875714035094
2024.06.03,000038.SZ,0.220371851158386
2024.06.03,600030.SH,0.3769989596954683
2024.06.03,600042.SH,0.23192666724482983
2024.06.03,000050.SZ,0.018378645448877032
2024.06.03,600049.SH,0.0563286087108417
2024.06.03,000004.SZ,0.08802126195336281
2024.06.03,000013.SZ,0.06271038412137597
2024.06.03,000009.SZ,0.035640809507205565
2024.06.03,000015.SZ,0.1028936325078292
2024.06.03,000025.SZ,0.17847627685722314
2024.06.03,000033.SZ,0.320666312322192
2024.06.03,600027.SH,0.06809683548183923
2024.06.03,000023.SZ,0.1832079154231911
2024.06.03,000046.SZ,4.606429431100124e-05
2024.06.03,000003.SZ,0.09153154208394378
2024.06.03,600024.SH,0.18716493922781996
2024.06.03,600021.SH,0.05738365083058664
2024.06.03,000029.SZ,0.10791721793029495
2024.06.03,600028.SH,0.14991422410608843
2024.06.03,000028.SZ,0.020170651872862135
2024.06.03,000031.SZ,0.21754750165674624
2024.06.03,000001.SZ,0.17605530368449912
2024.06.03,000019.SZ,0.16990139186047587
2024.06.03,600033.SH,0.1652058068355294
2024.06.03,600012.SH,0.005752036569299645
2024.06.03,000026.SZ,0.045278294668778134
2024.06.03,000005.SZ,0.04569662110947012
2024.06.03,600007.SH,0.07513176572069534
2024.06.03,000035.SZ,0.2304499352785639
2024.06.03,600009.SH,0.11735425264900365
2024.06.03,600045.SH,0.017040896516251333
2024.06.03,000008.SZ,0.08791417899511422
2024.06.03,600046.SH,0.09925433056678418
2024.06.03,600036.SH,0.04531534027099231
2024.06.03,600037.SH,0.3237591464310115
2024.06.03,000047.SZ,0.05887891707229086
2024.06.03,600018.SH,0.08906456000140642
2024.06.03,000049.SZ,0.05905946731442425
2024.06.03,600035.SH,0.001091685213152726
2024.06.03,600026.SH,0.1013911533182578
2024.06.04,600026.SH,0.3070201544574976
2024.06.04,600035.SH,0.7059330811262018
2024.06.04,600045.SH,0.131561280014076
2024.06.04,600020.SH,0.17895530478806002
2024.06.04,000029.SZ,0.017718691783730627
2024.06.04,600005.SH,0.00605195388022554
2024.06.04,000025.SZ,0.0475910238235747
2024.06.04,600014.SH,0.3055024159529926
2024.06.04,000049.SZ,0.025970710048030116
2024.06.04,600013.SH,0.07569163662670576
2024.06.04,600010.SH,0.3240070351769037
2024.06.04,000034.SZ,0.011154123632271388
2024.06.04,600047.SH,0.0640185606164691
2024.06.04,600022.SH,0.15118144952088225
2024.06.04,000018.SZ,0.1978493173090879
2024.06.04,600040.SH,0.16390385126078094
2024.06.04,000038.SZ,0.23291764717496072
2024.06.04,000044.SZ,0.5291414988901466
2024.06.04,000046.SZ,0.1818955385007392
2024.06.04,600049.SH,0.05921315247868209
2024.06.04,000014.SZ,0.11224050155488587
2024.06.04,000003.SZ,0.018636602585446287
2024.06.04,600038.SH,0.16719634282723755
2024.06.04,000035.SZ,0.1509333112722613
2024.06.04,000041.SZ,0.0513746894801516
2024.06.04,600004.SH,0.03848973058504752
2024.06.04,000009.SZ,0.059777108399456116
2024.06.04,600001.SH,0.0840325047616687
2024.06.04,600002.SH,0.14014098154592192
2024.06.04,600007.SH,0.1033969334374529
2024.06.04,600028.SH,0.009575918454213503
2024.06.04,600003.SH,0.04653663618594309
2024.06.04,600024.SH,0.0461665493773687
2024.06.04,000028.SZ,0.20450079510602928
2024.06.04,600027.SH,0.05209786954272149
2024.06.04,000043.SZ,0.025720104292339178
2024.06.04,600016.SH,0.031860548517816466
2024.06.04,000030.SZ,0.16542805360083168
2024.06.04,000007.SZ,0.07827968656183866
2024.06.04,000006.SZ,0.27273484976353757
2024.06.04,600025.SH,0.17163296378379214
2024.06.04,000032.SZ,0.23887322333468286
2024.06.04,000015.SZ,0.1212934737677652
2024.06.04,600036.SH,0.7000677277526439
2024.06.04,000017.SZ,0.05714960361873484
2024.06.04,600039.SH,0.14661472133958717
2024.06.04,000011.SZ,0.07136515432022224
2024.06.04,600011.SH,0.27600676455727713
2024.06.04,000024.SZ,0.30487662977998337
2024.06.04,600023.SH,0.11596656228969862
2024.06.04,000022.SZ,0.10102356362075712
2024.06.04,000027.SZ,0.028560728210320345
2024.06.04,000031.SZ,0.12049377834908898
2024.06.04,000050.SZ,0.14706554819190487
2024.06.04,000037.SZ,0.0561103700598725
2024.06.04,000036.SZ,0.331030851554922
2024.06.04,000040.SZ,0.2302487158927546
2024.06.04,000021.SZ,0.0018482226823052159
2024.06.04,600018.SH,0.00019076063932712306
2024.06.04,600043.SH,0.21158873242676812
2024.06.04,600015.SH,0.013328738321133191
2024.06.04,000039.SZ,0.10978775455171068
2024.06.04,600041.SH,0.14089233979601726
2024.06.04,600019.SH,0.021839127577794982
2024.06.04,000002.SZ,0.07892967393624731
2024.06.04,600021.SH,0.17653830431955372
2024.06.04,000019.SZ,0.01969886496905116
2024.06.04,000033.SZ,0.017144949517694123
2024.06.04,000026.SZ,0.18711456196362977
2024.06.04,000005.SZ,0.01748429058853963
2024.06.04,600017.SH,0.027704531669126346
2024.06.04,600031.SH,0.0872474711250419
2024.06.04,000048.SZ,0.01476794926573143
2024.06.04,600048.SH,0.38778985441258357
2024.06.04,000047.SZ,0.21311764011629578
2024.06.04,000045.SZ,0.07547443730424311
2024.06.04,600012.SH,0.111898056000827
2024.06.04,000016.SZ,0.008611589973699981
2024.06.04,000020.SZ,0.034995278475342464
2024.06.04,600034.SH,0.007832079230806194
2024.06.04,600046.SH,0.052058596557377206
2024.06.04,000010.SZ,0.084717584645681
2024.06.04,000013.SZ,0.05596149192620077
2024.06.04,600044.SH,0.14119519059221536
2024.06.04,600006.SH,0.006844797798943234
2024.06.04,600008.SH,0.015854338764623704
2024.06.04,000042.SZ,0.02744409094954448
2024.06.04,000012.SZ,0.009350376482471851
2024.06.04,000023.SZ,0.06503496068191054
2024.06.04,600030.SH,0.09505239615760182
2024.06.04,000004.SZ,0.07812930074246412
2024.06.04,600042.SH,0.0030346490345137685
2024.06.04,600037.SH,0.06850237546582058
2024.06.04,600033.SH,0.023273579224119222
2024.06.04,600009.SH,0.1557268655411927
2024.06.04,000008.SZ,0.04384287523982931
2024.06.05,000044.SZ,0.0022582994693733445
2024.06.05,000007.SZ,0.4173015394757955
2024.06.05,600043.SH,0.029733118519397736
2024.06.05,600032.SH,0.20006389597031946
2024.06.05,000029.SZ,0.5069249147219594
2024.06.05,000025.SZ,0.10502526549324105
2024.06.05,600023.SH,0.05880738351497554
2024.06.05,600004.SH,0.1627254966597439
2024.06.05,000005.SZ,0.01870011950913871
2024.06.05,600001.SH,0.03022675777252006
2024.06.05,000012.SZ,0.09309538835937627
2024.06.05,000038.SZ,0.09888646829325186
2024.06.05,600048.SH,0.2977722590308405
2024.06.05,600046.SH,0.0048778890215199055
2024.06.05,600040.SH,0.03008906507643794
2024.06.05,000024.SZ,0.19181670806502585
2024.06.05,600010.SH,0.001491553301858123
2024.06.05,600018.SH,0.2751271807050075
2024.06.05,600009.SH,0.05127758327072108
2024.06.05,000032.SZ,0.011721509579507983
2024.06.05,600014.SH,0.09477411662775712
2024.06.05,000022.SZ,0.09513088381508811
2024.06.05,000026.SZ,0.20119384914264157
2024.06.05,600031.SH,0.00040892250343489624
2024.06.05,000011.SZ,0.011143929774485216
2024.06.05,000006.SZ,0.1116066302898682
2024.06.05,600005.SH,0.2245658650806143
2024.06.05,000023.SZ,0.024844240679752626
2024.06.05,600000.SH,0.03106591720232295
2024.06.05,000049.SZ,0.48193087347731906
2024.06.05,000010.SZ,0.10443621035197094
2024.06.05,600036.SH,0.12066156869988709
2024.06.05,600007.SH,0.05955465791631002
2024.06.05,000027.SZ,0.022204779856862256
2024.06.05,600017.SH,0.013775801924893647
2024.06.05,000045.SZ,0.031934286086848875
2024.06.05,000015.SZ,0.2843206142437833
2024.06.05,600042.SH,0.36158212255633715
2024.06.05,000033.SZ,0.006464348304413623
2024.06.05,000030.SZ,0.15559724309513287
2024.06.05,000002.SZ,0.052507223752484046
2024.06.05,600026.SH,0.02701884580593746
2024.06.05,000001.SZ,0.0996806623245402
2024.06.05,600034.SH,0.049596068100779434
2024.06.05,000035.SZ,0.20373330780601967
2024.06.05,000017.SZ,0.13524343951954265
2024.06.05,600047.SH,0.0585546441010435
2024.06.05,000050.SZ,0.39198928748411443
2024.06.05,600019.SH,0.12982269335727747
2024.06.05,000021.SZ,0.2554885723032223
2024.06.05,600044.SH,0.14237701102598177
2024.06.05,000019.SZ,0.07163148032922818
2024.06.05,600038.SH,0.04680024788737586
2024.06.05,600011.SH,0.020822676336684495
2024.06.05,000014.SZ,0.030626727245589458
2024.06.05,000041.SZ,0.06746128613069186
2024.06.05,600028.SH,0.14027158860637476
2024.06.05,600045.SH,0.15417043754088278
2024.06.05,600008.SH,0.1941963019653167
2024.06.05,000020.SZ,0.2917722790861226
2024.06.05,600035.SH,0.12314017781576712
2024.06.05,600029.SH,0.1324703402784377
2024.06.05,600012.SH,0.05043126351783626
2024.06.05,600033.SH,0.04765951562548309
2024.06.05,600015.SH,0.1131633239278706
2024.06.05,600027.SH,0.018871174007492924
2024.06.05,600025.SH,0.2138977730255196
2024.06.05,000009.SZ,0.20879186548353376
2024.06.05,000003.SZ,0.02114370798258732
2024.06.05,600021.SH,0.22679825570192075
2024.06.05,600049.SH,0.09599139149128945
2024.06.05,600013.SH,0.1675075014681513
2024.06.05,000036.SZ,0.018435069090408276
2024.06.05,000034.SZ,0.07184954722659052
2024.06.05,000048.SZ,0.06148025921494334
2024.06.05,000047.SZ,0.09024308894550878
2024.06.05,000031.SZ,0.09399130954718214
2024.06.05,600022.SH,0.042107025811620624
2024.06.05,000018.SZ,0.27820766102051553
2024.06.05,000013.SZ,0.1975542010335378
2024.06.05,600039.SH,0.12419358060122325
2024.06.05,600041.SH,0.42809382406304736
2024.06.05,000046.SZ,0.04629077308683783
2024.06.05,000008.SZ,0.03907651570167545
2024.06.05,000037.SZ,0.3372445656060364
2024.06.05,000040.SZ,0.6502741958817699
2024.06.05,600024.SH,0.16163531341405832
2024.06.05,600016.SH,0.11930670353378188
2024.06.05,600030.SH,0.06871505874817661
2024.06.05,600020.SH,0.3072754841190763
2024.06.05,000042.SZ,0.031146212501716723
2024.06.05,600003.SH,0.18553006770397668
2024.06.05,600002.SH,0.03890141437323191
2024.06.05,000004.SZ,0.16564292987675844
2024.06.05,600006.SH,0.05729501686421028
2024.06.05,000028.SZ,0.3328676737961014
2024.06.05,000043.SZ,0.01907735909316823
2024.06.06,600035.SH,0.009635773072385445
2024.06.06,000018.SZ,0.1889783329344086
2024.06.06,000026.SZ,0.12821466806029158
2024.06.06,000040.SZ,0.06127394491103111
2024.06.06,600004.SH,0.04967232224296311
2024.06.06,000006.SZ,8.163909027014263e-05
2024.06.06,000008.SZ,0.08816378933210074
2024.06.06,000050.SZ,0.17374139365885138
2024.06.06,000033.SZ,0.03921726930360495
2024.06.06,600045.SH,0.21748225017733094
2024.06.06,600012.SH,0.10402102152149167
2024.06.06,000042.SZ,0.1440967651961484
2024.06.06,000009.SZ,0.15832120740592348
2024.06.06,000038.SZ,0.33211039245135476
2024.06.06,600018.SH,0.004011818463938009
2024.06.06,600030.SH,0.05261950573752688
2024.06.06,600008.SH,0.5359863229674816
2024.06.06,600029.SH,0.04084694661328675
2024.06.06,000034.SZ,0.22352138998061305
2024.06.06,000021.SZ,0.0585054011965331
2024.06.06,600011.SH,0.0025005710099696627
2024.06.06,600046.SH,0.238602789955284
2024.06.06,000013.SZ,0.009787611095689309
2024.06.06,600022.SH,0.10433699687980369
2024.06.06,000014.SZ,0.13030915575333069
2024.06.06,600023.SH,0.0729129852488591
2024.06.06,000035.SZ,0.02071736667937818
2024.06.06,000048.SZ,0.14670886864308097
2024.06.06,000015.SZ,0.25679893822539845
2024.06.06,000046.SZ,0.04464308193386303
2024.06.06,600017.SH,0.19104877774077297
2024.06.06,600031.SH,0.07541485525650346
2024.06.06,600015.SH,0.2655146676770011
2024.06.06,000003.SZ,0.41838199998857495
2024.06.06,600007.SH,0.06334881453644292
2024.06.06,600034.SH,0.03767755108036954
2024.06.06,600049.SH,0.12062075727950745
2024.06.06,000010.SZ,0.1045814428382116
2024.06.06,600038.SH,0.07674005899933867
2024.06.06,600024.SH,0.10652905822807501
2024.06.06,600000.SH,0.037081413243739696
2024.06.06,000011.SZ,0.33521421170527405
2024.06.06,000043.SZ,0.008385348861203132
2024.06.06,000045.SZ,0.03402965293564087
2024.06.06,000005.SZ,0.21125352283793022
2024.06.06,000031.SZ,0.2058633817436641
2024.06.06,600047.SH,0.10787844503408808
2024.06.06,000022.SZ,0.21017318808917834
2024.06.06,600020.SH,0.3981472573948549
2024.06.06,600019.SH,0.030754239306799026
2024.06.06,000023.SZ,0.14520871652361578
2024.06.06,600002.SH,0.049778486113611575
2024.06.06,000019.SZ,0.0993698432870335
2024.06.06,000007.SZ,0.022673482133487927
2024.06.06,600042.SH,0.07071536003195472
2024.06.06,600001.SH,0.17655033263533298
2024.06.06,600040.SH,0.4669627528755057
2024.06.06,000036.SZ,0.03330715410503213
2024.06.06,000049.SZ,0.05359911649620411
2024.06.06,600013.SH,0.10264221517782797
2024.06.06,600014.SH,0.001359746235087218
2024.06.06,600043.SH,0.13041541124125153
2024.06.06,600037.SH,0.06566198492017959
2024.06.06,600010.SH,0.042968180489547585
2024.06.06,600016.SH,0.05811916436962978
2024.06.06,600006.SH,0.29192338546586605
2024.06.06,600005.SH,0.03273424921436334
2024.06.06,000041.SZ,0.0129791211239022
2024.06.06,600041.SH,0.106039749922266
2024.06.06,000028.SZ,0.031586030530144055
2024.06.06,600036.SH,0.11343414163947717
2024.06.06,600048.SH,0.2040308334272974
2024.06.06,000017.SZ,0.06819616683846107
2024.06.06,000002.SZ,0.08733072031106516
2024.06.06,600032.SH,0.11855416404469529
2024.06.06,600025.SH,0.02160629063259835
2024.06.06,600028.SH,0.10373663034609507
2024.06.06,000030.SZ,0.36513159682929747
2024.06.06,000029.SZ,0.07120525613561605
2024.06.06,000025.SZ,0.2103286732975488
2024.06.06,600044.SH,0.07096098979753274
2024.06.06,000047.SZ,0.009211667948431581
2024.06.06,000037.SZ,0.012219456840239076
2024.06.06,000039.SZ,0.12799810388768368
2024.06.06,000001.SZ,0.2007782432777401
2024.06.06,000012.SZ,0.050392704855136784
2024.06.06,600033.SH,0.04436314846282983
2024.06.06,000020.SZ,0.035135280050436604
2024.06.06,600026.SH,0.015989144282468625
2024.06.06,000027.SZ,0.1673135880894444
2024.06.06,600003.SH,0.06472264261893582
2024.06.06,600021.SH,0.03932864968166196
2024.06.06,000044.SZ,0.034979835134694985
2024.06.06,000004.SZ,0.09804185539030662
2024.06.06,600039.SH,0.15919474176764123
2024.06.06,000016.SZ,0.0926331392117731
2024.06.06,000032.SZ,0.10841990149076197
2024.06.06,600027.SH,0.04479621460152003
2024.06.07,600006.SH,0.04517984398960983
2024.06.07,600016.SH,0.01697568153137341
2024.06.07,000011.SZ,0.01704518618751942
2024.06.07,000049.SZ,0.020018408101334338
2024.06.07,600043.SH,0.056084441276233556
2024.06.07,600038.SH,0.009281186106049378
2024.06.07,000006.SZ,0.07414929251724289
2024.06.07,000020.SZ,0.04304971604488146
2024.06.07,000036.SZ,0.001990861307842715
2024.06.07,000018.SZ,0.07132121289317105
2024.06.07,000038.SZ,0.03960137741104339
2024.06.07,600033.SH,0.07704693127904348
2024.06.07,000034.SZ,0.06165598629031986
2024.06.07,000004.SZ,0.22757998083605332
2024.06.07,000009.SZ,0.05978584609907154
2024.06.07,600013.SH,0.34924123167514814
2024.06.07,000044.SZ,0.24789888040070704
2024.06.07,600003.SH,0.06255874521006781
2024.06.07,000005.SZ,0.11764675809725303
2024.06.07,000040.SZ,0.05363776092997428
2024.06.07,600034.SH,0.16562795472861136
2024.06.07,000030.SZ,0.19231287515955128
2024.06.07,600028.SH,0.24161239290795677
2024.06.07,000043.SZ,0.12314071643038922
2024.06.07,000048.SZ,0.0007017376456287956
2024.06.07,000008.SZ,0.020670686341487228
2024.06.07,000001.SZ,0.2136627019416054
2024.06.07,600017.SH,0.09207610413502779
2024.06.07,000033.SZ,0.47419893430666565
2024.06.07,600026.SH,0.09585320919401671
2024.06.07,600009.SH,0.05458329339860942
2024.06.07,000035.SZ,0.10027838801730032
2024.06.07,600019.SH,0.01879425528070188
2024.06.07,000028.SZ,0.07230597593185284
2024.06.07,600048.SH,0.2592753345953137
2024.06.07,000013.SZ,0.03657064625385031
2024.06.07,600040.SH,0.008462237514116348
2024.06.07,600027.SH,0.03600298267646779
2024.06.07,600010.SH,0.734059481109276
2024.06.07,000007.SZ,0.019052669640068107
2024.06.07,000017.SZ,0.13832971841988198
2024.06.07,600004.SH,0.2868597170215828
2024.06.07,000050.SZ,0.06642167684009097
2024.06.07,000025.SZ,0.15358021969862864
2024.06.07,600049.SH,0.22466487521691123
2024.06.07,600000.SH,0.08713234886353702
2024.06.07,000039.SZ,0.05172912751321859
2024.06.07,600018.SH,0.007888986660051734
2024.06.07,600029.SH,0.11248091570750847
2024.06.07,600046.SH,0.06760331267768888
2024.06.07,600023.SH,0.011003486968953237
2024.06.07,600045.SH,0.11161286702656724
2024.06.07,000010.SZ,0.4124421787648399
2024.06.07,000014.SZ,0.005053052932973257
2024.06.07,600005.SH,0.2276139980172314
2024.06.07,600039.SH,0.3175128842191812
2024.06.07,600008.SH,0.1865774269025865
2024.06.07,000047.SZ,0.032566918866212734
2024.06.07,600011.SH,0.12478032746100985
2024.06.07,600002.SH,0.06106126082575552
2024.06.07,600044.SH,0.08301642065017625
2024.06.07,600035.SH,0.16982334390288856
2024.06.07,600042.SH,0.14575099898776714
2024.06.07,600047.SH,0.01193132543733353
2024.06.07,600024.SH,0.09847571462433335
2024.06.07,600021.SH,0.11752471320703814
2024.06.07,600025.SH,0.004579917292520621
2024.06.07,600031.SH,0.0317425169335246
2024.06.07,600041.SH,0.04941367852455616
2024.06.07,600007.SH,0.01223937518746007
2024.06.07,600030.SH,0.05056952093162082
2024.06.07,600015.SH,0.22838448428488523
2024.06.07,600014.SH,0.056117880449440084
2024.06.07,000023.SZ,0.22440252824252682
2024.06.07,000003.SZ,0.014777614877385862
2024.06.07,000029.SZ,0.32523573741941264
2024.06.07,000046.SZ,0.07831095696170008
2024.06.07,000032.SZ,0.007977423327237517
2024.06.07,000031.SZ,0.033065692185868883
2024.06.07,000022.SZ,0.21543187734215663
2024.06.07,000045.SZ,0.4254219480608661
2024.06.07,600036.SH,0.06956564174509662
2024.06.07,000015.SZ,0.07350188476992148
2024.06.07,000002.SZ,0.02722566807724745
2024.06.07,600037.SH,0.23392444284166045
2024.06.07,600032.SH,0.14426713399479724
2024.06.07,000019.SZ,0.059966363468803824
2024.06.07,000012.SZ,0.6515346195433618
2024.06.07,000027.SZ,0.05579724671769767
2024.06.07,000021.SZ,0.10917755310153639
2024.06.07,000026.SZ,0.03354212172902706
2024.06.07,600020.SH,0.15263826527375388
2024.06.07,600022.SH,0.1256090842991935
2024.06.07,000042.SZ,0.024585585939645146
2024.06.07,000041.SZ,0.01001928160101459
2024.06.07,600012.SH,0.01768454874318471
2024.06.07,000037.SZ,0.05935698062040871
2024.06.07,000024.SZ,0.2165251455034726
2024.06.10,600047.SH,0.1460495997602501
2024.06.10,000045.SZ,0.06194343826360847
2024.06.10,600015.SH,0.10185865502777687
2024.06.10,600021.SH,0.11049957687689478
2024.06.10,600031.SH,0.09125627442927028
2024.06.10,600024.SH,0.10595879229588896
2024.06.10,600002.SH,0.12316645679069176
2024.06.10,600028.SH,0.10267430818675922
2024.06.10,000032.SZ,0.37634889804989796
2024.06.10,600027.SH,0.4122674856257134
2024.06.10,600022.SH,0.3441385051068431
2024.06.10,000049.SZ,0.03904319633458368
2024.06.10,600016.SH,0.0961445347744031
2024.06.10,000005.SZ,0.13953309065854047
2024.06.10,000048.SZ,0.17878763500429204
2024.06.10,600033.SH,0.2574570699789871
2024.06.10,000001.SZ,0.1275323156138268
2024.06.10,600034.SH,0.2737991765771004
2024.06.10,000028.SZ,0.12449214718291682
2024.06.10,000004.SZ,0.168192444993502
2024.06.10,600009.SH,0.0978361848538785
2024.06.10,600046.SH,0.019217072302503708
2024.06.10,600010.SH,0.10701491937993916
2024.06.10,000038.SZ,0.008703836891728085
2024.06.10,000047.SZ,0.03501877874780496
2024.06.10,000008.SZ,0.0513320465614759
2024.06.10,000037.SZ,0.0011631982160517046
2024.06.10,000033.SZ,0.14360505799840506
2024.06.10,600018.SH,0.05953467068557502
2024.06.10,000013.SZ,0.0106805055126637
2024.06.10,600013.SH,0.12458264218007667
2024.06.10,600044.SH,0.07837391070108772
2024.06.10,000029.SZ,0.05534121726079246
2024.06.10,000039.SZ,0.10006015666030968
2024.06.10,600032.SH,0.0014260578518877267
2024.06.10,600017.SH,0.16479462304699066
2024.06.10,600026.SH,0.07390394732360109
2024.06.10,000031.SZ,0.1907998191770792
2024.06.10,000025.SZ,0.21253078176895018
2024.06.10,000044.SZ,0.12422675707301105
2024.06.10,600036.SH,0.06283600375681209
2024.06.10,600001.SH,0.7457357974730433
2024.06.10,600006.SH,0.0286780160176974
2024.06.10,000015.SZ,0.0720517949558696
2024.06.10,600039.SH,0.09239504792121231
2024.06.10,600012.SH,0.11435902215328249
2024.06.10,600043.SH,0.01821763608414183
2024.06.10,000041.SZ,0.14891260614183957
2024.06.10,600023.SH,0.24013184819955738
2024.06.10,000043.SZ,0.33676492410289977
2024.06.10,000034.SZ,0.1058390722361213
2024.06.10,600014.SH,0.3584013881423358
2024.06.10,000027.SZ,0.08420370105125657
2024.06.10,000024.SZ,0.09734336732630373
2024.06.10,600041.SH,0.0027430180085822615
2024.06.10,000016.SZ,0.019757056998293426
2024.06.10,600045.SH,0.11099874676365078
2024.06.10,000014.SZ,0.004950880534220808
2024.06.10,600008.SH,0.13001250873993606
2024.06.10,600048.SH,0.01995585655832637
2024.06.10,600025.SH,0.1184407124749553
2024.06.10,600003.SH,0.13632434672199373
2024.06.10,000017.SZ,0.14368263900731132
2024.06.10,000019.SZ,0.1051525009927509
2024.06.10,600037.SH,0.0662067575977557
2024.06.10,000035.SZ,0.05237234741891521
2024.06.10,000030.SZ,0.01732604988526176
2024.06.10,000042.SZ,0.0073877599362807385
2024.06.10,600038.SH,0.3268778138403385
2024.06.10,000011.SZ,0.024147638465623095
2024.06.10,600020.SH,0.1487499234499323
2024.06.10,000036.SZ,0.14057332236406256
2024.06.10,000003.SZ,0.2528085424135459
2024.06.10,600000.SH,0.09515691794771534
2024.06.10,600007.SH,0.0073821221928198535
2024.06.10,600040.SH,0.0265222261938507
2024.06.10,000012.SZ,0.11334038870396292
2024.06.10,000010.SZ,0.010235918212169827
2024.06.10,600019.SH,0.0025347377215434795
2024.06.10,000022.SZ,0.20366422907886025
2024.06.10,600030.SH,0.06016983670789164
2024.06.10,000006.SZ,0.13690668819697616
2024.06.10,000009.SZ,0.06690507133076147
2024.06.10,000002.SZ,0.1799705472517252
2024.06.10,000023.SZ,0.1633687223392089
2024.06.10,000018.SZ,0.004552187778055382
2024.06.10,000021.SZ,0.023125593426202535
2024.06.10,000046.SZ,0.20325860358279055
2024.06.10,600029.SH,0.05750407636811707
2024.06.10,000026.SZ,0.017284390223598414
2024.06.10,600049.SH,0.07671113256886274
2024.06.10,000040.SZ,0.07980878006418884
2024.06.10,600004.SH,0.09500347078276278
2024.06.10,000007.SZ,0.008892678967814434
2024.06.10,600011.SH,0.13827368155760314
2024.06.10,600035.SH,0.06606548984541825
2024.06.11,000012.SZ,0.002713879652303251
2024.06.11,600015.SH,0.019913813454554608
2024.06.11,600010.SH,0.020095570036421418
2024.06.11,000030.SZ,0.04592547641759336
2024.06.11,000013.SZ,0.0013373465935423853
2024.06.11,000033.SZ,0.1534103006348346
2024.06.11,000038.SZ,0.0649408027493669
2024.06.11,600021.SH,0.17239723170523938
2024.06.11,600004.SH,0.27903561369096314
2024.06.11,600006.SH,0.09818165794281476
2024.06.11,000015.SZ,0.27068582765775967
2024.06.11,600045.SH,0.006184789885465428
2024.06.11,600039.SH,0.26131523224889386
2024.06.11,600033.SH,0.12005909384036546
2024.06.11,600024.SH,0.08235787583002376
2024.06.11,600025.SH,0.2851030843673278
2024.06.11,600016.SH,0.014262310145034594
2024.06.11,000036.SZ,0.1457591185139152
2024.06.11,600042.SH,0.18113705336502756
2024.06.11,000009.SZ,0.11569578045660693
2024.06.11,600005.SH,0.022534675698719444
2024.06.11,000050.SZ,0.03579678608701346
2024.06.11,600011.SH,0.053835999815968455
2024.06.11,600014.SH,0.29235779753981156
2024.06.11,600002.SH,0.01542848259889747
2024.06.11,000001.SZ,0.019123242450655106
2024.06.11,000026.SZ,0.003951017373144421
2024.06.11,600032.SH,0.053245626848124866
2024.06.11,600023.SH,0.022809413247975883
2024.06.11,000028.SZ,0.034987495414573994
2024.06.11,600029.SH,0.12623072594766518
2024.06.11,000005.SZ,0.1857102555747825
2024.06.11,000004.SZ,0.14833475407307606
2024.06.11,600027.SH,0.11119059920374459
2024.06.11,600026.SH,0.02478754037128303
2024.06.11,600008.SH,0.007442467886988666
2024.06.11,600041.SH,0.009344689952190947
2024.06.11,600001.SH,0.10833777933242279
2024.06.11,000019.SZ,0.27504601432581716
2024.06.11,600037.SH,0.017856749827280985
2024.06.11,600020.SH,0.07812029973919356
2024.06.11,000044.SZ,0.011271192917028296
2024.06.11,000048.SZ,0.5956908888887951
2024.06.11,000025.SZ,0.017614875404381482
2024.06.11,600043.SH,0.029787309109841467
2024.06.11,600017.SH,0.5546332657774554
2024.06.11,600030.SH,0.05519811879898092
2024.06.11,600047.SH,0.1339438834999968
2024.06.11,000010.SZ,0.010819049919938015
2024.06.11,600003.SH,0.5483559291582674
2024.06.11,600022.SH,0.018579214038555704
2024.06.11,600048.SH,0.026134681147053737
2024.06.11,600028.SH,0.11603648479877897
2024.06.11,600013.SH,0.05691586539330824
2024.06.11,000035.SZ,0.056235742790552795
2024.06.11,600019.SH,0.15756689397225296
2024.06.11,000008.SZ,0.2711745920007927
2024.06.11,000041.SZ,0.514383476718181
2024.06.11,600044.SH,0.005322059871815889
2024.06.11,000045.SZ,0.024329483548127983
2024.06.11,000046.SZ,0.2824432644977214
2024.06.11,600036.SH,0.029061013124442526
2024.06.11,000017.SZ,0.0413199187325389
2024.06.11,000040.SZ,0.08567382537311773
2024.06.11,000042.SZ,0.00952744632750299
2024.06.11,000011.SZ,0.10615274873625934
2024.06.11,000034.SZ,0.037533927357192895
2024.06.11,000047.SZ,0.11328968262693408
2024.06.11,000016.SZ,0.2359825098971075
2024.06.11,000031.SZ,0.1938936839350143
2024.06.11,600040.SH,0.0030644522166159583
2024.06.11,000002.SZ,0.08536752144330761
2024.06.11,000049.SZ,0.05017841432968668
2024.06.11,600009.SH,0.6171303534975682
2024.06.11,000003.SZ,0.11157287857071166
2024.06.11,000029.SZ,0.1950877962188697
2024.06.11,000007.SZ,0.0993483370606099
2024.06.11,600049.SH,0.20005123614825956
2024.06.11,000032.SZ,0.013586924661820408
2024.06.11,000027.SZ,0.13313783178999813
2024.06.11,000014.SZ,0.04497770775640551
2024.06.11,000018.SZ,0.04239504742625333
2024.06.11,600000.SH,0.19154358150670855
2024.06.11,000024.SZ,0.013112061114948125
2024.06.11,000020.SZ,0.3090647142679703
2024.06.11,000043.SZ,0.014978066323794932
2024.06.11,000021.SZ,0.1028243272377488
2024.06.11,600035.SH,0.06325967378771247
2024.06.11,600031.SH,0.2787787511106688
2024.06.11,000006.SZ,0.17154126777708278
2024.06.11,000037.SZ,0.12213890654108653
2024.06.11,600034.SH,0.05650251068640102
2024.06.11,600012.SH,0.2062038432960846
2024.06.11,600018.SH,0.010598828622248544
2024.06.11,600046.SH,0.09948113424217529
2024.06.11,000023.SZ,0.053152359774801414
2024.06.12,000013.SZ,0.014669778537223399
2024.06.12,600025.SH,0.036447455899405075
2024.06.12,600032.SH,0.0356873002213743
2024.06.12,000030.SZ,0.04447343738043387
2024.06.12,000011.SZ,0.06852800268913303
2024.06.12,600005.SH,0.018312760546564676
2024.06.12,600037.SH,0.0546783470365138
2024.06.12,000020.SZ,0.01589621021801566
2024.06.12,600009.SH,0.1259626416216945
2024.06.12,600033.SH,0.19016302587642073
2024.06.12,600012.SH,0.27768904418928575
2024.06.12,600040.SH,0.24328944865107222
2024.06.12,600041.SH,0.02759490910604542
2024.06.12,000034.SZ,0.032374787712579116
2024.06.12,000045.SZ,0.19562272915478224
2024.06.12,600015.SH,0.2757550557444058
2024.06.12,000016.SZ,0.02773593450545226
2024.06.12,600045.SH,0.026197342397948967
2024.06.12,600049.SH,0.003412929546807371
2024.06.12,000032.SZ,0.3052203398000953
2024.06.12,000021.SZ,0.020147239154670447
2024.06.12,600001.SH,0.04276393904053143
2024.06.12,600007.SH,0.0832057376169036
2024.06.12,000040.SZ,0.08623794920396714
2024.06.12,000008.SZ,0.010928036901296151
2024.06.12,000022.SZ,0.020028069563391194
2024.06.12,000002.SZ,0.04650728910532136
2024.06.12,000003.SZ,0.16088749184073542
2024.06.12,600048.SH,0.31088241909988407
2024.06.12,600039.SH,0.04540175877455296
2024.06.12,600008.SH,0.054604650891662165
2024.06.12,600023.SH,0.05830961026226511
2024.06.12,600019.SH,0.19581209710379152
2024.06.12,600020.SH,0.15690736712809183
2024.06.12,000001.SZ,0.009308145118373865
2024.06.12,600035.SH,0.09249783993899398
2024.06.12,000026.SZ,0.041927251932589935
2024.06.12,000046.SZ,0.20716210805084811
2024.06.12,000031.SZ,0.032548865555057434
2024.06.12,000019.SZ,0.09216365655553747
2024.06.12,000035.SZ,0.04908409107382623
2024.06.12,000049.SZ,0.009346322634266987
2024.06.12,600027.SH,0.03878656527483791
2024.06.12,600044.SH,0.09325879606943295
2024.06.12,600031.SH,0.02993739575056199
2024.06.12,600038.SH,0.04978115736299544
2024.06.12,000029.SZ,0.27225427654256434
2024.06.12,600030.SH,0.07984268829950779
2024.06.12,600024.SH,0.016132108099010126
2024.06.12,600000.SH,0.18880798987298672
2024.06.12,000041.SZ,0.02522190365885253
2024.06.12,600010.SH,0.054759583653820505
2024.06.12,000015.SZ,0.02337158115638977
2024.06.12,600029.SH,0.08293734155194606
2024.06.12,000007.SZ,0.026975358928693415
2024.06.12,000048.SZ,0.0337527192722796
2024.06.12,000018.SZ,0.046322055077529595
2024.06.12,000027.SZ,0.24834164244215007
2024.06.12,000025.SZ,0.07024538167847
2024.06.12,000024.SZ,0.08603066168283233
2024.06.12,600028.SH,0.5579840310179439
2024.06.12,000005.SZ,0.3221802887238802
2024.06.12,600021.SH,0.031109130880563357
2024.06.12,000036.SZ,0.009204330366481698
2024.06.12,600042.SH,0.03690670688435023
2024.06.12,600013.SH,0.011534996024148198
2024.06.12,600004.SH,0.08969119881950843
2024.06.12,600006.SH,0.0024665087500754693
2024.06.12,000009.SZ,0.0428664590563635
2024.06.12,000037.SZ,0.028714863891965307
2024.06.12,000033.SZ,0.009340464664206755
2024.06.12,000004.SZ,0.011683312685509695
2024.06.12,000012.SZ,0.1071723553733307
2024.06.12,600034.SH,0.19647148335058412
2024.06.12,000047.SZ,0.1659546969397047
2024.06.12,600022.SH,0.10716788810479806
2024.06.12,600003.SH,0.4539499795276275
2024.06.12,600018.SH,0.006829504698438079
2024.06.12,600017.SH,0.197845315597917
2024.06.12,600036.SH,0.07594918297400073
2024.06.12,600016.SH,0.1735941423090545
2024.06.12,600026.SH,0.12111072772108405
2024.06.12,000044.SZ,0.2492140693037951
2024.06.12,000017.SZ,0.08298853570315896
2024.06.12,000039.SZ,0.29326915640690016
2024.06.12,600011.SH,0.17434989912774235
2024.06.12,600043.SH,0.13645145476700876
2024.06.12,000028.SZ,0.058249656738808504
2024.06.12,000050.SZ,0.012745800619869138
2024.06.12,000023.SZ,0.05531012071823985
2024.06.12,000038.SZ,0.09397837871420785
2024.06.12,000006.SZ,0.1920612987863255
2024.06.12,000014.SZ,0.0006312679522959014
2024.06.12,600014.SH,0.06073046522010793
2024.06.12,600002.SH,0.009100249117618397
2024.06.12,600047.SH,0.021047140342614516
2024.06.12,000010.SZ,0.29314842945685204
2024.06.13,000046.SZ,0.33753501999017416
2024.06.13,000034.SZ,0.29197554452438707
2024.06.13,600039.SH,0.1719031401139013
2024.06.13,000026.SZ,0.13438832118496838
2024.06.13,000048.SZ,0.14446673605398827
2024.06.13,600048.SH,0.04858474455748071
2024.06.13,000032.SZ,0.096383800469924
2024.06.13,000021.SZ,0.08602707141398938
2024.06.13,000045.SZ,0.050112510171702915
2024.06.13,000017.SZ,0.4118505559823128
2024.06.13,000036.SZ,0.05612433618752044
2024.06.13,000016.SZ,0.23877094911512026
2024.06.13,600021.SH,0.06231320717131997
2024.06.13,000005.SZ,0.011290802739462702
2024.06.13,000047.SZ,0.240985041693412
2024.06.13,000019.SZ,0.04179732716366964
2024.06.13,000035.SZ,0.14744429321918173
2024.06.13,000043.SZ,0.016510299810323564
2024.06.13,000006.SZ,0.0379867011214531
2024.06.13,600003.SH,0.11239825301363426
2024.06.13,000018.SZ,0.14365753771343268
2024.06.13,600041.SH,0.061156864067214184
2024.06.13,600017.SH,0.13791537648923713
2024.06.13,000002.SZ,0.010258000781986873
2024.06.13,600044.SH,0.18474583417656837
2024.06.13,000033.SZ,0.251300417164073
2024.06.13,600004.SH,0.02645923752571384
2024.06.13,600011.SH,0.01989402447728054
2024.06.13,600009.SH,0.013393013773567811
2024.06.13,600001.SH,0.09339278121752205
2024.06.13,600002.SH,0.06616346147291906
2024.06.13,000037.SZ,0.3664688283278975
2024.06.13,000040.SZ,0.5010712259724254
2024.06.13,000050.SZ,0.003833682086911598
2024.06.13,600036.SH,0.05037469137598161
2024.06.13,000023.SZ,0.05490536217929094
2024.06.13,000013.SZ,0.1450540412411466
2024.06.13,000042.SZ,0.3372341328464819
2024.06.13,600042.SH,0.006185626532227784
2024.06.13,000041.SZ,0.2735539801885586
2024.06.13,600026.SH,0.11691072476770287
2024.06.13,600005.SH,0.00673559869094477
2024.06.13,000024.SZ,0.05643109101681178
2024.06.13,600022.SH,0.011847052089074843
2024.06.13,600034.SH,0.10829938485492652
2024.06.13,600008.SH,0.038192144373740876
2024.06.13,600024.SH,0.055707218339850435
2024.06.13,000015.SZ,0.040852768563726036
2024.06.13,600030.SH,0.0008954459132417049
2024.06.13,000025.SZ,0.021632295217039296
2024.06.13,600025.SH,0.01793948019360766
2024.06.13,600040.SH,0.13751000886111533
2024.06.13,000020.SZ,0.45098962180356816
2024.06.13,000029.SZ,0.0333879465381563
2024.06.13,600038.SH,0.05626769526412652
2024.06.13,600047.SH,0.10431898385848003
2024.06.13,000001.SZ,0.13142035103592917
2024.06.13,000011.SZ,0.14745670851900192
2024.06.13,600031.SH,0.15684897113236312
2024.06.13,000022.SZ,0.011169620110991442
2024.06.13,600010.SH,0.2260265565496962
2024.06.13,000003.SZ,0.007021362695957161
2024.06.13,600029.SH,0.06301190149885207
2024.06.13,600043.SH,0.006167054084627398
2024.06.13,000007.SZ,0.040672745465544856
2024.06.13,600007.SH,0.044324482353400446
2024.06.13,600016.SH,0.07073397183338712
2024.06.13,600028.SH,0.1769198499602005
2024.06.13,600018.SH,0.10534543491210904
2024.06.13,000044.SZ,0.07017430990770358
2024.06.13,600032.SH,0.22248595257803921
2024.06.13,000031.SZ,0.09732308865787498
2024.06.13,000038.SZ,0.01714109068548575
2024.06.13,000027.SZ,0.2066274712162198
2024.06.13,000014.SZ,0.20672744830686599
2024.06.13,600020.SH,0.13465978348261426
2024.06.13,000028.SZ,0.07575101832547287
2024.06.13,600014.SH,0.04593455466078101
2024.06.13,600006.SH,0.12460434187693921
2024.06.13,600033.SH,0.13460461354510647
2024.06.13,000008.SZ,0.07506512931904331
2024.06.13,000010.SZ,0.03627521653178214
2024.06.13,600023.SH,0.21502279457301166
2024.06.13,000030.SZ,0.3527057995979027
2024.06.13,000009.SZ,0.10181341418826126
2024.06.13,600046.SH,0.14376591517912907
2024.06.13,600019.SH,0.0025131356804278665
2024.06.13,600027.SH,0.10024056635759525
2024.06.13,600035.SH,0.04578997713286368
2024.06.13,000004.SZ,0.06924149095418078
2024.06.13,000039.SZ,0.06922114488600033
2024.06.13,600037.SH,0.20540872464753795
2024.06.13,600049.SH,0.14429123570790997
2024.06.13,600012.SH,0.13575418414730928
2024.06.13,600015.SH,0.24064371635527002
2024.06.13,600000.SH,0.07839721606218072
2024.06.13,600013.SH,0.26930960275976035
2024.06.13,000012.SZ,0.004847786588949294
2024.06.14,000026.SZ,0.16145570205520823
2024.06.14,600034.SH,0.19360771193446807
2024.06.14,000002.SZ,0.25466673463564793
2024.06.14,600013.SH,0.05487294624566852
2024.06.14,000037.SZ,0.2543629501795304
2024.06.14,600042.SH,0.048329073383150144
2024.06.14,000041.SZ,0.07961222648180913
2024.06.14,600030.SH,0.04392415022273339
2024.06.14,600005.SH,0.6158051514978633
2024.06.14,000029.SZ,0.02160186535704043
2024.06.14,600036.SH,0.03422938687183986
2024.06.14,600009.SH,0.013762740020392782
2024.06.14,600012.SH,0.07244563329077557
2024.06.14,000050.SZ,0.2196573608618703
2024.06.14,600020.SH,0.04732338986658791
2024.06.14,600014.SH,0.07352346520905992
2024.06.14,000039.SZ,0.11288377699790475
2024.06.14,600026.SH,0.06929914545457934
2024.06.14,600011.SH,0.02813600138201859
2024.06.14,000038.SZ,0.08905770813327661
2024.06.14,000048.SZ,0.04856018055155095
2024.06.14,000027.SZ,0.05098757621322334
2024.06.14,000034.SZ,0.07490405085442783
2024.06.14,600022.SH,0.011168408846249244
2024.06.14,600040.SH,0.07352568876003587
2024.06.14,600031.SH,0.07852327050690398
2024.06.14,600021.SH,0.16178165392784125
2024.06.14,600010.SH,0.1329807190542213
2024.06.14,600003.SH,0.026605285366959445
2024.06.14,600024.SH,0.09002687324752669
2024.06.14,600004.SH,0.31349251252503085
2024.06.14,000049.SZ,0.4147691474765308
2024.06.14,600025.SH,0.09700773243425914
2024.06.14,000032.SZ,0.1237355518114752
2024.06.14,000040.SZ,0.129707935014865
2024.06.14,600038.SH,0.28352595380901896
2024.06.14,000042.SZ,0.08688505054227912
2024.06.14,000010.SZ,0.022451663195405046
2024.06.14,600027.SH,0.2707384921921194
2024.06.14,000001.SZ,0.30297133645392715
2024.06.14,600002.SH,0.033339539919801285
2024.06.14,000046.SZ,0.033798188955867135
2024.06.14,600000.SH,0.08751825266722973
2024.06.14,000035.SZ,0.047510865899038315
2024.06.14,000019.SZ,0.07309401113763904
2024.06.14,000045.SZ,0.16431585297762277
2024.06.14,600006.SH,0.036426538634625166
2024.06.14,600008.SH,0.2604678896134793
2024.06.14,000013.SZ,0.019039660345905554
2024.06.14,000043.SZ,0.06864589440380656
2024.06.14,000018.SZ,0.02300643612798376
2024.06.14,600023.SH,0.08241601113164453
2024.06.14,000047.SZ,0.04405803562429195
2024.06.14,000023.SZ,0.05126743596680327
2024.06.14,600043.SH,0.04347083566331885
2024.06.14,000006.SZ,0.09026507366370862
2024.06.14,000044.SZ,0.14064392273584042
2024.06.14,000016.SZ,0.23374186172256917
2024.06.14,600049.SH,0.044796959136602185
2024.06.14,600035.SH,0.1595839022927348
2024.06.14,600001.SH,0.00770930153181668
2024.06.14,600019.SH,0.06869976444509225
2024.06.14,000008.SZ,0.014064196582302763
2024.06.14,600045.SH,0.018185204894835452
2024.06.14,600018.SH,0.03625115154897883
2024.06.14,000020.SZ,0.07970577994167517
2024.06.14,600046.SH,0.06569536299608185
2024.06.14,600044.SH,0.08937426728487297
2024.06.14,000011.SZ,0.514743675588403
2024.06.14,600015.SH,0.0981125930133288
2024.06.14,000017.SZ,0.16074569194619187
2024.06.14,000031.SZ,0.09202359538586849
2024.06.14,000025.SZ,0.07220931203270436
2024.06.14,000028.SZ,0.1605029180533167
2024.06.14,000009.SZ,0.2099092058285957
2024.06.14,000024.SZ,0.08005410394874866
2024.06.14,000036.SZ,0.35084614045834117
2024.06.14,000004.SZ,0.025622642041245165
2024.06.14,000015.SZ,0.30443462278558864
2024.06.14,000014.SZ,0.2254360192133321
2024.06.14,000022.SZ,0.12725374143593063
2024.06.14,600037.SH,0.2486302913581569
2024.06.14,000007.SZ,0.00865180243984744
2024.06.14,000003.SZ,0.0009195533961347054
2024.06.14,600028.SH,0.14472836487793053
2024.06.14,600033.SH,0.013997841553630272
2024.06.14,600007.SH,0.02334257733807924
2024.06.14,000012.SZ,0.17652464691695674
2024.06.14,600041.SH,0.13990615032459616
2024.06.14,600047.SH,0.12942711481782104
2024.06.14,600016.SH,0.13374006609062775
2024.06.14,000030.SZ,0.03879365730809454
2024.06.14,600048.SH,0.0029602994253078957
2024.06.14,600017.SH,0.012178977824432561
2024.06.14,600032.SH,0.13939024749451157
2024.06.14,000021.SZ,0.04109985111347163
2024.06.14,000033.SZ,0.16362553992761428
2024.06.17,600000.SH,0.05919475507442817
2024.06.17,000008.SZ,0.04094381540550874
2024.06.17,000001.SZ,0.09682094544077928
2024.06.17,600039.SH,0.015730382517199062
2024.06.17,600018.SH,0.18215901358312428
2024.06.17,000027.SZ,0.0761011863394188
2024.06.17,600022.SH,0.7163977947074135
2024.06.17,600014.SH,0.17732699489907094
2024.06.17,600040.SH,0.017664070603480346
2024.06.17,600006.SH,0.4088137399268737
2024.06.17,600030.SH,0.11966591523327712
2024.06.17,600008.SH,0.01196724209333696
2024.06.17,600036.SH,0.18727421976402883
2024.06.17,000046.SZ,0.015125243941680902
2024.06.17,600004.SH,0.03797569392556697
2024.06.17,000032.SZ,0.10101014464804708
2024.06.17,600043.SH,0.09252064196043402
2024.06.17,000036.SZ,0.014489968492795163
2024.06.17,600005.SH,0.01887067647765559
2024.06.17,000005.SZ,0.025688817111618783
2024.06.17,600021.SH,0.015062318505976537
2024.06.17,000009.SZ,0.033807118060853875
2024.06.17,000044.SZ,0.08324364210699742
2024.06.17,000011.SZ,0.12439203177866803
2024.06.17,000035.SZ,0.3192141470081968
2024.06.17,000007.SZ,0.038727987775274045
2024.06.17,600019.SH,0.05520928961128097
2024.06.17,000034.SZ,0.17166208812656367
2024.06.17,000037.SZ,0.06515348400395535
2024.06.17,000024.SZ,0.21468504614318246
2024.06.17,000025.SZ,0.23988187572948363
2024.06.17,600015.SH,0.15098840452430973
2024.06.17,600003.SH,0.11515603037193871
2024.06.17,600027.SH,0.16937227660224954
2024.06.17,600034.SH,0.03370845744906741
2024.06.17,000030.SZ,0.07434728387949786
2024.06.17,000029.SZ,0.23113435391214587
2024.06.17,000020.SZ,0.03165756421915812
2024.06.17,600046.SH,0.03608344019399603
2024.06.17,600024.SH,0.031256859015375886
2024.06.17,600017.SH,0.010750092801507207
2024.06.17,000016.SZ,0.032517965164556704
2024.06.17,600047.SH,0.026535751944646628
2024.06.17,600012.SH,0.29127730565774135
2024.06.17,600026.SH,0.08024066139719982
2024.06.17,600009.SH,0.1894826795849796
2024.06.17,000038.SZ,0.10973715041033649
2024.06.17,000013.SZ,0.040826085447752285
2024.06.17,000004.SZ,0.05067288645432267
2024.06.17,000010.SZ,0.011434262660013924
2024.06.17,000040.SZ,0.08542346254936785
2024.06.17,600029.SH,0.10699843089064005
2024.06.17,000050.SZ,0.12336742974186483
2024.06.17,600007.SH,0.3480344185268724
2024.06.17,600038.SH,0.013763224463292298
2024.06.17,600011.SH,0.21124212465801712
2024.06.17,600041.SH,0.1373664936990137
2024.06.17,000045.SZ,0.058229196359678284
2024.06.17,000031.SZ,0.014318507617198413
2024.06.17,600035.SH,0.2975979204061797
2024.06.17,000015.SZ,0.0296161146886687
2024.06.17,000014.SZ,0.04964743427222383
2024.06.17,000018.SZ,0.037153411656867814
2024.06.17,600032.SH,0.057601534764160904
2024.06.17,000019.SZ,0.058443543413905695
2024.06.17,600001.SH,0.14295015002454076
2024.06.17,600013.SH,0.09744216730023338
2024.06.17,000049.SZ,0.1840124327503299
2024.06.17,600010.SH,0.15400239814459
2024.06.17,000028.SZ,0.05993328832455028
2024.06.17,000003.SZ,0.1970991623580645
2024.06.17,600028.SH,0.4460739666999734
2024.06.17,600048.SH,0.09118111817604858
2024.06.17,600025.SH,0.071159023475999
2024.06.17,000022.SZ,0.10659610396915918
2024.06.17,000002.SZ,0.10519516387078119
2024.06.17,000042.SZ,0.1229518657683284
2024.06.17,000021.SZ,0.12374179726471507
2024.06.17,600016.SH,0.23080539754393448
2024.06.17,000026.SZ,0.1284519264108286
2024.06.17,000039.SZ,0.002474436550416483
2024.06.17,000041.SZ,0.10985248504989817
2024.06.17,600031.SH,0.02644577670130965
2024.06.17,600042.SH,0.18681861959015605
2024.06.17,000033.SZ,0.17795794853399127
2024.06.17,600020.SH,0.04306575233564586
2024.06.17,000048.SZ,0.0030015563539604415
2024.06.17,000017.SZ,0.03227657790788617
2024.06.17,000023.SZ,0.03571519400336311
2024.06.17,600023.SH,0.5325863030963102
2024.06.17,000047.SZ,0.0986577177721575
2024.06.17,600033.SH,0.1408743829919746
2024.06.17,600037.SH,0.03476746387612118
2024.06.17,000006.SZ,0.017357177195121934
2024.06.17,600002.SH,0.035256174396937345
2024.06.17,000012.SZ,0.10652557042332156
2024.06.18,600044.SH,0.148543630754631
2024.06.18,000003.SZ,0.21923549568254255
2024.06.18,000043.SZ,0.04724452068252262
2024.06.18,000038.SZ,0.03348051614351166
2024.06.18,600005.SH,0.08156263823593023
2024.06.18,000031.SZ,0.07851981781741452
2024.06.18,000015.SZ,0.052125536824502675
2024.06.18,000001.SZ,0.0005488686905437993
2024.06.18,600043.SH,0.11685971948038865
2024.06.18,600007.SH,0.7212766404021823
2024.06.18,000034.SZ,0.0424868616266012
2024.06.18,600016.SH,0.29613479317589914
2024.06.18,000002.SZ,0.09473338048952187
2024.06.18,600030.SH,0.026856145579012922
2024.06.18,600025.SH,0.06676162962891809
2024.06.18,000030.SZ,0.03633573854153203
2024.06.18,000029.SZ,0.13235424911309412
2024.06.18,000014.SZ,0.039418964791214796
2024.06.18,000047.SZ,0.41711250211550926
2024.06.18,000016.SZ,0.06945424172351655
2024.06.18,000012.SZ,0.016647979163683675
2024.06.18,600037.SH,0.07945222154732137
2024.06.18,600023.SH,0.4775383189243959
2024.06.18,600009.SH,0.027648732680211605
2024.06.18,600035.SH,0.25208698002302304
2024.06.18,600036.SH,0.16533175481609683
2024.06.18,600021.SH,0.01194936466055403
2024.06.18,000008.SZ,0.045050232913487226
2024.06.18,000006.SZ,0.012410621606073575
2024.06.18,600018.SH,0.36142284083474124
2024.06.18,000004.SZ,0.001924266474205374
2024.06.18,000009.SZ,0.12455321739127395
2024.06.18,000037.SZ,0.19589927634897786
2024.06.18,600034.SH,0.11184151940669099
2024.06.18,000048.SZ,0.013117930087856023
2024.06.18,000039.SZ,0.017215936637084792
2024.06.18,000011.SZ,0.05659691856491805
2024.06.18,600027.SH,0.12737686035108467
2024.06.18,000027.SZ,0.018082394394104542
2024.06.18,000035.SZ,0.07843002617156632
2024.06.18,600000.SH,0.04456513918681578
2024.06.18,000033.SZ,0.03906940929990663
2024.06.18,600004.SH,0.5796709177719291
2024.06.18,600002.SH,0.33074068781541227
2024.06.18,600047.SH,0.019123757492244566
2024.06.18,600008.SH,0.1279403658390172
2024.06.18,600042.SH,0.011107777220856891
2024.06.18,000042.SZ,0.03105779550032488
2024.06.18,600010.SH,0.12688836241819482
2024.06.18,000026.SZ,0.17999602941812237
2024.06.18,000044.SZ,0.11393617246103961
2024.06.18,600014.SH,0.04661406259269339
2024.06.18,000013.SZ,0.0469579817913756
2024.06.18,000025.SZ,0.1504679581379996
2024.06.18,600028.SH,0.07012823932645394
2024.06.18,000041.SZ,0.002970955797601761
2024.06.18,000024.SZ,0.2661430982753716
2024.06.18,000049.SZ,0.05918568883238416
2024.06.18,000022.SZ,0.1857051244350022
2024.06.18,000007.SZ,0.15949843343316839
2024.06.18,000028.SZ,0.5249711415463542
2024.06.18,600012.SH,0.007679925994265218
2024.06.18,600048.SH,0.0343632124168772
2024.06.18,600019.SH,0.06902112180340746
2024.06.18,000032.SZ,0.07654569944027546
2024.06.18,600022.SH,0.04221161931949043
2024.06.18,600040.SH,0.01110314681275285
2024.06.18,600001.SH,0.15697335338365398
2024.06.18,000046.SZ,0.11671162263110811
2024.06.18,000005.SZ,0.14074772823282217
2024.06.18,000017.SZ,0.01912368048558049
2024.06.18,600006.SH,0.2006140976070184
2024.06.18,600003.SH,0.07353316670495053
2024.06.18,000018.SZ,0.09288390482107262
2024.06.18,600038.SH,0.04689686007978087
2024.06.18,600013.SH,0.049399951407012116
2024.06.18,000023.SZ,0.01331811908754027
2024.06.18,000021.SZ,0.020572977627728264
2024.06.18,600024.SH,0.05125987253305842
2024.06.18,600033.SH,0.15491585808657207
2024.06.18,600032.SH,0.0831647575419808
2024.06.18,600020.SH,0.017434146814056663
2024.06.18,000019.SZ,0.03553144266929404
2024.06.18,600049.SH,0.033098189276679395
2024.06.18,600029.SH,0.19602425800044773
2024.06.18,000050.SZ,0.42431301224534185
2024.06.18,000010.SZ,0.026770322605446466
2024.06.18,000045.SZ,0.001726652066363117
2024.06.18,600017.SH,0.0998618252109017
2024.06.18,000036.SZ,0.15783065009427738
2024.06.18,600045.SH,0.005157278625743949
2024.06.18,600026.SH,0.3181944714512104
2024.06.18,600041.SH,0.311721807466742
2024.06.18,600031.SH,0.04458712802223681
2024.06.18,000020.SZ,0.11851304725413433
2024.06.18,600046.SH,0.0712380068443765
2024.06.19,000008.SZ,0.0719806750679709
2024.06.19,000041.SZ,0.10483623797120196
2024.06.19,600003.SH,0.08248362023595499
2024.06.19,000029.SZ,0.042431152325423084
2024.06.19,600034.SH,0.020597854693751767
2024.06.19,600014.SH,0.075890010277399
2024.06.19,600022.SH,0.4178037752250925
2024.06.19,000005.SZ,0.07156147445904897
2024.06.19,000004.SZ,0.4829308411876509
2024.06.19,000017.SZ,0.005001761398458633
2024.06.19,000032.SZ,0.023753002795386464
2024.06.19,000042.SZ,0.11161942763780083
2024.06.19,000021.SZ,0.31773309811866457
2024.06.19,600045.SH,0.04038413116480371
2024.06.19,600000.SH,0.022790585714468285
2024.06.19,000010.SZ,0.03941592735997135
2024.06.19,000048.SZ,0.08006578299192786
2024.06.19,000050.SZ,0.035102065444264134
2024.06.19,600026.SH,0.025427968140042143
2024.06.19,000049.SZ,0.08465389297721383
2024.06.19,600017.SH,0.10345216791249921
2024.06.19,600021.SH,0.23414283545491266
2024.06.19,000031.SZ,0.034650790124409754
2024.06.19,600001.SH,0.03739503501722899
2024.06.19,600030.SH,0.008444218274163714
2024.06.19,000039.SZ,0.1557281181210547
2024.06.19,600010.SH,0.03972277995384469
2024.06.19,000011.SZ,0.054196763466898154
2024.06.19,600009.SH,0.08157900351482857
2024.06.19,600044.SH,0.011135153621413136
2024.06.19,600012.SH,0.2838730303359893
2024.06.19,000034.SZ,0.07284544115872646
2024.06.19,600049.SH,0.6292035370297784
2024.06.19,000025.SZ,0.0789414254183839
2024.06.19,600043.SH,0.05113757497670093
2024.06.19,000009.SZ,0.1159008215901588
2024.06.19,000040.SZ,0.10578520392274142
2024.06.19,000006.SZ,0.08838534666269052
2024.06.19,600046.SH,0.12874715031595022
2024.06.19,000019.SZ,0.05892946740144736
2024.06.19,600011.SH,0.05569381421635545
2024.06.19,000038.SZ,0.049590231745604875
2024.06.19,000018.SZ,0.22627538315376491
2024.06.19,600035.SH,0.09959191887803961
2024.06.19,000003.SZ,0.29644710908724653
2024.06.19,600018.SH,0.06062577753533634
2024.06.19,000047.SZ,0.28536630243088223
2024.06.19,600005.SH,0.04523677793528679
2024.06.19,600019.SH,0.0876324146159692
2024.06.19,600029.SH,0.12674488307706885
2024.06.19,600028.SH,0.2226273362940571
2024.06.19,600007.SH,0.10668277983300352
2024.06.19,000002.SZ,0.09709530729080741
2024.06.19,000022.SZ,0.12739245526600795
2024.06.19,600015.SH,0.06922540538675673
2024.06.19,600025.SH,0.0061970772498746675
2024.06.19,600031.SH,0.020744076238161772
2024.06.19,000033.SZ,0.044863651881510924
2024.06.19,600008.SH,0.043655146662441684
2024.06.19,000043.SZ,0.0003902398961701013
2024.06.19,600040.SH,0.02232575040894539
2024.06.19,000026.SZ,0.0785617872856381
2024.06.19,600038.SH,0.15139910220890107
2024.06.19,600004.SH,0.4960356856368676
2024.06.19,600020.SH,0.14987662198732407
2024.06.19,600002.SH,0.08792416704279542
2024.06.19,600041.SH,0.017653067685117665
2024.06.19,000013.SZ,0.18674534290667194
2024.06.19,600042.SH,0.057478295127366914
2024.06.19,000036.SZ,0.3602360958042127
2024.06.19,600039.SH,0.2901671572632682
2024.06.19,600027.SH,0.0041320480305347485
2024.06.19,000046.SZ,0.11560549270327838
2024.06.19,000012.SZ,0.21932524733520825
2024.06.19,000024.SZ,0.02012801132511434
2024.06.19,000035.SZ,0.0770900033650816
2024.06.19,000028.SZ,0.07883755386517546
2024.06.19,000007.SZ,0.1466014205299577
2024.06.19,000030.SZ,0.11305235946024755
2024.06.19,600047.SH,0.025462560723528944
2024.06.19,000023.SZ,0.0014293814989645697
2024.06.19,600036.SH,0.0025239507890918323
2024.06.19,000015.SZ,0.006294386677201578
2024.06.19,600006.SH,0.37885297341317836
2024.06.19,600016.SH,0.03253863201180896
2024.06.19,600023.SH,0.13770884166424807
2024.06.19,600013.SH,0.04332519051227743
2024.06.19,000001.SZ,0.4442867432040735
2024.06.19,000014.SZ,0.037256297816646654
2024.06.19,000044.SZ,0.051494595990161124
2024.06.19,000037.SZ,0.3563031913164418
2024.06.19,600032.SH,0.07205264606277832
2024.06.19,600037.SH,0.16355696869961855
2024.06.19,600048.SH,0.2800247789688468
2024.06.19,600024.SH,0.01516558319672514
2024.06.19,000020.SZ,0.04142127881993432
2024.06.19,000016.SZ,0.15150939801376806
2024.06.20,000002.SZ,0.03898633178409764
2024.06.20,600046.SH,0.04378852823528792
2024.06.20,000041.SZ,0.18415690677196145
2024.06.20,000005.SZ,0.012070146634139469
2024.06.20,000035.SZ,0.041418717334546856
2024.06.20,000014.SZ,0.027310228564237482
2024.06.20,000001.SZ,0.3814350341868594
2024.06.20,600040.SH,0.039255947842738045
2024.06.20,600000.SH,0.09161605225919045
2024.06.20,600019.SH,0.16652672101538524
2024.06.20,600033.SH,0.0910975256485047
2024.06.20,000008.SZ,0.0006367924554387975
2024.06.20,600002.SH,0.006398235893789293
2024.06.20,600022.SH,0.1304407378128265
2024.06.20,600005.SH,0.07059330720760906
2024.06.20,000045.SZ,0.13963607977050588
2024.06.20,000017.SZ,0.4803425555213398
2024.06.20,000037.SZ,0.10141970358184084
2024.06.20,600044.SH,0.1258040539297599
2024.06.20,600028.SH,0.06340670959964241
2024.06.20,600031.SH,0.3931167522473638
2024.06.20,600038.SH,0.08330197268804049
2024.06.20,600030.SH,0.0983069416260862
2024.06.20,000027.SZ,0.13412101158989811
2024.06.20,000024.SZ,0.3983885029626414
2024.06.20,000029.SZ,0.1277901358107151
2024.06.20,000013.SZ,0.0882199456825484
2024.06.20,000031.SZ,0.03894161325793985
2024.06.20,000009.SZ,0.01436012102393221
2024.06.20,600003.SH,0.35487835865105966
2024.06.20,000048.SZ,0.009426750638145796
2024.06.20,000003.SZ,0.05762392342206698
2024.06.20,000004.SZ,0.14677862901028377
2024.06.20,600011.SH,0.05936941941854289
2024.06.20,000016.SZ,0.03755620534259478
2024.06.20,600049.SH,0.3038279832467692
2024.06.20,000010.SZ,0.2316295790159521
2024.06.20,600048.SH,0.020567916680054664
2024.06.20,000049.SZ,0.016519893539471878
2024.06.20,600023.SH,0.15013152859546774
2024.06.20,600010.SH,0.03005621029124281
2024.06.20,000007.SZ,0.09205548355792087
2024.06.20,000022.SZ,0.09671473485535849
2024.06.20,600035.SH,0.15303218118866357
2024.06.20,000019.SZ,0.036411878389020345
2024.06.20,600016.SH,0.029249558097875647
2024.06.20,000034.SZ,0.3092104290562916
2024.06.20,000050.SZ,0.06845971741725045
2024.06.20,600026.SH,0.09176529387371281
2024.06.20,600013.SH,0.20504848052322375
2024.06.20,600043.SH,0.22408749541709527
2024.06.20,600020.SH,0.12331365727516287
2024.06.20,000038.SZ,0.054613697128035675
2024.06.20,000025.SZ,0.193398630310156
2024.06.20,600036.SH,0.18680915998414543
2024.06.20,600027.SH,0.19881262269074906
2024.06.20,000043.SZ,0.06412217954640045
2024.06.20,600012.SH,0.037540886569566494
2024.06.20,000018.SZ,0.021764882486675293
2024.06.20,000039.SZ,0.014278953890008763
2024.06.20,000046.SZ,0.005481589610926372
2024.06.20,600014.SH,0.06812417018748439
2024.06.20,600015.SH,0.11501699510616477
2024.06.20,600034.SH,0.07424096720686954
2024.06.20,000036.SZ,0.00016137297101235588
2024.06.20,600006.SH,0.21245918481229656
2024.06.20,000042.SZ,0.0004136645524629282
2024.06.20,600037.SH,0.06796738837440262
2024.06.20,000011.SZ,0.12001830912225617
2024.06.20,600009.SH,0.2827441506306113
2024.06.20,600024.SH,0.059878815322086915
2024.06.20,600021.SH,0.37109769576282614
2024.06.20,600042.SH,0.019422105394882407
2024.06.20,600029.SH,0.15313176736323794
2024.06.20,000021.SZ,0.33853592180066194
2024.06.20,600041.SH,0.07866610009917112
2024.06.20,600008.SH,0.17551376429455218
2024.06.20,000032.SZ,0.22972095007839058
2024.06.20,000023.SZ,0.040865085607286265
2024.06.20,000028.SZ,0.06231905972859491
2024.06.20,600045.SH,0.008073171752591438
2024.06.20,000040.SZ,0.1795598599563884
2024.06.20,600017.SH,0.06843875403641028
2024.06.20,600004.SH,0.16477858649259244
2024.06.20,600039.SH,0.1053440219687698
2024.06.20,000033.SZ,0.2725441017997834
2024.06.20,000044.SZ,0.06270034922743394
2024.06.20,600001.SH,0.14761143691315243
2024.06.20,000026.SZ,0.2021494073832703
2024.06.20,600032.SH,0.2513727471791609
2024.06.20,000030.SZ,0.044620735736432375
2024.06.20,000006.SZ,0.24187361371182226
2024.06.20,000020.SZ,0.07202755975054372
2024.06.20,000012.SZ,0.01977737309683606
2024.06.20,600007.SH,0.028883433619129314
2024.06.20,600018.SH,0.007065903614612483
2024.06.21,000035.SZ,0.202765893720296
2024.06.21,600024.SH,0.17411520982182518
2024.06.21,000011.SZ,0.17500112854150246
2024.06.21,000027.SZ,0.5367576813737986
2024.06.21,600047.SH,0.06995509780402771
2024.06.21,600048.SH,0.494516953324898
2024.06.21,000038.SZ,0.03354930046325755
2024.06.21,000046.SZ,0.09892659615714411
2024.06.21,600026.SH,0.09066708090525245
2024.06.21,000049.SZ,0.02676386968121373
2024.06.21,600000.SH,0.17934630865997814
2024.06.21,600004.SH,0.244704753421729
2024.06.21,600015.SH,0.13630902298176437
2024.06.21,000016.SZ,0.0584242436603544
2024.06.21,000048.SZ,0.3990955092510776
2024.06.21,600045.SH,0.4161429561285363
2024.06.21,000022.SZ,0.23623887781918676
2024.06.21,600018.SH,0.16496008255665237
2024.06.21,000033.SZ,0.006177351123202499
2024.06.21,000032.SZ,0.046551320702108955
2024.06.21,600041.SH,0.03615481405741808
2024.06.21,600011.SH,0.051479888805230745
2024.06.21,600007.SH,0.08916956397131323
2024.06.21,600023.SH,0.1464460658729373
2024.06.21,600049.SH,0.05554207127868319
2024.06.21,000045.SZ,0.06054183688293635
2024.06.21,000014.SZ,0.10470326194929754
2024.06.21,000019.SZ,0.03591002888584266
2024.06.21,600006.SH,0.04656084576103858
2024.06.21,600037.SH,0.07351686959949802
2024.06.21,600029.SH,0.2694169901675116
2024.06.21,600028.SH,0.00020017980985928636
2024.06.21,000005.SZ,0.008719773300655034
2024.06.21,000036.SZ,0.011121586651055351
2024.06.21,000037.SZ,0.29873575029200444
2024.06.21,000004.SZ,0.24455149411989027
2024.06.21,600012.SH,0.14387969267854064
2024.06.21,600008.SH,0.11011538458006304
2024.06.21,000024.SZ,0.03020149296426273
2024.06.21,600039.SH,0.03806934482170417
2024.06.21,000029.SZ,0.006408695501053061
2024.06.21,600022.SH,0.0006929333104670345
2024.06.21,600044.SH,0.17750105839183927
2024.06.21,600032.SH,0.06364962806031266
2024.06.21,000009.SZ,0.3847195559901512
2024.06.21,600021.SH,0.01809821978826282
2024.06.21,000017.SZ,0.06212753852921177
2024.06.21,000002.SZ,0.1441223268380278
2024.06.21,600017.SH,0.12667040066252214
2024.06.21,600014.SH,0.087111068462068
2024.06.21,000018.SZ,0.6331855973218093
2024.06.21,600003.SH,0.04921980380097101
2024.06.21,000013.SZ,0.05381163159468381
2024.06.21,600046.SH,0.15031104163686781
2024.06.21,600040.SH,0.08462459655223503
2024.06.21,000015.SZ,0.6922734104636532
2024.06.21,600013.SH,0.15819913596268928
2024.06.21,600038.SH,0.017987902249949058
2024.06.21,600001.SH,0.014987136486557334
2024.06.21,600031.SH,0.40936083849588983
2024.06.21,600020.SH,0.062492666258323074
2024.06.21,000043.SZ,0.13275758087493145
2024.06.21,600016.SH,0.037788550814393994
2024.06.21,600010.SH,0.027215312942549426
2024.06.21,000044.SZ,0.038808333666821335
2024.06.21,000020.SZ,0.001065263132782584
2024.06.21,600002.SH,0.1822592048014226
2024.06.21,600019.SH,0.11715814483830207
2024.06.21,000025.SZ,0.050074199183637896
2024.06.21,000047.SZ,0.056985654017768846
2024.06.21,000021.SZ,0.10154010762012164
2024.06.21,600035.SH,0.104431864656966
2024.06.21,600009.SH,0.07469414725631549
2024.06.21,600034.SH,0.12235250278952219
2024.06.21,600025.SH,0.0398135812943279
2024.06.21,000041.SZ,1.4505527199133954
2024.06.21,000003.SZ,0.14803401326872187
2024.06.21,600036.SH,0.1551911256532788
2024.06.21,600033.SH,0.15765964865032778
2024.06.21,000040.SZ,0.0803966227484327
2024.06.21,000039.SZ,0.039561017290037304
2024.06.21,600043.SH,0.03898924561435237
2024.06.21,600030.SH,0.019527710565558305
2024.06.21,000001.SZ,0.06848938955012344
2024.06.21,000023.SZ,0.2707654916407171
2024.06.21,000028.SZ,0.16734451913181975
2024.06.21,000007.SZ,0.11739348764804458
2024.06.21,600042.SH,0.0992893356137905
2024.06.21,000042.SZ,0.07947206162375631
2024.06.21,600027.SH,0.05263600373435746
2024.06.21,000026.SZ,0.2750047054342804
2024.06.21,000006.SZ,0.32659960447938857
2024.06.21,000031.SZ,0.11448711148794073
2024.06.21,000008.SZ,0.17501934733652205
2024.06.21,000030.SZ,0.13616046647809765
2024.06.21,000034.SZ,0.11140074344068793
2024.06.21,000050.SZ,0.07908543683994362
2024.06.21,000010.SZ,0.021496687618637062
2024.06.24,600023.SH,0.03778433619361852
2024.06.24,000021.SZ,0.05454031639098327
2024.06.24,600021.SH,0.06295279517792851
2024.06.24,600044.SH,0.05458742960247118
2024.06.24,600031.SH,0.026186932684769997
2024.06.24,000048.SZ,0.14549821648699998
2024.06.24,600004.SH,0.00858683639126326
2024.06.24,600039.SH,0.07857769254731191
2024.06.24,000024.SZ,0.13451355466676873
2024.06.24,600046.SH,0.14213423431213276
2024.06.24,600041.SH,0.011875161905304117
2024.06.24,600028.SH,0.07606309203128876
2024.06.24,600012.SH,0.13177961992299364
2024.06.24,600036.SH,0.0012991841649009014
2024.06.24,600025.SH,0.054402063961374016
2024.06.24,600002.SH,0.12446383098329551
2024.06.24,600001.SH,0.0811781060479689
2024.06.24,600047.SH,0.2342698305853208
2024.06.24,000034.SZ,0.034785397841401736
2024.06.24,000046.SZ,0.1168521098047448
2024.06.24,000040.SZ,0.34201944362768705
2024.06.24,600000.SH,0.05564273367865243
2024.06.24,000032.SZ,0.16868161955022085
2024.06.24,000049.SZ,0.02747676924683939
2024.06.24,600049.SH,0.41356796924587774
2024.06.24,000002.SZ,0.051430837991241866
2024.06.24,000010.SZ,0.020865859303480613
2024.06.24,600018.SH,0.25679465317897726
2024.06.24,600032.SH,0.18513644183289374
2024.06.24,000026.SZ,0.007173382323834811
2024.06.24,000037.SZ,0.051300029204671686
2024.06.24,000020.SZ,0.18686328855638504
2024.06.24,000044.SZ,0.0011119075618703414
2024.06.24,600010.SH,0.32583290391298064
2024.06.24,000028.SZ,0.05142996791820403
2024.06.24,600007.SH,0.0536381688096763
2024.06.24,000017.SZ,0.0834750271088111
2024.06.24,000038.SZ,0.14114552069695516
2024.06.24,600045.SH,0.08449796089901428
2024.06.24,000045.SZ,0.00970862165292907
2024.06.24,600030.SH,0.13658844417256627
2024.06.24,000042.SZ,0.01037861235128625
2024.06.24,000014.SZ,0.02559703282271241
2024.06.24,000012.SZ,0.1337391676338023
2024.06.24,000041.SZ,0.012442820102242381
2024.06.24,600008.SH,0.023553044421515262
2024.06.24,600038.SH,0.1432229563581964
2024.06.24,000035.SZ,0.2847594455586913
2024.06.24,600043.SH,0.12466602468971222
2024.06.24,600006.SH,0.11624776770015793
2024.06.24,600003.SH,0.43552081751637833
2024.06.24,000013.SZ,0.3460586998524296
2024.06.24,600020.SH,0.10743636201944888
2024.06.24,000039.SZ,0.21336994965782272
2024.06.24,000004.SZ,0.14104989366931514
2024.06.24,600022.SH,0.014680101297136915
2024.06.24,000036.SZ,0.023611401248812076
2024.06.24,000015.SZ,0.03080182493867183
2024.06.24,000009.SZ,0.005344714683339325
2024.06.24,600015.SH,0.01850197407724164
2024.06.24,000019.SZ,0.012287255006447697
2024.06.24,600026.SH,0.311716775492043
2024.06.24,600024.SH,0.31930200467012954
2024.06.24,600048.SH,0.05068586173727926
2024.06.24,600042.SH,0.09024168710847097
2024.06.24,000031.SZ,0.4054002184909103
2024.06.24,000016.SZ,0.14241177905404917
2024.06.24,000008.SZ,0.040546780806304646
2024.06.24,600011.SH,0.0778445824310592
2024.06.24,000027.SZ,0.06125921787377823
2024.06.24,000022.SZ,0.23364776227309436
2024.06.24,000018.SZ,0.09652975263848301
2024.06.24,000001.SZ,0.03449458919783096
2024.06.24,000029.SZ,0.24675875429114047
2024.06.24,600027.SH,0.3697356761960727
2024.06.24,600017.SH,0.15736350414778927
2024.06.24,600029.SH,0.03966656880840567
2024.06.24,000011.SZ,0.05462709555333195
2024.06.24,600040.SH,0.0037105367369011273
2024.06.24,600009.SH,0.0195717586939361
2024.06.24,000006.SZ,0.05770852779657364
2024.06.24,600019.SH,0.30433013862307556
2024.06.24,600035.SH,0.3423997356014783
2024.06.24,600037.SH,0.07723714687424126
2024.06.24,600034.SH,0.005354084825049041
2024.06.24,600016.SH,0.3130567473859116
2024.06.24,000033.SZ,0.07101018940325356
2024.06.24,000050.SZ,0.14172785726092285
2024.06.24,000005.SZ,0.2067303153624236
2024.06.24,000030.SZ,0.005552170346937988
2024.06.24,600013.SH,0.33010579966941395
2024.06.24,000043.SZ,0.18852394637488645
2024.06.24,000025.SZ,0.024501021703022118
2024.06.24,000047.SZ,0.3037291617941901
2024.06.24,600005.SH,0.3690090487915718
2024.06.24,000003.SZ,0.03733556928548046
2024.06.25,000046.SZ,0.10455695851502991
2024.06.25,600047.SH,0.0805174480744166
2024.06.25,000021.SZ,0.1755760776372735
2024.06.25,000047.SZ,0.1743568501928887
2024.06.25,600028.SH,0.12087508189942445
2024.06.25,000013.SZ,0.05946990928813324
2024.06.25,000044.SZ,0.019900766360389482
2024.06.25,000035.SZ,0.24324653662579498
2024.06.25,000027.SZ,0.052199589587118234
2024.06.25,000003.SZ,0.05952277011338953
2024.06.25,600017.SH,0.0347622242827993
2024.06.25,600033.SH,0.2696171500151918
2024.06.25,600035.SH,0.03358700679229505
2024.06.25,000004.SZ,0.02376654311169625
2024.06.25,000028.SZ,0.3794318662107009
2024.06.25,600008.SH,0.02775091370605479
2024.06.25,000029.SZ,0.05563235603167864
2024.06.25,000008.SZ,0.13727786333717526
2024.06.25,600003.SH,0.46766174432544294
2024.06.25,600006.SH,0.1709880962815474
2024.06.25,600029.SH,0.15138880682748831
2024.06.25,000033.SZ,0.15139282607983806
2024.06.25,000006.SZ,0.05593409649195653
2024.06.25,000032.SZ,0.07558360986372457
2024.06.25,600009.SH,0.021820083601391482
2024.06.25,000025.SZ,0.36121517994723196
2024.06.25,000017.SZ,0.20771905029721152
2024.06.25,600004.SH,0.35875040396634966
2024.06.25,000020.SZ,0.0782425485754123
2024.06.25,600007.SH,0.12479472647628181
2024.06.25,600019.SH,0.02255227735471244
2024.06.25,000011.SZ,0.008710289197591124
2024.06.25,000048.SZ,0.28553798810341896
2024.06.25,600045.SH,0.026972595823001155
2024.06.25,000038.SZ,0.22475791712876228
2024.06.25,000042.SZ,0.020677184073986755
2024.06.25,000026.SZ,0.0036741965319873533
2024.06.25,000040.SZ,0.16264139077133807
2024.06.25,600013.SH,0.15048048665568312
2024.06.25,000043.SZ,0.034954373848137536
2024.06.25,000041.SZ,0.00021226864605559422
2024.06.25,000002.SZ,0.18848954559598513
2024.06.25,600046.SH,0.01597060965327534
2024.06.25,000022.SZ,0.014336404304097114
2024.06.25,000039.SZ,0.29882690821049146
2024.06.25,600001.SH,0.15351756596809366
2024.06.25,600000.SH,0.11776999892217371
2024.06.25,000010.SZ,0.05711983087137495
2024.06.25,600012.SH,0.04435685810438516
2024.06.25,000012.SZ,0.3257131860687099
2024.06.25,000037.SZ,0.053500645795929246
2024.06.25,000001.SZ,0.038090106721719204
2024.06.25,600022.SH,0.06620172618680507
2024.06.25,600025.SH,0.008516857553807764
2024.06.25,600039.SH,0.09850851291032414
2024.06.25,600048.SH,0.06161020367967158
2024.06.25,000031.SZ,0.7802714050564502
2024.06.25,600044.SH,0.028981979892650916
2024.06.25,000030.SZ,0.09338611230799174
2024.06.25,600021.SH,0.08870127286450544
2024.06.25,600030.SH,0.11825867054857372
2024.06.25,600049.SH,0.09935064452049867
2024.06.25,000023.SZ,0.0012852402867772302
2024.06.25,600038.SH,0.04893333771259318
2024.06.25,600037.SH,0.20189884851327308
2024.06.25,000036.SZ,0.05064661962239849
2024.06.25,600014.SH,0.08053976525961251
2024.06.25,600026.SH,0.5888489689565104
2024.06.25,000016.SZ,0.07192344371323749
2024.06.25,000009.SZ,0.02100708507808667
2024.06.25,600023.SH,0.015609576491666227
2024.06.25,000019.SZ,0.04120959867291746
2024.06.25,000045.SZ,0.058280357809493005
2024.06.25,600010.SH,0.1301273380925665
2024.06.25,000018.SZ,0.06975357467034297
2024.06.25,600034.SH,0.013390763536539506
2024.06.25,600011.SH,0.07260172762963366
2024.06.25,600031.SH,0.03567028919305706
2024.06.25,600002.SH,0.08304537212072302
2024.06.25,000050.SZ,0.15862087015683018
2024.06.25,600024.SH,0.051442816460825505
2024.06.25,000015.SZ,0.056556304743872285
2024.06.25,600042.SH,0.1930146752635856
2024.06.25,600032.SH,0.0805025381197847
2024.06.25,600040.SH,0.16465157252242488
2024.06.25,000024.SZ,0.050111239197474865
2024.06.25,600015.SH,0.03708506992215623
2024.06.25,000007.SZ,0.1182803869162366
2024.06.25,600036.SH,0.004718230605840417
2024.06.25,000005.SZ,0.2524032366138486
2024.06.25,600018.SH,0.34149726725488505
2024.06.25,600020.SH,0.03446030719219847
2024.06.25,600027.SH,0.04382620105928271
2024.06.25,000049.SZ,0.17564436579421328
2024.06.25,600005.SH,0.2931710787282433
2024.06.25,600016.SH,0.017876420169945645
2024.06.26,000040.SZ,0.10654412382754311
2024.06.26,000041.SZ,0.08673812171667225
2024.06.26,600045.SH,0.026230770854527685
2024.06.26,600040.SH,0.18438013282414334
2024.06.26,000030.SZ,0.1525727714527649
2024.06.26,000034.SZ,0.06262017311606291
2024.06.26,600020.SH,0.11418608038061842
2024.06.26,600017.SH,0.010279556783213004
2024.06.26,600037.SH,0.19754277785087665
2024.06.26,600027.SH,0.13569214214906491
2024.06.26,000032.SZ,0.004884382288066822
2024.06.26,000048.SZ,0.12801820693433752
2024.06.26,000049.SZ,0.12128079737009906
2024.06.26,000012.SZ,0.04096996849301277
2024.06.26,600032.SH,0.16605514434019433
2024.06.26,600041.SH,0.20372877546422336
2024.06.26,000006.SZ,0.12283352789087276
2024.06.26,600039.SH,0.011029190141267574
2024.06.26,000022.SZ,0.01582768724651161
2024.06.26,600046.SH,0.16447335462097237
2024.06.26,000024.SZ,0.02844607837324631
2024.06.26,600023.SH,0.024690037848457188
2024.06.26,600031.SH,0.10800485979195779
2024.06.26,000031.SZ,0.12821804980846827
2024.06.26,000008.SZ,0.013462591129824859
2024.06.26,000003.SZ,0.033308896755153035
2024.06.26,000005.SZ,0.042872152510223686
2024.06.26,000047.SZ,0.030260041970305494
2024.06.26,600009.SH,0.06471316507210423
2024.06.26,600016.SH,0.07933440188801308
2024.06.26,600025.SH,0.14476856095288854
2024.06.26,000028.SZ,0.32370186498280745
2024.06.26,600049.SH,0.2014251912871908
2024.06.26,600005.SH,0.11858610318821396
2024.06.26,000043.SZ,0.014831711977090377
2024.06.26,600035.SH,0.1023619059067887
2024.06.26,000042.SZ,0.28144835835965915
2024.06.26,000045.SZ,0.01867414534961164
2024.06.26,000007.SZ,0.1285657721841809
2024.06.26,600048.SH,0.24021578913868943
2024.06.26,600014.SH,0.01679799597797317
2024.06.26,000011.SZ,0.08545251303804373
2024.06.26,000023.SZ,0.26407662882684707
2024.06.26,000015.SZ,0.015448333699971199
2024.06.26,600011.SH,0.07538475270874831
2024.06.26,600043.SH,0.1716400433478927
2024.06.26,600044.SH,0.2489489624250179
2024.06.26,600030.SH,0.01888762680966022
2024.06.26,600000.SH,0.10049267273626894
2024.06.26,000009.SZ,0.31534801273743374
2024.06.26,600001.SH,0.03389795311527286
2024.06.26,600021.SH,0.0056583440352689016
2024.06.26,000019.SZ,0.007143833015741489
2024.06.26,000044.SZ,0.02933143212298371
2024.06.26,000018.SZ,0.06860492124861697
2024.06.26,000039.SZ,0.17420328440531319
2024.06.26,000002.SZ,0.254807749457175
2024.06.26,600018.SH,0.020694694305878322
2024.06.26,000010.SZ,0.00714330412760449
2024.06.26,000020.SZ,0.09947261130801516
2024.06.26,000026.SZ,0.06294536208801307
2024.06.26,600036.SH,0.028809537310347515
2024.06.26,000025.SZ,0.022835806938166607
2024.06.26,600004.SH,0.007427002176593329
2024.06.26,600006.SH,0.10881342365156572
2024.06.26,000016.SZ,0.04439609931471875
2024.06.26,600015.SH,0.004180880413034602
2024.06.26,000021.SZ,0.13284333772015072
2024.06.26,000038.SZ,0.005100936750598889
2024.06.26,000037.SZ,0.18466122161760554
2024.06.26,000017.SZ,0.0681412225465707
2024.06.26,600013.SH,0.16081928069488968
2024.06.26,000050.SZ,0.1411042784601163
2024.06.26,600007.SH,0.0019294110952197937
2024.06.26,000029.SZ,0.1141018762967392
2024.06.26,600024.SH,0.027802972724862537
2024.06.26,000001.SZ,0.11264225784849338
2024.06.26,600034.SH,0.02660738697200251
2024.06.26,600003.SH,0.07215942569019924
2024.06.26,600022.SH,0.28004359165593434
2024.06.26,600012.SH,0.1816065060729354
2024.06.26,000014.SZ,0.008128479812028536
2024.06.26,600008.SH,0.2671234724271357
2024.06.26,000033.SZ,0.05715211011920989
2024.06.26,000046.SZ,0.3057132823535129
2024.06.26,000035.SZ,0.09144168854019558
2024.06.26,600019.SH,0.07685649126936944
2024.06.26,600026.SH,0.07275352840253302
2024.06.26,600038.SH,0.31557426942940225
2024.06.26,000013.SZ,0.10430245134368328
2024.06.26,600042.SH,0.04208657850986525
2024.06.26,600010.SH,0.05842093335671953
2024.06.26,000004.SZ,0.009537125476938465
2024.06.26,600033.SH,0.1423502745098088
2024.06.26,600002.SH,0.1280994524455759
2024.06.26,600028.SH,0.09654703212586609
2024.06.26,600047.SH,0.04098598586151669
2024.06.27,000021.SZ,0.11499480665898962
2024.06.27,600022.SH,0.0663684101695903
2024.06.27,600019.SH,0.038477278088303764
2024.06.27,600006.SH,0.05395913848617839
2024.06.27,000022.SZ,0.33414610651586507
2024.06.27,600002.SH,0.16011772711743957
2024.06.27,000005.SZ,0.6485594884953426
2024.06.27,000046.SZ,0.10366727190971976
2024.06.27,000012.SZ,0.11250812977906043
2024.06.27,000010.SZ,0.12233911768869248
2024.06.27,000004.SZ,0.2204339495664655
2024.06.27,600030.SH,0.15140390580812058
2024.06.27,000036.SZ,0.3320654831445727
2024.06.27,600031.SH,0.004839728937265348
2024.06.27,600001.SH,0.1378271664399801
2024.06.27,600040.SH,0.2845833743205231
2024.06.27,600043.SH,0.03760426770963569
2024.06.27,000047.SZ,0.2033454164066285
2024.06.27,600048.SH,0.09947314205007446
2024.06.27,600042.SH,0.004695031766916498
2024.06.27,600035.SH,0.4009418234952484
2024.06.27,000041.SZ,0.04666204992236433
2024.06.27,600005.SH,0.14888032744717308
2024.06.27,600044.SH,0.06253157214075479
2024.06.27,000028.SZ,0.03690223737347928
2024.06.27,600008.SH,0.07171848425728809
2024.06.27,600047.SH,0.006393576985595767
2024.06.27,000013.SZ,0.004930287927151881
2024.06.27,000020.SZ,0.10761941141959727
2024.06.27,600049.SH,0.014304627474106102
2024.06.27,000048.SZ,0.08609427181211439
2024.06.27,600015.SH,0.05058082384411605
2024.06.27,600014.SH,0.008816804391547728
2024.06.27,600034.SH,0.24731592384109075
2024.06.27,600037.SH,0.25574491945102723
2024.06.27,600017.SH,0.08068874879088056
2024.06.27,000023.SZ,0.021419906146249838
2024.06.27,000015.SZ,0.14154415070719997
2024.06.27,600045.SH,0.024139865096296762
2024.06.27,000009.SZ,0.09526210716901423
2024.06.27,600004.SH,0.01870486109345338
2024.06.27,600011.SH,0.058359115753160155
2024.06.27,600020.SH,0.012403347724578722
2024.06.27,600038.SH,0.05054835504956761
2024.06.27,600007.SH,0.0369497276126419
2024.06.27,600018.SH,0.8432801181150198
2024.06.27,000017.SZ,0.17907754432820105
2024.06.27,600046.SH,0.018549479072818873
2024.06.27,000019.SZ,0.13724590816935214
2024.06.27,000030.SZ,0.06321930922533445
2024.06.27,000001.SZ,0.4067900618133094
2024.06.27,600041.SH,0.03097903573457305
2024.06.27,600003.SH,0.1622763499601205
2024.06.27,600028.SH,0.023982518503333796
2024.06.27,000043.SZ,0.09854874884897641
2024.06.27,600029.SH,0.11527432768105797
2024.06.27,000024.SZ,0.03898275699772734
2024.06.27,000045.SZ,0.36402864646294597
2024.06.27,000033.SZ,0.029630069288921937
2024.06.27,600000.SH,0.04222170394085377
2024.06.27,000035.SZ,0.29020718681747054
2024.06.27,000006.SZ,0.11650130302779357
2024.06.27,600025.SH,0.10926030195468107
2024.06.27,000039.SZ,0.07694339287682189
2024.06.27,000026.SZ,0.19464339723149102
2024.06.27,600013.SH,0.04398105543359638
2024.06.27,000003.SZ,0.046814181500110116
2024.06.27,000011.SZ,0.00327835790819315
2024.06.27,600032.SH,0.08235410682279452
2024.06.27,600036.SH,0.06478849390554543
2024.06.27,000038.SZ,0.08381253832384294
2024.06.27,600039.SH,0.04409668707538518
2024.06.27,000037.SZ,0.7399940466385612
2024.06.27,000025.SZ,0.13318735676093116
2024.06.27,600026.SH,0.042671873738537744
2024.06.27,600021.SH,0.0360416301665249
2024.06.27,000050.SZ,0.3043661852767211
2024.06.27,000016.SZ,0.019126095692009445
2024.06.27,600027.SH,0.29328585613666386
2024.06.27,000034.SZ,0.035025841955889
2024.06.27,600033.SH,0.14924889708064915
2024.06.27,600010.SH,0.004107413871288075
2024.06.27,000018.SZ,0.09582510571955549
2024.06.27,600023.SH,0.109919270971345
2024.06.27,000002.SZ,0.12274085102405281
2024.06.27,000029.SZ,0.050616358612866626
2024.06.27,000049.SZ,0.14849478841075597
2024.06.27,000007.SZ,0.032664343997869855
2024.06.27,000008.SZ,0.019322083902255104
2024.06.27,600009.SH,0.0013572971325054592
2024.06.27,000031.SZ,0.019702131592224295
2024.06.27,600012.SH,0.06039696817941983
2024.06.27,000014.SZ,0.024277763068977616
2024.06.27,000042.SZ,0.13543654940647637
2024.06.27,000027.SZ,0.16062156558235566
2024.06.27,600016.SH,0.008132644320334375
2024.06.27,600024.SH,0.03737353522830775
2024.06.28,000036.SZ,0.0070893132866450895
2024.06.28,600047.SH,0.09465526176300727
2024.06.28,600030.SH,0.10784567058766242
2024.06.28,000030.SZ,0.48954312726965477
2024.06.28,000032.SZ,0.13710619436092647
2024.06.28,000031.SZ,0.019151155180780123
2024.06.28,000002.SZ,0.031086398300654898
2024.06.28,000006.SZ,0.025004564130522492
2024.06.28,600005.SH,0.007636682495561744
2024.06.28,600009.SH,0.01840660311753955
2024.06.28,600023.SH,0.008574639557914416
2024.06.28,000019.SZ,0.15112691457689048
2024.06.28,000024.SZ,0.18881681616770576
2024.06.28,000033.SZ,0.03994277795610622
2024.06.28,000029.SZ,0.24576343029146516
2024.06.28,600036.SH,0.0887011208405232
2024.06.28,600040.SH,0.19877691881759546
2024.06.28,600022.SH,0.001301839254623595
2024.06.28,600016.SH,0.07327213648543873
2024.06.28,000011.SZ,0.12013180594485046
2024.06.28,000014.SZ,0.22854946182407787
2024.06.28,000020.SZ,0.10552983246657299
2024.06.28,600014.SH,0.08204918614717803
2024.06.28,000028.SZ,0.16235729104130062
2024.06.28,600012.SH,0.03523622241288417
2024.06.28,000004.SZ,0.23531676003406682
2024.06.28,000048.SZ,0.18804441376341696
2024.06.28,600002.SH,0.0521179972511374
2024.06.28,000049.SZ,0.04117739752217559
2024.06.28,600046.SH,0.03010496027665435
2024.06.28,600026.SH,0.02629708355501788
2024.06.28,000042.SZ,0.19446894002453155
2024.06.28,600019.SH,0.13912260341093924
2024.06.28,000007.SZ,0.13542841769159716
2024.06.28,000040.SZ,0.022120463796129215
2024.06.28,000015.SZ,0.058819400442244575
2024.06.28,000050.SZ,0.011479562223141929
2024.06.28,600039.SH,0.5031809508519088
2024.06.28,000043.SZ,0.17241396279005358
2024.06.28,600048.SH,0.048671358739450075
2024.06.28,600011.SH,0.06934931284116924
2024.06.28,600013.SH,0.03168369916015369
2024.06.28,600024.SH,0.03698732667779616
2024.06.28,000047.SZ,0.17343547845644489
2024.06.28,000037.SZ,0.14617252662665858
2024.06.28,000035.SZ,0.07408832737338564
2024.06.28,600028.SH,0.10756058059686398
2024.06.28,600041.SH,0.21451286552231918
2024.06.28,000003.SZ,0.0669419426691059
2024.06.28,600006.SH,0.3400869024138437
2024.06.28,000021.SZ,0.09686277831002087
2024.06.28,000039.SZ,0.12454635802673816
2024.06.28,600021.SH,0.03207758106802395
2024.06.28,600015.SH,0.05618127515418282
2024.06.28,000041.SZ,0.006058087077849922
2024.06.28,600037.SH,0.014850023414918647
2024.06.28,600008.SH,0.015521755677540388
2024.06.28,600033.SH,0.04164298490438605
2024.06.28,600032.SH,0.24801705838079086
2024.06.28,000045.SZ,0.1480487997066372
2024.06.28,000023.SZ,0.10715830630677692
2024.06.28,600035.SH,0.14512656306825
2024.06.28,600045.SH,0.027264170628855427
2024.06.28,600034.SH,0.18411557248181035
2024.06.28,000034.SZ,0.008211198330882468
2024.06.28,600007.SH,0.0012459333885403484
2024.06.28,600000.SH,0.05663404598656868
2024.06.28,600025.SH,0.18026850275822512
2024.06.28,000025.SZ,0.26122184207341614
2024.06.28,600043.SH,0.03985503349484392
2024.06.28,000026.SZ,0.01650071048534332
2024.06.28,000044.SZ,0.07139956262937855
2024.06.28,600004.SH,0.20738448909869334
2024.06.28,600003.SH,0.007437383690334884
2024.06.28,600018.SH,0.10092064550326517
2024.06.28,600020.SH,0.10573792719120868
2024.06.28,600038.SH,0.041652094929652765
2024.06.28,600017.SH,0.028489302818662125
2024.06.28,600029.SH,0.09802013840581822
2024.06.28,600042.SH,0.07343212039768789
2024.06.28,000016.SZ,0.46649648232045393
2024.06.28,000013.SZ,0.014023961411248115
2024.06.28,000012.SZ,0.29719443979481525
2024.06.28,600010.SH,0.15256783628511242
2024.06.28,600049.SH,0.0006746428511345963
2024.06.28,000001.SZ,0.09848912943873246
2024.06.28,000027.SZ,0.04050623844666828
2024.06.28,000018.SZ,0.010428155925266335
2024.06.28,600031.SH,0.1097472495797398
2024.06.28,600001.SH,0.1716747025769884
2024.06.28,000010.SZ,0.08483466874254417
2024.06.28,000008.SZ,0.022702060209790133
2024.06.28,000046.SZ,0.436505577600258
2024.06.28,000022.SZ,0.09762223592405009
2024.06.28,000005.SZ,0.13569154536718156
2024.06.28,600044.SH,0.15222888737466045
2024.07.01,600001.SH,0.08317679739766648
2024.07.01,600018.SH,0.3052699350639573
2024.07.01,000008.SZ,0.0238626261217758
2024.07.01,600020.SH,0.24186628525186726
2024.07.01,000048.SZ,0.08900924529902669
2024.07.01,000016.SZ,0.3041355884625223
2024.07.01,600043.SH,0.19431432871126134
2024.07.01,600008.SH,0.5520657873504418
2024.07.01,600045.SH,0.09701123904906188
2024.07.01,000038.SZ,0.22931128070679943
2024.07.01,000039.SZ,0.16568238708145294
2024.07.01,000017.SZ,0.05008184732182735
2024.07.01,600027.SH,0.12635296594801912
2024.07.01,000046.SZ,0.09812839685101354
2024.07.01,600041.SH,0.05380831201038753
2024.07.01,600012.SH,0.05770430913646996
2024.07.01,000028.SZ,0.14011831038201294
2024.07.01,000032.SZ,0.045111166618557116
2024.07.01,600033.SH,0.07475121872411859
2024.07.01,600044.SH,0.09307973972220217
2024.07.01,000018.SZ,0.09824434878560503
2024.07.01,000034.SZ,0.14123766109438957
2024.07.01,000049.SZ,0.05700115978466648
2024.07.01,000003.SZ,0.04718130011218607
2024.07.01,600034.SH,0.20985178943167793
2024.07.01,000019.SZ,0.09503436934209011
2024.07.01,600019.SH,0.07595170984630699
2024.07.01,000050.SZ,0.10795214015560642
2024.07.01,000025.SZ,0.0476069948495751
2024.07.01,600046.SH,0.16855507565048275
2024.07.01,000026.SZ,0.1019427336874443
2024.07.01,600015.SH,0.017532323188997008
2024.07.01,600013.SH,0.07230985485352137
2024.07.01,600031.SH,0.231368165980281
2024.07.01,000006.SZ,0.11750111041410706
2024.07.01,600029.SH,0.19198520232167055
2024.07.01,600030.SH,0.021140547592130892
2024.07.01,600010.SH,0.07972847279681303
2024.07.01,000002.SZ,0.13084808034476478
2024.07.01,600021.SH,0.020064989667988333
2024.07.01,600023.SH,0.008759307019086062
2024.07.01,600000.SH,0.049758778050742955
2024.07.01,000023.SZ,0.01819619125563688
2024.07.01,600026.SH,0.07645348863763426
2024.07.01,000005.SZ,0.1114899728855509
2024.07.01,000007.SZ,0.08435820606257138
2024.07.01,600025.SH,0.31540801172965816
2024.07.01,000027.SZ,0.2696650519125815
2024.07.01,600038.SH,0.11994915909190403
2024.07.01,600014.SH,0.08110054685377036
2024.07.01,600040.SH,0.14405769594868253
2024.07.01,000009.SZ,0.1083664808769991
2024.07.01,600009.SH,0.322301621045808
2024.07.01,000013.SZ,0.06431468020347722
2024.07.01,000033.SZ,0.35243613294776716
2024.07.01,600049.SH,0.3942252303904617
2024.07.01,600022.SH,0.079980922566002
2024.07.01,000031.SZ,0.028178469836552048
2024.07.01,600024.SH,0.0900625286676626
2024.07.01,600028.SH,0.14404332029865724
2024.07.01,600002.SH,0.12116455696061605
2024.07.01,600037.SH,0.13971284574051904
2024.07.01,600016.SH,0.07870735957451495
2024.07.01,600042.SH,0.19144634782601552
2024.07.01,000042.SZ,0.21615192354546667
2024.07.01,600032.SH,0.07612337105887722
2024.07.01,000022.SZ,0.26329588422694983
2024.07.01,000021.SZ,0.2903305671247687
2024.07.01,600017.SH,0.03727353093084204
2024.07.01,000045.SZ,0.07130268403090254
2024.07.01,000043.SZ,0.2077929106719597
2024.07.01,600036.SH,0.0572849165980564
2024.07.01,000004.SZ,0.014354430261850591
2024.07.01,000036.SZ,0.05261785602245826
2024.07.01,600003.SH,0.22973307901687778
2024.07.01,000040.SZ,0.25055899327715736
2024.07.01,000035.SZ,0.014471029980795566
2024.07.01,600007.SH,0.10596089012561793
2024.07.01,000014.SZ,0.017939553425507054
2024.07.01,600047.SH,0.10004317920419303
2024.07.01,600004.SH,0.10478904995206836
2024.07.01,000044.SZ,0.025923156427692065
2024.07.01,000037.SZ,0.16910967161634777
2024.07.01,000030.SZ,0.06111136042065947
2024.07.01,600035.SH,0.021868351365936848
2024.07.01,600005.SH,0.04272242596750054
2024.07.01,000041.SZ,0.48695673102574727
2024.07.01,000012.SZ,0.0538384132914591
2024.07.01,600011.SH,0.05857047137419479
2024.07.01,000010.SZ,0.05454183465912068
2024.07.01,600048.SH,0.08786771042185368
2024.07.01,600006.SH,0.00478514284043913
2024.07.01,000024.SZ,0.10172571818126881
2024.07.01,000011.SZ,0.07100708966163041
2024.07.01,600039.SH,0.2641492848906744
2024.07.01,000001.SZ,0.04529059061083672
2024.07.01,000015.SZ,0.02175477219245172
2024.07.01,000047.SZ,0.1507990664720242
2024.07.02,000048.SZ,0.10014935342711061
2024.07.02,600047.SH,0.3184735960050955
2024.07.02,000027.SZ,0.15933376954017214
2024.07.02,000038.SZ,0.005906681038266068
2024.07.02,600000.SH,0.16439464062344059
2024.07.02,000040.SZ,0.19820688929716465
2024.07.02,600038.SH,0.011573541125116103
2024.07.02,000012.SZ,0.0980944385267464
2024.07.02,600033.SH,0.14090999028365173
2024.07.02,600043.SH,0.33341860516853256
2024.07.02,000001.SZ,0.013303303263611593
2024.07.02,600049.SH,0.1991586168445451
2024.07.02,600028.SH,0.004846862868730137
2024.07.02,600024.SH,0.12959315657041404
2024.07.02,600012.SH,0.0023837438954106556
2024.07.02,000037.SZ,0.002100217119982829
2024.07.02,600018.SH,0.18341222885973407
2024.07.02,000017.SZ,0.1094503034817712
2024.07.02,000032.SZ,0.18235768030318664
2024.07.02,000050.SZ,0.06176174393985048
2024.07.02,600032.SH,0.06420188694853243
2024.07.02,600025.SH,0.47519667707145563
2024.07.02,600010.SH,0.1499806821622627
2024.07.02,600016.SH,0.15110081944054582
2024.07.02,000025.SZ,0.1521986651122254
2024.07.02,000003.SZ,0.46159892038930395
2024.07.02,000008.SZ,0.25816646342539995
2024.07.02,600011.SH,0.2535589584756813
2024.07.02,600023.SH,0.20519560174393156
2024.07.02,600030.SH,0.09573116675421015
2024.07.02,600036.SH,0.15299520461696847
2024.07.02,600003.SH,0.2171518645095379
2024.07.02,600042.SH,0.09567368894363272
2024.07.02,000016.SZ,0.03695773528411949
2024.07.02,000018.SZ,0.10314616900280053
2024.07.02,000010.SZ,0.011565919937720512
2024.07.02,000019.SZ,0.027321462912821032
2024.07.02,600026.SH,0.3121442458438764
2024.07.02,600040.SH,0.023586687576405415
2024.07.02,000026.SZ,0.08794044807180232
2024.07.02,600004.SH,0.008218040841966433
2024.07.02,600021.SH,0.05508640812375603
2024.07.02,000029.SZ,0.019621852337729093
2024.07.02,600013.SH,0.005334721287011729
2024.07.02,000015.SZ,0.11905553680186541
2024.07.02,000014.SZ,0.07102758070907883
2024.07.02,600035.SH,0.1128377962169044
2024.07.02,000035.SZ,0.008194518067555076
2024.07.02,000011.SZ,0.2076310207548538
2024.07.02,000043.SZ,0.01961079152301955
2024.07.02,000042.SZ,0.3243913327196707
2024.07.02,000034.SZ,0.44334025912257335
2024.07.02,600037.SH,0.18147266458241057
2024.07.02,000004.SZ,0.05504333888392979
2024.07.02,600048.SH,0.4289508534633967
2024.07.02,600007.SH,0.04183347836033468
2024.07.02,600045.SH,0.020077913861118894
2024.07.02,600014.SH,0.20567462001002762
2024.07.02,600031.SH,0.019680261895055694
2024.07.02,000047.SZ,0.1668198439156755
2024.07.02,000033.SZ,0.04994921189224021
2024.07.02,600008.SH,0.11859488695039047
2024.07.02,600027.SH,0.0018582282035405674
2024.07.02,000022.SZ,0.06786972489888424
2024.07.02,000046.SZ,0.11460556961047046
2024.07.02,000005.SZ,0.027557848893494313
2024.07.02,000030.SZ,0.057651134830135696
2024.07.02,600005.SH,0.14432132390207253
2024.07.02,600020.SH,0.0043653217344122195
2024.07.02,600006.SH,0.09632087535922286
2024.07.02,600001.SH,0.1365529424567298
2024.07.02,600002.SH,0.005822337506336048
2024.07.02,000031.SZ,0.07678145483687923
2024.07.02,600009.SH,0.03589114340362822
2024.07.02,000007.SZ,0.3060061501542426
2024.07.02,600041.SH,0.1644549259700612
2024.07.02,600034.SH,0.20524077601788168
2024.07.02,000021.SZ,0.03180817519700716
2024.07.02,000006.SZ,0.11225315051963985
2024.07.02,600046.SH,0.0856140802359844
2024.07.02,600044.SH,0.1366793750212222
2024.07.02,600015.SH,0.15447468072279735
2024.07.02,600017.SH,0.28754018776014023
2024.07.02,000039.SZ,0.20912443249484186
2024.07.02,000023.SZ,0.40491345619282565
2024.07.02,000028.SZ,0.04780524325309662
2024.07.02,000009.SZ,0.013876354069939444
2024.07.02,000002.SZ,0.05209661585043683
2024.07.02,000049.SZ,0.02921506442945523
2024.07.02,000020.SZ,0.03934330070848228
2024.07.02,000045.SZ,0.42347107370941833
2024.07.02,000024.SZ,0.013351140717429029
2024.07.02,000044.SZ,0.2185855619594761
2024.07.02,600039.SH,0.23637224634162005
2024.07.02,600022.SH,0.22524992999790527
2024.07.02,000036.SZ,0.19673224980731469
2024.07.02,600019.SH,0.018789942521532384
2024.07.03,000025.SZ,0.3239964797460528
2024.07.03,600035.SH,0.11350762915639394
2024.07.03,600047.SH,0.018979435924745998
2024.07.03,000032.SZ,0.18088145572726638
2024.07.03,600028.SH,0.011424364164646088
2024.07.03,000041.SZ,0.13917224416437493
2024.07.03,600025.SH,0.4052876337962133
2024.07.03,600008.SH,0.15471735034988365
2024.07.03,600048.SH,0.2693717967812867
2024.07.03,600032.SH,0.03025898236085158
2024.07.03,000002.SZ,0.010676401650218074
2024.07.03,000044.SZ,0.1272780818438193
2024.07.03,000017.SZ,0.11258238682782738
2024.07.03,000007.SZ,0.25334387515037354
2024.07.03,600030.SH,0.06288458008056352
2024.07.03,600049.SH,0.02000047023804028
2024.07.03,000036.SZ,0.05299787387537073
2024.07.03,600016.SH,0.014039219670671245
2024.07.03,600039.SH,0.015596247306448903
2024.07.03,600005.SH,0.24224659791596512
2024.07.03,600001.SH,0.12755772078830538
2024.07.03,000034.SZ,0.043243657421908506
2024.07.03,000049.SZ,0.01975223889300193
2024.07.03,600022.SH,0.04236601477382433
2024.07.03,600018.SH,0.05786662146547817
2024.07.03,600007.SH,0.30453911280652923
2024.07.03,600002.SH,0.14764725152693595
2024.07.03,600042.SH,0.03976838358655059
2024.07.03,600010.SH,0.061816426624282605
2024.07.03,600000.SH,0.12518932079359524
2024.07.03,000045.SZ,0.10614777507902627
2024.07.03,600009.SH,0.1241225283516486
2024.07.03,600045.SH,0.11704698389569408
2024.07.03,600023.SH,0.41641940603135646
2024.07.03,000028.SZ,0.1848947830171709
2024.07.03,000008.SZ,0.1929961689268858
2024.07.03,000013.SZ,0.051653254388520864
2024.07.03,600020.SH,0.0205212021079026
2024.07.03,000024.SZ,0.138251874674359
2024.07.03,600027.SH,0.29239761164682987
2024.07.03,600011.SH,0.0459285131094035
2024.07.03,000050.SZ,0.0037515272082997856
2024.07.03,000029.SZ,0.4384918995213753
2024.07.03,000014.SZ,0.13239296755765848
2024.07.03,600038.SH,0.11361496331760676
2024.07.03,000012.SZ,0.012245885473081341
2024.07.03,000033.SZ,0.0546283524012752
2024.07.03,000037.SZ,0.05765524645788714
2024.07.03,600006.SH,0.2118993568612046
2024.07.03,600021.SH,0.1289143401572911
2024.07.03,600003.SH,0.06842936865412481
2024.07.03,600014.SH,0.011248178316285279
2024.07.03,000003.SZ,0.0011075841734809984
2024.07.03,000048.SZ,0.09933246197874253
2024.07.03,000031.SZ,0.022139662798390934
2024.07.03,600012.SH,0.04175130411349896
2024.07.03,000001.SZ,0.14022040668837385
2024.07.03,600040.SH,0.013977149634111629
2024.07.03,600036.SH,0.0868199766880991
2024.07.03,000040.SZ,0.01085761846908038
2024.07.03,600034.SH,0.05050509690700182
2024.07.03,000047.SZ,0.09554574068005366
2024.07.03,600046.SH,0.06133771355332126
2024.07.03,000006.SZ,0.05685758830725874
2024.07.03,600044.SH,0.004591989941224032
2024.07.03,600033.SH,0.2497720251337799
2024.07.03,600004.SH,0.21240013188192802
2024.07.03,000020.SZ,0.06330647072573446
2024.07.03,600031.SH,0.16101353049274836
2024.07.03,000042.SZ,0.0202308235466839
2024.07.03,000005.SZ,0.19449429122678324
2024.07.03,000019.SZ,0.02155784406324382
2024.07.03,600043.SH,0.2719606294164593
2024.07.03,000026.SZ,0.07549733870319854
2024.07.03,600013.SH,0.0035862674403406157
2024.07.03,000030.SZ,0.1696712593248989
2024.07.03,000010.SZ,0.12993229134564546
2024.07.03,000018.SZ,0.3307670693410177
2024.07.03,000022.SZ,0.1817875662062521
2024.07.03,600024.SH,0.05034784968072265
2024.07.03,000038.SZ,0.04328841294460145
2024.07.03,600026.SH,0.17507182706548158
2024.07.03,000009.SZ,0.0377886334380219
2024.07.03,000023.SZ,0.48709393853534233
2024.07.03,600041.SH,0.37090985666888304
2024.07.03,600037.SH,0.039717860593036336
2024.07.03,600029.SH,0.31782244597568543
2024.07.03,600017.SH,0.13723513524717382
2024.07.03,600019.SH,0.262805507893737
2024.07.03,000015.SZ,0.4360484676676085
2024.07.03,000039.SZ,0.10571057836245101
2024.07.03,600015.SH,0.07902150526805575
2024.07.03,000021.SZ,0.07555363746547172
2024.07.03,000046.SZ,0.05663549372303979
2024.07.03,000027.SZ,0.16766376931180318
2024.07.03,000016.SZ,0.6621563333065077
2024.07.03,000004.SZ,0.01575237825486907
2024.07.03,000011.SZ,0.033911577826124445
2024.07.04,600047.SH,0.26142052385029696
2024.07.04,600036.SH,0.46661371326005235
2024.07.04,600030.SH,0.10426215484573542
2024.07.04,000038.SZ,0.02692627393205916
2024.07.04,000033.SZ,0.049382682411817695
2024.07.04,600025.SH,0.10814966097972738
2024.07.04,600032.SH,0.14637730263166948
2024.07.04,000005.SZ,0.345776757972419
2024.07.04,600045.SH,0.028506331229369974
2024.07.04,600046.SH,0.07095993054870486
2024.07.04,000050.SZ,0.01980761841813741
2024.07.04,600017.SH,0.30541910027706914
2024.07.04,600024.SH,0.20545718623499482
2024.07.04,600033.SH,0.04301929518137794
2024.07.04,600009.SH,0.006505016557402542
2024.07.04,600001.SH,0.0518762629935195
2024.07.04,600049.SH,0.03599141773162136
2024.07.04,000041.SZ,0.14855628543161595
2024.07.04,600027.SH,0.10127255004186769
2024.07.04,000010.SZ,0.1448961709500665
2024.07.04,600041.SH,0.006537475143505923
2024.07.04,000019.SZ,0.1848215116302418
2024.07.04,600020.SH,0.03621171191532253
2024.07.04,600015.SH,0.16783450783330614
2024.07.04,000049.SZ,0.15967514830070123
2024.07.04,000024.SZ,0.11572641458834482
2024.07.04,600022.SH,0.0244421338625691
2024.07.04,000007.SZ,0.07661737409656087
2024.07.04,600002.SH,0.13883467575860717
2024.07.04,000021.SZ,0.014711306374715856
2024.07.04,600011.SH,0.4439417510030933
2024.07.04,000017.SZ,0.2691671159088671
2024.07.04,000025.SZ,0.03098412475308662
2024.07.04,600035.SH,0.09991387541344589
2024.07.04,000048.SZ,0.04764316921403734
2024.07.04,600029.SH,0.03024296960061892
2024.07.04,000035.SZ,0.05166534067576922
2024.07.04,600037.SH,0.05071779232352875
2024.07.04,600039.SH,0.26898127923429443
2024.07.04,600043.SH,0.39376940220125506
2024.07.04,600006.SH,0.08382831056955234
2024.07.04,600026.SH,0.14044331566031995
2024.07.04,000030.SZ,0.06721300445277031
2024.07.04,000029.SZ,0.024074379806266543
2024.07.04,000031.SZ,0.16715772349615693
2024.07.04,000042.SZ,0.1668796586788972
2024.07.04,000014.SZ,0.15799330310231902
2024.07.04,000047.SZ,0.12479481151083495
2024.07.04,600031.SH,0.01253841598672787
2024.07.04,600012.SH,0.032501731643444755
2024.07.04,000040.SZ,0.1704441890238963
2024.07.04,000036.SZ,0.011423956698470909
2024.07.04,000027.SZ,0.15519947225562858
2024.07.04,600010.SH,0.11047147113266308
2024.07.04,600038.SH,0.058650632833624684
2024.07.04,000032.SZ,0.10321896914846562
2024.07.04,600005.SH,0.2130385408475867
2024.07.04,000043.SZ,0.20524936326122545
2024.07.04,600040.SH,0.015248678873189243
2024.07.04,600013.SH,0.09065826491786812
2024.07.04,600007.SH,0.22982926236108175
2024.07.04,000004.SZ,9.767868371498592e-06
2024.07.04,000028.SZ,0.07009298949031585
2024.07.04,600048.SH,0.07098506474814913
2024.07.04,000039.SZ,0.07392339638174229
2024.07.04,600004.SH,0.02088817853129795
2024.07.04,600016.SH,0.0005203639158980546
2024.07.04,000011.SZ,0.28020355235295463
2024.07.04,000016.SZ,0.00042369622359681797
2024.07.04,000003.SZ,0.13374032382310785
2024.07.04,600018.SH,0.12923251912133882
2024.07.04,600028.SH,0.26811109519070114
2024.07.04,000012.SZ,0.2301951052977664
2024.07.04,000026.SZ,0.041045179638938216
2024.07.04,600000.SH,0.00010801589600040781
2024.07.04,600014.SH,0.320637508189701
2024.07.04,000034.SZ,0.09807580404896075
2024.07.04,000015.SZ,0.08742411912283699
2024.07.04,000045.SZ,0.34163512907715177
2024.07.04,600008.SH,0.012194541098498608
2024.07.04,600021.SH,0.5528361448678814
2024.07.04,000009.SZ,0.29575141540980504
2024.07.04,600003.SH,0.5128920278065789
2024.07.04,000013.SZ,0.34122941168348864
2024.07.04,600034.SH,0.26542225435939687
2024.07.04,000002.SZ,0.14765439239800232
2024.07.04,600042.SH,0.018674691939734436
2024.07.04,000018.SZ,0.07515103144451873
2024.07.04,000006.SZ,0.03873950454608706
2024.07.04,000023.SZ,0.07212454237597088
2024.07.04,600023.SH,0.04887456016027713
2024.07.04,000044.SZ,0.2842774146016616
2024.07.04,000001.SZ,0.06144847128622101
2024.07.04,600019.SH,0.06371139206461268
2024.07.04,000008.SZ,0.05412104520771035
2024.07.04,600044.SH,0.14459611533893213
2024.07.04,000046.SZ,0.0021813527471835617
2024.07.05,000021.SZ,0.01845082064177798
2024.07.05,000010.SZ,0.07302281528646228
2024.07.05,000015.SZ,0.05615709333357796
2024.07.05,000049.SZ,0.06859987614634636
2024.07.05,000036.SZ,0.06056807093876829
2024.07.05,600015.SH,0.032856522824815895
2024.07.05,000020.SZ,0.05069767483128901
2024.07.05,600007.SH,0.318461139774113
2024.07.05,000044.SZ,0.11367420173811939
2024.07.05,600008.SH,0.24936650313855
2024.07.05,000014.SZ,0.024390716216473117
2024.07.05,000033.SZ,0.013782013757675219
2024.07.05,600046.SH,0.006247253804215111
2024.07.05,000025.SZ,0.2644429883980552
2024.07.05,600009.SH,0.21641236683885773
2024.07.05,600014.SH,0.0951717418582242
2024.07.05,600005.SH,0.3055349007635037
2024.07.05,600023.SH,0.0015891154016429592
2024.07.05,600035.SH,0.24836065537238683
2024.07.05,000017.SZ,0.2516195855055675
2024.07.05,600034.SH,0.3498128724292738
2024.07.05,600033.SH,0.24927346718711008
2024.07.05,000050.SZ,0.1272471916368108
2024.07.05,600020.SH,0.11882293038641073
2024.07.05,000027.SZ,0.0539760028684494
2024.07.05,000039.SZ,2.530735598145201e-05
2024.07.05,000034.SZ,0.363813291243982
2024.07.05,600036.SH,0.04108599669069301
2024.07.05,000035.SZ,0.029408773610641856
2024.07.05,000011.SZ,0.03955704671023831
2024.07.05,000005.SZ,0.1349156578484697
2024.07.05,600018.SH,0.0374464866844258
2024.07.05,600043.SH,0.23531889433484707
2024.07.05,600000.SH,0.10224859028529923
2024.07.05,600037.SH,0.006197841963532631
2024.07.05,000003.SZ,0.14095144993934672
2024.07.05,000040.SZ,0.039465074198536516
2024.07.05,000024.SZ,0.07610471028009308
2024.07.05,000012.SZ,0.03054839802520079
2024.07.05,000026.SZ,0.1583491851125438
2024.07.05,000001.SZ,0.03291819375185051
2024.07.05,600010.SH,0.16901513793868364
2024.07.05,600029.SH,0.09773103470043659
2024.07.05,600013.SH,0.05169365615509628
2024.07.05,600030.SH,0.06679924139452434
2024.07.05,600042.SH,0.018125337858209724
2024.07.05,000038.SZ,0.13670326771953872
2024.07.05,600039.SH,0.036500328162821546
2024.07.05,000047.SZ,0.005587013124491572
2024.07.05,000042.SZ,0.14362169716564296
2024.07.05,600040.SH,0.08905483048196297
2024.07.05,600028.SH,0.0027046507011974042
2024.07.05,000022.SZ,0.37620201212340304
2024.07.05,000018.SZ,0.17632273704001977
2024.07.05,600002.SH,0.10599102806906255
2024.07.05,600032.SH,0.0027703788595719136
2024.07.05,000041.SZ,0.07923997755132496
2024.07.05,000013.SZ,0.02565605460756487
2024.07.05,600019.SH,0.06285639444267566
2024.07.05,000009.SZ,0.014536463274431111
2024.07.05,000004.SZ,0.004162574849256488
2024.07.05,600049.SH,0.05444213242741424
2024.07.05,600025.SH,0.0035225234513881873
2024.07.05,600038.SH,0.06052470733979228
2024.07.05,600027.SH,0.04073791979114435
2024.07.05,600047.SH,0.5448776476501497
2024.07.05,600041.SH,0.10057194407876527
2024.07.05,000023.SZ,0.0504189102598901
2024.07.05,600021.SH,0.05469393791410806
2024.07.05,000046.SZ,0.02099830058200015
2024.07.05,000019.SZ,0.03756825715347486
2024.07.05,600048.SH,0.01550462397855745
2024.07.05,000008.SZ,0.14016132554968186
2024.07.05,000037.SZ,0.05576529515607839
2024.07.05,600044.SH,0.07084854829633352
2024.07.05,000030.SZ,0.1311856342070792
2024.07.05,600016.SH,0.05154119461613943
2024.07.05,000045.SZ,0.14944317722056072
2024.07.05,600011.SH,0.17253551624198396
2024.07.05,000043.SZ,0.19770642842477912
2024.07.05,600031.SH,0.08487312032833545
2024.07.05,600004.SH,0.18185456118275545
2024.07.05,600017.SH,0.0010946608199278313
2024.07.05,000007.SZ,0.055281014942994124
2024.07.05,600006.SH,0.3006912046017983
2024.07.05,600012.SH,0.05259131964177073
2024.07.05,600026.SH,0.05155535963201243
2024.07.05,000032.SZ,0.31750194211971977
2024.07.05,600045.SH,0.13755295061895084
2024.07.05,600022.SH,0.09348212375511343
2024.07.05,600003.SH,0.20490988194294932
2024.07.05,000006.SZ,0.0051338310988700885
2024.07.05,000029.SZ,0.12255955056752856
2024.07.05,000031.SZ,0.145924366957167
2024.07.05,000016.SZ,0.15881294226870277
2024.07.05,600024.SH,0.11846815624145153
2024.07.08,600047.SH,0.07374414163748332
2024.07.08,000022.SZ,0.05513649325639503
2024.07.08,000002.SZ,0.0760156425092709
2024.07.08,000043.SZ,0.10418535547234388
2024.07.08,000034.SZ,0.1414804425316386
2024.07.08,600026.SH,0.014620771546770314
2024.07.08,600017.SH,0.03593679819794548
2024.07.08,000023.SZ,0.18069611171746483
2024.07.08,000014.SZ,0.22763236179673257
2024.07.08,600023.SH,0.006969562821547387
2024.07.08,000024.SZ,0.03129643356343578
2024.07.08,600002.SH,0.15062951773727354
2024.07.08,600007.SH,0.30919761293266906
2024.07.08,000017.SZ,0.06990741938586376
2024.07.08,000031.SZ,0.008429997952134343
2024.07.08,600011.SH,0.04000378015987499
2024.07.08,600028.SH,0.0203890974055757
2024.07.08,000048.SZ,0.06691212700522281
2024.07.08,600035.SH,0.2551593650310632
2024.07.08,600043.SH,0.08133547631681592
2024.07.08,600036.SH,0.030971165336582743
2024.07.08,000016.SZ,0.05860170713724896
2024.07.08,000040.SZ,0.2899584445308733
2024.07.08,600025.SH,0.07546879005728152
2024.07.08,600030.SH,0.050872496002889143
2024.07.08,000015.SZ,0.2770898758076054
2024.07.08,000035.SZ,0.06941123018180316
2024.07.08,000009.SZ,0.0070701589838463395
2024.07.08,000018.SZ,0.09191613004475356
2024.07.08,000050.SZ,0.028067265270018238
2024.07.08,000011.SZ,0.20943870331458853
2024.07.08,000020.SZ,0.013870412171048535
2024.07.08,600031.SH,0.007396936801263303
2024.07.08,600045.SH,0.10230584011978
2024.07.08,600033.SH,0.13873061675878295
2024.07.08,600005.SH,0.16021192833665318
2024.07.08,000038.SZ,0.24929304221858287
2024.07.08,600040.SH,0.15704567632547478
2024.07.08,000012.SZ,0.00473189674514503
2024.07.08,000042.SZ,0.005937005066123579
2024.07.08,600027.SH,0.014215618166183127
2024.07.08,000030.SZ,0.21439565653572493
2024.07.08,000045.SZ,0.19123500712461283
2024.07.08,000029.SZ,0.47305325717925173
2024.07.08,000019.SZ,0.08001709465405156
2024.07.08,600001.SH,0.03290182970053343
2024.07.08,600022.SH,0.005177471039724721
2024.07.08,000005.SZ,0.1818884629594778
2024.07.08,600041.SH,0.14339979677468023
2024.07.08,600014.SH,0.03640361899456358
2024.07.08,000013.SZ,0.0033489182519949937
2024.07.08,600019.SH,0.08237100661927815
2024.07.08,600018.SH,0.07445709805903059
2024.07.08,000049.SZ,0.00625244721886403
2024.07.08,000037.SZ,0.0983084035745191
2024.07.08,600012.SH,0.23187581568049295
2024.07.08,600046.SH,0.3960949066167506
2024.07.08,600008.SH,0.03204577075157613
2024.07.08,600042.SH,0.0527587405529864
2024.07.08,600010.SH,0.1129123927036734
2024.07.08,000036.SZ,0.1494373118366974
2024.07.08,000044.SZ,0.05147679534896643
2024.07.08,600016.SH,0.052541228052204104
2024.07.08,600038.SH,0.03496654735909185
2024.07.08,000046.SZ,0.17336852024712165
2024.07.08,000006.SZ,0.09299254726334867
2024.07.08,000010.SZ,0.13677855118620863
2024.07.08,600039.SH,0.042541751841815176
2024.07.08,600024.SH,0.11669293225985578
2024.07.08,600003.SH,0.008121456945004359
2024.07.08,600009.SH,0.0012621579566005473
2024.07.08,600044.SH,0.16764781223898526
2024.07.08,600015.SH,0.4178337066554325
2024.07.08,000039.SZ,0.22103903672008554
2024.07.08,000028.SZ,0.005344824012657274
2024.07.08,000007.SZ,0.06684454736489252
2024.07.08,600006.SH,0.17255079017078861
2024.07.08,600004.SH,0.04629799041127276
2024.07.08,000047.SZ,0.034818376858194604
2024.07.08,000041.SZ,0.01566397664866119
2024.07.08,000025.SZ,0.002262549265417324
2024.07.08,600049.SH,0.3083665664798195
2024.07.08,600048.SH,0.19079682262497144
2024.07.08,600021.SH,0.14468275236312045
2024.07.08,000027.SZ,0.5037821549114551
2024.07.08,000021.SZ,0.1415615014389369
2024.07.08,600013.SH,0.11732118156197789
2024.07.08,000032.SZ,0.18485543682896055
2024.07.08,600000.SH,0.1686474054427205
2024.07.08,000026.SZ,0.21959306038792525
2024.07.08,600032.SH,0.02656745413308793
2024.07.08,000033.SZ,0.3976560230379293
2024.07.08,600020.SH,0.02303627378985394
2024.07.08,600029.SH,0.029750076523691767
2024.07.08,000001.SZ,0.0922387780469019
2024.07.08,000004.SZ,0.046717516824068585
2024.07.08,000008.SZ,0.0035500586147555694
2024.07.09,000012.SZ,0.05656622306047845
2024.07.09,000026.SZ,0.19233845421385842
2024.07.09,600022.SH,0.18037936852222866
2024.07.09,000022.SZ,0.15895413378000328
2024.07.09,600049.SH,0.2436344180156641
2024.07.09,000001.SZ,0.04662806275241183
2024.07.09,000013.SZ,0.08589215207097574
2024.07.09,600006.SH,0.02952059548867166
2024.07.09,600003.SH,0.02501413060201228
2024.07.09,000018.SZ,0.08315299148885848
2024.07.09,600045.SH,0.16919483833019655
2024.07.09,000037.SZ,0.1278099531345355
2024.07.09,600041.SH,0.1427389082376566
2024.07.09,000041.SZ,0.02107289310252025
2024.07.09,000024.SZ,0.01584782676971265
2024.07.09,000009.SZ,0.13047319682633404
2024.07.09,600011.SH,0.1978376243041594
2024.07.09,600020.SH,0.10355829061709783
2024.07.09,000050.SZ,0.10549740860411513
2024.07.09,000035.SZ,0.10370920642187097
2024.07.09,000048.SZ,0.3130165963610486
2024.07.09,600005.SH,0.17298892935783713
2024.07.09,000010.SZ,0.06673027392977661
2024.07.09,000016.SZ,0.053443294372821026
2024.07.09,000029.SZ,0.005962417048596393
2024.07.09,600044.SH,0.3295850349021814
2024.07.09,600029.SH,0.04813918200461744
2024.07.09,600047.SH,0.004736031526520568
2024.07.09,000025.SZ,0.13151216303545799
2024.07.09,600024.SH,0.050267549499299624
2024.07.09,000036.SZ,0.12580909607620894
2024.07.09,600032.SH,0.09218692273180283
2024.07.09,600031.SH,0.2238779511547325
2024.07.09,600033.SH,0.08659710725233044
2024.07.09,600037.SH,0.090089898862671
2024.07.09,000042.SZ,0.1606283579328996
2024.07.09,000027.SZ,0.08297889880481688
2024.07.09,600016.SH,0.04137052459083918
2024.07.09,600009.SH,0.014384222790100083
2024.07.09,600017.SH,0.08376703899403212
2024.07.09,600000.SH,0.37838592557045114
2024.07.09,600004.SH,0.05495452483245396
2024.07.09,600021.SH,0.24595882307791891
2024.07.09,600001.SH,0.342346158582456
2024.07.09,600010.SH,0.06306211599443477
2024.07.09,000021.SZ,0.0002630407719213227
2024.07.09,000002.SZ,0.02229370187550386
2024.07.09,600036.SH,0.10914920263089453
2024.07.09,000047.SZ,0.13138812985825216
2024.07.09,600002.SH,0.3575353631541418
2024.07.09,600048.SH,0.17458614539900374
2024.07.09,000045.SZ,0.11347558823084807
2024.07.09,000003.SZ,0.025083391536613757
2024.07.09,600042.SH,0.10034557588573194
2024.07.09,000008.SZ,0.16090202890556923
2024.07.09,600023.SH,0.18133531550883242
2024.07.09,000020.SZ,0.23271581217917808
2024.07.09,600039.SH,0.0749850975776226
2024.07.09,000005.SZ,0.034565100760517484
2024.07.09,600025.SH,0.06043556025505359
2024.07.09,000007.SZ,0.011434426334062942
2024.07.09,600014.SH,0.35546661580533195
2024.07.09,000038.SZ,0.11357674310954474
2024.07.09,600040.SH,0.08898594589171369
2024.07.09,000023.SZ,0.10502109156092385
2024.07.09,600012.SH,0.004799768940037375
2024.07.09,000040.SZ,0.04688298415831079
2024.07.09,000039.SZ,0.26777990290989345
2024.07.09,000011.SZ,0.0826737682078399
2024.07.09,600028.SH,0.10501517447588694
2024.07.09,600007.SH,0.13948916945908246
2024.07.09,600015.SH,0.28757490094192023
2024.07.09,000014.SZ,0.03586728182014093
2024.07.09,000015.SZ,0.2913323481584681
2024.07.09,600035.SH,0.17844300250603698
2024.07.09,000006.SZ,0.07763947967069507
2024.07.09,600034.SH,0.05594018294358831
2024.07.09,600008.SH,0.25944526690844827
2024.07.09,600013.SH,0.008565536600821478
2024.07.09,000034.SZ,0.23211656086275878
2024.07.09,000046.SZ,0.03137632901117149
2024.07.09,600046.SH,0.039289226927082394
2024.07.09,000028.SZ,0.12727024168681528
2024.07.09,000004.SZ,0.1827174946580077
2024.07.09,000044.SZ,0.0042048685115466155
2024.07.09,000031.SZ,0.26803321289193255
2024.07.09,600019.SH,0.05417686222324933
2024.07.09,000032.SZ,0.05036041429008853
2024.07.09,600018.SH,0.27526488294843654
2024.07.09,000043.SZ,0.0706776274854602
2024.07.09,600030.SH,0.011914719915310878
2024.07.09,000019.SZ,0.27970145043829103
2024.07.09,600038.SH,0.02440303336050339
2024.07.09,000033.SZ,0.000967915707234081
2024.07.09,600043.SH,0.2308826129266181
2024.07.09,600026.SH,0.21653601736271777
2024.07.09,000030.SZ,0.18184555014809053
2024.07.10,600006.SH,0.04892410119442928
2024.07.10,000030.SZ,0.03809716992993399
2024.07.10,000009.SZ,0.19036006237148817
2024.07.10,600007.SH,0.25404922722442436
2024.07.10,000004.SZ,0.2245620251364497
2024.07.10,600013.SH,0.08826750752097424
2024.07.10,000008.SZ,0.23164917394362045
2024.07.10,000046.SZ,0.4911011955088615
2024.07.10,600009.SH,0.09573844374225551
2024.07.10,000018.SZ,0.19759217550210817
2024.07.10,000011.SZ,0.05784273224586891
2024.07.10,600041.SH,0.007484815618433401
2024.07.10,600049.SH,0.06493951677246995
2024.07.10,600008.SH,0.0690606166239395
2024.07.10,600015.SH,0.04488193241676783
2024.07.10,000001.SZ,0.1430596851129272
2024.07.10,600037.SH,0.07311131917227236
2024.07.10,000043.SZ,0.2016861360356799
2024.07.10,600029.SH,0.01984913900006386
2024.07.10,000017.SZ,0.061086384939774904
2024.07.10,600002.SH,0.1491291910981784
2024.07.10,600010.SH,0.00768723556491036
2024.07.10,600012.SH,0.06277942618436562
2024.07.10,600023.SH,0.014300728836411475
2024.07.10,600034.SH,0.044599729025112035
2024.07.10,000040.SZ,0.044743222792335974
2024.07.10,000028.SZ,0.04513403929624141
2024.07.10,600027.SH,0.04004821951244237
2024.07.10,600017.SH,0.15629712878739005
2024.07.10,000002.SZ,0.0012898436819779667
2024.07.10,600024.SH,0.02262329558098413
2024.07.10,000041.SZ,0.3860030085226518
2024.07.10,600020.SH,0.20277328627666763
2024.07.10,000015.SZ,0.08646006654433862
2024.07.10,600019.SH,0.23124375295853627
2024.07.10,000020.SZ,0.036281364131108766
2024.07.10,000039.SZ,0.10012392238250961
2024.07.10,000007.SZ,0.037211255211301246
2024.07.10,000038.SZ,0.032924647187183714
2024.07.10,600048.SH,0.008669797577587363
2024.07.10,000042.SZ,0.00140764016265476
2024.07.10,000034.SZ,0.15606790254967415
2024.07.10,600030.SH,0.08185727520519473
2024.07.10,600022.SH,0.07211750586676934
2024.07.10,000027.SZ,0.18402468704887856
2024.07.10,000045.SZ,0.09652935605224422
2024.07.10,600032.SH,0.1968381567258801
2024.07.10,000031.SZ,0.10298134636641397
2024.07.10,600042.SH,0.08928772004477022
2024.07.10,600005.SH,0.017326080505786552
2024.07.10,000029.SZ,0.02566364418160682
2024.07.10,000048.SZ,0.09406169868067765
2024.07.10,600028.SH,0.027576950191053187
2024.07.10,600014.SH,0.10018643432014306
2024.07.10,000049.SZ,0.06726009688223158
2024.07.10,600001.SH,0.009230368031389023
2024.07.10,600000.SH,0.020672122354156542
2024.07.10,000025.SZ,0.21092872353197298
2024.07.10,000032.SZ,0.20962266123320752
2024.07.10,000014.SZ,0.009235880071108007
2024.07.10,000012.SZ,0.2881131092040736
2024.07.10,600045.SH,0.006734901696651835
2024.07.10,600039.SH,0.011749245319564894
2024.07.10,600021.SH,0.0004030864422835797
2024.07.10,000022.SZ,0.024015887226263726
2024.07.10,600046.SH,0.0021149982945747
2024.07.10,000044.SZ,0.11977137169463317
2024.07.10,000010.SZ,0.03598771462133237
2024.07.10,600044.SH,0.2013231412171723
2024.07.10,000026.SZ,0.1704230188747712
2024.07.10,000006.SZ,0.18401703424760676
2024.07.10,600047.SH,0.03598405784588934
2024.07.10,000037.SZ,0.011621002419963031
2024.07.10,600016.SH,0.14725090474821032
2024.07.10,000023.SZ,0.1020606880221601
2024.07.10,000035.SZ,0.004078263427084388
2024.07.10,600036.SH,0.10051651343020028
2024.07.10,000033.SZ,0.023768952370530453
2024.07.10,600038.SH,0.21788942113357626
2024.07.10,000019.SZ,0.07235562645980098
2024.07.10,600011.SH,0.14989897202923724
2024.07.10,600018.SH,0.13879526101274348
2024.07.10,000036.SZ,0.017536353969812395
2024.07.10,000050.SZ,0.014778572480620136
2024.07.10,000024.SZ,0.08269460821894448
2024.07.10,600043.SH,0.23901452396960132
2024.07.10,600040.SH,0.07299920184607099
2024.07.10,600004.SH,0.03878402002025709
2024.07.10,000021.SZ,0.16115320678047204
2024.07.10,000016.SZ,0.05338797134051517
2024.07.10,000003.SZ,0.020850488522126714
2024.07.10,600035.SH,0.02841397785379559
2024.07.10,600025.SH,0.01750818353216099
2024.07.10,000013.SZ,0.014882157637188195
2024.07.10,600031.SH,0.16442483491752344
2024.07.10,000005.SZ,0.06738517496668588
2024.07.10,600033.SH,0.046874683283402344
2024.07.11,600028.SH,0.09469035126579903
2024.07.11,600018.SH,0.07655168257927855
2024.07.11,000044.SZ,0.03842945325559768
2024.07.11,600048.SH,0.21799249627115327
2024.07.11,600012.SH,0.14975061201447593
2024.07.11,000049.SZ,0.21876829969313702
2024.07.11,000032.SZ,0.046771911462386226
2024.07.11,600032.SH,0.0609588607285779
2024.07.11,000045.SZ,0.10358824218408409
2024.07.11,600029.SH,0.26140444953954756
2024.07.11,000015.SZ,0.1645167371635895
2024.07.11,600036.SH,0.05118846803028369
2024.07.11,000001.SZ,0.19378516657783282
2024.07.11,600017.SH,0.009230923904183905
2024.07.11,000041.SZ,0.05683279651400048
2024.07.11,000003.SZ,0.09118987643774033
2024.07.11,000018.SZ,0.007306436173613951
2024.07.11,000014.SZ,0.3092309753550833
2024.07.11,600025.SH,0.27258032801904153
2024.07.11,600021.SH,0.008821706515212009
2024.07.11,000034.SZ,0.040810520997774116
2024.07.11,600011.SH,0.032416406765342604
2024.07.11,000039.SZ,0.29617513838767545
2024.07.11,000012.SZ,0.05017264356586282
2024.07.11,000006.SZ,0.05336383674625699
2024.07.11,600034.SH,0.012890212682497414
2024.07.11,600033.SH,0.02796095926938419
2024.07.11,600023.SH,0.015636490610289665
2024.07.11,600014.SH,0.00871187916961592
2024.07.11,000043.SZ,0.17884954078404428
2024.07.11,000011.SZ,0.148264191152019
2024.07.11,600003.SH,0.7334144098797564
2024.07.11,600024.SH,0.04420853841698393
2024.07.11,600008.SH,0.023704418978754582
2024.07.11,000019.SZ,0.026839402460400157
2024.07.11,000036.SZ,0.04589969980024689
2024.07.11,600046.SH,0.11161191050845679
2024.07.11,000002.SZ,0.07483596766112947
2024.07.11,000021.SZ,0.03687836217390015
2024.07.11,000027.SZ,0.18355299572223732
2024.07.11,600049.SH,0.03248722961747892
2024.07.11,600041.SH,0.02373750989818368
2024.07.11,000010.SZ,0.15205933645317024
2024.07.11,000048.SZ,0.1212796165412269
2024.07.11,600031.SH,0.2095988115579416
2024.07.11,000028.SZ,0.03553273287754626
2024.07.11,600002.SH,0.27402190897708395
2024.07.11,600001.SH,0.032052713704353204
2024.07.11,000047.SZ,0.13482645659239614
2024.07.11,000042.SZ,0.1692172004864547
2024.07.11,000037.SZ,0.027834478779550007
2024.07.11,000009.SZ,0.030301979984488636
2024.07.11,600000.SH,0.038452277601124164
2024.07.11,600019.SH,0.05449245254456107
2024.07.11,600007.SH,0.29307110142047393
2024.07.11,000035.SZ,0.13934682146706237
2024.07.11,600039.SH,0.08193513239637899
2024.07.11,600038.SH,0.025774769006668464
2024.07.11,600020.SH,0.022406650605230553
2024.07.11,600040.SH,0.032296729000665235
2024.07.11,600027.SH,0.008883757546011142
2024.07.11,600030.SH,0.02700380216640725
2024.07.11,600043.SH,0.09350550008256299
2024.07.11,600022.SH,0.1421516128502713
2024.07.11,600005.SH,0.003908538025405225
2024.07.11,000040.SZ,0.000658659460207227
2024.07.11,600009.SH,0.0714605433464424
2024.07.11,000030.SZ,0.003980990582241292
2024.07.11,600004.SH,0.0825716510918619
2024.07.11,600047.SH,0.02444320975440616
2024.07.11,000008.SZ,0.0975606582155303
2024.07.11,600013.SH,0.07333077398557541
2024.07.11,000004.SZ,0.053648034528644514
2024.07.11,000033.SZ,0.1485127625649734
2024.07.11,600045.SH,0.4078770521104813
2024.07.11,000020.SZ,0.2277467533803421
2024.07.11,000046.SZ,0.16219346764826698
2024.07.11,000031.SZ,0.07634535681545176
2024.07.11,000029.SZ,0.04476510634721646
2024.07.11,600016.SH,0.04163968993041035
2024.07.11,000022.SZ,0.0049275120946106745
2024.07.11,000007.SZ,0.0052115241369058265
2024.07.11,000016.SZ,0.11078722321947433
2024.07.11,000013.SZ,0.2644234842201433
2024.07.11,000024.SZ,0.056339738615848726
2024.07.11,600010.SH,0.06834681060278187
2024.07.11,000017.SZ,0.15992475605810777
2024.07.11,000023.SZ,0.05385002894845277
2024.07.11,600037.SH,0.08331356676221088
2024.07.11,600026.SH,0.009584654156833947
2024.07.11,600006.SH,0.15884317650309784
2024.07.11,000038.SZ,0.010197728392201528
2024.07.11,000050.SZ,0.036507230366821214
2024.07.11,600044.SH,0.03067763678613392
2024.07.11,000026.SZ,0.18900630000776125
2024.07.11,600035.SH,0.03787423256411779
2024.07.12,600001.SH,0.01647418626007714
2024.07.12,600014.SH,0.019379822148806992
2024.07.12,000044.SZ,0.2346608298634325
2024.07.12,000040.SZ,0.2607163254580559
2024.07.12,600004.SH,0.06577590962418717
2024.07.12,000006.SZ,0.29885857755136763
2024.07.12,600046.SH,0.038134468420810155
2024.07.12,000025.SZ,0.043988738972650765
2024.07.12,000030.SZ,0.044681655718656406
2024.07.12,000023.SZ,0.20344639060453426
2024.07.12,000015.SZ,0.17439755715470337
2024.07.12,000050.SZ,0.07688695261534938
2024.07.12,600035.SH,0.0338658692339687
2024.07.12,600044.SH,0.019320139994275894
2024.07.12,600043.SH,0.021401058961986658
2024.07.12,600022.SH,0.09341313419909748
2024.07.12,000010.SZ,0.011345675366443868
2024.07.12,600045.SH,0.18335073001262867
2024.07.12,000034.SZ,0.013213155216801513
2024.07.12,600023.SH,0.1735386608401055
2024.07.12,000031.SZ,0.20804492607116779
2024.07.12,600032.SH,0.13189116161562192
2024.07.12,000019.SZ,0.27945120595534795
2024.07.12,000012.SZ,0.09590165906550562
2024.07.12,000013.SZ,0.14226286190412993
2024.07.12,600024.SH,0.16716754617383953
2024.07.12,000036.SZ,0.07267790790801994
2024.07.12,000011.SZ,0.05014569869854012
2024.07.12,600021.SH,0.12940665431566145
2024.07.12,600033.SH,0.0013452485592859744
2024.07.12,000003.SZ,0.16999174644884713
2024.07.12,000046.SZ,0.16162363710028316
2024.07.12,600036.SH,0.26605517995933015
2024.07.12,000008.SZ,0.013538734068041337
2024.07.12,000001.SZ,0.013964673299110195
2024.07.12,600026.SH,0.3817477731883297
2024.07.12,600039.SH,0.06640021732134313
2024.07.12,000020.SZ,0.03761835216819016
2024.07.12,000021.SZ,0.05399719348577873
2024.07.12,600003.SH,0.101364414516795
2024.07.12,600031.SH,0.11008828404306369
2024.07.12,000016.SZ,0.2714619257571469
2024.07.12,000043.SZ,0.01437845170232816
2024.07.12,000032.SZ,0.07761555591944015
2024.07.12,600008.SH,0.2571690644351692
2024.07.12,000045.SZ,0.01985656397182743
2024.07.12,600038.SH,0.0937175961537132
2024.07.12,000029.SZ,0.010492323061182338
2024.07.12,000005.SZ,0.10741232535852094
2024.07.12,000035.SZ,0.05910876861342639
2024.07.12,600010.SH,0.17338650453380647
2024.07.12,000009.SZ,0.1373287062356146
2024.07.12,000026.SZ,0.1637066235847029
2024.07.12,000049.SZ,0.054597930259275826
2024.07.12,600015.SH,0.11749309626555585
2024.07.12,600028.SH,0.007098190297555649
2024.07.12,600005.SH,0.12300378345146387
2024.07.12,000041.SZ,0.010364561606717422
2024.07.12,000033.SZ,0.1488937727760714
2024.07.12,000048.SZ,0.053093201611979016
2024.07.12,600018.SH,0.026585909768711075
2024.07.12,000024.SZ,0.07880306800036138
2024.07.12,600020.SH,0.07953967376349183
2024.07.12,600016.SH,0.03489696716080391
2024.07.12,600011.SH,0.027314799592282165
2024.07.12,000037.SZ,0.1905877792941356
2024.07.12,600034.SH,0.007688655071619364
2024.07.12,600030.SH,0.20545280622414364
2024.07.12,600042.SH,0.14341942515755648
2024.07.12,600006.SH,0.24437676384594964
2024.07.12,600025.SH,0.07716085914116025
2024.07.12,600012.SH,0.017808847013372573
2024.07.12,600013.SH,0.5021286559821335
2024.07.12,600029.SH,0.14592994005517604
2024.07.12,600041.SH,0.0455483531144691
2024.07.12,000014.SZ,0.07552457369912904
2024.07.12,000018.SZ,0.015937968321276374
2024.07.12,000047.SZ,0.04271852953311864
2024.07.12,600000.SH,0.05138363196460397
2024.07.12,000022.SZ,0.033459073639436676
2024.07.12,000028.SZ,0.024387781003259213
2024.07.12,000007.SZ,0.6696943358223015
2024.07.12,600040.SH,0.3239783161623467
2024.07.12,600009.SH,0.0756954401142002
2024.07.12,600002.SH,0.03299267302196148
2024.07.12,600027.SH,0.1288998719177703
2024.07.12,600019.SH,0.841308178502655
2024.07.12,600017.SH,0.0961132234889739
2024.07.12,600037.SH,0.26322873512200706
2024.07.12,600007.SH,0.009538110869813024
2024.07.12,000004.SZ,0.06633926337858087
2024.07.12,000027.SZ,0.16861780270561072
2024.07.12,600047.SH,0.0033624939568803938
2024.07.12,000017.SZ,0.08011330167708856
2024.07.12,000002.SZ,0.05294221050507403
2024.07.12,600048.SH,0.017678894566136156
2024.07.15,000004.SZ,0.12496571168563847
2024.07.15,600027.SH,0.04476408030598581
2024.07.15,600016.SH,0.43211265913959973
2024.07.15,600000.SH,0.04578983844608342
2024.07.15,600038.SH,0.18755815076646
2024.07.15,000025.SZ,0.10555638959813175
2024.07.15,000037.SZ,0.008593554268481933
2024.07.15,000015.SZ,0.018570234501531675
2024.07.15,600011.SH,0.09950419565499505
2024.07.15,600003.SH,0.02351307207207181
2024.07.15,000008.SZ,0.3347029069238969
2024.07.15,600022.SH,0.3962641939526389
2024.07.15,600010.SH,0.12514258176916468
2024.07.15,000043.SZ,0.10867273812456987
2024.07.15,000014.SZ,0.1555592829837487
2024.07.15,000029.SZ,0.25376799422223106
2024.07.15,000023.SZ,0.03374524845471939
2024.07.15,600026.SH,0.013380737930810268
2024.07.15,600044.SH,0.03533884693406709
2024.07.15,000046.SZ,0.0807039633501627
2024.07.15,000001.SZ,0.022239667036138264
2024.07.15,600007.SH,0.010834532030492665
2024.07.15,600008.SH,0.11390418471912232
2024.07.15,600019.SH,0.08837645915125054
2024.07.15,000032.SZ,0.1424897225312132
2024.07.15,600048.SH,0.12830539102575533
2024.07.15,000044.SZ,0.09162815264662658
2024.07.15,000012.SZ,0.38553697744769433
2024.07.15,600028.SH,0.00690747074529274
2024.07.15,000035.SZ,0.0030162139492394225
2024.07.15,000024.SZ,0.42468109675377025
2024.07.15,600023.SH,0.1007727763731077
2024.07.15,600015.SH,0.368315296095146
2024.07.15,000018.SZ,0.05419654924826605
2024.07.15,600041.SH,0.1880162472042129
2024.07.15,000050.SZ,0.09151299554161915
2024.07.15,000039.SZ,0.06797668276296558
2024.07.15,000026.SZ,0.047379016455982546
2024.07.15,000027.SZ,0.18212620169267354
2024.07.15,000041.SZ,0.102061736451046
2024.07.15,000047.SZ,0.07349618349569308
2024.07.15,600043.SH,0.02100741911340207
2024.07.15,000034.SZ,0.03593099431461029
2024.07.15,000030.SZ,0.018811558412694728
2024.07.15,600040.SH,0.00874039364876043
2024.07.15,600021.SH,0.01963164776820125
2024.07.15,000042.SZ,0.10990813380096935
2024.07.15,600036.SH,0.16251876332580084
2024.07.15,600039.SH,0.00223938946753193
2024.07.15,600004.SH,0.20526024440710283
2024.07.15,000016.SZ,0.02646503527853577
2024.07.15,600012.SH,0.023214173250534136
2024.07.15,600013.SH,0.04205866005754745
2024.07.15,000036.SZ,0.016991428799344947
2024.07.15,000049.SZ,0.01794348398052473
2024.07.15,600018.SH,0.06656530794108484
2024.07.15,600037.SH,0.29260493955939504
2024.07.15,600031.SH,0.031379507880077984
2024.07.15,600030.SH,0.025247277266992836
2024.07.15,000002.SZ,0.23768428947147394
2024.07.15,600033.SH,0.1338563280621834
2024.07.15,000033.SZ,0.15719726175361343
2024.07.15,600020.SH,0.1582298124141482
2024.07.15,000013.SZ,0.3811991144706571
2024.07.15,000045.SZ,0.0798837998976442
2024.07.15,000017.SZ,0.3846514760635422
2024.07.15,000031.SZ,0.07879979220868431
2024.07.15,000020.SZ,0.028974442628703193
2024.07.15,000019.SZ,0.06355457949037288
2024.07.15,600017.SH,0.21409158685809004
2024.07.15,000010.SZ,0.49795373705614737
2024.07.15,600045.SH,0.35170787420951355
2024.07.15,000040.SZ,0.10285617174944486
2024.07.15,000011.SZ,0.10518895734379471
2024.07.15,600047.SH,0.0032560626402893394
2024.07.15,000022.SZ,0.2745483196048365
2024.07.15,000021.SZ,0.007667989523876026
2024.07.15,000007.SZ,0.04841799692538319
2024.07.15,600035.SH,0.007208631964915867
2024.07.15,600049.SH,0.14286656601044942
2024.07.15,000003.SZ,0.06016711984282902
2024.07.15,600046.SH,0.0162878548263705
2024.07.15,000005.SZ,0.016816671112243057
2024.07.15,600032.SH,0.04421899362654569
2024.07.15,000006.SZ,0.14041680031371373
2024.07.15,600009.SH,0.08259273683002111
2024.07.15,000028.SZ,0.0011136601689947583
2024.07.15,000038.SZ,0.014781279609352004
2024.07.15,600005.SH,0.08210219329187021
2024.07.15,600029.SH,0.11932391287683687
2024.07.15,000009.SZ,0.013544383346407425
2024.07.15,600001.SH,0.32856500570266967
2024.07.15,600034.SH,0.013275346270906027
2024.07.15,600024.SH,0.04509818363927306
2024.07.15,600002.SH,0.07254440806150317
2024.07.15,600025.SH,0.057606648544742754
2024.07.15,600006.SH,0.45167682987346985
2024.07.16,000035.SZ,0.36963807821396927
2024.07.16,600027.SH,0.24664643927984642
2024.07.16,000033.SZ,0.06987144795707366
2024.07.16,000020.SZ,0.05360530481407565
2024.07.16,600024.SH,0.0004994206408980971
2024.07.16,000006.SZ,0.006574890774949917
2024.07.16,600048.SH,0.04281317001505352
2024.07.16,600039.SH,0.012464866505558747
2024.07.16,600011.SH,0.0329078596080792
2024.07.16,000050.SZ,0.01087347890276905
2024.07.16,000041.SZ,0.0963181694356674
2024.07.16,000037.SZ,0.05062130984494373
2024.07.16,000009.SZ,0.03244421603020194
2024.07.16,000005.SZ,0.4871256297882139
2024.07.16,000029.SZ,0.3648435258679497
2024.07.16,000004.SZ,0.2631426514239909
2024.07.16,000042.SZ,0.00747884564729486
2024.07.16,600010.SH,0.3372920353241809
2024.07.16,000039.SZ,0.049889586942138076
2024.07.16,000025.SZ,0.01440291313582045
2024.07.16,600026.SH,0.08973566742830372
2024.07.16,600020.SH,0.015829135126014776
2024.07.16,600023.SH,0.1091166635018326
2024.07.16,000017.SZ,0.06255567552031185
2024.07.16,600041.SH,0.06621385712185897
2024.07.16,600035.SH,0.02131930020680255
2024.07.16,600013.SH,0.019751393712439887
2024.07.16,000001.SZ,0.043642761139012096
2024.07.16,600019.SH,0.18324457948999107
2024.07.16,600004.SH,0.02940036799925761
2024.07.16,000024.SZ,0.3297742550890812
2024.07.16,000023.SZ,0.33915410103737376
2024.07.16,000019.SZ,0.07042974510133725
2024.07.16,000034.SZ,0.16930861396639432
2024.07.16,600034.SH,0.05968116565841407
2024.07.16,000045.SZ,0.05838607196869802
2024.07.16,600029.SH,0.2507068242303499
2024.07.16,000030.SZ,0.025897811173312617
2024.07.16,600012.SH,0.2700191944521044
2024.07.16,600005.SH,0.057126349632139445
2024.07.16,600032.SH,0.1553379620585621
2024.07.16,600037.SH,0.03244503465018149
2024.07.16,600038.SH,0.09079222582867524
2024.07.16,600014.SH,0.08723136876449472
2024.07.16,600022.SH,0.07811507246218238
2024.07.16,600000.SH,0.11124106477002452
2024.07.16,000008.SZ,0.24246925659689567
2024.07.16,000003.SZ,0.037280245474017336
2024.07.16,600003.SH,0.0028991128626085624
2024.07.16,600016.SH,0.10626923512160216
2024.07.16,000027.SZ,0.04836170141351197
2024.07.16,600049.SH,0.028286267111137596
2024.07.16,600008.SH,0.09943291046185149
2024.07.16,600031.SH,0.015159166607369795
2024.07.16,000012.SZ,0.001319874789014233
2024.07.16,000026.SZ,0.0014081841552564362
2024.07.16,000016.SZ,0.01925801226995767
2024.07.16,000002.SZ,0.043927106087951244
2024.07.16,000043.SZ,0.49052273568918053
2024.07.16,000007.SZ,0.02765931582532773
2024.07.16,000014.SZ,0.039759050748886714
2024.07.16,600021.SH,0.08634780514870866
2024.07.16,600047.SH,0.23634108523634303
2024.07.16,600025.SH,0.027907247259735684
2024.07.16,000049.SZ,0.4655232385268271
2024.07.16,600036.SH,0.3398071735120658
2024.07.16,600017.SH,0.3040908605655943
2024.07.16,000021.SZ,0.05904485338770139
2024.07.16,600042.SH,0.057826326611976564
2024.07.16,600002.SH,0.06975296354206263
2024.07.16,000022.SZ,0.007020317606927769
2024.07.16,600028.SH,0.23158144640402098
2024.07.16,600045.SH,0.06563173733575654
2024.07.16,000047.SZ,0.0185174103794411
2024.07.16,000048.SZ,0.03822502306451369
2024.07.16,000015.SZ,0.18693027941259963
2024.07.16,600006.SH,0.12350727705215754
2024.07.16,000028.SZ,0.026865715413490303
2024.07.16,000036.SZ,0.04184730572369572
2024.07.16,600040.SH,0.08070431544605251
2024.07.16,000046.SZ,0.013913829682779547
2024.07.16,000010.SZ,0.3055812272039068
2024.07.16,600018.SH,0.02749774819511681
2024.07.16,600007.SH,0.020654913908833786
2024.07.16,600044.SH,0.3181103504978723
2024.07.16,000013.SZ,0.06679229781343456
2024.07.16,600001.SH,0.15684340622996779
2024.07.16,000018.SZ,0.15088612210308988
2024.07.16,600030.SH,0.07133883415317092
2024.07.16,600015.SH,0.013631965539588798
2024.07.16,600043.SH,0.01704967343234281
2024.07.16,600046.SH,0.011334187924381853
2024.07.16,000038.SZ,0.0782971193869484
2024.07.16,000031.SZ,0.22808546254420753
2024.07.16,000040.SZ,0.11018375851276775
2024.07.16,600009.SH,0.16262355671982157
2024.07.16,000011.SZ,0.0802977685258752
2024.07.16,600033.SH,0.03111254776976157
2024.07.17,000008.SZ,0.002507366990923331
2024.07.17,000007.SZ,0.0008942886158393583
2024.07.17,000011.SZ,0.06600323859305911
2024.07.17,000044.SZ,0.25963233608246106
2024.07.17,600043.SH,0.1685152170272783
2024.07.17,000045.SZ,0.17265879445430102
2024.07.17,000026.SZ,0.0071305241803807495
2024.07.17,600007.SH,0.0042888136109261775
2024.07.17,000039.SZ,0.02417358656752348
2024.07.17,600030.SH,0.07295491733486979
2024.07.17,600014.SH,0.0003134830948215219
2024.07.17,600025.SH,0.15749910473305295
2024.07.17,000009.SZ,0.07287342273456887
2024.07.17,600015.SH,0.20122503342749262
2024.07.17,600035.SH,0.04963846598342872
2024.07.17,600021.SH,0.298771249115153
2024.07.17,600032.SH,0.13304302125273057
2024.07.17,000003.SZ,0.28627153066895683
2024.07.17,000001.SZ,0.05288662699787189
2024.07.17,600028.SH,0.321518732358375
2024.07.17,000023.SZ,0.0568966425607509
2024.07.17,000016.SZ,0.1483708062334705
2024.07.17,600026.SH,0.3454923238177939
2024.07.17,000036.SZ,0.034142882634083736
2024.07.17,000050.SZ,0.02743418780774041
2024.07.17,000024.SZ,0.01503795562072203
2024.07.17,600022.SH,0.1398465901189837
2024.07.17,000027.SZ,0.022929494685959367
2024.07.17,600045.SH,0.15552741801504927
2024.07.17,000022.SZ,0.1869530852275659
2024.07.17,600003.SH,0.00845160665467628
2024.07.17,600017.SH,0.3828154095895307
2024.07.17,600029.SH,0.0055319707912199105
2024.07.17,000029.SZ,0.007475727533532496
2024.07.17,600037.SH,0.030317104585153142
2024.07.17,000018.SZ,0.17822917344271055
2024.07.17,600036.SH,0.10173921370173629
2024.07.17,600008.SH,0.2242089607716644
2024.07.17,000012.SZ,0.006763639451621346
2024.07.17,000035.SZ,0.11116572381684503
2024.07.17,600009.SH,0.04950836062123391
2024.07.17,000048.SZ,0.16813728730733707
2024.07.17,600018.SH,0.053422572295921955
2024.07.17,000040.SZ,0.13899681869356625
2024.07.17,600041.SH,0.011209995107331141
2024.07.17,000002.SZ,0.010171802971996552
2024.07.17,600034.SH,0.0471418329625557
2024.07.17,000030.SZ,0.0838175991314669
2024.07.17,000005.SZ,0.14542971909396196
2024.07.17,000031.SZ,0.0902992203843964
2024.07.17,000028.SZ,0.30821446956011633
2024.07.17,600019.SH,0.08526245002119257
2024.07.17,600016.SH,0.07858606475108554
2024.07.17,600038.SH,0.025084779489356654
2024.07.17,000006.SZ,0.009231569361716195
2024.07.17,000020.SZ,0.30422370014742217
2024.07.17,600004.SH,0.2916312072776086
2024.07.17,000046.SZ,0.019286896331932687
2024.07.17,600011.SH,0.4016308359174099
2024.07.17,600044.SH,0.5011029393242761
2024.07.17,000015.SZ,0.01454918283830678
2024.07.17,600020.SH,0.33124587527777866
2024.07.17,000043.SZ,0.037998537055162374
2024.07.17,000038.SZ,0.006733703628698907
2024.07.17,600024.SH,0.06650802980057895
2024.07.17,000034.SZ,0.03693366394962325
2024.07.17,000010.SZ,0.038748595507478965
2024.07.17,000004.SZ,0.17298938882625559
2024.07.17,600012.SH,0.006566128571231925
2024.07.17,000042.SZ,0.24885636938742042
2024.07.17,000021.SZ,0.047864924452778096
2024.07.17,000037.SZ,0.06193086770904965
2024.07.17,600031.SH,0.32811864169668986
2024.07.17,600000.SH,0.5142160690921923
2024.07.17,600027.SH,0.07164819610294222
2024.07.17,000033.SZ,0.036711833490691605
2024.07.17,000041.SZ,0.08577086473316978
2024.07.17,600039.SH,0.07945833191101248
2024.07.17,000017.SZ,0.02511216878599886
2024.07.17,000014.SZ,0.019576750113841156
2024.07.17,600023.SH,0.07151161039641402
2024.07.17,000047.SZ,0.1423837664588354
2024.07.17,600010.SH,0.09368975951063918
2024.07.17,600047.SH,0.1346626951374148
2024.07.17,600048.SH,0.17514774779898845
2024.07.17,600049.SH,0.23589897227847295
2024.07.17,600005.SH,0.019678403880591215
2024.07.17,600001.SH,0.11103733169508838
2024.07.17,600040.SH,0.0442827887853203
2024.07.17,600002.SH,0.14090350613090769
2024.07.17,600033.SH,0.09977456296404806
2024.07.17,600013.SH,0.48876601717940893
2024.07.17,000013.SZ,0.23264335950421366
2024.07.17,000019.SZ,0.08763970158381762
2024.07.17,600006.SH,0.07222812909814344
2024.07.17,000025.SZ,0.07786953739983266
2024.07.17,000049.SZ,0.014234962134571
2024.07.17,600046.SH,0.028792641388146724
2024.07.18,600035.SH,0.3122005495163677
2024.07.18,000013.SZ,0.05212219111724479
2024.07.18,600025.SH,0.03180712018056147
2024.07.18,000010.SZ,0.13094034626509718
2024.07.18,600001.SH,0.08625266178764904
2024.07.18,600020.SH,0.01492571952041965
2024.07.18,000050.SZ,0.04208479572798879
2024.07.18,600000.SH,0.37082978431779773
2024.07.18,000037.SZ,0.1832357662075475
2024.07.18,000024.SZ,0.15461251041498733
2024.07.18,600044.SH,0.228654599385225
2024.07.18,600049.SH,0.15092244073536676
2024.07.18,000006.SZ,0.008171054969017577
2024.07.18,000007.SZ,0.01266764682875745
2024.07.18,600011.SH,0.15180420411964357
2024.07.18,000036.SZ,0.18868671859003402
2024.07.18,000018.SZ,0.15578351327168963
2024.07.18,600004.SH,0.13929332971051506
2024.07.18,600038.SH,0.013786242111316
2024.07.18,000027.SZ,0.3652350960786069
2024.07.18,600040.SH,0.204792473381741
2024.07.18,000034.SZ,0.1727346335329766
2024.07.18,600041.SH,0.19704309812019638
2024.07.18,000035.SZ,0.14322629407746373
2024.07.18,000029.SZ,0.07496022947859221
2024.07.18,000033.SZ,0.04342480110449123
2024.07.18,600016.SH,0.17416677013160708
2024.07.18,000014.SZ,0.05299820771263289
2024.07.18,600005.SH,0.15900347920454685
2024.07.18,600021.SH,0.022566338780475037
2024.07.18,000021.SZ,0.13173796738993668
2024.07.18,000045.SZ,0.03369893443255595
2024.07.18,000008.SZ,0.06678048468565982
2024.07.18,000046.SZ,0.03366080549570286
2024.07.18,600013.SH,0.011748623132514263
2024.07.18,000047.SZ,0.09312431825135749
2024.07.18,600036.SH,0.02879341127533681
2024.07.18,000030.SZ,0.21850796933009192
2024.07.18,600009.SH,0.355556273740644
2024.07.18,600014.SH,0.01379427548877623
2024.07.18,000026.SZ,0.017793668644992548
2024.07.18,000042.SZ,0.27757915177461684
2024.07.18,600043.SH,0.3985608348870897
2024.07.18,600018.SH,0.047352133255118445
2024.07.18,000001.SZ,0.0006796967174461487
2024.07.18,600012.SH,0.0019101716524835327
2024.07.18,600015.SH,0.06917527954292586
2024.07.18,600022.SH,0.04045440155746137
2024.07.18,000009.SZ,0.03370483133404753
2024.07.18,000025.SZ,0.020962072224325477
2024.07.18,600037.SH,0.05348579349525689
2024.07.18,000043.SZ,0.020779688217756824
2024.07.18,600032.SH,0.18823509802448304
2024.07.18,600029.SH,0.0016728799501157957
2024.07.18,600033.SH,0.04542266946914364
2024.07.18,600030.SH,0.024627876020068166
2024.07.18,600006.SH,0.012329919977495447
2024.07.18,000031.SZ,0.18307077475484212
2024.07.18,600031.SH,0.06122374880476109
2024.07.18,600024.SH,0.25310761593666853
2024.07.18,600039.SH,0.04954475830914748
2024.07.18,000020.SZ,0.09612535021313497
2024.07.18,000028.SZ,0.3054683119844267
2024.07.18,000016.SZ,0.01570141034425129
2024.07.18,000044.SZ,0.07916181932204219
2024.07.18,600008.SH,0.007187218308252756
2024.07.18,000040.SZ,0.011348645260817143
2024.07.18,000017.SZ,0.1401686636055295
2024.07.18,600007.SH,0.20379746448227562
2024.07.18,600019.SH,0.0081617100885804
2024.07.18,600003.SH,0.5360921561359864
2024.07.18,000049.SZ,0.17643200528335168
2024.07.18,600028.SH,0.10290723034709215
2024.07.18,600046.SH,0.5432198158853242
2024.07.18,000011.SZ,0.09044776982508697
2024.07.18,000041.SZ,0.07189630353406971
2024.07.18,600010.SH,0.0027973863117209895
2024.07.18,000038.SZ,0.2696679606684793
2024.07.18,000023.SZ,0.2165480214759185
2024.07.18,000022.SZ,0.16740993075773414
2024.07.18,600042.SH,0.040593868434385894
2024.07.18,600017.SH,0.389873067576228
2024.07.18,000012.SZ,0.12690215652451
2024.07.18,000015.SZ,0.06092135238064506
2024.07.18,000039.SZ,0.06417454117471792
2024.07.18,000019.SZ,0.05309095535756504
2024.07.18,600048.SH,0.1454369452468204
2024.07.18,000032.SZ,0.0670580730342904
2024.07.18,600002.SH,0.01766701875157791
2024.07.18,600034.SH,0.08862457924629723
2024.07.18,000004.SZ,0.14723371627747375
2024.07.18,000005.SZ,0.0717270646537556
2024.07.18,000048.SZ,0.454392816423876
2024.07.18,000003.SZ,0.25519195244323983
2024.07.18,600047.SH,0.326209014648936
2024.07.18,600023.SH,0.4810762057514777
2024.07.18,000002.SZ,0.10976693565577231
2024.07.18,600045.SH,0.33416343713554003
2024.07.19,600017.SH,0.07051150987930915
2024.07.19,000017.SZ,0.41665214793913063
2024.07.19,600012.SH,0.01414945484375445
2024.07.19,000011.SZ,0.21500054682952732
2024.07.19,000028.SZ,0.04949978729550618
2024.07.19,000024.SZ,0.011700277997935448
2024.07.19,000038.SZ,0.008132997930742649
2024.07.19,600036.SH,0.2252890192795065
2024.07.19,600047.SH,0.06082351525130226
2024.07.19,600035.SH,0.002701798918324144
2024.07.19,000002.SZ,0.032493097456278465
2024.07.19,600043.SH,0.23988279009808156
2024.07.19,600025.SH,0.06312963830830355
2024.07.19,600044.SH,0.020785522601402054
2024.07.19,000016.SZ,0.07931118264451795
2024.07.19,000007.SZ,0.19104642094558272
2024.07.19,000036.SZ,0.21698427933257128
2024.07.19,000044.SZ,0.16329902354614834
2024.07.19,600019.SH,0.10773164043750619
2024.07.19,000003.SZ,0.08475059270125081
2024.07.19,000029.SZ,0.061565769481113565
2024.07.19,000027.SZ,0.01240694768809755
2024.07.19,000050.SZ,0.24990557548162112
2024.07.19,000025.SZ,0.036059731911273624
2024.07.19,600000.SH,0.14488450698989705
2024.07.19,000026.SZ,0.0962239740118963
2024.07.19,600022.SH,0.022258101531812024
2024.07.19,000009.SZ,0.16861257677403357
2024.07.19,000018.SZ,0.27003688830375155
2024.07.19,600016.SH,0.23919546198195746
2024.07.19,600024.SH,0.07262761111158496
2024.07.19,600009.SH,0.027462783766676963
2024.07.19,000035.SZ,0.06520317828817879
2024.07.19,600020.SH,0.3076407957629309
2024.07.19,000045.SZ,0.1760653418067123
2024.07.19,600038.SH,0.08532318207682194
2024.07.19,000042.SZ,0.04180624558178717
2024.07.19,600015.SH,0.04571023594402156
2024.07.19,000021.SZ,0.018494855925612664
2024.07.19,600034.SH,0.010375588241157906
2024.07.19,600049.SH,0.2014598078010505
2024.07.19,600031.SH,0.02760184954908224
2024.07.19,000023.SZ,0.0628708444651578
2024.07.19,000048.SZ,0.03226266725254435
2024.07.19,000001.SZ,0.09764116785006184
2024.07.19,000022.SZ,0.051367788877663585
2024.07.19,000019.SZ,0.36816995678644926
2024.07.19,000032.SZ,0.10049205581971649
2024.07.19,600001.SH,0.003238166765043301
2024.07.19,600037.SH,0.39731200534467437
2024.07.19,600005.SH,0.03243712537322743
2024.07.19,000039.SZ,0.01651496663126868
2024.07.19,600013.SH,8.328580671900207e-05
2024.07.19,000013.SZ,0.04307152389205579
2024.07.19,000020.SZ,0.0592702247659288
2024.07.19,600046.SH,0.03318891587566398
2024.07.19,000030.SZ,0.42000079330970164
2024.07.19,000049.SZ,0.40451445562920546
2024.07.19,600021.SH,0.006714242881304232
2024.07.19,000012.SZ,0.09804544715245816
2024.07.19,600018.SH,0.08907794728680964
2024.07.19,600032.SH,0.052260937138284676
2024.07.19,600040.SH,0.047924412735830174
2024.07.19,600033.SH,0.12441358366534747
2024.07.19,000046.SZ,0.08851885124261968
2024.07.19,000015.SZ,0.00591413516692889
2024.07.19,600027.SH,0.4026725928808531
2024.07.19,600006.SH,0.018618417398117218
2024.07.19,000010.SZ,0.11875088496938613
2024.07.19,600023.SH,0.021973572454765878
2024.07.19,000037.SZ,0.2898119568738249
2024.07.19,600010.SH,0.0008293918176521518
2024.07.19,600004.SH,0.1048189759561251
2024.07.19,000033.SZ,0.28295748280150484
2024.07.19,000034.SZ,0.034253796381998436
2024.07.19,600029.SH,0.17194343690491415
2024.07.19,600007.SH,0.30336273302057376
2024.07.19,000004.SZ,0.05307048011916051
2024.07.19,000043.SZ,0.04737353412416347
2024.07.19,000008.SZ,0.34072931014156066
2024.07.19,600042.SH,0.047376868254381005
2024.07.19,000047.SZ,0.32926175036279015
2024.07.19,600045.SH,0.10593424905328845
2024.07.19,600026.SH,0.18390007534257855
2024.07.19,000040.SZ,0.24692749941764122
2024.07.19,000014.SZ,0.017613565464150546
2024.07.19,600008.SH,0.25199168193332305
2024.07.19,600048.SH,0.058374330015764635
2024.07.19,000005.SZ,0.2960176288764667
2024.07.19,600014.SH,0.0189568032860506
2024.07.19,600039.SH,0.055291961536008294
2024.07.19,000031.SZ,0.07798930913814246
2024.07.19,600041.SH,0.38216866252242665
2024.07.19,000041.SZ,0.09971241349200448
2024.07.19,600002.SH,0.2392925125080749
2024.07.19,600028.SH,0.018374017449430437
2024.07.19,600011.SH,0.013232973784645862
2024.07.19,600003.SH,0.0008578455375078071
2024.07.22,600014.SH,0.1409118935901534
2024.07.22,000010.SZ,0.05679091908115116
2024.07.22,600028.SH,0.053427647983743394
2024.07.22,000046.SZ,0.10646293850121842
2024.07.22,600015.SH,0.12608467997312564
2024.07.22,600016.SH,0.02586235038906401
2024.07.22,600001.SH,0.17424073253249353
2024.07.22,000045.SZ,0.004887475089653927
2024.07.22,600035.SH,0.26649036091821837
2024.07.22,000023.SZ,0.08415440165632923
2024.07.22,000020.SZ,0.03224056822083476
2024.07.22,600010.SH,0.027217556460980237
2024.07.22,000042.SZ,0.0145917405161831
2024.07.22,000008.SZ,0.06626835718574219
2024.07.22,600009.SH,0.014194074418858438
2024.07.22,000034.SZ,0.0040032591266928
2024.07.22,000011.SZ,0.03970977753798387
2024.07.22,000041.SZ,0.02800307312204771
2024.07.22,600000.SH,0.15815244899370054
2024.07.22,600043.SH,0.03637164834076262
2024.07.22,000025.SZ,0.06016301143743316
2024.07.22,000028.SZ,0.06642637907391928
2024.07.22,000037.SZ,0.1251705169495923
2024.07.22,600023.SH,0.12390863392811034
2024.07.22,000026.SZ,0.03946442065527709
2024.07.22,600045.SH,0.08609675441040497
2024.07.22,000044.SZ,0.1387675790488604
2024.07.22,000030.SZ,0.05192728723479732
2024.07.22,600026.SH,0.19898405087571405
2024.07.22,000021.SZ,0.018351629690296006
2024.07.22,000043.SZ,0.2530590734597896
2024.07.22,600005.SH,0.20262807143116637
2024.07.22,000015.SZ,0.008843491642446513
2024.07.22,600038.SH,0.14562731671354537
2024.07.22,600047.SH,0.024903700494673463
2024.07.22,600002.SH,0.020719665692562537
2024.07.22,000050.SZ,0.06597789661139568
2024.07.22,000017.SZ,0.1518126963068013
2024.07.22,000038.SZ,0.1868646039450995
2024.07.22,600031.SH,0.029177546529836663
2024.07.22,600039.SH,0.04385190553638872
2024.07.22,600041.SH,0.06512275262797833
2024.07.22,000036.SZ,0.025275003651341752
2024.07.22,600024.SH,0.43021721552269815
2024.07.22,000018.SZ,0.1584336424070352
2024.07.22,000033.SZ,0.28919662602375473
2024.07.22,000047.SZ,0.35295998951822455
2024.07.22,600029.SH,0.09688502576114405
2024.07.22,600020.SH,0.10708108166602186
2024.07.22,000027.SZ,0.07586276797765112
2024.07.22,000048.SZ,0.0416976538624086
2024.07.22,000014.SZ,0.22986687053994315
2024.07.22,600040.SH,0.0581944669010193
2024.07.22,600048.SH,0.033911706274541674
2024.07.22,000031.SZ,0.06608626647088828
2024.07.22,000006.SZ,0.15359863040820002
2024.07.22,600013.SH,0.11917631289479737
2024.07.22,600034.SH,0.110785545425374
2024.07.22,000009.SZ,0.08127500805612776
2024.07.22,600004.SH,0.04056742264767169
2024.07.22,600027.SH,0.07047306186554515
2024.07.22,600037.SH,0.04411996031107557
2024.07.22,600012.SH,0.0635714463801094
2024.07.22,600042.SH,0.10331812078532766
2024.07.22,600036.SH,0.07047946542660492
2024.07.22,000007.SZ,0.21301564464897368
2024.07.22,600049.SH,0.07446383461263684
2024.07.22,600030.SH,0.05521544505023216
2024.07.22,600003.SH,0.029429116708236634
2024.07.22,000049.SZ,0.0801833404581613
2024.07.22,000004.SZ,0.005441287370679967
2024.07.22,000024.SZ,0.1746677527530646
2024.07.22,000003.SZ,0.6870403150344606
2024.07.22,600018.SH,0.002568154207971398
2024.07.22,000039.SZ,0.1667523762087149
2024.07.22,600011.SH,0.06665416510095944
2024.07.22,000019.SZ,0.016649464375699176
2024.07.22,000013.SZ,0.2858928564338188
2024.07.22,600022.SH,0.021704831548431513
2024.07.22,600032.SH,0.4027892130004191
2024.07.22,600021.SH,0.18873123927381835
2024.07.22,600019.SH,0.001392660688570329
2024.07.22,000002.SZ,0.08177753788935203
2024.07.22,000001.SZ,0.14135506357416713
2024.07.22,000022.SZ,0.19698521670361913
2024.07.22,000032.SZ,0.5180080436856339
2024.07.22,600007.SH,0.19159352158898507
2024.07.22,000005.SZ,0.03796976014341579
2024.07.22,600017.SH,0.10086497704872026
2024.07.22,000040.SZ,0.3943438407448387
2024.07.22,600046.SH,0.03237429660199405
2024.07.22,600008.SH,0.2404021608836737
2024.07.22,000035.SZ,0.2764006514684794
2024.07.22,600006.SH,0.10723381668405624
2024.07.22,000016.SZ,0.11307722243283486
2024.07.22,000012.SZ,0.02837113756019094
2024.07.22,600044.SH,0.02218753016122171
2024.07.23,600040.SH,0.022252371453237878
2024.07.23,600007.SH,0.08257010277968067
2024.07.23,000034.SZ,0.030260779903467556
2024.07.23,600011.SH,0.1461628853598948
2024.07.23,600024.SH,0.4053132145350142
2024.07.23,600045.SH,0.13734446384873036
2024.07.23,600030.SH,0.3651350466853557
2024.07.23,600002.SH,0.00026006446338293576
2024.07.23,600014.SH,0.062200709880676795
2024.07.23,000015.SZ,0.4188036329451259
2024.07.23,600032.SH,0.14792986431396857
2024.07.23,000009.SZ,0.00978884245194368
2024.07.23,000013.SZ,0.06762802193962586
2024.07.23,600048.SH,0.1829200723391373
2024.07.23,000020.SZ,0.0019854672826631944
2024.07.23,000011.SZ,0.1664086734336682
2024.07.23,600000.SH,0.04358437185230863
2024.07.23,000035.SZ,0.16007776710845806
2024.07.23,600017.SH,0.29885356560835824
2024.07.23,600009.SH,0.08359037023046693
2024.07.23,600025.SH,0.012113602202908951
2024.07.23,600008.SH,0.09272930093626723
2024.07.23,600022.SH,0.030178908330658956
2024.07.23,600010.SH,0.09661373590371722
2024.07.23,000044.SZ,0.016333124660329622
2024.07.23,000022.SZ,0.022995510669010275
2024.07.23,000050.SZ,0.09409024054040224
2024.07.23,000046.SZ,0.01971928187980065
2024.07.23,000031.SZ,0.11023326457968809
2024.07.23,600012.SH,0.5037139825719018
2024.07.23,000004.SZ,0.06098861111079134
2024.07.23,000043.SZ,0.1748746012016876
2024.07.23,000033.SZ,0.037139251775533476
2024.07.23,000001.SZ,0.16522613592386654
2024.07.23,000049.SZ,0.17027456306148572
2024.07.23,600049.SH,0.3745509651081841
2024.07.23,600023.SH,0.20538326363369527
2024.07.23,000038.SZ,0.1651064729896038
2024.07.23,600031.SH,0.07546964504448847
2024.07.23,000048.SZ,0.018811538619552117
2024.07.23,600047.SH,0.21071916655238376
2024.07.23,600038.SH,0.2961067307660396
2024.07.23,600042.SH,0.04560164910528519
2024.07.23,000006.SZ,0.007768464987680924
2024.07.23,600036.SH,0.06341239550931875
2024.07.23,600021.SH,0.4372019803918831
2024.07.23,000025.SZ,0.1879805673139737
2024.07.23,000003.SZ,0.13704464399733704
2024.07.23,000024.SZ,0.015789394470721738
2024.07.23,000002.SZ,0.1957351886263271
2024.07.23,000029.SZ,0.16802833229480746
2024.07.23,600034.SH,0.1966331223414921
2024.07.23,000016.SZ,0.1667326757957348
2024.07.23,000040.SZ,0.13393685522054688
2024.07.23,000037.SZ,0.07512171010062924
2024.07.23,600037.SH,0.08589300971069888
2024.07.23,000019.SZ,0.0006687815333118446
2024.07.23,000041.SZ,0.041242255765158865
2024.07.23,600039.SH,0.11964984590804717
2024.07.23,000017.SZ,0.00010087068633868496
2024.07.23,600016.SH,0.3093829841373782
2024.07.23,600020.SH,0.18041384767659568
2024.07.23,600015.SH,0.021155985152138422
2024.07.23,600018.SH,0.07541803258220982
2024.07.23,600001.SH,0.07871148095392765
2024.07.23,000030.SZ,0.006844570023505172
2024.07.23,600004.SH,0.0196816831786863
2024.07.23,600035.SH,0.06321392865716785
2024.07.23,000023.SZ,0.04070967780109525
2024.07.23,000008.SZ,0.09108618559758738
2024.07.23,000018.SZ,0.17447624961609579
2024.07.23,000007.SZ,0.3448082668778808
2024.07.23,600019.SH,0.003534379360674453
2024.07.23,600005.SH,0.06768408213409215
2024.07.23,000028.SZ,0.03704469448521213
2024.07.23,600027.SH,0.3461036153601399
2024.07.23,000014.SZ,0.04513700057490628
2024.07.23,600041.SH,0.5594920721103134
2024.07.23,000021.SZ,0.10000750355468767
2024.07.23,000005.SZ,0.17334964034748343
2024.07.23,600003.SH,0.22935116317870613
2024.07.23,000027.SZ,0.12622296955823734
2024.07.23,000010.SZ,0.18063317648972144
2024.07.23,600029.SH,0.0978445139121663
2024.07.23,600046.SH,0.04423934263529568
2024.07.23,600028.SH,0.14016728524319225
2024.07.23,600043.SH,0.29564762137849754
2024.07.23,000047.SZ,0.17791449943807874
2024.07.23,000032.SZ,0.030191383866315105
2024.07.23,000042.SZ,0.22050293977499513
2024.07.23,600006.SH,0.030944163512944312
2024.07.23,600044.SH,0.05600984051208108
2024.07.23,000012.SZ,0.007617115967553963
2024.07.23,000026.SZ,0.1164393716333065
2024.07.23,000045.SZ,0.09109445529857475
2024.07.23,600026.SH,0.30384761327170823
2024.07.23,000039.SZ,0.10082380188753588
2024.07.23,600013.SH,0.05437996782406374
2024.07.24,000001.SZ,0.29278221654711617
2024.07.24,600028.SH,0.30223759958732366
2024.07.24,600004.SH,0.017718733707382743
2024.07.24,600022.SH,0.007548568085013616
2024.07.24,600014.SH,0.014251039662708598
2024.07.24,600016.SH,0.220858512060702
2024.07.24,000008.SZ,0.13712025984511408
2024.07.24,600034.SH,0.4185728906335657
2024.07.24,000005.SZ,0.18951550864261177
2024.07.24,000002.SZ,0.02949417573115242
2024.07.24,000042.SZ,0.028795173956355044
2024.07.24,600035.SH,0.20363819044932138
2024.07.24,000033.SZ,0.1350024307323354
2024.07.24,000045.SZ,0.22438338500581062
2024.07.24,600038.SH,0.033150691979553365
2024.07.24,600003.SH,0.017885792301211862
2024.07.24,600007.SH,0.19237633638238036
2024.07.24,600010.SH,0.017426501719961362
2024.07.24,600036.SH,0.18450599131452866
2024.07.24,000020.SZ,0.03464874035721767
2024.07.24,000039.SZ,0.005680545567599936
2024.07.24,000014.SZ,0.010064872909614404
2024.07.24,600043.SH,0.1586398610005441
2024.07.24,600031.SH,0.02854331915577983
2024.07.24,000016.SZ,0.03071530682794007
2024.07.24,000013.SZ,0.036060521720196435
2024.07.24,000032.SZ,0.06842698355848803
2024.07.24,000007.SZ,0.06049103372478473
2024.07.24,600023.SH,0.4301061095222921
2024.07.24,000023.SZ,0.037228543526231304
2024.07.24,000027.SZ,0.23760776225647315
2024.07.24,600029.SH,0.3648625857994357
2024.07.24,000004.SZ,0.02964062491706729
2024.07.24,000028.SZ,0.02422760015155973
2024.07.24,600040.SH,0.2521907428737532
2024.07.24,600032.SH,0.03703521491196136
2024.07.24,000046.SZ,0.09200870713493506
2024.07.24,600025.SH,0.014595629864013936
2024.07.24,600049.SH,0.12471919882864224
2024.07.24,600001.SH,0.05185446690387361
2024.07.24,000035.SZ,0.35450981608718246
2024.07.24,000025.SZ,0.08908353578959781
2024.07.24,000017.SZ,0.0013792298604424307
2024.07.24,600013.SH,0.09192816373929309
2024.07.24,000049.SZ,0.07435226873633827
2024.07.24,000043.SZ,0.036713489746376664
2024.07.24,600041.SH,0.04599457179234914
2024.07.24,000026.SZ,0.26230128576518574
2024.07.24,600012.SH,0.16431755096472547
2024.07.24,000009.SZ,0.12253228695943835
2024.07.24,600033.SH,0.06362717725811892
2024.07.24,000021.SZ,0.025723663330043466
2024.07.24,600000.SH,0.2052041461006135
2024.07.24,000048.SZ,0.07360223763856634
2024.07.24,000047.SZ,0.005814665128922852
2024.07.24,600024.SH,0.01660966869345572
2024.07.24,600026.SH,0.04302703167761771
2024.07.24,000041.SZ,0.021571905874296853
2024.07.24,600045.SH,0.05422084937165764
2024.07.24,000031.SZ,0.07745700313301336
2024.07.24,600020.SH,0.10142776597398002
2024.07.24,600027.SH,0.008766840703723276
2024.07.24,000034.SZ,0.02282096504803495
2024.07.24,600046.SH,0.025588744450314782
2024.07.24,000037.SZ,0.4421764069482599
2024.07.24,000015.SZ,0.13075972835902885
2024.07.24,600047.SH,0.22623028621696287
2024.07.24,000036.SZ,0.11197745316608876
2024.07.24,000038.SZ,0.06523479677092503
2024.07.24,600048.SH,0.025673890953573978
2024.07.24,600005.SH,0.1321755334966406
2024.07.24,600018.SH,0.3262001650342792
2024.07.24,000050.SZ,0.016575463686943865
2024.07.24,600011.SH,0.4799988292115219
2024.07.24,000022.SZ,0.4010863906185076
2024.07.24,600017.SH,0.09924178097050941
2024.07.24,600019.SH,0.11566688181971173
2024.07.24,000012.SZ,0.0058889192363415135
2024.07.24,600039.SH,0.05181221560283742
2024.07.24,000029.SZ,0.033325365308835425
2024.07.24,600042.SH,0.3092583146279243
2024.07.24,600044.SH,0.2770971489470089
2024.07.24,000010.SZ,0.026835075064775
2024.07.24,600002.SH,0.01535370807640999
2024.07.24,000011.SZ,0.15186770518615667
2024.07.24,000030.SZ,0.03548191163038798
2024.07.24,600015.SH,0.018526986057853308
2024.07.24,000044.SZ,0.05023401609518525
2024.07.24,000003.SZ,0.07895131424517865
2024.07.24,000019.SZ,0.04749631153861648
2024.07.24,000024.SZ,0.00385453628581402
2024.07.24,600037.SH,0.0793629542425522
2024.07.24,000040.SZ,0.09813620480378926
2024.07.24,000006.SZ,0.061613875929377136
2024.07.24,600008.SH,0.06654483191072437
2024.07.24,000018.SZ,0.11340912998948866
2024.07.24,600006.SH,0.27257387353272255
2024.07.24,600009.SH,0.10367233427322656
2024.07.25,600013.SH,0.22677653609595555
2024.07.25,600000.SH,0.031951372764970884
2024.07.25,000048.SZ,0.23979713547141113
2024.07.25,000038.SZ,0.18201313922709267
2024.07.25,000025.SZ,0.07140410738744642
2024.07.25,000009.SZ,0.131008836972438
2024.07.25,600002.SH,0.012786418690604451
2024.07.25,000029.SZ,0.16370984815420325
2024.07.25,000001.SZ,0.01652959575363309
2024.07.25,600022.SH,0.20929168259268943
2024.07.25,600003.SH,0.046082347993384315
2024.07.25,600006.SH,0.006924037655835646
2024.07.25,000003.SZ,0.013939695120756363
2024.07.25,600030.SH,0.003014201375971608
2024.07.25,000039.SZ,0.03098952665058182
2024.07.25,000043.SZ,0.05765741896856211
2024.07.25,000042.SZ,0.0073691517861312235
2024.07.25,600047.SH,0.3008138992148668
2024.07.25,000014.SZ,0.017760126436030754
2024.07.25,600028.SH,0.044944684182791836
2024.07.25,000044.SZ,0.19282427558625848
2024.07.25,000002.SZ,0.2700954877323598
2024.07.25,600014.SH,0.006665993163944313
2024.07.25,600043.SH,0.06328082445039428
2024.07.25,000017.SZ,0.2009096302579327
2024.07.25,000018.SZ,0.37450063756882085
2024.07.25,600008.SH,0.08031967722811419
2024.07.25,600021.SH,0.14093649287215
2024.07.25,000019.SZ,0.016016964865813742
2024.07.25,000022.SZ,0.07896293502336645
2024.07.25,600012.SH,0.07677525579820522
2024.07.25,600004.SH,0.3555907535020525
2024.07.25,000027.SZ,0.06794349678251477
2024.07.25,600018.SH,0.050247182349847576
2024.07.25,600034.SH,0.14927767249004958
2024.07.25,600039.SH,0.14174458399002152
2024.07.25,000012.SZ,0.22179187853582355
2024.07.25,000013.SZ,0.14095785874915334
2024.07.25,600015.SH,0.49989476113424186
2024.07.25,000005.SZ,0.03606942310379198
2024.07.25,000010.SZ,0.05971494662089448
2024.07.25,600049.SH,0.26731142226392346
2024.07.25,000037.SZ,0.021060106009531475
2024.07.25,000035.SZ,0.005397217204663001
2024.07.25,000030.SZ,0.18085988394977678
2024.07.25,600010.SH,0.23833516876341712
2024.07.25,000036.SZ,0.046374186113749334
2024.07.25,000045.SZ,0.1302253241947873
2024.07.25,600035.SH,0.033184985333953275
2024.07.25,600011.SH,0.002901660284178229
2024.07.25,000024.SZ,0.3461310040794299
2024.07.25,000020.SZ,0.29171416417494295
2024.07.25,600046.SH,0.09622654616232117
2024.07.25,600019.SH,0.05005046914610906
2024.07.25,600020.SH,0.0005232097095340642
2024.07.25,600036.SH,0.3031047247028568
2024.07.25,000023.SZ,0.08959391102796209
2024.07.25,600023.SH,0.05312676800013647
2024.07.25,600005.SH,0.23578987903206056
2024.07.25,600031.SH,0.05481678888355488
2024.07.25,000046.SZ,0.055532860116255224
2024.07.25,600045.SH,0.21177703977147927
2024.07.25,600007.SH,0.25393785617964965
2024.07.25,600025.SH,0.10188409479616825
2024.07.25,000026.SZ,0.09262573119197268
2024.07.25,000021.SZ,0.05511559576369183
2024.07.25,600027.SH,0.2389762398534772
2024.07.25,600033.SH,0.021552972776409843
2024.07.25,000011.SZ,0.1440821737078096
2024.07.25,600026.SH,0.004107091501469492
2024.07.25,000049.SZ,0.11742088585533958
2024.07.25,600041.SH,0.22257538205856847
2024.07.25,000040.SZ,0.019417740508897077
2024.07.25,000006.SZ,0.08558973141085797
2024.07.25,000016.SZ,0.06353278904279044
2024.07.25,000034.SZ,0.18394645142259983
2024.07.25,600029.SH,0.14703591711139286
2024.07.25,000033.SZ,0.015054470185604395
2024.07.25,000041.SZ,0.04386191858688392
2024.07.25,000050.SZ,0.031594523678226114
2024.07.25,600040.SH,0.007855735201766698
2024.07.25,600016.SH,0.3803470292328011
2024.07.25,600032.SH,0.006171843683267334
2024.07.25,600044.SH,0.3723514200937567
2024.07.25,000008.SZ,0.15609660002533635
2024.07.25,000031.SZ,0.14410287251072118
2024.07.25,000004.SZ,0.06289285990598881
2024.07.25,000007.SZ,0.32183625279546946
2024.07.25,600017.SH,0.08939409230608213
2024.07.25,600024.SH,0.11886146926963792
2024.07.25,600037.SH,0.11550086174764349
2024.07.25,000028.SZ,0.12396549825632334
2024.07.25,600042.SH,0.08491691326765805
2024.07.25,600001.SH,0.15982770035288962
2024.07.25,000047.SZ,0.3246647421735055
2024.07.25,600038.SH,0.003422365806679143
2024.07.25,000032.SZ,0.08114287508159689
2024.07.25,600048.SH,0.22209987443909981
2024.07.26,000046.SZ,0.07074948843059797
2024.07.26,600017.SH,0.006868244787204386
2024.07.26,000021.SZ,0.4725294517115026
2024.07.26,600033.SH,0.03730277240984853
2024.07.26,600045.SH,0.20585213215840653
2024.07.26,000033.SZ,0.13881472585488172
2024.07.26,600022.SH,0.1671137057785375
2024.07.26,000029.SZ,0.052469271863534866
2024.07.26,600020.SH,0.05698706459400068
2024.07.26,600007.SH,0.0357931953945305
2024.07.26,000026.SZ,0.04513937053636281
2024.07.26,000034.SZ,0.13135753982360762
2024.07.26,600000.SH,0.05860310165985446
2024.07.26,600044.SH,0.017098469609126827
2024.07.26,000023.SZ,0.037148477267962283
2024.07.26,000011.SZ,0.06425198360579996
2024.07.26,600002.SH,0.0453834995599307
2024.07.26,600030.SH,0.00041181881669371146
2024.07.26,000045.SZ,0.007653422510585881
2024.07.26,600014.SH,0.03207068320550908
2024.07.26,000018.SZ,0.1035277816908419
2024.07.26,600036.SH,0.1004460376585648
2024.07.26,600046.SH,0.026742136218830568
2024.07.26,000013.SZ,0.06225411854113443
2024.07.26,600001.SH,0.0933686961306085
2024.07.26,000027.SZ,0.6954631013669319
2024.07.26,000012.SZ,0.02443416466266374
2024.07.26,000002.SZ,0.03169572916052197
2024.07.26,600015.SH,0.09295087213907634
2024.07.26,600004.SH,0.0545485728962565
2024.07.26,000022.SZ,0.014768145481611102
2024.07.26,600019.SH,0.14131638490359433
2024.07.26,000049.SZ,0.11622215467909587
2024.07.26,000016.SZ,0.16237107708726503
2024.07.26,000017.SZ,0.0006104159940263832
2024.07.26,000008.SZ,0.6664157510370089
2024.07.26,600018.SH,0.02075419816585069
2024.07.26,600003.SH,0.13370623190655131
2024.07.26,600042.SH,0.12155476587548589
2024.07.26,000041.SZ,0.04343687547575505
2024.07.26,000036.SZ,0.09025980348533003
2024.07.26,000037.SZ,0.0029297388683022937
2024.07.26,600029.SH,0.05032506869119422
2024.07.26,600013.SH,0.5119000660198686
2024.07.26,000031.SZ,0.09482605214614849
2024.07.26,600031.SH,0.06821067452020255
2024.07.26,600028.SH,0.1252810542926468
2024.07.26,600049.SH,0.00355731375565248
2024.07.26,600008.SH,0.13076657098432604
2024.07.26,000030.SZ,0.0229906912903283
2024.07.26,000028.SZ,0.13415503768362477
2024.07.26,000006.SZ,0.2839195269616626
2024.07.26,600021.SH,0.015325368130408936
2024.07.26,000032.SZ,0.033877766502837726
2024.07.26,600038.SH,0.06843006661227143
2024.07.26,600023.SH,0.1241744790817464
2024.07.26,000040.SZ,0.0004579794490589854
2024.07.26,600005.SH,0.19404258951379813
2024.07.26,000025.SZ,0.26469159014084415
2024.07.26,600034.SH,0.11158487413656755
2024.07.26,600025.SH,0.36919970880661585
2024.07.26,600026.SH,0.05400896514400491
2024.07.26,000010.SZ,0.06843586387771028
2024.07.26,000007.SZ,0.08545655959101323
2024.07.26,000050.SZ,0.18698684566485743
2024.07.26,600047.SH,0.25112551918330134
2024.07.26,000043.SZ,0.052699685015466416
2024.07.26,600011.SH,0.0873358721443899
2024.07.26,600006.SH,0.09710358771480207
2024.07.26,000005.SZ,0.15177564516377906
2024.07.26,000042.SZ,0.06140670203136649
2024.07.26,600040.SH,0.003926628449795467
2024.07.26,600048.SH,0.14775356288576866
2024.07.26,000047.SZ,0.20524879965107598
2024.07.26,600035.SH,0.006499656210037769
2024.07.26,600024.SH,0.019022195170579192
2024.07.26,000024.SZ,0.4917243367516256
2024.07.26,000020.SZ,0.0934376854549813
2024.07.26,000001.SZ,0.09208704111603869
2024.07.26,000009.SZ,0.1380326501458766
2024.07.26,600012.SH,0.005256671297629239
2024.07.26,000035.SZ,0.08861745830123466
2024.07.26,600009.SH,0.04447067426153138
2024.07.26,000048.SZ,0.1209240029730489
2024.07.26,600041.SH,0.04461150630374443
2024.07.26,000038.SZ,0.052752317903801985
2024.07.26,600037.SH,0.46766908555481906
2024.07.26,600027.SH,0.18172751691542846
2024.07.26,000039.SZ,0.1615419198938911
2024.07.26,000015.SZ,0.019770323900156733
2024.07.26,600039.SH,0.01171625776643218
2024.07.26,000044.SZ,0.014563206824222893
2024.07.26,000003.SZ,0.087673018118166
2024.07.26,600032.SH,0.02733192316082661
2024.07.26,000019.SZ,0.1470634938407197
2024.07.26,600016.SH,0.11116093559702574
2024.07.26,600010.SH,0.011772584407280212
2024.07.26,600043.SH,0.22932454225112114
2024.07.29,000015.SZ,0.2799246995115783
2024.07.29,000024.SZ,0.16777852599933143
2024.07.29,000049.SZ,0.4022288322529563
2024.07.29,600026.SH,0.6504176595865797
2024.07.29,000006.SZ,0.16360896403832154
2024.07.29,000034.SZ,0.08155806754899547
2024.07.29,000037.SZ,0.08276472606033326
2024.07.29,600019.SH,0.0033486084362579108
2024.07.29,600002.SH,0.08283656545028287
2024.07.29,600048.SH,0.06918513349161724
2024.07.29,000033.SZ,0.04507454177249008
2024.07.29,600000.SH,0.03494620485962562
2024.07.29,600043.SH,0.027361680241547105
2024.07.29,600016.SH,0.11788793134248311
2024.07.29,000003.SZ,0.11396617636869923
2024.07.29,000032.SZ,0.037049824222677656
2024.07.29,000023.SZ,0.25369980843293627
2024.07.29,000026.SZ,0.09501639828277349
2024.07.29,000030.SZ,0.1901932359239028
2024.07.29,600017.SH,0.0027244037366255746
2024.07.29,000016.SZ,0.1035697419879337
2024.07.29,000022.SZ,0.02623061901441182
2024.07.29,000011.SZ,0.04909766957595615
2024.07.29,600009.SH,0.03718815211056262
2024.07.29,000038.SZ,0.27029440845869207
2024.07.29,600041.SH,0.06365429563448353
2024.07.29,000048.SZ,0.02369041425515679
2024.07.29,600011.SH,0.06843898325206198
2024.07.29,600037.SH,0.03304916176602091
2024.07.29,000045.SZ,0.01675550641423289
2024.07.29,000039.SZ,0.09087079154901763
2024.07.29,000001.SZ,0.04985694915874783
2024.07.29,000046.SZ,0.10682150487925131
2024.07.29,000050.SZ,0.0018063196958952314
2024.07.29,600029.SH,0.010694970431713314
2024.07.29,000017.SZ,0.13322456648322759
2024.07.29,600022.SH,0.16537059044690894
2024.07.29,600040.SH,0.03097697654738378
2024.07.29,000042.SZ,0.04473565364065302
2024.07.29,000035.SZ,0.3227096228896516
2024.07.29,000021.SZ,0.06615614491427002
2024.07.29,600014.SH,0.2013440407662269
2024.07.29,000047.SZ,0.03663111419208868
2024.07.29,000036.SZ,0.17681088546641627
2024.07.29,600038.SH,0.06323521968610811
2024.07.29,600018.SH,0.030371677453690422
2024.07.29,600046.SH,0.03065435102669348
2024.07.29,000009.SZ,0.517379405577897
2024.07.29,600020.SH,0.02725882879834925
2024.07.29,600031.SH,0.10922620446656002
2024.07.29,600039.SH,0.5285098337823674
2024.07.29,600013.SH,0.17027376607180034
2024.07.29,600008.SH,0.19088674774326223
2024.07.29,000031.SZ,0.007267144189341484
2024.07.29,600007.SH,0.10841627351241218
2024.07.29,000002.SZ,0.14777282237606287
2024.07.29,600034.SH,0.10421257723470573
2024.07.29,600025.SH,0.02123496504569352
2024.07.29,000029.SZ,0.08351401448742272
2024.07.29,000010.SZ,0.030493515626375554
2024.07.29,000007.SZ,0.07098914383703588
2024.07.29,600045.SH,0.0799421882493881
2024.07.29,000025.SZ,0.0024660535655418175
2024.07.29,000040.SZ,0.03399425690153007
2024.07.29,000013.SZ,0.5097097243872356
2024.07.29,000043.SZ,0.023595317393555238
2024.07.29,600047.SH,0.03128724137200159
2024.07.29,000005.SZ,0.07231077036152923
2024.07.29,000027.SZ,0.09119973056757932
2024.07.29,600028.SH,0.09539723615342827
2024.07.29,600006.SH,0.004103183657895214
2024.07.29,000012.SZ,0.2375405193910837
2024.07.29,600042.SH,0.0006876062593659548
2024.07.29,600027.SH,0.1264545578141276
2024.07.29,000008.SZ,0.08053758493865709
2024.07.29,600001.SH,0.026144136648626515
2024.07.29,000019.SZ,0.04197320440475277
2024.07.29,600005.SH,0.06298545145528446
2024.07.29,000020.SZ,0.0026228331145593128
2024.07.29,600021.SH,0.011205049841808916
2024.07.29,600036.SH,0.05223860119325038
2024.07.29,600033.SH,0.6593666094201462
2024.07.29,000014.SZ,0.043613459881058685
2024.07.29,600012.SH,0.05379204960426696
2024.07.29,600030.SH,0.04244144225579097
2024.07.29,600004.SH,0.07310934250271162
2024.07.29,600044.SH,0.12527624789234917
2024.07.29,000028.SZ,0.004004405207965023
2024.07.29,600003.SH,0.011836821471849102
2024.07.29,600023.SH,0.14086585406428678
2024.07.29,000004.SZ,0.01405804790724249
2024.07.29,600024.SH,0.0760873228885917
2024.07.29,000041.SZ,0.12423223248232726
2024.07.29,600032.SH,0.036199235055265955
2024.07.29,600010.SH,0.09535251542171926
2024.07.29,600035.SH,0.09138830041680522
2024.07.29,600015.SH,0.09846448897137909
2024.07.30,000007.SZ,0.04170752466418
2024.07.30,600044.SH,0.38931605916378487
2024.07.30,600010.SH,0.0617828005932666
2024.07.30,600043.SH,0.02023990426013718
2024.07.30,000026.SZ,0.05832615785472931
2024.07.30,600004.SH,0.0020411613882876413
2024.07.30,600019.SH,0.017095611143232426
2024.07.30,600029.SH,0.08079066007027462
2024.07.30,000042.SZ,0.08779703322946991
2024.07.30,000011.SZ,0.0044113819432403415
2024.07.30,600018.SH,0.18114153910235473
2024.07.30,000032.SZ,0.0589202125156678
2024.07.30,000028.SZ,0.15333557466575837
2024.07.30,600024.SH,0.3366649092981901
2024.07.30,600007.SH,0.049947506180532134
2024.07.30,600014.SH,0.4738892345234645
2024.07.30,600033.SH,0.0686953179665401
2024.07.30,600011.SH,0.14706160383553787
2024.07.30,000047.SZ,0.05233108814959995
2024.07.30,000040.SZ,0.029259018345934657
2024.07.30,000044.SZ,0.18432819999175182
2024.07.30,000012.SZ,0.3320293220242602
2024.07.30,600040.SH,0.6176915844193095
2024.07.30,000015.SZ,0.014536483674577338
2024.07.30,000039.SZ,0.0429666816424649
2024.07.30,600045.SH,0.047806219138613895
2024.07.30,000034.SZ,0.13812384125016353
2024.07.30,600027.SH,0.14876744292424765
2024.07.30,000009.SZ,0.2820158776679037
2024.07.30,600003.SH,0.1473892311289349
2024.07.30,600002.SH,0.021719246228986536
2024.07.30,600021.SH,0.150603062124812
2024.07.30,600001.SH,0.17061275029900075
2024.07.30,600042.SH,0.003411417684832338
2024.07.30,600009.SH,0.13460324536308998
2024.07.30,600025.SH,0.06016040699472969
2024.07.30,000037.SZ,0.18830710955376279
2024.07.30,600008.SH,0.008666409302034047
2024.07.30,000038.SZ,0.11883359960055695
2024.07.30,600006.SH,0.09303688625258505
2024.07.30,000043.SZ,0.014142693876083048
2024.07.30,600039.SH,0.0260990982830324
2024.07.30,600016.SH,0.03734030869761499
2024.07.30,600031.SH,0.03525282672353591
2024.07.30,600038.SH,0.0718429519210341
2024.07.30,000025.SZ,0.03296355248536739
2024.07.30,000050.SZ,0.10404258080724167
2024.07.30,000013.SZ,0.0638801364928367
2024.07.30,600015.SH,0.02219604489728982
2024.07.30,600049.SH,0.15446766704141962
2024.07.30,600013.SH,0.1562719605827479
2024.07.30,600035.SH,0.009042350662340753
2024.07.30,600005.SH,0.18186540807163257
2024.07.30,000049.SZ,0.10778032205197248
2024.07.30,000003.SZ,0.014972381762331018
2024.07.30,600012.SH,0.1894728537641027
2024.07.30,600046.SH,0.2749205763720482
2024.07.30,600032.SH,0.03042734277093423
2024.07.30,600020.SH,0.023625257815281585
2024.07.30,000001.SZ,0.010841594559118803
2024.07.30,600030.SH,0.15514240334068746
2024.07.30,600034.SH,0.411365186694233
2024.07.30,000016.SZ,0.11401333871705217
2024.07.30,000045.SZ,0.03013418467855338
2024.07.30,000010.SZ,0.006006487009869631
2024.07.30,000017.SZ,0.03387198668575126
2024.07.30,000008.SZ,0.13635820267766505
2024.07.30,000046.SZ,0.03390032059691782
2024.07.30,000029.SZ,0.0361619648523448
2024.07.30,000036.SZ,0.2024063256842992
2024.07.30,000006.SZ,0.15669873195361197
2024.07.30,000022.SZ,0.09295289898609654
2024.07.30,600036.SH,0.049792765299774375
2024.07.30,600022.SH,0.23938059446432275
2024.07.30,600000.SH,0.04275576067552552
2024.07.30,600026.SH,0.382699235142894
2024.07.30,600037.SH,0.08804885235883522
2024.07.30,000023.SZ,0.2868024641508839
2024.07.30,000019.SZ,0.11777843262605876
2024.07.30,600041.SH,0.028272159374830845
2024.07.30,000031.SZ,0.122897185215683
2024.07.30,000027.SZ,0.008637244056078566
2024.07.30,600017.SH,0.07464637073944436
2024.07.30,000020.SZ,0.4827598379712308
2024.07.30,000024.SZ,0.24083177261423463
2024.07.30,000005.SZ,0.017543137499340233
2024.07.30,000033.SZ,0.3861924987970993
2024.07.30,600048.SH,0.04313095634674819
2024.07.30,000004.SZ,0.5833674502499016
2024.07.30,000002.SZ,0.17922403492623973
2024.07.30,000035.SZ,0.020343126821834485
2024.07.30,000021.SZ,0.07825715858682189
2024.07.30,600028.SH,0.11552927824615652
2024.07.30,000041.SZ,0.21308116646662123
2024.07.30,600047.SH,0.05293888494585827
2024.07.30,000014.SZ,0.01972175906076499
2024.07.31,000005.SZ,0.07421179477383384
2024.07.31,000030.SZ,0.19448847762383595
2024.07.31,000020.SZ,0.029187478511065998
2024.07.31,600002.SH,0.18060155757561133
2024.07.31,600013.SH,0.3590734968799319
2024.07.31,000028.SZ,0.5498543192089059
2024.07.31,600037.SH,0.13185741120782518
2024.07.31,000021.SZ,0.030038512803788536
2024.07.31,600017.SH,0.0477118043738038
2024.07.31,600038.SH,0.4795109624958458
2024.07.31,600045.SH,0.16305857112501243
2024.07.31,000015.SZ,0.0439517775639046
2024.07.31,600036.SH,0.005368879650014378
2024.07.31,000035.SZ,0.03615989119420481
2024.07.31,000046.SZ,0.01471547836881323
2024.07.31,000018.SZ,0.03672502862322013
2024.07.31,600046.SH,0.5185883411972313
2024.07.31,000017.SZ,0.09652057297031419
2024.07.31,000039.SZ,0.02117209934864899
2024.07.31,000043.SZ,0.23449980610867718
2024.07.31,000041.SZ,0.02805455999786393
2024.07.31,600012.SH,0.21405096541226362
2024.07.31,000045.SZ,0.39953952400965437
2024.07.31,000022.SZ,0.06780953105985044
2024.07.31,600027.SH,9.089231874947718e-05
2024.07.31,600025.SH,0.021307164270494932
2024.07.31,000040.SZ,0.048796112862669584
2024.07.31,600040.SH,0.6410067842039735
2024.07.31,000008.SZ,0.011340491413672894
2024.07.31,000011.SZ,0.03918206053071125
2024.07.31,600006.SH,0.006917608748141178
2024.07.31,600031.SH,0.0393846518165017
2024.07.31,600004.SH,0.00011228329018826869
2024.07.31,600022.SH,0.013533862382119692
2024.07.31,600035.SH,0.18769963312565777
2024.07.31,000013.SZ,0.14550070828172293
2024.07.31,600039.SH,0.06986504139543251
2024.07.31,000036.SZ,0.03775490053046486
2024.07.31,000023.SZ,0.03042995678128458
2024.07.31,600043.SH,0.061226486168682454
2024.07.31,000006.SZ,0.013030560560380924
2024.07.31,600048.SH,0.013787980864966042
2024.07.31,000050.SZ,0.14383001979299131
2024.07.31,000042.SZ,0.05069898344785595
2024.07.31,600032.SH,0.13712000423891846
2024.07.31,000014.SZ,0.20240013792575795
2024.07.31,600029.SH,0.03940152263929163
2024.07.31,600041.SH,0.05358710008402741
2024.07.31,600008.SH,0.05198818780881143
2024.07.31,600026.SH,0.19550196812213494
2024.07.31,000019.SZ,0.022379886911916443
2024.07.31,000026.SZ,0.14100829181719135
2024.07.31,600016.SH,0.04596106587476725
2024.07.31,600015.SH,0.04937416360897255
2024.07.31,000001.SZ,0.08131710768138223
2024.07.31,000034.SZ,0.0730538692349393
2024.07.31,600003.SH,0.06340135102208795
2024.07.31,000002.SZ,0.06282723811472127
2024.07.31,000010.SZ,0.24057050474507347
2024.07.31,600007.SH,0.05303143455298271
2024.07.31,000025.SZ,0.19645837202768843
2024.07.31,600011.SH,0.00941600144914906
2024.07.31,000038.SZ,0.2853497382120204
2024.07.31,600024.SH,0.023446736345523373
2024.07.31,000044.SZ,0.20223477201008563
2024.07.31,000027.SZ,0.25244612243814035
2024.07.31,600034.SH,0.13436182314726794
2024.07.31,000048.SZ,0.24370594360085648
2024.07.31,000012.SZ,0.04403589472133714
2024.07.31,000007.SZ,0.021231063272226975
2024.07.31,000049.SZ,0.27067524004591487
2024.07.31,600000.SH,0.16395114228413707
2024.07.31,600010.SH,0.2100668397512399
2024.07.31,600009.SH,0.16635310907338166
2024.07.31,000033.SZ,0.02977780352119714
2024.07.31,000032.SZ,0.10441337056309678
2024.07.31,000003.SZ,0.18927625895681038
2024.07.31,000024.SZ,0.24402474224318224
2024.07.31,600019.SH,0.0742354094150905
2024.07.31,600014.SH,0.020057229055327537
2024.07.31,600005.SH,0.10228032444319973
2024.07.31,000016.SZ,0.06900816289298031
2024.07.31,600023.SH,0.08498582200136401
2024.07.31,000004.SZ,0.13950129990189306
2024.07.31,600044.SH,0.07901605367293872
2024.07.31,600033.SH,0.0638437390829856
2024.07.31,600018.SH,0.04234029153356094
2024.07.31,600049.SH,0.011090381776242757
2024.07.31,000029.SZ,0.15540476596518202
2024.07.31,600047.SH,0.18211209797579128
2024.07.31,600030.SH,0.10698742498295188
2024.07.31,000037.SZ,0.07070106817957869
2024.07.31,600001.SH,0.023085177834605154
2024.07.31,000031.SZ,0.006316262135834463
2024.07.31,600042.SH,0.018879019696140274
2024.07.31,000047.SZ,0.07882743533652135
2024.08.01,000022.SZ,0.22042803282675022
2024.08.01,600019.SH,0.4591611927160326
2024.08.01,600001.SH,0.037793921036902996
2024.08.01,000003.SZ,0.18358880954486084
2024.08.01,600029.SH,0.09881062178399305
2024.08.01,600017.SH,0.38712208197169373
2024.08.01,600039.SH,0.26565151169079165
2024.08.01,600022.SH,0.15006609725220027
2024.08.01,000014.SZ,0.02747403758943026
2024.08.01,600045.SH,0.0573815710629792
2024.08.01,000013.SZ,0.09936785372244543
2024.08.01,000049.SZ,0.013605186718296112
2024.08.01,600047.SH,0.0416302673903846
2024.08.01,600036.SH,0.041408043881382604
2024.08.01,000035.SZ,0.1518511864031479
2024.08.01,000050.SZ,0.17913125674507727
2024.08.01,000043.SZ,0.17743491557544844
2024.08.01,000001.SZ,0.002496652757632812
2024.08.01,600031.SH,0.6152178120098406
2024.08.01,000041.SZ,0.18743275039577814
2024.08.01,000020.SZ,0.09486862007473407
2024.08.01,000026.SZ,0.1378322643767473
2024.08.01,600015.SH,0.005198725543667097
2024.08.01,600025.SH,0.0955925782401891
2024.08.01,000040.SZ,0.0885002741476986
2024.08.01,000034.SZ,0.2001024858698201
2024.08.01,600018.SH,0.028767380366990412
2024.08.01,600012.SH,0.20306332831996154
2024.08.01,000024.SZ,0.10087576745360086
2024.08.01,000025.SZ,0.06369173682487107
2024.08.01,600005.SH,0.07075743288873533
2024.08.01,000017.SZ,0.24190985340909438
2024.08.01,000048.SZ,0.1597769541223187
2024.08.01,000031.SZ,0.006933962819003247
2024.08.01,000019.SZ,0.07549310156176667
2024.08.01,600026.SH,0.09658727933275842
2024.08.01,600027.SH,0.18458410978281248
2024.08.01,000045.SZ,0.07173484691184047
2024.08.01,000015.SZ,0.0693395200604651
2024.08.01,000027.SZ,0.15644358959528246
2024.08.01,000044.SZ,0.24968676877078808
2024.08.01,000036.SZ,0.7430819124921225
2024.08.01,600049.SH,0.21355390214449768
2024.08.01,000002.SZ,0.6440303074868914
2024.08.01,600007.SH,0.06362305893872273
2024.08.01,600008.SH,0.26492302395255957
2024.08.01,600048.SH,0.09190917261844263
2024.08.01,600024.SH,0.09471504136630791
2024.08.01,600003.SH,0.005845670498823263
2024.08.01,000021.SZ,0.013781275334562445
2024.08.01,000004.SZ,0.02333621521083267
2024.08.01,600037.SH,0.07318473561671084
2024.08.01,600038.SH,0.35554328567216703
2024.08.01,000005.SZ,0.03293172217105019
2024.08.01,600044.SH,0.1832485590927549
2024.08.01,600014.SH,0.11315731109716505
2024.08.01,600002.SH,0.0050125389146437865
2024.08.01,600043.SH,0.13539973273612296
2024.08.01,600011.SH,0.02110279381150531
2024.08.01,000033.SZ,0.184052692479373
2024.08.01,000032.SZ,0.24760238487436345
2024.08.01,600006.SH,0.36655960923753284
2024.08.01,000030.SZ,0.1621821528021214
2024.08.01,600009.SH,0.33735121256203937
2024.08.01,600035.SH,0.017548908230422277
2024.08.01,000010.SZ,0.0054439726250777925
2024.08.01,000011.SZ,0.6338097062533161
2024.08.01,600013.SH,0.12110115610114434
2024.08.01,000028.SZ,0.1398969262212569
2024.08.01,600028.SH,0.330314287347564
2024.08.01,000029.SZ,0.06141522932057046
2024.08.01,600041.SH,0.04451283707847524
2024.08.01,600016.SH,0.026096521443071174
2024.08.01,000008.SZ,0.1697576606812177
2024.08.01,600046.SH,0.00676519997894956
2024.08.01,600023.SH,0.23629646646321043
2024.08.01,600000.SH,0.1726555123884962
2024.08.01,000009.SZ,0.3029118470260079
2024.08.01,000038.SZ,0.4291572613812837
2024.08.01,600040.SH,0.0384132123541158
2024.08.01,600030.SH,0.28548114407472613
2024.08.01,000018.SZ,0.06758667683894021
2024.08.01,000006.SZ,0.1611646560720602
2024.08.01,000016.SZ,0.020671941529071917
2024.08.01,600034.SH,0.011345453056841613
2024.08.01,000042.SZ,0.05060503338368934
2024.08.01,600010.SH,0.023424381527030892
2024.08.01,000023.SZ,0.08164386162992124
2024.08.01,600021.SH,0.5196978911116149
2024.08.01,600004.SH,0.28594830038844343
2024.08.01,000039.SZ,0.05488544394960892
2024.08.01,000037.SZ,0.07716891274378582
2024.08.01,600033.SH,0.09405843830462902
2024.08.01,000047.SZ,0.021234442693152576
2024.08.01,000007.SZ,0.1641150359573083
2024.08.01,600032.SH,0.17374492694812696
2024.08.02,600011.SH,0.010232844602294807
2024.08.02,000012.SZ,0.12796866493214695
2024.08.02,000001.SZ,0.07137859673621079
2024.08.02,600032.SH,0.0303487181884294
2024.08.02,000043.SZ,0.0552627979951355
2024.08.02,000049.SZ,0.07671222204866301
2024.08.02,600028.SH,0.05115339576967613
2024.08.02,600047.SH,0.3556718053369007
2024.08.02,600004.SH,0.24332084072925939
2024.08.02,600010.SH,0.0035396779173581245
2024.08.02,000040.SZ,0.3997006289861498
2024.08.02,600014.SH,0.0013903633396684992
2024.08.02,600035.SH,0.016196760748472788
2024.08.02,000047.SZ,0.013959665222123252
2024.08.02,600048.SH,0.3464665375614801
2024.08.02,600019.SH,0.09182967842505482
2024.08.02,000014.SZ,0.04274106329322333
2024.08.02,600005.SH,0.02973646530856139
2024.08.02,600042.SH,0.06580194688788513
2024.08.02,000006.SZ,0.04386639376686523
2024.08.02,000020.SZ,0.07200741410806424
2024.08.02,600043.SH,0.23274574450439373
2024.08.02,600027.SH,0.14028076339131632
2024.08.02,600012.SH,0.004341820332702735
2024.08.02,000027.SZ,0.04591182496079815
2024.08.02,000021.SZ,0.22694787835863114
2024.08.02,000009.SZ,0.03753909820893254
2024.08.02,000023.SZ,0.4967698127615614
2024.08.02,600040.SH,0.031348555587805436
2024.08.02,000015.SZ,0.04414019944215095
2024.08.02,000050.SZ,0.021982821700999015
2024.08.02,000002.SZ,0.003192136859524344
2024.08.02,000030.SZ,0.009005724794927112
2024.08.02,600003.SH,0.12165502925697219
2024.08.02,600033.SH,0.10233707828024992
2024.08.02,000004.SZ,0.1561770001474124
2024.08.02,000026.SZ,0.006257662724649158
2024.08.02,600026.SH,0.05900721261079682
2024.08.02,000048.SZ,0.013320200691044549
2024.08.02,600049.SH,0.05733681884292962
2024.08.02,000035.SZ,0.1827944920225703
2024.08.02,000010.SZ,0.07407918898159671
2024.08.02,600001.SH,0.10474625129631325
2024.08.02,000011.SZ,0.0199662521832253
2024.08.02,000044.SZ,0.11530100893483936
2024.08.02,600016.SH,0.09650136113666423
2024.08.02,000028.SZ,0.21530401128145302
2024.08.02,000016.SZ,0.002176338075338839
2024.08.02,000008.SZ,0.19237380127391127
2024.08.02,000032.SZ,0.1297765618030092
2024.08.02,600030.SH,0.034793862122829734
2024.08.02,000038.SZ,0.008514098242985765
2024.08.02,600046.SH,0.11670709300544238
2024.08.02,600023.SH,0.007587987902517201
2024.08.02,000029.SZ,0.05944446759481377
2024.08.02,000031.SZ,0.1416780180525134
2024.08.02,600038.SH,0.10581924404932853
2024.08.02,600021.SH,0.19827518462076038
2024.08.02,000045.SZ,0.07139020328561513
2024.08.02,600029.SH,0.03465806304442389
2024.08.02,600017.SH,0.06923731378471033
2024.08.02,000039.SZ,0.2507732653489399
2024.08.02,600034.SH,0.014271154999284719
2024.08.02,000046.SZ,0.12667502178382714
2024.08.02,000013.SZ,0.07055652258673686
2024.08.02,000005.SZ,0.0019972400668016523
2024.08.02,600002.SH,0.2860782482705934
2024.08.02,600018.SH,0.054817941282427576
2024.08.02,000003.SZ,0.08762421640945996
2024.08.02,600045.SH,0.018185842043913967
2024.08.02,600000.SH,0.0971248779029483
2024.08.02,600013.SH,0.10605701872061178
2024.08.02,000022.SZ,0.049782990130181566
2024.08.02,600025.SH,0.03473869871542493
2024.08.02,600041.SH,0.11932659861009644
2024.08.02,600031.SH,0.0886365462794262
2024.08.02,000042.SZ,0.0027159245819636533
2024.08.02,000037.SZ,0.06943012209315728
2024.08.02,600044.SH,0.14687950771353325
2024.08.02,000034.SZ,0.011266195482814434
2024.08.02,000036.SZ,0.48099181259856216
2024.08.02,000041.SZ,0.12372311561406243
2024.08.02,600007.SH,0.024825169597857365
2024.08.02,600036.SH,0.005939738825898805
2024.08.02,600009.SH,0.1243861499081896
2024.08.02,000019.SZ,0.1565244658277561
2024.08.02,600039.SH,0.18970277843653047
2024.08.02,000033.SZ,0.012112560932932729
2024.08.02,000017.SZ,0.022523357700296752
2024.08.02,600008.SH,0.030391387624426298
2024.08.02,000018.SZ,0.05389552735705619
2024.08.02,600006.SH,0.03226047563608979
2024.08.02,000025.SZ,0.0499939139081264
2024.08.02,600022.SH,0.05386994008544628
2024.08.02,000024.SZ,0.030120020763120377
2024.08.02,600020.SH,0.018458485523316703
2024.08.05,600023.SH,0.15612939414118787
2024.08.05,600037.SH,0.016541038675563474
2024.08.05,600022.SH,0.0891932281461538
2024.08.05,000021.SZ,0.24793886681872676
2024.08.05,000003.SZ,0.18999797530674278
2024.08.05,000013.SZ,0.02912974449037755
2024.08.05,000047.SZ,0.007191367210254191
2024.08.05,600036.SH,0.07524471959685704
2024.08.05,600015.SH,0.12584369929157632
2024.08.05,000011.SZ,0.2538621668430398
2024.08.05,600014.SH,0.0548382166694298
2024.08.05,000007.SZ,0.37606125280034747
2024.08.05,600024.SH,0.05453276042112012
2024.08.05,600046.SH,0.20451160412771824
2024.08.05,000017.SZ,0.06641700326194566
2024.08.05,600026.SH,0.08248875485077903
2024.08.05,600018.SH,0.05580035251092417
2024.08.05,600033.SH,0.45712826748627233
2024.08.05,600047.SH,0.09717821173777418
2024.08.05,600019.SH,0.007418672530393874
2024.08.05,000026.SZ,0.08911716676496353
2024.08.05,000015.SZ,0.40570521413076494
2024.08.05,600038.SH,0.13770758427191623
2024.08.05,600039.SH,0.1260551134894274
2024.08.05,000043.SZ,0.058569211818824636
2024.08.05,000035.SZ,0.11017169092471145
2024.08.05,000042.SZ,0.09933456546390725
2024.08.05,600004.SH,0.2034677068439655
2024.08.05,000024.SZ,0.03361991738400217
2024.08.05,600005.SH,0.05434391112215204
2024.08.05,000041.SZ,0.19089063223099298
2024.08.05,000031.SZ,0.041881762201212036
2024.08.05,600048.SH,0.11500928090931734
2024.08.05,000022.SZ,0.19135560010730912
2024.08.05,000004.SZ,0.05142112292784923
2024.08.05,000027.SZ,0.1276203784975634
2024.08.05,600035.SH,0.052048523367058855
2024.08.05,000050.SZ,0.0785348540317272
2024.08.05,000033.SZ,0.22421644539495392
2024.08.05,600006.SH,0.02189588753222927
2024.08.05,000018.SZ,0.2625268581404412
2024.08.05,600009.SH,0.1062079822319707
2024.08.05,600025.SH,0.11430410787182857
2024.08.05,000040.SZ,0.07706148429975807
2024.08.05,600003.SH,0.07729571259592541
2024.08.05,000009.SZ,0.06591282223927962
2024.08.05,600008.SH,0.05605224772631543
2024.08.05,600007.SH,0.056088311477732
2024.08.05,600032.SH,0.16219656104198243
2024.08.05,600013.SH,0.30253807477469513
2024.08.05,000019.SZ,0.01809203465168852
2024.08.05,600020.SH,0.06098802323717013
2024.08.05,000008.SZ,0.02519902051710633
2024.08.05,000045.SZ,0.32485879110724486
2024.08.05,000037.SZ,0.20580878113132053
2024.08.05,000029.SZ,0.40515306293886666
2024.08.05,000010.SZ,0.04930897528065588
2024.08.05,600011.SH,0.002660383770617137
2024.08.05,000038.SZ,0.20651206254522544
2024.08.05,600029.SH,0.09744576938789139
2024.08.05,000039.SZ,0.24228734187090878
2024.08.05,000048.SZ,0.16181297808194695
2024.08.05,600012.SH,0.015110475052495232
2024.08.05,600000.SH,0.013007504514179754
2024.08.05,000012.SZ,0.04473864871798472
2024.08.05,000046.SZ,0.1715349052440142
2024.08.05,600034.SH,0.1501622544728858
2024.08.05,600002.SH,0.2615704439260356
2024.08.05,600042.SH,0.18804857077339074
2024.08.05,000028.SZ,0.01118055318370371
2024.08.05,000020.SZ,0.013414224676920019
2024.08.05,000044.SZ,0.07899620565759088
2024.08.05,600041.SH,0.20090054064560234
2024.08.05,000025.SZ,0.04382152247981842
2024.08.05,600001.SH,0.03546210095048977
2024.08.05,600049.SH,0.006306639610682206
2024.08.05,600045.SH,0.08988223892525453
2024.08.05,000001.SZ,0.08415729725020686
2024.08.05,000036.SZ,0.19940375907880326
2024.08.05,600017.SH,0.02848882052070859
2024.08.05,000016.SZ,0.024564446125195937
2024.08.05,000034.SZ,0.12168723434842274
2024.08.05,000006.SZ,0.016092175005991784
2024.08.05,600016.SH,0.027039434753017677
2024.08.05,600028.SH,0.16228302327037353
2024.08.05,600031.SH,0.15420991247207544
2024.08.05,000002.SZ,0.061892669094878144
2024.08.05,000030.SZ,0.10486810031571575
2024.08.05,600044.SH,0.11957507844340931
2024.08.05,000032.SZ,0.005655624127291304
2024.08.05,600030.SH,0.11965059557924945
2024.08.05,600043.SH,0.061098123448846166
2024.08.05,600010.SH,0.014804955536125656
2024.08.05,000005.SZ,0.2066136106868201
2024.08.05,600040.SH,0.0750783204199568
2024.08.05,000049.SZ,2.2090721853197788e-05
2024.08.06,000043.SZ,0.08153334745174526
2024.08.06,600007.SH,0.04595962905220528
2024.08.06,000004.SZ,0.0028868500234133813
2024.08.06,000010.SZ,0.06778646629195301
2024.08.06,000044.SZ,0.20382465122067314
2024.08.06,000015.SZ,0.07388927107438477
2024.08.06,000035.SZ,0.08493943312621162
2024.08.06,000024.SZ,0.0030002142280203675
2024.08.06,000008.SZ,0.18581235835384258
2024.08.06,600023.SH,0.06737440715294045
2024.08.06,000025.SZ,0.11373282674433748
2024.08.06,000012.SZ,0.13796152742017767
2024.08.06,600008.SH,0.01143653826160878
2024.08.06,600048.SH,0.01593043560046134
2024.08.06,000047.SZ,0.012702768432048575
2024.08.06,600034.SH,0.05125624768712287
2024.08.06,600004.SH,0.10390301867915856
2024.08.06,000011.SZ,0.059543475716978336
2024.08.06,000009.SZ,0.03645157409344618
2024.08.06,600014.SH,0.15657152483319522
2024.08.06,600013.SH,0.2418715769912695
2024.08.06,000013.SZ,0.0015380948289290745
2024.08.06,000019.SZ,0.28968063313129067
2024.08.06,000042.SZ,0.024769881892472586
2024.08.06,600045.SH,0.01970234922928602
2024.08.06,600006.SH,0.007685374724529419
2024.08.06,000027.SZ,0.06909309623011259
2024.08.06,000039.SZ,0.12701045152439566
2024.08.06,000029.SZ,0.19958212916647095
2024.08.06,000022.SZ,0.011202824787261931
2024.08.06,000038.SZ,0.11967878641139079
2024.08.06,600031.SH,0.22273965421001796
2024.08.06,000017.SZ,0.041008194733331504
2024.08.06,600044.SH,0.06938123009218727
2024.08.06,600009.SH,0.11949337463968107
2024.08.06,000034.SZ,0.06638327922380186
2024.08.06,000002.SZ,0.2352011666243212
2024.08.06,600038.SH,0.019402125043238152
2024.08.06,000014.SZ,0.10503277100695235
2024.08.06,000045.SZ,0.3058456171851794
2024.08.06,600001.SH,0.018615849583277656
2024.08.06,600025.SH,0.07984297445920413
2024.08.06,600002.SH,0.13995538442817537
2024.08.06,600018.SH,0.052463582073606456
2024.08.06,000016.SZ,0.14380051113523912
2024.08.06,000033.SZ,0.02232042488691341
2024.08.06,600049.SH,0.038218297934999895
2024.08.06,000018.SZ,0.584552004180478
2024.08.06,600028.SH,0.3719483056263253
2024.08.06,600000.SH,0.04311520190424994
2024.08.06,600029.SH,0.15627465641100155
2024.08.06,000036.SZ,0.05394571047785026
2024.08.06,000048.SZ,0.0647310931637987
2024.08.06,600036.SH,0.0633759820471429
2024.08.06,600011.SH,0.08548020563353784
2024.08.06,000032.SZ,0.1782296877963213
2024.08.06,000007.SZ,0.12516744330749743
2024.08.06,600041.SH,0.08905908017382122
2024.08.06,000031.SZ,0.042209545492742945
2024.08.06,600032.SH,0.07345637995745205
2024.08.06,000028.SZ,0.05484933611745144
2024.08.06,600040.SH,0.09643530441040707
2024.08.06,000037.SZ,0.04188078275073931
2024.08.06,600005.SH,0.10883632331595092
2024.08.06,600024.SH,0.025807317383746375
2024.08.06,600010.SH,0.014692695888594468
2024.08.06,000040.SZ,0.057202916572510476
2024.08.06,600021.SH,0.5016741129213994
2024.08.06,600047.SH,0.19189390255738897
2024.08.06,000041.SZ,0.1287579260624055
2024.08.06,600030.SH,0.22314075965446145
2024.08.06,600037.SH,0.0077068668810136975
2024.08.06,600026.SH,0.1137210599029071
2024.08.06,600016.SH,0.015674139328538714
2024.08.06,000026.SZ,0.0672773080070596
2024.08.06,600046.SH,0.017664615655075926
2024.08.06,600033.SH,0.3247563633756613
2024.08.06,600019.SH,0.06253305377450419
2024.08.06,600022.SH,0.016211053418732926
2024.08.06,000021.SZ,0.025400846379532875
2024.08.06,000006.SZ,0.013028494924773818
2024.08.06,000050.SZ,0.09328441598873533
2024.08.06,600012.SH,0.8281368546215467
2024.08.06,600020.SH,0.27712853495119777
2024.08.06,600043.SH,0.1320478254406637
2024.08.06,000001.SZ,0.27317371546043895
2024.08.06,000030.SZ,0.1392201005552959
2024.08.06,000005.SZ,0.029525069400873072
2024.08.06,600003.SH,0.036740616665972683
2024.08.06,000020.SZ,0.3109207166106278
2024.08.06,000049.SZ,0.16041427180599002
2024.08.06,000046.SZ,0.060017726866437866
2024.08.06,600042.SH,0.06326901897969262
2024.08.06,000003.SZ,0.09260904040656724
2024.08.06,600027.SH,0.21395836072742663
2024.08.06,000023.SZ,0.06317649655314814
2024.08.06,600035.SH,0.14179356630053225
2024.08.06,600015.SH,0.04306475403991316
2024.08.07,000022.SZ,0.04133932005752367
2024.08.07,600020.SH,0.00807227689806683
2024.08.07,600044.SH,0.03325280050672309
2024.08.07,000019.SZ,0.037076353579237914
2024.08.07,000043.SZ,0.025670282322925033
2024.08.07,000010.SZ,0.009119168998405229
2024.08.07,600013.SH,0.20389196771967322
2024.08.07,600029.SH,0.0018050074015350506
2024.08.07,600045.SH,0.024648077980862344
2024.08.07,600015.SH,0.1202749772431524
2024.08.07,600036.SH,0.12197311562764517
2024.08.07,000009.SZ,0.036234240146008116
2024.08.07,600048.SH,0.0341319912702968
2024.08.07,600023.SH,0.020655235320775924
2024.08.07,600019.SH,0.06678875631300736
2024.08.07,600000.SH,0.2796112912190374
2024.08.07,000007.SZ,0.05125372309060648
2024.08.07,000041.SZ,0.28231711499590434
2024.08.07,600025.SH,0.008852974458160917
2024.08.07,000011.SZ,0.24249439695315134
2024.08.07,600012.SH,0.6212105875612387
2024.08.07,600018.SH,0.034800226230309636
2024.08.07,000042.SZ,0.13216861886203118
2024.08.07,000048.SZ,0.11342881321294333
2024.08.07,600026.SH,0.14229071275778013
2024.08.07,000028.SZ,0.2656294602164925
2024.08.07,000012.SZ,0.02506358389000105
2024.08.07,600030.SH,0.010083311964809874
2024.08.07,000037.SZ,0.03731089968178265
2024.08.07,000024.SZ,0.032741372030632335
2024.08.07,600009.SH,0.021904173646127584
2024.08.07,600032.SH,0.18456971667454225
2024.08.07,000045.SZ,0.032565914051395674
2024.08.07,000049.SZ,0.1850077067418424
2024.08.07,000020.SZ,0.34936586133505443
2024.08.07,000017.SZ,0.022114859982835827
2024.08.07,600038.SH,0.034009176721370236
2024.08.07,600031.SH,0.25390707154657577
2024.08.07,000044.SZ,0.4864672419969927
2024.08.07,000034.SZ,0.02829611742125029
2024.08.07,600024.SH,0.06669419314234605
2024.08.07,600028.SH,0.10751136337639407
2024.08.07,000036.SZ,0.0032134149496173877
2024.08.07,600033.SH,0.08609082760615332
2024.08.07,000039.SZ,0.016708095726082263
2024.08.07,600043.SH,0.25074112192686526
2024.08.07,600014.SH,0.03714410661334423
2024.08.07,000029.SZ,0.16750395277384839
2024.08.07,600005.SH,0.2311301609075468
2024.08.07,600022.SH,0.09993016744122994
2024.08.07,600001.SH,0.01204615194360053
2024.08.07,600034.SH,0.07992873746006826
2024.08.07,600046.SH,0.05190891755862954
2024.08.07,600035.SH,0.07739677136434188
2024.08.07,600004.SH,0.33671251646125294
2024.08.07,000003.SZ,0.04040929671520876
2024.08.07,000014.SZ,0.13383280778197035
2024.08.07,600010.SH,0.06630806187449942
2024.08.07,600002.SH,0.09577190802236397
2024.08.07,000023.SZ,0.03305511874172369
2024.08.07,000031.SZ,0.02379805275198845
2024.08.07,000033.SZ,0.2261355604324316
2024.08.07,600039.SH,0.042076183316114006
2024.08.07,000025.SZ,0.022074444053818622
2024.08.07,000050.SZ,0.06642253787031933
2024.08.07,000008.SZ,0.12023510488693832
2024.08.07,000026.SZ,0.22803782539504763
2024.08.07,600041.SH,0.16096611782580825
2024.08.07,600037.SH,0.4630644688876186
2024.08.07,000005.SZ,0.03512855163812668
2024.08.07,000006.SZ,0.009518893032090602
2024.08.07,000046.SZ,0.07733753875184553
2024.08.07,600003.SH,0.09378969236368087
2024.08.07,000030.SZ,0.24897870089280072
2024.08.07,600021.SH,0.1447086926961436
2024.08.07,600007.SH,0.06740899629410532
2024.08.07,000002.SZ,0.016427221381562024
2024.08.07,600049.SH,0.04030711566529043
2024.08.07,000032.SZ,0.24578528059157917
2024.08.07,600006.SH,0.027354877473851704
2024.08.07,600016.SH,0.5542074973854696
2024.08.07,600017.SH,0.10042820842570686
2024.08.07,600047.SH,0.018777479042110704
2024.08.07,000018.SZ,0.0703083943046983
2024.08.07,600027.SH,0.004402278041637739
2024.08.07,000040.SZ,0.07127444333281896
2024.08.07,600040.SH,0.1698959993967755
2024.08.07,000027.SZ,0.014622322688606484
2024.08.07,000004.SZ,0.0707360128772015
2024.08.07,000038.SZ,0.023313043277392635
2024.08.07,600008.SH,0.09896473388773863
2024.08.07,000001.SZ,0.04043829405654283
2024.08.07,000047.SZ,0.11368739892912647
2024.08.07,000013.SZ,0.003300604941023038
2024.08.07,000016.SZ,0.2589586379158892
2024.08.07,600042.SH,0.15818401196982246
2024.08.08,000025.SZ,0.01894431442668727
2024.08.08,600047.SH,0.04707214357943644
2024.08.08,600026.SH,0.1393171570743151
2024.08.08,600049.SH,0.05258144257588345
2024.08.08,600033.SH,0.47301831846471304
2024.08.08,000022.SZ,0.14798438810455103
2024.08.08,000035.SZ,0.08765171164396517
2024.08.08,000008.SZ,0.2433729395584709
2024.08.08,000036.SZ,0.05111703812245003
2024.08.08,600020.SH,0.03828678841939081
2024.08.08,600048.SH,0.04579288691954887
2024.08.08,600012.SH,0.09637948896273948
2024.08.08,000028.SZ,0.042699140865344994
2024.08.08,000026.SZ,0.0016342092111770845
2024.08.08,000004.SZ,0.03995904897528715
2024.08.08,600019.SH,0.145110844724097
2024.08.08,000047.SZ,0.11914030603821558
2024.08.08,600021.SH,0.7978143305624305
2024.08.08,600046.SH,0.082725542301818
2024.08.08,000019.SZ,0.056200163071324485
2024.08.08,000050.SZ,0.15539645929168888
2024.08.08,000034.SZ,0.07235635185656157
2024.08.08,000031.SZ,0.03397232297052421
2024.08.08,000010.SZ,0.10110911541185105
2024.08.08,000001.SZ,0.036760900364666185
2024.08.08,000007.SZ,0.1484586525395982
2024.08.08,000002.SZ,0.012706385566557952
2024.08.08,600003.SH,0.08892581935257678
2024.08.08,600014.SH,0.2179505398364758
2024.08.08,600027.SH,0.1439215230808701
2024.08.08,000027.SZ,0.04144157438744892
2024.08.08,000029.SZ,0.03764480433557369
2024.08.08,000043.SZ,0.23893929813347212
2024.08.08,000012.SZ,0.05545432028609041
2024.08.08,600006.SH,0.17699211455181793
2024.08.08,600037.SH,0.06690384274453663
2024.08.08,000005.SZ,0.03304233261838729
2024.08.08,600016.SH,0.009615218582432262
2024.08.08,600013.SH,0.13556901956162315
2024.08.08,000014.SZ,0.08898218068855704
2024.08.08,600015.SH,0.11695751708099524
2024.08.08,600005.SH,0.033955537204042104
2024.08.08,600032.SH,0.05794572796027247
2024.08.08,000032.SZ,0.3347665254091069
2024.08.08,000041.SZ,0.05567757874855422
2024.08.08,600043.SH,0.05501356980884152
2024.08.08,000023.SZ,0.06844570260335364
2024.08.08,000048.SZ,0.07114742289878341
2024.08.08,600038.SH,0.07260735151274213
2024.08.08,600008.SH,0.06442311078241857
2024.08.08,000006.SZ,0.036679833982388
2024.08.08,000037.SZ,0.04780782591094351
2024.08.08,600000.SH,0.06381423146671417
2024.08.08,600042.SH,0.04068766214900176
2024.08.08,600045.SH,0.09722258375299762
2024.08.08,000003.SZ,0.05971447589910042
2024.08.08,600011.SH,0.047578661652683374
2024.08.08,000030.SZ,0.014302484875521654
2024.08.08,600039.SH,0.06326809752933982
2024.08.08,600029.SH,0.27515996102842066
2024.08.08,600028.SH,0.09981199867745856
2024.08.08,000024.SZ,0.07826784083869712
2024.08.08,600022.SH,0.01586402076853542
2024.08.08,600017.SH,0.04306351024063677
2024.08.08,600040.SH,0.005036803513656635
2024.08.08,000013.SZ,0.23178517266059756
2024.08.08,600025.SH,0.023632867862147137
2024.08.08,600009.SH,0.0022314546832697684
2024.08.08,000045.SZ,0.049743638781825895
2024.08.08,600002.SH,0.25832178158666175
2024.08.08,000049.SZ,0.3961097897888431
2024.08.08,000038.SZ,0.04764061693046583
2024.08.08,000015.SZ,0.08310537590832538
2024.08.08,600007.SH,0.12902284877718231
2024.08.08,000017.SZ,0.08007175936352995
2024.08.08,600018.SH,0.10456605791936517
2024.08.08,000020.SZ,0.2438833771421992
2024.08.08,000009.SZ,0.10627266281139805
2024.08.08,600010.SH,0.0016019519645664344
2024.08.08,600036.SH,0.15695869546674182
2024.08.08,000046.SZ,0.06533569256906555
2024.08.08,000033.SZ,0.4506140341342615
2024.08.08,000042.SZ,0.23331078243558137
2024.08.08,000039.SZ,0.10976546040932254
2024.08.08,000044.SZ,0.08767950117755968
2024.08.08,000018.SZ,0.029484541781411057
2024.08.08,000016.SZ,0.15226710094872364
2024.08.08,600044.SH,0.17073864295153418
2024.08.08,600023.SH,0.06285064099966325
2024.08.08,600030.SH,0.001375563934728061
2024.08.08,600001.SH,0.5138049441247036
2024.08.08,600035.SH,0.5920212370320432
2024.08.08,000040.SZ,0.054662021315036204
2024.08.08,600034.SH,0.028092848894411857
2024.08.08,000021.SZ,0.060389316609737426
2024.08.08,600041.SH,0.05672001313027004
2024.08.08,600024.SH,0.02551122546218133
2024.08.09,600046.SH,0.28201500676001523
2024.08.09,000005.SZ,0.12217058159545616
2024.08.09,000050.SZ,0.11746570178940682
2024.08.09,600000.SH,0.14050964183605483
2024.08.09,600044.SH,0.4625518631299483
2024.08.09,600034.SH,0.03100394088283107
2024.08.09,000047.SZ,0.0037021288158486394
2024.08.09,000031.SZ,0.16980760721811122
2024.08.09,600045.SH,0.26607940509515426
2024.08.09,000016.SZ,0.033614364978082616
2024.08.09,600022.SH,0.0962616703781276
2024.08.09,600014.SH,0.5730725054450967
2024.08.09,600018.SH,0.09240211893996779
2024.08.09,600013.SH,0.18496449283109737
2024.08.09,000042.SZ,0.017472725302337948
2024.08.09,600006.SH,0.017893848378980417
2024.08.09,600009.SH,0.04614303230662708
2024.08.09,000043.SZ,0.022779376171379755
2024.08.09,600035.SH,0.23861827512491524
2024.08.09,000025.SZ,0.03427828900806778
2024.08.09,000046.SZ,0.005570970325753621
2024.08.09,600023.SH,0.012660980752496246
2024.08.09,600026.SH,0.304553818043185
2024.08.09,600012.SH,0.3922667361641557
2024.08.09,000033.SZ,0.009123008394709673
2024.08.09,600040.SH,0.12292944875257333
2024.08.09,600003.SH,0.21890194451756764
2024.08.09,000036.SZ,0.08764173517017707
2024.08.09,000034.SZ,0.21442664106718223
2024.08.09,600049.SH,0.1061742937062279
2024.08.09,000007.SZ,0.09083716976771297
2024.08.09,000021.SZ,0.27770997154095434
2024.08.09,600019.SH,0.12788835346646704
2024.08.09,000044.SZ,0.14364733216811798
2024.08.09,600017.SH,0.028970510870151674
2024.08.09,000013.SZ,0.23038985399288764
2024.08.09,000038.SZ,0.00296843255899804
2024.08.09,000027.SZ,0.010843406872903532
2024.08.09,000039.SZ,0.04071888102112673
2024.08.09,000003.SZ,0.38838254138497197
2024.08.09,600029.SH,0.29305197443344844
2024.08.09,000009.SZ,0.21175122736960367
2024.08.09,000023.SZ,0.03047056749034369
2024.08.09,600020.SH,0.11312540097997217
2024.08.09,600005.SH,0.16326781184116917
2024.08.09,600048.SH,0.11759851181357033
2024.08.09,000037.SZ,0.1926374933205529
2024.08.09,000001.SZ,0.2124567747904629
2024.08.09,600033.SH,0.045534103798443214
2024.08.09,000020.SZ,0.0601082529157245
2024.08.09,000048.SZ,0.15538134577887108
2024.08.09,600031.SH,0.4292060896865186
2024.08.09,600047.SH,0.054188979922194284
2024.08.09,000029.SZ,0.1696268459414311
2024.08.09,600043.SH,0.009587505738854042
2024.08.09,000032.SZ,0.13330050346716515
2024.08.09,000017.SZ,0.0013612963072443813
2024.08.09,600011.SH,0.3536306127813467
2024.08.09,000011.SZ,0.11302998756179976
2024.08.09,000040.SZ,0.028773891827737354
2024.08.09,600036.SH,0.0812655763062242
2024.08.09,000024.SZ,0.3678458580128549
2024.08.09,000026.SZ,0.09344055561553181
2024.08.09,600004.SH,0.08209185840641886
2024.08.09,000041.SZ,0.3213741761180033
2024.08.09,000019.SZ,0.06610139389000785
2024.08.09,000002.SZ,0.04192649102204383
2024.08.09,000008.SZ,0.30805104478489215
2024.08.09,600024.SH,0.009677313166954804
2024.08.09,000006.SZ,0.08116994801381625
2024.08.09,600030.SH,0.019807345971924822
2024.08.09,600028.SH,0.15502717139775862
2024.08.09,600027.SH,0.017635539366770814
2024.08.09,600008.SH,0.01998824587796275
2024.08.09,000045.SZ,0.09446496781042527
2024.08.09,000018.SZ,0.09451481125561594
2024.08.09,600037.SH,0.04036624188246904
2024.08.09,600007.SH,0.17373063061147936
2024.08.09,000022.SZ,0.1980182220105007
2024.08.09,000010.SZ,0.05045566957336681
2024.08.09,000049.SZ,0.4078783849492417
2024.08.09,600015.SH,0.09838495232317164
2024.08.09,000030.SZ,0.17454030165526874
2024.08.09,600025.SH,0.12568170019962657
2024.08.09,600032.SH,0.0015137387172397187
2024.08.09,000012.SZ,0.10289605843862622
2024.08.09,600042.SH,0.1883214215221816
2024.08.09,000015.SZ,0.09001646054295151
2024.08.09,600001.SH,0.09500629921073646
2024.08.09,000035.SZ,0.34227309880411233
2024.08.09,600039.SH,0.08941176896520787
2024.08.09,600002.SH,0.18086983845404658
2024.08.09,000014.SZ,0.13461554529538833
2024.08.09,000028.SZ,0.2009536058337911
2024.08.09,600021.SH,0.04250504683286198
2024.08.09,000004.SZ,0.1437600907478642
2024.08.12,000049.SZ,0.37671808895484415
2024.08.12,600010.SH,0.09194244747427491
2024.08.12,600046.SH,0.018835587798300357
2024.08.12,600020.SH,0.041713167777263874
2024.08.12,000048.SZ,0.1466696859330981
2024.08.12,000019.SZ,0.049878295657143204
2024.08.12,000016.SZ,0.04905683986682799
2024.08.12,000015.SZ,0.06865349547258681
2024.08.12,600024.SH,0.030723760761658694
2024.08.12,600028.SH,0.11714431186964586
2024.08.12,600016.SH,0.04561416514005245
2024.08.12,000014.SZ,0.33061318872883644
2024.08.12,600048.SH,0.034953251478046655
2024.08.12,600014.SH,0.030261548936610923
2024.08.12,000047.SZ,0.019607197387327652
2024.08.12,600042.SH,0.13306137817620795
2024.08.12,000035.SZ,0.11564986412147663
2024.08.12,000020.SZ,0.0056961082480487205
2024.08.12,600031.SH,0.1055380919958118
2024.08.12,600018.SH,0.13224094833172026
2024.08.12,000043.SZ,0.008941912970747009
2024.08.12,000039.SZ,0.0228073869284468
2024.08.12,600044.SH,0.024525932828223535
2024.08.12,000009.SZ,0.14670975933359282
2024.08.12,600011.SH,0.1717531258475939
2024.08.12,600034.SH,0.024249037924352568
2024.08.12,000028.SZ,0.03945224334912899
2024.08.12,000034.SZ,0.1311558417834051
2024.08.12,600019.SH,0.027461126307857506
2024.08.12,000026.SZ,0.1300224434957417
2024.08.12,600009.SH,0.001394462307297413
2024.08.12,600015.SH,0.024198971899724336
2024.08.12,000002.SZ,0.02707104517668148
2024.08.12,000003.SZ,0.01867144394332113
2024.08.12,600000.SH,0.026568849132023717
2024.08.12,600029.SH,0.00919736345976313
2024.08.12,000018.SZ,0.21305512332749904
2024.08.12,000040.SZ,0.29032964357396635
2024.08.12,000044.SZ,0.0023298418938719474
2024.08.12,600025.SH,0.016479172455016382
2024.08.12,600003.SH,0.038521857625203215
2024.08.12,000032.SZ,0.3355090856319368
2024.08.12,600012.SH,0.3220438857460449
2024.08.12,000021.SZ,0.17422841649546447
2024.08.12,000007.SZ,0.016630486744270617
2024.08.12,000024.SZ,0.33537742822060845
2024.08.12,000008.SZ,0.0509123745441327
2024.08.12,600045.SH,0.20651263217818677
2024.08.12,600001.SH,0.030694572644391446
2024.08.12,600033.SH,0.15333671902734197
2024.08.12,600039.SH,0.05380496947356126
2024.08.12,600035.SH,0.340593662417102
2024.08.12,000038.SZ,0.10473483232857568
2024.08.12,000033.SZ,0.0768470403049502
2024.08.12,000006.SZ,0.006199771601069428
2024.08.12,600005.SH,0.12353720530960106
2024.08.12,000025.SZ,0.09970066839791694
2024.08.12,000041.SZ,0.19782614683058772
2024.08.12,600022.SH,0.12005781016107567
2024.08.12,600004.SH,0.03665396585221154
2024.08.12,600037.SH,0.055982900548596205
2024.08.12,600026.SH,0.022372827460683697
2024.08.12,000001.SZ,0.030881586409982873
2024.08.12,000022.SZ,0.030186379808499815
2024.08.12,000037.SZ,0.18306263597107716
2024.08.12,600007.SH,0.24261849330643126
2024.08.12,600008.SH,0.04921479371900318
2024.08.12,600013.SH,0.05322919454988216
2024.08.12,000004.SZ,0.109129811374775
2024.08.12,600047.SH,0.20594939579843197
2024.08.12,000027.SZ,0.11171279506528956
2024.08.12,600043.SH,0.17792870569373115
2024.08.12,000042.SZ,0.05663135672681294
2024.08.12,600002.SH,0.07436277374957988
2024.08.12,000046.SZ,0.47592400608191693
2024.08.12,000012.SZ,0.020633508716834364
2024.08.12,600023.SH,0.08824532166527123
2024.08.12,000030.SZ,0.009485589003319915
2024.08.12,000005.SZ,0.038563609759876376
2024.08.12,000011.SZ,0.13919845860772642
2024.08.12,600030.SH,0.08966138348204733
2024.08.12,000050.SZ,0.22053533725607155
2024.08.12,000031.SZ,0.15211178053672167
2024.08.12,600032.SH,0.1034991430002111
2024.08.12,000029.SZ,0.0014650852750943192
2024.08.12,000045.SZ,0.17901195705448353
2024.08.12,000036.SZ,0.1755263955071739
2024.08.12,600041.SH,0.13922491192857403
2024.08.12,600040.SH,0.18229530909916808
2024.08.12,600038.SH,0.27762454499560646
2024.08.12,000010.SZ,0.2131303441076778
2024.08.12,600036.SH,0.004259637398586368
2024.08.12,600049.SH,0.14840182609356936
2024.08.12,600006.SH,0.0214297561720901
2024.08.12,000013.SZ,0.07050692379270232
2024.08.12,000023.SZ,0.0002138585223659898
2024.08.12,600017.SH,0.015575271123763423
2024.08.12,000017.SZ,0.037938719329184765
2024.08.13,600011.SH,0.10873691200962625
2024.08.13,600005.SH,0.030871690234878728
2024.08.13,600004.SH,0.008286773554281009
2024.08.13,000031.SZ,0.06694721662619767
2024.08.13,000030.SZ,0.1340632562657652
2024.08.13,600044.SH,0.05965982132417527
2024.08.13,600037.SH,0.11799156722362895
2024.08.13,600032.SH,0.19127766275007915
2024.08.13,600028.SH,0.1313257160421638
2024.08.13,000001.SZ,0.19969326464053674
2024.08.13,000014.SZ,0.07998852857158152
2024.08.13,000029.SZ,0.004247911524616403
2024.08.13,600045.SH,0.08310201506713241
2024.08.13,000007.SZ,0.11996266844110684
2024.08.13,600039.SH,0.02688299271567427
2024.08.13,000005.SZ,0.24047644455487527
2024.08.13,600046.SH,0.031215640295661057
2024.08.13,600009.SH,0.037562055441025595
2024.08.13,000036.SZ,0.08112837815721641
2024.08.13,600015.SH,0.11692623301334898
2024.08.13,000004.SZ,0.024635615597547417
2024.08.13,600014.SH,0.1256835466895458
2024.08.13,000008.SZ,0.10011327657275816
2024.08.13,600019.SH,0.20498575554565548
2024.08.13,600017.SH,0.02667881157097719
2024.08.13,600010.SH,0.16214955316455323
2024.08.13,000045.SZ,0.017216832413034795
2024.08.13,000002.SZ,0.5330193855612763
2024.08.13,000012.SZ,0.001588574159539601
2024.08.13,000044.SZ,0.12059866432061683
2024.08.13,000016.SZ,0.06983435180793177
2024.08.13,000003.SZ,0.12650408031369123
2024.08.13,000034.SZ,0.18154529548047965
2024.08.13,000017.SZ,0.07523406557024173
2024.08.13,000028.SZ,0.16905836866428964
2024.08.13,000050.SZ,0.30337636357671927
2024.08.13,000046.SZ,0.03567793055924805
2024.08.13,600027.SH,0.18768904317434343
2024.08.13,000026.SZ,0.02378502331850215
2024.08.13,600012.SH,0.04426585403595722
2024.08.13,600001.SH,0.13732416136272466
2024.08.13,600026.SH,0.008028401288315992
2024.08.13,600013.SH,0.10090353405045022
2024.08.13,000025.SZ,0.2121358007001293
2024.08.13,000023.SZ,0.1290483901957757
2024.08.13,600016.SH,0.10000306694071837
2024.08.13,000047.SZ,0.24519118463963727
2024.08.13,000027.SZ,0.07596899999456173
2024.08.13,000020.SZ,0.1378212343733512
2024.08.13,600023.SH,0.14811686845219638
2024.08.13,600043.SH,0.039098754961323104
2024.08.13,000037.SZ,0.10177304933786735
2024.08.13,600036.SH,0.08886759528547543
2024.08.13,000010.SZ,0.028636491846372996
2024.08.13,000019.SZ,0.07996666701825021
2024.08.13,000006.SZ,0.20783338604723955
2024.08.13,600022.SH,0.018875794153437018
2024.08.13,600002.SH,0.13080509717661676
2024.08.13,600048.SH,0.22344952918912508
2024.08.13,000032.SZ,0.050465524180042166
2024.08.13,600035.SH,0.020595035076634596
2024.08.13,000039.SZ,0.02582056255499961
2024.08.13,600049.SH,0.09148824528616653
2024.08.13,000033.SZ,0.04502639207378504
2024.08.13,000022.SZ,0.09465141823075371
2024.08.13,000035.SZ,0.24460435745647854
2024.08.13,600029.SH,0.21257865781047144
2024.08.13,600047.SH,0.01393968910670156
2024.08.13,600006.SH,0.014319120802112416
2024.08.13,000011.SZ,0.09019132095303563
2024.08.13,000041.SZ,0.08385701294208231
2024.08.13,600018.SH,0.028815953570674714
2024.08.13,600021.SH,0.20096274568637545
2024.08.13,000038.SZ,0.05727102132472051
2024.08.13,000040.SZ,0.009198646956668114
2024.08.13,600008.SH,0.022630087828385183
2024.08.13,600042.SH,0.4086937430908979
2024.08.13,000048.SZ,0.13563568365557668
2024.08.13,600033.SH,0.0539778996911575
2024.08.13,600030.SH,0.01022968549762714
2024.08.13,000049.SZ,0.057175754221071094
2024.08.13,600031.SH,0.022935992976191717
2024.08.13,600038.SH,0.10573277785139404
2024.08.13,000024.SZ,0.4056128859073738
2024.08.13,000013.SZ,0.19566872305418953
2024.08.13,000015.SZ,0.40529428910116966
2024.08.13,600000.SH,0.18374483615934756
2024.08.13,000009.SZ,0.030473981414496896
2024.08.13,000042.SZ,0.10702595462982943
2024.08.13,600040.SH,0.3491489148452543
2024.08.13,000021.SZ,0.005343144784681061
2024.08.13,600034.SH,0.07068111623381584
2024.08.13,600020.SH,0.06473341433019995
2024.08.13,600025.SH,0.052739333852555866
2024.08.13,600007.SH,0.05438752749787206
2024.08.13,000043.SZ,0.0274412731712819
2024.08.13,600003.SH,0.031140559197567426
2024.08.14,600046.SH,0.010610499532443632
2024.08.14,000038.SZ,0.1811382406626963
2024.08.14,000024.SZ,0.20161038019345676
2024.08.14,600015.SH,0.051169926296984546
2024.08.14,000006.SZ,0.23618517697315597
2024.08.14,000018.SZ,0.06818633617829858
2024.08.14,000029.SZ,0.735274692798212
2024.08.14,000002.SZ,0.022845411395084763
2024.08.14,600032.SH,0.027006698686396484
2024.08.14,000005.SZ,0.3972165744084415
2024.08.14,600000.SH,0.03757128541371174
2024.08.14,600004.SH,0.10785047361079832
2024.08.14,000046.SZ,0.03364510358565117
2024.08.14,000033.SZ,0.14083273277284689
2024.08.14,600039.SH,0.02034035446565432
2024.08.14,600038.SH,0.08283939812726217
2024.08.14,000008.SZ,0.3724646746129016
2024.08.14,600042.SH,0.8186884392711715
2024.08.14,000041.SZ,0.0022934321207411052
2024.08.14,600017.SH,0.013832469290097854
2024.08.14,600028.SH,0.01591380303667179
2024.08.14,000009.SZ,0.03190110292788412
2024.08.14,000019.SZ,0.004368156952216804
2024.08.14,600012.SH,0.17009039367940096
2024.08.14,600044.SH,0.0912055635366089
2024.08.14,600016.SH,0.028569510804557274
2024.08.14,600041.SH,0.07726536034739687
2024.08.14,600030.SH,0.014180588962782728
2024.08.14,000050.SZ,0.11416516059165603
2024.08.14,000021.SZ,0.006337662824098371
2024.08.14,600029.SH,0.18933529221615616
2024.08.14,600037.SH,0.01996302173764341
2024.08.14,000025.SZ,0.03319085982089771
2024.08.14,600007.SH,0.039934924659997276
2024.08.14,000036.SZ,0.231749820297667
2024.08.14,000030.SZ,0.05628640367242911
2024.08.14,600034.SH,0.011116645323130338
2024.08.14,600024.SH,0.01668033067894074
2024.08.14,600003.SH,0.4676933913242133
2024.08.14,000013.SZ,0.10080636164986079
2024.08.14,600027.SH,0.4765877620210442
2024.08.14,600005.SH,0.10911166169320659
2024.08.14,000016.SZ,0.005545064350489833
2024.08.14,600002.SH,0.07782866792283881
2024.08.14,000045.SZ,0.3434055803199851
2024.08.14,000012.SZ,0.08198246907477329
2024.08.14,000044.SZ,0.39322475317327504
2024.08.14,600033.SH,0.1031093542253377
2024.08.14,000027.SZ,0.057968317188652856
2024.08.14,000001.SZ,0.039931358108964046
2024.08.14,000047.SZ,0.0073441658274151335
2024.08.14,000007.SZ,0.005530250696434201
2024.08.14,600011.SH,0.20094877296136163
2024.08.14,000034.SZ,0.07036770751384062
2024.08.14,600020.SH,0.18336487702220589
2024.08.14,000035.SZ,0.008496859423092
2024.08.14,000023.SZ,0.08161235870957106
2024.08.14,000022.SZ,0.15179206459061312
2024.08.14,600008.SH,0.7853811570581106
2024.08.14,600013.SH,0.13396541433545003
2024.08.14,000003.SZ,0.46016416176158853
2024.08.14,000049.SZ,0.15901240419634605
2024.08.14,600006.SH,0.14563813664467298
2024.08.14,000010.SZ,0.07944228960996169
2024.08.14,000043.SZ,0.09898144365080401
2024.08.14,600014.SH,0.07703710838508193
2024.08.14,600023.SH,0.05421573958985464
2024.08.14,600018.SH,0.1883787109794925
2024.08.14,600021.SH,0.08926812042620653
2024.08.14,000037.SZ,0.024469809230802025
2024.08.14,000040.SZ,0.12685357971043495
2024.08.14,000017.SZ,0.17557811193461983
2024.08.14,000042.SZ,0.08232506065189857
2024.08.14,600048.SH,0.4987736600032806
2024.08.14,000011.SZ,0.1769063119063125
2024.08.14,600026.SH,0.1548619774597353
2024.08.14,000026.SZ,0.025085147428556383
2024.08.14,600047.SH,0.1055642076025073
2024.08.14,600049.SH,0.3401373349626623
2024.08.14,600040.SH,0.09926151773259094
2024.08.14,600036.SH,0.10576548449762833
2024.08.14,000028.SZ,0.01829624771806668
2024.08.14,600009.SH,0.3290908905690926
2024.08.14,000031.SZ,0.07516197093085042
2024.08.14,000014.SZ,0.058845768473024106
2024.08.14,000048.SZ,0.4292642972675772
2024.08.14,600043.SH,0.03807413951706
2024.08.14,000015.SZ,0.008832745954143328
2024.08.14,600031.SH,0.05575934905486411
2024.08.14,600025.SH,0.03944103170296244
2024.08.14,000039.SZ,0.054409066523810744
2024.08.14,000032.SZ,0.3939916904270312
2024.08.14,600019.SH,0.055269879599424664
2024.08.14,600045.SH,0.0148730777470913
2024.08.14,000004.SZ,0.5192958624842757
2024.08.14,600035.SH,0.008176939662860159
2024.08.14,600001.SH,0.0006896332088093612
2024.08.15,600038.SH,0.01812975396774196
2024.08.15,000042.SZ,0.04306890768474177
2024.08.15,000046.SZ,0.12086399664545784
2024.08.15,000044.SZ,0.19402199880626286
2024.08.15,600018.SH,0.3042450710302147
2024.08.15,600001.SH,0.08901724547042712
2024.08.15,600045.SH,0.1181635775055291
2024.08.15,000015.SZ,0.07481560344302908
2024.08.15,000008.SZ,0.09614890145344712
2024.08.15,000009.SZ,0.023885505442346737
2024.08.15,600004.SH,0.0029381886427688
2024.08.15,600048.SH,0.12034331825638273
2024.08.15,600012.SH,0.09017542105784303
2024.08.15,600021.SH,0.31346455694982217
2024.08.15,600037.SH,0.26997102519174815
2024.08.15,600023.SH,0.4763153859202434
2024.08.15,000031.SZ,0.05097565326458594
2024.08.15,000034.SZ,0.13423663873809166
2024.08.15,000024.SZ,0.07557288164201693
2024.08.15,000033.SZ,0.1970276999947955
2024.08.15,000048.SZ,0.09238340647189792
2024.08.15,000002.SZ,0.052401702332523
2024.08.15,600026.SH,0.05839748972640397
2024.08.15,000026.SZ,0.013641125917528132
2024.08.15,000020.SZ,0.03636153188205315
2024.08.15,000018.SZ,0.04259138435609346
2024.08.15,600028.SH,0.018375199604821698
2024.08.15,600024.SH,0.014291015590442388
2024.08.15,600007.SH,0.16215662750664653
2024.08.15,000032.SZ,0.5001819582731145
2024.08.15,000035.SZ,0.406816601231145
2024.08.15,600035.SH,0.027375430571574898
2024.08.15,000027.SZ,0.24794366705077875
2024.08.15,600046.SH,0.11363499587392561
2024.08.15,600003.SH,0.09911909104986961
2024.08.15,000028.SZ,0.010053598544083801
2024.08.15,600022.SH,0.30020929354641346
2024.08.15,000007.SZ,0.021271054007206816
2024.08.15,600006.SH,0.05253559261937204
2024.08.15,600011.SH,0.1161477080760718
2024.08.15,000006.SZ,0.0617830461842771
2024.08.15,000003.SZ,0.5049459666885118
2024.08.15,000001.SZ,0.3002951853968983
2024.08.15,000019.SZ,0.21544489066901562
2024.08.15,600016.SH,0.0029448834916681057
2024.08.15,000045.SZ,0.0631625299584407
2024.08.15,000012.SZ,0.0826716508514526
2024.08.15,000025.SZ,0.4192099171177556
2024.08.15,000013.SZ,0.010027492442935507
2024.08.15,600008.SH,0.0964660196837997
2024.08.15,600029.SH,0.05516213516824644
2024.08.15,600042.SH,0.0019744765024682083
2024.08.15,000010.SZ,0.025225107661598026
2024.08.15,600031.SH,0.11309127748062377
2024.08.15,000017.SZ,0.017436564621787505
2024.08.15,000021.SZ,0.05819220392442006
2024.08.15,600036.SH,0.018191355013310925
2024.08.15,600013.SH,0.04453371401598111
2024.08.15,000039.SZ,0.07246339961913932
2024.08.15,600020.SH,0.23935156573856328
2024.08.15,000011.SZ,0.16382220714288845
2024.08.15,600040.SH,0.1581796426464955
2024.08.15,600019.SH,0.04862278433069338
2024.08.15,600034.SH,0.020992015635256926
2024.08.15,600039.SH,0.012769021898929589
2024.08.15,600005.SH,0.18697921426904662
2024.08.15,000049.SZ,0.5917130254637787
2024.08.15,000004.SZ,0.3027725787996811
2024.08.15,000023.SZ,0.0004157996608586152
2024.08.15,000029.SZ,0.15138676352085836
2024.08.15,000036.SZ,0.18161854285581508
2024.08.15,600027.SH,0.21746057875929536
2024.08.15,000043.SZ,0.18168022087048985
2024.08.15,600015.SH,0.15371149410842067
2024.08.15,000016.SZ,0.2034525763294823
2024.08.15,000014.SZ,0.07828924032403808
2024.08.15,600000.SH,0.09483650064742846
2024.08.15,600043.SH,0.004315753522131822
2024.08.15,000041.SZ,0.16144829218071902
2024.08.15,600044.SH,0.08717112771931515
2024.08.15,600010.SH,0.10788940233721718
2024.08.15,000047.SZ,0.0472995957370069
2024.08.15,000037.SZ,0.16976029808528453
2024.08.15,600009.SH,0.019314129752022083
2024.08.15,600025.SH,0.043143860679537155
2024.08.15,600033.SH,0.09067276894164475
2024.08.15,000040.SZ,0.1958842927363367
2024.08.15,000050.SZ,0.18197173901376254
2024.08.15,600041.SH,0.12822830394130394
2024.08.15,600014.SH,0.10303522956480676
2024.08.15,600002.SH,0.06805894021155633
2024.08.15,600047.SH,0.19006042511073987
2024.08.15,600017.SH,0.021863334173967616
2024.08.15,600030.SH,0.02814850416892632
2024.08.15,600049.SH,0.14883973915101686
2024.08.15,000030.SZ,0.05616093721184095
2024.08.16,600004.SH,0.041264723725323915
2024.08.16,000011.SZ,0.0995953315865749
2024.08.16,600029.SH,0.08270685593417584
2024.08.16,600021.SH,0.3026800692429388
2024.08.16,600036.SH,0.05832582163415023
2024.08.16,000009.SZ,0.5101776196959125
2024.08.16,600003.SH,0.007193954197030421
2024.08.16,000019.SZ,0.13828591498597298
2024.08.16,000006.SZ,0.024094740012321748
2024.08.16,000007.SZ,0.07867342538208467
2024.08.16,600037.SH,0.15214973867724924
2024.08.16,000047.SZ,0.030489544738534807
2024.08.16,000013.SZ,0.023102886763877707
2024.08.16,000027.SZ,0.059612454754528046
2024.08.16,600027.SH,0.15345948440498744
2024.08.16,000016.SZ,0.05805211916186078
2024.08.16,000012.SZ,0.04430583106069429
2024.08.16,000018.SZ,0.026754495790331574
2024.08.16,000044.SZ,0.17695117426820328
2024.08.16,000015.SZ,0.3046876294909046
2024.08.16,600047.SH,0.11573525578072658
2024.08.16,000041.SZ,0.06456968610688264
2024.08.16,000001.SZ,0.07960566670150668
2024.08.16,000017.SZ,0.05704290766085409
2024.08.16,000008.SZ,0.14069314611175018
2024.08.16,600049.SH,0.005805155524482449
2024.08.16,600014.SH,0.18666105535782193
2024.08.16,000038.SZ,0.006283489139571706
2024.08.16,000025.SZ,0.015319862089764713
2024.08.16,000003.SZ,0.2154106369903185
2024.08.16,600023.SH,0.09575646108108506
2024.08.16,600022.SH,0.37942363505728116
2024.08.16,600019.SH,0.07910516686085366
2024.08.16,000024.SZ,0.03595364061978489
2024.08.16,600009.SH,0.044255725386153744
2024.08.16,600048.SH,0.019642374439921537
2024.08.16,600017.SH,0.028017228682550452
2024.08.16,000010.SZ,0.06631765834058005
2024.08.16,600005.SH,0.050115407726753415
2024.08.16,600045.SH,0.19514946831409954
2024.08.16,000030.SZ,0.15655944512223027
2024.08.16,000048.SZ,0.17225214994441967
2024.08.16,000049.SZ,0.18620260232155586
2024.08.16,000042.SZ,0.08695185122366535
2024.08.16,600033.SH,0.006445652980994595
2024.08.16,600013.SH,0.3058339625620256
2024.08.16,000032.SZ,0.09236154690611455
2024.08.16,000036.SZ,0.32413670752998497
2024.08.16,600039.SH,0.051699937561133336
2024.08.16,000035.SZ,0.06592885625655026
2024.08.16,600025.SH,0.06639718239050967
2024.08.16,600001.SH,0.4697334821547925
2024.08.16,600026.SH,0.06018440094773346
2024.08.16,000005.SZ,0.24928627611090515
2024.08.16,000002.SZ,0.07838089299261526
2024.08.16,000033.SZ,0.09880288462099221
2024.08.16,600041.SH,0.06664651536763636
2024.08.16,600007.SH,0.01887770180575181
2024.08.16,000004.SZ,0.40197380611634476
2024.08.16,600042.SH,0.7333142100441741
2024.08.16,000046.SZ,0.018324382892563464
2024.08.16,600031.SH,0.05107045577852516
2024.08.16,600024.SH,0.14590671692529616
2024.08.16,600043.SH,0.05432695250569385
2024.08.16,600015.SH,0.10335898154168144
2024.08.16,600028.SH,0.32786463853915343
2024.08.16,600011.SH,0.035098766774619775
2024.08.16,600046.SH,0.24900055838528923
2024.08.16,600016.SH,0.08580225364934597
2024.08.16,000023.SZ,0.057639058417033
2024.08.16,000014.SZ,0.030660545738424236
2024.08.16,600020.SH,0.10663874676291778
2024.08.16,000045.SZ,0.03908641803533692
2024.08.16,600035.SH,0.016365232751668433
2024.08.16,000020.SZ,0.05462923587567138
2024.08.16,000022.SZ,0.03538070790983959
2024.08.16,600000.SH,0.13940817947936168
2024.08.16,600008.SH,0.08885335540546585
2024.08.16,000028.SZ,0.05383438634082237
2024.08.16,000021.SZ,0.012580384764423719
2024.08.16,600030.SH,0.014971309697025197
2024.08.16,600038.SH,0.08545911000069635
2024.08.16,600002.SH,0.07495118793299523
2024.08.16,000039.SZ,0.2871718158214614
2024.08.16,600010.SH,0.0018950666059392338
2024.08.16,000043.SZ,0.08794914296980348
2024.08.16,600012.SH,0.19811497451122628
2024.08.16,600040.SH,0.13459040096412433
2024.08.16,000029.SZ,0.08284299351911556
2024.08.16,600006.SH,0.04870969521381627
2024.08.16,000031.SZ,0.0411458157857142
2024.08.16,000034.SZ,0.1506441436810051
2024.08.16,000040.SZ,0.056309491638269996
2024.08.16,000050.SZ,0.08957104219059688
2024.08.16,600032.SH,0.11731131088819816
2024.08.16,600018.SH,0.003796690302226708
2024.08.16,000026.SZ,0.0859283444342598
2024.08.19,000006.SZ,0.01130181717678787
2024.08.19,600049.SH,0.03476810993316688
2024.08.19,000047.SZ,0.5459704677545616
2024.08.19,000004.SZ,0.1675317722691957
2024.08.19,000030.SZ,0.059054085438380574
2024.08.19,000044.SZ,0.01893301049367058
2024.08.19,600021.SH,0.02497653944049814
2024.08.19,000016.SZ,0.016349134926328602
2024.08.19,600010.SH,0.01633263794889138
2024.08.19,000005.SZ,0.2753919308218781
2024.08.19,000025.SZ,0.03770744949002804
2024.08.19,600012.SH,0.14169267128309435
2024.08.19,600044.SH,0.1296450533795183
2024.08.19,600009.SH,0.07646989690651071
2024.08.19,000010.SZ,0.23847694443232836
2024.08.19,000012.SZ,0.14406820169136786
2024.08.19,000026.SZ,0.07554075708755607
2024.08.19,600035.SH,0.17816106719268854
2024.08.19,000015.SZ,0.0990077058806576
2024.08.19,000038.SZ,0.11786775617572914
2024.08.19,600039.SH,0.12256277853024357
2024.08.19,600000.SH,0.2000120858989024
2024.08.19,000018.SZ,0.11651088798748842
2024.08.19,000013.SZ,0.108771657364218
2024.08.19,600042.SH,0.07734648866620775
2024.08.19,600011.SH,0.031058787561079753
2024.08.19,000041.SZ,0.1202992825473361
2024.08.19,000003.SZ,0.024211415287349387
2024.08.19,600023.SH,0.11495149560168154
2024.08.19,000035.SZ,0.24438241033021804
2024.08.19,000040.SZ,0.3230889305263839
2024.08.19,600041.SH,0.013267125283299718
2024.08.19,000021.SZ,0.03556707888222906
2024.08.19,600026.SH,0.0006366974562843583
2024.08.19,600027.SH,0.056237228008259504
2024.08.19,000031.SZ,0.07946139050708866
2024.08.19,600046.SH,0.04981261715484361
2024.08.19,000014.SZ,0.0026280617612451855
2024.08.19,000022.SZ,0.08732300056752337
2024.08.19,600031.SH,0.21140579201170265
2024.08.19,600019.SH,0.3164216013948588
2024.08.19,600008.SH,0.15010999426849456
2024.08.19,000039.SZ,0.41424552207150633
2024.08.19,600007.SH,0.09453534792077682
2024.08.19,000049.SZ,0.32949124313891487
2024.08.19,000034.SZ,0.06620879569774756
2024.08.19,000048.SZ,0.26184423298396564
2024.08.19,000036.SZ,0.014051919413918923
2024.08.19,600015.SH,0.0228316179261157
2024.08.19,600018.SH,0.12225297029648677
2024.08.19,600024.SH,0.31802148569268646
2024.08.19,000028.SZ,0.32685620662061526
2024.08.19,600038.SH,0.05988811114485778
2024.08.19,000037.SZ,0.016284439397790357
2024.08.19,600003.SH,0.050138930398711284
2024.08.19,600037.SH,0.01236500898464152
2024.08.19,600014.SH,0.047143945635573274
2024.08.19,600040.SH,0.07729621488646783
2024.08.19,000017.SZ,0.21570505035730567
2024.08.19,600017.SH,0.0650375520498496
2024.08.19,000019.SZ,0.023164276206323893
2024.08.19,000007.SZ,0.061558725034511215
2024.08.19,600032.SH,0.0110887361904094
2024.08.19,600020.SH,0.0031445801715578666
2024.08.19,600048.SH,0.1090627584640078
2024.08.19,000032.SZ,0.08597151843576542
2024.08.19,000008.SZ,0.051118540408415916
2024.08.19,000011.SZ,0.12689609717312642
2024.08.19,000020.SZ,0.05035245682777155
2024.08.19,000043.SZ,0.0758451848260119
2024.08.19,600001.SH,0.11293885171199913
2024.08.19,600043.SH,0.26811012402260265
2024.08.19,000009.SZ,0.054169651031967754
2024.08.19,000046.SZ,0.523288399460093
2024.08.19,600025.SH,0.06679932649184277
2024.08.19,600013.SH,0.005025993798950082
2024.08.19,600033.SH,0.06657223220945856
2024.08.19,600016.SH,0.014659104066674786
2024.08.19,600002.SH,0.020323615028891812
2024.08.19,000029.SZ,0.009645121965544168
2024.08.19,600028.SH,0.06008187764401322
2024.08.19,600022.SH,0.08220468727754465
2024.08.19,000042.SZ,0.14632616251881778
2024.08.19,000002.SZ,0.08504982426494467
2024.08.19,000023.SZ,0.14175816250581266
2024.08.19,600030.SH,0.1498525570028653
2024.08.19,000001.SZ,0.01782563703207078
2024.08.19,600029.SH,0.001652907073435762
2024.08.19,600034.SH,0.03841106962475331
2024.08.19,600005.SH,0.028507490983663585
2024.08.19,000050.SZ,0.293579804153956
2024.08.19,000045.SZ,0.05905830486721213
2024.08.19,600004.SH,0.025835710229765718
2024.08.19,600047.SH,0.19781854267588353
2024.08.19,600045.SH,0.05715195440790018
2024.08.19,000033.SZ,0.2751885091186395
2024.08.19,600006.SH,0.3577330608778849
2024.08.20,000042.SZ,0.0012685391754500076
2024.08.20,600029.SH,0.0314909161308267
2024.08.20,600044.SH,0.04237480809420708
2024.08.20,600013.SH,0.06355122249585352
2024.08.20,600046.SH,0.188489826696386
2024.08.20,000016.SZ,0.31500113599290663
2024.08.20,600008.SH,0.03564050086862903
2024.08.20,600015.SH,0.09741538198833448
2024.08.20,000035.SZ,0.1945652760375664
2024.08.20,600001.SH,0.05200728411205135
2024.08.20,600045.SH,0.1517777849370013
2024.08.20,600009.SH,0.20899375203611134
2024.08.20,600002.SH,0.09103488735805818
2024.08.20,600028.SH,0.041104638935943016
2024.08.20,000017.SZ,0.07494512237048939
2024.08.20,600014.SH,0.03811108945884902
2024.08.20,600026.SH,0.09607984363981632
2024.08.20,000008.SZ,0.22152251952914825
2024.08.20,000019.SZ,0.3823439991844293
2024.08.20,600040.SH,0.11033978886408423
2024.08.20,000026.SZ,0.11161255679696633
2024.08.20,600038.SH,0.003981392012153606
2024.08.20,000050.SZ,0.09922515825880641
2024.08.20,000045.SZ,0.02864653164171542
2024.08.20,000011.SZ,0.11612498884655381
2024.08.20,600037.SH,0.0525663226439101
2024.08.20,600048.SH,0.03194308987277571
2024.08.20,000014.SZ,0.1704523294175064
2024.08.20,600000.SH,0.18646461456098756
2024.08.20,000028.SZ,0.26704805885493077
2024.08.20,600042.SH,0.0368094736297056
2024.08.20,600039.SH,0.09420813745775963
2024.08.20,600011.SH,0.061226156051390514
2024.08.20,000022.SZ,0.02789947346405306
2024.08.20,600049.SH,0.37558619839752583
2024.08.20,600034.SH,0.21821404321342736
2024.08.20,600027.SH,0.19077298954286798
2024.08.20,000010.SZ,0.015170139114460012
2024.08.20,600025.SH,0.08116730899462032
2024.08.20,000013.SZ,0.054598909779341266
2024.08.20,000004.SZ,0.10882715220789278
2024.08.20,600003.SH,0.2260101817727159
2024.08.20,000003.SZ,0.1335521859579543
2024.08.20,000038.SZ,0.07939123745055765
2024.08.20,600033.SH,0.1137857154494366
2024.08.20,600022.SH,0.035159617518026196
2024.08.20,000031.SZ,0.0721693829966102
2024.08.20,600047.SH,0.3117554150680317
2024.08.20,000025.SZ,0.06318940140344205
2024.08.20,600023.SH,0.036941086786165804
2024.08.20,000001.SZ,0.26450123321999064
2024.08.20,000041.SZ,0.16808027963739364
2024.08.20,600035.SH,0.07413063432595456
2024.08.20,600016.SH,0.06346257735131428
2024.08.20,000018.SZ,0.06286784110022922
2024.08.20,000046.SZ,0.44535152036181674
2024.08.20,000030.SZ,0.2166830694855349
2024.08.20,600010.SH,0.10500613063594834
2024.08.20,600012.SH,0.002940459192257656
2024.08.20,000029.SZ,0.162981770416283
2024.08.20,000024.SZ,0.15406694434222137
2024.08.20,600036.SH,0.08770150452357213
2024.08.20,000049.SZ,0.057992028003055224
2024.08.20,000040.SZ,0.021141682078317903
2024.08.20,000015.SZ,0.06947426777777403
2024.08.20,600030.SH,0.1721193240917117
2024.08.20,600004.SH,0.0065126882056784
2024.08.20,000032.SZ,0.11654921856488895
2024.08.20,600017.SH,0.18425124616202818
2024.08.20,000012.SZ,0.11526930431280419
2024.08.20,600018.SH,0.0010933930749159237
2024.08.20,000034.SZ,0.09537008455316172
2024.08.20,600020.SH,0.08985531310811169
2024.08.20,000037.SZ,0.21857080678110555
2024.08.20,600031.SH,0.0038470975521686297
2024.08.20,000006.SZ,0.10002590107363962
2024.08.20,000009.SZ,0.08636903429625047
2024.08.20,000007.SZ,0.060534423244343535
2024.08.20,000033.SZ,0.3315460002757612
2024.08.20,600005.SH,0.7532846381869288
2024.08.20,000043.SZ,0.08643605167833815
2024.08.20,600007.SH,0.027669121327151533
2024.08.20,000005.SZ,0.24193637134091306
2024.08.20,000020.SZ,0.11221034364261498
2024.08.20,600043.SH,0.21793310684664138
2024.08.20,000047.SZ,0.012404661140341652
2024.08.20,600032.SH,0.024768071319308364
2024.08.20,600019.SH,0.11974977720957442
2024.08.20,000021.SZ,0.4916030928247243
2024.08.20,600041.SH,0.12032925430617102
2024.08.20,600006.SH,0.13723240500946982
2024.08.20,000036.SZ,0.08287706858136161
2024.08.20,000002.SZ,0.06123484640659148
2024.08.20,000039.SZ,0.056825191792817725
2024.08.20,000023.SZ,0.01727202213511599
2024.08.20,600024.SH,0.07224660468264868
2024.08.20,000044.SZ,0.008048223123472144
2024.08.21,600043.SH,0.16570023880350612
2024.08.21,600002.SH,0.07424092772932576
2024.08.21,000043.SZ,0.012592396931718021
2024.08.21,600007.SH,0.21460463519142184
2024.08.21,000001.SZ,0.32925908539845167
2024.08.21,600000.SH,0.03843565003759122
2024.08.21,600015.SH,0.1230065391823404
2024.08.21,600020.SH,0.03806293746163419
2024.08.21,600049.SH,0.10422954960109042
2024.08.21,600017.SH,0.09546079405913131
2024.08.21,600032.SH,0.024797701679277456
2024.08.21,000027.SZ,0.18101279248851557
2024.08.21,600029.SH,0.13107891782859588
2024.08.21,600012.SH,0.0948753768808843
2024.08.21,600031.SH,0.06807879049443884
2024.08.21,000036.SZ,0.0721863442619429
2024.08.21,600003.SH,0.2948848108055476
2024.08.21,000020.SZ,0.009910082048241961
2024.08.21,600037.SH,0.3066399676098935
2024.08.21,600001.SH,0.021810340045616255
2024.08.21,600024.SH,0.0054865028185834466
2024.08.21,000041.SZ,0.054112180524513255
2024.08.21,000038.SZ,0.12737738369623258
2024.08.21,600019.SH,0.07799318510924304
2024.08.21,600026.SH,0.060272826752373984
2024.08.21,600046.SH,0.003127550530204698
2024.08.21,000003.SZ,0.04104565030487943
2024.08.21,600039.SH,0.021745045896551237
2024.08.21,600041.SH,0.013241832188840685
2024.08.21,600044.SH,0.014910244734913867
2024.08.21,000032.SZ,0.14496881226225128
2024.08.21,000034.SZ,0.12176661988746784
2024.08.21,600034.SH,0.08539259791591167
2024.08.21,000004.SZ,0.005830937834616465
2024.08.21,000029.SZ,0.26417016687306805
2024.08.21,600040.SH,0.07040485868540002
2024.08.21,000005.SZ,0.041222835079820434
2024.08.21,600006.SH,0.12364599316316781
2024.08.21,600008.SH,0.021006053097076864
2024.08.21,600025.SH,0.1543687695518823
2024.08.21,000048.SZ,0.16222768290839543
2024.08.21,000028.SZ,0.1349671784088606
2024.08.21,000025.SZ,0.17753933119146434
2024.08.21,000045.SZ,0.062477128010331
2024.08.21,000013.SZ,0.08152493408670518
2024.08.21,000040.SZ,0.1310122515221606
2024.08.21,000024.SZ,0.06193908370545309
2024.08.21,000012.SZ,0.07276713894732698
2024.08.21,000015.SZ,0.12983346533428924
2024.08.21,000006.SZ,0.029667368904845153
2024.08.21,000047.SZ,0.04075921832188439
2024.08.21,000049.SZ,0.2084930164375025
2024.08.21,600005.SH,0.22810308118980904
2024.08.21,000008.SZ,0.009332368007366188
2024.08.21,600035.SH,0.2233167793480901
2024.08.21,600042.SH,0.19891947947816516
2024.08.21,600048.SH,0.051885990281861416
2024.08.21,600022.SH,0.04117245441886618
2024.08.21,600030.SH,0.015490828542200217
2024.08.21,600011.SH,0.07402653774104576
2024.08.21,000044.SZ,0.10812292356548209
2024.08.21,000046.SZ,0.08262327636236956
2024.08.21,000014.SZ,0.07203672086761027
2024.08.21,600033.SH,0.016367232084771564
2024.08.21,000019.SZ,0.22074465168268806
2024.08.21,600047.SH,0.02887255114188081
2024.08.21,000002.SZ,0.08938747720636094
2024.08.21,000011.SZ,0.39571912376029594
2024.08.21,000016.SZ,0.08213868063899957
2024.08.21,000023.SZ,0.100709173690663
2024.08.21,000042.SZ,0.07280142016917425
2024.08.21,000037.SZ,0.22797616824322947
2024.08.21,600013.SH,0.03524457844706718
2024.08.21,000010.SZ,0.05440626357761416
2024.08.21,600004.SH,0.185902072390579
2024.08.21,600016.SH,0.161039140494178
2024.08.21,000009.SZ,0.09085281819867069
2024.08.21,600009.SH,0.05377462199701046
2024.08.21,600036.SH,0.09317980008019348
2024.08.21,000026.SZ,0.13360782249383213
2024.08.21,600027.SH,0.18243850649649243
2024.08.21,000033.SZ,0.027794920986356463
2024.08.21,000021.SZ,0.26685769963422384
2024.08.21,600010.SH,0.11266688688724281
2024.08.21,600045.SH,0.008307620732851156
2024.08.21,600021.SH,0.007228026368686153
2024.08.21,600014.SH,0.17611629329739326
2024.08.21,000031.SZ,0.1052193361828513
2024.08.21,000050.SZ,0.09391329971130405
2024.08.21,600028.SH,0.07481069597196877
2024.08.21,600023.SH,0.01587199925851025
2024.08.21,600018.SH,0.03954202468415758
2024.08.21,000017.SZ,0.1590195912228919
2024.08.21,000022.SZ,0.0339486865448448
2024.08.21,600038.SH,0.04074685719546771
2024.08.21,000018.SZ,0.006061784054977014
2024.08.21,000030.SZ,0.3515205454827486
2024.08.22,000035.SZ,0.43575203146222646
2024.08.22,600018.SH,0.09635922362836263
2024.08.22,000014.SZ,0.11765581171559207
2024.08.22,000025.SZ,0.16379555778353985
2024.08.22,600045.SH,0.04215406506042882
2024.08.22,000044.SZ,0.0218038993867103
2024.08.22,000018.SZ,0.06577119069042445
2024.08.22,000013.SZ,0.21941284683230838
2024.08.22,000007.SZ,0.34060285660381656
2024.08.22,600004.SH,0.44226910052354795
2024.08.22,000001.SZ,0.02127322198647557
2024.08.22,000019.SZ,0.07425940079605065
2024.08.22,000028.SZ,0.17515612666873542
2024.08.22,600019.SH,0.03649903190189725
2024.08.22,600022.SH,0.08114055163614409
2024.08.22,600027.SH,0.008077830537413748
2024.08.22,000002.SZ,0.03861383500315413
2024.08.22,000023.SZ,0.11282922836699379
2024.08.22,600041.SH,0.0718489919080977
2024.08.22,000043.SZ,0.17845005888112353
2024.08.22,600025.SH,0.12408015815480186
2024.08.22,000037.SZ,0.2520436192678129
2024.08.22,000042.SZ,0.0384185716337243
2024.08.22,600016.SH,0.06774544795845815
2024.08.22,000033.SZ,0.01591910163774379
2024.08.22,600003.SH,0.01676813702626679
2024.08.22,000041.SZ,0.17699133038265386
2024.08.22,000020.SZ,0.14129698459158885
2024.08.22,000046.SZ,0.28582224798151956
2024.08.22,600048.SH,0.12537696664386705
2024.08.22,000049.SZ,0.0932586841226996
2024.08.22,600010.SH,0.030158044238547774
2024.08.22,000024.SZ,0.29638704570600466
2024.08.22,600009.SH,0.004419194691875255
2024.08.22,000047.SZ,0.07436930628523641
2024.08.22,000011.SZ,0.0007981311746117994
2024.08.22,600030.SH,0.035220630014253476
2024.08.22,600023.SH,0.021389476283337906
2024.08.22,600049.SH,0.03914457665408523
2024.08.22,600000.SH,0.07498267189644159
2024.08.22,000010.SZ,0.01965323674710697
2024.08.22,000034.SZ,0.011444895236067162
2024.08.22,000004.SZ,0.10408561322928635
2024.08.22,600015.SH,0.05512419161134183
2024.08.22,000026.SZ,0.03994507103402652
2024.08.22,600006.SH,0.05762024020365568
2024.08.22,600033.SH,0.08347840415217879
2024.08.22,600036.SH,0.08670525708782227
2024.08.22,600035.SH,0.07526977861399035
2024.08.22,600046.SH,0.005610239697507887
2024.08.22,000045.SZ,0.001860600564673899
2024.08.22,600002.SH,0.2886947724910301
2024.08.22,000022.SZ,0.09541470741501677
2024.08.22,600008.SH,0.25343781622462136
2024.08.22,000006.SZ,0.05990074244270148
2024.08.22,600011.SH,0.07417043360983896
2024.08.22,600038.SH,0.07839165095046197
2024.08.22,600007.SH,0.08548847130098845
2024.08.22,600001.SH,0.0992319041836819
2024.08.22,000016.SZ,0.09485876863274426
2024.08.22,600028.SH,0.02962536119560352
2024.08.22,000003.SZ,0.04390009717239168
2024.08.22,600005.SH,0.7919723537708401
2024.08.22,000021.SZ,0.004838610419128226
2024.08.22,600013.SH,0.23228400764266383
2024.08.22,600044.SH,0.0886793651995667
2024.08.22,600029.SH,0.03886295021045673
2024.08.22,000039.SZ,0.19095859071490434
2024.08.22,600042.SH,0.016801771825408016
2024.08.22,000012.SZ,0.1473747567462022
2024.08.22,600047.SH,0.0245165784376342
2024.08.22,600026.SH,0.04199065104554175
2024.08.22,000040.SZ,0.08833051708755227
2024.08.22,600021.SH,0.062368453439459196
2024.08.22,000032.SZ,0.0713634262232225
2024.08.22,000030.SZ,0.19803149140959275
2024.08.22,600024.SH,0.46999937624431337
2024.08.22,000027.SZ,0.1755118889728481
2024.08.22,000036.SZ,0.03899798833835759
2024.08.22,000038.SZ,0.062316617773948244
2024.08.22,600040.SH,0.1667962561146103
2024.08.22,000029.SZ,0.17328834580626257
2024.08.22,600017.SH,0.1770356450728504
2024.08.22,000031.SZ,0.2751831322023347
2024.08.22,600032.SH,0.22211412257083285
2024.08.22,600031.SH,0.008872604281459176
2024.08.22,600034.SH,0.26946854272641374
2024.08.22,000005.SZ,0.10983148588653985
2024.08.22,600014.SH,0.3233465686647549
2024.08.22,000017.SZ,0.11673668869153658
2024.08.22,000050.SZ,0.21843052239386843
2024.08.22,600020.SH,0.00970437386271476
2024.08.22,000015.SZ,0.03796426069778409
2024.08.22,000009.SZ,0.01467003326523188
2024.08.22,600012.SH,0.10671438507131444
2024.08.22,600037.SH,0.06283544221309355
2024.08.22,000048.SZ,0.020717033147689128
2024.08.23,600029.SH,0.03909470762856214
2024.08.23,000049.SZ,0.18304078496059925
2024.08.23,000021.SZ,0.2347910456142586
2024.08.23,600001.SH,0.23838843070453675
2024.08.23,000034.SZ,0.08671677488758626
2024.08.23,600037.SH,0.02914259491219419
2024.08.23,600024.SH,0.07590877281486907
2024.08.23,600032.SH,0.025760063376744552
2024.08.23,000026.SZ,0.004970891187377825
2024.08.23,000032.SZ,0.11283572539002569
2024.08.23,000039.SZ,0.008403558457457692
2024.08.23,600012.SH,0.03178068946143136
2024.08.23,000044.SZ,0.0447034206052206
2024.08.23,000005.SZ,0.1962669377426054
2024.08.23,600027.SH,0.28604222032618437
2024.08.23,600030.SH,0.09788325759898739
2024.08.23,600042.SH,0.1844060015103314
2024.08.23,600017.SH,0.15248199562198705
2024.08.23,600011.SH,0.07589863477170773
2024.08.23,000040.SZ,0.07422019074783698
2024.08.23,600014.SH,0.05669670639766882
2024.08.23,000027.SZ,0.013347423608100753
2024.08.23,600010.SH,0.050296234483683644
2024.08.23,000046.SZ,0.013408615138981487
2024.08.23,600040.SH,0.041208447229072964
2024.08.23,000033.SZ,0.12638141196783928
2024.08.23,600000.SH,0.0396708727159973
2024.08.23,000023.SZ,0.02278703254347856
2024.08.23,600022.SH,0.3108628243448116
2024.08.23,600028.SH,0.39336850646323474
2024.08.23,000015.SZ,0.06902014207415652
2024.08.23,000002.SZ,0.30178844418069684
2024.08.23,600009.SH,0.1270790129421029
2024.08.23,600036.SH,0.004409183175241714
2024.08.23,000008.SZ,0.2855893745628406
2024.08.23,600013.SH,0.12586915827838507
2024.08.23,000001.SZ,0.07912572273571906
2024.08.23,000011.SZ,0.0764257811393657
2024.08.23,000028.SZ,0.13454280091899115
2024.08.23,000029.SZ,0.23235831810521057
2024.08.23,600034.SH,0.13473796960248594
2024.08.23,600043.SH,0.03854308211908603
2024.08.23,000010.SZ,0.06630766147785123
2024.08.23,600020.SH,0.09054876109480563
2024.08.23,000019.SZ,0.040279789075372184
2024.08.23,000006.SZ,0.3884143279693448
2024.08.23,600004.SH,0.07618390168587616
2024.08.23,600038.SH,0.11391249436968076
2024.08.23,600005.SH,0.33304343565131017
2024.08.23,600047.SH,0.18855067023326808
2024.08.23,000016.SZ,0.05025833349939503
2024.08.23,000013.SZ,0.2311285391771832
2024.08.23,600044.SH,0.16655089564775308
2024.08.23,000022.SZ,0.12333506670427274
2024.08.23,000037.SZ,0.1045810707922098
2024.08.23,600008.SH,0.11307552027322751
2024.08.23,600033.SH,0.17176521186473856
2024.08.23,000043.SZ,0.040136732125146964
2024.08.23,000038.SZ,0.033349363667695815
2024.08.23,000024.SZ,0.1277569955903171
2024.08.23,000036.SZ,0.01496406620999258
2024.08.23,600041.SH,0.36221887058174207
2024.08.23,600039.SH,0.011484604904250675
2024.08.23,600007.SH,0.04036480219820615
2024.08.23,000017.SZ,0.4064618789200215
2024.08.23,600002.SH,0.12135977713691785
2024.08.23,600016.SH,0.3560146107743008
2024.08.23,600018.SH,0.2133001964902289
2024.08.23,000014.SZ,0.022965174428722722
2024.08.23,000041.SZ,0.3317345561675648
2024.08.23,000009.SZ,0.05573425391966227
2024.08.23,600048.SH,0.507525274448548
2024.08.23,600021.SH,0.08893064130242842
2024.08.23,000018.SZ,0.3076613473944505
2024.08.23,600019.SH,0.12037867687726986
2024.08.23,600045.SH,0.018090646606347762
2024.08.23,000031.SZ,0.2147674888441586
2024.08.23,600003.SH,0.06682164627226836
2024.08.23,000047.SZ,0.04331979502390572
2024.08.23,600026.SH,0.14695020705785003
2024.08.23,600031.SH,0.08220046459099174
2024.08.23,000042.SZ,0.20760281674348827
2024.08.23,000003.SZ,0.005847774009760783
2024.08.23,000050.SZ,0.03679275582080498
2024.08.23,600046.SH,0.35545351719846435
2024.08.23,600015.SH,0.24777776924500894
2024.08.23,600049.SH,0.47588787746801076
2024.08.23,000045.SZ,0.057135174183158464
2024.08.23,000004.SZ,0.011495065258555228
2024.08.23,000035.SZ,0.02747456929426551
2024.08.23,000007.SZ,0.07674628275496741
2024.08.23,600006.SH,0.15964861257258614
2024.08.23,600035.SH,0.09118253935274642
2024.08.23,000020.SZ,0.25151697792461597
2024.08.23,000048.SZ,0.037737228010885804
2024.08.23,000025.SZ,0.03379754688108948
