TradingDate,SecurityID,Value
2024.06.03,600001.SH,0.05898104005718624
2024.06.03,600046.SH,0.4765284233380729
2024.06.03,000048.SZ,0.009773908265232386
2024.06.03,000026.SZ,0.11230485973376177
2024.06.03,600035.SH,0.1456487753422406
2024.06.03,000025.SZ,0.07317332464335431
2024.06.03,000004.SZ,0.050463384589695015
2024.06.03,000031.SZ,0.09655609885149198
2024.06.03,000014.SZ,0.03281931349588072
2024.06.03,600040.SH,0.2517201470310927
2024.06.03,600008.SH,0.0032647730349298206
2024.06.03,000038.SZ,0.0015890153150168165
2024.06.03,000047.SZ,0.14116578240737682
2024.06.03,600019.SH,0.05264876314792754
2024.06.03,000016.SZ,0.14420835924264733
2024.06.03,000007.SZ,0.18167359209768527
2024.06.03,600005.SH,0.11914070167830322
2024.06.03,000033.SZ,0.2787290795588338
2024.06.03,600017.SH,0.2632923977649525
2024.06.03,600011.SH,0.07817727983278097
2024.06.03,000023.SZ,0.04577718650127426
2024.06.03,600020.SH,0.4604428223056442
2024.06.03,600021.SH,0.12956442786116545
2024.06.03,600022.SH,0.4424811072081893
2024.06.03,600004.SH,0.027773926737727828
2024.06.03,600007.SH,0.27743517692471925
2024.06.03,000008.SZ,0.02621287392222048
2024.06.03,000044.SZ,0.249978590251906
2024.06.03,600037.SH,0.1398715351197472
2024.06.03,600025.SH,0.047655080987488774
2024.06.03,000015.SZ,0.016307212707540132
2024.06.03,600003.SH,0.01350759448492373
2024.06.03,000018.SZ,0.16764933104120422
2024.06.03,000002.SZ,0.11014199272966914
2024.06.03,600015.SH,0.0715017875089036
2024.06.03,000037.SZ,0.04086745947381156
2024.06.03,600026.SH,0.11967801131862889
2024.06.03,600018.SH,0.11033355492415194
2024.06.03,600036.SH,0.09824928198024015
2024.06.03,000021.SZ,0.0006201697723508106
2024.06.03,600006.SH,0.000495992623234705
2024.06.03,000013.SZ,0.13561163516360908
2024.06.03,000039.SZ,0.41762075398590315
2024.06.03,600024.SH,0.10649883585515765
2024.06.03,000020.SZ,0.011281621547411113
2024.06.03,600049.SH,0.015596953990179267
2024.06.03,000019.SZ,0.0762245865422103
2024.06.03,600039.SH,0.08306267879106323
2024.06.03,600029.SH,0.11375873177586968
2024.06.03,000009.SZ,0.23719711022969947
2024.06.03,600043.SH,0.08357939338056951
2024.06.03,600028.SH,0.10637975595859235
2024.06.03,000032.SZ,0.13579093980697562
2024.06.03,000046.SZ,0.00555381993709324
2024.06.03,000027.SZ,0.24113944790383174
2024.06.03,600047.SH,0.23771956016501383
2024.06.03,600031.SH,0.05405191882692596
2024.06.03,000006.SZ,0.1155556961931186
2024.06.03,600016.SH,0.008577773514780979
2024.06.03,000011.SZ,0.007924240177163942
2024.06.03,000024.SZ,0.18438855880933241
2024.06.03,600023.SH,0.01476164059540827
2024.06.03,600012.SH,0.03344218437517724
2024.06.03,000035.SZ,0.022808710848348224
2024.06.03,600045.SH,0.08325716626092786
2024.06.03,600013.SH,0.5231500916695607
2024.06.03,600027.SH,0.054473149197587035
2024.06.03,000029.SZ,0.06953990553894811
2024.06.03,000050.SZ,0.187473262141794
2024.06.03,000036.SZ,0.13229770410246675
2024.06.03,000005.SZ,0.4888809950828565
2024.06.03,600034.SH,0.4056842089366833
2024.06.03,000012.SZ,0.0008410194707412371
2024.06.03,600041.SH,0.020291596992683573
2024.06.03,600042.SH,0.04997453196740753
2024.06.03,000028.SZ,0.3449577439256023
2024.06.03,000017.SZ,0.35216574147579893
2024.06.03,000001.SZ,0.5504922103303771
2024.06.03,000003.SZ,0.016600911437627295
2024.06.03,000042.SZ,0.13560616779579837
2024.06.03,600009.SH,0.004389440773226577
2024.06.03,000010.SZ,0.02385788876902529
2024.06.03,000041.SZ,0.47525683163895616
2024.06.03,600038.SH,0.2682058870185681
2024.06.03,600033.SH,0.11277295913367275
2024.06.03,600010.SH,0.011904909445465824
2024.06.03,600030.SH,0.04852108862784753
2024.06.03,600000.SH,0.09574566766420861
2024.06.03,000043.SZ,0.12924777497048787
2024.06.03,000045.SZ,0.08019856015286007
2024.06.03,600044.SH,0.056049772307986356
2024.06.03,000049.SZ,0.0833926612712825
2024.06.03,600014.SH,0.08131975933939178
2024.06.03,600032.SH,0.08146475648612665
2024.06.03,000030.SZ,0.06252696681855675
2024.06.03,000040.SZ,0.1231941855394195
2024.06.03,600002.SH,0.1478931934830576
2024.06.03,000022.SZ,0.007555096166736255
2024.06.04,600034.SH,0.10637775415852432
2024.06.04,600001.SH,0.4242088916481475
2024.06.04,600011.SH,0.050167479811525986
2024.06.04,000023.SZ,0.20637996762548413
2024.06.04,000045.SZ,0.537391724014831
2024.06.04,000016.SZ,0.04814967135884055
2024.06.04,600042.SH,0.0005702784203934566
2024.06.04,000044.SZ,0.01294400878429492
2024.06.04,600020.SH,0.023657805777218988
2024.06.04,600036.SH,0.20321293570816135
2024.06.04,000050.SZ,0.05628028675085954
2024.06.04,600025.SH,0.04706658136277149
2024.06.04,600022.SH,0.323937360964457
2024.06.04,000020.SZ,0.17653502381252625
2024.06.04,000025.SZ,0.07111568174455508
2024.06.04,600045.SH,0.09468273227463138
2024.06.04,000008.SZ,0.028637542466223624
2024.06.04,600040.SH,0.028637421596090614
2024.06.04,000040.SZ,0.01125380749537089
2024.06.04,600019.SH,0.019392750574296565
2024.06.04,000031.SZ,0.14750391923233488
2024.06.04,600010.SH,0.050145762214379656
2024.06.04,000024.SZ,0.2204646070604481
2024.06.04,000043.SZ,0.06388224846064523
2024.06.04,600037.SH,0.0697593002937962
2024.06.04,000005.SZ,0.0053914415247192805
2024.06.04,000036.SZ,0.16040776769042442
2024.06.04,600006.SH,0.41517252964211804
2024.06.04,600047.SH,0.13387702980101562
2024.06.04,600046.SH,0.08426272144919372
2024.06.04,000042.SZ,0.011263639954821094
2024.06.04,000015.SZ,0.11960153543407849
2024.06.04,000007.SZ,0.0675713668886847
2024.06.04,000002.SZ,0.06281792517308218
2024.06.04,000035.SZ,0.23064879252257967
2024.06.04,000011.SZ,0.12593194053622989
2024.06.04,000021.SZ,0.5577188918945989
2024.06.04,000001.SZ,0.25497415786062566
2024.06.04,000022.SZ,0.1881436515201416
2024.06.04,600014.SH,0.0436802896434395
2024.06.04,600026.SH,0.05623166291831251
2024.06.04,600032.SH,0.031124596397343232
2024.06.04,000046.SZ,0.02128237942982855
2024.06.04,600043.SH,0.029807228557684032
2024.06.04,000033.SZ,0.00043526333521999626
2024.06.04,000009.SZ,0.0658718196313361
2024.06.04,600002.SH,0.053118601734251446
2024.06.04,600039.SH,0.09642597477032766
2024.06.04,600023.SH,0.023720582164155617
2024.06.04,600007.SH,0.35124143372186567
2024.06.04,600049.SH,0.19126420141937792
2024.06.04,000006.SZ,0.05015294162976056
2024.06.04,600012.SH,0.06643390330950324
2024.06.04,000037.SZ,0.14698231918680685
2024.06.04,600000.SH,0.003012103313373816
2024.06.04,000003.SZ,0.04466599203334986
2024.06.04,600009.SH,0.23327106107786516
2024.06.04,600028.SH,0.028476442464645275
2024.06.04,600033.SH,0.20472366963741248
2024.06.04,000041.SZ,0.021655939648746538
2024.06.04,000010.SZ,0.06030546203214878
2024.06.04,600048.SH,0.17335894560395618
2024.06.04,000038.SZ,0.0016229322343406718
2024.06.04,000030.SZ,0.07101904322911509
2024.06.04,600013.SH,0.3212547453700959
2024.06.04,000047.SZ,0.0717154755588706
2024.06.04,600016.SH,0.00027810757317173527
2024.06.04,600024.SH,0.01128670872612265
2024.06.04,000034.SZ,0.06775199885571485
2024.06.04,600004.SH,0.21064228515625202
2024.06.04,600015.SH,0.14022740817510915
2024.06.04,000028.SZ,0.027546976959728228
2024.06.04,000017.SZ,0.009433312498752193
2024.06.04,000019.SZ,0.052072845347201045
2024.06.04,000014.SZ,0.025599058306902074
2024.06.04,000026.SZ,0.12456059833966698
2024.06.04,600008.SH,0.1277727976526112
2024.06.04,000049.SZ,0.13827605885852587
2024.06.04,600029.SH,0.1916663240426746
2024.06.04,600041.SH,0.032388289969488664
2024.06.04,000029.SZ,0.11922622474969492
2024.06.04,000039.SZ,0.4498011529327566
2024.06.04,600044.SH,0.38080574315325766
2024.06.04,600003.SH,0.04220290024070332
2024.06.04,000012.SZ,0.5529676463205396
2024.06.04,600027.SH,0.19968257506012368
2024.06.04,600005.SH,0.08624464467188873
2024.06.04,600018.SH,0.10626401558110248
2024.06.04,000027.SZ,0.06253710857230592
2024.06.04,600021.SH,0.3021706182407529
2024.06.04,600017.SH,0.036246207980627755
2024.06.04,600031.SH,0.5652280121951608
2024.06.04,600035.SH,0.01134797095453903
2024.06.04,000013.SZ,0.0674388237266426
2024.06.04,000004.SZ,0.07669185584026232
2024.06.04,600030.SH,0.22725329388670767
2024.06.04,000032.SZ,0.055820667119526775
2024.06.04,000048.SZ,0.3196669339255622
2024.06.05,000008.SZ,0.20974492775515916
2024.06.05,000034.SZ,0.03589806657415462
2024.06.05,600012.SH,0.0672449713508437
2024.06.05,600040.SH,0.024514037349018535
2024.06.05,600034.SH,0.2526070181585374
2024.06.05,600049.SH,0.05466832336552467
2024.06.05,600027.SH,0.13855912699674724
2024.06.05,600008.SH,0.036584454943433924
2024.06.05,600024.SH,0.7322280870663137
2024.06.05,000050.SZ,0.04295253269751076
2024.06.05,000015.SZ,0.18590206113257188
2024.06.05,600042.SH,0.05426921131410432
2024.06.05,000013.SZ,0.019282724181651098
2024.06.05,600035.SH,0.18242222114448972
2024.06.05,000005.SZ,0.016202048096724347
2024.06.05,600033.SH,0.020594531267801523
2024.06.05,600044.SH,0.18513588349507912
2024.06.05,000037.SZ,0.05195353678528323
2024.06.05,000022.SZ,0.06832315801284149
2024.06.05,000004.SZ,0.011484346998051013
2024.06.05,600015.SH,0.33664938350632995
2024.06.05,600007.SH,0.000847436311623771
2024.06.05,600003.SH,0.024032077880852917
2024.06.05,000027.SZ,0.05249030826876689
2024.06.05,000026.SZ,0.05119940221995308
2024.06.05,600009.SH,0.011503200330601855
2024.06.05,000028.SZ,0.0686245045494798
2024.06.05,600028.SH,0.011778882274296958
2024.06.05,600010.SH,0.14507647635561285
2024.06.05,000018.SZ,0.014799423758623774
2024.06.05,600026.SH,0.049134216704393
2024.06.05,600025.SH,0.14386730427161626
2024.06.05,600032.SH,0.0551944491876984
2024.06.05,000012.SZ,0.31912118151857466
2024.06.05,000006.SZ,0.03963469711115205
2024.06.05,600023.SH,0.13938412012211399
2024.06.05,600038.SH,0.020174830265639234
2024.06.05,600048.SH,0.09403789593293799
2024.06.05,600011.SH,0.2323842697933959
2024.06.05,000045.SZ,0.02852971647522293
2024.06.05,000002.SZ,0.03114590010998013
2024.06.05,000014.SZ,0.3317219190338989
2024.06.05,000041.SZ,0.5750361375999743
2024.06.05,600047.SH,0.08191156698913302
2024.06.05,000031.SZ,0.19210376479889638
2024.06.05,600046.SH,0.07844684291099138
2024.06.05,000043.SZ,0.14656713462570803
2024.06.05,600019.SH,0.02760304291225774
2024.06.05,600045.SH,0.4201211068703444
2024.06.05,600039.SH,0.13060919569207943
2024.06.05,600014.SH,0.0513997316564674
2024.06.05,000003.SZ,0.09700389661497891
2024.06.05,000017.SZ,0.18340906691516604
2024.06.05,000042.SZ,0.17205315634282525
2024.06.05,000001.SZ,0.24853490754710494
2024.06.05,000035.SZ,0.04235519568997178
2024.06.05,000049.SZ,0.06972079097286277
2024.06.05,000040.SZ,0.008933942129167536
2024.06.05,000046.SZ,0.024594799325554622
2024.06.05,600006.SH,0.12890774887108683
2024.06.05,000036.SZ,0.07094018268555957
2024.06.05,600016.SH,0.013554006972210729
2024.06.05,000048.SZ,0.3225147504231372
2024.06.05,600043.SH,0.02277996646734184
2024.06.05,000047.SZ,0.09857557928640945
2024.06.05,600020.SH,0.007273198964987456
2024.06.05,000023.SZ,0.11937874255885104
2024.06.05,000019.SZ,0.06379854694336659
2024.06.05,000025.SZ,0.07328811217496348
2024.06.05,000039.SZ,0.0580657762056444
2024.06.05,000044.SZ,0.2791650654431348
2024.06.05,600002.SH,0.18479068683747926
2024.06.05,000038.SZ,0.17448050345430444
2024.06.05,600036.SH,0.4327611316635406
2024.06.05,600013.SH,0.06250759422796057
2024.06.05,600022.SH,0.013934822225830165
2024.06.05,000024.SZ,0.05975949034715229
2024.06.05,600031.SH,0.09572251051468947
2024.06.05,000021.SZ,0.20928075959065492
2024.06.05,000030.SZ,0.08524074580002569
2024.06.05,000011.SZ,0.6791391597516689
2024.06.05,000007.SZ,0.3003167792503349
2024.06.05,600029.SH,0.1773001386776597
2024.06.05,600021.SH,0.13918562987282324
2024.06.05,000032.SZ,0.07707684339938117
2024.06.05,600037.SH,0.032449347307711915
2024.06.05,000020.SZ,0.09514638538305657
2024.06.05,000009.SZ,0.10605800190846977
2024.06.05,000033.SZ,0.006952397716621188
2024.06.05,600041.SH,0.11383642130308265
2024.06.05,600004.SH,0.08040507375672436
2024.06.05,600018.SH,0.009678000360915536
2024.06.05,600000.SH,0.02447087084218715
2024.06.05,000016.SZ,0.20597892165305534
2024.06.05,600017.SH,0.00984804795705925
2024.06.05,000029.SZ,0.1961147603131821
2024.06.06,000006.SZ,0.10172666350184738
2024.06.06,000014.SZ,0.0057031687721954055
2024.06.06,000038.SZ,0.244515388762354
2024.06.06,600023.SH,0.015510055996489212
2024.06.06,000017.SZ,0.11467818470621408
2024.06.06,600031.SH,0.0704766300507263
2024.06.06,600026.SH,0.030220166022696837
2024.06.06,600019.SH,0.33946735829493724
2024.06.06,600010.SH,0.2268007577778769
2024.06.06,000043.SZ,0.10234895361443863
2024.06.06,000011.SZ,0.22803267504744348
2024.06.06,600012.SH,0.5174496129503805
2024.06.06,000015.SZ,0.12970263736879994
2024.06.06,600029.SH,0.3450493737293218
2024.06.06,600017.SH,0.07556224237094145
2024.06.06,000034.SZ,0.44338859949914644
2024.06.06,000040.SZ,0.0005555771968357545
2024.06.06,600009.SH,0.08871616982008183
2024.06.06,000013.SZ,0.1468804399401555
2024.06.06,000002.SZ,0.13843775946306836
2024.06.06,000027.SZ,0.14220038925461134
2024.06.06,000004.SZ,0.4541078219936101
2024.06.06,600044.SH,0.21864533942143524
2024.06.06,000036.SZ,0.05040668078838273
2024.06.06,600037.SH,0.057378322477716744
2024.06.06,600025.SH,0.013192519130605517
2024.06.06,000025.SZ,0.06581690705271755
2024.06.06,600007.SH,0.10671852976054888
2024.06.06,000026.SZ,0.01448616776643825
2024.06.06,600004.SH,0.06454078841258858
2024.06.06,000050.SZ,0.07747264261170084
2024.06.06,000039.SZ,0.00734099697283915
2024.06.06,600005.SH,0.05930213277725469
2024.06.06,600028.SH,0.08400676033285123
2024.06.06,600003.SH,0.2022287433235134
2024.06.06,600014.SH,0.3830046233068531
2024.06.06,600016.SH,0.07843295930127485
2024.06.06,000044.SZ,0.1180125621892821
2024.06.06,600041.SH,0.024067461196906732
2024.06.06,000016.SZ,0.13702568915491095
2024.06.06,600027.SH,0.11061700274155457
2024.06.06,000028.SZ,0.12203230991718102
2024.06.06,600040.SH,0.3014083300512526
2024.06.06,000012.SZ,0.036822831415552336
2024.06.06,000018.SZ,0.06389967137373433
2024.06.06,600002.SH,0.023866843331636193
2024.06.06,000008.SZ,0.677141916815389
2024.06.06,000009.SZ,0.003096231345510012
2024.06.06,000033.SZ,0.007089430794901561
2024.06.06,000035.SZ,0.021695063655968835
2024.06.06,000047.SZ,0.012741348510412774
2024.06.06,000046.SZ,0.02838891262096649
2024.06.06,000037.SZ,0.08976988740795137
2024.06.06,600008.SH,0.037436354944141166
2024.06.06,600045.SH,0.052275743637062
2024.06.06,000024.SZ,0.0984481144395435
2024.06.06,000030.SZ,0.11756560270754945
2024.06.06,000005.SZ,0.08806513154312785
2024.06.06,000042.SZ,0.16776917638383776
2024.06.06,600032.SH,0.023288477051582566
2024.06.06,600022.SH,0.03103881814237902
2024.06.06,000020.SZ,0.09596463285034947
2024.06.06,000032.SZ,0.15266105109565714
2024.06.06,600046.SH,0.0026510810576194977
2024.06.06,000019.SZ,0.1558326331546906
2024.06.06,000048.SZ,0.1596460894514885
2024.06.06,000029.SZ,0.002481000981354164
2024.06.06,600006.SH,0.1272690276687557
2024.06.06,600018.SH,0.2433936965752486
2024.06.06,000021.SZ,0.01611665081558778
2024.06.06,600013.SH,0.052383580845452346
2024.06.06,000045.SZ,0.016785412539130937
2024.06.06,600015.SH,0.024233566502715954
2024.06.06,600020.SH,0.002902885499201257
2024.06.06,600034.SH,0.05536221416381581
2024.06.06,000010.SZ,0.1443266762275246
2024.06.06,600021.SH,0.018554162671805124
2024.06.06,600049.SH,0.24180735604779655
2024.06.06,600036.SH,0.10082526724929475
2024.06.06,000041.SZ,0.05980162553867261
2024.06.06,000022.SZ,0.09617396235962726
2024.06.06,600035.SH,0.03933512866431771
2024.06.06,000003.SZ,0.03499067224336415
2024.06.06,600042.SH,0.048973400746260116
2024.06.06,600011.SH,0.1553651935011203
2024.06.06,600038.SH,0.018154995743700383
2024.06.06,600000.SH,0.037145526763178165
2024.06.06,000007.SZ,0.016748526285368822
2024.06.06,600030.SH,0.25238274360043295
2024.06.06,600047.SH,0.04133012751236067
2024.06.06,000023.SZ,0.17303158985233333
2024.06.06,600001.SH,0.3748429301876224
2024.06.06,000001.SZ,0.36602626961499557
2024.06.06,000049.SZ,0.19383871425585864
2024.06.06,000031.SZ,0.04697533725447921
2024.06.06,600024.SH,0.17078421276321015
2024.06.06,600043.SH,0.21647836853111094
2024.06.06,600033.SH,0.005412441968773634
2024.06.07,000016.SZ,0.021224244240968908
2024.06.07,000032.SZ,0.028556339601960048
2024.06.07,000012.SZ,0.3593908544244734
2024.06.07,600048.SH,0.2676562742835008
2024.06.07,600021.SH,0.09279805005490109
2024.06.07,000045.SZ,0.008756797835465853
2024.06.07,000024.SZ,0.06892971448254513
2024.06.07,600039.SH,0.09111147738160123
2024.06.07,000041.SZ,0.0823619565503904
2024.06.07,600004.SH,0.050528805752098414
2024.06.07,600020.SH,0.2486785892987016
2024.06.07,600034.SH,0.10735230334256016
2024.06.07,600040.SH,0.2812486090778703
2024.06.07,600011.SH,0.10011655834602604
2024.06.07,600008.SH,0.07420083802492651
2024.06.07,000038.SZ,0.09364146327801393
2024.06.07,000033.SZ,0.3007847355267385
2024.06.07,000009.SZ,0.07758968746182537
2024.06.07,600046.SH,0.021516750935338395
2024.06.07,000026.SZ,0.04085347079159394
2024.06.07,600045.SH,0.06042334629709259
2024.06.07,000021.SZ,0.003623064919505488
2024.06.07,000005.SZ,0.10165256912397659
2024.06.07,000037.SZ,0.1324862524044476
2024.06.07,600018.SH,0.0012513857394238807
2024.06.07,000010.SZ,0.10110285113207566
2024.06.07,600013.SH,0.09530144365003348
2024.06.07,000034.SZ,0.002727728782377467
2024.06.07,000018.SZ,0.05791039302061722
2024.06.07,600017.SH,0.45130677452754786
2024.06.07,600006.SH,0.15134068823701452
2024.06.07,000015.SZ,0.06708047161109318
2024.06.07,600037.SH,0.040014882034193865
2024.06.07,600030.SH,0.1198612030194122
2024.06.07,000007.SZ,0.10876618195946276
2024.06.07,600042.SH,0.0981807809186871
2024.06.07,600001.SH,0.004893468959733801
2024.06.07,600009.SH,0.050368955945340146
2024.06.07,600010.SH,0.08290586257054572
2024.06.07,600029.SH,0.010333794351032589
2024.06.07,000035.SZ,0.07319496926084053
2024.06.07,000006.SZ,0.20453449780450272
2024.06.07,600012.SH,0.03535227538604023
2024.06.07,600000.SH,0.0470063299013886
2024.06.07,000027.SZ,0.44379186038579527
2024.06.07,600005.SH,0.15834734300559025
2024.06.07,600015.SH,0.27666692793883807
2024.06.07,000028.SZ,0.0011228279733477469
2024.06.07,600019.SH,0.029094582992331256
2024.06.07,600047.SH,0.0745568660763445
2024.06.07,000020.SZ,0.07444656396019472
2024.06.07,600007.SH,0.024265075306934943
2024.06.07,000003.SZ,0.15114881371964725
2024.06.07,000004.SZ,0.08214754397650396
2024.06.07,000043.SZ,0.0008886661384931444
2024.06.07,000030.SZ,0.2645080688441341
2024.06.07,600044.SH,0.0015831733431302827
2024.06.07,000048.SZ,0.13370963251571352
2024.06.07,600041.SH,0.10841899845681711
2024.06.07,000029.SZ,0.0970328241014496
2024.06.07,000023.SZ,0.014121307436241173
2024.06.07,000042.SZ,0.002524455382301852
2024.06.07,600002.SH,0.781032953795255
2024.06.07,000046.SZ,0.011590882119862056
2024.06.07,600026.SH,0.01785205783648058
2024.06.07,600043.SH,0.006219643163359189
2024.06.07,000019.SZ,0.049505027588231595
2024.06.07,600023.SH,0.12431115629594956
2024.06.07,600024.SH,0.036121975882234716
2024.06.07,000013.SZ,0.1727899337680769
2024.06.07,600032.SH,0.09621824927704119
2024.06.07,000047.SZ,0.022567725883220438
2024.06.07,600022.SH,0.3123589004295437
2024.06.07,000001.SZ,0.06249802870954172
2024.06.07,600036.SH,0.07897136255992752
2024.06.07,600003.SH,0.025165303843723785
2024.06.07,600025.SH,0.12560236638113817
2024.06.07,600031.SH,0.08673828908460528
2024.06.07,600016.SH,0.012822770597787544
2024.06.07,600028.SH,0.20440106753408718
2024.06.07,000008.SZ,0.048383189568254985
2024.06.07,000002.SZ,0.005259583847914782
2024.06.07,600033.SH,0.06554938460039816
2024.06.07,000044.SZ,0.08474260574318358
2024.06.07,600038.SH,0.022982787118078978
2024.06.07,000050.SZ,0.03120058032354523
2024.06.07,600049.SH,0.02853038976271939
2024.06.07,000031.SZ,0.04803308124067612
2024.06.07,000011.SZ,0.08337579458027114
2024.06.07,000040.SZ,0.2016184338777464
2024.06.07,600014.SH,0.007407262329969935
2024.06.07,000022.SZ,0.03089740307765093
2024.06.07,600035.SH,0.1105398379930278
2024.06.07,000036.SZ,0.4816277459693657
2024.06.07,000017.SZ,0.06842367336300102
2024.06.07,600027.SH,0.21202951535327522
2024.06.10,600027.SH,0.048025451375726905
2024.06.10,000023.SZ,0.1887946602362202
2024.06.10,600029.SH,0.251653673032705
2024.06.10,000007.SZ,0.332009017197852
2024.06.10,000001.SZ,0.03449768937252834
2024.06.10,000016.SZ,0.45685939985511387
2024.06.10,600042.SH,0.24340812030575218
2024.06.10,000013.SZ,0.2303617169601898
2024.06.10,000047.SZ,0.00509864240187421
2024.06.10,000015.SZ,0.1142038550966821
2024.06.10,000041.SZ,0.025982858934237286
2024.06.10,000004.SZ,0.06694785524204214
2024.06.10,000011.SZ,0.15095258858749572
2024.06.10,600034.SH,0.3331526792296497
2024.06.10,000030.SZ,0.10588786669096524
2024.06.10,600008.SH,0.020629994645148052
2024.06.10,600040.SH,0.0062326414581319895
2024.06.10,000027.SZ,0.14275190989937925
2024.06.10,000014.SZ,0.04872637895596937
2024.06.10,600015.SH,0.0735314350698751
2024.06.10,000003.SZ,0.055423146265650404
2024.06.10,000048.SZ,0.005932103124955465
2024.06.10,000024.SZ,0.11960042498369204
2024.06.10,600038.SH,0.033230037325228966
2024.06.10,000018.SZ,0.0290841351226792
2024.06.10,600010.SH,0.15672844693870727
2024.06.10,600046.SH,0.19632739511068467
2024.06.10,000009.SZ,0.07714875612629402
2024.06.10,600021.SH,0.07274777678480732
2024.06.10,000019.SZ,0.025827804088028688
2024.06.10,600039.SH,0.2854553156531521
2024.06.10,600032.SH,0.045298940575717296
2024.06.10,600003.SH,0.009617712718544003
2024.06.10,600045.SH,0.08669379376706739
2024.06.10,000044.SZ,0.0005268319470822279
2024.06.10,600001.SH,0.25999739251401605
2024.06.10,000036.SZ,0.15131618761898893
2024.06.10,000006.SZ,0.000640743260739775
2024.06.10,600014.SH,0.009723258357788417
2024.06.10,000025.SZ,0.22116350839499757
2024.06.10,000049.SZ,0.3495116590044233
2024.06.10,000005.SZ,0.30256432780819387
2024.06.10,600018.SH,0.11679969673162932
2024.06.10,600025.SH,0.021494066041408154
2024.06.10,000050.SZ,0.31545453164689646
2024.06.10,000042.SZ,0.03544904544123859
2024.06.10,000046.SZ,0.16444459863925331
2024.06.10,600044.SH,0.011530399682880745
2024.06.10,600019.SH,0.12604238740507565
2024.06.10,600036.SH,0.08716998061819163
2024.06.10,600037.SH,0.03148021155701342
2024.06.10,600031.SH,0.06847251226184241
2024.06.10,000028.SZ,0.030813048055542008
2024.06.10,000029.SZ,0.049596568081377114
2024.06.10,600012.SH,0.16975496820845665
2024.06.10,600023.SH,0.09078823552454483
2024.06.10,600007.SH,0.43721064191412917
2024.06.10,000045.SZ,0.14805571633497425
2024.06.10,600016.SH,0.08010864497607145
2024.06.10,000026.SZ,0.05991712884650199
2024.06.10,600041.SH,0.09536184965483072
2024.06.10,600043.SH,0.04635772122312183
2024.06.10,600026.SH,0.07532143931150731
2024.06.10,600047.SH,0.09202594178465186
2024.06.10,600009.SH,0.0024859367110396133
2024.06.10,000022.SZ,0.13975951467121814
2024.06.10,000032.SZ,0.09150162798575254
2024.06.10,000040.SZ,0.1420740920903491
2024.06.10,000021.SZ,0.2032672324607335
2024.06.10,600033.SH,0.07552943808981814
2024.06.10,600017.SH,0.08518694333127975
2024.06.10,000037.SZ,0.003869483359189107
2024.06.10,000008.SZ,0.008177216170554207
2024.06.10,600002.SH,0.002327224885304789
2024.06.10,000033.SZ,0.15893470730246925
2024.06.10,000012.SZ,0.1034836917496034
2024.06.10,600028.SH,0.22616290157221075
2024.06.10,600004.SH,0.04604996777551071
2024.06.10,000039.SZ,0.08702526063148763
2024.06.10,600020.SH,0.02615744470536955
2024.06.10,600048.SH,0.25860313380567
2024.06.10,600022.SH,0.04366727812494188
2024.06.10,000031.SZ,0.04345119344797955
2024.06.10,000035.SZ,0.05095578887956329
2024.06.10,600013.SH,0.0055953493551804566
2024.06.10,600000.SH,0.1738287483405583
2024.06.10,000034.SZ,0.21390196066721381
2024.06.10,000002.SZ,0.3088069312848853
2024.06.10,600035.SH,0.013554089115077578
2024.06.10,000038.SZ,0.11134634782241301
2024.06.10,600006.SH,0.2225776077631695
2024.06.10,600011.SH,0.11665293920916145
2024.06.10,600049.SH,0.3014264232799545
2024.06.10,000020.SZ,0.02902234802034184
2024.06.10,600024.SH,0.016069513994318177
2024.06.10,600030.SH,0.10958834571683622
2024.06.11,000022.SZ,0.13074611587494256
2024.06.11,000036.SZ,0.09855284278365073
2024.06.11,600026.SH,0.08985473886549848
2024.06.11,000026.SZ,0.056499575402360155
2024.06.11,600048.SH,0.2924648868802479
2024.06.11,600029.SH,0.10441777430299146
2024.06.11,000027.SZ,0.01715564162615426
2024.06.11,600037.SH,0.012783980568748562
2024.06.11,600022.SH,0.05222772747010637
2024.06.11,600025.SH,0.00026552024736959377
2024.06.11,600007.SH,0.4063512437406749
2024.06.11,600016.SH,0.24017811236343192
2024.06.11,600030.SH,0.00815610007301956
2024.06.11,000043.SZ,0.03591103478179121
2024.06.11,000049.SZ,0.22555397457424126
2024.06.11,600044.SH,0.0031096444240837854
2024.06.11,600011.SH,0.04549763186547528
2024.06.11,000025.SZ,0.060540110344214075
2024.06.11,000001.SZ,0.04297568727591845
2024.06.11,600032.SH,0.028316276899247247
2024.06.11,600021.SH,0.21411240046403576
2024.06.11,000013.SZ,0.4360533145477763
2024.06.11,600015.SH,0.0038606153175720867
2024.06.11,600041.SH,0.06824879190994976
2024.06.11,000019.SZ,0.05860076207753585
2024.06.11,000005.SZ,0.06063409753467212
2024.06.11,000015.SZ,0.1084099044171194
2024.06.11,000035.SZ,0.27693752477919364
2024.06.11,000039.SZ,0.14043506353240437
2024.06.11,000028.SZ,0.18932206594634315
2024.06.11,000046.SZ,0.009690239751565943
2024.06.11,600036.SH,0.09839839837190074
2024.06.11,000042.SZ,0.03936849690234245
2024.06.11,000037.SZ,0.020249577252514948
2024.06.11,000023.SZ,0.02584433564434607
2024.06.11,000004.SZ,0.32849054063007455
2024.06.11,600006.SH,0.22308494090798084
2024.06.11,600019.SH,0.16318328856100062
2024.06.11,600035.SH,0.08940509687103532
2024.06.11,000047.SZ,0.041490584726579544
2024.06.11,000007.SZ,0.17661829442407115
2024.06.11,600038.SH,0.0252167999110793
2024.06.11,600043.SH,0.07630416924268761
2024.06.11,600027.SH,0.026522654577192384
2024.06.11,000018.SZ,0.19618874901602434
2024.06.11,600017.SH,0.129624880960099
2024.06.11,600008.SH,0.10136870237974833
2024.06.11,600004.SH,0.018570629413268452
2024.06.11,600034.SH,0.13594601218541943
2024.06.11,000024.SZ,0.16494435621174294
2024.06.11,600023.SH,0.0662477239551248
2024.06.11,000041.SZ,0.02485064003498481
2024.06.11,000031.SZ,0.014471017803353445
2024.06.11,600005.SH,0.1575782866998193
2024.06.11,000020.SZ,0.24398364627735905
2024.06.11,600049.SH,0.124770453962014
2024.06.11,600009.SH,0.21000457750082666
2024.06.11,600003.SH,0.3056870506907861
2024.06.11,600000.SH,0.010753696932903692
2024.06.11,000010.SZ,0.295895961753551
2024.06.11,600031.SH,0.16095598316948523
2024.06.11,000033.SZ,0.10201992052592836
2024.06.11,000006.SZ,0.02360002539944689
2024.06.11,600042.SH,0.018505408213601714
2024.06.11,600001.SH,0.2392148670496538
2024.06.11,600013.SH,0.01683251305079169
2024.06.11,000003.SZ,0.0560836419716841
2024.06.11,000016.SZ,0.05002929244796667
2024.06.11,600014.SH,0.2915482590519082
2024.06.11,000014.SZ,0.11939321733198685
2024.06.11,600002.SH,0.27582880948962374
2024.06.11,000045.SZ,0.16901758263538547
2024.06.11,000017.SZ,0.017071972615418197
2024.06.11,000048.SZ,0.245241952733915
2024.06.11,000038.SZ,0.11379750445396074
2024.06.11,000002.SZ,0.18006345875889757
2024.06.11,000012.SZ,0.20162267669500203
2024.06.11,600012.SH,0.015468589197326237
2024.06.11,600033.SH,0.20071850802564858
2024.06.11,000044.SZ,0.17458716522826428
2024.06.11,000008.SZ,0.07292202940928208
2024.06.11,000034.SZ,0.4195345612625224
2024.06.11,600018.SH,0.1131840076312432
2024.06.11,600028.SH,0.17506804250305155
2024.06.11,600047.SH,0.023146502954674377
2024.06.11,600010.SH,0.06203704530249813
2024.06.11,000011.SZ,0.0457613471888153
2024.06.11,600046.SH,0.15849052672779657
2024.06.11,000030.SZ,0.013009940101033957
2024.06.11,600045.SH,0.027772417374887264
2024.06.11,600020.SH,0.5228319578536598
2024.06.11,000009.SZ,0.022059066559250107
2024.06.11,600039.SH,0.19107727542270267
2024.06.11,000029.SZ,0.07889201849041078
2024.06.11,600024.SH,0.014785938223496428
2024.06.11,000032.SZ,0.046093939505216855
2024.06.11,000021.SZ,0.1721849471979866
2024.06.12,600000.SH,0.029035570879820848
2024.06.12,000011.SZ,0.0044514834764944
2024.06.12,000042.SZ,0.06882931918450573
2024.06.12,600015.SH,0.003425843873283713
2024.06.12,600008.SH,0.05205210561146573
2024.06.12,000009.SZ,0.02448703174027942
2024.06.12,600020.SH,0.08778745037602967
2024.06.12,600034.SH,0.14190689632465103
2024.06.12,000001.SZ,0.4058506985641606
2024.06.12,600027.SH,0.13585998131784147
2024.06.12,600047.SH,0.07931730192687826
2024.06.12,600033.SH,0.16915468194939248
2024.06.12,000015.SZ,0.1342246899512206
2024.06.12,000008.SZ,0.0816962984922719
2024.06.12,000003.SZ,0.09726122835054518
2024.06.12,600013.SH,0.08351694911640913
2024.06.12,000025.SZ,0.3208715630567838
2024.06.12,000018.SZ,0.0457623802651716
2024.06.12,600011.SH,0.0007111494952351904
2024.06.12,600035.SH,0.005719605646304448
2024.06.12,600025.SH,0.046067762809979006
2024.06.12,600007.SH,0.06538212782582167
2024.06.12,600042.SH,0.3211519289251802
2024.06.12,000030.SZ,0.041920636789650176
2024.06.12,600024.SH,0.004497324925023444
2024.06.12,000044.SZ,0.17353053212291364
2024.06.12,000031.SZ,0.09309429780648645
2024.06.12,600030.SH,0.07063853943975668
2024.06.12,000017.SZ,0.036043057067253394
2024.06.12,000023.SZ,0.006461604116119877
2024.06.12,000013.SZ,0.14471890872507936
2024.06.12,600002.SH,0.2979424953947174
2024.06.12,000016.SZ,0.3431463307704741
2024.06.12,000005.SZ,0.0028937119518670945
2024.06.12,000046.SZ,0.19369124660356432
2024.06.12,600016.SH,0.003494705347684373
2024.06.12,000036.SZ,0.5825682704538642
2024.06.12,000020.SZ,0.14071380396438438
2024.06.12,600026.SH,0.07871048713999175
2024.06.12,000010.SZ,0.2756033624719845
2024.06.12,600041.SH,0.22053801258367964
2024.06.12,600043.SH,0.13911736017810716
2024.06.12,000032.SZ,0.0311077873134446
2024.06.12,600019.SH,0.16380240108274158
2024.06.12,600048.SH,0.003501097357636812
2024.06.12,600038.SH,0.07604042107989245
2024.06.12,600028.SH,0.1274950044842752
2024.06.12,600037.SH,0.4049197407064252
2024.06.12,600045.SH,0.062249343299761666
2024.06.12,000049.SZ,0.21033022755426287
2024.06.12,000041.SZ,0.35330327938531686
2024.06.12,000021.SZ,0.3121157557122323
2024.06.12,000019.SZ,0.1479593266851697
2024.06.12,600049.SH,0.03665427656485355
2024.06.12,000029.SZ,0.018565290157232236
2024.06.12,000012.SZ,0.0705166649129322
2024.06.12,600032.SH,0.05267119341573434
2024.06.12,600040.SH,0.144483898775864
2024.06.12,600012.SH,0.08961903761826225
2024.06.12,000050.SZ,0.001774032086682118
2024.06.12,000027.SZ,0.00020861122799533503
2024.06.12,600044.SH,0.025301824343303643
2024.06.12,000006.SZ,0.04802132047275528
2024.06.12,600014.SH,0.046332136569903724
2024.06.12,600003.SH,0.03863916755604332
2024.06.12,000002.SZ,0.10027615119186715
2024.06.12,600029.SH,0.41489759898411466
2024.06.12,000045.SZ,0.014050023937926669
2024.06.12,600017.SH,0.05098228126438253
2024.06.12,000026.SZ,0.07875599964297429
2024.06.12,600006.SH,0.2071800250834335
2024.06.12,000022.SZ,0.01626840447240134
2024.06.12,600039.SH,0.42997951447089316
2024.06.12,000028.SZ,0.08201906912059359
2024.06.12,000040.SZ,0.086138311207508
2024.06.12,600046.SH,0.021856668568612563
2024.06.12,000007.SZ,0.06834931890371973
2024.06.12,000037.SZ,0.06360977562519238
2024.06.12,600001.SH,0.023842142180919415
2024.06.12,600036.SH,0.18925551276417812
2024.06.12,600023.SH,0.015717500136369536
2024.06.12,600004.SH,0.17650228571709997
2024.06.12,600010.SH,0.16809095463367033
2024.06.12,000039.SZ,0.17624520314941713
2024.06.12,000047.SZ,0.10976077705269457
2024.06.12,000035.SZ,0.06123834391943956
2024.06.12,600009.SH,0.09826096914968947
2024.06.12,000048.SZ,0.39773189925945185
2024.06.12,000024.SZ,0.00815403234847807
2024.06.12,000038.SZ,0.1418552018454153
2024.06.12,000014.SZ,0.02774639097774918
2024.06.12,000033.SZ,0.02961367189576063
2024.06.12,000004.SZ,0.05342377777104385
2024.06.12,000043.SZ,0.20695858373430598
2024.06.12,600018.SH,0.2743202785418908
2024.06.12,600005.SH,0.038100829414363144
2024.06.12,000034.SZ,0.11230357971564002
2024.06.12,600022.SH,0.3016317498523675
2024.06.13,600012.SH,0.10851688289451154
2024.06.13,600013.SH,0.03610825693558107
2024.06.13,000033.SZ,0.18013183315232725
2024.06.13,600032.SH,0.21552734410925325
2024.06.13,000022.SZ,0.05407291917114097
2024.06.13,600028.SH,0.025256815097838857
2024.06.13,000032.SZ,0.04229139348490026
2024.06.13,600042.SH,0.05019954765290065
2024.06.13,600000.SH,0.20416033745366066
2024.06.13,600007.SH,0.11973160621644087
2024.06.13,600043.SH,0.018787647427867895
2024.06.13,600022.SH,0.014672638328566991
2024.06.13,600017.SH,0.1528680211682482
2024.06.13,000034.SZ,0.08466395866276627
2024.06.13,600029.SH,0.29623173091013477
2024.06.13,600026.SH,0.012200751055914777
2024.06.13,600002.SH,0.43286001007821656
2024.06.13,000035.SZ,0.022784273855626196
2024.06.13,000038.SZ,0.05781885486610885
2024.06.13,000018.SZ,0.14208252907798127
2024.06.13,000009.SZ,0.4750156067460381
2024.06.13,600015.SH,0.1397804532081543
2024.06.13,000015.SZ,0.010706385050415865
2024.06.13,600041.SH,0.0015930165682381218
2024.06.13,000031.SZ,0.09392150954794742
2024.06.13,600047.SH,0.0225783908874414
2024.06.13,600034.SH,0.015427010055195133
2024.06.13,000043.SZ,0.05580279349895803
2024.06.13,600024.SH,0.05524935942492488
2024.06.13,600040.SH,0.13978641000332068
2024.06.13,600037.SH,0.36086789415916476
2024.06.13,000044.SZ,0.19550184671923648
2024.06.13,600020.SH,0.12635231010052142
2024.06.13,600033.SH,0.04421166631041669
2024.06.13,000013.SZ,0.04327359650252007
2024.06.13,600048.SH,0.11071787836682474
2024.06.13,600049.SH,0.5379537813706338
2024.06.13,600018.SH,0.3237781205979038
2024.06.13,600044.SH,0.18119958748022466
2024.06.13,600019.SH,0.41202564396057284
2024.06.13,600016.SH,0.07384189838550802
2024.06.13,000020.SZ,0.020615869563492706
2024.06.13,000012.SZ,0.19520823366234652
2024.06.13,000019.SZ,0.12012882543153824
2024.06.13,000036.SZ,0.046686117612157366
2024.06.13,600021.SH,0.4713912415758602
2024.06.13,600030.SH,0.3256865287501265
2024.06.13,000025.SZ,0.232314808916972
2024.06.13,000023.SZ,0.031052685370127422
2024.06.13,000017.SZ,0.1834654913060132
2024.06.13,600023.SH,0.4467288983939117
2024.06.13,600003.SH,0.03599204575116766
2024.06.13,600027.SH,0.009894759164225124
2024.06.13,000014.SZ,0.1004670697609474
2024.06.13,000037.SZ,0.1368445381697057
2024.06.13,600031.SH,0.2013162406005485
2024.06.13,600008.SH,0.008829121054600785
2024.06.13,000021.SZ,0.008414251011993312
2024.06.13,000002.SZ,0.009176075618769706
2024.06.13,600036.SH,0.09868132718836108
2024.06.13,000011.SZ,0.31144248852815193
2024.06.13,000046.SZ,0.03955133113002802
2024.06.13,000005.SZ,0.17807513966865643
2024.06.13,000006.SZ,0.0710245490504263
2024.06.13,600038.SH,0.33303060748698615
2024.06.13,000047.SZ,0.2834580738514992
2024.06.13,000003.SZ,0.002344277088220769
2024.06.13,600046.SH,0.36818560297194175
2024.06.13,600010.SH,0.2769165472754879
2024.06.13,000040.SZ,0.1897018324746952
2024.06.13,000049.SZ,0.1566443178361895
2024.06.13,000007.SZ,0.058045835499921164
2024.06.13,000004.SZ,0.04229654213673789
2024.06.13,000016.SZ,0.16523773498109715
2024.06.13,600005.SH,0.019756957804424505
2024.06.13,600001.SH,0.20666964365806792
2024.06.13,600011.SH,0.06947132056651538
2024.06.13,600009.SH,0.000809863595166398
2024.06.13,000028.SZ,0.11474231694428808
2024.06.13,600039.SH,0.03089976132400326
2024.06.13,000041.SZ,0.06406786169712075
2024.06.13,600014.SH,0.2590233165690559
2024.06.13,600035.SH,0.27922912490897844
2024.06.13,000029.SZ,0.09800078417137308
2024.06.13,000042.SZ,0.21606672487247655
2024.06.13,000039.SZ,0.040909034446293985
2024.06.13,600004.SH,0.19066819743746452
2024.06.13,000050.SZ,0.08598678135351125
2024.06.13,000045.SZ,0.2688517068535242
2024.06.13,000024.SZ,0.08574926597849428
2024.06.13,000030.SZ,0.029847731902550485
2024.06.13,000048.SZ,0.06628870111612388
2024.06.13,000026.SZ,0.3690275191756301
2024.06.13,000027.SZ,0.1368655190244988
2024.06.13,000001.SZ,0.026864913951730768
2024.06.13,000010.SZ,0.09933386602968057
2024.06.13,600045.SH,0.1298829369898782
2024.06.14,600016.SH,0.09750009646201711
2024.06.14,000027.SZ,0.36752703327659253
2024.06.14,600042.SH,0.261881542890112
2024.06.14,000024.SZ,0.06729183852341186
2024.06.14,600008.SH,0.28241873452007255
2024.06.14,600022.SH,0.057771106522968414
2024.06.14,600049.SH,0.02871291675165022
2024.06.14,000036.SZ,0.5559009960075686
2024.06.14,000009.SZ,0.05166809189444036
2024.06.14,600027.SH,0.07183456301822447
2024.06.14,000044.SZ,0.0024615231156825497
2024.06.14,000026.SZ,0.02285456982731758
2024.06.14,600036.SH,0.2110043423210198
2024.06.14,000050.SZ,0.3785389388247097
2024.06.14,600029.SH,0.32750942712018494
2024.06.14,000014.SZ,0.04528216499664223
2024.06.14,000013.SZ,0.12957439781276067
2024.06.14,600013.SH,0.1291461530985956
2024.06.14,000023.SZ,0.06760486262951826
2024.06.14,600021.SH,0.10100211454564921
2024.06.14,000028.SZ,0.32462823392580276
2024.06.14,600007.SH,0.09791943091719056
2024.06.14,600037.SH,0.2530044281088867
2024.06.14,000040.SZ,0.139836792017342
2024.06.14,000043.SZ,0.07339878113736412
2024.06.14,600031.SH,0.023679513167036568
2024.06.14,000034.SZ,0.08210218817965423
2024.06.14,600023.SH,0.13332266461410489
2024.06.14,600003.SH,0.00605312553578036
2024.06.14,000049.SZ,0.01113540810864208
2024.06.14,600017.SH,0.16259212908536577
2024.06.14,000035.SZ,0.0037432887865641727
2024.06.14,600015.SH,0.02393545375542378
2024.06.14,600039.SH,0.0025954104604435486
2024.06.14,600033.SH,0.12191368844427146
2024.06.14,000033.SZ,0.0831742427596682
2024.06.14,600024.SH,0.022142743075348525
2024.06.14,000005.SZ,0.032770918412642444
2024.06.14,600014.SH,0.0005780940666200034
2024.06.14,000010.SZ,0.12724122104733646
2024.06.14,600010.SH,0.04083909400984965
2024.06.14,000017.SZ,0.01790519052870678
2024.06.14,600012.SH,0.06512577310220735
2024.06.14,600043.SH,0.27376428521563867
2024.06.14,000038.SZ,0.003908515884473988
2024.06.14,600038.SH,0.06933628219940177
2024.06.14,000045.SZ,0.04077556550335237
2024.06.14,600047.SH,0.03305529004560523
2024.06.14,000004.SZ,0.0916102343159922
2024.06.14,000037.SZ,0.25210534018276637
2024.06.14,000032.SZ,0.1676130089530818
2024.06.14,600045.SH,0.35513016552442755
2024.06.14,600025.SH,0.0023504914289389786
2024.06.14,000048.SZ,0.15950672919130912
2024.06.14,600011.SH,0.0676226318137615
2024.06.14,000047.SZ,0.06275580971662731
2024.06.14,000039.SZ,0.34298488315377934
2024.06.14,000041.SZ,0.14199397919884302
2024.06.14,600018.SH,0.1821683489837098
2024.06.14,600034.SH,0.13962685807219635
2024.06.14,000029.SZ,0.0009996818544486196
2024.06.14,000021.SZ,0.49955966776891375
2024.06.14,000020.SZ,0.040011541850696934
2024.06.14,600044.SH,0.11495887559726592
2024.06.14,000016.SZ,0.08891056055187094
2024.06.14,600002.SH,0.015830452341433262
2024.06.14,600001.SH,0.0006824733762959156
2024.06.14,600006.SH,0.02149823478144494
2024.06.14,600035.SH,0.13283224414569286
2024.06.14,600028.SH,0.045956237585794146
2024.06.14,000025.SZ,0.12412540094623115
2024.06.14,600040.SH,0.2666432180943126
2024.06.14,000019.SZ,0.10493154058260054
2024.06.14,000006.SZ,0.14124573659129244
2024.06.14,000002.SZ,0.060470637571737255
2024.06.14,600041.SH,0.09616159718714616
2024.06.14,000011.SZ,0.10766209536598206
2024.06.14,000003.SZ,0.004282584912916221
2024.06.14,600000.SH,0.025804848719861582
2024.06.14,000008.SZ,0.06204169314990176
2024.06.14,600032.SH,0.3437556959906027
2024.06.14,600019.SH,0.025169693341934397
2024.06.14,600046.SH,0.14733675594928458
2024.06.14,000042.SZ,0.021111270774026733
2024.06.14,600009.SH,0.118077203251024
2024.06.14,000046.SZ,0.1358462737953509
2024.06.14,600026.SH,0.02928399836926342
2024.06.14,600020.SH,0.03410400612397731
2024.06.14,000012.SZ,0.19087981878796828
2024.06.14,000015.SZ,0.40824841064244416
2024.06.14,000022.SZ,0.06112314233573456
2024.06.14,600030.SH,0.34249949533596735
2024.06.14,000001.SZ,0.14382796794921096
2024.06.14,000031.SZ,0.21632071262446542
2024.06.14,600004.SH,0.09532682323136704
2024.06.14,600048.SH,0.043065080325058964
2024.06.14,000018.SZ,0.427666590757394
2024.06.17,600019.SH,0.05118655878934718
2024.06.17,000018.SZ,0.08153077349685514
2024.06.17,600012.SH,0.16177477558462805
2024.06.17,600037.SH,0.2511009956606924
2024.06.17,000039.SZ,0.6473743520791923
2024.06.17,600028.SH,0.11140285033617646
2024.06.17,000019.SZ,0.02395532706358307
2024.06.17,000003.SZ,0.07886020924593601
2024.06.17,000042.SZ,0.013838012393065627
2024.06.17,000035.SZ,0.16234688105587788
2024.06.17,600009.SH,0.03648544744779165
2024.06.17,000037.SZ,0.00014057711999026134
2024.06.17,000028.SZ,0.021454082244967334
2024.06.17,000004.SZ,0.38048356679178197
2024.06.17,600049.SH,0.031760235162538765
2024.06.17,000022.SZ,0.004473498855540703
2024.06.17,000002.SZ,0.0167388858179103
2024.06.17,600044.SH,0.018617979153815297
2024.06.17,600036.SH,0.03680661172372117
2024.06.17,000036.SZ,0.23393714335410004
2024.06.17,600004.SH,0.011738814814066755
2024.06.17,000047.SZ,0.02741296777250214
2024.06.17,600000.SH,0.05480645816848586
2024.06.17,000001.SZ,0.2340829808457876
2024.06.17,000014.SZ,0.005081782693548125
2024.06.17,600014.SH,0.14005750167492512
2024.06.17,600025.SH,0.19065885061213778
2024.06.17,600017.SH,0.25529471335863846
2024.06.17,600003.SH,0.07875791270475724
2024.06.17,600020.SH,0.093601451836319
2024.06.17,600048.SH,0.10278946339309958
2024.06.17,600002.SH,0.35777973818687514
2024.06.17,600007.SH,0.0059958003981861446
2024.06.17,600031.SH,0.07411574255358885
2024.06.17,600010.SH,0.1990961351143057
2024.06.17,000040.SZ,0.009025679214779762
2024.06.17,000030.SZ,0.20385532408829343
2024.06.17,600008.SH,0.005257596167187508
2024.06.17,600038.SH,0.07152465140868303
2024.06.17,000034.SZ,0.19625166754273568
2024.06.17,000006.SZ,0.2461158641186572
2024.06.17,000048.SZ,0.13270079013234778
2024.06.17,000012.SZ,0.01267747481459764
2024.06.17,000021.SZ,0.029904438126409208
2024.06.17,600001.SH,0.040401316933400176
2024.06.17,000010.SZ,0.34191953765800287
2024.06.17,600029.SH,0.12622400191215416
2024.06.17,000016.SZ,0.266786526090486
2024.06.17,000007.SZ,0.018837516724562114
2024.06.17,000027.SZ,0.0798775484687123
2024.06.17,000005.SZ,0.058605798585522166
2024.06.17,000029.SZ,0.0553176995006797
2024.06.17,600047.SH,0.025444197104461126
2024.06.17,000032.SZ,0.15413491938541188
2024.06.17,000038.SZ,0.07002962743881552
2024.06.17,600027.SH,0.31505008219685654
2024.06.17,600013.SH,0.08657318021681162
2024.06.17,000046.SZ,0.026155915078295674
2024.06.17,000043.SZ,0.0816325561753244
2024.06.17,600035.SH,0.11245943598815289
2024.06.17,600030.SH,0.3029625824370282
2024.06.17,000044.SZ,0.22512844145896682
2024.06.17,600005.SH,0.11806198954307048
2024.06.17,000024.SZ,0.14051653701582278
2024.06.17,600011.SH,0.020064559304142266
2024.06.17,600015.SH,0.004298754807697562
2024.06.17,000023.SZ,0.004878605564846339
2024.06.17,000050.SZ,0.10334366375285206
2024.06.17,000009.SZ,0.21708060461948303
2024.06.17,600033.SH,0.2303918790311615
2024.06.17,000045.SZ,0.3607362398623949
2024.06.17,600046.SH,0.06105539703631523
2024.06.17,000020.SZ,0.0631587858661815
2024.06.17,600018.SH,0.04002701742891567
2024.06.17,000041.SZ,0.01738754686517906
2024.06.17,600006.SH,0.14855374703806076
2024.06.17,600042.SH,0.5228497467089992
2024.06.17,000008.SZ,0.05706186229544076
2024.06.17,600041.SH,0.11294191357169343
2024.06.17,600023.SH,0.25604716000937133
2024.06.17,000013.SZ,0.04953307925591353
2024.06.17,600043.SH,0.025902459948749672
2024.06.17,000033.SZ,0.3004477090147908
2024.06.17,600039.SH,0.15812850646628634
2024.06.17,000011.SZ,0.012337248543492422
2024.06.17,000031.SZ,0.16552199723417516
2024.06.17,600045.SH,0.06849934487078757
2024.06.17,600016.SH,0.17767360991873302
2024.06.17,600026.SH,0.04902185675948139
2024.06.17,000049.SZ,0.12873936118191948
2024.06.17,600021.SH,0.22217499238529065
2024.06.17,000026.SZ,0.007996236172497862
2024.06.17,000015.SZ,0.02841588839418078
2024.06.17,000025.SZ,0.018129276501468877
2024.06.17,600024.SH,0.027479425776959297
2024.06.17,600034.SH,0.054781877186887505
2024.06.17,000017.SZ,0.031116342960269286
2024.06.17,600022.SH,0.12536562216257252
2024.06.18,600035.SH,0.1951595588716394
2024.06.18,000005.SZ,0.7445708000003567
2024.06.18,600043.SH,0.2508865907879258
2024.06.18,600020.SH,0.06357635333882372
2024.06.18,600030.SH,0.4089966844896421
2024.06.18,000025.SZ,0.3009656336820943
2024.06.18,600045.SH,0.01809430960882432
2024.06.18,600024.SH,0.022457332984121302
2024.06.18,000007.SZ,0.06885454625245581
2024.06.18,600009.SH,0.06261243097717678
2024.06.18,600003.SH,0.0008270121689685795
2024.06.18,600018.SH,0.2001039681380631
2024.06.18,600033.SH,0.0633233972299104
2024.06.18,000020.SZ,0.06233736356700083
2024.06.18,600021.SH,0.044249745060178175
2024.06.18,600047.SH,0.04165068862438827
2024.06.18,000017.SZ,0.07294958230039152
2024.06.18,000035.SZ,0.012387438486787632
2024.06.18,000042.SZ,0.042034399028972796
2024.06.18,000030.SZ,0.09037401127630704
2024.06.18,600037.SH,0.15028457993183023
2024.06.18,000038.SZ,0.008397061338638264
2024.06.18,000048.SZ,0.2792999140678879
2024.06.18,000041.SZ,0.11959116828725157
2024.06.18,600048.SH,0.10338717879673993
2024.06.18,600010.SH,0.09438730619585685
2024.06.18,600014.SH,0.9809641234374515
2024.06.18,600012.SH,0.099373747504689
2024.06.18,600007.SH,0.19808744037266948
2024.06.18,600025.SH,0.1515759677849714
2024.06.18,600023.SH,0.0617027295264315
2024.06.18,000019.SZ,0.19474669631953104
2024.06.18,000004.SZ,0.04765078749240775
2024.06.18,000049.SZ,0.039102010523473944
2024.06.18,600041.SH,0.3048318217114207
2024.06.18,600026.SH,0.0015741765822223988
2024.06.18,600029.SH,0.010485963382343953
2024.06.18,000022.SZ,0.007380507416510823
2024.06.18,000027.SZ,0.25007367897348276
2024.06.18,000018.SZ,0.22332334291935171
2024.06.18,000008.SZ,0.3579633073645042
2024.06.18,600040.SH,0.04219160918846492
2024.06.18,000016.SZ,0.005935404230914841
2024.06.18,000040.SZ,0.14132594436669682
2024.06.18,600039.SH,0.03893910603717136
2024.06.18,600000.SH,0.09132506682253158
2024.06.18,600031.SH,0.10462101287418259
2024.06.18,600022.SH,0.04362888553425266
2024.06.18,600001.SH,0.2383866738489428
2024.06.18,000034.SZ,0.07335952494765109
2024.06.18,000014.SZ,0.05483322197769133
2024.06.18,000036.SZ,0.31054130359893034
2024.06.18,000023.SZ,0.28883794469542096
2024.06.18,000029.SZ,0.1958542148355175
2024.06.18,600036.SH,0.066862505903246
2024.06.18,600049.SH,0.1632985282036945
2024.06.18,000046.SZ,0.43534784017195116
2024.06.18,000037.SZ,0.513440724797965
2024.06.18,600015.SH,0.07500689489837283
2024.06.18,600038.SH,0.2920853643015787
2024.06.18,600017.SH,0.037156147329484496
2024.06.18,600044.SH,0.06105551906717397
2024.06.18,600005.SH,0.16572476965428598
2024.06.18,000045.SZ,0.4048414277430218
2024.06.18,000026.SZ,0.15566478802893663
2024.06.18,000047.SZ,0.09834630981589249
2024.06.18,000012.SZ,0.015326827960952326
2024.06.18,600011.SH,0.10942237758053429
2024.06.18,600032.SH,0.07500075123253513
2024.06.18,600013.SH,0.1510119376441723
2024.06.18,000039.SZ,0.025552200552766018
2024.06.18,600006.SH,0.005313810629738851
2024.06.18,600034.SH,0.14709364942720332
2024.06.18,600002.SH,0.00140475140226059
2024.06.18,000002.SZ,0.06033297072452247
2024.06.18,000010.SZ,0.12499651909713883
2024.06.18,000009.SZ,0.44908677402945363
2024.06.18,600028.SH,0.24142905328576822
2024.06.18,600016.SH,0.03573252594836009
2024.06.18,000011.SZ,0.1334191356889311
2024.06.18,600019.SH,0.04539501460316764
2024.06.18,000003.SZ,0.21331539659458873
2024.06.18,600042.SH,0.006887133211588949
2024.06.18,600004.SH,0.006749669789004853
2024.06.18,000050.SZ,0.0014917325875345633
2024.06.18,600027.SH,0.12820791283843233
2024.06.18,000006.SZ,0.05712538142474834
2024.06.18,000015.SZ,0.17095848647336098
2024.06.18,000044.SZ,0.039388202292452365
2024.06.18,000033.SZ,0.026410050480646607
2024.06.18,000021.SZ,0.13489629432626257
2024.06.18,600046.SH,0.04934613104226058
2024.06.18,000032.SZ,0.2412587402712349
2024.06.18,000001.SZ,0.4125629549394964
2024.06.18,000031.SZ,0.02236077381164989
2024.06.18,000043.SZ,0.0019133859203620167
2024.06.18,600008.SH,0.22798755597054216
2024.06.18,000024.SZ,0.042572002814196847
2024.06.19,000021.SZ,0.01821713431100705
2024.06.19,600014.SH,0.05609361915234274
2024.06.19,600019.SH,0.0840915188239028
2024.06.19,000009.SZ,0.01442684184538282
2024.06.19,000026.SZ,0.0916194532943591
2024.06.19,000047.SZ,0.0005889892959746019
2024.06.19,600001.SH,0.05806221297360107
2024.06.19,600048.SH,0.10371671602577007
2024.06.19,600046.SH,0.004269346413424016
2024.06.19,600012.SH,0.1123859659130811
2024.06.19,000005.SZ,0.0240688285321216
2024.06.19,600037.SH,0.06966650250499029
2024.06.19,000010.SZ,0.1625339395995396
2024.06.19,000038.SZ,0.10365669614118249
2024.06.19,600017.SH,0.1451829081808891
2024.06.19,000023.SZ,0.3636865901277273
2024.06.19,600028.SH,0.23185703406039504
2024.06.19,000034.SZ,0.12387536401741639
2024.06.19,000050.SZ,0.1138695937571129
2024.06.19,000012.SZ,0.2726042922208597
2024.06.19,000045.SZ,0.41208014819077604
2024.06.19,600041.SH,0.13638035404372126
2024.06.19,000028.SZ,0.05747089066743594
2024.06.19,600043.SH,0.11237107723766206
2024.06.19,000024.SZ,0.1980818434897568
2024.06.19,000029.SZ,0.07597853313740241
2024.06.19,600016.SH,0.3425695139969442
2024.06.19,000017.SZ,0.12856080176584864
2024.06.19,000031.SZ,0.009505656017420008
2024.06.19,600020.SH,0.023398745928340337
2024.06.19,600024.SH,0.042854033350621795
2024.06.19,600003.SH,0.0330671011505345
2024.06.19,000030.SZ,0.0066013637423827315
2024.06.19,000043.SZ,0.3729347213612935
2024.06.19,600013.SH,0.00028537936512154367
2024.06.19,000033.SZ,0.019023960776055317
2024.06.19,600009.SH,0.10612840545094736
2024.06.19,600042.SH,0.18621593312399207
2024.06.19,600006.SH,0.022755214400536794
2024.06.19,600034.SH,0.05510448996842469
2024.06.19,000027.SZ,0.010701825158700357
2024.06.19,600044.SH,0.08524003198297028
2024.06.19,600038.SH,0.19169857049554478
2024.06.19,600015.SH,0.2923101554049852
2024.06.19,600031.SH,0.1108617100003402
2024.06.19,600039.SH,0.28093464917889405
2024.06.19,600002.SH,0.16312963033650998
2024.06.19,600010.SH,0.06893008148759346
2024.06.19,600018.SH,0.036293232382064014
2024.06.19,000046.SZ,0.03545229479420351
2024.06.19,600036.SH,0.2470970215136996
2024.06.19,600021.SH,0.026548235625559927
2024.06.19,000048.SZ,0.0458152898724171
2024.06.19,600049.SH,0.31004902707008863
2024.06.19,000049.SZ,0.10832259578876594
2024.06.19,000035.SZ,0.038992917666090574
2024.06.19,600040.SH,0.3203551780370857
2024.06.19,000019.SZ,0.0830298609024138
2024.06.19,600033.SH,0.17791461503940426
2024.06.19,600022.SH,0.15845644962896424
2024.06.19,600008.SH,0.20063597270173422
2024.06.19,600027.SH,0.4409596342896716
2024.06.19,600023.SH,0.1773081093642634
2024.06.19,000037.SZ,0.018854759454678797
2024.06.19,000008.SZ,0.18275560504080987
2024.06.19,000007.SZ,0.24770505239819787
2024.06.19,000001.SZ,0.011575637716700848
2024.06.19,000011.SZ,0.21889209837599374
2024.06.19,600029.SH,0.001194634838071444
2024.06.19,600026.SH,0.10970279859584887
2024.06.19,600032.SH,0.19651643313118702
2024.06.19,000022.SZ,0.07780585604720804
2024.06.19,000018.SZ,0.24323744848606904
2024.06.19,000040.SZ,0.07818673591981304
2024.06.19,000004.SZ,0.08662004401174989
2024.06.19,000044.SZ,0.07197828361550583
2024.06.19,000042.SZ,0.11979143267296043
2024.06.19,000041.SZ,0.24189714959170386
2024.06.19,600047.SH,0.05660247835755303
2024.06.19,600035.SH,0.15535391432252843
2024.06.19,000020.SZ,0.11683355654742814
2024.06.19,600030.SH,0.08023384375191542
2024.06.19,000032.SZ,0.11626940883835067
2024.06.19,000006.SZ,0.08278069507917835
2024.06.19,600045.SH,0.44363928959365245
2024.06.19,600000.SH,0.022433715777253255
2024.06.19,000015.SZ,0.008691332641586976
2024.06.19,000014.SZ,0.08590940579115859
2024.06.19,000013.SZ,0.03136982097362582
2024.06.19,600025.SH,0.03857517061155052
2024.06.19,000003.SZ,0.3020230903305617
2024.06.19,600005.SH,0.0042345786543541404
2024.06.19,000036.SZ,0.13073222750738284
2024.06.19,000002.SZ,0.0006052442147449733
2024.06.19,000016.SZ,0.05237646490430825
2024.06.19,600011.SH,0.06364507210665195
2024.06.20,600024.SH,0.08776699668892936
2024.06.20,600040.SH,0.16878575921527678
2024.06.20,000006.SZ,0.03607924501727457
2024.06.20,600009.SH,0.014213390856914677
2024.06.20,000022.SZ,0.06635652872795307
2024.06.20,000009.SZ,0.023853713858987744
2024.06.20,000004.SZ,0.01725409716494299
2024.06.20,600023.SH,0.28682442019702936
2024.06.20,600038.SH,0.0008841698080586708
2024.06.20,600028.SH,0.0983800119864258
2024.06.20,600033.SH,0.1198528637531868
2024.06.20,600043.SH,0.012538406500847778
2024.06.20,600037.SH,0.1480294959542848
2024.06.20,600045.SH,0.036408220486649406
2024.06.20,000013.SZ,0.06637684328222596
2024.06.20,600002.SH,0.09825475405969099
2024.06.20,600018.SH,0.12384523008653077
2024.06.20,000011.SZ,0.1695275591743519
2024.06.20,600001.SH,0.05542784354245389
2024.06.20,600013.SH,0.017684918393123507
2024.06.20,000043.SZ,0.043014217606497825
2024.06.20,000023.SZ,0.11015237684197683
2024.06.20,000018.SZ,0.10746887230682617
2024.06.20,600042.SH,0.05041606228579716
2024.06.20,000003.SZ,0.1513725135182831
2024.06.20,600011.SH,0.1071478267536746
2024.06.20,000019.SZ,0.3723649134633804
2024.06.20,000033.SZ,0.06791251916692718
2024.06.20,600032.SH,0.141682900542547
2024.06.20,000030.SZ,0.13780377371276878
2024.06.20,000039.SZ,0.07816364083125406
2024.06.20,000017.SZ,0.20973594403279594
2024.06.20,600027.SH,0.032205617311309866
2024.06.20,600031.SH,0.02155584008320334
2024.06.20,600025.SH,0.15076174204524143
2024.06.20,600014.SH,0.03353361784672173
2024.06.20,000041.SZ,0.08986780688982555
2024.06.20,600020.SH,0.059215361565202664
2024.06.20,600048.SH,0.04391484873758405
2024.06.20,600041.SH,0.10129769140292297
2024.06.20,000036.SZ,0.006497650824631952
2024.06.20,600007.SH,0.0203716841609524
2024.06.20,600000.SH,0.014194279843513154
2024.06.20,000049.SZ,0.1114569115582421
2024.06.20,000014.SZ,0.193034184322333
2024.06.20,000032.SZ,0.18098367675517293
2024.06.20,600003.SH,0.04444970094497387
2024.06.20,000024.SZ,0.043292038554890645
2024.06.20,000040.SZ,0.24216564760503806
2024.06.20,000021.SZ,0.0017467095810925588
2024.06.20,600026.SH,0.13093700453792284
2024.06.20,600029.SH,0.35965000035091277
2024.06.20,600035.SH,0.022169857727318026
2024.06.20,000020.SZ,0.0017272971681740266
2024.06.20,000034.SZ,0.06361763910713361
2024.06.20,000016.SZ,0.27292981490395396
2024.06.20,600016.SH,0.10454999788695205
2024.06.20,600017.SH,0.03259868391773756
2024.06.20,000028.SZ,0.016126284012803593
2024.06.20,000038.SZ,0.22369350287622292
2024.06.20,600015.SH,0.020957055371105673
2024.06.20,600046.SH,0.012787634824546064
2024.06.20,600036.SH,0.6631985323282131
2024.06.20,600022.SH,0.01768368581720203
2024.06.20,000008.SZ,0.04588136062965626
2024.06.20,000012.SZ,0.5656773891399696
2024.06.20,600012.SH,0.06748645704102987
2024.06.20,000046.SZ,0.11269556893594884
2024.06.20,000027.SZ,0.19025576567528746
2024.06.20,000031.SZ,0.030488777502334054
2024.06.20,600047.SH,0.04794875467458501
2024.06.20,000050.SZ,0.11183477734777661
2024.06.20,000045.SZ,0.3158904388279868
2024.06.20,000025.SZ,0.13596135118858838
2024.06.20,000029.SZ,0.10850099664448148
2024.06.20,000026.SZ,0.19207838359702167
2024.06.20,000007.SZ,0.5923237402837214
2024.06.20,600049.SH,0.023756840296286476
2024.06.20,000042.SZ,0.01338794277229168
2024.06.20,600008.SH,0.013323812171325503
2024.06.20,600004.SH,0.07939580532926767
2024.06.20,600039.SH,0.05463940109243563
2024.06.20,600019.SH,0.0851212032679661
2024.06.20,000010.SZ,0.10608743610178809
2024.06.20,600044.SH,0.12081917155464005
2024.06.20,000035.SZ,0.024444149238204448
2024.06.20,000001.SZ,0.1708213023186842
2024.06.20,600034.SH,0.21540812398867037
2024.06.20,600021.SH,0.26321628392418983
2024.06.20,000005.SZ,0.08901357320679401
2024.06.20,000044.SZ,0.009073167206066463
2024.06.20,000015.SZ,0.018739698392416067
2024.06.20,600005.SH,0.10424159598920872
2024.06.20,000047.SZ,0.33816614984416593
2024.06.20,600010.SH,0.34222022860141454
2024.06.20,000037.SZ,0.45144988265018593
2024.06.21,600016.SH,0.05058680560348419
2024.06.21,600000.SH,0.15786085165696526
2024.06.21,600039.SH,0.04798858390148347
2024.06.21,000032.SZ,0.06914912427322148
2024.06.21,000027.SZ,0.1547435498316948
2024.06.21,000028.SZ,0.05962912410920108
2024.06.21,600048.SH,0.03741005020985993
2024.06.21,600044.SH,0.03574695043255865
2024.06.21,000017.SZ,0.04265204201476651
2024.06.21,000024.SZ,0.16646014118509805
2024.06.21,600026.SH,0.07012828988723506
2024.06.21,600047.SH,0.1347319650411195
2024.06.21,000050.SZ,0.025885254103588915
2024.06.21,000041.SZ,0.15693383501341726
2024.06.21,600014.SH,0.03032626127110531
2024.06.21,000040.SZ,0.07544260768654268
2024.06.21,000011.SZ,0.06139929604034582
2024.06.21,600034.SH,0.044927808877321326
2024.06.21,600001.SH,0.005651534917703572
2024.06.21,600031.SH,0.0026595484485165684
2024.06.21,000026.SZ,0.19066806718500395
2024.06.21,600011.SH,0.04537403790096454
2024.06.21,000008.SZ,0.1743178271013378
2024.06.21,600003.SH,0.12174092416834041
2024.06.21,000043.SZ,0.4388611227864192
2024.06.21,000031.SZ,0.018693212298835336
2024.06.21,000009.SZ,0.10880998205167643
2024.06.21,000019.SZ,0.15703053190074037
2024.06.21,600037.SH,0.1384007099201173
2024.06.21,000044.SZ,0.8758797784651865
2024.06.21,600028.SH,0.03324319766367523
2024.06.21,600002.SH,0.3182564713791354
2024.06.21,000039.SZ,0.09403275891675737
2024.06.21,000046.SZ,0.6316555883000942
2024.06.21,000003.SZ,0.04157220444568825
2024.06.21,000047.SZ,0.04724141572629631
2024.06.21,000007.SZ,0.209872499590861
2024.06.21,600036.SH,0.1823497982158858
2024.06.21,600023.SH,0.0783630690858541
2024.06.21,600040.SH,0.07019838083718406
2024.06.21,000021.SZ,0.051305899643006476
2024.06.21,600017.SH,0.1501602954973916
2024.06.21,600029.SH,0.3237846103396456
2024.06.21,000033.SZ,0.1074538127484286
2024.06.21,600041.SH,0.19776802264432694
2024.06.21,600027.SH,0.03568370156055216
2024.06.21,600005.SH,0.08131311816689978
2024.06.21,000035.SZ,0.3470801301219581
2024.06.21,000002.SZ,0.007452167694186201
2024.06.21,000006.SZ,0.21533594260890795
2024.06.21,000025.SZ,0.18974386594239848
2024.06.21,600013.SH,0.13419049154968546
2024.06.21,000034.SZ,0.5164453246707783
2024.06.21,600049.SH,0.04714607757259023
2024.06.21,000001.SZ,0.05557777026800399
2024.06.21,600046.SH,0.01011533835254883
2024.06.21,600024.SH,0.19208008469758
2024.06.21,600019.SH,0.009370918795515326
2024.06.21,600045.SH,0.10270981334312414
2024.06.21,600006.SH,0.08241052505273806
2024.06.21,600030.SH,0.0729913200533474
2024.06.21,000045.SZ,0.15251734458493485
2024.06.21,000014.SZ,0.09916242739504308
2024.06.21,000038.SZ,0.032382405244202446
2024.06.21,000037.SZ,0.25712371884288104
2024.06.21,600021.SH,0.10883704071440634
2024.06.21,600038.SH,0.0736624670399561
2024.06.21,600008.SH,0.15877347639180844
2024.06.21,600010.SH,0.12021906419947549
2024.06.21,000023.SZ,0.03312083054872369
2024.06.21,600035.SH,0.3396470234922883
2024.06.21,000005.SZ,0.0011187738092830217
2024.06.21,000018.SZ,0.06824645271886214
2024.06.21,000004.SZ,0.04544143088644427
2024.06.21,600012.SH,0.03018892896937521
2024.06.21,000049.SZ,0.00412113312736531
2024.06.21,600033.SH,0.330518360140192
2024.06.21,600015.SH,0.2507087371903398
2024.06.21,000015.SZ,0.02685191976685716
2024.06.21,000012.SZ,0.012247724382182296
2024.06.21,000048.SZ,0.5046562701056857
2024.06.21,000022.SZ,0.009077802768628587
2024.06.21,000029.SZ,0.26247865709794777
2024.06.21,000030.SZ,0.11032632171216464
2024.06.21,600007.SH,0.07065419732157646
2024.06.21,600009.SH,0.048429446655227956
2024.06.21,000020.SZ,0.06397848485920701
2024.06.21,600022.SH,0.0626748569560573
2024.06.21,600032.SH,0.17105074230257794
2024.06.21,000036.SZ,0.019752129176265072
2024.06.21,600025.SH,0.0241609379360153
2024.06.21,600043.SH,0.2265572459036942
2024.06.21,600004.SH,0.11125080565752109
2024.06.21,000016.SZ,0.032316786489456455
2024.06.21,600018.SH,0.14888676433442344
2024.06.21,000042.SZ,0.2383643006224926
2024.06.21,000010.SZ,0.24666294959375157
2024.06.21,600042.SH,0.016224619600848967
2024.06.24,000042.SZ,0.08159349532859568
2024.06.24,600021.SH,0.15918233985644073
2024.06.24,600043.SH,0.1944693079150253
2024.06.24,600022.SH,0.034972873380377946
2024.06.24,000009.SZ,0.06444473412723734
2024.06.24,600044.SH,0.09496579866320824
2024.06.24,000049.SZ,0.28037555946601705
2024.06.24,000014.SZ,0.064063883033777
2024.06.24,000023.SZ,0.3235300768312222
2024.06.24,600002.SH,0.06369217335125518
2024.06.24,600010.SH,0.3674207069718783
2024.06.24,600009.SH,0.028168045032514
2024.06.24,600011.SH,0.2347488327482415
2024.06.24,000035.SZ,0.05662754761768159
2024.06.24,600034.SH,0.02322158793521464
2024.06.24,000013.SZ,0.0012375045687021552
2024.06.24,600041.SH,0.06758861602229757
2024.06.24,600026.SH,0.041621778259418755
2024.06.24,000039.SZ,0.6332445376429223
2024.06.24,000038.SZ,0.0972335031297093
2024.06.24,000034.SZ,0.1486044876479337
2024.06.24,000016.SZ,0.08391798755815177
2024.06.24,600027.SH,0.055677206125327894
2024.06.24,000010.SZ,0.07782798905484334
2024.06.24,000021.SZ,0.22027755323582043
2024.06.24,600035.SH,0.06668244517151975
2024.06.24,000026.SZ,0.16979782516549896
2024.06.24,000041.SZ,0.2126283869135279
2024.06.24,000050.SZ,0.0790702195246869
2024.06.24,000046.SZ,0.036189566014323604
2024.06.24,600029.SH,0.21025477308813317
2024.06.24,600028.SH,0.07402729150091812
2024.06.24,000018.SZ,0.33898000478589346
2024.06.24,600042.SH,0.23408818276275214
2024.06.24,000029.SZ,0.25463166037028967
2024.06.24,000032.SZ,0.12395270722009724
2024.06.24,000045.SZ,0.04069751328129401
2024.06.24,600032.SH,0.08016144760069703
2024.06.24,000019.SZ,0.19652400266574696
2024.06.24,000025.SZ,0.06939230858816778
2024.06.24,000006.SZ,0.16818047385719367
2024.06.24,600003.SH,0.08329181410150996
2024.06.24,000040.SZ,0.044351563606141904
2024.06.24,600008.SH,0.07841957537399394
2024.06.24,600030.SH,0.0668938148265515
2024.06.24,000015.SZ,0.008964399397475904
2024.06.24,000022.SZ,0.03257339707652202
2024.06.24,600013.SH,0.02257340569333828
2024.06.24,600039.SH,0.3837485522977104
2024.06.24,600048.SH,0.5064072565348707
2024.06.24,600031.SH,0.06413797104082977
2024.06.24,000031.SZ,0.06549454980197557
2024.06.24,600017.SH,0.1708839276936886
2024.06.24,600047.SH,0.3670197273897235
2024.06.24,600014.SH,0.09515085573543289
2024.06.24,000007.SZ,0.15768002121840977
2024.06.24,600006.SH,0.5141016733636411
2024.06.24,000037.SZ,0.013003331163853469
2024.06.24,000008.SZ,0.07672549051786723
2024.06.24,600016.SH,0.02159513067296472
2024.06.24,600018.SH,0.06321524168110253
2024.06.24,000027.SZ,0.09155951334256036
2024.06.24,600023.SH,0.12008731509360082
2024.06.24,600025.SH,0.020648225652142374
2024.06.24,600012.SH,0.22259514831540086
2024.06.24,000044.SZ,0.4115389906745083
2024.06.24,600036.SH,0.24796856010257917
2024.06.24,000033.SZ,0.007334549220152228
2024.06.24,600000.SH,0.11609044018974166
2024.06.24,000002.SZ,0.016441278559305623
2024.06.24,600015.SH,0.03552933164023057
2024.06.24,600020.SH,0.12676176493712626
2024.06.24,000005.SZ,0.27972421916170487
2024.06.24,000001.SZ,0.14346021553302507
2024.06.24,600004.SH,0.045894575537340096
2024.06.24,600046.SH,0.03169903166187765
2024.06.24,600019.SH,0.17799786416692437
2024.06.24,600005.SH,0.006786509388868448
2024.06.24,000020.SZ,0.19029305552322567
2024.06.24,000036.SZ,0.04420734410316258
2024.06.24,000024.SZ,0.26897604402568914
2024.06.24,000030.SZ,0.017174346420358422
2024.06.24,600038.SH,0.009428406095842326
2024.06.24,000003.SZ,0.001435889558652607
2024.06.24,600033.SH,0.04884172567495023
2024.06.24,000047.SZ,0.025219965238461824
2024.06.24,600001.SH,0.07359892125006498
2024.06.24,000048.SZ,0.01969879852522505
2024.06.24,000012.SZ,0.10594822242413658
2024.06.24,000004.SZ,0.029042947130267813
2024.06.24,600045.SH,0.008366961644011336
2024.06.24,600007.SH,0.007499416004336717
2024.06.24,000043.SZ,0.03285259235676053
2024.06.24,600037.SH,0.06156857474653396
2024.06.24,600040.SH,0.10431181766944389
2024.06.24,600024.SH,0.050108861680117966
2024.06.25,600006.SH,0.09512713194892085
2024.06.25,600014.SH,0.023773901550924726
2024.06.25,600041.SH,0.11346015963142247
2024.06.25,600015.SH,0.0022366426401541667
2024.06.25,600028.SH,0.15125299440288634
2024.06.25,600048.SH,0.11550597210992056
2024.06.25,600047.SH,0.023761274420317995
2024.06.25,600020.SH,0.16171088845334866
2024.06.25,000043.SZ,0.13438962911470032
2024.06.25,000032.SZ,0.21103723265689572
2024.06.25,000047.SZ,0.048527193679633984
2024.06.25,000007.SZ,0.17412771111998654
2024.06.25,000019.SZ,0.14596987455896634
2024.06.25,000045.SZ,0.018384220934352383
2024.06.25,600017.SH,0.036968346126729036
2024.06.25,000004.SZ,0.006113548211059706
2024.06.25,600045.SH,0.04804869722318344
2024.06.25,600025.SH,0.0228183533633289
2024.06.25,600029.SH,0.03975528503576143
2024.06.25,000041.SZ,0.018822249399835764
2024.06.25,000031.SZ,0.00419254138866785
2024.06.25,000012.SZ,0.09291896960355088
2024.06.25,600030.SH,0.39951504609639366
2024.06.25,600022.SH,0.03924428977583289
2024.06.25,600036.SH,0.07883685422955614
2024.06.25,600049.SH,0.029108245297230384
2024.06.25,600026.SH,0.09416282135788023
2024.06.25,000003.SZ,0.08146967650360502
2024.06.25,600027.SH,0.17864272070372492
2024.06.25,000020.SZ,0.15543576370032916
2024.06.25,000017.SZ,0.16230797050410417
2024.06.25,600023.SH,0.06841648750389603
2024.06.25,000030.SZ,0.0743890196797775
2024.06.25,000035.SZ,0.09211489740075669
2024.06.25,600031.SH,0.10640241147916009
2024.06.25,600039.SH,0.1999764324446424
2024.06.25,600000.SH,0.029997699683353883
2024.06.25,000040.SZ,0.03676184982908072
2024.06.25,000025.SZ,0.059929413917845786
2024.06.25,600013.SH,0.39041465475049436
2024.06.25,600011.SH,0.021586212962342855
2024.06.25,000011.SZ,0.10711254420243094
2024.06.25,600037.SH,0.1877045532235238
2024.06.25,000015.SZ,0.18071481603057418
2024.06.25,000048.SZ,0.028086670314959487
2024.06.25,000029.SZ,0.1553282697221777
2024.06.25,000022.SZ,0.07752573737947685
2024.06.25,600018.SH,0.0031505740548658616
2024.06.25,600019.SH,0.07314052799999693
2024.06.25,000018.SZ,0.020065044574118254
2024.06.25,000042.SZ,0.04116477804297931
2024.06.25,600003.SH,0.1544953958686588
2024.06.25,000002.SZ,0.2355056196678275
2024.06.25,000037.SZ,0.30256167909519144
2024.06.25,000006.SZ,0.011621072699940624
2024.06.25,000034.SZ,0.0920627353959517
2024.06.25,000038.SZ,0.19698319774819406
2024.06.25,600035.SH,0.038243866420250745
2024.06.25,000001.SZ,0.0014419440981561916
2024.06.25,600034.SH,0.13085239841836618
2024.06.25,000039.SZ,0.0592210494212764
2024.06.25,000049.SZ,0.033115144786041356
2024.06.25,600007.SH,0.024138037358166674
2024.06.25,000008.SZ,0.17943949610056842
2024.06.25,600042.SH,0.09422024276320347
2024.06.25,600002.SH,0.20475586542796326
2024.06.25,000033.SZ,0.05851346882647079
2024.06.25,600016.SH,0.08446587134824483
2024.06.25,600009.SH,0.22763859640556575
2024.06.25,000046.SZ,0.2081951548145718
2024.06.25,600043.SH,0.19588543020550367
2024.06.25,000027.SZ,0.24471175309131324
2024.06.25,000013.SZ,0.38684775819550266
2024.06.25,000009.SZ,0.20243066013739283
2024.06.25,000023.SZ,0.28916950380660955
2024.06.25,000005.SZ,0.1106603019074556
2024.06.25,600010.SH,0.12045941921427095
2024.06.25,600038.SH,0.05143313709215499
2024.06.25,000021.SZ,0.2309928316797868
2024.06.25,000010.SZ,0.31773107997886607
2024.06.25,600032.SH,0.1325562409850287
2024.06.25,000024.SZ,0.17339386653227393
2024.06.25,600021.SH,0.20676224941509683
2024.06.25,000026.SZ,0.09253171092376448
2024.06.25,000014.SZ,0.5679787606810784
2024.06.25,600044.SH,0.10273511685224583
2024.06.25,600046.SH,0.14261008077957837
2024.06.25,000050.SZ,0.36159896774351896
2024.06.25,600001.SH,0.1345658724306259
2024.06.25,600004.SH,0.1973584312176956
2024.06.25,000044.SZ,0.24945574171442522
2024.06.25,600024.SH,0.16807449087326026
2024.06.25,000036.SZ,0.0033957982282700546
2024.06.25,600040.SH,0.06360549584503665
2024.06.25,000016.SZ,0.05515807872387967
2024.06.25,600033.SH,0.0183691375790755
2024.06.25,600008.SH,0.2960744579502871
2024.06.25,000028.SZ,0.0531033360697393
2024.06.26,000037.SZ,0.01341451390848221
2024.06.26,600048.SH,0.18967392147172363
2024.06.26,600003.SH,0.272107957512957
2024.06.26,600024.SH,0.3194493337390367
2024.06.26,000023.SZ,0.2736478963065089
2024.06.26,600002.SH,0.0293153826111444
2024.06.26,600014.SH,0.10885752724921736
2024.06.26,000008.SZ,0.18139200410572548
2024.06.26,000016.SZ,0.03810725692992601
2024.06.26,000015.SZ,0.06780627602461282
2024.06.26,600008.SH,0.14611953479227782
2024.06.26,000027.SZ,0.13779846407153565
2024.06.26,600039.SH,0.28412223595800373
2024.06.26,000014.SZ,0.08411481581716908
2024.06.26,600043.SH,0.061139230046588486
2024.06.26,600021.SH,0.0023650677662276497
2024.06.26,000004.SZ,0.06614449125835274
2024.06.26,000049.SZ,0.07119536993209359
2024.06.26,600031.SH,0.16350001243293275
2024.06.26,000022.SZ,0.06660959008318064
2024.06.26,000031.SZ,0.030884009372910994
2024.06.26,600032.SH,0.026653987184384127
2024.06.26,600029.SH,0.025725775078323843
2024.06.26,000048.SZ,0.39030601295319123
2024.06.26,600012.SH,0.4321794646514726
2024.06.26,600007.SH,0.0298864541379615
2024.06.26,600000.SH,0.283077641316138
2024.06.26,000019.SZ,0.14432081253737092
2024.06.26,000018.SZ,0.19287579756066714
2024.06.26,000050.SZ,0.3533391657631764
2024.06.26,000001.SZ,0.11599369919244747
2024.06.26,000011.SZ,0.02422693273622641
2024.06.26,600023.SH,0.32531331354630094
2024.06.26,600038.SH,0.13677990188828218
2024.06.26,600022.SH,0.21049643734907597
2024.06.26,000009.SZ,0.005154743721193853
2024.06.26,600028.SH,0.13345816070456756
2024.06.26,000028.SZ,0.047083551141508084
2024.06.26,000047.SZ,0.09711753763238155
2024.06.26,000033.SZ,0.12936300517285262
2024.06.26,000020.SZ,0.009843713097106648
2024.06.26,000040.SZ,0.0614672277188483
2024.06.26,600040.SH,0.050079176357910864
2024.06.26,000012.SZ,0.13321221714043072
2024.06.26,600046.SH,0.041040818278917084
2024.06.26,600020.SH,0.013078745612889487
2024.06.26,600011.SH,0.1471350521406346
2024.06.26,600036.SH,0.3025211831471439
2024.06.26,600004.SH,0.09425762959792618
2024.06.26,000034.SZ,0.05547062902967688
2024.06.26,000003.SZ,0.15759925866685817
2024.06.26,000017.SZ,0.15861653987889934
2024.06.26,600027.SH,0.036387197081614114
2024.06.26,000013.SZ,0.10354062637840993
2024.06.26,000043.SZ,0.04011131154566767
2024.06.26,600035.SH,0.1345675043390464
2024.06.26,600013.SH,0.06090442084774728
2024.06.26,600033.SH,0.09948663401482222
2024.06.26,600009.SH,0.00516267027579795
2024.06.26,000010.SZ,0.00833773472264068
2024.06.26,600006.SH,0.4661725921987664
2024.06.26,600025.SH,0.0347533705231188
2024.06.26,600034.SH,0.055387444624659075
2024.06.26,000026.SZ,0.0012754785629140756
2024.06.26,000036.SZ,0.08383153423783203
2024.06.26,600015.SH,0.026735225030651663
2024.06.26,600041.SH,0.6870552056587879
2024.06.26,000002.SZ,0.18999999765882325
2024.06.26,000005.SZ,0.09006667824186157
2024.06.26,000021.SZ,0.3899599330646225
2024.06.26,000007.SZ,0.0720447181162577
2024.06.26,000038.SZ,0.0010214605943864423
2024.06.26,000035.SZ,0.18130377007265983
2024.06.26,000024.SZ,0.1815032589304798
2024.06.26,600049.SH,0.026225174219680302
2024.06.26,000032.SZ,0.19581979416594464
2024.06.26,600037.SH,0.0679704661348627
2024.06.26,600030.SH,0.14133509779932138
2024.06.26,000006.SZ,0.15683574510169682
2024.06.26,600044.SH,0.07478513191945961
2024.06.26,000046.SZ,0.12799414217102503
2024.06.26,000042.SZ,0.12269035429031382
2024.06.26,000030.SZ,0.08853440635567889
2024.06.26,000045.SZ,0.1456334888024999
2024.06.26,000029.SZ,0.4577159293057808
2024.06.26,600016.SH,0.11797654246652045
2024.06.26,600026.SH,0.2027297414616704
2024.06.26,600019.SH,0.011212315378591822
2024.06.26,600018.SH,0.03703959716030621
2024.06.26,000025.SZ,0.010893036028402293
2024.06.26,600047.SH,0.01753134957599546
2024.06.26,600010.SH,0.1124875590966358
2024.06.26,600045.SH,0.005268451599727492
2024.06.26,600001.SH,0.21589256601609094
2024.06.26,600042.SH,0.2679067063006557
2024.06.26,000041.SZ,0.037358527161096805
2024.06.26,000044.SZ,0.0423537912747735
2024.06.27,600002.SH,0.4021243086934869
2024.06.27,000028.SZ,0.06160647597771069
2024.06.27,000013.SZ,0.4119058806005404
2024.06.27,000036.SZ,0.08128949068992308
2024.06.27,000025.SZ,0.18050821989419683
2024.06.27,600041.SH,0.09226614570126196
2024.06.27,600049.SH,0.07369854980375977
2024.06.27,000033.SZ,0.10264053826721906
2024.06.27,600008.SH,0.04737128223001599
2024.06.27,000008.SZ,0.170337855090276
2024.06.27,600031.SH,0.03080309154240941
2024.06.27,000027.SZ,0.059225937684095946
2024.06.27,600000.SH,0.044243676290052214
2024.06.27,600042.SH,0.010736384960061397
2024.06.27,600009.SH,0.11246697501240904
2024.06.27,000039.SZ,0.143035168728282
2024.06.27,000002.SZ,0.13148682018925023
2024.06.27,000050.SZ,0.006703267618792064
2024.06.27,600013.SH,0.023821632099335244
2024.06.27,000001.SZ,0.15387163675769788
2024.06.27,600010.SH,0.0296954190998303
2024.06.27,000016.SZ,0.015276746563801895
2024.06.27,000021.SZ,0.050052813447578816
2024.06.27,600025.SH,0.03159232646808915
2024.06.27,000017.SZ,0.017395308961822502
2024.06.27,600015.SH,0.0022004606890743245
2024.06.27,600007.SH,0.3557919026707028
2024.06.27,600020.SH,0.30107614950362466
2024.06.27,600036.SH,0.06652742387506437
2024.06.27,600024.SH,0.016385628512701172
2024.06.27,600045.SH,0.12004431996587368
2024.06.27,000014.SZ,0.12036122708060452
2024.06.27,000048.SZ,0.4667065790546968
2024.06.27,600048.SH,0.05740637584118968
2024.06.27,000030.SZ,0.008878587763426813
2024.06.27,000043.SZ,0.12696802161706067
2024.06.27,600044.SH,0.22475889493482706
2024.06.27,000011.SZ,0.25209028658612814
2024.06.27,600038.SH,0.0928429289632321
2024.06.27,000023.SZ,0.26378890826476
2024.06.27,000020.SZ,0.06626605098087951
2024.06.27,600040.SH,0.11250527233648279
2024.06.27,000037.SZ,0.025460567148334015
2024.06.27,000042.SZ,0.17181635060192993
2024.06.27,600001.SH,0.2178844743669116
2024.06.27,000010.SZ,0.006684638159797708
2024.06.27,600016.SH,0.05990949205610031
2024.06.27,600037.SH,0.13723789836445002
2024.06.27,000003.SZ,0.0691653474173056
2024.06.27,600022.SH,0.013134137568230033
2024.06.27,000041.SZ,0.07950582602025455
2024.06.27,600027.SH,0.20244106223732294
2024.06.27,600032.SH,0.05900483345744334
2024.06.27,000009.SZ,0.2675900968985008
2024.06.27,600029.SH,0.017774876067742425
2024.06.27,000018.SZ,0.185356502371896
2024.06.27,000004.SZ,0.007504386639128789
2024.06.27,600035.SH,0.032826036290411496
2024.06.27,600012.SH,0.0028382686621346224
2024.06.27,000022.SZ,0.1515826146468606
2024.06.27,000005.SZ,0.3260149751596091
2024.06.27,000015.SZ,0.10006981309784234
2024.06.27,000029.SZ,0.0014911244851347374
2024.06.27,000019.SZ,0.16201324413749746
2024.06.27,000049.SZ,0.052638109718325055
2024.06.27,600034.SH,0.10191413355417797
2024.06.27,000006.SZ,0.3762743716632228
2024.06.27,600028.SH,0.324565653054298
2024.06.27,000012.SZ,0.01524641506384044
2024.06.27,000044.SZ,0.07342921658839283
2024.06.27,600046.SH,0.11447652168264395
2024.06.27,000038.SZ,0.05116458043532832
2024.06.27,600004.SH,0.2400517230601917
2024.06.27,000026.SZ,0.13295342967225024
2024.06.27,600019.SH,0.08103496400882958
2024.06.27,000035.SZ,0.06196596583652841
2024.06.27,600030.SH,0.09296673817277203
2024.06.27,600026.SH,0.05732325808274263
2024.06.27,000031.SZ,0.19402963087652617
2024.06.27,000040.SZ,0.0770816597935564
2024.06.27,600021.SH,0.03373513250686751
2024.06.27,000047.SZ,0.08531192520378181
2024.06.27,000032.SZ,0.10680481175316356
2024.06.27,600043.SH,0.44050446603930277
2024.06.27,600023.SH,0.09398104537061823
2024.06.27,600033.SH,0.27525855784144804
2024.06.27,600047.SH,0.26169951800858626
2024.06.27,000034.SZ,0.08045135193192171
2024.06.27,000024.SZ,0.1408780263086048
2024.06.27,000046.SZ,0.06876710944403616
2024.06.27,600014.SH,0.03275709729567278
2024.06.27,600005.SH,0.3039733807347224
2024.06.27,000007.SZ,0.15524413598510686
2024.06.27,600003.SH,0.027119955382650777
2024.06.27,000045.SZ,0.02753494338502975
2024.06.27,600006.SH,0.004155365468636989
2024.06.27,600017.SH,0.08086778800273864
2024.06.27,600018.SH,0.13792933195458923
2024.06.28,600049.SH,0.0396250216888572
2024.06.28,600039.SH,0.2747607991389007
2024.06.28,600021.SH,0.0851202720259082
2024.06.28,000019.SZ,0.126587933300961
2024.06.28,600005.SH,0.10298412359565012
2024.06.28,600034.SH,0.16456950428949113
2024.06.28,000031.SZ,0.16488872226814452
2024.06.28,000021.SZ,0.28085208361418046
2024.06.28,600012.SH,0.17652523104719256
2024.06.28,600020.SH,0.12123671933151743
2024.06.28,000028.SZ,0.10061095783801002
2024.06.28,600031.SH,0.16460682712685773
2024.06.28,600001.SH,0.3386256951723529
2024.06.28,000005.SZ,0.014623531154709296
2024.06.28,000008.SZ,0.08018626228539236
2024.06.28,600000.SH,0.11264864383067658
2024.06.28,000048.SZ,0.10253189739819167
2024.06.28,000010.SZ,0.10851827492868416
2024.06.28,600037.SH,0.17769385801846319
2024.06.28,000047.SZ,0.2812441185816019
2024.06.28,600024.SH,0.22782432065765526
2024.06.28,000003.SZ,0.11420992890521103
2024.06.28,000023.SZ,0.23881522875350367
2024.06.28,600046.SH,0.03768920708334706
2024.06.28,000004.SZ,0.12053461028338774
2024.06.28,000024.SZ,0.03694066852913344
2024.06.28,000014.SZ,0.027077316964195474
2024.06.28,600025.SH,0.043684274619124115
2024.06.28,000043.SZ,0.028164019651554115
2024.06.28,600008.SH,0.18684073034485127
2024.06.28,600018.SH,0.4294291447406766
2024.06.28,000034.SZ,0.05530826359081316
2024.06.28,000050.SZ,0.06592719360552944
2024.06.28,600043.SH,0.0665242448420903
2024.06.28,600003.SH,0.02118352048671753
2024.06.28,000040.SZ,0.00049761813262361
2024.06.28,600035.SH,0.22092890070165763
2024.06.28,000020.SZ,0.05308585603014371
2024.06.28,000037.SZ,0.03341945725244052
2024.06.28,000001.SZ,0.019148957250048827
2024.06.28,000026.SZ,0.5106142689537799
2024.06.28,600048.SH,0.008874071721065553
2024.06.28,600004.SH,0.004832062510067762
2024.06.28,600032.SH,0.021191890319177464
2024.06.28,600016.SH,0.025221185175419176
2024.06.28,000011.SZ,0.03156875761099624
2024.06.28,000027.SZ,0.04839884829348731
2024.06.28,000002.SZ,0.07899994401268261
2024.06.28,000049.SZ,0.35037314481878723
2024.06.28,000039.SZ,0.3842592557717251
2024.06.28,600030.SH,0.7499565913331072
2024.06.28,000006.SZ,0.03258572430510827
2024.06.28,000016.SZ,0.040041774110902026
2024.06.28,600038.SH,0.026116705891087284
2024.06.28,600010.SH,0.026371078475744943
2024.06.28,600022.SH,0.025939014168636653
2024.06.28,600009.SH,0.04843923819205862
2024.06.28,000046.SZ,0.1450315842873315
2024.06.28,600047.SH,0.14670674433531977
2024.06.28,600002.SH,0.09692699119949733
2024.06.28,600006.SH,0.006205194520193812
2024.06.28,000044.SZ,0.042567199043430246
2024.06.28,000012.SZ,0.13212522879186353
2024.06.28,600007.SH,0.31903508381119405
2024.06.28,600026.SH,0.0077888007092571975
2024.06.28,000025.SZ,0.00464329626717886
2024.06.28,600023.SH,0.17559583491682662
2024.06.28,000042.SZ,0.3465828415611931
2024.06.28,600014.SH,0.06495478229684215
2024.06.28,000032.SZ,0.4619233201879848
2024.06.28,600044.SH,0.19552867587400144
2024.06.28,000029.SZ,0.058373524036513975
2024.06.28,600017.SH,0.39482355273519265
2024.06.28,000013.SZ,0.01526242446247214
2024.06.28,600041.SH,0.020495690966023748
2024.06.28,600029.SH,0.04432602195669986
2024.06.28,000038.SZ,0.04323198721122026
2024.06.28,600042.SH,0.2769418253555042
2024.06.28,600011.SH,0.17680189395110998
2024.06.28,600040.SH,0.2555469194021455
2024.06.28,000017.SZ,0.03231104687305828
2024.06.28,000007.SZ,0.015719926933502708
2024.06.28,600045.SH,0.14371040732185894
2024.06.28,000030.SZ,0.021900976877436935
2024.06.28,000036.SZ,0.02337408977833943
2024.06.28,000033.SZ,0.016753096857847465
2024.06.28,000035.SZ,0.11380547707769477
2024.06.28,000045.SZ,0.14481374258138893
2024.06.28,600036.SH,0.08919935662894284
2024.06.28,000041.SZ,0.00413214190472011
2024.06.28,000015.SZ,0.07612797044961205
2024.06.28,600013.SH,0.0766117209746837
2024.06.28,000018.SZ,0.07948269610619448
2024.06.28,000022.SZ,0.00552084786853704
2024.06.28,000009.SZ,0.06098170444154337
2024.06.28,600027.SH,0.11554537377947617
2024.07.01,600025.SH,0.14181868160221467
2024.07.01,000017.SZ,0.10102641472186716
2024.07.01,600027.SH,0.07906861071147658
2024.07.01,000026.SZ,0.06922818797048635
2024.07.01,000044.SZ,0.07766876240542395
2024.07.01,600018.SH,0.030180595527290386
2024.07.01,000011.SZ,0.045158569589619155
2024.07.01,000035.SZ,0.037654846568441126
2024.07.01,600047.SH,0.24711885364955355
2024.07.01,600020.SH,0.10357371217033823
2024.07.01,600048.SH,0.02612333889303168
2024.07.01,600023.SH,0.15957479449479714
2024.07.01,600010.SH,0.1674519530595734
2024.07.01,000033.SZ,0.07467483572174886
2024.07.01,000014.SZ,0.05012939881370643
2024.07.01,600005.SH,0.15895367627246323
2024.07.01,600043.SH,0.2093765772605792
2024.07.01,000008.SZ,0.10537700572780556
2024.07.01,600038.SH,0.44618450828573614
2024.07.01,000016.SZ,0.03733066503884512
2024.07.01,000040.SZ,0.023048448674674038
2024.07.01,600019.SH,0.0018179497018440073
2024.07.01,000012.SZ,0.12849176405790178
2024.07.01,000041.SZ,0.045579240665336314
2024.07.01,000001.SZ,0.021510431625326235
2024.07.01,000006.SZ,0.11362736695162029
2024.07.01,000027.SZ,0.12802544039791394
2024.07.01,000004.SZ,0.025684566467467827
2024.07.01,000029.SZ,0.042059959628256455
2024.07.01,000047.SZ,0.08472848911852661
2024.07.01,000032.SZ,0.10811302460873484
2024.07.01,600028.SH,0.08723456659205572
2024.07.01,000039.SZ,0.2507362116665202
2024.07.01,600021.SH,0.07768604837917906
2024.07.01,000021.SZ,0.029377809383978836
2024.07.01,600004.SH,0.14217027787506994
2024.07.01,000031.SZ,0.10253852932405301
2024.07.01,000020.SZ,0.04770040246315423
2024.07.01,000025.SZ,0.1243790280216152
2024.07.01,600001.SH,0.2067427484290988
2024.07.01,000050.SZ,0.11379883020443958
2024.07.01,600035.SH,0.18337685319239339
2024.07.01,600012.SH,0.16806074834298676
2024.07.01,000015.SZ,0.013492941772640816
2024.07.01,000022.SZ,0.026561745193659635
2024.07.01,000007.SZ,0.10598740823226345
2024.07.01,000048.SZ,0.27450962534512463
2024.07.01,600031.SH,0.15910973122648128
2024.07.01,600044.SH,0.05400055660288833
2024.07.01,600006.SH,0.36648715564349926
2024.07.01,600016.SH,0.19496141934476946
2024.07.01,600029.SH,0.08694150673325711
2024.07.01,600030.SH,0.12152422149202634
2024.07.01,000023.SZ,0.011835064566971167
2024.07.01,000018.SZ,0.012497841837657064
2024.07.01,600014.SH,0.2131191936354351
2024.07.01,000019.SZ,0.07684501651767109
2024.07.01,600022.SH,0.1067757595319258
2024.07.01,000010.SZ,0.050875495626668904
2024.07.01,600033.SH,0.3880561214523761
2024.07.01,600011.SH,0.10780109896587355
2024.07.01,000043.SZ,0.010528827034834697
2024.07.01,000003.SZ,0.1312613943812572
2024.07.01,600045.SH,0.01455610488780223
2024.07.01,600049.SH,0.10798538686548607
2024.07.01,600017.SH,0.30200146169023206
2024.07.01,000045.SZ,0.1763116115795133
2024.07.01,600026.SH,0.07406101997094362
2024.07.01,600003.SH,0.03245904079819579
2024.07.01,600015.SH,0.0797306323717628
2024.07.01,600041.SH,0.07520355161243093
2024.07.01,600002.SH,0.31049402740836096
2024.07.01,000030.SZ,0.10164895661706702
2024.07.01,600040.SH,0.003467894288517535
2024.07.01,000024.SZ,0.25706458003536
2024.07.01,000036.SZ,0.03630486791359947
2024.07.01,000042.SZ,0.16979770227591506
2024.07.01,600042.SH,0.03533143864581675
2024.07.01,600013.SH,0.04671447117020252
2024.07.01,000028.SZ,0.1673987763303877
2024.07.01,000049.SZ,0.1761004217543882
2024.07.01,600009.SH,0.0899542893388102
2024.07.01,000038.SZ,0.1479652970620641
2024.07.01,000005.SZ,0.04007477041805677
2024.07.01,600007.SH,0.04372416392657005
2024.07.01,600046.SH,0.3014037261441391
2024.07.01,600039.SH,0.03327646146883653
2024.07.01,000037.SZ,0.2192148924766367
2024.07.01,600024.SH,0.12466338476958734
2024.07.01,600037.SH,0.17696123777391753
2024.07.01,600008.SH,0.16972275996739355
2024.07.01,600036.SH,0.07322419976517333
2024.07.01,000002.SZ,0.19272106645427528
2024.07.01,000009.SZ,0.09937016751168638
2024.07.01,000034.SZ,0.17624943838843776
2024.07.01,000013.SZ,0.06743141003577996
2024.07.01,600000.SH,0.024627242876844188
2024.07.02,600035.SH,0.3223413337541542
2024.07.02,600017.SH,0.07241412005452791
2024.07.02,000014.SZ,0.0625297474384638
2024.07.02,600021.SH,0.03420307583321056
2024.07.02,000034.SZ,0.040489727622967236
2024.07.02,600000.SH,0.03654662679171221
2024.07.02,600003.SH,0.11602773673647326
2024.07.02,600028.SH,0.3883026549056322
2024.07.02,600024.SH,0.002379475754830157
2024.07.02,000048.SZ,0.0052415720616406924
2024.07.02,000002.SZ,0.14140449833276128
2024.07.02,600010.SH,0.006077390378274303
2024.07.02,600033.SH,0.08808413109884762
2024.07.02,000047.SZ,0.03746368470838217
2024.07.02,600049.SH,0.025496160337101847
2024.07.02,000050.SZ,0.02355480136650264
2024.07.02,600009.SH,0.10741463919629034
2024.07.02,000022.SZ,0.005276503205800301
2024.07.02,600022.SH,0.033382649198628635
2024.07.02,600030.SH,0.11585405559409873
2024.07.02,600006.SH,0.0338880016662095
2024.07.02,600018.SH,0.06532379722484628
2024.07.02,600042.SH,0.06024404717017436
2024.07.02,000009.SZ,0.40446036511743405
2024.07.02,000026.SZ,0.16516579930415928
2024.07.02,000015.SZ,0.006517297873526118
2024.07.02,000021.SZ,0.3367866495276823
2024.07.02,600029.SH,0.1778610141120553
2024.07.02,600040.SH,0.03562012679461394
2024.07.02,000035.SZ,0.16864191411427673
2024.07.02,600004.SH,0.012081366262902819
2024.07.02,000016.SZ,0.03303610864121418
2024.07.02,000033.SZ,0.0833557158815495
2024.07.02,600013.SH,0.1856467947969252
2024.07.02,600036.SH,0.04863442494742343
2024.07.02,000038.SZ,0.06429828990522114
2024.07.02,000043.SZ,0.15619256763424974
2024.07.02,000020.SZ,0.1257896587559459
2024.07.02,600008.SH,0.05914186890315661
2024.07.02,600027.SH,0.1992707891510325
2024.07.02,600011.SH,0.399319689897403
2024.07.02,600019.SH,0.13393486447456526
2024.07.02,000017.SZ,0.022904951514790245
2024.07.02,000023.SZ,0.027960857717805442
2024.07.02,000010.SZ,0.0429883474901091
2024.07.02,000037.SZ,0.2688236327032418
2024.07.02,600037.SH,0.039666760951940765
2024.07.02,000041.SZ,0.0007948844244010702
2024.07.02,600047.SH,0.11109030635964175
2024.07.02,600025.SH,0.08699267320939753
2024.07.02,000049.SZ,0.16856755920499367
2024.07.02,000046.SZ,0.18533858294970984
2024.07.02,000036.SZ,0.009708643617186232
2024.07.02,600002.SH,0.07117174030584773
2024.07.02,600005.SH,0.1558298133822759
2024.07.02,600014.SH,0.12691663898600186
2024.07.02,000029.SZ,0.009714689862413022
2024.07.02,000004.SZ,0.039811431561444593
2024.07.02,600020.SH,0.15775263608415083
2024.07.02,000024.SZ,0.024268831230416697
2024.07.02,000039.SZ,0.3589283374056256
2024.07.02,600001.SH,0.08618322894837267
2024.07.02,000003.SZ,0.3999651818062847
2024.07.02,600034.SH,0.0899813346208916
2024.07.02,600045.SH,0.13220002516163434
2024.07.02,000008.SZ,0.13706953732128585
2024.07.02,000018.SZ,0.03451651970897138
2024.07.02,600043.SH,0.3296591835094781
2024.07.02,600041.SH,0.155674981016887
2024.07.02,000032.SZ,0.058448796919749496
2024.07.02,000028.SZ,0.0585837238360618
2024.07.02,000019.SZ,0.04452872309338431
2024.07.02,600012.SH,0.24781083649683788
2024.07.02,600007.SH,0.40988748021004534
2024.07.02,000042.SZ,0.20767005263852525
2024.07.02,600015.SH,0.012652888598366559
2024.07.02,000007.SZ,0.3958412950157702
2024.07.02,600031.SH,0.0018804073613767174
2024.07.02,000044.SZ,0.14622999337319365
2024.07.02,000013.SZ,0.6608426022375239
2024.07.02,600032.SH,0.24478587820259717
2024.07.02,000001.SZ,0.13266640484212613
2024.07.02,000040.SZ,0.06658283949986434
2024.07.02,600046.SH,0.2950581481446882
2024.07.02,000025.SZ,0.05075550960505742
2024.07.02,600038.SH,0.11192406262442539
2024.07.02,000005.SZ,0.16788440603837967
2024.07.02,600039.SH,0.03431153021617863
2024.07.02,600023.SH,0.026159039057415852
2024.07.02,000031.SZ,0.1912022598845708
2024.07.02,600044.SH,0.1696255993862977
2024.07.02,600026.SH,0.10563722023234037
2024.07.02,000012.SZ,0.3055672188259681
2024.07.02,000030.SZ,0.13723937147648302
2024.07.02,000027.SZ,0.04916523173601059
2024.07.02,000011.SZ,0.21850618478348185
2024.07.02,000045.SZ,0.016736320113588346
2024.07.03,000014.SZ,0.03282690971938101
2024.07.03,000037.SZ,0.2915157930443418
2024.07.03,600029.SH,0.02099757615520613
2024.07.03,600047.SH,0.052262819452830206
2024.07.03,600035.SH,0.05206428697311386
2024.07.03,000035.SZ,0.11787857912514049
2024.07.03,600037.SH,0.0861668653173323
2024.07.03,000024.SZ,0.2659100708733959
2024.07.03,600024.SH,0.011884337999037549
2024.07.03,600040.SH,0.138319907453662
2024.07.03,000011.SZ,0.0038244024868270645
2024.07.03,000004.SZ,0.03504994753729635
2024.07.03,000012.SZ,0.05261760718311767
2024.07.03,000022.SZ,0.07022089259807757
2024.07.03,600003.SH,0.017317363582954878
2024.07.03,600032.SH,0.06907708870868066
2024.07.03,600025.SH,0.40010644780526355
2024.07.03,000026.SZ,0.12880355056938167
2024.07.03,600015.SH,0.08793732905151147
2024.07.03,600038.SH,0.030588462175719075
2024.07.03,600018.SH,0.03474251513947492
2024.07.03,000002.SZ,0.03452084890892062
2024.07.03,000047.SZ,0.03030854458895862
2024.07.03,000041.SZ,0.218344587076317
2024.07.03,600010.SH,0.22464485430016812
2024.07.03,600017.SH,0.2160060511068987
2024.07.03,000019.SZ,0.15507010408687263
2024.07.03,600000.SH,0.366279378628471
2024.07.03,000023.SZ,0.16514887870881403
2024.07.03,000017.SZ,0.11949646027244831
2024.07.03,600001.SH,0.0342701753805079
2024.07.03,000021.SZ,0.08832547961900969
2024.07.03,600004.SH,0.05512641306216287
2024.07.03,600027.SH,0.6029087916511625
2024.07.03,600045.SH,0.19979714954115954
2024.07.03,000038.SZ,0.1875314160991352
2024.07.03,600006.SH,0.09059989562844105
2024.07.03,600007.SH,0.07827687506274866
2024.07.03,000050.SZ,0.19239236832867776
2024.07.03,600044.SH,0.06129549328453733
2024.07.03,000027.SZ,0.05831512112478076
2024.07.03,000049.SZ,0.1938119170174237
2024.07.03,600046.SH,0.1699015481878734
2024.07.03,000044.SZ,0.0032834713309436176
2024.07.03,600034.SH,0.06812151725238373
2024.07.03,000048.SZ,0.0709773240016845
2024.07.03,000018.SZ,0.11063597545040359
2024.07.03,000033.SZ,0.0002110787590060523
2024.07.03,000001.SZ,0.2447525879308695
2024.07.03,600014.SH,0.02264035085866812
2024.07.03,600049.SH,0.01628332783801965
2024.07.03,600005.SH,0.11194264221255901
2024.07.03,000034.SZ,0.15642157130870732
2024.07.03,000009.SZ,0.0831251140493859
2024.07.03,000007.SZ,0.00395376637798994
2024.07.03,000016.SZ,0.04640481752028083
2024.07.03,000028.SZ,0.0331779416135595
2024.07.03,000032.SZ,0.03504162052805927
2024.07.03,000040.SZ,0.06054477686856411
2024.07.03,000005.SZ,0.05748816249713267
2024.07.03,600030.SH,0.29725037311522645
2024.07.03,000030.SZ,0.1909675675286695
2024.07.03,000015.SZ,0.1507975523435088
2024.07.03,000003.SZ,0.07934734273853077
2024.07.03,000043.SZ,0.06799209155698445
2024.07.03,600028.SH,0.028717108400260274
2024.07.03,000010.SZ,0.08143263104316022
2024.07.03,000020.SZ,0.11914169572522296
2024.07.03,600019.SH,0.006089339173915946
2024.07.03,000029.SZ,0.1557737445577304
2024.07.03,000039.SZ,0.02563892565261433
2024.07.03,600012.SH,0.30205922467353913
2024.07.03,000042.SZ,0.1618918184491247
2024.07.03,600021.SH,0.013651030022952584
2024.07.03,000046.SZ,0.22901158080254314
2024.07.03,600022.SH,0.15177322175924363
2024.07.03,600042.SH,0.29508394794253173
2024.07.03,600041.SH,0.09894285432888503
2024.07.03,600016.SH,0.18532282640055353
2024.07.03,600020.SH,0.15692961009583853
2024.07.03,000006.SZ,0.08527779057063105
2024.07.03,600039.SH,0.32914207921973176
2024.07.03,600036.SH,0.1706292143515522
2024.07.03,000013.SZ,0.09953089836383383
2024.07.03,000008.SZ,0.039424734585789656
2024.07.03,600009.SH,0.18058387340322254
2024.07.03,600048.SH,0.12785075549370756
2024.07.03,600013.SH,0.254992422767054
2024.07.03,600026.SH,0.012729764772959607
2024.07.03,600033.SH,0.04083489144948347
2024.07.03,600011.SH,0.1958642111385744
2024.07.03,600008.SH,0.04603307232626264
2024.07.03,600043.SH,0.00272147773016045
2024.07.03,600023.SH,0.11893067109144881
2024.07.03,000031.SZ,0.026281121898839452
2024.07.03,600031.SH,0.033278546779326304
2024.07.03,600002.SH,0.04770210521830788
2024.07.04,600034.SH,0.06565596304347038
2024.07.04,000002.SZ,0.14684654614693143
2024.07.04,600042.SH,0.002040962860330021
2024.07.04,600049.SH,0.0371363378066924
2024.07.04,600007.SH,0.08052124488591188
2024.07.04,000015.SZ,0.03586170052098426
2024.07.04,600044.SH,0.17446708087992435
2024.07.04,000037.SZ,0.07340589593089081
2024.07.04,600016.SH,0.11267422444273503
2024.07.04,600045.SH,0.07089291834882874
2024.07.04,600013.SH,0.07482938966641024
2024.07.04,000010.SZ,0.13507494725187064
2024.07.04,000012.SZ,0.17013722720311028
2024.07.04,000003.SZ,0.056947762953591545
2024.07.04,600030.SH,0.06193833722094275
2024.07.04,600020.SH,0.011301474011848726
2024.07.04,000018.SZ,0.2158882499135912
2024.07.04,000050.SZ,0.018557903965026035
2024.07.04,000044.SZ,0.005387301780369485
2024.07.04,600002.SH,0.3998002908450081
2024.07.04,000029.SZ,0.3476048804934992
2024.07.04,000039.SZ,0.10710835251516354
2024.07.04,600024.SH,0.06815911137998944
2024.07.04,000047.SZ,0.0902201044492295
2024.07.04,600046.SH,0.02161118838459856
2024.07.04,600047.SH,0.007796366253119846
2024.07.04,600005.SH,0.03530511477416265
2024.07.04,000040.SZ,0.06454852459302934
2024.07.04,600036.SH,0.11427252056440075
2024.07.04,600025.SH,0.12036655499000952
2024.07.04,600018.SH,0.011419930278213941
2024.07.04,000013.SZ,0.10690704709272501
2024.07.04,000017.SZ,0.08372079254856053
2024.07.04,600003.SH,0.08365192623880016
2024.07.04,600017.SH,0.015281036219940076
2024.07.04,000032.SZ,0.027937773112783327
2024.07.04,600023.SH,0.0791436101451216
2024.07.04,600015.SH,0.08722070845021655
2024.07.04,600014.SH,0.009641636760289273
2024.07.04,600037.SH,0.0854037083306011
2024.07.04,600027.SH,0.317653863985817
2024.07.04,600001.SH,0.07353033057280907
2024.07.04,000028.SZ,0.09387939889854324
2024.07.04,000016.SZ,0.4094508157458686
2024.07.04,600022.SH,0.17936829850994856
2024.07.04,600033.SH,0.0330044803491898
2024.07.04,000023.SZ,0.09272658767740447
2024.07.04,600043.SH,0.015205226773976455
2024.07.04,600029.SH,0.01365797809273118
2024.07.04,000033.SZ,0.002622481865261979
2024.07.04,600011.SH,0.7336755779901201
2024.07.04,600038.SH,0.05914640882977436
2024.07.04,600039.SH,0.07899767079145696
2024.07.04,000008.SZ,0.022734658672671906
2024.07.04,000048.SZ,0.005354080692224548
2024.07.04,000001.SZ,0.11546925341126854
2024.07.04,000025.SZ,0.12921896703090818
2024.07.04,600012.SH,0.016069944287663864
2024.07.04,000046.SZ,0.039576725191063165
2024.07.04,600019.SH,0.19125454803924202
2024.07.04,600032.SH,0.013248952785202993
2024.07.04,600040.SH,0.09867026464955009
2024.07.04,600026.SH,0.0024624586000030397
2024.07.04,600021.SH,0.16769191603889602
2024.07.04,000005.SZ,0.1558946531866353
2024.07.04,000014.SZ,0.09148557762506081
2024.07.04,000045.SZ,0.23762782954594364
2024.07.04,600010.SH,0.025741476857480145
2024.07.04,000011.SZ,0.26143906354086965
2024.07.04,000042.SZ,0.041027634735779916
2024.07.04,000020.SZ,0.037791474077527004
2024.07.04,000030.SZ,0.059386422260744885
2024.07.04,000031.SZ,0.0501159869780306
2024.07.04,000024.SZ,0.6519252988840828
2024.07.04,000038.SZ,0.0311692841999684
2024.07.04,000021.SZ,0.12249260676200437
2024.07.04,000007.SZ,0.635320685567548
2024.07.04,000009.SZ,0.13398987048603464
2024.07.04,000026.SZ,0.049217778365042306
2024.07.04,000041.SZ,0.01352824688258043
2024.07.04,600006.SH,0.31801917913667976
2024.07.04,000036.SZ,0.04964525995379396
2024.07.04,000035.SZ,0.014038812058695008
2024.07.04,600035.SH,0.0004254061162063335
2024.07.04,600000.SH,0.17599981610751897
2024.07.04,600048.SH,0.019946675059474017
2024.07.04,600009.SH,0.004128696062988965
2024.07.04,000006.SZ,0.028678994619898094
2024.07.04,000049.SZ,0.020115139022545418
2024.07.04,000027.SZ,0.032648242307651044
2024.07.04,600031.SH,0.06220484699821165
2024.07.04,600004.SH,0.19913946948294914
2024.07.04,000043.SZ,0.046359486620338175
2024.07.04,600008.SH,0.020123169250199933
2024.07.04,000004.SZ,0.3583860896647828
2024.07.04,600041.SH,0.0018995418220359337
2024.07.04,000022.SZ,0.16878132786960934
2024.07.05,600001.SH,0.0441859686570623
2024.07.05,000038.SZ,0.28220918986923355
2024.07.05,600011.SH,0.036302350353854256
2024.07.05,600041.SH,0.1974741793041576
2024.07.05,000022.SZ,0.49387308255744683
2024.07.05,600046.SH,0.009897116497299942
2024.07.05,600036.SH,0.055106431529024544
2024.07.05,000039.SZ,0.010188338244867196
2024.07.05,000012.SZ,0.10525306102480221
2024.07.05,000045.SZ,0.00292811280294946
2024.07.05,600048.SH,0.003294793498423352
2024.07.05,000013.SZ,0.2085089551745348
2024.07.05,000011.SZ,0.1273044973800762
2024.07.05,600014.SH,0.13618379920290694
2024.07.05,600025.SH,0.03248401519879522
2024.07.05,000020.SZ,0.0105193049008702
2024.07.05,600034.SH,0.29003826725262977
2024.07.05,000049.SZ,0.11776640177632762
2024.07.05,600019.SH,0.023656808910723158
2024.07.05,000040.SZ,0.04134533122089457
2024.07.05,000030.SZ,0.030666233353995646
2024.07.05,000018.SZ,0.04113889643814147
2024.07.05,000047.SZ,0.00100183217595892
2024.07.05,600028.SH,0.28057150597357583
2024.07.05,600010.SH,0.0828921490675032
2024.07.05,600044.SH,0.02622033526183941
2024.07.05,600040.SH,0.023683367165174194
2024.07.05,000028.SZ,0.10776682180308889
2024.07.05,600047.SH,0.002285152298174171
2024.07.05,000043.SZ,0.11308111129156555
2024.07.05,000035.SZ,0.05056648459209839
2024.07.05,000048.SZ,0.4175482741554647
2024.07.05,000010.SZ,0.10204622527335837
2024.07.05,600029.SH,0.1504780616061655
2024.07.05,000041.SZ,0.1749040862788806
2024.07.05,600039.SH,0.1929062047904398
2024.07.05,600000.SH,0.41522786604669254
2024.07.05,600007.SH,0.22534161198682043
2024.07.05,600030.SH,0.02725216285618099
2024.07.05,600043.SH,0.020203586004706158
2024.07.05,000006.SZ,0.020694149014482924
2024.07.05,600035.SH,0.2402400928635274
2024.07.05,600004.SH,0.26685823162227645
2024.07.05,600032.SH,0.23330492921113521
2024.07.05,600038.SH,0.012705301794259476
2024.07.05,600005.SH,0.05332948322603638
2024.07.05,000031.SZ,0.23833456359290506
2024.07.05,000007.SZ,0.2719323334317915
2024.07.05,600012.SH,0.0726862930361143
2024.07.05,000017.SZ,0.21478897875852745
2024.07.05,000032.SZ,0.11047588797386433
2024.07.05,000016.SZ,0.0321202712844723
2024.07.05,000002.SZ,0.00818213819230366
2024.07.05,600013.SH,0.158802514126518
2024.07.05,600002.SH,0.016314258196976836
2024.07.05,600008.SH,0.009895721408577833
2024.07.05,000046.SZ,0.12004471466700216
2024.07.05,000050.SZ,0.17064720993215887
2024.07.05,600022.SH,0.15044282051860305
2024.07.05,600037.SH,0.11845671310046697
2024.07.05,600003.SH,0.08962647920835644
2024.07.05,600045.SH,0.029183755601204914
2024.07.05,000036.SZ,0.5674065440096682
2024.07.05,600027.SH,0.031809792544517636
2024.07.05,000004.SZ,0.2652073900476084
2024.07.05,000005.SZ,0.1299712946395208
2024.07.05,600021.SH,0.02257743368423917
2024.07.05,000024.SZ,0.3628257787733414
2024.07.05,000015.SZ,0.19535190928221496
2024.07.05,000019.SZ,0.12828543983312274
2024.07.05,600023.SH,0.015625362808843593
2024.07.05,000021.SZ,0.2739370771957367
2024.07.05,600024.SH,0.09236274793950215
2024.07.05,600042.SH,0.02956154158514246
2024.07.05,600015.SH,0.010078206110885975
2024.07.05,600016.SH,0.350188563547351
2024.07.05,600031.SH,0.0013727262692487263
2024.07.05,000034.SZ,0.2021174246427904
2024.07.05,000033.SZ,0.09760870059036733
2024.07.05,000025.SZ,0.14003471256107253
2024.07.05,600033.SH,0.036155157615221326
2024.07.05,000009.SZ,0.28891887427583574
2024.07.05,000003.SZ,0.004260287253890343
2024.07.05,000042.SZ,0.2703270914903268
2024.07.05,000008.SZ,0.01521777723468399
2024.07.05,600049.SH,0.10991059985682142
2024.07.05,000001.SZ,0.07815074748188178
2024.07.05,000014.SZ,0.11051625648913656
2024.07.05,000027.SZ,0.15214340054771672
2024.07.05,000037.SZ,0.060109160253906654
2024.07.05,000023.SZ,0.014908517444241938
2024.07.05,600020.SH,0.11212480412157864
2024.07.05,600018.SH,0.12625525159756368
2024.07.05,000044.SZ,0.18883920688196418
2024.07.05,600009.SH,0.049864774389073364
2024.07.05,600026.SH,0.005197084193711388
2024.07.05,600017.SH,0.04823307093573534
2024.07.05,000029.SZ,0.0059551002573175115
2024.07.08,000043.SZ,0.057676617389628086
2024.07.08,000030.SZ,0.009195422297129838
2024.07.08,000025.SZ,0.20973501303287326
2024.07.08,600005.SH,0.33240922748633533
2024.07.08,000037.SZ,0.17265258225101446
2024.07.08,000018.SZ,0.02750916244125955
2024.07.08,600009.SH,0.14185082921279019
2024.07.08,600037.SH,0.1811853349793153
2024.07.08,000016.SZ,0.027744948963799698
2024.07.08,600046.SH,0.314441999919901
2024.07.08,600022.SH,0.02531477878772704
2024.07.08,600013.SH,0.09836417656870582
2024.07.08,000038.SZ,0.2667748412759907
2024.07.08,000022.SZ,0.1737997377239675
2024.07.08,000023.SZ,0.023550029368531015
2024.07.08,000014.SZ,0.09327366421430897
2024.07.08,600041.SH,0.04541852801076054
2024.07.08,600042.SH,0.15876728348626254
2024.07.08,600000.SH,0.0006012732966958428
2024.07.08,600018.SH,0.22812307087463027
2024.07.08,000015.SZ,0.2905634559847377
2024.07.08,600038.SH,0.2801235816580421
2024.07.08,600021.SH,0.15365204933354695
2024.07.08,000044.SZ,0.03342159555638266
2024.07.08,600012.SH,0.09327641669267388
2024.07.08,000039.SZ,0.03610993996143832
2024.07.08,600026.SH,0.21390926189632636
2024.07.08,600027.SH,0.03912949167149528
2024.07.08,600010.SH,0.30844075863271203
2024.07.08,600049.SH,0.006118055968308953
2024.07.08,000012.SZ,0.017527754741847437
2024.07.08,600019.SH,0.06044564270104172
2024.07.08,000045.SZ,0.14342029302174436
2024.07.08,000021.SZ,0.1776059529743628
2024.07.08,000019.SZ,0.08836855267183659
2024.07.08,000001.SZ,0.009205424496547234
2024.07.08,600004.SH,0.04608718035514929
2024.07.08,000002.SZ,0.061552122925055776
2024.07.08,000049.SZ,0.2396161568378693
2024.07.08,600008.SH,0.01359634296677754
2024.07.08,000024.SZ,0.03422574676849445
2024.07.08,600044.SH,0.26878400030178545
2024.07.08,600020.SH,0.07750637174305779
2024.07.08,000010.SZ,0.03193635262424176
2024.07.08,600034.SH,0.23755389108701686
2024.07.08,600003.SH,0.32289185720169583
2024.07.08,600017.SH,0.03954148587884209
2024.07.08,000020.SZ,0.027950527943209375
2024.07.08,600001.SH,0.09806960491861183
2024.07.08,000009.SZ,0.0973021016464072
2024.07.08,000033.SZ,0.060237639569156815
2024.07.08,000013.SZ,0.03710793152851044
2024.07.08,000011.SZ,0.02071813074816323
2024.07.08,000028.SZ,0.14620154489677992
2024.07.08,600031.SH,0.505810546978771
2024.07.08,000026.SZ,0.0492634098484417
2024.07.08,000048.SZ,0.07931807062779389
2024.07.08,000005.SZ,0.042318210618126004
2024.07.08,600033.SH,0.12260640372931603
2024.07.08,000034.SZ,0.01242775266397266
2024.07.08,000042.SZ,0.12149046613865602
2024.07.08,600029.SH,0.12384418804668931
2024.07.08,600039.SH,0.3875150075388898
2024.07.08,000003.SZ,0.002867933833834078
2024.07.08,000046.SZ,0.0949992800120134
2024.07.08,000050.SZ,0.19225548562385447
2024.07.08,600014.SH,0.015528408785108182
2024.07.08,000029.SZ,0.07746567064853604
2024.07.08,000036.SZ,0.043182135210066135
2024.07.08,600011.SH,0.382861467903312
2024.07.08,000032.SZ,0.06044099533307282
2024.07.08,600006.SH,0.12579061569734704
2024.07.08,600035.SH,0.02281688083467893
2024.07.08,000035.SZ,0.13326568353130674
2024.07.08,600036.SH,0.07430734391338732
2024.07.08,600043.SH,0.12114177824397299
2024.07.08,600030.SH,0.34507314178336784
2024.07.08,000027.SZ,0.15285322879633642
2024.07.08,600040.SH,0.11277067282370623
2024.07.08,600047.SH,0.14830539653768532
2024.07.08,600016.SH,0.260080505913418
2024.07.08,600007.SH,0.7499403950753668
2024.07.08,000047.SZ,0.08511834486239749
2024.07.08,000004.SZ,0.0010240637181207733
2024.07.08,600023.SH,0.15929619800793035
2024.07.08,600002.SH,0.06812991582029608
2024.07.08,000008.SZ,0.15201065576687073
2024.07.08,000017.SZ,0.03480909167942025
2024.07.08,600032.SH,0.6742387592716133
2024.07.08,000040.SZ,0.011665934337470561
2024.07.08,600025.SH,0.03367160570842972
2024.07.08,000041.SZ,0.09057265198113847
2024.07.08,000006.SZ,0.005536845718170055
2024.07.08,600024.SH,0.11599538953547098
2024.07.08,600015.SH,0.07223171265899048
2024.07.08,000031.SZ,0.09592539940747456
2024.07.09,000032.SZ,0.37530908595677026
2024.07.09,600044.SH,0.08517135728100576
2024.07.09,600017.SH,0.08915339674358293
2024.07.09,000011.SZ,0.08900214096468964
2024.07.09,600003.SH,0.2358311090552622
2024.07.09,000044.SZ,0.03242368020063032
2024.07.09,600039.SH,0.30307914581811185
2024.07.09,000030.SZ,0.014459406268897293
2024.07.09,000050.SZ,0.020632583534682784
2024.07.09,600025.SH,0.1678941761252905
2024.07.09,600021.SH,0.07690276175277601
2024.07.09,600026.SH,0.07762164753538384
2024.07.09,000004.SZ,0.15662297647707554
2024.07.09,600035.SH,0.19628039104483286
2024.07.09,000008.SZ,0.1332611252062498
2024.07.09,600032.SH,0.043093917726895484
2024.07.09,000024.SZ,0.028948857028533465
2024.07.09,000038.SZ,0.043704630506305964
2024.07.09,600040.SH,0.0339262250637625
2024.07.09,000025.SZ,0.17483705026274438
2024.07.09,000046.SZ,0.1761396040447904
2024.07.09,000045.SZ,0.12165299290066976
2024.07.09,000036.SZ,0.28046456021062716
2024.07.09,000010.SZ,0.06413261239150236
2024.07.09,000047.SZ,0.15073175023698976
2024.07.09,000005.SZ,0.05435604768817643
2024.07.09,000040.SZ,0.05155936049288777
2024.07.09,600047.SH,0.05353052443690795
2024.07.09,000007.SZ,0.02369542794059122
2024.07.09,600022.SH,0.06100827649532877
2024.07.09,600031.SH,0.09695551205907091
2024.07.09,000002.SZ,0.004067897218403714
2024.07.09,600027.SH,0.4817395048764854
2024.07.09,000039.SZ,0.024848613316097966
2024.07.09,600042.SH,0.10221453516015508
2024.07.09,600048.SH,0.009274173167937464
2024.07.09,600029.SH,0.1899884157265316
2024.07.09,000021.SZ,0.06834055947521153
2024.07.09,000035.SZ,0.02001519160395016
2024.07.09,600043.SH,0.4121283600586558
2024.07.09,000022.SZ,0.2763363252409707
2024.07.09,600016.SH,0.09800960914048587
2024.07.09,000043.SZ,0.187695055310924
2024.07.09,600049.SH,0.12533494805636333
2024.07.09,000049.SZ,0.025948149608474306
2024.07.09,600010.SH,0.20258671551555782
2024.07.09,000009.SZ,0.33359896640092374
2024.07.09,000020.SZ,0.4116760167928385
2024.07.09,600023.SH,0.18143121515153315
2024.07.09,600000.SH,0.017215420947226327
2024.07.09,000019.SZ,0.12059922083402723
2024.07.09,600020.SH,0.013731475466181626
2024.07.09,000003.SZ,0.3140725046208691
2024.07.09,600002.SH,0.028353067989535404
2024.07.09,600019.SH,0.0647495715439753
2024.07.09,600004.SH,0.051942950587196925
2024.07.09,000013.SZ,0.14162202029230012
2024.07.09,000041.SZ,0.0007462063829978617
2024.07.09,600045.SH,0.04366603906177336
2024.07.09,000016.SZ,0.060732196297759444
2024.07.09,600005.SH,0.14990314076970998
2024.07.09,600015.SH,0.0029045535647052754
2024.07.09,600006.SH,0.017238897252338008
2024.07.09,600009.SH,0.04665763138323686
2024.07.09,000031.SZ,0.09472770809562114
2024.07.09,600041.SH,0.10987387748485919
2024.07.09,600038.SH,0.031067560343219218
2024.07.09,600018.SH,0.276358238280582
2024.07.09,600036.SH,0.1319023730551055
2024.07.09,000001.SZ,0.26662779131845843
2024.07.09,600024.SH,0.010358516025755849
2024.07.09,600028.SH,0.008577954840121377
2024.07.09,600012.SH,0.013141599875501172
2024.07.09,600001.SH,0.033783409840408084
2024.07.09,000029.SZ,0.1772401444939176
2024.07.09,000042.SZ,0.07603172214261505
2024.07.09,600014.SH,0.34278190579749573
2024.07.09,000012.SZ,0.15638160880287325
2024.07.09,600013.SH,0.11712102644197103
2024.07.09,000006.SZ,0.0034127074442325445
2024.07.09,000028.SZ,0.12354458059767826
2024.07.09,000014.SZ,0.08581457020861702
2024.07.09,000023.SZ,0.12915712223361783
2024.07.09,000048.SZ,0.06630406809781184
2024.07.09,600037.SH,0.021774861941503486
2024.07.09,600011.SH,0.01922831004491744
2024.07.09,000026.SZ,0.195015623335646
2024.07.09,000017.SZ,0.12188200748107934
2024.07.09,000015.SZ,0.013824371182250461
2024.07.09,000018.SZ,0.13367312708308468
2024.07.09,600033.SH,0.07828101964286
2024.07.09,600008.SH,0.12073148744033446
2024.07.09,000037.SZ,0.015676658568217077
2024.07.09,000027.SZ,0.02622665819182856
2024.07.09,600034.SH,0.34099811144345243
2024.07.09,600007.SH,0.10108696741873091
2024.07.09,600046.SH,0.11019242286571376
2024.07.10,000009.SZ,0.24897773034277995
2024.07.10,000047.SZ,0.20502796794311764
2024.07.10,000024.SZ,0.2050929186299903
2024.07.10,000041.SZ,0.10695364979031644
2024.07.10,600004.SH,0.09291231345869871
2024.07.10,600037.SH,0.14095995774555428
2024.07.10,000020.SZ,0.032262835159518985
2024.07.10,600016.SH,0.19362993494337055
2024.07.10,600013.SH,0.1252617379985661
2024.07.10,000027.SZ,0.026644285167330965
2024.07.10,600020.SH,0.08611471352364497
2024.07.10,600021.SH,7.308848015406055e-06
2024.07.10,600012.SH,0.0732263628259632
2024.07.10,600000.SH,0.0064221531715576
2024.07.10,600039.SH,0.042042615116521416
2024.07.10,000013.SZ,0.005062844486903401
2024.07.10,600028.SH,0.03466000159469951
2024.07.10,000002.SZ,0.20363952964960466
2024.07.10,000015.SZ,0.0027800681702621548
2024.07.10,000035.SZ,0.0011981433525387066
2024.07.10,000031.SZ,0.10437058333625891
2024.07.10,000048.SZ,0.23398771769473278
2024.07.10,000021.SZ,0.09377792617267293
2024.07.10,000010.SZ,0.20696953894835127
2024.07.10,000025.SZ,0.03726238871204502
2024.07.10,600015.SH,0.04583660845176776
2024.07.10,600049.SH,0.04742071553572948
2024.07.10,600043.SH,0.01836282789332859
2024.07.10,600031.SH,0.05959677582059742
2024.07.10,600044.SH,0.1322175380961722
2024.07.10,000008.SZ,0.2645898214907078
2024.07.10,000011.SZ,0.02716890664297192
2024.07.10,600023.SH,0.03312528481463557
2024.07.10,000016.SZ,0.021748709732841272
2024.07.10,000012.SZ,0.023605683433575313
2024.07.10,600005.SH,0.039241863414350486
2024.07.10,600006.SH,0.1771711398298323
2024.07.10,600009.SH,0.4546381959009231
2024.07.10,600034.SH,0.1822619004428899
2024.07.10,000029.SZ,0.07002303874294981
2024.07.10,000022.SZ,0.14141491124459601
2024.07.10,600047.SH,0.002068996541257325
2024.07.10,600002.SH,0.03097611874262897
2024.07.10,600045.SH,0.1711184623499483
2024.07.10,000034.SZ,0.11335906232137616
2024.07.10,000001.SZ,0.027891008995990375
2024.07.10,000032.SZ,0.659922839486275
2024.07.10,600029.SH,0.1946863960238217
2024.07.10,600040.SH,0.043655748718833716
2024.07.10,600027.SH,0.002398066478599504
2024.07.10,000036.SZ,0.00608482783145495
2024.07.10,000007.SZ,0.04347070759522888
2024.07.10,600024.SH,0.14075137268738105
2024.07.10,600041.SH,0.02070629302345341
2024.07.10,600036.SH,0.2133174620517218
2024.07.10,000030.SZ,0.13891289991210093
2024.07.10,000005.SZ,0.0511434887857225
2024.07.10,600033.SH,0.2004824332874945
2024.07.10,600019.SH,0.5034082996787299
2024.07.10,000006.SZ,0.08292833418113643
2024.07.10,000028.SZ,0.040468147860049174
2024.07.10,000037.SZ,0.03322056804549847
2024.07.10,600038.SH,0.01295447757322413
2024.07.10,000044.SZ,0.2928651739553631
2024.07.10,600025.SH,0.07911864214725203
2024.07.10,600018.SH,0.07541564693215137
2024.07.10,000033.SZ,0.2248228609174198
2024.07.10,600035.SH,0.06777880582687522
2024.07.10,600042.SH,0.46757809507870185
2024.07.10,000050.SZ,0.09678877113732016
2024.07.10,000043.SZ,0.09482881499498931
2024.07.10,000017.SZ,0.057976838236180744
2024.07.10,600032.SH,0.027038080078518493
2024.07.10,000049.SZ,0.025487763962539246
2024.07.10,000026.SZ,0.11532960323248609
2024.07.10,600030.SH,0.14563184500330514
2024.07.10,000045.SZ,0.0730813748285946
2024.07.10,600010.SH,0.04092796637403423
2024.07.10,000040.SZ,0.030422562068242946
2024.07.10,000014.SZ,0.16343124646196944
2024.07.10,600046.SH,0.1646886053055367
2024.07.10,600026.SH,0.003330887936076278
2024.07.10,000023.SZ,0.03223016530536277
2024.07.10,000046.SZ,0.10764296071285102
2024.07.10,000038.SZ,0.05742009967602804
2024.07.10,600007.SH,0.31207442606130864
2024.07.10,600022.SH,0.22947120770262708
2024.07.10,000042.SZ,0.1395716978899064
2024.07.10,000019.SZ,0.17061312615943838
2024.07.10,000018.SZ,0.0020857331443176973
2024.07.10,600011.SH,0.2533232219674549
2024.07.10,000039.SZ,0.006894855874618039
2024.07.10,600008.SH,0.014339664766272235
2024.07.10,600017.SH,0.2928009088646506
2024.07.10,600048.SH,0.6229264874985478
2024.07.10,600014.SH,0.14300398352901528
2024.07.11,600003.SH,0.19409477562775376
2024.07.11,600005.SH,0.012167477454894614
2024.07.11,000001.SZ,0.03491810501509289
2024.07.11,600031.SH,0.3686219398998372
2024.07.11,600012.SH,0.18590295945551757
2024.07.11,000009.SZ,0.08311918855262465
2024.07.11,000008.SZ,0.03849213073814464
2024.07.11,600038.SH,0.2103751467207738
2024.07.11,600007.SH,0.02238380930375227
2024.07.11,000035.SZ,0.07186136038497865
2024.07.11,000043.SZ,0.21063198009250078
2024.07.11,600032.SH,0.09450932038188746
2024.07.11,600021.SH,0.10042036469591309
2024.07.11,600034.SH,0.0035389050907536604
2024.07.11,600030.SH,0.0635752093594261
2024.07.11,000017.SZ,0.04359546940810256
2024.07.11,000014.SZ,0.10641438338068397
2024.07.11,600047.SH,0.0746366944258733
2024.07.11,600023.SH,0.15780984554175315
2024.07.11,600044.SH,0.049348476528904964
2024.07.11,600020.SH,0.1440101020322381
2024.07.11,600011.SH,0.15676096813061374
2024.07.11,000037.SZ,0.01383569627322775
2024.07.11,600010.SH,0.03593939962769046
2024.07.11,600018.SH,0.054232911420120475
2024.07.11,000044.SZ,0.0837309258330444
2024.07.11,600041.SH,0.08119690440332669
2024.07.11,600019.SH,0.1395635579671512
2024.07.11,000029.SZ,0.03660826641434801
2024.07.11,000040.SZ,0.17270218038148033
2024.07.11,000011.SZ,0.09852109654742336
2024.07.11,600035.SH,0.029042143176535574
2024.07.11,600046.SH,0.13405266315756734
2024.07.11,000024.SZ,0.07062105111598527
2024.07.11,000002.SZ,0.016639241561167365
2024.07.11,000050.SZ,0.05133779503165265
2024.07.11,000007.SZ,0.02289198025459854
2024.07.11,600042.SH,0.14122232376890625
2024.07.11,600026.SH,0.005686248174274088
2024.07.11,600040.SH,0.17691694859119853
2024.07.11,600009.SH,0.030517841558181776
2024.07.11,000005.SZ,0.007228293567086826
2024.07.11,000036.SZ,0.15749413747179097
2024.07.11,600025.SH,0.054562888396928015
2024.07.11,000046.SZ,0.02232524875345238
2024.07.11,600015.SH,0.028126081640283004
2024.07.11,000030.SZ,0.011075630120112694
2024.07.11,000023.SZ,0.18581991937490125
2024.07.11,000034.SZ,0.10163965890786762
2024.07.11,000025.SZ,0.07067334230534197
2024.07.11,000045.SZ,0.10898258535168961
2024.07.11,600022.SH,0.050953218385421606
2024.07.11,600036.SH,0.15534609559875762
2024.07.11,600016.SH,0.11475632981524969
2024.07.11,000049.SZ,0.02156396444010994
2024.07.11,600001.SH,0.06529689790012681
2024.07.11,600013.SH,0.11828800464806394
2024.07.11,000047.SZ,0.17476099758548475
2024.07.11,000018.SZ,0.04370322151687821
2024.07.11,600014.SH,0.3678087872258813
2024.07.11,000021.SZ,0.07739524430436609
2024.07.11,000038.SZ,0.0069837585187610615
2024.07.11,000020.SZ,0.027557594068860145
2024.07.11,600008.SH,0.03293629885469234
2024.07.11,000004.SZ,0.07738783263067983
2024.07.11,000041.SZ,0.03520128037694111
2024.07.11,600033.SH,0.09186410061377698
2024.07.11,000015.SZ,0.12419197635568839
2024.07.11,000022.SZ,0.017337593412225773
2024.07.11,600045.SH,0.1890927082730426
2024.07.11,000048.SZ,0.030453322047785353
2024.07.11,000042.SZ,0.16804572520401076
2024.07.11,000012.SZ,0.020401126330635063
2024.07.11,000010.SZ,0.11915788990366
2024.07.11,600049.SH,0.16187743810502722
2024.07.11,600024.SH,0.024440202415142068
2024.07.11,600004.SH,0.4540972638573184
2024.07.11,000033.SZ,0.09451300721964985
2024.07.11,600029.SH,0.1018243160940441
2024.07.11,600028.SH,0.07294415671740952
2024.07.11,000027.SZ,0.07451515149777069
2024.07.11,000019.SZ,0.02850827907399329
2024.07.11,600048.SH,0.13989875673937022
2024.07.11,000006.SZ,0.05192621192699597
2024.07.11,000032.SZ,0.019725126040769664
2024.07.11,000013.SZ,0.17183361162918231
2024.07.11,600006.SH,0.08457167741275284
2024.07.11,000003.SZ,0.3392437187830398
2024.07.11,000039.SZ,0.11070896780995947
2024.07.11,600017.SH,0.07094211024088758
2024.07.11,600000.SH,0.07772804930144055
2024.07.11,600037.SH,0.06779121110387544
2024.07.11,600002.SH,0.025335437610718756
2024.07.11,600039.SH,0.09711432311607922
2024.07.11,000016.SZ,0.005837560581634884
2024.07.11,600027.SH,0.1501174641814485
2024.07.11,600043.SH,0.18891933160214783
2024.07.11,000026.SZ,0.3881546867741407
2024.07.12,000002.SZ,0.012193985519612892
2024.07.12,000020.SZ,0.05587095661360798
2024.07.12,600007.SH,0.027548934704331115
2024.07.12,000022.SZ,0.3812463088076825
2024.07.12,600034.SH,0.18314772483235503
2024.07.12,600044.SH,0.04919659143058377
2024.07.12,600011.SH,0.1444229737449366
2024.07.12,600024.SH,0.5024147352316073
2024.07.12,000031.SZ,0.11107944675860207
2024.07.12,000016.SZ,0.3427600424693302
2024.07.12,000045.SZ,0.04390298723258106
2024.07.12,600003.SH,0.19178657497153695
2024.07.12,600049.SH,0.15090382543549372
2024.07.12,600032.SH,0.06426964224108708
2024.07.12,600038.SH,0.061608578004989305
2024.07.12,000034.SZ,0.010408295782645025
2024.07.12,600048.SH,0.22293238681867447
2024.07.12,000050.SZ,0.11656746802118545
2024.07.12,600039.SH,0.00501397828851232
2024.07.12,000004.SZ,0.24926994992131013
2024.07.12,000012.SZ,0.1627737427333666
2024.07.12,000017.SZ,0.039326190105394426
2024.07.12,000025.SZ,0.03215578470561298
2024.07.12,000018.SZ,0.13910609235966098
2024.07.12,000032.SZ,0.00046828584669427126
2024.07.12,000013.SZ,0.14009241379242096
2024.07.12,600002.SH,0.1306024100110565
2024.07.12,600000.SH,0.13731483903564787
2024.07.12,000043.SZ,0.3117184183538023
2024.07.12,600026.SH,0.2685524254409889
2024.07.12,000011.SZ,0.12465159064908499
2024.07.12,000033.SZ,0.1032818112735145
2024.07.12,600027.SH,0.017686990048541417
2024.07.12,600008.SH,0.07983711882720272
2024.07.12,600016.SH,0.061644928952546224
2024.07.12,000049.SZ,0.25949404402807474
2024.07.12,600009.SH,0.18323234244282544
2024.07.12,000036.SZ,0.16865715563153874
2024.07.12,600005.SH,0.4988507259413285
2024.07.12,000008.SZ,0.015298062534026423
2024.07.12,000006.SZ,0.02056635120477244
2024.07.12,600030.SH,0.1076661831224396
2024.07.12,600035.SH,0.09272267877943811
2024.07.12,000039.SZ,0.05061353126960698
2024.07.12,600001.SH,0.3269698375612746
2024.07.12,000023.SZ,0.09255342758925443
2024.07.12,000007.SZ,0.03237223452065805
2024.07.12,000037.SZ,0.01659692812490706
2024.07.12,600040.SH,0.035675373129191064
2024.07.12,600018.SH,0.07465423945420352
2024.07.12,000021.SZ,0.5432597086781767
2024.07.12,000046.SZ,0.029034140798428084
2024.07.12,600022.SH,0.11488579564222821
2024.07.12,600019.SH,0.07122442699032983
2024.07.12,000014.SZ,0.07793132101278342
2024.07.12,600047.SH,0.2833553073079594
2024.07.12,000009.SZ,0.003442207803045692
2024.07.12,000003.SZ,0.33529930022006715
2024.07.12,600015.SH,0.056616378758280336
2024.07.12,000042.SZ,0.5316903023982702
2024.07.12,000035.SZ,0.16615271921670322
2024.07.12,600021.SH,0.1834835142420957
2024.07.12,000005.SZ,0.07026355028908522
2024.07.12,000010.SZ,0.3156185185234621
2024.07.12,000047.SZ,0.1753026082742774
2024.07.12,000028.SZ,0.05964212662991458
2024.07.12,000024.SZ,0.20931423486286854
2024.07.12,000048.SZ,0.1548840833945324
2024.07.12,600029.SH,0.014415180991511187
2024.07.12,600014.SH,0.08731646501915241
2024.07.12,600043.SH,0.30569491026481804
2024.07.12,600006.SH,0.06533294624174471
2024.07.12,000040.SZ,0.0319598461589552
2024.07.12,600037.SH,0.4754601542901358
2024.07.12,600017.SH,0.08658559497741594
2024.07.12,000001.SZ,0.018141213013382198
2024.07.12,000044.SZ,0.11073009631934999
2024.07.12,000026.SZ,0.04635021390686402
2024.07.12,600036.SH,0.0010611372015541588
2024.07.12,600046.SH,0.17501963886968838
2024.07.12,000027.SZ,0.0373711620962536
2024.07.12,600012.SH,0.045199939349040985
2024.07.12,600031.SH,0.014551311800855062
2024.07.12,600045.SH,0.007768844503651961
2024.07.12,000015.SZ,0.015041667529456812
2024.07.12,600004.SH,0.06000307744400973
2024.07.12,600013.SH,0.326416039728325
2024.07.12,600028.SH,0.03525394852146822
2024.07.12,000029.SZ,0.1636160442662602
2024.07.12,600033.SH,0.031085300317400602
2024.07.12,600023.SH,0.07180409310124079
2024.07.12,600025.SH,0.00046486818350672247
2024.07.12,600020.SH,0.2151178321250806
2024.07.12,000041.SZ,0.06623137806815113
2024.07.12,000038.SZ,0.025660427891264933
2024.07.12,000030.SZ,0.08212515667468849
2024.07.15,600037.SH,0.00772304395063491
2024.07.15,000041.SZ,0.07565976047953968
2024.07.15,000047.SZ,0.04978083722391081
2024.07.15,600033.SH,0.013925622736487236
2024.07.15,600031.SH,0.129566585217717
2024.07.15,600032.SH,0.033809925353753184
2024.07.15,600045.SH,0.006361268513087453
2024.07.15,600008.SH,0.021901892021000926
2024.07.15,600049.SH,0.39785229117811854
2024.07.15,600009.SH,0.11541937405783001
2024.07.15,600043.SH,0.30360319360399746
2024.07.15,600028.SH,0.26364815930315405
2024.07.15,600002.SH,0.1692190471284175
2024.07.15,600015.SH,0.2993310679498041
2024.07.15,000025.SZ,0.025538767515237152
2024.07.15,000023.SZ,0.5951547703631334
2024.07.15,600003.SH,0.036730133749149706
2024.07.15,000017.SZ,0.5676529375277282
2024.07.15,600020.SH,0.04049490554487367
2024.07.15,000036.SZ,0.1629698952482329
2024.07.15,000016.SZ,0.02488959716511066
2024.07.15,000010.SZ,0.2557559532029328
2024.07.15,600021.SH,0.07223472615932855
2024.07.15,000035.SZ,0.33393739125582783
2024.07.15,600035.SH,0.13755939599375364
2024.07.15,600036.SH,0.2447807368011987
2024.07.15,600011.SH,0.08130430918787422
2024.07.15,000014.SZ,0.038920622566769925
2024.07.15,600041.SH,0.2410085625230745
2024.07.15,000032.SZ,0.15748106788005062
2024.07.15,000028.SZ,0.13351835580512317
2024.07.15,600000.SH,0.15826098213921883
2024.07.15,000012.SZ,0.04097070313584214
2024.07.15,600047.SH,0.2718848710422499
2024.07.15,000004.SZ,0.000249282819444548
2024.07.15,600038.SH,0.05070035911022228
2024.07.15,000005.SZ,0.06829914543118512
2024.07.15,000031.SZ,0.12586666696792417
2024.07.15,600019.SH,0.029576896882724635
2024.07.15,600026.SH,0.11915255493949613
2024.07.15,600001.SH,0.016693677319782448
2024.07.15,600025.SH,0.21013928714457453
2024.07.15,000019.SZ,0.003506215547884088
2024.07.15,000040.SZ,0.06431476217625129
2024.07.15,600027.SH,0.012866357633277722
2024.07.15,600005.SH,0.1901264853369402
2024.07.15,600004.SH,0.32519967700917035
2024.07.15,000024.SZ,0.1482927023360063
2024.07.15,000030.SZ,0.015765539110938906
2024.07.15,000002.SZ,0.20311415586931292
2024.07.15,600040.SH,0.44742886381883934
2024.07.15,000045.SZ,0.18291751224025152
2024.07.15,000001.SZ,0.23774173637703042
2024.07.15,000038.SZ,0.005789312723957133
2024.07.15,000021.SZ,0.04278161893758826
2024.07.15,600016.SH,0.1767147963843957
2024.07.15,000027.SZ,0.07004184850600144
2024.07.15,600034.SH,0.047501759484306925
2024.07.15,600007.SH,0.2830640122030093
2024.07.15,000037.SZ,0.04634572866858618
2024.07.15,600046.SH,0.6776039479577768
2024.07.15,600048.SH,0.11300886588504562
2024.07.15,000007.SZ,0.18723056614522138
2024.07.15,000046.SZ,0.03630168614261947
2024.07.15,000039.SZ,0.005659840348225699
2024.07.15,600029.SH,0.0018131420909721337
2024.07.15,000011.SZ,0.00295449487159176
2024.07.15,000043.SZ,0.09178804303555659
2024.07.15,000049.SZ,0.7776171835003522
2024.07.15,000044.SZ,0.10375218541542172
2024.07.15,600012.SH,0.04616892957340453
2024.07.15,000003.SZ,0.09954086142410698
2024.07.15,600010.SH,0.1791816518366826
2024.07.15,000018.SZ,0.1469537366096716
2024.07.15,600006.SH,0.07186890713946811
2024.07.15,600030.SH,0.04256314770477241
2024.07.15,600013.SH,0.2035266570690046
2024.07.15,000008.SZ,0.23146850381830336
2024.07.15,600017.SH,0.037555580161115355
2024.07.15,000009.SZ,0.08491066811518627
2024.07.15,600023.SH,0.051394664216948265
2024.07.15,600024.SH,0.10360000880839108
2024.07.15,000042.SZ,0.1163863450894474
2024.07.15,000022.SZ,0.02758682099083271
2024.07.15,000013.SZ,0.08260530905246395
2024.07.15,000034.SZ,0.08410105689722192
2024.07.15,600042.SH,0.05318884135705629
2024.07.15,600018.SH,0.03969439167697167
2024.07.15,000048.SZ,0.07917981730985858
2024.07.15,600044.SH,0.03236647137956111
2024.07.15,600039.SH,0.049457103556122324
2024.07.15,000050.SZ,0.1945907476668228
2024.07.15,000015.SZ,0.01814739492382743
2024.07.15,600022.SH,0.19102895503760337
2024.07.15,000026.SZ,0.131148975411548
2024.07.15,000029.SZ,0.09717346655747641
2024.07.15,000020.SZ,0.017806675890967804
2024.07.16,000040.SZ,0.10766615520845453
2024.07.16,000013.SZ,0.12207698567983101
2024.07.16,000032.SZ,0.07214848733757466
2024.07.16,600043.SH,0.07363220723716551
2024.07.16,000030.SZ,0.04891468809218948
2024.07.16,000022.SZ,0.045043549135177184
2024.07.16,000004.SZ,0.0026837884224666327
2024.07.16,000026.SZ,0.037890839827754645
2024.07.16,600007.SH,0.1457239013280569
2024.07.16,000007.SZ,0.026799127395354384
2024.07.16,600006.SH,0.10302004071796995
2024.07.16,600032.SH,0.09167111080511385
2024.07.16,000019.SZ,0.23193173941853307
2024.07.16,600037.SH,0.0011345026497671118
2024.07.16,600020.SH,0.0037822901569446324
2024.07.16,000008.SZ,0.6548476239835319
2024.07.16,600026.SH,0.021563204542000506
2024.07.16,000003.SZ,0.05527128388062691
2024.07.16,600044.SH,0.31567372014035855
2024.07.16,600041.SH,0.119692672932785
2024.07.16,000041.SZ,0.4827096422866105
2024.07.16,000028.SZ,0.12306455140657704
2024.07.16,600011.SH,0.11472838649410909
2024.07.16,600028.SH,0.0014031464082644733
2024.07.16,600030.SH,0.03684586689520821
2024.07.16,000012.SZ,0.022724050337692894
2024.07.16,600033.SH,0.2435618465743115
2024.07.16,600010.SH,0.11515016963480681
2024.07.16,600008.SH,0.32967357045870105
2024.07.16,000014.SZ,0.063512585636081
2024.07.16,000006.SZ,0.05105056820667984
2024.07.16,000016.SZ,0.004013610573063853
2024.07.16,600049.SH,0.005646550648367899
2024.07.16,600023.SH,0.09180318709333052
2024.07.16,600029.SH,0.0002403009300889226
2024.07.16,000035.SZ,0.06532390824301673
2024.07.16,600025.SH,0.02720302578542149
2024.07.16,600039.SH,0.675874412962673
2024.07.16,600002.SH,0.163932177230037
2024.07.16,000010.SZ,0.0053995296285778115
2024.07.16,000047.SZ,0.09273856334875173
2024.07.16,600001.SH,0.20341586070740264
2024.07.16,600046.SH,0.16649145606389992
2024.07.16,600048.SH,0.06558738657253296
2024.07.16,000015.SZ,0.06280917948349402
2024.07.16,000039.SZ,0.32674579020367295
2024.07.16,000029.SZ,0.040801197962553784
2024.07.16,000020.SZ,0.04067143817341098
2024.07.16,000046.SZ,0.2145998079282764
2024.07.16,600018.SH,0.13606187281176627
2024.07.16,000017.SZ,0.29164449048381136
2024.07.16,600000.SH,0.209367322055858
2024.07.16,600013.SH,0.03245703497346979
2024.07.16,600019.SH,0.04960271821493832
2024.07.16,000027.SZ,0.16284263841792182
2024.07.16,000033.SZ,0.3748655710523327
2024.07.16,000037.SZ,0.02970668508215514
2024.07.16,000024.SZ,0.04216757987364862
2024.07.16,600047.SH,0.20122451673789032
2024.07.16,600034.SH,0.09197526317615501
2024.07.16,000025.SZ,0.14944289758418125
2024.07.16,600022.SH,0.20938788971398367
2024.07.16,000005.SZ,0.008286727334120777
2024.07.16,000042.SZ,0.21694351357532513
2024.07.16,600016.SH,0.07433458412184724
2024.07.16,600035.SH,0.0017913401939327728
2024.07.16,600042.SH,0.21027717115382877
2024.07.16,600031.SH,0.18898031917554442
2024.07.16,000043.SZ,0.0008976866340196329
2024.07.16,000023.SZ,0.04979001460449596
2024.07.16,600038.SH,0.18145493212189373
2024.07.16,600017.SH,0.4583903833643642
2024.07.16,600003.SH,0.019168013444296403
2024.07.16,600015.SH,0.0013993014606045761
2024.07.16,000050.SZ,0.15348428284026966
2024.07.16,000045.SZ,0.23307352871366652
2024.07.16,600005.SH,0.06870941477611224
2024.07.16,000002.SZ,0.06188140896024555
2024.07.16,600014.SH,0.06554388270153184
2024.07.16,600036.SH,0.04732482379904753
2024.07.16,600024.SH,0.09324928306214149
2024.07.16,600045.SH,0.11974505345962126
2024.07.16,600027.SH,0.36239500289168086
2024.07.16,000011.SZ,0.06699723912201835
2024.07.16,000044.SZ,0.02513046804743699
2024.07.16,600009.SH,0.09324425008893061
2024.07.16,600021.SH,0.29212198851526405
2024.07.16,000049.SZ,0.40237560212429996
2024.07.16,000034.SZ,0.2109235081299429
2024.07.16,600040.SH,0.04339085664957111
2024.07.16,000038.SZ,0.058995943887032866
2024.07.16,000021.SZ,0.016952713187421756
2024.07.16,000001.SZ,0.01914826180306414
2024.07.16,000009.SZ,0.21839947503218662
2024.07.16,000048.SZ,0.07163777891222611
2024.07.16,600012.SH,0.03454731859402513
2024.07.17,000002.SZ,0.03752425056312749
2024.07.17,600041.SH,0.060298419119882034
2024.07.17,600004.SH,0.27785857939958863
2024.07.17,000004.SZ,0.10916442633073258
2024.07.17,600033.SH,0.43342196114258996
2024.07.17,000010.SZ,0.056833055672682306
2024.07.17,600045.SH,0.034774826200580825
2024.07.17,000006.SZ,0.14000903018795377
2024.07.17,000042.SZ,0.11149689661804714
2024.07.17,000021.SZ,0.0423235301591717
2024.07.17,000045.SZ,0.09704752128670727
2024.07.17,000031.SZ,0.12554233963081585
2024.07.17,000023.SZ,0.5007164898042541
2024.07.17,000046.SZ,0.40072793392191186
2024.07.17,600001.SH,0.08187279539710376
2024.07.17,000014.SZ,0.02468743608601229
2024.07.17,600046.SH,0.034380013171632896
2024.07.17,600028.SH,0.14001836329874892
2024.07.17,000015.SZ,0.02241194623983946
2024.07.17,600015.SH,0.022500823115167753
2024.07.17,600009.SH,0.007666856680672691
2024.07.17,000047.SZ,0.004028292565069591
2024.07.17,600047.SH,0.12701293453406795
2024.07.17,000043.SZ,0.022151723774536287
2024.07.17,000044.SZ,0.286142587386218
2024.07.17,600010.SH,0.07891847898231728
2024.07.17,000038.SZ,0.3840337233211455
2024.07.17,600035.SH,0.03331591522762539
2024.07.17,600019.SH,0.09247256735427684
2024.07.17,000024.SZ,0.05108845147780903
2024.07.17,600014.SH,0.07466756216812398
2024.07.17,000016.SZ,0.17309612438676367
2024.07.17,000013.SZ,0.03622310653004456
2024.07.17,000009.SZ,0.06651092371055155
2024.07.17,000041.SZ,0.4338564811664277
2024.07.17,000034.SZ,0.17594269890644892
2024.07.17,000026.SZ,0.2062465357717873
2024.07.17,600037.SH,0.00857161704459782
2024.07.17,600011.SH,0.07173647721386313
2024.07.17,000020.SZ,0.15150050682916313
2024.07.17,600020.SH,0.001225921341254523
2024.07.17,000008.SZ,0.36883212166752816
2024.07.17,600016.SH,0.05424028069733366
2024.07.17,600023.SH,0.004496374475413391
2024.07.17,600048.SH,0.16485755127335017
2024.07.17,600043.SH,0.4373683085237941
2024.07.17,000022.SZ,0.20635805019598022
2024.07.17,600038.SH,0.1801033246410051
2024.07.17,000025.SZ,0.3066685367736454
2024.07.17,000005.SZ,0.23286777912253445
2024.07.17,600018.SH,0.06249310699062546
2024.07.17,000032.SZ,0.21120207086514362
2024.07.17,000029.SZ,0.23139936473612757
2024.07.17,600027.SH,0.028299516862738714
2024.07.17,600032.SH,0.11347878765821598
2024.07.17,000033.SZ,0.0830218183617909
2024.07.17,600049.SH,0.1795922985646437
2024.07.17,000027.SZ,0.016689165516830307
2024.07.17,600029.SH,0.14544691363094797
2024.07.17,600008.SH,0.0002804177033012263
2024.07.17,600017.SH,0.1170901917188044
2024.07.17,600000.SH,0.06771159671636016
2024.07.17,000018.SZ,0.06401359787512283
2024.07.17,000037.SZ,0.0632045893300639
2024.07.17,000003.SZ,0.07638268324711114
2024.07.17,000035.SZ,0.15163148132514054
2024.07.17,000011.SZ,0.011865693556843599
2024.07.17,000040.SZ,0.2394277194182058
2024.07.17,000019.SZ,0.16705657614306052
2024.07.17,000007.SZ,0.4275340287067808
2024.07.17,000036.SZ,0.2320805706314605
2024.07.17,600012.SH,0.08165691708046757
2024.07.17,600034.SH,0.19057820759511535
2024.07.17,600013.SH,0.06354006790776313
2024.07.17,000048.SZ,0.10837973463951918
2024.07.17,600007.SH,0.05150045617695857
2024.07.17,600042.SH,0.007047899293746388
2024.07.17,000050.SZ,0.010648746252285082
2024.07.17,600030.SH,0.011629660437654687
2024.07.17,000030.SZ,0.17332079174116805
2024.07.17,600031.SH,0.07991810634794612
2024.07.17,600003.SH,0.07460506931947472
2024.07.17,000039.SZ,0.22355523714339282
2024.07.17,000012.SZ,0.12713057522039603
2024.07.17,000049.SZ,0.004242882173433808
2024.07.17,600022.SH,0.14287904450863398
2024.07.17,600036.SH,0.15575786674688535
2024.07.17,600040.SH,0.021770084551105698
2024.07.17,600044.SH,0.008303962158728978
2024.07.17,600026.SH,0.030171227593960764
2024.07.17,600021.SH,0.06369442709117494
2024.07.17,600002.SH,0.08832432762424995
2024.07.17,600024.SH,0.12922493009846042
2024.07.17,600005.SH,0.22506288229586524
2024.07.17,600039.SH,0.07604550463723095
2024.07.17,000028.SZ,0.6087416349071899
2024.07.18,600001.SH,0.07903703620688246
2024.07.18,600019.SH,0.19412246776920933
2024.07.18,600003.SH,0.06419360721943285
2024.07.18,000004.SZ,0.053531832501716295
2024.07.18,000005.SZ,0.09903509640305018
2024.07.18,000007.SZ,0.2477892468092096
2024.07.18,600046.SH,0.019673355476086403
2024.07.18,000012.SZ,0.14229709581768313
2024.07.18,600041.SH,0.07825643591897638
2024.07.18,000033.SZ,0.09520814768684946
2024.07.18,600012.SH,0.5841557545719896
2024.07.18,600043.SH,0.09559171894956633
2024.07.18,000048.SZ,0.15647667154274789
2024.07.18,600000.SH,0.16797211586460797
2024.07.18,600027.SH,0.17261288222333648
2024.07.18,000023.SZ,0.07012543747110188
2024.07.18,600048.SH,0.0983836587781091
2024.07.18,600025.SH,0.024533661050311108
2024.07.18,600030.SH,0.1221915351950731
2024.07.18,000022.SZ,0.17993994942801633
2024.07.18,000043.SZ,0.20996583271855315
2024.07.18,600022.SH,0.032241342100199945
2024.07.18,000031.SZ,0.16368462097268227
2024.07.18,600021.SH,0.08341770824549508
2024.07.18,600008.SH,0.061475429522617406
2024.07.18,600040.SH,0.05995349300519817
2024.07.18,000014.SZ,0.027491237627531463
2024.07.18,000015.SZ,0.07369279969855327
2024.07.18,600024.SH,0.19865774863585653
2024.07.18,000049.SZ,0.08339967606495204
2024.07.18,000011.SZ,0.3479391505364705
2024.07.18,600042.SH,0.02284843403871563
2024.07.18,600018.SH,0.20245638584417197
2024.07.18,000021.SZ,0.005713009695833766
2024.07.18,600006.SH,0.11376567402356978
2024.07.18,600017.SH,0.29105184949362667
2024.07.18,000034.SZ,0.19571988582355726
2024.07.18,600047.SH,0.4795756013144179
2024.07.18,000024.SZ,0.02442414737782887
2024.07.18,000038.SZ,0.03747305884880064
2024.07.18,600004.SH,0.10761346849757376
2024.07.18,600029.SH,0.07480249826905282
2024.07.18,600005.SH,0.07260528262381276
2024.07.18,000037.SZ,0.2133221898160684
2024.07.18,600033.SH,0.07298392152561614
2024.07.18,600038.SH,0.04648025746253838
2024.07.18,600013.SH,0.03618307650455002
2024.07.18,000008.SZ,0.337120714468599
2024.07.18,000042.SZ,0.05564662277694969
2024.07.18,000017.SZ,0.09368493279767927
2024.07.18,600049.SH,0.06028809083369244
2024.07.18,000046.SZ,0.1573549929344091
2024.07.18,600031.SH,0.16435373766511588
2024.07.18,000047.SZ,0.3275003227865696
2024.07.18,600011.SH,0.036181582476991755
2024.07.18,000006.SZ,0.11988218264876993
2024.07.18,000045.SZ,0.012985447700303025
2024.07.18,600007.SH,0.268046807401475
2024.07.18,000010.SZ,0.25239627194348535
2024.07.18,600036.SH,0.08758377475729362
2024.07.18,000041.SZ,0.035006892018281624
2024.07.18,600044.SH,0.24318395604643592
2024.07.18,600037.SH,0.39755243514759137
2024.07.18,000027.SZ,0.3514452158223084
2024.07.18,000018.SZ,0.27644398333767767
2024.07.18,000044.SZ,0.18486072567046793
2024.07.18,600009.SH,0.21521405792778964
2024.07.18,600016.SH,0.5420593495526052
2024.07.18,600034.SH,0.017741074592762897
2024.07.18,000040.SZ,0.21965094962930698
2024.07.18,000039.SZ,0.10360987526961059
2024.07.18,600020.SH,0.00045549500634202894
2024.07.18,000032.SZ,0.12386289572397825
2024.07.18,600032.SH,0.03112802619139111
2024.07.18,000013.SZ,0.04070366113950978
2024.07.18,000016.SZ,0.14159529594045317
2024.07.18,600028.SH,0.01741023608998355
2024.07.18,000029.SZ,0.04786201749253679
2024.07.18,000019.SZ,0.07611140710743938
2024.07.18,600035.SH,0.0519725681127057
2024.07.18,000009.SZ,0.03019736141408044
2024.07.18,600039.SH,0.28968285257981585
2024.07.18,000028.SZ,0.08550104393000044
2024.07.18,600023.SH,0.10470449974529954
2024.07.18,600014.SH,0.20306475698886683
2024.07.18,000020.SZ,0.1468433495586982
2024.07.18,000030.SZ,0.03581993975670371
2024.07.18,000050.SZ,0.1029935229583381
2024.07.18,000002.SZ,0.018030476304399704
2024.07.18,000025.SZ,0.2699430978711995
2024.07.18,600015.SH,0.027021690192407622
2024.07.18,000001.SZ,0.20166656751853407
2024.07.18,000035.SZ,0.3216671141548002
2024.07.18,000026.SZ,0.1418023255544445
2024.07.18,600010.SH,0.08788667664226595
2024.07.18,000003.SZ,0.15556892977457482
2024.07.19,000008.SZ,0.06865772947732587
2024.07.19,000049.SZ,0.0929451123298252
2024.07.19,000007.SZ,0.08292579101955382
2024.07.19,600028.SH,0.0337671678889487
2024.07.19,000011.SZ,0.17975090083769948
2024.07.19,600048.SH,0.08419144865679198
2024.07.19,000013.SZ,0.0934411978522297
2024.07.19,000050.SZ,0.32969517745110655
2024.07.19,000034.SZ,0.09068268642259053
2024.07.19,000039.SZ,0.01847024292914317
2024.07.19,000001.SZ,0.07849307421735677
2024.07.19,600033.SH,0.3911990672446645
2024.07.19,600030.SH,0.015934168795312117
2024.07.19,000030.SZ,0.004067988293222707
2024.07.19,600045.SH,0.03427867464523786
2024.07.19,600007.SH,0.019878345611938058
2024.07.19,600034.SH,0.1338707002305583
2024.07.19,000014.SZ,0.21429821533077845
2024.07.19,000029.SZ,0.09207830776973469
2024.07.19,600020.SH,0.20532602364844743
2024.07.19,000019.SZ,0.007481542901441686
2024.07.19,000016.SZ,0.1588622697730836
2024.07.19,000048.SZ,0.011933271732694647
2024.07.19,000009.SZ,0.02502710882956621
2024.07.19,000010.SZ,0.0512312669274564
2024.07.19,000036.SZ,0.02363654778542688
2024.07.19,600029.SH,0.03206513772058937
2024.07.19,600038.SH,0.03827370430211125
2024.07.19,000042.SZ,0.23010696473669073
2024.07.19,000020.SZ,0.01802840572371869
2024.07.19,600014.SH,0.134172692118575
2024.07.19,000031.SZ,0.17768092916762968
2024.07.19,600000.SH,0.06369329326883078
2024.07.19,000038.SZ,0.19708607940250775
2024.07.19,000037.SZ,0.010728351986348611
2024.07.19,600010.SH,0.0596499580996724
2024.07.19,600025.SH,0.09529713350239279
2024.07.19,600017.SH,0.07360514995117243
2024.07.19,600041.SH,0.24352116075144833
2024.07.19,000006.SZ,0.32575581003565973
2024.07.19,600043.SH,0.10829031736440399
2024.07.19,600049.SH,0.0001588088087692615
2024.07.19,600026.SH,0.23109131229037702
2024.07.19,000047.SZ,0.0678225230516647
2024.07.19,600005.SH,0.07700835254123778
2024.07.19,000012.SZ,0.07899156470963521
2024.07.19,600047.SH,0.2544403224074955
2024.07.19,000002.SZ,0.024590343307365568
2024.07.19,600032.SH,0.20988021019416012
2024.07.19,000040.SZ,0.05630710259428558
2024.07.19,600003.SH,0.12681199453443537
2024.07.19,000046.SZ,0.23811137331068807
2024.07.19,000033.SZ,0.09164679607303833
2024.07.19,000005.SZ,0.06666857020195319
2024.07.19,000017.SZ,0.020118248473781127
2024.07.19,000043.SZ,0.012449589740823887
2024.07.19,600009.SH,0.002248449398070944
2024.07.19,600013.SH,0.059597594942764065
2024.07.19,600001.SH,0.15367723067346312
2024.07.19,600012.SH,0.1548965236695901
2024.07.19,600006.SH,0.3818369221609733
2024.07.19,600002.SH,0.004414689354416613
2024.07.19,600019.SH,0.2993095939464411
2024.07.19,600023.SH,0.04722501318803861
2024.07.19,600044.SH,0.2550526676723075
2024.07.19,600015.SH,0.2426082199838501
2024.07.19,600016.SH,0.12778339028869182
2024.07.19,000004.SZ,0.45458328522795394
2024.07.19,600011.SH,0.08178327655549932
2024.07.19,000023.SZ,0.038684679570998054
2024.07.19,000035.SZ,0.009365255647662475
2024.07.19,600040.SH,0.28478675200812203
2024.07.19,000044.SZ,0.1954084150505501
2024.07.19,000022.SZ,0.05608477484489615
2024.07.19,000027.SZ,0.033806649411073655
2024.07.19,000015.SZ,0.020475139860350947
2024.07.19,600036.SH,0.26959314274181617
2024.07.19,600008.SH,0.031390301142948086
2024.07.19,000032.SZ,0.020766332610939443
2024.07.19,000028.SZ,0.04010172218106405
2024.07.19,600021.SH,0.08698328540726495
2024.07.19,000045.SZ,0.06412432995667838
2024.07.19,600035.SH,0.0013806712814427844
2024.07.19,600039.SH,0.2618123328439761
2024.07.19,600046.SH,0.07345152650524983
2024.07.19,000026.SZ,0.3366240180756936
2024.07.19,000018.SZ,0.06654621925691108
2024.07.19,600024.SH,0.5414339495259215
2024.07.19,000024.SZ,0.3267960470868093
2024.07.19,600018.SH,0.12196749192181748
2024.07.19,600037.SH,0.08909449784649008
2024.07.19,600042.SH,0.016622093933910172
2024.07.19,600027.SH,0.26543231974345766
2024.07.19,000021.SZ,0.0916543972501269
2024.07.19,000003.SZ,0.09492287420040574
2024.07.19,000041.SZ,0.10958163373990266
2024.07.22,000036.SZ,0.09103603414524326
2024.07.22,000043.SZ,0.03973443240432972
2024.07.22,000010.SZ,0.0620233980744239
2024.07.22,000050.SZ,0.09650656608407361
2024.07.22,600023.SH,0.1488028916760716
2024.07.22,600015.SH,0.06976043811613382
2024.07.22,000046.SZ,0.16449808526301116
2024.07.22,000033.SZ,0.14670579599717104
2024.07.22,600001.SH,0.054100926422743924
2024.07.22,000034.SZ,0.07200484801481136
2024.07.22,000020.SZ,0.08504402386160323
2024.07.22,000013.SZ,0.2052355704731101
2024.07.22,000006.SZ,0.08777181586175668
2024.07.22,600002.SH,0.6496073176321242
2024.07.22,000032.SZ,0.5148753820706369
2024.07.22,000018.SZ,0.12816039922608513
2024.07.22,600009.SH,0.00497936209605975
2024.07.22,600003.SH,0.3459181899820794
2024.07.22,000042.SZ,0.10925310585754786
2024.07.22,000026.SZ,0.009380924429972558
2024.07.22,000044.SZ,0.0020446720828527715
2024.07.22,600005.SH,0.3297856828228441
2024.07.22,600019.SH,0.18108188600225017
2024.07.22,000024.SZ,0.2983960133716849
2024.07.22,000005.SZ,0.18333163650822107
2024.07.22,000009.SZ,0.07482562701216879
2024.07.22,600036.SH,0.08180045374742707
2024.07.22,000037.SZ,0.0768141017598545
2024.07.22,600045.SH,0.5753857704214882
2024.07.22,000012.SZ,0.4038931403228187
2024.07.22,000004.SZ,0.04502635521872896
2024.07.22,600007.SH,0.03904030386530993
2024.07.22,600044.SH,0.12999558331418107
2024.07.22,600033.SH,0.16745695969128352
2024.07.22,600004.SH,0.1192002093985509
2024.07.22,600029.SH,0.12146417904860578
2024.07.22,600047.SH,0.17091559585671043
2024.07.22,600011.SH,0.006088373002651424
2024.07.22,600008.SH,0.06294492641088878
2024.07.22,600027.SH,0.1027149790715355
2024.07.22,600012.SH,0.014114641284018853
2024.07.22,600010.SH,0.11705648472863374
2024.07.22,000014.SZ,0.020228935370983653
2024.07.22,000022.SZ,0.048900537070923664
2024.07.22,000017.SZ,0.047864721461835624
2024.07.22,000021.SZ,0.0028140390959039852
2024.07.22,600041.SH,0.3511415241954168
2024.07.22,600025.SH,0.09127035905066316
2024.07.22,600048.SH,0.11772942443682331
2024.07.22,600020.SH,0.1279131848159419
2024.07.22,000029.SZ,0.39266174422374983
2024.07.22,600024.SH,0.10200674369791358
2024.07.22,000040.SZ,0.06872146879117667
2024.07.22,000045.SZ,0.3948092294268964
2024.07.22,000001.SZ,0.07588318734568562
2024.07.22,600031.SH,0.0008790341219794826
2024.07.22,600035.SH,0.09589069497296071
2024.07.22,000008.SZ,0.1731329025579529
2024.07.22,600049.SH,0.024034944494417294
2024.07.22,000015.SZ,0.03166931381916329
2024.07.22,600013.SH,0.003392799331386205
2024.07.22,600000.SH,0.019799546097191267
2024.07.22,600016.SH,0.19095834344167212
2024.07.22,000028.SZ,0.39818644397851755
2024.07.22,600046.SH,0.22785964495514818
2024.07.22,600017.SH,0.18134308389787246
2024.07.22,000023.SZ,0.07791102695433216
2024.07.22,000048.SZ,0.035274723812353255
2024.07.22,600026.SH,0.11305453738063002
2024.07.22,600034.SH,0.12456261640182034
2024.07.22,600043.SH,0.021238911338023907
2024.07.22,600038.SH,0.0953482566288876
2024.07.22,600040.SH,0.08139216438544528
2024.07.22,600030.SH,0.33844661370622864
2024.07.22,000049.SZ,0.011528446907815706
2024.07.22,000030.SZ,0.07995495706172459
2024.07.22,000041.SZ,0.14850761699150503
2024.07.22,000035.SZ,0.0017717583259798024
2024.07.22,600006.SH,0.08998323713059835
2024.07.22,000047.SZ,0.09654831109570577
2024.07.22,600032.SH,0.1370326142737133
2024.07.22,000011.SZ,0.04683141819960565
2024.07.22,000002.SZ,0.021804312572152394
2024.07.22,600022.SH,0.0785691555407112
2024.07.22,600021.SH,0.46309529782504794
2024.07.22,600042.SH,0.17220664369280153
2024.07.22,600018.SH,0.09837448213052984
2024.07.22,000025.SZ,0.00366243220426426
2024.07.22,000031.SZ,0.08707601921164464
2024.07.22,000039.SZ,0.1721498044358177
2024.07.22,600037.SH,0.04843516041236519
2024.07.22,000027.SZ,0.0856982475723162
2024.07.22,600028.SH,0.02901246669741049
2024.07.22,000007.SZ,0.46248659277917686
2024.07.22,000019.SZ,0.2865377159541334
2024.07.22,000016.SZ,0.2909899234778265
2024.07.23,000008.SZ,0.18151644723771004
2024.07.23,000005.SZ,0.1829262823675395
2024.07.23,000025.SZ,0.01268766676891962
2024.07.23,600038.SH,0.05700136692381982
2024.07.23,000017.SZ,0.1556983667474474
2024.07.23,600026.SH,0.31635259603192883
2024.07.23,600036.SH,0.10239460581892491
2024.07.23,000013.SZ,0.032381528289672785
2024.07.23,000020.SZ,0.047734243405667794
2024.07.23,000033.SZ,0.0048978316041667245
2024.07.23,000002.SZ,0.17083786332382833
2024.07.23,000027.SZ,0.10832929297716923
2024.07.23,600014.SH,0.01995196076449647
2024.07.23,000050.SZ,0.019064645871988393
2024.07.23,000014.SZ,0.08719385058697217
2024.07.23,000021.SZ,0.16147739475768594
2024.07.23,600025.SH,0.10450786019241123
2024.07.23,000022.SZ,0.19620040413338344
2024.07.23,600040.SH,0.05851339162069882
2024.07.23,600015.SH,0.16077122833398985
2024.07.23,600019.SH,0.36173645725261966
2024.07.23,600041.SH,0.04740974887999424
2024.07.23,000049.SZ,0.12378119461738672
2024.07.23,000003.SZ,0.006753376813333029
2024.07.23,600031.SH,0.021866653174265196
2024.07.23,000015.SZ,0.13731765787229516
2024.07.23,000046.SZ,0.45942779024167074
2024.07.23,000035.SZ,0.005385763828510622
2024.07.23,600007.SH,0.22593926594862107
2024.07.23,600049.SH,0.15681247054791955
2024.07.23,600035.SH,0.06599972506771694
2024.07.23,600004.SH,0.10219173579425331
2024.07.23,600042.SH,0.07032111708397314
2024.07.23,600002.SH,0.38798721273907083
2024.07.23,600039.SH,0.635611043109107
2024.07.23,600021.SH,0.45204159494477464
2024.07.23,600012.SH,0.07151144530014127
2024.07.23,600006.SH,0.026471925206317415
2024.07.23,000028.SZ,0.2410742940784425
2024.07.23,600011.SH,0.41955865903311246
2024.07.23,000001.SZ,0.11357835082543778
2024.07.23,000016.SZ,0.031970777626381175
2024.07.23,000036.SZ,0.11623618071422541
2024.07.23,000019.SZ,0.001841743648022399
2024.07.23,600043.SH,0.2777048074834254
2024.07.23,000007.SZ,0.17158001214930282
2024.07.23,000023.SZ,0.04676720475768896
2024.07.23,600013.SH,0.04357134537946687
2024.07.23,600020.SH,0.036430950234322995
2024.07.23,600028.SH,0.05137245930626478
2024.07.23,000043.SZ,0.12110404063903497
2024.07.23,000018.SZ,0.06353669447633889
2024.07.23,000041.SZ,0.04373687759109173
2024.07.23,000042.SZ,0.364398107660314
2024.07.23,000038.SZ,0.057127153148249045
2024.07.23,000039.SZ,0.33370962533639603
2024.07.23,600047.SH,0.019938749004590958
2024.07.23,600045.SH,0.24922840701543764
2024.07.23,600037.SH,0.03224263592085125
2024.07.23,000037.SZ,0.36189550852965463
2024.07.23,600046.SH,0.14835124996458066
2024.07.23,600010.SH,0.035667247364541854
2024.07.23,600003.SH,0.04785219829337697
2024.07.23,600029.SH,0.08483802537882117
2024.07.23,000031.SZ,0.06857712196407068
2024.07.23,000011.SZ,0.047573420384609655
2024.07.23,600027.SH,0.05142014382450472
2024.07.23,600034.SH,0.04784650465170649
2024.07.23,600033.SH,0.01644417751471826
2024.07.23,600008.SH,0.17613191814889687
2024.07.23,600009.SH,0.08994862421465649
2024.07.23,600024.SH,0.1431066782281683
2024.07.23,600017.SH,0.08311294477172412
2024.07.23,000009.SZ,0.10172192455361286
2024.07.23,000032.SZ,0.5618077521974743
2024.07.23,000010.SZ,0.10554519953647952
2024.07.23,000034.SZ,0.24963357203305814
2024.07.23,600030.SH,0.04105927970561771
2024.07.23,600048.SH,0.15885784157209865
2024.07.23,600001.SH,0.09319865907642244
2024.07.23,000040.SZ,0.2805987600344098
2024.07.23,600018.SH,0.09762876142024642
2024.07.23,000047.SZ,0.05449900150852823
2024.07.23,000045.SZ,0.2666821981078696
2024.07.23,000024.SZ,0.02701080156000596
2024.07.23,000029.SZ,0.4527196243974587
2024.07.23,600023.SH,0.07675460578569897
2024.07.23,000044.SZ,0.16926102364865464
2024.07.23,600044.SH,0.09143561553528787
2024.07.23,000030.SZ,0.2457166023957816
2024.07.23,600000.SH,0.1418406344334576
2024.07.23,000006.SZ,0.13658493828080243
2024.07.23,600022.SH,0.05081506398845095
2024.07.23,600032.SH,0.19214194160677042
2024.07.23,000048.SZ,0.01833901984763456
2024.07.23,000026.SZ,0.2632808113144898
2024.07.23,600005.SH,0.3089148477123786
2024.07.23,000004.SZ,0.08868260442926612
2024.07.24,000042.SZ,0.4053163670310241
2024.07.24,000029.SZ,0.06154548906253974
2024.07.24,000050.SZ,0.031690282521591305
2024.07.24,600049.SH,0.006877912512622782
2024.07.24,000031.SZ,0.004711355980353595
2024.07.24,600026.SH,0.27272370319437794
2024.07.24,600048.SH,0.01825956592553591
2024.07.24,600010.SH,0.13236258534965745
2024.07.24,000013.SZ,0.06320242048343944
2024.07.24,600018.SH,0.02929908705510498
2024.07.24,600043.SH,0.04297042299390758
2024.07.24,000028.SZ,0.02303527140924783
2024.07.24,000038.SZ,0.1762084477831991
2024.07.24,600009.SH,0.0035599741010836246
2024.07.24,600006.SH,0.5487538992431849
2024.07.24,000033.SZ,0.04158550746661906
2024.07.24,000015.SZ,0.12781018153023257
2024.07.24,000030.SZ,0.12805563091231406
2024.07.24,600019.SH,0.10976861392872579
2024.07.24,000020.SZ,0.27239816381487536
2024.07.24,000027.SZ,0.013544913873494801
2024.07.24,000044.SZ,0.2262154589525354
2024.07.24,000043.SZ,0.24173313425251733
2024.07.24,000010.SZ,0.05781472841856897
2024.07.24,000041.SZ,0.012704351855180917
2024.07.24,000049.SZ,0.03981445678594653
2024.07.24,600030.SH,0.2091894692050696
2024.07.24,600038.SH,0.029617964502582403
2024.07.24,000021.SZ,0.04776861535341041
2024.07.24,000039.SZ,0.10960493584288238
2024.07.24,000017.SZ,0.004025740352436683
2024.07.24,000011.SZ,0.051538427729333015
2024.07.24,000022.SZ,0.05534893999603726
2024.07.24,000035.SZ,0.03588764987376672
2024.07.24,000003.SZ,0.012005166361788824
2024.07.24,600012.SH,0.12512399245052572
2024.07.24,000037.SZ,0.27735253261158266
2024.07.24,600045.SH,0.013897406320543702
2024.07.24,600008.SH,0.09407618485321691
2024.07.24,600031.SH,0.04172254264059549
2024.07.24,600011.SH,0.07413963446342166
2024.07.24,000005.SZ,0.0313841742365953
2024.07.24,000046.SZ,0.06126338449463637
2024.07.24,000018.SZ,0.14095639637740168
2024.07.24,000014.SZ,0.09074416673255396
2024.07.24,600032.SH,0.0036410659277651553
2024.07.24,600039.SH,0.004506216234287668
2024.07.24,600024.SH,0.15452085176977284
2024.07.24,000004.SZ,0.05877302884773846
2024.07.24,600004.SH,0.3856314918436101
2024.07.24,000025.SZ,0.1873776358872923
2024.07.24,000002.SZ,0.12436509773443316
2024.07.24,000007.SZ,0.06933034173403506
2024.07.24,600041.SH,0.19373971400307702
2024.07.24,000024.SZ,0.12319759843799896
2024.07.24,600007.SH,0.19721157299266198
2024.07.24,000040.SZ,0.288802039782017
2024.07.24,600013.SH,0.1917979603824211
2024.07.24,600037.SH,0.0940079709250484
2024.07.24,600000.SH,0.15244054020830108
2024.07.24,600040.SH,0.07270557609564472
2024.07.24,000034.SZ,0.04199808396163161
2024.07.24,600022.SH,0.06249032399431739
2024.07.24,000008.SZ,0.028475616133976703
2024.07.24,600028.SH,0.2426658695145809
2024.07.24,000009.SZ,0.1363161835791082
2024.07.24,000012.SZ,0.005435330866296456
2024.07.24,000026.SZ,0.15436298852747105
2024.07.24,600014.SH,0.14155841610150374
2024.07.24,600021.SH,0.011043589468624446
2024.07.24,000006.SZ,0.17166543466111941
2024.07.24,600002.SH,0.26310669206653725
2024.07.24,600001.SH,0.07170115936580472
2024.07.24,600047.SH,0.10353556201113957
2024.07.24,000019.SZ,0.039050016767155464
2024.07.24,000023.SZ,0.09969200523066503
2024.07.24,600017.SH,0.0694434117761802
2024.07.24,600034.SH,0.061892409029346944
2024.07.24,600036.SH,0.12239354571898121
2024.07.24,600029.SH,0.031968510173399085
2024.07.24,000045.SZ,0.16339005720810754
2024.07.24,600003.SH,0.19003545940873917
2024.07.24,600025.SH,0.02168979537598008
2024.07.24,600027.SH,0.003086632419922408
2024.07.24,000016.SZ,0.055377037280951426
2024.07.24,000048.SZ,0.11575260841276036
2024.07.24,600035.SH,0.07627584733119412
2024.07.24,000001.SZ,0.054200729819230936
2024.07.24,000032.SZ,0.0033556480482674696
2024.07.24,000047.SZ,0.09466444961323892
2024.07.24,600023.SH,0.39379187325092596
2024.07.24,600016.SH,0.16834524851615817
2024.07.24,600020.SH,0.005494465649576574
2024.07.24,600015.SH,0.04216423055683507
2024.07.24,600005.SH,0.14810992027520922
2024.07.24,600046.SH,0.10869687491597647
2024.07.24,600033.SH,0.019461412005749686
2024.07.24,600044.SH,0.060391578965439674
2024.07.25,600001.SH,0.43339639587995893
2024.07.25,000044.SZ,0.006349940800586845
2024.07.25,600030.SH,0.0008203127670361523
2024.07.25,600046.SH,0.0623830147452186
2024.07.25,000040.SZ,0.03310472108143858
2024.07.25,000008.SZ,0.011654181970042934
2024.07.25,600009.SH,0.043572240504451444
2024.07.25,600026.SH,0.1235764921015832
2024.07.25,600002.SH,0.042071611148829326
2024.07.25,000030.SZ,0.019821091326141134
2024.07.25,000005.SZ,0.5141869565525974
2024.07.25,000012.SZ,0.1787065655703208
2024.07.25,000048.SZ,0.013997435894956306
2024.07.25,600039.SH,0.008431340318137541
2024.07.25,600025.SH,0.6286060447613341
2024.07.25,600037.SH,0.038497398012639024
2024.07.25,000019.SZ,0.0035176747527756414
2024.07.25,600034.SH,0.20066448982116586
2024.07.25,000027.SZ,0.20389002155956026
2024.07.25,600031.SH,0.07175702765880013
2024.07.25,600004.SH,0.25794301870987085
2024.07.25,600003.SH,0.12239048603789107
2024.07.25,600027.SH,0.008325403622119408
2024.07.25,000011.SZ,0.3084153194054252
2024.07.25,000033.SZ,0.2650670342955406
2024.07.25,000046.SZ,0.034420832896811894
2024.07.25,000043.SZ,0.014879654813114368
2024.07.25,600028.SH,0.15468494719294193
2024.07.25,000001.SZ,0.16222943517091634
2024.07.25,600023.SH,0.03965183857416731
2024.07.25,000023.SZ,0.03695278233768382
2024.07.25,600014.SH,0.03572557512576355
2024.07.25,600015.SH,0.04417919593699162
2024.07.25,000006.SZ,0.13583870680863325
2024.07.25,000031.SZ,0.20436587271762066
2024.07.25,000016.SZ,0.12246170709612542
2024.07.25,600019.SH,0.2275498301833626
2024.07.25,000024.SZ,0.018744028023180103
2024.07.25,000022.SZ,0.0036286373986688263
2024.07.25,000034.SZ,0.28453890924113306
2024.07.25,000042.SZ,0.35959113903335527
2024.07.25,600038.SH,0.16333764833997175
2024.07.25,600021.SH,0.07996247436962148
2024.07.25,600043.SH,0.013534001986075506
2024.07.25,600024.SH,0.012411098049285054
2024.07.25,000013.SZ,0.10408898599942132
2024.07.25,000020.SZ,0.21563280729880438
2024.07.25,000039.SZ,0.02780519080006383
2024.07.25,000050.SZ,0.002289862109363967
2024.07.25,600012.SH,0.01112256387974154
2024.07.25,600011.SH,0.04780401527122039
2024.07.25,600022.SH,0.045602571067847285
2024.07.25,600032.SH,0.34829516386730236
2024.07.25,000045.SZ,0.11501246914599089
2024.07.25,600040.SH,0.8432686103506924
2024.07.25,000017.SZ,0.011631133216839373
2024.07.25,000032.SZ,0.01670617210225953
2024.07.25,600035.SH,0.052346171029016626
2024.07.25,000018.SZ,0.08228543536838863
2024.07.25,000029.SZ,0.03917238515393231
2024.07.25,600006.SH,0.04483402897091807
2024.07.25,000047.SZ,0.06959096721694223
2024.07.25,600042.SH,0.05840830840209335
2024.07.25,600005.SH,0.06094658754333176
2024.07.25,600013.SH,0.08690158410500234
2024.07.25,600008.SH,0.1285468613911895
2024.07.25,000003.SZ,0.6264915193555851
2024.07.25,000025.SZ,0.14241491824845653
2024.07.25,000014.SZ,0.10427711899574206
2024.07.25,000004.SZ,0.11240961163597149
2024.07.25,000037.SZ,0.3298937228422303
2024.07.25,000009.SZ,0.08576188979921803
2024.07.25,000015.SZ,0.028239988706940392
2024.07.25,600045.SH,0.003224145284069934
2024.07.25,600047.SH,0.22057343650650868
2024.07.25,000028.SZ,0.09572028343125709
2024.07.25,000002.SZ,0.08666934429631998
2024.07.25,600007.SH,0.06585353582358736
2024.07.25,600044.SH,0.04922224870733155
2024.07.25,600016.SH,0.11937422078102518
2024.07.25,600010.SH,0.051575692010929895
2024.07.25,600029.SH,0.11405075793207957
2024.07.25,600048.SH,0.037506729798556994
2024.07.25,000021.SZ,0.2615068723749029
2024.07.25,000041.SZ,0.1373011132879739
2024.07.25,600000.SH,0.1293388777150719
2024.07.25,000010.SZ,0.18694165990749345
2024.07.25,000036.SZ,0.07733435512866299
2024.07.25,000026.SZ,0.1372256230347015
2024.07.25,000038.SZ,0.23339828992493133
2024.07.25,000049.SZ,0.023245030986796873
2024.07.25,600049.SH,0.09286209374568374
2024.07.25,600036.SH,0.28559071334731945
2024.07.25,600018.SH,0.4457399940043594
2024.07.25,000035.SZ,0.05036920900017552
2024.07.25,600041.SH,0.010197474749066278
2024.07.25,600033.SH,0.03736480178744987
2024.07.25,000007.SZ,0.08965973755665403
2024.07.26,000047.SZ,0.1697521945279689
2024.07.26,000011.SZ,0.2536566516357267
2024.07.26,600047.SH,0.20005800170401178
2024.07.26,600011.SH,0.30205480157193154
2024.07.26,600032.SH,0.08728829288784783
2024.07.26,600018.SH,0.023945925089229846
2024.07.26,600046.SH,0.040061649283701845
2024.07.26,600016.SH,0.33238282907278727
2024.07.26,600026.SH,0.09870051002456691
2024.07.26,600021.SH,0.09704233586883107
2024.07.26,000031.SZ,0.03104740713833359
2024.07.26,600048.SH,0.08191618652678284
2024.07.26,600014.SH,0.08521463655388725
2024.07.26,600008.SH,0.22567780267818785
2024.07.26,000043.SZ,0.10442908704646753
2024.07.26,600033.SH,0.45359399563948544
2024.07.26,000048.SZ,0.27312251962413364
2024.07.26,600015.SH,0.03968552668678292
2024.07.26,000001.SZ,0.012667751947414872
2024.07.26,600039.SH,0.19849244105859143
2024.07.26,600022.SH,0.18279642254783224
2024.07.26,000008.SZ,0.3595729127657687
2024.07.26,600044.SH,0.004862518983487833
2024.07.26,000040.SZ,0.21038408109992782
2024.07.26,600028.SH,0.1839487352829101
2024.07.26,600009.SH,0.03954594701995217
2024.07.26,000042.SZ,0.03699275941715808
2024.07.26,600025.SH,0.08860866394341149
2024.07.26,000049.SZ,0.18893881299725068
2024.07.26,000021.SZ,0.054985163305329314
2024.07.26,600027.SH,0.10215418292013778
2024.07.26,600020.SH,0.0012252113929749936
2024.07.26,000025.SZ,0.06946467553778676
2024.07.26,600030.SH,0.027352915330808348
2024.07.26,000028.SZ,0.006342694958454363
2024.07.26,000024.SZ,0.06633616156948088
2024.07.26,000010.SZ,0.2642221016665335
2024.07.26,600007.SH,0.04546199688160095
2024.07.26,000050.SZ,0.01732746511470191
2024.07.26,000013.SZ,0.027769382562349187
2024.07.26,000009.SZ,0.050235341196410314
2024.07.26,000039.SZ,0.10686085885993594
2024.07.26,600013.SH,0.01509322833408827
2024.07.26,000007.SZ,0.0779904710255633
2024.07.26,600036.SH,0.08617688452559
2024.07.26,000037.SZ,0.09293349944098955
2024.07.26,600024.SH,0.02145585454575968
2024.07.26,000026.SZ,0.34392642929753003
2024.07.26,000006.SZ,0.06204353195722813
2024.07.26,000016.SZ,0.3513796012926742
2024.07.26,600023.SH,0.04303185925953161
2024.07.26,000012.SZ,0.04702395054965618
2024.07.26,000041.SZ,0.07823393288231589
2024.07.26,000027.SZ,0.05291583464998867
2024.07.26,000036.SZ,0.04506779772293172
2024.07.26,600031.SH,0.04629814490808562
2024.07.26,000019.SZ,0.021878576577438753
2024.07.26,600010.SH,0.03024655216269154
2024.07.26,000032.SZ,0.09681836457722395
2024.07.26,000018.SZ,0.12919151119216754
2024.07.26,600000.SH,0.14377253609820898
2024.07.26,000045.SZ,0.034763391948731744
2024.07.26,600049.SH,0.08666087646068664
2024.07.26,000044.SZ,0.006358360254312951
2024.07.26,600029.SH,0.015100873991482735
2024.07.26,600002.SH,0.10577631333360862
2024.07.26,600037.SH,0.03243217274403345
2024.07.26,000003.SZ,0.002330607582608207
2024.07.26,600001.SH,0.01638892209691651
2024.07.26,600043.SH,0.2345999527183162
2024.07.26,600017.SH,0.0862549023799736
2024.07.26,000005.SZ,0.05847623389905791
2024.07.26,000017.SZ,0.18442295504191022
2024.07.26,000004.SZ,0.04008680225543953
2024.07.26,000014.SZ,0.06833188514980583
2024.07.26,000020.SZ,0.08553604668636175
2024.07.26,600034.SH,0.09762968755493238
2024.07.26,600003.SH,0.15022158876801814
2024.07.26,600006.SH,0.08780820758620753
2024.07.26,000030.SZ,0.041689453756555146
2024.07.26,000023.SZ,0.36304792184959217
2024.07.26,000022.SZ,0.3607513399811618
2024.07.26,600045.SH,0.03572523665484393
2024.07.26,600035.SH,0.2249110371731579
2024.07.26,600005.SH,0.4064755072617457
2024.07.26,000035.SZ,0.30880215999185023
2024.07.26,600040.SH,0.1155823764645803
2024.07.26,000046.SZ,0.2498537830477521
2024.07.26,000038.SZ,0.14428810809425388
2024.07.26,600004.SH,0.2743527220574258
2024.07.26,000015.SZ,0.05443666961226198
2024.07.26,600038.SH,0.0014760663395791559
2024.07.26,600041.SH,0.029747213080277793
2024.07.26,600042.SH,0.07236861053250193
2024.07.26,600012.SH,0.052555812584841224
2024.07.26,000033.SZ,0.031353765182807636
2024.07.26,000034.SZ,0.03504393411737982
2024.07.29,000049.SZ,0.3046459630911639
2024.07.29,600032.SH,0.04601201398937791
2024.07.29,600011.SH,0.05677050194340599
2024.07.29,000042.SZ,0.03452791882469619
2024.07.29,000012.SZ,0.1309946633241565
2024.07.29,000027.SZ,0.16304630262845993
2024.07.29,000039.SZ,0.020072258375947966
2024.07.29,000011.SZ,0.07816597685845456
2024.07.29,000031.SZ,0.46100111419738843
2024.07.29,000014.SZ,0.2720908015698936
2024.07.29,000035.SZ,0.14076871224548126
2024.07.29,600010.SH,0.006827065452373095
2024.07.29,000033.SZ,0.004348104323142718
2024.07.29,000017.SZ,0.15471254342847515
2024.07.29,600006.SH,0.07512965618495492
2024.07.29,000024.SZ,0.2514353489790196
2024.07.29,600012.SH,0.14117324718931423
2024.07.29,600049.SH,0.3108193304545604
2024.07.29,000030.SZ,0.23952010418226632
2024.07.29,600030.SH,0.1508421393875163
2024.07.29,600031.SH,0.2661943057955321
2024.07.29,600042.SH,0.2890823472152007
2024.07.29,000034.SZ,0.4408281453671403
2024.07.29,600015.SH,0.4524076654296044
2024.07.29,600023.SH,0.0307141114552984
2024.07.29,600022.SH,0.014142231357167247
2024.07.29,000022.SZ,0.0857365108962588
2024.07.29,000032.SZ,0.08464742866198213
2024.07.29,000020.SZ,0.11622446187658689
2024.07.29,600017.SH,0.07654842868386821
2024.07.29,000013.SZ,0.008911382522820394
2024.07.29,000045.SZ,0.0026002198470956067
2024.07.29,000002.SZ,0.09763937428902406
2024.07.29,600016.SH,0.12554451941384506
2024.07.29,600026.SH,0.09621827628050716
2024.07.29,000037.SZ,0.06498500078407243
2024.07.29,600004.SH,0.1505516025219635
2024.07.29,000026.SZ,0.16968483772994952
2024.07.29,600040.SH,0.1069234941512515
2024.07.29,600048.SH,0.04553934489885351
2024.07.29,000050.SZ,0.005085805619671443
2024.07.29,000009.SZ,0.3934449274398012
2024.07.29,000004.SZ,0.04107458147379485
2024.07.29,000038.SZ,0.06807870497107683
2024.07.29,600019.SH,0.1930004942462293
2024.07.29,600046.SH,0.018137452541762453
2024.07.29,600039.SH,0.005260665857620768
2024.07.29,600035.SH,0.1192194552574889
2024.07.29,600029.SH,0.29937156671679455
2024.07.29,600044.SH,0.020547238638283876
2024.07.29,600025.SH,0.3932179557814151
2024.07.29,000043.SZ,0.4102713275699919
2024.07.29,600020.SH,0.10785737675563327
2024.07.29,600002.SH,0.0702155778344123
2024.07.29,000029.SZ,0.3407891100979623
2024.07.29,600009.SH,0.0018764962969308452
2024.07.29,000025.SZ,0.14118731440653112
2024.07.29,000003.SZ,0.05827455972146253
2024.07.29,000036.SZ,0.405986830015522
2024.07.29,000048.SZ,0.135193950039003
2024.07.29,600043.SH,0.2226933829727007
2024.07.29,600036.SH,0.09847588830352845
2024.07.29,600021.SH,0.03779005728020354
2024.07.29,600047.SH,0.019932885442273885
2024.07.29,000008.SZ,0.9675627190257106
2024.07.29,000016.SZ,0.07140834029220507
2024.07.29,000023.SZ,0.18879200868361812
2024.07.29,600045.SH,0.07464620785046898
2024.07.29,600003.SH,0.16856796786563094
2024.07.29,000006.SZ,0.17263279028593853
2024.07.29,000028.SZ,0.0031639384838413323
2024.07.29,000046.SZ,0.05440423752745985
2024.07.29,000040.SZ,0.25826244116033353
2024.07.29,600038.SH,0.36791628182673364
2024.07.29,600041.SH,0.3014670220659199
2024.07.29,000041.SZ,0.27829737106471825
2024.07.29,000010.SZ,0.19983562713791928
2024.07.29,600014.SH,0.034507719012923016
2024.07.29,000019.SZ,0.07726921559328138
2024.07.29,600007.SH,0.16823864337612726
2024.07.29,600018.SH,0.2093417709930255
2024.07.29,600024.SH,0.03450723681112475
2024.07.29,000044.SZ,0.2918397046411572
2024.07.29,000021.SZ,0.24462525219232242
2024.07.29,600033.SH,0.05279283715306861
2024.07.29,600034.SH,0.09703650603926026
2024.07.29,600028.SH,0.2995039031703146
2024.07.29,600013.SH,0.11078906989322264
2024.07.29,000015.SZ,0.1080698661915044
2024.07.29,000018.SZ,0.022110266118292667
2024.07.29,600037.SH,0.12839112040423092
2024.07.29,600008.SH,0.006938911073777289
2024.07.29,000001.SZ,0.21761442626369756
2024.07.29,600000.SH,0.02094397471669303
2024.07.29,600005.SH,0.018777946243323622
2024.07.29,000007.SZ,0.062864412558104
2024.07.29,600001.SH,0.018093666447059946
2024.07.30,600045.SH,0.014111841443198589
2024.07.30,600035.SH,0.20375095496345608
2024.07.30,600013.SH,0.13549512555648457
2024.07.30,000019.SZ,0.29308150094016644
2024.07.30,600037.SH,0.1122244070123186
2024.07.30,000040.SZ,0.5721149847044231
2024.07.30,600034.SH,0.06252763900174015
2024.07.30,600047.SH,0.019907162531487218
2024.07.30,000005.SZ,0.7460318828477209
2024.07.30,000003.SZ,0.4177720796669807
2024.07.30,000008.SZ,0.26905299239210206
2024.07.30,600040.SH,0.0417502744216207
2024.07.30,000037.SZ,0.029834663909183323
2024.07.30,000039.SZ,0.24777200923516085
2024.07.30,600026.SH,0.1378596336985937
2024.07.30,600016.SH,0.028493166456908626
2024.07.30,600011.SH,0.007021610499767015
2024.07.30,600004.SH,0.060581767879876174
2024.07.30,000028.SZ,0.2458882875110917
2024.07.30,000004.SZ,0.053596865170924816
2024.07.30,000048.SZ,0.03153548454357131
2024.07.30,600022.SH,0.07222526131207044
2024.07.30,600009.SH,0.16694335304320113
2024.07.30,600030.SH,0.012763989246933732
2024.07.30,600041.SH,0.0069299467539977715
2024.07.30,600029.SH,0.18900318550733258
2024.07.30,000010.SZ,0.06244708373510439
2024.07.30,600025.SH,0.0013564179333001732
2024.07.30,000032.SZ,0.2320365900393698
2024.07.30,600036.SH,0.1857820389123712
2024.07.30,000001.SZ,0.01293903513987508
2024.07.30,600019.SH,0.0071091458701557884
2024.07.30,000007.SZ,0.004572016773289127
2024.07.30,000029.SZ,0.15951386229769504
2024.07.30,600023.SH,0.030750647974437516
2024.07.30,600021.SH,0.0271225155085093
2024.07.30,000006.SZ,0.48521651668210186
2024.07.30,000026.SZ,0.08331064131056921
2024.07.30,000009.SZ,0.08747159051444965
2024.07.30,000042.SZ,0.16552786590054916
2024.07.30,000023.SZ,0.003963496413146042
2024.07.30,600006.SH,0.06576102621712068
2024.07.30,000016.SZ,0.12192880912594597
2024.07.30,600044.SH,0.015240814272658896
2024.07.30,000038.SZ,0.044827695526405024
2024.07.30,600001.SH,0.0636188846468616
2024.07.30,000050.SZ,0.12072027414864868
2024.07.30,000027.SZ,0.035154457697171
2024.07.30,600015.SH,0.5278575571705311
2024.07.30,000024.SZ,0.061616170048108106
2024.07.30,600005.SH,0.05668284444878292
2024.07.30,600027.SH,0.06015244653104038
2024.07.30,600048.SH,0.07387622970262427
2024.07.30,600039.SH,0.2990366045717581
2024.07.30,000045.SZ,0.05424906941435734
2024.07.30,000017.SZ,0.058850931270233026
2024.07.30,000011.SZ,0.030306989117957924
2024.07.30,000043.SZ,0.17137612318814832
2024.07.30,000035.SZ,0.120754386087979
2024.07.30,000036.SZ,0.1951904573963975
2024.07.30,600012.SH,0.049857689834758245
2024.07.30,000033.SZ,0.004543488102122378
2024.07.30,000012.SZ,0.13695902160017315
2024.07.30,000030.SZ,0.12073727268692469
2024.07.30,600043.SH,0.05445859583044521
2024.07.30,600017.SH,0.41794567020737283
2024.07.30,600002.SH,0.016013876667989393
2024.07.30,600038.SH,0.017713963292579404
2024.07.30,600003.SH,0.12703923534873715
2024.07.30,000041.SZ,0.16974287730309404
2024.07.30,600007.SH,0.10080372932508262
2024.07.30,000046.SZ,0.17410978675773153
2024.07.30,000022.SZ,0.06748376136130953
2024.07.30,600032.SH,0.01485853497624256
2024.07.30,600042.SH,0.17856752340042967
2024.07.30,000015.SZ,0.17954335918969402
2024.07.30,600008.SH,0.3007562293945686
2024.07.30,000044.SZ,0.09369433027195405
2024.07.30,000002.SZ,0.3487751495276827
2024.07.30,600049.SH,0.04214956316536601
2024.07.30,000025.SZ,0.09183920300149638
2024.07.30,000034.SZ,0.2804233664953386
2024.07.30,000018.SZ,0.09463078823232751
2024.07.30,000047.SZ,0.032821869760607573
2024.07.30,600014.SH,0.5722623959670267
2024.07.30,000021.SZ,4.125818521886563e-05
2024.07.30,600031.SH,0.05219660396355594
2024.07.30,000031.SZ,0.19944898428612692
2024.07.30,000013.SZ,0.1001408770897808
2024.07.30,600024.SH,0.26954926846698496
2024.07.30,600010.SH,0.10466699717422835
2024.07.30,600028.SH,0.2565634807578891
2024.07.30,600046.SH,0.30867648653008756
2024.07.30,000014.SZ,0.5819887331261315
2024.07.30,000049.SZ,0.19833071106612235
2024.07.30,000020.SZ,0.185041236478324
2024.07.30,600018.SH,0.10091731690235331
2024.07.30,600020.SH,0.08668174320427054
2024.07.31,000004.SZ,0.15609259221205432
2024.07.31,600000.SH,0.22311885396084896
2024.07.31,600007.SH,0.3807290568793716
2024.07.31,600041.SH,0.1168248771099882
2024.07.31,600048.SH,0.20286334226661326
2024.07.31,600018.SH,0.1287865773018094
2024.07.31,000034.SZ,0.18373571407806177
2024.07.31,000005.SZ,0.2012916741406712
2024.07.31,600009.SH,0.018086233867434638
2024.07.31,600030.SH,0.0202138026709942
2024.07.31,000045.SZ,0.010385875435559229
2024.07.31,000049.SZ,0.10250993633152469
2024.07.31,600023.SH,0.00979064955820713
2024.07.31,600002.SH,0.41596043205051936
2024.07.31,600022.SH,0.022465964406805802
2024.07.31,000044.SZ,0.1219696465925503
2024.07.31,000002.SZ,0.042979999660109174
2024.07.31,000046.SZ,0.10927201127610082
2024.07.31,000011.SZ,0.03479373929816977
2024.07.31,000018.SZ,0.034729339762309915
2024.07.31,600006.SH,0.18946501740220478
2024.07.31,600034.SH,0.10723775185281408
2024.07.31,000048.SZ,0.050298192615065164
2024.07.31,000028.SZ,0.002463350977529456
2024.07.31,000038.SZ,0.1345908385251673
2024.07.31,000012.SZ,0.10722212929277887
2024.07.31,000050.SZ,0.14881182692357864
2024.07.31,600015.SH,0.31072400380240167
2024.07.31,600001.SH,0.024161439742945726
2024.07.31,600008.SH,0.0516858746738529
2024.07.31,000047.SZ,0.08494209919565594
2024.07.31,600032.SH,0.359610195792554
2024.07.31,000013.SZ,0.12408969198901276
2024.07.31,600033.SH,0.03623184954436804
2024.07.31,600029.SH,0.08783734621778731
2024.07.31,000016.SZ,0.23560594191004341
2024.07.31,600010.SH,0.3955091191746257
2024.07.31,600025.SH,0.2735548530595246
2024.07.31,600027.SH,0.07075299160252135
2024.07.31,000015.SZ,0.055392249247787295
2024.07.31,000017.SZ,0.020488079032284015
2024.07.31,600040.SH,0.0794722830023254
2024.07.31,600017.SH,0.09589426179971912
2024.07.31,600014.SH,0.002894344284016109
2024.07.31,000040.SZ,0.045140094218172326
2024.07.31,000026.SZ,0.39617293660234265
2024.07.31,000027.SZ,0.08084592673886325
2024.07.31,000035.SZ,0.02509735414149453
2024.07.31,000025.SZ,0.10440183674776954
2024.07.31,600019.SH,0.15372400304870829
2024.07.31,600004.SH,0.22284891976889623
2024.07.31,600035.SH,0.08110472412055367
2024.07.31,600013.SH,0.20635653891636196
2024.07.31,600020.SH,0.16786596962128042
2024.07.31,600037.SH,0.05232948086051168
2024.07.31,600031.SH,0.032790494138012286
2024.07.31,000036.SZ,0.19544833252749333
2024.07.31,000041.SZ,0.030540582212902328
2024.07.31,600046.SH,0.005769348884036208
2024.07.31,600012.SH,0.1334422099122649
2024.07.31,600036.SH,0.10433279043450448
2024.07.31,000003.SZ,0.04755012698168309
2024.07.31,000019.SZ,0.13040758565772034
2024.07.31,000006.SZ,0.37753320602707574
2024.07.31,600003.SH,0.09298697887477736
2024.07.31,000024.SZ,0.516698713523449
2024.07.31,600016.SH,0.38279768314970064
2024.07.31,000008.SZ,0.6070842282790546
2024.07.31,600039.SH,0.06083331976782066
2024.07.31,600047.SH,0.03801098800554586
2024.07.31,600011.SH,0.040408423326864444
2024.07.31,600005.SH,0.08247931402472568
2024.07.31,600043.SH,0.10152607872511477
2024.07.31,000039.SZ,0.30643185356639524
2024.07.31,000029.SZ,0.037080709740088084
2024.07.31,000014.SZ,0.14212106896695828
2024.07.31,600021.SH,0.4160475683993164
2024.07.31,600028.SH,0.2337459323988376
2024.07.31,000010.SZ,0.1625420973284458
2024.07.31,000032.SZ,0.1434537843122101
2024.07.31,000031.SZ,0.21326437091602937
2024.07.31,000007.SZ,0.04618492936335318
2024.07.31,000020.SZ,0.29689314552806106
2024.07.31,000030.SZ,0.07863831293882799
2024.07.31,000022.SZ,0.009697330079634631
2024.07.31,000043.SZ,0.02855316403661605
2024.07.31,000009.SZ,0.017716726797539138
2024.07.31,600049.SH,0.0806004328975246
2024.07.31,600045.SH,0.07088945060295111
2024.07.31,000023.SZ,0.2620669336345331
2024.07.31,600024.SH,0.0934363115634545
2024.07.31,000037.SZ,0.07651487094693389
2024.07.31,000033.SZ,0.036197626336709934
2024.07.31,000021.SZ,0.16870009837779215
2024.07.31,000001.SZ,0.1759764692048375
2024.07.31,600042.SH,0.08995263667507081
2024.08.01,600025.SH,0.021619707316385593
2024.08.01,000037.SZ,0.002526602162241462
2024.08.01,000002.SZ,0.0298614868200179
2024.08.01,600008.SH,0.11912709171790901
2024.08.01,600010.SH,0.005386441249140967
2024.08.01,000023.SZ,0.028540781959399467
2024.08.01,000004.SZ,0.21086965094783522
2024.08.01,600023.SH,0.001295821981416376
2024.08.01,600009.SH,0.05871012067122774
2024.08.01,600031.SH,0.14210087413295383
2024.08.01,000033.SZ,0.07448041034520152
2024.08.01,000049.SZ,0.23854307734756802
2024.08.01,000003.SZ,2.7105495830043956e-05
2024.08.01,600013.SH,0.1132601170837669
2024.08.01,600033.SH,0.20153237351529746
2024.08.01,600035.SH,0.07665481693702948
2024.08.01,000035.SZ,0.02743194119622198
2024.08.01,000010.SZ,0.18403810021533867
2024.08.01,000042.SZ,0.11884424493176601
2024.08.01,600014.SH,0.11995451921613291
2024.08.01,600049.SH,0.05802178441938059
2024.08.01,000007.SZ,0.4091096609006718
2024.08.01,000016.SZ,0.4113185580270242
2024.08.01,600045.SH,0.07076638736301608
2024.08.01,600006.SH,0.001975966157821495
2024.08.01,000024.SZ,0.09802765496676005
2024.08.01,000008.SZ,0.1793283800598551
2024.08.01,600037.SH,0.10381868893308772
2024.08.01,000021.SZ,0.07894369714010621
2024.08.01,600002.SH,0.0754001296908011
2024.08.01,600038.SH,0.2680696005060071
2024.08.01,600004.SH,0.08614338967548346
2024.08.01,000028.SZ,0.10259432022726597
2024.08.01,000045.SZ,0.5569461982488177
2024.08.01,000015.SZ,0.22859266476250195
2024.08.01,000020.SZ,0.16792801484475203
2024.08.01,600041.SH,0.5483919380273894
2024.08.01,000041.SZ,0.11580316545102612
2024.08.01,600042.SH,0.10803844653618515
2024.08.01,000005.SZ,0.11981880128157979
2024.08.01,600036.SH,0.3928176036996654
2024.08.01,600000.SH,0.17023542765940614
2024.08.01,600040.SH,0.19503010944490817
2024.08.01,000031.SZ,0.03864115822816016
2024.08.01,600024.SH,0.03940324207515768
2024.08.01,000009.SZ,0.0928327819871269
2024.08.01,000012.SZ,0.1723273968374191
2024.08.01,600016.SH,0.13211863106217514
2024.08.01,000025.SZ,0.43371974197491764
2024.08.01,600018.SH,0.20333927131001636
2024.08.01,000019.SZ,0.2768263218111603
2024.08.01,000047.SZ,0.012700399271487466
2024.08.01,000026.SZ,0.1310151864120626
2024.08.01,600029.SH,0.08134721475096213
2024.08.01,600027.SH,0.08152875560967125
2024.08.01,600003.SH,0.032605638622280164
2024.08.01,000036.SZ,0.03230577786429781
2024.08.01,000029.SZ,0.38503134148913737
2024.08.01,000011.SZ,0.34722782499560617
2024.08.01,000018.SZ,0.01905219001560244
2024.08.01,600039.SH,0.2715546631478557
2024.08.01,000048.SZ,0.017680209144411672
2024.08.01,000006.SZ,0.31897147163899753
2024.08.01,600012.SH,0.09336353897819304
2024.08.01,600022.SH,0.0747747500066433
2024.08.01,600020.SH,0.11025575378639783
2024.08.01,600011.SH,0.21355530806258421
2024.08.01,600026.SH,0.0012586322283136852
2024.08.01,600046.SH,0.2138438527244091
2024.08.01,000022.SZ,0.0014507547346306376
2024.08.01,000039.SZ,0.5912692186800697
2024.08.01,600032.SH,0.021927935576291496
2024.08.01,000027.SZ,0.031595237937170506
2024.08.01,000034.SZ,0.0009626938842949339
2024.08.01,600047.SH,0.004726636690603748
2024.08.01,600021.SH,0.21707384025808354
2024.08.01,000013.SZ,0.04264400621075026
2024.08.01,600044.SH,0.20300094082160844
2024.08.01,600030.SH,0.07970228677337983
2024.08.01,000032.SZ,0.22564803180771703
2024.08.01,600017.SH,0.14524114881226974
2024.08.01,600007.SH,0.2583241961451603
2024.08.01,600028.SH,0.1293019569833788
2024.08.01,000001.SZ,0.038651369119405685
2024.08.01,000044.SZ,0.4193116733135368
2024.08.01,000040.SZ,0.17026797481539901
2024.08.01,600001.SH,0.3265754452381099
2024.08.01,600019.SH,0.16483824323306687
2024.08.01,600015.SH,1.0875952421407125
2024.08.01,600005.SH,0.08830718663440673
2024.08.01,600034.SH,0.06155255592301043
2024.08.01,000030.SZ,0.1899367563867521
2024.08.01,000038.SZ,0.09822000283037362
2024.08.01,600048.SH,0.1906193432398586
2024.08.01,600043.SH,0.16416170422093102
2024.08.01,000050.SZ,0.3535641534285474
2024.08.01,000017.SZ,0.20549284952142863
2024.08.01,000046.SZ,0.023736803386982887
2024.08.02,000044.SZ,0.22724645607932775
2024.08.02,600002.SH,0.0631565057456022
2024.08.02,600042.SH,0.26645225641819864
2024.08.02,000024.SZ,0.11379722801338317
2024.08.02,600025.SH,0.11719152664617866
2024.08.02,600017.SH,0.06792310148764392
2024.08.02,000026.SZ,0.641337444368469
2024.08.02,000006.SZ,0.027004580463226884
2024.08.02,600023.SH,0.46919771445984904
2024.08.02,000003.SZ,0.12713141508567324
2024.08.02,600048.SH,0.03247895648971318
2024.08.02,600032.SH,0.10862405974305626
2024.08.02,600011.SH,0.02776404789048464
2024.08.02,600010.SH,0.018401558736432934
2024.08.02,600037.SH,0.09994400365558333
2024.08.02,600046.SH,0.03416878611331438
2024.08.02,600005.SH,0.00367381717499642
2024.08.02,000001.SZ,0.05748464188821083
2024.08.02,600022.SH,0.080984206950349
2024.08.02,600039.SH,0.20487964969420763
2024.08.02,600007.SH,0.10606318236360897
2024.08.02,000036.SZ,0.5910019292911997
2024.08.02,600006.SH,0.0022011117369976087
2024.08.02,000013.SZ,0.039082313152259844
2024.08.02,000032.SZ,0.07580521063457313
2024.08.02,600031.SH,0.34313634216983024
2024.08.02,000046.SZ,0.2002257622986628
2024.08.02,000040.SZ,0.20860911426297465
2024.08.02,000028.SZ,0.06982597082644147
2024.08.02,000021.SZ,0.0311388438776073
2024.08.02,600014.SH,0.004559858058946239
2024.08.02,600012.SH,0.005201844197807504
2024.08.02,600026.SH,0.36343127003131354
2024.08.02,600029.SH,0.0062775758496771
2024.08.02,000017.SZ,0.17646489623121062
2024.08.02,000045.SZ,0.02498533432741622
2024.08.02,000029.SZ,0.1745407366329217
2024.08.02,600016.SH,0.059720649759254785
2024.08.02,600001.SH,0.04146702094160674
2024.08.02,000025.SZ,0.019478483586486312
2024.08.02,600038.SH,0.19100533437036343
2024.08.02,000022.SZ,0.13865529822030095
2024.08.02,600028.SH,0.13368887992237943
2024.08.02,600003.SH,0.08195231141426439
2024.08.02,600040.SH,0.44243646568707584
2024.08.02,600035.SH,0.06197281146946058
2024.08.02,000002.SZ,0.5975666327499621
2024.08.02,000039.SZ,0.03265803891764326
2024.08.02,000004.SZ,0.03988515457058999
2024.08.02,000048.SZ,0.02547390330224378
2024.08.02,000007.SZ,0.0027661616286721044
2024.08.02,000034.SZ,0.01877698925956777
2024.08.02,000038.SZ,0.11121756423883244
2024.08.02,600030.SH,0.0011396583282360904
2024.08.02,600021.SH,0.024672302067313516
2024.08.02,600024.SH,0.015026824553484634
2024.08.02,600009.SH,0.20992394012257537
2024.08.02,000011.SZ,0.008511677237038861
2024.08.02,600004.SH,0.04330487551693113
2024.08.02,000014.SZ,0.09033669898734739
2024.08.02,000020.SZ,0.08226253850415871
2024.08.02,600013.SH,0.1181503582669258
2024.08.02,000009.SZ,0.07586975325431229
2024.08.02,600015.SH,0.023445672046344485
2024.08.02,000042.SZ,0.12143150970987888
2024.08.02,000023.SZ,0.018472515753553076
2024.08.02,000035.SZ,0.05510819060480154
2024.08.02,000015.SZ,0.07543791664840263
2024.08.02,000033.SZ,0.10487161516608776
2024.08.02,600047.SH,0.48125737009563696
2024.08.02,000047.SZ,0.026080111280268797
2024.08.02,000037.SZ,0.019254656526844435
2024.08.02,600036.SH,0.12408097554844533
2024.08.02,600027.SH,0.3045789711702854
2024.08.02,000050.SZ,0.18395251305491525
2024.08.02,000005.SZ,0.009673014579563915
2024.08.02,600020.SH,0.03520724624340261
2024.08.02,000008.SZ,0.07967237483167298
2024.08.02,000012.SZ,0.2165287260279468
2024.08.02,000019.SZ,0.2006021280895296
2024.08.02,000031.SZ,0.34672839981436376
2024.08.02,600033.SH,0.36120930202774154
2024.08.02,600000.SH,0.35459702545082294
2024.08.02,600018.SH,0.04644612621614212
2024.08.02,600044.SH,0.009865461720539636
2024.08.02,600043.SH,0.0983196326734274
2024.08.02,600049.SH,0.10987806316024391
2024.08.02,600019.SH,0.10937964209513855
2024.08.02,000010.SZ,0.08457911220342233
2024.08.02,000030.SZ,0.26461728963361664
2024.08.02,600041.SH,0.1249423214784279
2024.08.02,000041.SZ,0.19617914832917197
2024.08.02,600008.SH,0.04362899667285768
2024.08.02,600034.SH,0.054484673066371184
2024.08.02,000018.SZ,0.013964968321986475
2024.08.02,600045.SH,0.03963498601744384
2024.08.02,000016.SZ,0.04709487689583425
2024.08.05,000023.SZ,0.03650625827935354
2024.08.05,600015.SH,0.1505866005293705
2024.08.05,000004.SZ,0.5160715813963724
2024.08.05,000005.SZ,0.02598872169999063
2024.08.05,000024.SZ,0.23851146750227292
2024.08.05,600009.SH,0.25057295220506737
2024.08.05,600012.SH,0.4937879735683066
2024.08.05,600011.SH,0.01259057237110113
2024.08.05,000008.SZ,0.11414130086089527
2024.08.05,600000.SH,0.0555732259690342
2024.08.05,000006.SZ,0.11311461671952107
2024.08.05,600030.SH,0.1515620418693217
2024.08.05,000021.SZ,0.005575412560074546
2024.08.05,000047.SZ,0.055256566851439405
2024.08.05,600040.SH,0.06928700771127426
2024.08.05,000030.SZ,0.4604383094348923
2024.08.05,600013.SH,0.18451827632936013
2024.08.05,000041.SZ,0.07110475742516945
2024.08.05,600036.SH,0.0736165384092467
2024.08.05,600003.SH,0.04955589232789257
2024.08.05,000009.SZ,0.11517401059542468
2024.08.05,600026.SH,0.03505515058616576
2024.08.05,000046.SZ,0.10979561103994184
2024.08.05,600045.SH,0.045600286688604934
2024.08.05,600019.SH,0.16154067859851723
2024.08.05,000029.SZ,0.024150322369123196
2024.08.05,000033.SZ,0.03754707656083825
2024.08.05,600039.SH,0.03800712808436962
2024.08.05,600028.SH,0.06543245606587107
2024.08.05,000040.SZ,0.32376618837621934
2024.08.05,600004.SH,0.09543164189448347
2024.08.05,600049.SH,0.07478477863572675
2024.08.05,600044.SH,0.01716367246402352
2024.08.05,000025.SZ,0.26767871319129055
2024.08.05,600002.SH,0.05150022376874187
2024.08.05,000019.SZ,0.018015089717575438
2024.08.05,000012.SZ,0.20264504770835678
2024.08.05,600043.SH,0.0025280570062393664
2024.08.05,600001.SH,0.004878384087709801
2024.08.05,600022.SH,0.09354793573056627
2024.08.05,000017.SZ,0.03767703659377578
2024.08.05,600033.SH,0.016040931920740513
2024.08.05,000042.SZ,0.12764402804158564
2024.08.05,600010.SH,0.07529094127382138
2024.08.05,000036.SZ,0.21069082585998913
2024.08.05,000018.SZ,0.0444549842058504
2024.08.05,000031.SZ,0.031942602385586896
2024.08.05,000037.SZ,0.04067146626655559
2024.08.05,000045.SZ,0.14722415808023936
2024.08.05,000002.SZ,0.1094605596766829
2024.08.05,600048.SH,0.13978566480279217
2024.08.05,600020.SH,0.005828152005895597
2024.08.05,000049.SZ,0.04284605734345333
2024.08.05,600029.SH,0.011402506452747723
2024.08.05,600046.SH,0.2589079189527571
2024.08.05,000043.SZ,0.006432008468653816
2024.08.05,600005.SH,0.03620989588291649
2024.08.05,600008.SH,0.1730275796493685
2024.08.05,000050.SZ,0.026036238642737405
2024.08.05,000027.SZ,0.2731473314280512
2024.08.05,000014.SZ,0.07151601036359599
2024.08.05,600025.SH,0.40461662718452657
2024.08.05,000016.SZ,0.03402719933606519
2024.08.05,600032.SH,0.13236941371464783
2024.08.05,600041.SH,0.05029013792926493
2024.08.05,000044.SZ,0.04229518568947821
2024.08.05,600016.SH,0.014242868857286454
2024.08.05,000034.SZ,0.08029373585632481
2024.08.05,600035.SH,0.0775143122456633
2024.08.05,600027.SH,0.11179353968354448
2024.08.05,600017.SH,0.12969604984737101
2024.08.05,000011.SZ,0.06661326481271301
2024.08.05,000003.SZ,0.46669353884719605
2024.08.05,600042.SH,0.05715052112174297
2024.08.05,600031.SH,0.1478119564398412
2024.08.05,600021.SH,0.14279116810070622
2024.08.05,600038.SH,0.03877576640385106
2024.08.05,000026.SZ,0.06336807292241085
2024.08.05,000048.SZ,0.028946080298102392
2024.08.05,000035.SZ,0.07721335380296644
2024.08.05,600024.SH,0.052414518097655995
2024.08.05,000020.SZ,0.08044770079527863
2024.08.05,600018.SH,0.019846095214014318
2024.08.05,000032.SZ,0.009677296924129322
2024.08.05,000010.SZ,0.30107260228612714
2024.08.05,600007.SH,0.311883204253424
2024.08.05,600037.SH,0.17934036253818542
2024.08.05,600023.SH,0.29308567927822
2024.08.05,000028.SZ,0.06490023375181872
2024.08.05,600014.SH,0.1759315270940236
2024.08.05,600006.SH,0.2885168383867942
2024.08.05,000015.SZ,0.17151186323217552
2024.08.05,000038.SZ,0.04422894487259066
2024.08.05,000007.SZ,0.13625640181643145
2024.08.05,600047.SH,0.06363482232087225
2024.08.05,000022.SZ,0.14278344874709156
2024.08.05,000039.SZ,0.064214540155183
2024.08.06,600001.SH,0.1297133769096678
2024.08.06,000020.SZ,0.034857597977416846
2024.08.06,000017.SZ,0.22589426545742233
2024.08.06,600047.SH,0.02621851353713417
2024.08.06,600034.SH,0.16859391530582113
2024.08.06,000033.SZ,0.24107391762876093
2024.08.06,000006.SZ,0.24146360776230333
2024.08.06,000008.SZ,0.07099529562208824
2024.08.06,600005.SH,0.09801488872557737
2024.08.06,600011.SH,0.025933198066747997
2024.08.06,000015.SZ,0.4119948524056388
2024.08.06,600000.SH,0.0039674701000447996
2024.08.06,000050.SZ,0.030307258665264666
2024.08.06,000027.SZ,0.03173225245196594
2024.08.06,600002.SH,0.11142659459842351
2024.08.06,600048.SH,0.1999892876753876
2024.08.06,600030.SH,0.009478806351907785
2024.08.06,600023.SH,0.08614942054960953
2024.08.06,600044.SH,0.04870313500524556
2024.08.06,000043.SZ,0.1919695154167503
2024.08.06,600007.SH,0.013245650969028607
2024.08.06,000024.SZ,0.09388520902668476
2024.08.06,000023.SZ,0.0561611894523218
2024.08.06,000009.SZ,0.18108150194369424
2024.08.06,000049.SZ,0.16130587827454584
2024.08.06,000004.SZ,0.16470039763418012
2024.08.06,000047.SZ,0.39337419504737076
2024.08.06,600046.SH,0.13174620381535213
2024.08.06,000022.SZ,0.1473114265196247
2024.08.06,000038.SZ,0.1064890524963622
2024.08.06,000013.SZ,0.06307081223175551
2024.08.06,000040.SZ,0.1325815447007982
2024.08.06,600033.SH,0.30402222407326324
2024.08.06,600017.SH,0.1093132995325299
2024.08.06,600022.SH,0.36241683209916953
2024.08.06,600013.SH,0.030771499106560768
2024.08.06,000032.SZ,0.12767607944906081
2024.08.06,000014.SZ,0.02984504730247018
2024.08.06,600045.SH,0.3991979725657741
2024.08.06,600018.SH,0.2795533246288924
2024.08.06,000025.SZ,0.03188633766048105
2024.08.06,600038.SH,0.17073633864901414
2024.08.06,600040.SH,0.07563392199786904
2024.08.06,000034.SZ,0.056737866642016827
2024.08.06,600014.SH,0.06059977101374806
2024.08.06,000044.SZ,0.042668210795468293
2024.08.06,000031.SZ,0.154290392610501
2024.08.06,000037.SZ,0.1893327367898275
2024.08.06,000046.SZ,0.1598324848629136
2024.08.06,600027.SH,0.02808982784214675
2024.08.06,000028.SZ,0.08711361604574494
2024.08.06,000005.SZ,0.05635336618177761
2024.08.06,000019.SZ,0.03352291004812377
2024.08.06,000026.SZ,0.01502518715859347
2024.08.06,600006.SH,0.08077651306104108
2024.08.06,600024.SH,0.048458800019543176
2024.08.06,600003.SH,0.1047047814297862
2024.08.06,600041.SH,0.03487109826186438
2024.08.06,600009.SH,0.1543304218244535
2024.08.06,600016.SH,0.03189315131105939
2024.08.06,000012.SZ,0.1280732996724144
2024.08.06,000041.SZ,0.022774093740667863
2024.08.06,000018.SZ,0.10592084898607028
2024.08.06,600015.SH,0.22242905901999335
2024.08.06,000035.SZ,0.17612422965787486
2024.08.06,000045.SZ,0.0846547295332925
2024.08.06,000016.SZ,0.00677085364483163
2024.08.06,600028.SH,0.01508831762779359
2024.08.06,000030.SZ,0.08404290514207284
2024.08.06,600026.SH,0.08852427358676106
2024.08.06,600010.SH,0.09545417083481961
2024.08.06,600035.SH,0.0635762118448627
2024.08.06,000002.SZ,0.34826192881963186
2024.08.06,000003.SZ,0.1849130996464347
2024.08.06,600025.SH,0.069324905423324
2024.08.06,600039.SH,0.1342337313464867
2024.08.06,600021.SH,0.1519063625192746
2024.08.06,600012.SH,0.18472856973420082
2024.08.06,600032.SH,0.08816690690479877
2024.08.06,600008.SH,0.3548862724367012
2024.08.06,600036.SH,0.03749665476332404
2024.08.06,600031.SH,0.12277946093378218
2024.08.06,000029.SZ,0.05210643520588782
2024.08.06,600037.SH,0.0878785901851847
2024.08.06,600029.SH,0.36874676751570307
2024.08.06,000036.SZ,0.3457552173370418
2024.08.06,600049.SH,0.11783530098000242
2024.08.06,000001.SZ,0.12167364871300766
2024.08.06,600020.SH,0.4300882674411251
2024.08.06,000042.SZ,0.10885716209730864
2024.08.06,600004.SH,0.03232023254265828
2024.08.06,000048.SZ,0.10650451883973056
2024.08.06,000039.SZ,0.14933273106231157
2024.08.06,000021.SZ,0.06842001187037487
2024.08.06,600019.SH,0.04601583508889847
2024.08.06,000011.SZ,0.004559389398273741
2024.08.06,600042.SH,0.08012730284204596
2024.08.07,600039.SH,0.07233967866137497
2024.08.07,600029.SH,0.18699021019490003
2024.08.07,600038.SH,0.06721906697363664
2024.08.07,600002.SH,0.11721842539623609
2024.08.07,000010.SZ,0.2959202984291751
2024.08.07,000026.SZ,0.15146882872547504
2024.08.07,600016.SH,0.05879246945803787
2024.08.07,600043.SH,0.3635686191019216
2024.08.07,000021.SZ,0.2821922411878052
2024.08.07,600013.SH,0.001458390166391994
2024.08.07,600049.SH,0.04117738413615118
2024.08.07,000042.SZ,0.09111221940867643
2024.08.07,000007.SZ,0.20957609399425217
2024.08.07,000018.SZ,0.12056186982525485
2024.08.07,000024.SZ,0.10822535080129898
2024.08.07,000011.SZ,0.44294332774528883
2024.08.07,000029.SZ,0.0007716446439334202
2024.08.07,000041.SZ,0.07327190558326704
2024.08.07,000001.SZ,0.26900233193301415
2024.08.07,600008.SH,0.44312982302310383
2024.08.07,600037.SH,0.010940696694506195
2024.08.07,600041.SH,0.01199796372306749
2024.08.07,000043.SZ,0.06564592837599216
2024.08.07,600019.SH,0.16071733775274002
2024.08.07,600014.SH,0.14583825595395983
2024.08.07,600017.SH,0.021482233600504125
2024.08.07,000030.SZ,0.05593323052822205
2024.08.07,000046.SZ,0.1545558638697088
2024.08.07,600021.SH,0.014876025957717446
2024.08.07,000020.SZ,7.269074880585277e-06
2024.08.07,000050.SZ,0.16350402813285428
2024.08.07,600030.SH,0.06322861904615806
2024.08.07,000039.SZ,0.235379170966017
2024.08.07,600042.SH,0.04818239597853101
2024.08.07,600047.SH,0.0460931879705976
2024.08.07,000002.SZ,0.14526218079779915
2024.08.07,600020.SH,0.22231816142428507
2024.08.07,000045.SZ,0.09975495864712904
2024.08.07,600011.SH,0.06584622037622635
2024.08.07,000032.SZ,0.013952363607489493
2024.08.07,000037.SZ,0.04803370828013217
2024.08.07,000038.SZ,0.0013741814673996016
2024.08.07,600035.SH,0.032679689079850534
2024.08.07,600032.SH,0.08561887791554683
2024.08.07,000031.SZ,0.06429629292556475
2024.08.07,000027.SZ,0.031112981819633703
2024.08.07,600044.SH,0.186164622639899
2024.08.07,000013.SZ,0.10356523794048735
2024.08.07,000048.SZ,0.05982001194131041
2024.08.07,600010.SH,0.08692263744280378
2024.08.07,000005.SZ,0.007235893080793935
2024.08.07,600045.SH,0.053348211876511696
2024.08.07,600006.SH,0.1825995337190887
2024.08.07,000023.SZ,0.0009118661318409464
2024.08.07,600007.SH,0.041112224480980744
2024.08.07,000047.SZ,0.06375138818404794
2024.08.07,000022.SZ,0.0726310188752014
2024.08.07,600031.SH,0.08726618153322564
2024.08.07,600025.SH,0.2327997633036568
2024.08.07,600001.SH,0.06411386414317341
2024.08.07,600005.SH,0.23280780388512864
2024.08.07,600015.SH,0.057433195768342625
2024.08.07,600046.SH,0.021625278908774977
2024.08.07,000035.SZ,0.047462345494194286
2024.08.07,600028.SH,0.47485714822199443
2024.08.07,000015.SZ,0.14605244585960964
2024.08.07,600040.SH,0.1639271559188083
2024.08.07,000040.SZ,0.026770576582480988
2024.08.07,000019.SZ,0.03114089795741067
2024.08.07,000003.SZ,0.037270586100394125
2024.08.07,000012.SZ,0.025932215075168814
2024.08.07,000004.SZ,0.3139096946475585
2024.08.07,600009.SH,0.0024691781106743567
2024.08.07,600012.SH,0.009464340131202283
2024.08.07,000034.SZ,0.004126884697877033
2024.08.07,600034.SH,0.1145371796141344
2024.08.07,000016.SZ,0.04760250777374543
2024.08.07,000033.SZ,0.27894586786852393
2024.08.07,600048.SH,0.14306229224794798
2024.08.07,600033.SH,0.04971658073209669
2024.08.07,000036.SZ,0.12260924712391476
2024.08.07,600018.SH,0.05908754414843258
2024.08.07,000009.SZ,0.04367860508493532
2024.08.07,000044.SZ,0.031089682698269075
2024.08.07,600003.SH,0.005875900641622503
2024.08.07,000017.SZ,0.07383336427355054
2024.08.07,000014.SZ,0.00687441080718873
2024.08.07,600004.SH,0.17279538985030138
2024.08.07,000028.SZ,0.1007801058458595
2024.08.07,000008.SZ,0.25369713501982644
2024.08.07,600022.SH,0.06147184873155086
2024.08.07,000006.SZ,0.1851640290976803
2024.08.07,000049.SZ,0.5032467836404387
2024.08.07,000025.SZ,0.0994706280522823
2024.08.07,600026.SH,0.10554078212984683
2024.08.07,600027.SH,0.23092868126447685
2024.08.08,600022.SH,0.04765956654071455
2024.08.08,000002.SZ,0.11785082614365873
2024.08.08,000023.SZ,0.0062064486083381965
2024.08.08,600030.SH,0.027600006160909966
2024.08.08,000032.SZ,0.12632279898458326
2024.08.08,600046.SH,0.05861559549450979
2024.08.08,000035.SZ,0.26868639820994017
2024.08.08,000010.SZ,0.00470794349834376
2024.08.08,600005.SH,0.04088614193305922
2024.08.08,600020.SH,0.03057764873308659
2024.08.08,600002.SH,0.18534824027641456
2024.08.08,600001.SH,0.23033285990294472
2024.08.08,000019.SZ,0.13218156203531473
2024.08.08,600039.SH,0.016630583330563293
2024.08.08,600028.SH,0.020879772682936126
2024.08.08,600047.SH,0.029169897547846265
2024.08.08,000048.SZ,0.037527910795005344
2024.08.08,000047.SZ,0.08612471391410391
2024.08.08,000011.SZ,0.03858072024433362
2024.08.08,000012.SZ,0.02588517033646317
2024.08.08,000033.SZ,0.001580486056845648
2024.08.08,600038.SH,0.026162010037092964
2024.08.08,600043.SH,0.059521520041603174
2024.08.08,600006.SH,0.04823975982699617
2024.08.08,600049.SH,0.023877893403806954
2024.08.08,000029.SZ,0.029163622040700717
2024.08.08,600045.SH,0.18345112063820154
2024.08.08,000014.SZ,0.016236994816122664
2024.08.08,000007.SZ,0.10928952958017958
2024.08.08,600018.SH,0.06616812890450682
2024.08.08,600024.SH,0.2241230193965177
2024.08.08,000049.SZ,0.07351408589637803
2024.08.08,000037.SZ,0.06472098093608193
2024.08.08,600019.SH,0.16052084656773938
2024.08.08,600035.SH,0.02781553797310503
2024.08.08,600027.SH,0.0938482450044269
2024.08.08,600011.SH,0.09967477878642152
2024.08.08,000038.SZ,0.008671350003245083
2024.08.08,000015.SZ,0.676174010044123
2024.08.08,600014.SH,0.15971276820520428
2024.08.08,000042.SZ,0.08560174289811105
2024.08.08,600029.SH,0.01416348532449986
2024.08.08,000005.SZ,0.14818316537145576
2024.08.08,000018.SZ,0.2399105298084969
2024.08.08,000003.SZ,0.0892796968282589
2024.08.08,600031.SH,0.05521549228114432
2024.08.08,000009.SZ,0.07892305157141152
2024.08.08,000030.SZ,0.04991743135137979
2024.08.08,000006.SZ,0.09807837848871222
2024.08.08,000046.SZ,0.11303771997812151
2024.08.08,000031.SZ,0.02612426249593962
2024.08.08,600012.SH,0.056655297593959514
2024.08.08,000025.SZ,0.020412764822381066
2024.08.08,600040.SH,0.041199900852253
2024.08.08,000041.SZ,0.21796648645311462
2024.08.08,600048.SH,0.030938256385274494
2024.08.08,600041.SH,0.059332783409583395
2024.08.08,000039.SZ,0.1325797446296806
2024.08.08,600036.SH,0.035079028457753514
2024.08.08,600004.SH,0.07927277790692928
2024.08.08,000034.SZ,0.04174907439897613
2024.08.08,000004.SZ,0.33870422215605317
2024.08.08,600013.SH,0.01804026725550477
2024.08.08,600008.SH,0.11734727263229153
2024.08.08,000022.SZ,0.1575228625203265
2024.08.08,000036.SZ,0.25495411404633
2024.08.08,600023.SH,0.03399132152679257
2024.08.08,600026.SH,0.25506664313669436
2024.08.08,000050.SZ,0.11411453639358492
2024.08.08,000026.SZ,0.002564032927041482
2024.08.08,600016.SH,0.1984196092869505
2024.08.08,600033.SH,0.1981807400821347
2024.08.08,600003.SH,0.05877700357850414
2024.08.08,600037.SH,0.010934064692429874
2024.08.08,000044.SZ,0.007251653570406698
2024.08.08,000043.SZ,0.08931578123039638
2024.08.08,000045.SZ,0.08917792069799256
2024.08.08,000008.SZ,0.09501223640475687
2024.08.08,600025.SH,0.01806230510098984
2024.08.08,000024.SZ,0.059402877523252115
2024.08.08,000017.SZ,0.13283639724836793
2024.08.08,000020.SZ,0.010164044387032691
2024.08.08,000040.SZ,0.07229558077718959
2024.08.08,600032.SH,0.01960974187474338
2024.08.08,000021.SZ,0.10562224760381655
2024.08.08,600042.SH,0.1074311760330515
2024.08.08,000001.SZ,0.578478777342279
2024.08.08,600044.SH,0.0640038711750319
2024.08.08,600010.SH,0.07654198091282559
2024.08.08,600017.SH,0.0638269263359993
2024.08.08,000013.SZ,0.018809290469718448
2024.08.08,600007.SH,0.01983428855096828
2024.08.08,600034.SH,0.07424033332460461
2024.08.08,600009.SH,0.03017905540494
2024.08.08,000016.SZ,0.0993033286522577
2024.08.08,000027.SZ,0.1322576407568006
2024.08.08,600015.SH,0.07953440484991482
2024.08.09,600043.SH,0.0054951784174407685
2024.08.09,000045.SZ,0.47625515934430873
2024.08.09,000008.SZ,0.04866659278491403
2024.08.09,000028.SZ,0.19767579887143985
2024.08.09,000026.SZ,0.07394457586328373
2024.08.09,000031.SZ,0.05076162450689223
2024.08.09,000021.SZ,0.1415370098732973
2024.08.09,600031.SH,0.09766099778853789
2024.08.09,600046.SH,0.05690242934143267
2024.08.09,600023.SH,0.09936323315670488
2024.08.09,000029.SZ,0.06362762239682175
2024.08.09,600048.SH,0.2297733903069573
2024.08.09,600006.SH,0.10546004782073926
2024.08.09,600038.SH,0.0732448323355658
2024.08.09,000012.SZ,0.05144156834693748
2024.08.09,600049.SH,0.069782781036164
2024.08.09,000023.SZ,0.12629087075421402
2024.08.09,600028.SH,0.21074649285113525
2024.08.09,600037.SH,0.0950139171273641
2024.08.09,600018.SH,0.030636509527246676
2024.08.09,000025.SZ,0.09596196342162547
2024.08.09,600030.SH,0.12036378134900091
2024.08.09,000044.SZ,0.18743286066954568
2024.08.09,000014.SZ,0.35315374796042226
2024.08.09,600027.SH,0.04860029944644604
2024.08.09,600017.SH,0.022023973396013398
2024.08.09,000040.SZ,0.055597299588592636
2024.08.09,000024.SZ,0.014619440768012444
2024.08.09,000035.SZ,0.31001695389660316
2024.08.09,600035.SH,0.04737301075854514
2024.08.09,600040.SH,0.36930432245422756
2024.08.09,000034.SZ,0.17374383538267776
2024.08.09,600008.SH,0.07072259358160282
2024.08.09,600015.SH,0.3435547406292757
2024.08.09,600004.SH,0.030330989129813087
2024.08.09,600039.SH,0.060248809202375825
2024.08.09,600024.SH,0.03370345113003268
2024.08.09,600042.SH,0.22455838922557186
2024.08.09,600026.SH,0.20433085580023203
2024.08.09,000020.SZ,0.09440420523080544
2024.08.09,000043.SZ,0.07154085518728102
2024.08.09,000019.SZ,0.1765825622892912
2024.08.09,600002.SH,0.006407360627907899
2024.08.09,000036.SZ,0.16499871159421725
2024.08.09,600013.SH,0.049843093103161984
2024.08.09,000010.SZ,0.018516790528037907
2024.08.09,000033.SZ,0.12071732297154676
2024.08.09,600019.SH,0.1318283816702172
2024.08.09,000013.SZ,0.06074106703681333
2024.08.09,000004.SZ,0.0717895504205682
2024.08.09,600033.SH,0.07185141016954695
2024.08.09,000002.SZ,0.19791527278907295
2024.08.09,600005.SH,0.4621506048637179
2024.08.09,000027.SZ,0.41320384792072745
2024.08.09,600045.SH,0.0404335248151553
2024.08.09,000016.SZ,0.01660416937681301
2024.08.09,600009.SH,0.012087187189700392
2024.08.09,600021.SH,0.12256221392057576
2024.08.09,600025.SH,0.026514593867475983
2024.08.09,000049.SZ,0.2265115288941324
2024.08.09,600007.SH,0.12193022559707098
2024.08.09,600022.SH,0.06357568771431604
2024.08.09,000039.SZ,0.02992193075808894
2024.08.09,600044.SH,0.08067616074232997
2024.08.09,000022.SZ,0.039191813686553
2024.08.09,000007.SZ,0.045753555442056996
2024.08.09,000018.SZ,0.1723674383354033
2024.08.09,000048.SZ,0.010412568799247018
2024.08.09,000032.SZ,0.041162335751205203
2024.08.09,000050.SZ,0.09330900124277228
2024.08.09,000041.SZ,0.2763912628255898
2024.08.09,000046.SZ,0.2342029432066018
2024.08.09,000001.SZ,0.1067507918282404
2024.08.09,600032.SH,0.030260426565125412
2024.08.09,600012.SH,0.04407334988535126
2024.08.09,000017.SZ,0.06313353965522162
2024.08.09,000037.SZ,0.10448065453568921
2024.08.09,000005.SZ,0.1303177804745028
2024.08.09,000047.SZ,0.07512105838870893
2024.08.09,000038.SZ,0.37521138370303003
2024.08.09,000006.SZ,0.03107432192782266
2024.08.09,600016.SH,0.0935625490852265
2024.08.09,600011.SH,0.15112639764083574
2024.08.09,600029.SH,0.015151332663770233
2024.08.09,000003.SZ,0.1937209243022251
2024.08.09,600041.SH,0.15728588400546475
2024.08.09,600047.SH,0.12235048895962931
2024.08.09,600020.SH,0.16750306998255682
2024.08.09,000011.SZ,0.1286433645073907
2024.08.09,000030.SZ,0.12263585043673193
2024.08.09,600014.SH,0.03741581235942053
2024.08.09,000042.SZ,0.008496306008692505
2024.08.09,600034.SH,0.07521058676093936
2024.08.09,600036.SH,0.06969743743332071
2024.08.09,600003.SH,0.04678803129825964
2024.08.09,600000.SH,0.1598135568847401
2024.08.12,000019.SZ,0.09578629327549829
2024.08.12,000038.SZ,0.04942163153132315
2024.08.12,000021.SZ,0.03988541592615135
2024.08.12,000046.SZ,0.5057908888858569
2024.08.12,600038.SH,0.05489038145669152
2024.08.12,600047.SH,0.048502058810854516
2024.08.12,000039.SZ,0.121862923283424
2024.08.12,600046.SH,0.02110280836958933
2024.08.12,000032.SZ,0.09522574861789108
2024.08.12,600035.SH,0.15595342371409837
2024.08.12,600040.SH,0.016367389437310146
2024.08.12,600004.SH,0.00018008902292967232
2024.08.12,600028.SH,0.10880453854530134
2024.08.12,000004.SZ,0.03197615842829166
2024.08.12,600002.SH,0.008278456146401913
2024.08.12,600030.SH,0.034668609209914096
2024.08.12,000031.SZ,0.07508045517127793
2024.08.12,000005.SZ,0.07569270915648875
2024.08.12,000026.SZ,0.020497566481843647
2024.08.12,600013.SH,0.03506956567107903
2024.08.12,600015.SH,0.05818373922062464
2024.08.12,000014.SZ,0.06937204717607354
2024.08.12,000027.SZ,0.07185505764833659
2024.08.12,600023.SH,0.0662839270753024
2024.08.12,600001.SH,0.011882806413564
2024.08.12,600021.SH,0.218300145101273
2024.08.12,000023.SZ,0.01865889603120072
2024.08.12,000049.SZ,0.5182403662173667
2024.08.12,600036.SH,0.1390317724287645
2024.08.12,000009.SZ,0.002976432755366868
2024.08.12,000047.SZ,0.17745028309896832
2024.08.12,600049.SH,0.31710240223128117
2024.08.12,000010.SZ,0.12415844538444608
2024.08.12,600037.SH,0.029269933433291543
2024.08.12,000011.SZ,0.13463709724413647
2024.08.12,600014.SH,0.11137158005662759
2024.08.12,600048.SH,0.1603285671693386
2024.08.12,600042.SH,0.16683033364912042
2024.08.12,000044.SZ,0.08591023660817407
2024.08.12,000029.SZ,0.23510362590915249
2024.08.12,000003.SZ,0.03607410148800689
2024.08.12,600045.SH,0.23853496919842304
2024.08.12,000015.SZ,0.05135474196263251
2024.08.12,000006.SZ,0.3772973385682521
2024.08.12,600024.SH,0.11867993458627668
2024.08.12,000036.SZ,0.22563864310690787
2024.08.12,000034.SZ,0.07145472502649527
2024.08.12,600009.SH,0.03402722880525666
2024.08.12,000041.SZ,0.029587726976080676
2024.08.12,600025.SH,0.14600233716388236
2024.08.12,600029.SH,0.06293401967895988
2024.08.12,000013.SZ,0.18840826746950587
2024.08.12,600020.SH,0.07714918839835228
2024.08.12,600033.SH,0.1887372011814186
2024.08.12,600017.SH,0.05867073027617994
2024.08.12,000050.SZ,0.0701215653944044
2024.08.12,000024.SZ,0.48488024864388796
2024.08.12,600019.SH,0.018786575287051823
2024.08.12,600006.SH,0.003238167454509028
2024.08.12,600039.SH,0.11643183221855144
2024.08.12,600000.SH,0.07401963396716135
2024.08.12,600018.SH,0.21952629926176428
2024.08.12,600005.SH,0.4263286936803081
2024.08.12,000045.SZ,0.1907723172251927
2024.08.12,600011.SH,0.0757452449019864
2024.08.12,600026.SH,0.09315100010378108
2024.08.12,000030.SZ,0.2988335204176217
2024.08.12,000008.SZ,0.011267059815793514
2024.08.12,600008.SH,0.08585555286686433
2024.08.12,000016.SZ,0.008380347657147085
2024.08.12,600003.SH,0.15718181794365063
2024.08.12,600032.SH,0.08155905817967637
2024.08.12,000025.SZ,0.1462311175173456
2024.08.12,600044.SH,0.04302345658541786
2024.08.12,600034.SH,0.11494316678518889
2024.08.12,000035.SZ,0.20584779280383672
2024.08.12,000007.SZ,0.20943458981004362
2024.08.12,000012.SZ,0.0060358879824245456
2024.08.12,600007.SH,0.11371330995959027
2024.08.12,000043.SZ,0.002654966406689279
2024.08.12,600027.SH,0.07251014891433617
2024.08.12,600041.SH,0.00017563737299792402
2024.08.12,000033.SZ,0.19492738577805235
2024.08.12,600016.SH,0.07141305030908009
2024.08.12,600022.SH,0.27451767086937057
2024.08.12,000017.SZ,0.015971509361502257
2024.08.12,000037.SZ,0.0011069776958848242
2024.08.12,000048.SZ,0.4817287293343954
2024.08.12,000028.SZ,0.22129213825573282
2024.08.12,000001.SZ,0.04111502518466228
2024.08.12,000020.SZ,0.17192973249481772
2024.08.12,000042.SZ,0.008754868978810405
2024.08.12,000022.SZ,0.028345480378523975
2024.08.12,600031.SH,0.08191833664168333
2024.08.12,000002.SZ,0.1023412572888655
2024.08.12,600043.SH,0.04642353613446644
2024.08.13,600036.SH,0.11722498899206449
2024.08.13,600025.SH,0.02770840454396905
2024.08.13,600031.SH,0.05240578631116696
2024.08.13,000027.SZ,0.07769526355851755
2024.08.13,600002.SH,0.02086846820802611
2024.08.13,600034.SH,0.0698221239189592
2024.08.13,000015.SZ,0.03238601895227564
2024.08.13,000001.SZ,0.02914105958791731
2024.08.13,000036.SZ,0.2073691119267857
2024.08.13,000025.SZ,0.03419917658192862
2024.08.13,000048.SZ,0.006432331913914631
2024.08.13,600042.SH,0.11322353722363883
2024.08.13,000005.SZ,0.0875661837898207
2024.08.13,600000.SH,0.019797661838750164
2024.08.13,000020.SZ,0.027189752010390367
2024.08.13,600008.SH,0.04166470497341626
2024.08.13,600004.SH,0.006597844254608916
2024.08.13,600016.SH,0.010055732894255341
2024.08.13,000011.SZ,0.1305960302459544
2024.08.13,000014.SZ,0.20058358697960174
2024.08.13,000049.SZ,0.008739415380654746
2024.08.13,600017.SH,0.1105129052081939
2024.08.13,600026.SH,0.14548725060978163
2024.08.13,600040.SH,0.08759884025458296
2024.08.13,600021.SH,0.16295303809355474
2024.08.13,000010.SZ,0.10900040010673774
2024.08.13,600041.SH,0.09796110250325228
2024.08.13,600006.SH,0.09749291159587745
2024.08.13,600029.SH,0.013571766156774173
2024.08.13,600046.SH,0.23975544157576895
2024.08.13,600032.SH,0.09013884343878559
2024.08.13,600023.SH,0.06659026182178193
2024.08.13,000044.SZ,0.018220827201265378
2024.08.13,000023.SZ,0.023712821511961697
2024.08.13,000019.SZ,0.23737887466801183
2024.08.13,600019.SH,0.2196436435609397
2024.08.13,600033.SH,0.09016683809770584
2024.08.13,600011.SH,0.25572860913106354
2024.08.13,600014.SH,0.08846838531767895
2024.08.13,000039.SZ,0.2575303801398432
2024.08.13,000024.SZ,0.16349501975463474
2024.08.13,600049.SH,0.05048869695405409
2024.08.13,000045.SZ,0.3703143758349493
2024.08.13,600012.SH,0.13596650422356618
2024.08.13,600024.SH,0.14574776802423775
2024.08.13,600018.SH,0.11362675656356255
2024.08.13,600035.SH,0.18534557877251115
2024.08.13,600047.SH,0.05786418861869924
2024.08.13,000046.SZ,0.024449206475266102
2024.08.13,600015.SH,0.09225043704635846
2024.08.13,000013.SZ,0.4252039648344876
2024.08.13,000008.SZ,0.0641374869299718
2024.08.13,000021.SZ,0.11343310398842238
2024.08.13,000016.SZ,0.14734406017690338
2024.08.13,000029.SZ,0.1546044592614741
2024.08.13,600038.SH,0.1517440945703865
2024.08.13,000002.SZ,0.06855309104092105
2024.08.13,000038.SZ,0.004970651741245025
2024.08.13,000031.SZ,0.06611665020897523
2024.08.13,600009.SH,0.025634355505412532
2024.08.13,000022.SZ,0.029493060040852562
2024.08.13,000043.SZ,0.15921266525617547
2024.08.13,000035.SZ,0.05909133645000467
2024.08.13,000030.SZ,0.2326951298267046
2024.08.13,600020.SH,0.1432972164352119
2024.08.13,000033.SZ,0.27031928994883764
2024.08.13,600010.SH,0.18178052567378591
2024.08.13,600022.SH,0.08601632726587087
2024.08.13,000012.SZ,0.06381479616394027
2024.08.13,000050.SZ,0.05422759248391531
2024.08.13,600028.SH,0.05314200287390835
2024.08.13,000047.SZ,0.15021663809721975
2024.08.13,600007.SH,0.17424435385925696
2024.08.13,000042.SZ,0.2597873455889036
2024.08.13,000007.SZ,0.03600107719696471
2024.08.13,000028.SZ,0.002981417587288591
2024.08.13,600048.SH,0.3685556300862139
2024.08.13,600037.SH,0.09185145404800363
2024.08.13,000040.SZ,0.17918591008721294
2024.08.13,000018.SZ,0.09133198218951437
2024.08.13,000026.SZ,0.08527649861941068
2024.08.13,000017.SZ,0.11959504656043728
2024.08.13,600045.SH,0.41610389661486863
2024.08.13,000037.SZ,0.23920615406001788
2024.08.13,600003.SH,0.10439123564121934
2024.08.13,600001.SH,0.17159003898845981
2024.08.13,000003.SZ,0.4235819407219977
2024.08.13,600013.SH,0.02647672884047477
2024.08.13,000004.SZ,0.10419372307718823
2024.08.13,000034.SZ,0.12938222466293878
2024.08.13,000032.SZ,0.018529668110307602
2024.08.13,600027.SH,0.17756695867841207
2024.08.13,600044.SH,0.0012903821103309968
2024.08.13,000041.SZ,0.10586379782369529
2024.08.13,600005.SH,0.015306894764086155
2024.08.13,000009.SZ,0.006842999907139298
2024.08.13,000006.SZ,0.020680872074481955
2024.08.14,600042.SH,0.08779125003780758
2024.08.14,000013.SZ,0.08463394294365813
2024.08.14,600028.SH,0.010972837799488707
2024.08.14,000038.SZ,0.2219323622596702
2024.08.14,000032.SZ,0.12085839736329906
2024.08.14,600044.SH,0.001878162205805404
2024.08.14,600047.SH,0.05128117051301913
2024.08.14,600031.SH,0.056792475431658246
2024.08.14,000004.SZ,0.07623140766513117
2024.08.14,000033.SZ,0.09490103007610867
2024.08.14,000007.SZ,0.05225734779773448
2024.08.14,000041.SZ,0.07908630355922462
2024.08.14,600019.SH,0.06552299224137476
2024.08.14,600030.SH,0.10525776315946218
2024.08.14,000019.SZ,0.027733777816459453
2024.08.14,000023.SZ,0.16828918391924658
2024.08.14,600013.SH,0.061972965089591554
2024.08.14,000037.SZ,0.1296968386936977
2024.08.14,600048.SH,0.13427181368150848
2024.08.14,000035.SZ,0.11025689844710632
2024.08.14,600049.SH,0.2715089299794853
2024.08.14,600023.SH,0.022037808319523663
2024.08.14,600021.SH,0.17967265772443958
2024.08.14,600022.SH,0.16438891941539602
2024.08.14,000028.SZ,0.23291354549144627
2024.08.14,600000.SH,0.10510604050052642
2024.08.14,000006.SZ,0.04915695598850651
2024.08.14,000048.SZ,0.0001958110315525762
2024.08.14,600029.SH,0.016365052796826693
2024.08.14,000026.SZ,0.0706324946638417
2024.08.14,600002.SH,0.03606749133724951
2024.08.14,600027.SH,0.01993257392239419
2024.08.14,000002.SZ,0.010344790462988068
2024.08.14,600011.SH,0.0433220593291944
2024.08.14,600008.SH,0.4138561047366547
2024.08.14,000025.SZ,0.02320051048141236
2024.08.14,000011.SZ,0.299678899215451
2024.08.14,600026.SH,0.026800966627759285
2024.08.14,000020.SZ,0.10505177547988866
2024.08.14,000036.SZ,0.30221862320549614
2024.08.14,000021.SZ,0.16424838562720995
2024.08.14,000001.SZ,0.039938204379842586
2024.08.14,600003.SH,0.22551062866370683
2024.08.14,600004.SH,0.059644917262577736
2024.08.14,000031.SZ,0.08874794413594997
2024.08.14,600005.SH,0.02027650890462467
2024.08.14,600010.SH,0.008627190053337447
2024.08.14,000044.SZ,0.14066084223478637
2024.08.14,600045.SH,0.3176653229547722
2024.08.14,000014.SZ,0.04089279649690626
2024.08.14,600009.SH,0.0142265539189201
2024.08.14,600037.SH,0.3242226588193514
2024.08.14,000005.SZ,0.33807183894393783
2024.08.14,000039.SZ,0.09779726715339677
2024.08.14,600033.SH,0.07959471665571266
2024.08.14,600006.SH,0.03892368723493599
2024.08.14,600032.SH,0.04451292238981497
2024.08.14,000003.SZ,0.00531806479536532
2024.08.14,000029.SZ,0.07184814879310629
2024.08.14,600014.SH,0.10799528670387672
2024.08.14,600034.SH,0.27435768818963013
2024.08.14,000016.SZ,0.014961196359855933
2024.08.14,600007.SH,0.027428044430870747
2024.08.14,600041.SH,0.248500014838507
2024.08.14,600012.SH,0.2167145869438414
2024.08.14,600018.SH,0.20270317558833206
2024.08.14,600035.SH,0.0671632927129149
2024.08.14,000040.SZ,0.055499913981513084
2024.08.14,000022.SZ,0.07614163917078937
2024.08.14,000050.SZ,0.292655512939551
2024.08.14,000015.SZ,0.0028304223483271904
2024.08.14,600046.SH,0.23755224509383605
2024.08.14,600038.SH,0.12188687425476827
2024.08.14,000047.SZ,0.08414976168620704
2024.08.14,000030.SZ,0.0002923875515390931
2024.08.14,600001.SH,0.18420420394225223
2024.08.14,000046.SZ,0.012252031328751507
2024.08.14,000009.SZ,0.0015342254734373687
2024.08.14,600015.SH,0.14627191176615123
2024.08.14,600043.SH,0.06334147738769828
2024.08.14,000010.SZ,0.05545331375340301
2024.08.14,000049.SZ,0.10422475199621256
2024.08.14,000043.SZ,0.08782734754559977
2024.08.14,600024.SH,0.012647862918594922
2024.08.14,600016.SH,0.1200416726203985
2024.08.14,000027.SZ,0.09975725505656025
2024.08.14,600020.SH,0.23797707408042398
2024.08.14,000034.SZ,0.06288067518045277
2024.08.14,000024.SZ,0.09942874909634228
2024.08.14,600017.SH,0.08821568439786456
2024.08.14,000018.SZ,0.028191084082260755
2024.08.14,000042.SZ,0.04079942669783326
2024.08.14,000012.SZ,0.016230876653127526
2024.08.14,600040.SH,0.05183489026555594
2024.08.14,600036.SH,0.10972909016132963
2024.08.14,600025.SH,0.10310839589360601
2024.08.14,000017.SZ,0.08076513546803833
2024.08.14,000008.SZ,0.22177030957334962
2024.08.15,600003.SH,0.2046473237149904
2024.08.15,600032.SH,0.040532975399630015
2024.08.15,000029.SZ,0.49192678191506384
2024.08.15,600005.SH,0.10795597418239658
2024.08.15,600033.SH,0.09702813313753754
2024.08.15,000044.SZ,0.0061052192819210874
2024.08.15,000036.SZ,0.19467764158830625
2024.08.15,000034.SZ,0.14074507928185664
2024.08.15,600043.SH,0.09909602156410655
2024.08.15,000007.SZ,0.010805282699706445
2024.08.15,000028.SZ,0.01718794193964379
2024.08.15,000003.SZ,0.08435166788031614
2024.08.15,600048.SH,0.08895498899057686
2024.08.15,600004.SH,0.11832162649584137
2024.08.15,600029.SH,0.19129971938636367
2024.08.15,600049.SH,0.053837700052024054
2024.08.15,000016.SZ,0.023467659315527127
2024.08.15,600037.SH,0.046934345053101595
2024.08.15,000022.SZ,0.008003249022070323
2024.08.15,000048.SZ,0.19724522217167495
2024.08.15,600045.SH,0.06634432112699169
2024.08.15,600036.SH,0.08987946207897476
2024.08.15,600012.SH,0.10841435133938386
2024.08.15,000025.SZ,0.11023773168725684
2024.08.15,000041.SZ,0.07253522175206041
2024.08.15,600011.SH,0.002833885455309811
2024.08.15,000039.SZ,0.26812935983651126
2024.08.15,000043.SZ,0.1031858192226715
2024.08.15,000031.SZ,0.021745855666851405
2024.08.15,000013.SZ,0.10315851181800986
2024.08.15,600030.SH,0.030006490179818567
2024.08.15,000006.SZ,0.0018061193241601166
2024.08.15,000011.SZ,0.14180533723496744
2024.08.15,600039.SH,0.0027691838395203306
2024.08.15,000023.SZ,0.10857365821618634
2024.08.15,000012.SZ,0.09247488296114409
2024.08.15,600019.SH,0.2528689001364433
2024.08.15,000030.SZ,0.1635801947473615
2024.08.15,000040.SZ,0.13159121044127298
2024.08.15,000046.SZ,0.08669547565945038
2024.08.15,600041.SH,0.09347624623567366
2024.08.15,600031.SH,0.03449973152301605
2024.08.15,600040.SH,0.2892958196535792
2024.08.15,000017.SZ,0.11649003030158404
2024.08.15,600020.SH,0.07814448189156424
2024.08.15,600024.SH,0.06047535653531622
2024.08.15,600046.SH,0.12701289030937407
2024.08.15,000015.SZ,0.029864633438797528
2024.08.15,600023.SH,0.2057311873119406
2024.08.15,000019.SZ,0.03360882996118083
2024.08.15,000009.SZ,0.05010931355314803
2024.08.15,600016.SH,0.07243747563035693
2024.08.15,000026.SZ,0.10272380971703957
2024.08.15,000024.SZ,0.10174513840257797
2024.08.15,600009.SH,0.11466264340860849
2024.08.15,000038.SZ,0.11284488439398153
2024.08.15,600017.SH,0.34657887080348304
2024.08.15,000010.SZ,0.013103476010511159
2024.08.15,600007.SH,0.07085670181900858
2024.08.15,600008.SH,0.3302307807057535
2024.08.15,600022.SH,0.017943298650828967
2024.08.15,600010.SH,0.3703589841814432
2024.08.15,600015.SH,0.00019792938369879115
2024.08.15,600006.SH,0.027852254801199097
2024.08.15,600028.SH,0.3198500132184603
2024.08.15,600013.SH,0.029135854651331086
2024.08.15,600021.SH,0.00832709503195489
2024.08.15,600035.SH,0.10442179959237578
2024.08.15,000047.SZ,0.04985330462581851
2024.08.15,000050.SZ,0.10046848633780969
2024.08.15,000001.SZ,0.10310517419797467
2024.08.15,000005.SZ,0.21024906484118844
2024.08.15,600027.SH,0.059905533836351214
2024.08.15,000045.SZ,0.20467774567031377
2024.08.15,600042.SH,0.18933431844603985
2024.08.15,000018.SZ,0.040900167030396346
2024.08.15,600018.SH,0.1059340609426475
2024.08.15,000021.SZ,0.04693466020008017
2024.08.15,000020.SZ,0.06601342114450062
2024.08.15,600038.SH,0.4127331888147742
2024.08.15,000027.SZ,0.08017420708552318
2024.08.15,600044.SH,0.25544238601555447
2024.08.15,600014.SH,0.07664433780496674
2024.08.15,000002.SZ,0.20839960769518928
2024.08.15,000042.SZ,0.7587989448637744
2024.08.15,600047.SH,0.017046018802636297
2024.08.15,600000.SH,0.031584485778707656
2024.08.15,000035.SZ,0.2192698398071961
2024.08.15,000008.SZ,0.27297474889011936
2024.08.15,000032.SZ,0.3049778531175591
2024.08.15,600001.SH,0.08182247361769221
2024.08.15,000014.SZ,0.06759643504515289
2024.08.15,600026.SH,0.037085913800720585
2024.08.15,600034.SH,0.03393513900991365
2024.08.15,600025.SH,0.16326213770838863
2024.08.15,000004.SZ,0.031751596221187374
2024.08.15,000037.SZ,0.09930352347792987
2024.08.16,000023.SZ,0.07117221706187768
2024.08.16,000006.SZ,0.20606061047467283
2024.08.16,000018.SZ,0.1191292331011043
2024.08.16,600026.SH,0.13830389260249956
2024.08.16,600044.SH,0.1304734416734533
2024.08.16,600020.SH,0.2148554913955588
2024.08.16,000009.SZ,0.2334448248559563
2024.08.16,000024.SZ,0.030289143390167812
2024.08.16,600015.SH,0.11944564020131114
2024.08.16,600047.SH,0.04247126976870352
2024.08.16,000033.SZ,0.023417066013574853
2024.08.16,600034.SH,0.06355692683143616
2024.08.16,000050.SZ,0.12523353574472829
2024.08.16,000019.SZ,0.13890361327731496
2024.08.16,600039.SH,0.11638096345962538
2024.08.16,000027.SZ,0.004524170589899572
2024.08.16,000036.SZ,0.02206685796690282
2024.08.16,600024.SH,0.05565524261912807
2024.08.16,000046.SZ,0.054669682702302276
2024.08.16,600038.SH,0.2674856060209775
2024.08.16,600016.SH,0.04329392189165938
2024.08.16,000032.SZ,0.013702981971682857
2024.08.16,600045.SH,0.04353900753875167
2024.08.16,000013.SZ,0.3601664284136351
2024.08.16,000031.SZ,0.11786149498374991
2024.08.16,000014.SZ,0.05378950781365635
2024.08.16,000037.SZ,0.09649762116863003
2024.08.16,600035.SH,0.08697084031087797
2024.08.16,600019.SH,0.037125197443369874
2024.08.16,600008.SH,0.04246958633566116
2024.08.16,600006.SH,0.26805994477270334
2024.08.16,600048.SH,0.09571108101103556
2024.08.16,000012.SZ,0.0196311591711644
2024.08.16,600049.SH,0.008609484319839779
2024.08.16,600005.SH,0.008225303977474724
2024.08.16,000049.SZ,0.18374888636070774
2024.08.16,600046.SH,0.04085541138571718
2024.08.16,000002.SZ,0.32561781008259466
2024.08.16,000001.SZ,0.02534776227418623
2024.08.16,000007.SZ,0.0998398060488517
2024.08.16,600025.SH,0.15305201084862252
2024.08.16,000030.SZ,0.03573137490459491
2024.08.16,600037.SH,0.002357186859814345
2024.08.16,600013.SH,0.06075882397568023
2024.08.16,000005.SZ,0.2232340578131171
2024.08.16,000047.SZ,0.056437851308959765
2024.08.16,600043.SH,0.129016042595949
2024.08.16,000004.SZ,0.11451299438518193
2024.08.16,600002.SH,0.0026049949783556207
2024.08.16,600040.SH,0.05078789153005373
2024.08.16,600000.SH,0.06628196419723151
2024.08.16,000040.SZ,0.4438581700068346
2024.08.16,000020.SZ,0.4230411291777694
2024.08.16,600023.SH,0.18266280413829902
2024.08.16,600036.SH,0.43467906698599634
2024.08.16,600010.SH,0.35242147996304346
2024.08.16,000048.SZ,0.27970549395959554
2024.08.16,000003.SZ,0.09404575560526497
2024.08.16,600017.SH,0.3297582261263246
2024.08.16,600011.SH,0.03256117209996192
2024.08.16,000010.SZ,0.09719024856714702
2024.08.16,000017.SZ,0.02894100789147108
2024.08.16,600031.SH,0.21166857990085938
2024.08.16,000008.SZ,0.15664182846353045
2024.08.16,600042.SH,0.014915057601506604
2024.08.16,000025.SZ,0.2779703349090947
2024.08.16,000038.SZ,0.006743567474764031
2024.08.16,600007.SH,0.06457186199007664
2024.08.16,600041.SH,0.08888643041682888
2024.08.16,000035.SZ,0.000926300085460331
2024.08.16,000015.SZ,0.05207610420544286
2024.08.16,600001.SH,0.03265969066874547
2024.08.16,600032.SH,0.09320771845385248
2024.08.16,000043.SZ,0.04679988176649967
2024.08.16,000039.SZ,0.06731814917275236
2024.08.16,000045.SZ,0.08850666216508511
2024.08.16,600004.SH,0.11128201684604194
2024.08.16,600033.SH,0.041924254867775214
2024.08.16,600022.SH,0.013474627660741858
2024.08.16,600030.SH,0.18822619650140537
2024.08.16,600018.SH,0.017699436899305945
2024.08.16,000028.SZ,0.23808435686787316
2024.08.16,000044.SZ,0.27329956116222615
2024.08.16,000042.SZ,0.10855682804443265
2024.08.16,600029.SH,0.013062766137740517
2024.08.16,000041.SZ,0.012459605722072291
2024.08.16,000026.SZ,0.1407325261996646
2024.08.16,000011.SZ,0.15394320739000295
2024.08.16,000021.SZ,0.5412752617535342
2024.08.16,000016.SZ,0.10765881186499172
2024.08.16,000022.SZ,0.24978431236470577
2024.08.16,600003.SH,0.018537928294619383
2024.08.16,600021.SH,0.07022261888055452
2024.08.16,600014.SH,0.0336714104452087
2024.08.16,600012.SH,0.03220986813533174
2024.08.16,600028.SH,0.061170811699299214
2024.08.19,000013.SZ,0.1849227513997709
2024.08.19,000049.SZ,0.2686234600199018
2024.08.19,600038.SH,0.40733884899293576
2024.08.19,600025.SH,0.0745274344192017
2024.08.19,000033.SZ,0.2789074822551136
2024.08.19,000009.SZ,0.08186098529574466
2024.08.19,000028.SZ,0.016379308067226303
2024.08.19,600005.SH,0.3990660769160658
2024.08.19,600031.SH,0.3391186687652524
2024.08.19,600010.SH,0.1284906543266754
2024.08.19,600049.SH,0.05280645481035772
2024.08.19,600042.SH,0.12794519354183878
2024.08.19,000029.SZ,0.02316149195677106
2024.08.19,000017.SZ,0.04223017044577828
2024.08.19,600021.SH,0.08859152144171789
2024.08.19,600032.SH,0.05704871527634898
2024.08.19,000004.SZ,0.036064404524928956
2024.08.19,600022.SH,0.09335845475930354
2024.08.19,600007.SH,0.1148277089220095
2024.08.19,600028.SH,0.1529913090370419
2024.08.19,000011.SZ,0.16539655634587377
2024.08.19,000024.SZ,0.039267004688029794
2024.08.19,000039.SZ,0.25345241432579513
2024.08.19,000018.SZ,0.2602963234883015
2024.08.19,600015.SH,0.011525069617118579
2024.08.19,600030.SH,0.03443488901857192
2024.08.19,000036.SZ,0.13650743821264977
2024.08.19,600008.SH,0.12232295591114688
2024.08.19,000007.SZ,0.06256610325145887
2024.08.19,000014.SZ,0.09132469237356232
2024.08.19,000037.SZ,0.020190626946353006
2024.08.19,600029.SH,0.13804110771937567
2024.08.19,000041.SZ,0.017452190137589512
2024.08.19,000008.SZ,0.025713729729156507
2024.08.19,000047.SZ,0.3783254470034745
2024.08.19,000012.SZ,0.16113508804293095
2024.08.19,600043.SH,0.05354520848173373
2024.08.19,000022.SZ,0.013974034862761846
2024.08.19,000005.SZ,0.10760465618986406
2024.08.19,600000.SH,0.030385276614807662
2024.08.19,000044.SZ,0.03651252231538399
2024.08.19,600033.SH,0.019596950502523535
2024.08.19,000027.SZ,0.10223084609549529
2024.08.19,000023.SZ,0.022998566371083586
2024.08.19,600006.SH,0.043876967011163955
2024.08.19,000016.SZ,0.04440150098180318
2024.08.19,000002.SZ,0.38680899180218864
2024.08.19,000045.SZ,0.06150441585490765
2024.08.19,000021.SZ,0.01988835756717391
2024.08.19,600020.SH,0.022283751523885655
2024.08.19,000046.SZ,0.26435397443961983
2024.08.19,000015.SZ,0.3398980078401084
2024.08.19,000050.SZ,0.19478208983650452
2024.08.19,600046.SH,0.03168700767412676
2024.08.19,000034.SZ,0.1206714511716042
2024.08.19,000030.SZ,0.11673669415588425
2024.08.19,600014.SH,0.1740474187382353
2024.08.19,600004.SH,0.23404750278774997
2024.08.19,000003.SZ,0.08578906676078449
2024.08.19,600047.SH,0.011227519786337781
2024.08.19,600045.SH,0.15901485109544966
2024.08.19,600036.SH,0.028601582074629574
2024.08.19,600037.SH,0.20719216769252868
2024.08.19,600011.SH,0.06958917883333116
2024.08.19,600018.SH,0.015723006010650423
2024.08.19,000026.SZ,0.05650395081839052
2024.08.19,600026.SH,0.08890459235366517
2024.08.19,600001.SH,0.23369821100478155
2024.08.19,000001.SZ,0.07450016192078321
2024.08.19,600024.SH,0.09757816251280284
2024.08.19,600019.SH,0.4183160713120563
2024.08.19,000010.SZ,0.3595411415480183
2024.08.19,000040.SZ,0.0057600117070116
2024.08.19,000043.SZ,0.21946529929040143
2024.08.19,000031.SZ,0.16550554715915802
2024.08.19,600013.SH,0.01370663051369648
2024.08.19,600040.SH,0.01548360502636535
2024.08.19,600009.SH,0.0007606531827628336
2024.08.19,600027.SH,0.07517525421554144
2024.08.19,600003.SH,0.009852376121264368
2024.08.19,000035.SZ,0.04406559447763584
2024.08.19,600012.SH,0.045386131423060555
2024.08.19,600023.SH,0.2020812725334243
2024.08.19,600039.SH,0.014227536033416595
2024.08.19,000032.SZ,0.20920503947591626
2024.08.19,000025.SZ,0.1577483437210221
2024.08.19,000038.SZ,0.009524828498286743
2024.08.19,600044.SH,0.19236751997363324
2024.08.19,000042.SZ,0.13913412678852788
2024.08.19,000019.SZ,0.2569634195451039
2024.08.19,600016.SH,0.24296232713787497
2024.08.19,600034.SH,0.030063629312426416
2024.08.19,600017.SH,0.09130707037615092
2024.08.19,600041.SH,0.294727170343959
2024.08.19,600048.SH,0.09767843042851768
2024.08.19,000020.SZ,0.13490545037446836
2024.08.19,000006.SZ,0.22934101200262744
2024.08.19,000048.SZ,0.14747579545770223
2024.08.20,600021.SH,0.004325165045033787
2024.08.20,000003.SZ,0.005276253990983762
2024.08.20,000049.SZ,0.16080940230675014
2024.08.20,000026.SZ,0.11648564535217162
2024.08.20,600003.SH,0.02675303761857219
2024.08.20,600031.SH,0.09210166618317034
2024.08.20,000022.SZ,0.21903844384339016
2024.08.20,000018.SZ,0.0197586715955292
2024.08.20,600047.SH,0.12107970647815937
2024.08.20,600037.SH,0.09873814337399119
2024.08.20,000045.SZ,0.14746422693471026
2024.08.20,000043.SZ,0.16897896136690368
2024.08.20,600045.SH,0.08645480882361935
2024.08.20,600001.SH,0.031288857342359935
2024.08.20,000015.SZ,0.08656669263885453
2024.08.20,000048.SZ,0.08190454533865497
2024.08.20,000033.SZ,0.2392819403703744
2024.08.20,600048.SH,0.020470114648845295
2024.08.20,000041.SZ,0.020431103150394418
2024.08.20,600026.SH,0.14867195781579962
2024.08.20,600033.SH,0.027007863607635886
2024.08.20,000010.SZ,0.0920351442606367
2024.08.20,600029.SH,0.2721356728896317
2024.08.20,000012.SZ,0.16708339111415943
2024.08.20,000020.SZ,0.25068635954503093
2024.08.20,600027.SH,0.1342542045101565
2024.08.20,000034.SZ,0.06610589707144479
2024.08.20,600020.SH,0.09778531926883435
2024.08.20,600004.SH,0.0821199491838455
2024.08.20,000050.SZ,0.07345173382151324
2024.08.20,600017.SH,0.09740753264464237
2024.08.20,600036.SH,0.02925812411438648
2024.08.20,000017.SZ,0.017413758497749655
2024.08.20,600009.SH,0.06245230901351044
2024.08.20,600006.SH,0.2859937025180321
2024.08.20,600035.SH,0.050664216676926874
2024.08.20,000005.SZ,0.14830368422857212
2024.08.20,600041.SH,0.06868999653152284
2024.08.20,600032.SH,0.2054683829144717
2024.08.20,600007.SH,0.11776943663261644
2024.08.20,000025.SZ,0.0037318748425686173
2024.08.20,600043.SH,0.015304919154575202
2024.08.20,000024.SZ,0.07457856117302818
2024.08.20,600046.SH,0.004388569114621508
2024.08.20,600039.SH,0.13663044604940122
2024.08.20,600014.SH,0.022664725742252385
2024.08.20,600018.SH,0.052724941540164154
2024.08.20,000002.SZ,0.0729076827526649
2024.08.20,000019.SZ,0.08076222193306554
2024.08.20,000009.SZ,0.04520196343641298
2024.08.20,000023.SZ,0.045589863608680274
2024.08.20,000035.SZ,0.2241115718344143
2024.08.20,000013.SZ,0.42366209936280114
2024.08.20,000032.SZ,0.04895761476444501
2024.08.20,000047.SZ,0.013031713299867098
2024.08.20,000006.SZ,0.138233978414532
2024.08.20,600023.SH,0.13472356058591967
2024.08.20,600034.SH,0.06824138393988813
2024.08.20,000016.SZ,0.060580768882475544
2024.08.20,600024.SH,0.04632809800723531
2024.08.20,000007.SZ,0.03453913225436722
2024.08.20,600016.SH,0.055377362138746646
2024.08.20,000046.SZ,0.010450034568051911
2024.08.20,600028.SH,0.14067274163493448
2024.08.20,000042.SZ,0.015046171013893238
2024.08.20,000028.SZ,0.1484917964633601
2024.08.20,000039.SZ,0.03190068492714072
2024.08.20,600011.SH,0.05038565020388137
2024.08.20,000001.SZ,0.046527533533243105
2024.08.20,600044.SH,0.005160949393944113
2024.08.20,000037.SZ,0.03910113985786802
2024.08.20,000027.SZ,0.08419902081726174
2024.08.20,000038.SZ,0.049275356276649335
2024.08.20,000044.SZ,0.28924966471240077
2024.08.20,000014.SZ,0.034601205498102874
2024.08.20,600008.SH,0.09896682318821359
2024.08.20,600040.SH,0.10042166637632562
2024.08.20,600019.SH,0.018405479478006095
2024.08.20,600013.SH,0.02805385469251725
2024.08.20,600005.SH,0.35226368663858104
2024.08.20,600012.SH,0.26719989207260186
2024.08.20,600042.SH,0.12405582413738787
2024.08.20,600038.SH,0.2121147220880816
2024.08.20,000030.SZ,0.1838604332468863
2024.08.20,000021.SZ,0.19396868147081547
2024.08.20,600002.SH,0.03581971283376396
2024.08.20,000031.SZ,0.023151193082067232
2024.08.20,000040.SZ,0.17718395500423562
2024.08.20,600000.SH,0.10775371654559447
2024.08.20,600022.SH,0.14892899986306835
2024.08.20,600030.SH,0.3046079265025077
2024.08.20,600049.SH,0.19138463626333818
2024.08.20,000008.SZ,0.08363816497044647
2024.08.20,000004.SZ,0.03860507977086823
2024.08.20,600025.SH,0.04379518398101646
2024.08.20,600015.SH,0.07576658183765267
2024.08.20,600010.SH,0.2548421415595398
2024.08.21,600027.SH,0.16201795590609688
2024.08.21,600019.SH,0.013016905109190487
2024.08.21,600016.SH,0.21201792110382348
2024.08.21,000019.SZ,0.25093551801624525
2024.08.21,000020.SZ,0.04797925250509753
2024.08.21,600035.SH,0.31848939049238
2024.08.21,000038.SZ,0.06246094066634537
2024.08.21,600030.SH,0.29759642598519565
2024.08.21,600002.SH,0.2778194885370006
2024.08.21,000018.SZ,0.14141767707807112
2024.08.21,000012.SZ,0.04694450283929296
2024.08.21,600008.SH,0.017357566828731102
2024.08.21,600041.SH,0.024021300405706852
2024.08.21,600021.SH,0.026540744254183804
2024.08.21,000022.SZ,0.1101656149677047
2024.08.21,600004.SH,0.16428648009926047
2024.08.21,000027.SZ,0.11340617225197332
2024.08.21,000002.SZ,0.09060851670705435
2024.08.21,600026.SH,0.13665580860819063
2024.08.21,600025.SH,0.04594951957189429
2024.08.21,000014.SZ,0.07284455498017699
2024.08.21,000024.SZ,0.11804936860277589
2024.08.21,600046.SH,0.08100144946001371
2024.08.21,000050.SZ,0.08388254319144053
2024.08.21,600024.SH,0.2113224441807888
2024.08.21,600048.SH,0.0014040511771952673
2024.08.21,600031.SH,0.23093601171488876
2024.08.21,600033.SH,0.005008556433285074
2024.08.21,000036.SZ,0.09202869287578579
2024.08.21,000008.SZ,0.001012819321125037
2024.08.21,600001.SH,0.018930869518329015
2024.08.21,600022.SH,0.11319834286251726
2024.08.21,600042.SH,0.01593992854286585
2024.08.21,000001.SZ,0.028314321400772436
2024.08.21,000033.SZ,0.03314438620911041
2024.08.21,000039.SZ,0.1666186299949769
2024.08.21,600040.SH,0.1788447411793434
2024.08.21,000040.SZ,0.11165972463695001
2024.08.21,000028.SZ,0.05515045303914226
2024.08.21,600007.SH,0.02310337943667461
2024.08.21,000049.SZ,0.1507457113504974
2024.08.21,600018.SH,0.08188047918272351
2024.08.21,000005.SZ,0.06901812367641225
2024.08.21,600036.SH,0.0888082750079237
2024.08.21,600045.SH,0.3487957055728617
2024.08.21,000029.SZ,0.03925756728433645
2024.08.21,000009.SZ,0.26971966675571124
2024.08.21,600006.SH,0.01953599719397374
2024.08.21,600010.SH,0.04267606085650844
2024.08.21,000047.SZ,0.025008317190582132
2024.08.21,000007.SZ,0.2879625797501
2024.08.21,000026.SZ,0.10968301593053444
2024.08.21,000048.SZ,0.40746339469959825
2024.08.21,600009.SH,0.31338077515601825
2024.08.21,600049.SH,0.07183488301041492
2024.08.21,600037.SH,0.09543210257661448
2024.08.21,000034.SZ,0.09496283893094234
2024.08.21,000045.SZ,0.20062476722051026
2024.08.21,600047.SH,0.3637222938093053
2024.08.21,600044.SH,0.04949107018940328
2024.08.21,000013.SZ,0.08898374314610566
2024.08.21,000011.SZ,0.014787975608487219
2024.08.21,600005.SH,0.18772671002682337
2024.08.21,000015.SZ,0.06108372686433778
2024.08.21,600017.SH,0.07724649062785804
2024.08.21,000035.SZ,0.13695928262551282
2024.08.21,000016.SZ,0.3114001778374558
2024.08.21,000030.SZ,0.14424943075964344
2024.08.21,000023.SZ,0.19861665520771288
2024.08.21,000044.SZ,0.009562765252801447
2024.08.21,600034.SH,0.11255237225277757
2024.08.21,000004.SZ,0.000581406133995873
2024.08.21,600032.SH,0.15224263054155665
2024.08.21,600038.SH,0.04185903315095408
2024.08.21,000021.SZ,0.21140871801196778
2024.08.21,600015.SH,0.022042961388832574
2024.08.21,000010.SZ,0.067033722666967
2024.08.21,000042.SZ,0.013234558531656731
2024.08.21,000003.SZ,0.25585436427561686
2024.08.21,600014.SH,0.18250839308875103
2024.08.21,000043.SZ,0.09788033591880754
2024.08.21,000006.SZ,0.015564026851269178
2024.08.21,000046.SZ,0.19566703185356765
2024.08.21,000032.SZ,0.25687598318270977
2024.08.21,000037.SZ,0.160289322169097
2024.08.21,600011.SH,0.1483735541826285
2024.08.21,600003.SH,0.022640084942035215
2024.08.21,600029.SH,0.24350829338511829
2024.08.21,000017.SZ,0.026467632174000895
2024.08.21,000025.SZ,0.007556246078281797
2024.08.21,600028.SH,0.047781934962044234
2024.08.21,600039.SH,0.5730548831329971
2024.08.21,600012.SH,0.13358156586226314
2024.08.21,600020.SH,0.007032572355914663
2024.08.21,600013.SH,0.06415745517493932
2024.08.21,600023.SH,0.030334674441297345
2024.08.22,000015.SZ,0.07256634073743941
2024.08.22,600048.SH,0.1455259404602026
2024.08.22,600046.SH,0.08703000457030446
2024.08.22,600012.SH,0.050653315237942254
2024.08.22,600009.SH,0.1924875231122046
2024.08.22,600010.SH,0.014055831042522704
2024.08.22,000009.SZ,0.061902929942947486
2024.08.22,000032.SZ,0.002332363761218729
2024.08.22,000033.SZ,0.33930853378164566
2024.08.22,600044.SH,0.05552227613191401
2024.08.22,000002.SZ,0.0060036639507525975
2024.08.22,600007.SH,0.20726527407938664
2024.08.22,600034.SH,0.07149712440165748
2024.08.22,600020.SH,0.09003658826794474
2024.08.22,000036.SZ,0.23727485070418902
2024.08.22,000006.SZ,0.03820757678757515
2024.08.22,600037.SH,0.3129967214862471
2024.08.22,000026.SZ,0.04382474650845146
2024.08.22,600032.SH,0.01727766375987741
2024.08.22,000014.SZ,0.15609963293785128
2024.08.22,000005.SZ,0.1339965565094798
2024.08.22,000004.SZ,0.10041905008897538
2024.08.22,000037.SZ,0.037751717346707354
2024.08.22,000045.SZ,0.04998934943934938
2024.08.22,000034.SZ,0.15134667967164991
2024.08.22,600024.SH,0.01540155673586364
2024.08.22,000030.SZ,0.0699000193605003
2024.08.22,600016.SH,0.2626019286024587
2024.08.22,600025.SH,0.09491017424511329
2024.08.22,600006.SH,0.09425384041024087
2024.08.22,600021.SH,0.03914041439865419
2024.08.22,000016.SZ,0.0015690937154968407
2024.08.22,600040.SH,0.0056568386150380465
2024.08.22,000050.SZ,0.05731171521759105
2024.08.22,000046.SZ,0.08838452938415502
2024.08.22,000025.SZ,0.025699431941767718
2024.08.22,000023.SZ,0.12432042705667813
2024.08.22,600017.SH,0.07590216635959607
2024.08.22,600036.SH,0.03271510260798942
2024.08.22,600027.SH,0.07816157167911775
2024.08.22,600002.SH,0.0968433619325599
2024.08.22,000028.SZ,0.0476592321557884
2024.08.22,000011.SZ,0.2065865185666105
2024.08.22,000039.SZ,0.16945836572999562
2024.08.22,600047.SH,0.11980212182714488
2024.08.22,600004.SH,0.18264164848525455
2024.08.22,000024.SZ,0.49200048822539627
2024.08.22,000029.SZ,0.009541842005584592
2024.08.22,600038.SH,0.030948224338495367
2024.08.22,600005.SH,0.041020752335130625
2024.08.22,000047.SZ,0.21813324210722998
2024.08.22,600029.SH,0.23752710123377654
2024.08.22,600014.SH,0.05488887837832244
2024.08.22,600042.SH,0.05692325533889947
2024.08.22,000020.SZ,0.0433670387340475
2024.08.22,000027.SZ,0.34707455439466134
2024.08.22,000010.SZ,0.0663677311880397
2024.08.22,600033.SH,0.791659835618011
2024.08.22,600028.SH,0.03913935406138457
2024.08.22,000022.SZ,0.11057410281595544
2024.08.22,000042.SZ,0.015774383158087688
2024.08.22,000012.SZ,0.06845884822281906
2024.08.22,600022.SH,0.012047746410830323
2024.08.22,600000.SH,0.02257816481229194
2024.08.22,000018.SZ,0.1870032494781758
2024.08.22,600023.SH,0.1290057301576799
2024.08.22,000043.SZ,0.11696604441245466
2024.08.22,600001.SH,0.04325386733015142
2024.08.22,600018.SH,0.006876787811992123
2024.08.22,600035.SH,0.03392255709812402
2024.08.22,600030.SH,0.022873083536153013
2024.08.22,600045.SH,0.02315297130308679
2024.08.22,600011.SH,0.37826317177405344
2024.08.22,000040.SZ,0.1682233995830563
2024.08.22,000048.SZ,0.8220067088337324
2024.08.22,600026.SH,0.311954074099875
2024.08.22,000041.SZ,0.016125769151632552
2024.08.22,600013.SH,0.11410538333268169
2024.08.22,600049.SH,0.010054090400070883
2024.08.22,000049.SZ,0.19164381014606585
2024.08.22,600003.SH,0.36049750013885695
2024.08.22,000021.SZ,0.059309712709904275
2024.08.22,000019.SZ,0.11754521072165038
2024.08.22,000003.SZ,0.10149807302124683
2024.08.22,000017.SZ,8.338111221959006e-06
2024.08.22,600039.SH,0.08269734296553317
2024.08.22,000001.SZ,0.3832251159017217
2024.08.22,600043.SH,0.13494970141667334
2024.08.22,600008.SH,0.039859408436807006
2024.08.22,000038.SZ,0.04109584427840101
2024.08.22,000031.SZ,0.06848960074366016
2024.08.22,000013.SZ,0.03239630591118664
2024.08.22,600015.SH,0.1328737373155396
2024.08.22,000007.SZ,0.06725890140656435
2024.08.22,600041.SH,0.05729488108503227
2024.08.22,600019.SH,0.08255060587490606
2024.08.22,000035.SZ,0.021386679808259302
2024.08.22,000008.SZ,0.10782027637119691
2024.08.23,600046.SH,0.11578799481479111
2024.08.23,000005.SZ,0.4064544671881634
2024.08.23,600007.SH,0.12425516879664861
2024.08.23,000046.SZ,0.049930359997099515
2024.08.23,000040.SZ,0.08238060852490572
2024.08.23,600017.SH,0.10064117369077866
2024.08.23,000010.SZ,0.036167707337929816
2024.08.23,600029.SH,0.0020930174743709045
2024.08.23,000004.SZ,0.24078815407946166
2024.08.23,600002.SH,0.17368789349178912
2024.08.23,000050.SZ,0.05369710251568465
2024.08.23,600010.SH,0.02096568837388732
2024.08.23,600000.SH,0.0338847181935585
2024.08.23,600032.SH,0.012224573314218131
2024.08.23,000049.SZ,0.15280256808511625
2024.08.23,000011.SZ,0.2784710964313901
2024.08.23,000043.SZ,0.2658814020778368
2024.08.23,000003.SZ,0.5139122440444068
2024.08.23,600013.SH,0.020252762097921442
2024.08.23,600016.SH,0.1532042515959057
2024.08.23,000021.SZ,0.08357649051867307
2024.08.23,600005.SH,0.05968900628111505
2024.08.23,600019.SH,0.040208992613005555
2024.08.23,000019.SZ,0.1483997370892455
2024.08.23,000030.SZ,0.18952172257753638
2024.08.23,000026.SZ,0.055688824155954
2024.08.23,600018.SH,0.3033776370656117
2024.08.23,600006.SH,0.1533059537370821
2024.08.23,000014.SZ,0.09015191613625421
2024.08.23,600030.SH,0.31112326321310646
2024.08.23,000028.SZ,0.1415568637903784
2024.08.23,000022.SZ,0.022655154705916728
2024.08.23,600035.SH,0.054368575469721785
2024.08.23,000016.SZ,0.08704524193597599
2024.08.23,000018.SZ,0.39019424470345976
2024.08.23,600028.SH,0.07450839071386789
2024.08.23,600012.SH,0.04975455876293236
2024.08.23,000023.SZ,0.0008784276974838567
2024.08.23,000034.SZ,0.04165699588490184
2024.08.23,600034.SH,0.17664173251288984
2024.08.23,600022.SH,0.03442315051267284
2024.08.23,600023.SH,0.009847614692419718
2024.08.23,600011.SH,0.04159818175799979
2024.08.23,600026.SH,0.05832617772580878
2024.08.23,600021.SH,0.16171593144905988
2024.08.23,000047.SZ,0.006917130478199116
2024.08.23,600009.SH,0.07011325223838734
2024.08.23,000032.SZ,0.09941732448636925
2024.08.23,000006.SZ,0.14844647269599742
2024.08.23,000033.SZ,0.1277771764283332
2024.08.23,000017.SZ,0.15789817432110967
2024.08.23,600014.SH,0.2644839445157037
2024.08.23,000002.SZ,0.13514027143907623
2024.08.23,600040.SH,0.10443031461491419
2024.08.23,600043.SH,0.2716364061110644
2024.08.23,600044.SH,0.8885947389602696
2024.08.23,000038.SZ,0.07810046449421047
2024.08.23,600004.SH,0.25194698192801535
2024.08.23,000041.SZ,0.17363707128785738
2024.08.23,600038.SH,0.10991347137233294
2024.08.23,600047.SH,0.0464741341072201
2024.08.23,000037.SZ,0.022927700932660607
2024.08.23,000012.SZ,0.07308986320726006
2024.08.23,000015.SZ,0.04555890246807075
2024.08.23,000036.SZ,0.3424823926873112
2024.08.23,000009.SZ,0.22406672292937238
2024.08.23,600003.SH,0.2461607798008587
2024.08.23,600015.SH,0.07255637906765605
2024.08.23,000027.SZ,0.15720107761335697
2024.08.23,600042.SH,0.22757118430976128
2024.08.23,600033.SH,0.09927919839086465
2024.08.23,600024.SH,0.0981717350049982
2024.08.23,000013.SZ,0.09324602247798862
2024.08.23,600031.SH,0.034789595018647694
2024.08.23,000031.SZ,0.43504240613586287
2024.08.23,000044.SZ,0.015327210121014305
2024.08.23,600027.SH,0.048588346943747966
2024.08.23,000048.SZ,0.12997514153500245
2024.08.23,000029.SZ,0.10519319458912615
2024.08.23,600036.SH,0.14329149996414756
2024.08.23,600020.SH,0.08476316503375916
2024.08.23,600037.SH,0.11173759085768517
2024.08.23,000020.SZ,0.2544807997983343
2024.08.23,600048.SH,0.060151373440847526
2024.08.23,000008.SZ,0.060501746243585286
2024.08.23,600025.SH,0.0036465692872264762
2024.08.23,000001.SZ,0.08975115410149022
2024.08.23,600041.SH,0.039154637567478424
2024.08.23,600045.SH,0.10001452278835744
2024.08.23,600049.SH,0.09793443817541156
2024.08.23,000045.SZ,0.014719562760683123
2024.08.23,000035.SZ,0.11816544537463304
2024.08.23,000039.SZ,0.03202009980464512
2024.08.23,000007.SZ,0.0037745180050195934
2024.08.23,600008.SH,0.07992591408615503
2024.08.23,600001.SH,0.04958946537415507
2024.08.23,000024.SZ,0.06664940129933809
