Dataset,N_ID,N_OOD,OOD_Type,N_Clusters,Noise_Ratio,Cohen_d,AUROC,Direction,Baseline_AUROC,Clustering_OK
CLINC150,22500,1350,out-of-scope,105,60.1%,-1.1775374657586581,0.7104896790123456,OOD MORE HETEROPHILIC,0.9812807242798354,False
Banking77,8613,4456,held-out-class,58,66.0%,0.13020958669285093,0.5327194096811196,WEAK/NO EFFECT,0.8351695336117735,False
ROSTD,13069,4590,diverse-ood,4,24.6%,-4.83142573085843,0.9760333247147577,OOD MORE HETEROPHILIC,0.9970238907918103,False
ToxiGen,5795,4105,toxicity-based,28,87.8%,-0.05114509272307603,0.5064931022270238,WEAK/NO EFFECT,0.49472786717097245,False
