{
  "model": "TempMem-LLM",
  "epochs": 1,
  "mrr": 0.8014999985694885,
  "train_time_seconds": 228.2618429660797,
  "eval_time_seconds": 5.764391899108887,
  "total_time_seconds": 234.0262348651886,
  "data_source": "OGB ogbl-collab",
  "num_nodes": 235868,
  "device": "cpu"
}