{
  "dataset": "ogbl-citation2",
  "num_nodes": 2927963,
  "seeds": [
    42,
    123,
    456
  ],
  "NPPCTNE": {
    "mrrs": [
      0.0,
      0.0,
      0.02857142857142857
    ],
    "mean": 0.009523809523809523,
    "std": 0.016495721976846452
  },
  "TempMem-LLM": {
    "mrrs": [
      1.0,
      0.0,
      0.5
    ],
    "mean": 0.5,
    "std": 0.5
  },
  "improvement_pct": 5150.0
}