TradingDate,SecurityID,emb_0,emb_1,emb_2,emb_3
2024.06.03,000001.SZ,-0.6602220549769996,-1.8718478741804694,-0.46335099971549903,1.4176224615217299
2024.06.03,000002.SZ,0.5472541038562514,0.41814300085906253,-0.562852377625324,-0.10854916992024068
2024.06.03,000003.SZ,-0.9093312305379605,1.461590418049506,2.0375421730254857,0.850610235368757
2024.06.03,000004.SZ,0.9617477584242983,-0.6447916975776541,0.04021941014300149,0.36628749412930744
2024.06.03,000005.SZ,-0.8342624397429625,-1.2716562731452827,2.977846410651763,1.8819763836148535
2024.06.03,000006.SZ,-0.8665955366243462,0.06883681833119196,0.5127731223266866,-0.5517524485373634
2024.06.03,000007.SZ,0.2886045964732439,-0.48692818003493243,0.41269867199861393,0.193201286726687
2024.06.03,000008.SZ,-0.20888748422960252,0.0259230957832387,-0.23893529342033473,-0.5169664304817024
2024.06.03,000009.SZ,-0.1187366406700165,-0.6916507065763798,0.18985025049739082,0.8665394657972443
2024.06.03,000010.SZ,0.15946902973429247,2.939155502251245,-1.3556694115432144,-1.1127100673722026
2024.06.03,000011.SZ,0.2507207297889015,1.827794339685852,-0.04253935526483358,0.20711679522137633
2024.06.03,000012.SZ,1.79767464811858,-1.029720258374913,-0.2936774400786074,-0.4872278824615964
2024.06.03,000013.SZ,-0.09957030147139759,1.4895064892664989,0.41804621106558,0.4828074634278966
2024.06.03,000014.SZ,0.8825300066753589,0.7340780296923048,-0.08378156700698873,-0.2700988301857301
2024.06.03,000015.SZ,1.5826781897375828,0.572691330186192,0.8494758757175491,-0.7493851547449518
2024.06.03,000016.SZ,-0.6943883066100781,1.8610185590432373,-0.773453364104698,-0.21096370277986715
2024.06.03,000017.SZ,0.2911928386756689,-0.1424405721617282,0.11519866534332603,1.7205357101163992
2024.06.03,000018.SZ,-1.282571869058603,1.032961438300981,-0.5482341270594137,-0.10224152892867763
2024.06.03,000019.SZ,0.532508192783882,0.2783572757987955,-0.8777184612258393,-1.052673914760785
2024.06.03,000020.SZ,-0.4048129488251233,0.5926889703872271,1.5318020447397256,0.05647268500880584
2024.06.03,000021.SZ,1.5601014279163847,-2.1891550464900287,0.3503106386542244,-0.8713039440313716
2024.06.03,000022.SZ,1.0105126258045534,0.5129258114474127,-0.5865346261791546,-1.0972716509777496
2024.06.03,000023.SZ,1.100567012000667,-0.6801420215689761,-0.9741490111641581,-0.1510029193003357
2024.06.03,000024.SZ,1.3193858991628618,-0.1693374566922685,-0.06607020011292294,0.7754437810711221
2024.06.03,000025.SZ,1.8491182832063526,-0.018780924142998045,-0.2428803321574398,-0.2671497856086317
2024.06.03,000026.SZ,-0.1404465541042504,0.9949458155142652,0.3149689103549743,-0.8033541987169329
2024.06.03,000027.SZ,3.080711113266094,-0.6570462560571592,-0.2899422608973869,2.759710377670069
2024.06.03,000028.SZ,-0.19682035695619357,1.3131116317863138,-0.9310437187625421,1.2643928279107763
2024.06.03,000029.SZ,0.20055909495899213,0.11379688378033836,0.01587459607616218,-0.11384024342838008
2024.06.03,000030.SZ,0.5374686902539133,0.05574368361819867,-0.9726257484712549,-0.6176322362996381
2024.06.03,000031.SZ,-0.5015413433397731,1.0832156895130642,-0.8056434354694259,-0.7557227670202047
2024.06.03,000032.SZ,-0.7770477594023213,-0.2991971729492158,0.043523117188389075,-0.032940973196740275
2024.06.03,000033.SZ,-1.1759035455756026,-0.339729588813756,-1.4256865472705986,0.397467910238286
2024.06.03,000034.SZ,0.48566549383969987,0.09566969380642419,-0.9682671433029058,-0.7600624925048535
2024.06.03,000035.SZ,-1.4344047840791472,-0.7816274494895784,2.7932798171188304,0.0511202619758512
2024.06.03,000036.SZ,-1.879293382525016,-0.6926103820199587,0.2991329838079416,-0.694972897753383
2024.06.03,000037.SZ,0.7831849828198123,1.25839046293439,-1.473361809343384,-1.2237644527442781
2024.06.03,000038.SZ,-1.6504423807360855,-1.338290034890813,1.476816151461259,-1.3798704364307173
2024.06.03,000039.SZ,-1.054203221581416,-0.3518469644643187,0.6448100535097239,2.649786699590354
2024.06.03,000040.SZ,-0.9751841584292282,0.06060045408089972,-0.3318533907810297,-0.5290485056120786
2024.06.03,000041.SZ,-1.224850293219098,0.6915744704331078,1.0611068204887024,1.2748442786667749
2024.06.03,000042.SZ,0.14610707836651182,-0.0975891597849493,0.10271039706925379,-0.7550251495187175
2024.06.03,000043.SZ,0.5156592692266188,0.04409820855833954,-0.11304887303839155,0.3608734645714916
2024.06.03,000044.SZ,-0.03792637425901984,-1.6630393694052625,-0.7039191298350272,0.6623875171815333
2024.06.03,000045.SZ,3.4260170477316354,0.9169575348623654,0.6391076677516387,0.7256360499598861
2024.06.03,000046.SZ,-0.7836564880797808,0.922940288655982,0.7122519431328428,-0.16725669769684082
2024.06.03,000047.SZ,0.2902605576344615,-0.3512748149899332,-0.0966451126646749,-0.7061868983670264
2024.06.03,000048.SZ,0.24991452941074815,0.47353674074560664,-0.3525680790346718,-0.5998601035089726
2024.06.03,000049.SZ,0.9891825036463733,0.7300024922846229,0.20840274929798275,0.7761743767178055
2024.06.03,000050.SZ,-1.452096842216046,-1.2085014694545013,0.8616731434204075,-0.3525637406496952
2024.06.03,600000.SH,-1.2889210896491072,-0.4654840312294069,-0.07458724940195789,-0.5333290203674982
2024.06.03,600001.SH,-0.8930622405686744,0.1935654971823528,0.1302302589311286,-1.328961516243429
2024.06.03,600002.SH,-0.3223141498057182,0.15617499121158052,1.2325335058544427,-0.5252645243968489
2024.06.03,600003.SH,1.2911363623106753,-1.7404064106273662,-1.6333273775256172,0.8047424677162927
2024.06.03,600004.SH,0.8540657037694414,0.5537545616180222,-0.24838338473528296,-0.8737150390654081
2024.06.03,600005.SH,1.3356592184965266,-1.3915666281454964,1.9490287862749085,0.4746643811267126
2024.06.03,600006.SH,-0.4835661315053631,0.5858036930272309,3.9896164896197215,-0.7331003597831458
2024.06.03,600007.SH,-0.7204541639476378,0.6140152172115344,0.5673785585657807,1.3007371551789564
2024.06.03,600008.SH,2.1690368880885287,-0.6216392134554066,-0.2240789059991287,-0.30939856562379564
2024.06.03,600009.SH,-1.2293587003319497,2.3129514537046543,-2.527390401450733,-0.18818969139609937
2024.06.03,600010.SH,0.5009304981962538,0.2414980383131366,-0.039117368570386564,-0.61434210866029
2024.06.03,600011.SH,0.4027273567584277,0.32831393316138735,1.0705097493859188,-0.36273634452088777
2024.06.03,600012.SH,1.2393676351220848,-0.3304460505804177,1.3585795662731759,-0.7059512708159571
2024.06.03,600013.SH,-1.002670585072195,-0.5472221124256333,2.568657814907269,2.103708184833933
2024.06.03,600014.SH,-0.5870532143989379,1.1675810194413296,0.4760332143081799,1.888594208327768
2024.06.03,600015.SH,0.06328556606137452,-0.34528598730419047,-1.3525882420824331,-1.0479650158901779
2024.06.03,600016.SH,1.8469347287782762,0.3372070994106799,-0.26240380193447804,0.020190258801141378
2024.06.03,600017.SH,-0.4642002364933923,0.6022795362033869,1.4786578695041774,1.4961079906877561
2024.06.03,600018.SH,1.0525881542938031,-0.7884885834780127,-1.0607640786053634,0.026115104479576164
2024.06.03,600019.SH,0.7027903512984102,0.1496002503411246,-0.4834424434048577,-0.20209433537123633
2024.06.03,600020.SH,-0.413840748380774,-1.4860873210461056,0.35346969579480025,4.3138578823655225
2024.06.03,600021.SH,-0.8345019425723219,-0.5456550374426125,-3.1117415175383165,2.0515274977841074
2024.06.03,600022.SH,-1.4596980048100807,0.1896218603941089,0.6111501027010324,0.5387828474374154
2024.06.03,600023.SH,-0.3638644443873225,0.8345181444773712,0.7456615780804299,0.6860855915694708
2024.06.03,600024.SH,0.5648731801774716,-0.6636223972009294,-0.5822067687887512,-0.007097805900709223
2024.06.03,600025.SH,0.09930209276059038,-0.13751423186077494,0.2847924774205288,-0.3801506042049226
2024.06.03,600026.SH,-0.2149323114702367,0.45807666045685247,-0.3288015270809358,-0.3884133751115254
2024.06.03,600027.SH,-2.2325346619534314,0.5696473740919521,-0.0780834000820637,2.4503105721298737
2024.06.03,600028.SH,-1.012551351176738,-0.7923906376731445,-0.6616936635140562,-0.445238762057318
2024.06.03,600029.SH,0.057589179200446865,-0.2687019262145147,0.6284283669609266,0.13173075058072323
2024.06.03,600030.SH,-1.1066629773440237,0.393460695070448,0.4271327148718416,0.902334945462452
2024.06.03,600031.SH,0.9393962529242394,0.8825487830814375,-0.9634610882615253,0.09701881792759905
2024.06.03,600032.SH,-0.11931637059717726,0.21576106956564273,0.014317518936548153,-1.4060142730816323
2024.06.03,600033.SH,1.4972962696367476,-0.6593897613284432,-0.7046973454447365,0.030117514305579293
2024.06.03,600034.SH,-0.5455268781770727,0.3046094024900064,1.3082562096187595,0.9768377014328267
2024.06.03,600035.SH,0.484303053198495,0.021658375048098488,0.8365683896329398,-0.5825741849196032
2024.06.03,600036.SH,-0.25507400286173715,-0.18788476915992505,-1.359374358679655,-0.06907478954618738
2024.06.03,600037.SH,-0.9258475424927027,-0.8710426786685721,2.287459359206432,-1.665114960504286
2024.06.03,600038.SH,1.2525731579172796,-1.502237784236266,1.2565010080339583,1.5755592887108147
2024.06.03,600039.SH,-0.31853449922658156,-0.8167089082901047,-0.9256319542679938,-1.028277129551168
2024.06.03,600040.SH,-0.3753546299690221,-0.45182166927023626,0.8725784975801254,1.027011132286011
2024.06.03,600041.SH,0.4862771342149893,0.22746893709583982,-0.5074570076579723,-0.1904243100200556
2024.06.03,600042.SH,1.3183962656148887,-2.017733317768883,-0.4303241428798583,-0.12007846864695065
2024.06.03,600043.SH,0.2299322537568708,0.29225089930368675,0.6735553960457047,0.09088205184836143
2024.06.03,600044.SH,-0.9349043269109669,0.010255218375438963,0.7330966928976863,-1.588537646748367
2024.06.03,600045.SH,0.7298594122794452,0.19335372438812637,-0.47514358963914943,-0.5313570263814447
2024.06.03,600046.SH,-0.2683183441845716,-1.0386339439726031,-0.06369124048767086,2.1297461285214534
2024.06.03,600047.SH,-1.0407629706036075,0.162238045086124,-0.6950200644418211,1.121925613667917
2024.06.03,600048.SH,-0.12082134048633973,1.2473012695655719,0.4114814982496576,-0.6421819396116892
2024.06.03,600049.SH,0.11717049981055593,0.699408508793025,-0.04414104919795669,0.2375502090186367
2024.06.04,000001.SZ,1.3485189765223249,-0.5090996441468553,0.425092385242504,1.0573002796945528
2024.06.04,000002.SZ,-0.4509997460230865,0.9696573849146225,-1.1664244959322676,-0.3168185174216698
2024.06.04,000003.SZ,0.15286134533138765,-0.3394158982340178,-0.24496834628852363,-1.389674399079501
2024.06.04,000004.SZ,0.21093114678790437,-0.07409332446964222,0.5232594669111044,-1.0272603100870454
2024.06.04,000005.SZ,0.6211814487718008,0.2963147875147488,0.2833178982975052,-0.6512937396768036
2024.06.04,000006.SZ,1.7404137688928178,-0.6241575348148922,-0.3513239681038871,0.2973825041419713
2024.06.04,000007.SZ,-0.413225257198651,0.2925258596207253,-1.1442133701064454,-0.36246449585309237
2024.06.04,000008.SZ,1.3306709219211743,-0.1716850999690753,3.185735854767049,-0.18595461261716914
2024.06.04,000009.SZ,-1.4355514271993928,0.8198279117997666,0.7593305419882352,0.34562909134451114
2024.06.04,000010.SZ,0.8189972153300639,0.24469732417959075,-0.6613179554754384,-0.2833494883640218
2024.06.04,000011.SZ,-0.7356454572066443,-0.2918341145177537,-1.196908379814815,0.054856855161929355
2024.06.04,000012.SZ,-1.2055113079647,0.31812340600909833,0.9052512383883133,1.284152804294393
2024.06.04,000013.SZ,-0.12171859634210709,1.1249318506706587,-0.4084924135663632,1.0223313813265242
2024.06.04,000014.SZ,0.59362688301871,0.06449925406836877,-1.1248212640661286,-0.8311486837478069
2024.06.04,000015.SZ,-1.1402556944039808,0.4392270977247789,1.0817068408914594,-1.648726536753755
2024.06.04,000016.SZ,0.6722943282887143,0.43862826303251584,-0.0037393660959954833,-0.17558197461179334
2024.06.04,000017.SZ,1.8991769949011166,-0.28875314362548377,1.041316192832595,0.3250485507711159
2024.06.04,000018.SZ,-0.3795432576716991,-0.6014553410695818,1.661540717283206,-0.6357011313312111
2024.06.04,000019.SZ,-0.3596490233324469,0.7625168426875155,-0.6396360276548011,0.7338215543655887
2024.06.04,000020.SZ,0.9207179770652879,-0.7672584874915716,0.1447194980793921,1.5990714574637974
2024.06.04,000021.SZ,-0.6533384887925278,-0.6544235260069257,0.5451796169653429,1.5189033210041945
2024.06.04,000022.SZ,0.6191317500775567,1.1530984554976025,-0.6677004590233008,-0.2904168071309722
2024.06.04,000023.SZ,-0.766434922369915,0.20306530977590836,-0.862889309101893,-0.024473608509377603
2024.06.04,000024.SZ,-1.2938195316540486,-0.11894258541124139,0.10633005317517476,-0.1601570090505082
2024.06.04,000025.SZ,0.3606114083700247,0.7593743910283903,-0.09729907430129522,-0.45687081583315403
2024.06.04,000026.SZ,-2.4274853871751385,-0.51369860894878,-0.9338879595594757,0.9225653475439167
2024.06.04,000027.SZ,-0.8461087983815581,-0.44322476716690135,0.21290075720278803,-1.529041765033229
2024.06.04,000028.SZ,-1.6762614600337862,1.7026169355729261,1.6469930210552506,3.023047666878643
2024.06.04,000029.SZ,-0.765449627906392,-0.08139172823060384,0.058278007640827204,-0.5507664624801585
2024.06.04,000030.SZ,0.3578856356497193,1.811922789164115,-0.9631235853262783,-0.06946554988362906
2024.06.04,000031.SZ,-0.06533602672144503,0.6463483055627157,-0.1620697187419448,-0.060534890185336636
2024.06.04,000032.SZ,1.3648271150107074,-0.5583772364366429,-0.6513853169766114,-0.7368889849853804
2024.06.04,000033.SZ,1.0388870443087166,-1.0361152117898689,-1.94841782752961,-0.7057066020266662
2024.06.04,000034.SZ,0.3324928633379463,-0.08472267426794289,1.3499579502479349,-0.9242188649449146
2024.06.04,000035.SZ,-0.3563993337209268,-0.769267243357235,-0.8238200048448113,-0.5151845933275904
2024.06.04,000036.SZ,-1.3119008547576467,-3.988922964888425,-0.7597319446946947,-0.8699188963825979
2024.06.04,000037.SZ,-0.12376430682966011,0.539804943712132,0.13435406844237396,0.1946799461188835
2024.06.04,000038.SZ,0.042011723276585526,0.7411789648335587,-0.38357238389141063,-1.592301828724287
2024.06.04,000039.SZ,-0.7846370322645975,-0.8641124080357371,0.03134008062531484,0.9632089379937215
2024.06.04,000040.SZ,-0.040785215364970276,0.5668248101935552,0.07728061192167295,-1.5608898204143853
2024.06.04,000041.SZ,1.2710541380143459,-1.5758405489050993,-1.4584659478362862,-0.47606296362641454
2024.06.04,000042.SZ,1.5561436491100737,-1.6839620467772967,-1.1678092142153578,-0.1711517109302069
2024.06.04,000043.SZ,0.9267011354011172,-1.8691027979601649,-1.1110798733179454,-0.17700600400753394
2024.06.04,000044.SZ,-0.7071274276506674,-1.405222169112619,2.176167055802588,-1.224648704494018
2024.06.04,000045.SZ,-0.38998674482409895,-0.3474804183223858,1.464389002981777,1.3045135943008366
2024.06.04,000046.SZ,0.2765184694803109,0.17147804912905218,-0.377162857916846,-0.3739919841242781
2024.06.04,000047.SZ,-0.771079587191549,0.6436343576062995,-0.8825455663303355,0.13202809767382312
2024.06.04,000048.SZ,-0.5319124333670021,0.3685261611510281,0.10603648141170843,-0.16929087623614594
2024.06.04,000049.SZ,1.1892071539231637,-0.6264631730125403,-0.3181633375452605,0.49731024966842574
2024.06.04,000050.SZ,1.3786536837879761,-1.5094346679343023,0.16923618179565247,-0.5497241181270448
2024.06.04,600000.SH,-0.0020521355319639617,0.16378954518661087,-0.13595917065614685,-1.1015283688872453
2024.06.04,600001.SH,-0.5350807098460495,-0.39297100873948576,1.3987429203572677,0.37803801828295597
2024.06.04,600002.SH,-1.042728087518649,1.5497570712964637,0.5791460804254787,-0.7974175440372403
2024.06.04,600003.SH,1.7437268443767404,-0.29522955054541183,1.094569183467186,-0.4162400084945308
2024.06.04,600004.SH,0.3200023791513233,-2.0223987032290096,-1.8654777972223293,-0.4413499032700953
2024.06.04,600005.SH,1.5080753141809151,0.03311446014088255,0.6208485540957989,0.4055347790662659
2024.06.04,600006.SH,-1.2848714237865668,-0.1461537290392113,1.0609605925255672,1.4089588177408976
2024.06.04,600007.SH,-2.851339413575331,-3.5346839822316003,1.2537117881387156,-0.23050528824172767
2024.06.04,600008.SH,0.6186749179955133,0.7832721687923092,1.0142373105806783,1.4302817213516132
2024.06.04,600009.SH,-1.6473516996625948,0.8556861156935588,-0.706483975577879,0.21111108295967954
2024.06.04,600010.SH,0.5979367812666336,-0.4033243338567757,-0.11386939448025707,-0.4635455300430932
2024.06.04,600011.SH,-0.90386875697658,-0.25867545749936,0.5561647528512379,-0.7951819471051027
2024.06.04,600012.SH,-0.7252292976399948,0.22611444333249225,0.5043308697133373,2.3013491539208806
2024.06.04,600013.SH,-0.7165262709553228,0.24003675591466173,-1.0037065385291815,0.7512809693747442
2024.06.04,600014.SH,0.588359742794675,1.1649866732675904,1.589219265410544,-0.658362517513524
2024.06.04,600015.SH,-1.2450405606569188,2.2236119682764435,-2.3941582688235217,1.7084669708264792
2024.06.04,600016.SH,0.5135049781925826,0.8469271940457034,-0.287166954046447,-0.8329568393513758
2024.06.04,600017.SH,0.22563817146319587,0.7064038533410857,0.3785156045565675,-0.897540858652172
2024.06.04,600018.SH,1.1964136387107531,-0.593531640500651,-1.4691620767255267,-0.6377484901188256
2024.06.04,600019.SH,-1.4707610284922592,-0.7954702761836461,1.0796831190261307,-0.028903399063307866
2024.06.04,600020.SH,0.6739752174338806,-2.6110333016420912,-1.3988115528421416,-1.4199132558232535
2024.06.04,600021.SH,-0.3806137743985442,-0.8146390205083197,-0.13493493185045372,0.5261526657649801
2024.06.04,600022.SH,0.05789921127789562,-2.1305747571732865,-1.0844400623690003,0.9665469878561206
2024.06.04,600023.SH,0.2599891514114041,0.24265177930501763,0.41188216872656885,-0.6178642639331239
2024.06.04,600024.SH,0.8993543764490595,0.425756182282519,0.7910100085095019,-0.258526682160184
2024.06.04,600025.SH,0.32036865535958814,-0.8385964567478825,-1.4571802753007945,-0.6087884099979046
2024.06.04,600026.SH,-0.3108220115918346,-0.7166001260059245,-0.19433649296638753,-0.8296053294234977
2024.06.04,600027.SH,0.19305450858339837,0.6476394882223506,0.7001211429978376,0.20209226976764405
2024.06.04,600028.SH,1.50539381773218,-0.42643845303374134,0.08506456333223551,0.18280426060861232
2024.06.04,600029.SH,-0.10226348713769533,-0.23855816124997234,1.0165853811818972,-0.06394182358969269
2024.06.04,600030.SH,-0.15222060784301678,-0.12020848636930442,0.7095446264673888,-0.3566979299124209
2024.06.04,600031.SH,-1.4623179819919685,0.13756563792245502,-1.0149339631437608,2.9883870948534956
2024.06.04,600032.SH,0.17495824572908092,-0.10732278945742833,1.8724584030252014,-0.1801965120637662
2024.06.04,600033.SH,-0.07471442663880959,-2.1156950741257465,-1.4017712562940747,1.1589581111564529
2024.06.04,600034.SH,1.0030744565411371,-0.07265068253226915,-0.3672336169021791,-0.29605751176822237
2024.06.04,600035.SH,-2.13173167556686,-0.31037272951773254,-1.4862690856755152,-2.1465461031360977
2024.06.04,600036.SH,-2.623348284239995,-1.0550033648707338,-0.434352309716386,-0.8065102319098113
2024.06.04,600037.SH,0.06993504859123753,-0.7674415157355169,0.13107551947923504,-1.174064346640061
2024.06.04,600038.SH,-0.11227991810973283,-1.6614424589033183,-1.119529622079302,-1.8790840744638935
2024.06.04,600039.SH,-0.9755597783564824,-0.2983739513931805,0.583003799471207,-0.7476474767775975
2024.06.04,600040.SH,1.0330485059725147,0.5900868972709116,-0.19706930558871835,-0.04156176150147425
2024.06.04,600041.SH,0.22465357414338732,-1.0465097925982851,-0.48602850328358876,-1.2825508827197631
2024.06.04,600042.SH,0.3918853124551122,0.09761719094660361,-0.034998312448444285,-0.3480522296271226
2024.06.04,600043.SH,-0.62797774346269,-0.4490151794633343,0.11332017067374925,-1.0108628061443272
2024.06.04,600044.SH,0.2701545692525399,0.3787105619480337,-0.21856063671655407,0.5267937651227628
2024.06.04,600045.SH,-0.12677007813001298,-0.2565452706059659,-0.44368075504272364,0.0004957134397458993
2024.06.04,600046.SH,-0.07081354706162533,0.9698518546499094,-0.6767871489579518,0.9601057060842586
2024.06.04,600047.SH,0.1402953429006719,-0.28196641853101184,0.13903634457118205,0.1486900589749666
2024.06.04,600048.SH,-1.5491789200173975,-2.213024474257292,0.9654358831896092,-0.8192910138871113
2024.06.04,600049.SH,-0.8491467320105481,-0.9438912412518214,0.998644893177209,-0.6140553912142241
2024.06.05,000001.SZ,-0.46695836588075806,-0.1221859214191488,1.867130639571826,0.5455587200714425
2024.06.05,000002.SZ,-0.8433984137168892,-1.6297313796994923,0.1348431594795839,-1.2952900162668357
2024.06.05,000003.SZ,-0.6017990361453218,-1.5170309189843736,-1.5911616688324235,0.45074824748569653
2024.06.05,000004.SZ,-1.5440276472432946,-0.7162297140033151,-1.593633982400048,-0.10810626997075301
2024.06.05,000005.SZ,0.11704628887341002,0.3575677336531382,1.3398276642699523,-1.0631429395056953
2024.06.05,000006.SZ,0.8385587845029383,0.5987404767667943,0.020910672987105017,-0.6563388186800365
2024.06.05,000007.SZ,-1.300960994991081,0.23096908296949492,-0.47783359806615944,0.7982123354298615
2024.06.05,000008.SZ,-0.48301102400280327,-1.2343608527835161,0.43297104958356314,2.0200158689774077
2024.06.05,000009.SZ,-0.6320547835229129,-0.29212412748813954,0.09139434699206185,-0.3931978269945472
2024.06.05,000010.SZ,1.1156313835781961,0.5355633074730117,-0.1410022229388254,-0.463434651746961
2024.06.05,000011.SZ,-0.9376556090980592,-2.1361682172177017,0.7374922229345005,2.1833369120560873
2024.06.05,000012.SZ,-0.7024144150879741,0.20016483875355903,0.6134725395342785,-0.2779322045571665
2024.06.05,000013.SZ,-0.4621045876983298,2.2647146429536624,-1.1202093575273968,-1.514428755574386
2024.06.05,000014.SZ,-0.026423205052450736,-1.0429777377186729,0.20223010230051255,0.8705063869596984
2024.06.05,000015.SZ,-0.5871204499877841,-0.30324062628385795,-1.0454282848540348,0.04046851320393886
2024.06.05,000016.SZ,-1.323885750808045,-0.45246534454213194,0.7697619031348943,-0.14005246523466577
2024.06.05,000017.SZ,-0.7646710941876447,-1.1510212312615744,-0.13724043196808017,-0.9846368554852005
2024.06.05,000018.SZ,-0.4669447658224991,0.5497835524894698,-0.9299652682159377,-0.9039843885232907
2024.06.05,000019.SZ,0.5474401041267777,-0.4742295429574269,0.15155241029370775,-0.4539664897369231
2024.06.05,000020.SZ,-0.23440760563430865,-0.1071732396394948,0.06195845114302867,-0.3329996445201564
2024.06.05,000021.SZ,-0.2197781896818607,-1.2167578951237876,-0.9559047076274914,-0.5728596112517799
2024.06.05,000022.SZ,-1.0677299193670529,-1.6703722414860744,0.5978095992300643,-1.1945012414084308
2024.06.05,000023.SZ,0.23219498737317604,0.5033743773209114,0.6567400480904898,-0.5057312020600382
2024.06.05,000024.SZ,-1.9806921898816119,-0.6104999273193241,-1.1257972411971022,-0.27894062007913506
2024.06.05,000025.SZ,0.7345181228988062,0.33251431422082756,0.2461979221284073,0.425594723973888
2024.06.05,000026.SZ,-0.2748137747005257,0.1431294255473409,-1.1765750594895046,-1.1819844629765413
2024.06.05,000027.SZ,0.28940058104351424,-0.6200794996536043,0.6537105104415962,-0.23438327982973783
2024.06.05,000028.SZ,-0.40183209418212007,0.4868045683736928,-0.26668482916910374,1.141097228473825
2024.06.05,000029.SZ,-0.2645797101351776,0.7785377177791895,-0.9875840213235879,-0.5284370769609351
2024.06.05,000030.SZ,0.6923390840087136,-0.6344191070444409,0.1650276924327456,-0.6604062658028494
2024.06.05,000031.SZ,0.20209234605480184,-1.5842155080212696,-0.6428957853427543,0.3780435774990444
2024.06.05,000032.SZ,0.6816753531391505,-1.4307449112002393,0.33407673215173633,0.8860780674864196
2024.06.05,000033.SZ,1.7543343230351807,-0.0725143823072294,-0.23259363662589527,-0.8077916501319911
2024.06.05,000034.SZ,-0.5615681251228773,3.17336733442889,0.3559777856806343,1.366492339400213
2024.06.05,000035.SZ,-1.0242148085883114,-0.03324853247944574,-0.06918534945510686,-0.22170314691803844
2024.06.05,000036.SZ,1.326345603780827,-0.9310842575668522,-1.5392192204765618,-0.40822342737264455
2024.06.05,000037.SZ,-1.3126211974098876,-1.138423291991452,-0.3601859629898581,0.07066754402600745
2024.06.05,000038.SZ,0.48305868335171237,0.349798045599654,-0.3983387204588738,-0.224351847271856
2024.06.05,000039.SZ,0.8509418504064363,-0.44677684024159803,-1.0362581561415733,-0.3142533130312685
2024.06.05,000040.SZ,-0.6090481649021583,-1.6756452890982434,-2.1180584419158603,-0.8381096979028299
2024.06.05,000041.SZ,-0.014318082666496658,-1.9578048309420992,0.4008870145546677,1.7389781368326023
2024.06.05,000042.SZ,2.329787089437522,-1.9443308891055051,-1.8247355688215716,1.3871189429027748
2024.06.05,000043.SZ,0.4173980205209144,0.33602566524949745,0.07110840618151912,-0.5645342261979694
2024.06.05,000044.SZ,0.06478937413550588,0.30188686443434454,0.04060971185613512,0.3310727279951894
2024.06.05,000045.SZ,0.8762483220010922,0.48026945045270547,0.056987761266643976,-0.7802112308155733
2024.06.05,000046.SZ,-0.054148654131442236,-0.01357682215196344,-0.14667597836770638,-0.9531255426607094
2024.06.05,000047.SZ,0.28620460433323114,0.3249074829081867,-0.21232756397807157,-0.6162787008614069
2024.06.05,000048.SZ,-0.14522334717402072,0.5482413534031703,1.0033491019422238,0.3745024800501116
2024.06.05,000049.SZ,0.38821403105980173,-2.0323843040476084,-2.2359608557740125,-0.3984129690483047
2024.06.05,000050.SZ,-0.7782074005732695,-1.4875561989328248,-1.1937128315220011,-0.4133965397382771
2024.06.05,600000.SH,1.3560838423458785,-0.5687895314588582,-1.614082332722366,-0.6783007096966592
2024.06.05,600001.SH,0.9161188630311026,2.8031100792344907,-0.8251466844791622,1.3464718218037461
2024.06.05,600002.SH,-0.3995244489829379,-0.4922961985093839,1.019800898920744,-0.2506124275961984
2024.06.05,600003.SH,1.336799952992979,-0.09627294061201952,1.0485957354460618,-0.33973688900764565
2024.06.05,600004.SH,1.17487323616054,-0.16439410989218345,-0.14996234565575317,-0.6910203615831301
2024.06.05,600005.SH,0.8942243413711563,0.0973332186382972,-0.6044832347878023,-0.9959325475165486
2024.06.05,600006.SH,1.2114859654788421,-1.0700652410696438,1.1629648433879967,-0.46969387124314876
2024.06.05,600007.SH,4.05612664012518,-0.7363091886497454,0.7074010187166664,1.5819676505837341
2024.06.05,600008.SH,-1.0415541049945507,-0.7205607589892211,0.2982061387740406,-1.695493408081819
2024.06.05,600009.SH,-0.6524806488164068,0.16066511648170204,-0.41733814440389205,-0.38590467360608777
2024.06.05,600010.SH,0.5202437787211366,1.0771996654829623,-0.4754021149234477,0.11423455013186173
2024.06.05,600011.SH,-0.3394360517718759,0.8318011357121065,0.5785186276771169,0.8822290412354336
2024.06.05,600012.SH,0.04656286278413271,0.3285925325982335,0.5838135591881584,0.5639512131528176
2024.06.05,600013.SH,0.0562413420765007,-0.3026565593129122,0.3317338321177677,-1.0093196023065685
2024.06.05,600014.SH,0.8106882274152403,0.29109933555820994,1.4189150762314326,-0.930450441778982
2024.06.05,600015.SH,-0.7772750847116295,-0.8641312209922524,-0.07800279116399493,0.5626892234541657
2024.06.05,600016.SH,0.3029531589730283,0.4851813154587682,1.770616626852012,-0.8464465979348684
2024.06.05,600017.SH,0.5686537111751943,1.2045589972670816,-0.7682185130382069,-1.116589512434301
2024.06.05,600018.SH,0.4815600152921962,-0.07718990396460762,-1.0812963285892303,-1.5069125055203842
2024.06.05,600019.SH,0.40539359687818516,0.10689248422336968,0.4665721573415597,-0.3097842146784358
2024.06.05,600020.SH,-0.6520711250073723,-1.8451783378586044,-0.4055412651291533,-1.9857483770265913
2024.06.05,600021.SH,-3.5906606318477756,0.8907030042070535,-2.1750802345861016,1.614784962244472
2024.06.05,600022.SH,-0.3770758412011867,0.19408226093919456,-0.46164798256938977,-1.2099190807235571
2024.06.05,600023.SH,-0.0035841722504861605,0.2814274501758295,0.015576189601467895,0.28555958652413715
2024.06.05,600024.SH,-0.8028152271211922,-2.857736611735835,-1.3666770426282284,2.786726737333111
2024.06.05,600025.SH,0.7712419739594236,0.33245687025814713,3.328896543384471,-0.27843989188716
2024.06.05,600026.SH,0.7192277793008773,1.3267169844927602,-0.6782564320547134,-0.5864980544025818
2024.06.05,600027.SH,0.4701754768506623,0.5535030036331589,-0.404640510793872,-0.5826857622624869
2024.06.05,600028.SH,0.2092893117400417,0.14904223272723258,-1.0210552306472442,-0.05526809053436295
2024.06.05,600029.SH,-0.7713484691138733,0.031662623988572544,0.39834530992948614,-0.6009884577648672
2024.06.05,600030.SH,0.7148906203945657,0.35996475307351505,1.3870439926267941,0.6504874543508358
2024.06.05,600031.SH,-0.782644120483003,-0.3627390327802711,1.340880806345051,-1.5100582955894233
2024.06.05,600032.SH,0.45602170161994754,0.05690441731018702,0.052245942341121586,-0.39563919904187733
2024.06.05,600033.SH,0.6735208358522466,0.6311118631814086,-0.2781596893545982,-0.8529829443503527
2024.06.05,600034.SH,0.11880736099134011,-0.5587725795777535,0.6882258965267459,2.1272749901517365
2024.06.05,600035.SH,0.13438829133558894,-1.0423247751981737,-0.6148474463315272,0.10545532867895999
2024.06.05,600036.SH,-0.9088763927114939,-0.4957784010187729,0.9474946052630349,2.734387344923712
2024.06.05,600037.SH,0.6976198818787956,1.8255275536591493,-0.12745273130911977,-0.6934274832650618
2024.06.05,600038.SH,1.181765869275865,-0.0798297020924276,-0.6353658083007637,-0.9923619873466143
2024.06.05,600039.SH,0.31530406092177576,0.6580816501012279,0.30631819352286205,-0.4135342701416423
2024.06.05,600040.SH,-0.787303733038417,0.6158285288389677,-0.5681091657306597,0.3179115340098219
2024.06.05,600041.SH,-1.0158455481848365,-1.3446614270609607,-0.6507581700933665,-1.9106843835531848
2024.06.05,600042.SH,0.031953187810062185,1.1309683618139756,-1.0459259421308706,-1.0348331600105443
2024.06.05,600043.SH,0.5527549988635054,0.6699333159842261,-0.2030182063277039,0.5678556202439482
2024.06.05,600044.SH,-0.7256872083503902,0.10363405167447567,-1.289989183573771,1.3760719851695171
2024.06.05,600045.SH,-2.4967338212200785,-0.9795115617512321,0.7333709153167893,0.023071854944991366
2024.06.05,600046.SH,1.7909156245774507,-1.2207058721565514,-0.0420433563613777,-0.129324229174856
2024.06.05,600047.SH,0.24032562194959695,0.6069133947707218,0.9324007734784338,-0.8983667085041934
2024.06.05,600048.SH,-0.058192777331399305,0.3152882797999524,-0.019166394050589813,-0.928035291375406
2024.06.05,600049.SH,-1.3835581412653688,1.821023000146348,-1.7022142251067336,1.2440603952660847
2024.06.06,000001.SZ,0.6219620200580042,-0.12178269458724653,0.005090645207827185,1.0605756863729618
2024.06.06,000002.SZ,0.36914500682473783,0.32448966388148204,-1.0837760375300494,-0.11913228482492613
2024.06.06,000003.SZ,-1.7144776725727304,0.5539834327635585,-1.6015832321043928,-0.2908719033414477
2024.06.06,000004.SZ,0.5102331762412408,-0.0687008164516553,0.115194593224223,2.138062969685378
2024.06.06,000005.SZ,0.17548260636205953,1.4235527202306586,-0.6952247537471743,-0.8344522965928937
2024.06.06,000006.SZ,0.31118772125912364,1.7466043690218953,0.47422737056230957,1.3451563621860505
2024.06.06,000007.SZ,-0.3131339951414577,1.2160592408702362,1.462117394094853,-0.7220415476746792
2024.06.06,000008.SZ,-1.253327353567082,-2.143671400169604,1.7543685826056172,2.405563725916024
2024.06.06,000009.SZ,-0.5701951200217584,0.9179841590536167,0.13714416920580974,-1.2968462305353325
2024.06.06,000010.SZ,-0.9176226339762819,-0.546953509547693,0.15961353658155394,1.7089686646547608
2024.06.06,000011.SZ,-1.1525882432486445,0.31735943912470627,-0.06444405175547195,1.106036664407732
2024.06.06,000012.SZ,0.014277686231031839,0.5371560027932394,0.38424974409183094,1.7631277456882617
2024.06.06,000013.SZ,0.5874144276879214,0.419237860722725,0.27101639485602147,0.8481675597877473
2024.06.06,000014.SZ,-1.0124878187883277,0.5605615587263904,0.53547881098942,-0.774861481592094
2024.06.06,000015.SZ,-0.5726754071175817,-0.27586073549083673,-1.0749992827572579,-0.30055155849530396
2024.06.06,000016.SZ,0.4838880949967638,1.5621884511000654,0.9928624990525452,0.35851068371334277
2024.06.06,000017.SZ,0.034138626150974946,-0.2581402050429298,5.249777802245684,0.5213148553503706
2024.06.06,000018.SZ,-1.6122864899873748,-0.06567545918533053,-0.40107316847850294,-0.4558241217234252
2024.06.06,000019.SZ,-0.4209963048283649,0.37285455843202303,0.6159632564356813,0.5266822356657141
2024.06.06,000020.SZ,-1.183219041972202,-0.21775790470748813,0.8606873052788365,0.8451717053534136
2024.06.06,000021.SZ,-0.3016285021214428,-0.022569984997057393,0.3695054438535814,-1.3595517814986688
2024.06.06,000022.SZ,-1.021586125489654,1.0736436977117227,-0.09721139517345496,-0.4544132502132101
2024.06.06,000023.SZ,-0.2682163508194546,0.373370066818622,0.1183222461938748,1.2609237458313904
2024.06.06,000024.SZ,1.0202669655194108,0.24580920873298184,-0.46825290654434987,0.2892639141816839
2024.06.06,000025.SZ,0.23341448862482048,0.8937664219972417,0.31654384486890913,-0.08122457098128114
2024.06.06,000026.SZ,-2.1592520702531877,1.1830408460650121,-1.0923246480073634,-0.5408036287388954
2024.06.06,000027.SZ,0.8507299868229067,-0.19517689720243908,0.0673505492688827,0.10157289141466379
2024.06.06,000028.SZ,1.621303176889669,-1.7451524070629774,-0.009266970271122594,0.5152603040949666
2024.06.06,000029.SZ,0.9590036823273062,0.322628471551054,3.1419813997423183,-0.6823847909315862
2024.06.06,000030.SZ,-0.8737112217091096,0.8225925553362851,-1.2158399302800356,-0.8856871243047394
2024.06.06,000031.SZ,-0.20105156997566495,2.0400695837824876,-0.7497002761808539,-0.18045868560674014
2024.06.06,000032.SZ,-0.3485914759749936,1.1501438563906752,0.05983782172511102,0.27921472711265966
2024.06.06,000033.SZ,-0.7486791261675712,0.06292667905718836,-0.8730029018696045,0.6100699501935629
2024.06.06,000034.SZ,-0.7434420589441038,-0.7430707807814201,-0.8140907974047197,0.8417630188588453
2024.06.06,000035.SZ,-0.8407129911248682,1.076944915812303,-1.443551595685226,1.082585732307961
2024.06.06,000036.SZ,0.4680598416496105,1.3602556192606718,0.5211395993451275,0.003457519876537805
2024.06.06,000037.SZ,1.1796541335916215,-0.6122848706963948,0.9701909247646335,0.4263353886171258
2024.06.06,000038.SZ,-1.077305136126732,-0.14806930348586608,-0.2759591620385012,-0.44798716132743194
2024.06.06,000039.SZ,0.7947264286924123,0.05729256608735639,1.7675697413460325,-0.9741579302675506
2024.06.06,000040.SZ,1.1329718825566424,0.02825901021456723,-1.2819122141742598,-0.6665242355341026
2024.06.06,000041.SZ,0.37155709804322373,1.2703078829511174,1.5140013573059106,1.1157066058951965
2024.06.06,000042.SZ,-0.5442531013921377,0.9337963837616641,-1.7284834243223237,1.177216001609166
2024.06.06,000043.SZ,0.3946448156059868,0.7567272782261516,-0.9363378387885818,0.9277436102036967
2024.06.06,000044.SZ,0.16734825226865213,0.23658888719691723,1.318659860899469,0.08250701595096023
2024.06.06,000045.SZ,-0.16473947845083714,3.2990549282024424,-0.11300640271570493,-1.7346769623698062
2024.06.06,000046.SZ,0.8306498995726763,0.1297050665805673,-0.491990158997123,-0.251189292067336
2024.06.06,000047.SZ,1.1080623931720832,0.22893573429844238,0.47398844266569123,-0.4852792783224855
2024.06.06,000048.SZ,-0.16281971187244387,-0.9332602275314984,-0.6018441498423587,0.678503424627992
2024.06.06,000049.SZ,1.2952072212427408,1.179333106146269,-1.2304414047517056,1.173009607388144
2024.06.06,000050.SZ,0.500591324316729,-0.09307291066752746,-0.7731748924383925,-0.6945289282285895
2024.06.06,600000.SH,1.2870400757583464,0.2822843466061387,-0.1515305653812937,-0.7606051634040019
2024.06.06,600001.SH,0.19032611120068377,-1.193447639298738,-0.020194557141242055,0.4130798084179397
2024.06.06,600002.SH,0.8970672437270285,1.6294088017747104,0.01850692490938897,-0.5656531195405816
2024.06.06,600003.SH,0.9859795508630366,-0.606753516526351,0.5311812375959682,1.3056359882950035
2024.06.06,600004.SH,0.6497035714608095,1.861858536596985,-0.15881889607518848,-0.07002267609947874
2024.06.06,600005.SH,0.30069504745331604,0.6557334630933856,-0.06802413033894823,-0.952549843374432
2024.06.06,600006.SH,0.5669038076061576,0.027049577885440768,1.344798034884598,-0.4564078768362078
2024.06.06,600007.SH,1.1719717741668672,-1.116770915135137,1.198680177235522,0.44683940882231793
2024.06.06,600008.SH,0.0032095911311623227,-0.9376352224582355,-1.0299562165152618,-0.8465904874333511
2024.06.06,600009.SH,0.3650564159724017,0.183650238129098,-0.06594530130097336,0.7912803215035478
2024.06.06,600010.SH,0.06626748211266414,-0.5732341977550287,-1.3738317033271865,-0.18974572670606143
2024.06.06,600011.SH,0.055642552244945055,0.5027384594889202,2.2342264721030243,0.1914048133794262
2024.06.06,600012.SH,-0.7426975058015733,0.2876581236765445,-0.16264418887624957,1.162881893195192
2024.06.06,600013.SH,0.48127660651016474,0.010569687133002133,0.8899394739503421,-0.29438284323486236
2024.06.06,600014.SH,0.22874117240979097,1.3143752152015304,0.6639379948060437,0.4665537647224548
2024.06.06,600015.SH,0.15563295986321915,-0.18334393227034143,0.6926395930500517,-0.0004728738465370817
2024.06.06,600016.SH,-0.44884598303290046,0.9455125967189645,0.06542023076207999,-1.0130945978599992
2024.06.06,600017.SH,0.7030082685141469,-0.4079573713410441,0.0808365627065391,-0.291375095194857
2024.06.06,600018.SH,-0.6252941139636918,0.29727514468589367,0.6454354369706492,0.23422447195498838
2024.06.06,600019.SH,-0.036241957530733275,0.09973690722354915,0.1956271751110141,0.9734940319829507
2024.06.06,600020.SH,-0.9329667374165588,-0.9054236784635936,-1.284918961132662,-0.26610174145725307
2024.06.06,600021.SH,0.6131718687564778,-0.2671076370234055,-0.8136376592296557,-0.5532164845919404
2024.06.06,600022.SH,0.11503371684896746,0.5291353806749739,0.3847482809532961,-0.6100950708632127
2024.06.06,600023.SH,0.49696560149375457,0.7215974180764866,1.1555921403272642,-0.6293942972723463
2024.06.06,600024.SH,-1.67509028521585,-2.2357887233124956,1.1852009728127149,-0.9010650415510353
2024.06.06,600025.SH,0.6770373421564244,0.4366315329790303,-0.7045771756750392,0.20392859941273414
2024.06.06,600026.SH,0.7802764720186866,0.3848360808953121,-0.5010668373698854,-0.40600161446949673
2024.06.06,600027.SH,-0.013465007972679107,-1.0871643441199883,0.41246919886271677,-1.0768203027297247
2024.06.06,600028.SH,0.4365962226303341,0.2794247223899166,0.6503103097265216,-0.27201735428029905
2024.06.06,600029.SH,0.12998926042168646,-0.015641579155374147,0.13887739782852823,0.18024088907837246
2024.06.06,600030.SH,1.0079127421230687,-2.395782775776723,-1.2636270228085162,0.6988696203906807
2024.06.06,600031.SH,-0.3051356205393204,1.1484395798883131,-0.13054450718920615,-0.9533598061038387
2024.06.06,600032.SH,-0.5075463839479254,0.7627306669909537,0.6291166000890712,0.43815165329996814
2024.06.06,600033.SH,-0.15702269282154094,3.038194961289179,0.5434023166857572,1.1379954980581923
2024.06.06,600034.SH,0.911701335569026,0.13367328213666638,-0.9893843159531952,1.0359226118478062
2024.06.06,600035.SH,0.08491682640155038,0.4218105531813786,-0.14715561438048108,0.006965917457214845
2024.06.06,600036.SH,-1.1506067902395563,-1.4041778349826748,0.8234066645702854,-1.5216186949045984
2024.06.06,600037.SH,-0.5943452610932317,0.18130610409702366,-0.3381068881081815,-0.6591461310619011
2024.06.06,600038.SH,1.0507548907046091,-2.4250172075339904,-2.1484485077400155,-1.351526509665825
2024.06.06,600039.SH,-0.5094644760203838,0.22967990486724577,0.6765328440205544,-0.7091756890689316
2024.06.06,600040.SH,-0.9347069220693148,0.06345131206047423,-0.8840371378982936,0.2693932264098467
2024.06.06,600041.SH,0.1859723962705846,0.17620278708949835,0.5046078042910991,-0.676162603582967
2024.06.06,600042.SH,0.671133042729618,-0.6093511730658472,0.4893314026841596,0.30686249549854716
2024.06.06,600043.SH,-0.6233846084536787,-0.24660443869905613,-1.4986438823291666,0.8288586246458776
2024.06.06,600044.SH,-0.2215267405892268,-0.14764388097370704,0.09494832260937834,-0.13711007772763198
2024.06.06,600045.SH,-1.5662559901817963,-0.4909226528884621,-0.041284166536500404,-1.2986064504512151
2024.06.06,600046.SH,0.06744436020859731,-0.11741923352035664,1.8722051885675353,-1.2761432829100425
2024.06.06,600047.SH,-0.2807166851053042,-0.5471647086265363,0.12693194859422535,-1.619288698792581
2024.06.06,600048.SH,0.5239101371911098,2.400505193358943,-1.216324912888372,-0.7480946147000717
2024.06.06,600049.SH,0.2058643782629763,-0.23118763011283033,0.8857833476401258,-0.31800281684703646
2024.06.07,000001.SZ,-0.38522659284695054,0.30712858467162035,-0.9124768077756417,-0.8843833337153271
2024.06.07,000002.SZ,0.33030448460919415,0.4349887293529087,-0.6045134157349555,-0.1809854927552312
2024.06.07,000003.SZ,0.7642259819932623,0.2656711782301182,0.19546924211861033,-0.22628915457521095
2024.06.07,000004.SZ,-1.7753640752525692,0.20340804790005235,-0.9784802157338546,-0.3678684520612163
2024.06.07,000005.SZ,-0.8836371157896371,-1.3836511707609955,-0.6261764029193834,-0.684088536476833
2024.06.07,000006.SZ,0.21158983835117195,-0.38659023984360513,0.3372076377422577,-0.6439532283246172
2024.06.07,000007.SZ,1.5595940836289388,0.16706350184581176,-0.21738440244998009,-0.057139465229067335
2024.06.07,000008.SZ,1.0623720800542378,-0.09678929408052019,0.006951039777340673,-0.7497452657390985
2024.06.07,000009.SZ,0.2893772896800667,1.0934339012593202,-0.33122299533336197,-0.5140188762819371
2024.06.07,000010.SZ,-1.710865967536086,1.5612374730796337,0.4049557731458767,0.08435424921570232
2024.06.07,000011.SZ,-0.35847930976854253,-0.5716518175259715,-0.052853847950978756,-0.1361965731484756
2024.06.07,000012.SZ,-1.7730393665237234,-0.9017109389102428,-0.8709154821697658,-0.15548213274708866
2024.06.07,000013.SZ,-0.0015190372674161621,-0.013238511562026198,0.39022824474520657,-0.13608692920516002
2024.06.07,000014.SZ,-0.5744911029255864,0.8769618149713768,1.9663017875242854,-0.1460056661981422
2024.06.07,000015.SZ,-1.256441399076173,0.8655985813748336,-1.595734794606508,1.4355111305293307
2024.06.07,000016.SZ,1.1164679248050415,0.6953393439546386,0.18377959793045576,-0.3609785817152634
2024.06.07,000017.SZ,0.44247650324008464,0.19713055289457274,-0.02223476376598246,-1.0872912873145866
2024.06.07,000018.SZ,0.022074374201826896,0.35351373792617835,-0.6077225846805671,-0.2605379122172699
2024.06.07,000019.SZ,0.5214279797853582,0.5588887106857383,-0.919336882562627,-0.5480306446277131
2024.06.07,000020.SZ,0.8830597930071117,0.7848845274906271,1.635843288477559,-0.14053659883913838
2024.06.07,000021.SZ,-0.27303360201163956,0.69877410149688,-0.8056960577806557,0.8163745966238443
2024.06.07,000022.SZ,-0.3297697578125476,0.478874590009089,-0.06098669408370971,1.3363414892138754
2024.06.07,000023.SZ,-0.1477418693159727,0.09006495958558415,-0.3280233820528985,-0.496083836537162
2024.06.07,000024.SZ,0.03279534064340794,-1.412099797192489,0.7720819900629531,0.4404559903741139
2024.06.07,000025.SZ,-0.0490013212444706,1.2229783282744597,0.04256799915837557,0.6098125326156586
2024.06.07,000026.SZ,-0.22048374061174789,-0.4131595780162705,-0.907628499032875,-0.2024172187281957
2024.06.07,000027.SZ,-0.4927529707905035,-1.7713802174242015,-0.17602479811160715,1.4888375219274668
2024.06.07,000028.SZ,3.032349809694528,0.04577601355898138,-0.470084706060641,0.6127252382220385
2024.06.07,000029.SZ,-0.47534228923585375,-0.27249728622137026,-0.07613598963525256,-1.0784699404535882
2024.06.07,000030.SZ,-0.26213173605620776,-0.4573735463525208,-0.2571455751662207,0.025035560606605504
2024.06.07,000031.SZ,2.404978940891651,-1.8714182037182656,-0.761680334315141,0.5899821651604445
2024.06.07,000032.SZ,0.7518944327924322,0.4054769878177069,-0.2818311038397568,-0.305592165148187
2024.06.07,000033.SZ,-1.5006154410633363,-0.5161003471390112,-0.8473541991034644,-0.4172471894052057
2024.06.07,000034.SZ,-2.252061757928802,0.24950388328615383,-0.5104891068055245,-0.01620372307705425
2024.06.07,000035.SZ,0.6780588638878758,1.2937076655115667,-0.6766084928568982,-0.9616040051025253
2024.06.07,000036.SZ,-1.5515488425369106,-1.1269143448711099,-1.3593665770118462,1.4985830259703505
2024.06.07,000037.SZ,-0.42679699782894304,1.159202941471029,0.33577734027311806,0.5313137570756413
2024.06.07,000038.SZ,0.8601801785817251,0.2192478809576788,0.46828599031594803,-0.40500978508844193
2024.06.07,000039.SZ,-2.1456003848841734,0.3101119772906643,1.390665097677031,-2.7301965883653057
2024.06.07,000040.SZ,-2.416317398458366,-0.12093674934023203,-0.942154890947894,0.10475217394605076
2024.06.07,000041.SZ,0.6165019315450676,0.770209146152907,1.333959401389717,-0.07685772483864411
2024.06.07,000042.SZ,0.9642625763591572,1.4630031380931972,-0.3085538029819511,-0.12045078968152234
2024.06.07,000043.SZ,1.4122209112736652,-0.04418134322108866,-0.25644390023534663,-0.7838575886677595
2024.06.07,000044.SZ,2.0253274823470826,0.13289676142699758,0.6320062763052787,1.0671146556809366
2024.06.07,000045.SZ,-0.25864907953134747,-0.26768503903367835,-1.1442231554316795,-0.08798337584184217
2024.06.07,000046.SZ,0.5036738542034813,0.5402766799667527,0.7203837839056972,-1.5636779118896016
2024.06.07,000047.SZ,0.16397140340567862,0.32089336457386813,1.0785786167062497,0.1705101402556007
2024.06.07,000048.SZ,0.6782086181000925,-0.7219326024310854,0.3059826225050875,-0.4876247688430576
2024.06.07,000049.SZ,-0.2249047404567872,1.2821417214691553,0.39937678786175396,1.8317647892125457
2024.06.07,000050.SZ,1.1873691436637455,-0.36542910381661803,0.5313910839018093,1.1536783445988061
2024.06.07,600000.SH,0.16503074034295856,-0.7037822704100213,-1.165671079437468,0.5680339355863882
2024.06.07,600001.SH,-0.09478050627945508,1.2789394272243684,-0.6943645571020471,-0.6001749794919076
2024.06.07,600002.SH,-1.6533345061136868,-2.2792728358038605,1.7681026602099903,2.5902316705451307
2024.06.07,600003.SH,0.024291496255331568,0.014105440829074454,-0.009056483763492443,-0.5469174464799683
2024.06.07,600004.SH,-0.01897656146081424,0.4859115279997359,2.1661865506058917,-0.01863938544203923
2024.06.07,600005.SH,-0.3723806854858972,1.255595019593167,-1.0015050578886537,-0.6415542432427067
2024.06.07,600006.SH,-0.11725579607620389,-1.0053953199490684,0.4576299532706438,1.2751226348836049
2024.06.07,600007.SH,1.2640748312150323,-0.45389352196942334,0.5121465633492988,-1.0408581090418676
2024.06.07,600008.SH,0.3080005245033459,0.8814195038859872,-0.2520556550827689,-0.14351902368705755
2024.06.07,600009.SH,-0.03968729226785155,1.4926606734402619,-0.7151535255693403,-0.30207330810685185
2024.06.07,600010.SH,-3.051506014582945,-1.0934256438008711,-0.7432454530044983,-2.0200359208120706
2024.06.07,600011.SH,0.16217061331318844,0.7108726751763411,-1.085280066025045,0.3625270379207736
2024.06.07,600012.SH,1.4040649239178535,-0.288144041529289,-0.0032171392956024036,0.01064047884636502
2024.06.07,600013.SH,0.09692846718609012,-0.5895797791718136,-0.5794592763682808,-0.24397583162273362
2024.06.07,600014.SH,0.16103271367187189,0.3473904697395748,0.42945981929517196,-0.6011185552900391
2024.06.07,600015.SH,-0.7635483489065434,-1.4498989089758807,-0.9419933369383668,-0.7684979731746368
2024.06.07,600016.SH,-0.42131192397663575,2.381238316183026,-0.8634759735238547,-1.28164875061767
2024.06.07,600017.SH,-0.9803658029226179,-1.3767619530951838,1.091417058028768,1.2612674389904233
2024.06.07,600018.SH,-0.6243143233868553,1.9253642065454486,-0.3461394296012572,0.4567037615253776
2024.06.07,600019.SH,0.15716842252964117,0.46334051275538607,-0.21749646070469628,-1.3147280534649264
2024.06.07,600020.SH,0.35443035095460884,0.8262013915558323,0.3085081614165239,0.25323477816955586
2024.06.07,600021.SH,-3.091365589533912,-0.21931622300628603,2.5255606068709207,-1.325276420862802
2024.06.07,600022.SH,0.22066247829992564,0.7201430534583717,-0.4312264957087555,0.10694616542187087
2024.06.07,600023.SH,-0.7279317004041851,0.1874909801690842,0.6846543558619017,-0.21554657277813571
2024.06.07,600024.SH,1.1803469508251505,-0.45001624125648493,-0.014812792205152872,-0.09296471916898877
2024.06.07,600025.SH,0.31288213801267906,0.5838395048271944,0.02663879247436966,0.1308867855182801
2024.06.07,600026.SH,-0.02730093242187175,-0.21361381190753503,1.2420347044024838,-1.2857206229146976
2024.06.07,600027.SH,-0.356146396093407,-0.062369157524203044,-0.25421832324427973,0.7663797932333841
2024.06.07,600028.SH,-0.22168970600918503,-0.13182891597544874,0.1652395613357893,1.5849377051607694
2024.06.07,600029.SH,1.1825252744241115,0.9813744488024827,-0.5389769512344341,-0.17312273890017124
2024.06.07,600030.SH,-0.5945134295163582,-0.2984050272935469,0.9238589479198099,-0.37206367642678384
2024.06.07,600031.SH,-0.834591198606212,2.7548202466014864,-1.1634234662922682,1.3265370057972283
2024.06.07,600032.SH,-0.1579802469373407,-0.14379643949109375,-1.4238735636255329,0.08575139323771203
2024.06.07,600033.SH,0.46303067487842814,-0.4779828830366128,0.044356541103186,-0.17828256409883006
2024.06.07,600034.SH,-0.5223642814219137,-0.655564171175764,-1.4771592634104194,-0.3028357644261405
2024.06.07,600035.SH,-0.30000111615309094,1.8448551959143156,-0.5711268104821399,-0.8159671621041156
2024.06.07,600036.SH,-0.4925781798972362,-1.790255554619653,0.7443335451187627,0.6025969452957262
2024.06.07,600037.SH,-1.0395832290494638,-1.192781744639353,1.0786168806633931,-1.6803503625903085
2024.06.07,600038.SH,1.53031930113966,-0.3109975066109029,0.09467668083478568,-0.5728567671784858
2024.06.07,600039.SH,-2.1425449920805226,-0.016839535633533742,-0.2766484848508249,0.04603098141418622
2024.06.07,600040.SH,0.35902371187486315,-0.017623125683414002,0.24269245992430707,0.5165224497804437
2024.06.07,600041.SH,-1.7496271053359087,-0.47310461579389324,1.52192810459907,-1.5967898250161485
2024.06.07,600042.SH,-0.3511364765588315,0.9530734159655943,0.3871225495804955,0.1812301083781196
2024.06.07,600043.SH,0.4518945392473578,1.127815154548747,0.8022551618558459,-0.40675407196728397
2024.06.07,600044.SH,0.49736932282486085,1.146191379298824,0.6115451522100521,-0.30758826813740703
2024.06.07,600045.SH,-0.7120552083179049,0.49572314353472663,0.5536836951789239,0.43028517024431734
2024.06.07,600046.SH,0.5575204767441703,-0.292270707837311,1.0260743492558135,0.7650968255830541
2024.06.07,600047.SH,1.2840846697558965,-1.2111148174408433,0.9601911691604372,0.45535764087877445
2024.06.07,600048.SH,-1.6369680403556601,-2.223168937629901,-0.5354906816621718,-0.07307050717330538
2024.06.07,600049.SH,0.6281856114902257,-1.0836947121904348,0.9551490217669448,-0.5778870611193414
2024.06.10,000001.SZ,-0.31605363006816045,3.7471888715748225,0.7498146389389526,2.0120810405581424
2024.06.10,000002.SZ,-1.3423717227674137,-0.48979213482365946,-0.19472283603437457,0.7165019621127653
2024.06.10,000003.SZ,1.7795146911030035,-1.4346864211520214,-0.372594287484764,-0.21436945001370303
2024.06.10,000004.SZ,-0.9650729517020168,0.23952945313580865,-0.07960819511890617,1.0044894182139499
2024.06.10,000005.SZ,-1.2001724933710527,-1.0099821045236204,-0.53842154105779,1.016940291230298
2024.06.10,000006.SZ,-0.17458602408191404,0.5370790713834339,0.8369788236288068,-0.5628897176292801
2024.06.10,000007.SZ,-0.28238373947109746,-0.6605704641879333,0.4390021340155037,0.4640884429539287
2024.06.10,000008.SZ,1.7629464707753038,0.3776477991278099,0.1425020366395234,0.14760967610951428
2024.06.10,000009.SZ,0.7021526036751682,-0.027247157376534617,-0.817695924598454,-0.6185301020503544
2024.06.10,000010.SZ,0.4498732527857982,0.9257754748917258,1.0902689719360654,-1.4079319361224714
2024.06.10,000011.SZ,0.23376803242335129,0.8827136761235943,0.1960943663621365,-0.14914612767168137
2024.06.10,000012.SZ,-0.6567215321643869,-0.01784045438829513,0.5781057724716443,0.270485404028946
2024.06.10,000013.SZ,0.017265058647207357,0.015357112596680978,-0.06963175747502555,0.20203436218026627
2024.06.10,000014.SZ,0.488436577424248,-0.376327094557019,0.551469324126625,-0.11800447210699135
2024.06.10,000015.SZ,0.46691692084924413,0.07366770712979517,0.0461759089363588,-0.26271449849436895
2024.06.10,000016.SZ,-0.3816624253170307,-1.125234457772375,0.8349281362270254,1.6329851000180462
2024.06.10,000017.SZ,-2.187083850204418,-1.8238271692860304,-0.35691332588173075,1.0376994537345976
2024.06.10,000018.SZ,1.3865464008473292,0.523609782920274,-1.119973803105334,-0.5974821233718584
2024.06.10,000019.SZ,1.5690896510198182,-0.8373164883060943,-0.3447705299741655,-0.3698275522970718
2024.06.10,000020.SZ,1.866573622884542,1.0580455690245505,1.6439745161412538,-0.49904584733913965
2024.06.10,000021.SZ,0.6937759831190944,-1.054234397139761,-0.6139605733218915,-0.5479582421054577
2024.06.10,000022.SZ,-1.0590801171896305,-0.21846801045011305,-0.9511818805761871,-0.42597451616078574
2024.06.10,000023.SZ,-0.01459440211313114,-0.19077235107515184,-0.23119906365245577,1.4395237483944372
2024.06.10,000024.SZ,1.515931440827542,-0.4898454329102692,-0.10523997000090732,0.48649153873268336
2024.06.10,000025.SZ,-1.0400597332290697,0.618665238301007,0.22627612533575117,0.7487809712264349
2024.06.10,000026.SZ,-0.31254895253357556,1.4960649375144328,0.06701913475417572,-1.3920035891579337
2024.06.10,000027.SZ,1.488979302346299,-0.5012835786653074,-0.6660265784173401,-0.0249670164223528
2024.06.10,000028.SZ,-0.6495775268588997,-0.4686631890731559,-0.506134661726595,0.238723874276158
2024.06.10,000029.SZ,-0.5639147933744373,-0.4704731801633844,1.6803034610027077,-2.066829776630798
2024.06.10,000030.SZ,0.9319774223030228,0.0356910441340726,-1.135437631534149,0.9703669561274607
2024.06.10,000031.SZ,-0.5523521351730788,-0.8338096456711395,-0.2880588095203592,-1.4901590135020004
2024.06.10,000032.SZ,-0.11920081901334915,0.2660147141374382,-0.8976306376172802,-0.09072856865463601
2024.06.10,000033.SZ,0.5119266410380771,0.770332959627778,1.3136223670050373,-0.0521526112189684
2024.06.10,000034.SZ,-0.11486033719184521,-0.21244477424892988,-0.5025227596174268,-0.030294177917479452
2024.06.10,000035.SZ,1.152262209606636,0.036483572112470684,1.126567899402471,0.9483660966945077
2024.06.10,000036.SZ,-0.09465350701146222,-0.09955058347291341,0.40131859521861396,-1.0683649709144691
2024.06.10,000037.SZ,0.09462764789590411,0.5385020477103581,-0.9171075736642141,-1.0439106949355033
2024.06.10,000038.SZ,-2.542601459738143,-0.4034744459845271,0.27294341468115585,-0.5693232613395389
2024.06.10,000039.SZ,0.9124224890977783,0.6564745556090493,1.1866629367792088,-0.37480500693598406
2024.06.10,000040.SZ,-0.459344276730169,-1.105532231915449,-1.1706015249465733,0.4931913266230687
2024.06.10,000041.SZ,0.8482867672787925,-0.6925102687814587,-0.34531662075313246,-1.0701354636954759
2024.06.10,000042.SZ,0.1886238581870204,1.52558680086663,-2.1768286109686668,-0.023515546378306114
2024.06.10,000043.SZ,-0.2826522702424515,0.2874035197886391,-0.7480532310833574,0.22764108431518698
2024.06.10,000044.SZ,0.8029429351252227,0.8930309741611429,0.46441105514374226,-1.3526568326150623
2024.06.10,000045.SZ,-0.06516240103794366,0.3310778875534035,0.5132539100069445,0.15451558806431068
2024.06.10,000046.SZ,0.7189331686119339,0.03973733838206293,0.07828156484044033,0.44269277464642315
2024.06.10,000047.SZ,1.7163694028173806,0.31071971162249323,-0.9158378020509118,-0.15966850906806007
2024.06.10,000048.SZ,-0.21907138537400386,0.3189024603407971,-0.8682655973072521,0.037590669756539255
2024.06.10,000049.SZ,-2.2940729879269233,1.772135492028702,1.9375653175136247,1.4416003702320306
2024.06.10,000050.SZ,0.2948416475245417,-0.2579740071833158,0.5639208755461993,0.4097822855365219
2024.06.10,600000.SH,-0.8719767669151783,-2.4633855814671928,-0.22439919866703775,0.15437982180523485
2024.06.10,600001.SH,-2.1119711797457597,-1.1557832493439502,-1.1526665896005892,-0.9421798839017151
2024.06.10,600002.SH,-1.0495627127383462,-0.6850960189022257,-1.2054596169190734,0.7911508860876912
2024.06.10,600003.SH,0.11971482057854337,0.42646057262106773,-0.06265046764608245,-1.0580291500512828
2024.06.10,600004.SH,1.2535782817780157,0.37677180762859497,0.36306053321548204,0.8126103629939593
2024.06.10,600005.SH,1.169644121902857,-0.432661867817515,-0.23413757266948038,-0.8030811720909592
2024.06.10,600006.SH,0.07821059114723487,-0.049229292464274925,0.006379470554005388,-0.4885743875363972
2024.06.10,600007.SH,0.0801343154954308,-1.2433796866611448,0.8279128786572093,1.0431046934763808
2024.06.10,600008.SH,-0.4330173616952835,-0.8629839293234367,-0.4514256978731094,0.41140440397288097
2024.06.10,600009.SH,-0.3114584240269701,0.6589786939241989,0.5132810022161249,1.1917529243372864
2024.06.10,600010.SH,-1.1301233607476104,-0.7400289831225996,0.088021363977032,0.04223590541112429
2024.06.10,600011.SH,1.0279854083818971,-1.0726712743302955,-1.305455136447896,-0.8208398604825896
2024.06.10,600012.SH,-0.2802116555423846,0.5933634310456141,-0.16879668560398203,-0.09703479929902227
2024.06.10,600013.SH,-1.4103801232418003,-0.4925226027661214,-0.19307481020712747,-0.21226099663107836
2024.06.10,600014.SH,0.6418152769208163,-0.16843055746446464,0.2286686327650524,0.17932656378713682
2024.06.10,600015.SH,0.8570059813670435,0.09830818405375359,0.6505508110871205,-0.735227759931006
2024.06.10,600016.SH,0.6356602654441855,0.776747792757087,0.034476911264432815,-0.5096662232825417
2024.06.10,600017.SH,-0.29712729216695194,0.7888993217630025,-0.7866967696296344,1.35481875832642
2024.06.10,600018.SH,0.41701950404121674,0.5833990396654144,-1.424368793829025,-0.47272441643976204
2024.06.10,600019.SH,0.5623917751078308,0.8484153006577777,-0.04965508630097447,0.7328491020471409
2024.06.10,600020.SH,-0.8871036232384442,-0.7366798505621515,-0.7557641654767953,-0.6872831266311634
2024.06.10,600021.SH,0.0661314767323239,-0.0530097879432934,0.11853725979463076,-0.5089050876234161
2024.06.10,600022.SH,0.04606719102210122,-1.2575160702092922,-0.9105550356913761,-1.0799671771218327
2024.06.10,600023.SH,-1.0117376451003839,-0.736854295478819,-0.20777368821433304,-0.1328312883277722
2024.06.10,600024.SH,0.8644593219043225,-0.0408514678621982,-0.17236347405442626,-0.9496847464738901
2024.06.10,600025.SH,-0.921119095112448,3.9809642199018396,2.5237400324487074,2.081866907260383
2024.06.10,600026.SH,0.06444723735597153,-1.4382196099485975,1.8978622815105128,-0.150478266137435
2024.06.10,600027.SH,1.169141836072316,-0.6015894825010432,0.17747459009734887,0.096328576646208
2024.06.10,600028.SH,1.4487726533352916,-1.0619580556343629,-0.9242309161050019,1.0760359007072169
2024.06.10,600029.SH,-0.4516585608292098,2.280917880171134,-1.9517345755195716,1.4650853278923464
2024.06.10,600030.SH,0.4055681140030851,0.19748393174594675,-0.5554562333685777,-0.6217482440529201
2024.06.10,600031.SH,1.7503523003897141,-1.676168871901833,-1.5272612556339407,-0.14550623349625794
2024.06.10,600032.SH,0.458056677953699,0.19126537375508437,0.04301787783995339,-0.8749114704729949
2024.06.10,600033.SH,0.213904221047347,-0.19968313814271535,0.20407646396855486,-1.1580215625324854
2024.06.10,600034.SH,-1.972034509932474,2.409279810622335,-0.7225782625014894,0.3395893593412226
2024.06.10,600035.SH,-2.33317738443912,1.777968931937926,0.2820269307596701,-0.2815134888920409
2024.06.10,600036.SH,0.15654054929791164,-0.3647111064064902,-0.4945660139757766,-0.7832551406168607
2024.06.10,600037.SH,0.32796314684655115,1.467413206997477,0.43191677695506353,-0.9967002921542112
2024.06.10,600038.SH,-2.8191603588832144,0.6078258110452914,-1.109702885120541,1.4267129770072264
2024.06.10,600039.SH,0.21840036493516718,-0.6915005641134655,-0.6473995122362864,0.7260672839243072
2024.06.10,600040.SH,1.4132634762941314,1.1453452849377852,-0.34498284880558167,0.5438025931153666
2024.06.10,600041.SH,1.5364304140082727,1.3814661049223467,-0.22746961000648777,0.6419019310596733
2024.06.10,600042.SH,1.614162126986429,-0.49603556136127763,0.22940718345782915,0.7812740306663088
2024.06.10,600043.SH,0.8940580091578654,0.2984938215552377,-0.24266499061110908,-0.4380554921357835
2024.06.10,600044.SH,0.9295115376930854,2.124746642999257,-0.7193909798130549,-1.0847673875178543
2024.06.10,600045.SH,-0.5444668351633337,1.3024964570549802,-0.31074149869531875,-0.6841668723614162
2024.06.10,600046.SH,-0.5691856215625682,-0.12255898231539314,-0.053390536654070744,-0.011639321988187108
2024.06.10,600047.SH,-0.3163979208377823,-0.26145325282449433,0.309745026795848,-1.0447952424970424
2024.06.10,600048.SH,-0.4274986742851601,-1.4933288012912125,-1.6209324790889321,0.8007210572823693
2024.06.10,600049.SH,-1.7437150080590385,0.3836797126554159,0.3707520047736901,0.9983653539651671
2024.06.11,000001.SZ,0.7911331359942914,0.1663029969995077,0.011410710009090089,-0.29108629100563543
2024.06.11,000002.SZ,0.762363331160948,-0.98512762052624,0.19072712908847134,-0.047924540796274624
2024.06.11,000003.SZ,0.2273964259192788,0.18856451632258536,-0.13429250144205687,2.115418482187341
2024.06.11,000004.SZ,-0.5344825073009797,0.0038147955142013965,1.2180616795377943,1.4777173648063309
2024.06.11,000005.SZ,0.08471961158481538,-0.46163421633380214,-0.13240619898108585,-1.2996986982385348
2024.06.11,000006.SZ,0.08622453371624793,0.777936049690732,-0.18220053942966857,-0.7696292616361166
2024.06.11,000007.SZ,-0.5100421662846614,-0.23215743473749506,0.48971846954562387,0.19875990173336336
2024.06.11,000008.SZ,-0.4392376314151375,-1.4419607127114265,0.6028941762923402,-0.6944197594053372
2024.06.11,000009.SZ,0.04279596687058132,0.39772402827098796,0.5378449167484189,1.5323370235642462
2024.06.11,000010.SZ,0.026194824204796185,1.5702673639365399,0.033865858485606755,0.5700917694628674
2024.06.11,000011.SZ,-1.729623472176474,-0.5460990087763337,-0.08912970625162062,-1.912217462204084
2024.06.11,000012.SZ,1.178664636159579,-0.28694562206038954,-0.5018369021481145,0.2755577926860926
2024.06.11,000013.SZ,0.24600429667748308,-0.2998867945467858,-0.4547471445607826,0.8482428848273447
2024.06.11,000014.SZ,0.7743600954793753,0.37137448246531835,1.6098106212527865,-0.8294273428211052
2024.06.11,000015.SZ,-0.10443384583733227,1.1475568707327624,-1.097765023223758,-0.6039781310362526
2024.06.11,000016.SZ,2.0391335269861295,-1.4558676103934725,-1.2359602944367767,2.027574475186631
2024.06.11,000017.SZ,-0.5007469481512622,-0.4564297950002385,0.410092010138973,-1.8712297469774382
2024.06.11,000018.SZ,-1.846527836532784,0.6156440008765133,-0.31582236605598635,2.231284242927322
2024.06.11,000019.SZ,-0.4544033565616209,-1.0405991292558154,-0.9783389296172897,-0.7188363936043787
2024.06.11,000020.SZ,-1.825697098146358,-0.058939622384921904,0.027784587296578046,-0.7067232195315377
2024.06.11,000021.SZ,-0.19637787240675258,-0.05152350750031189,-0.5806192152974925,-0.1820337183364368
2024.06.11,000022.SZ,0.3338501802361739,0.7259899200502415,0.5142056591578941,0.3486608746994594
2024.06.11,000023.SZ,-0.0013426331076925489,-0.73483914023823,-0.7717123038953446,-0.7241414215684497
2024.06.11,000024.SZ,0.7364852228381905,0.28017323168728997,0.7756607763727614,1.4847747549286356
2024.06.11,000025.SZ,1.0432896567120682,0.8433526895059182,-0.45685126813184435,1.4825037551093538
2024.06.11,000026.SZ,1.1281262981874745,-0.45831519542281,-0.7344265916757922,-0.2891259958492652
2024.06.11,000027.SZ,0.007094367581786832,0.2639787701665085,0.46782914158290245,-0.7365482375723638
2024.06.11,000028.SZ,-0.061577605855526345,-0.4894031009132674,-0.8102924593753358,0.8593258108412559
2024.06.11,000029.SZ,-1.606398007891433,-0.3567436960941485,-2.305442146432594,0.8636756953378562
2024.06.11,000030.SZ,0.22955960920650328,1.5155610718423962,-0.9456393690557432,-0.5141640550136937
2024.06.11,000031.SZ,-1.990042116750881,-0.45755904798833025,0.04573988501104558,-1.3873805501020167
2024.06.11,000032.SZ,1.2617480776813466,-0.3534115116477393,0.2574329093224151,-0.9025853023055883
2024.06.11,000033.SZ,-0.8446050282863456,-0.14415672508630423,0.9035106292176355,-1.5846838082024273
2024.06.11,000034.SZ,-0.12060657221693112,-0.9894242898388067,0.7383219592145007,1.515007492153522
2024.06.11,000035.SZ,1.1228282822218976,-0.17313146181684627,-1.5569268402122691,1.3924205366582572
2024.06.11,000036.SZ,0.8582042917934382,-0.027277453597823808,-0.7423307344766753,1.240072389843258
2024.06.11,000037.SZ,-0.07517805862324534,-0.06246538463296426,0.1427156135769893,-0.7140501061998737
2024.06.11,000038.SZ,1.3916722913395,0.27668578372066455,1.5700464808101877,0.34113878589588753
2024.06.11,000039.SZ,0.4933118831098524,1.1743542488512557,0.026475028271613136,0.545615674730919
2024.06.11,000040.SZ,0.6461528364616368,0.010539488608326809,-0.02691133444247567,-0.8144672675444092
2024.06.11,000041.SZ,-1.2233635300870818,1.5561402604267331,-1.4665174986109,-1.0439590961408314
2024.06.11,000042.SZ,1.7210720788105538,1.5542923990211943,-0.14839613112768413,0.017766237241757486
2024.06.11,000043.SZ,0.27560168040661454,1.513547173791735,0.1284242561053623,-0.450708124415023
2024.06.11,000044.SZ,-0.5881327912386114,-0.5723626315711632,-0.2888176446771453,-0.343239065279737
2024.06.11,000045.SZ,0.23670226707230047,-0.4076209176355836,-0.24524001796852968,1.888834445889451
2024.06.11,000046.SZ,0.24617364702546846,-2.2814926247694842,-2.5274212594317467,-0.1747369059914513
2024.06.11,000047.SZ,0.8614115207861218,-1.5550403121476537,0.26111002980380943,0.14206788265618497
2024.06.11,000048.SZ,-3.2985769419697175,-2.2109698123108896,-1.318939801088495,-1.4307310903552224
2024.06.11,000049.SZ,-0.63786694143031,0.17432034408114494,0.18780350701707582,0.2503769321862029
2024.06.11,000050.SZ,0.24253079900682292,0.6409406842615577,-0.978152465538115,-0.5094071501085963
2024.06.11,600000.SH,-0.20581204155357957,0.28207151772653466,-1.1861210937398778,-0.117324583801485
2024.06.11,600001.SH,0.17624997046802496,-0.1329926058698438,0.5670050535027753,0.24543056109454456
2024.06.11,600002.SH,-5.013976357161846,-2.5030870681700312,2.711561121246657,-2.449878506576557
2024.06.11,600003.SH,-2.5988311287705677,-0.3433883384909417,-0.7421151094161829,1.6815192367351066
2024.06.11,600004.SH,-0.13971406319391313,1.3747550495389786,0.09268256503220648,-1.2135095573012606
2024.06.11,600005.SH,-0.16408482484805711,-1.409779180355654,0.13521886460865,-0.9021377221441458
2024.06.11,600006.SH,1.0777625470097218,-1.2294605356104897,0.9392799224362314,0.8178804130317893
2024.06.11,600007.SH,0.3360600120741995,-0.11055849243546566,-0.05332646211878844,1.3874232238978463
2024.06.11,600008.SH,1.3714703308981118,-0.8702897355753689,0.47537543652051883,-0.09037349554585708
2024.06.11,600009.SH,-1.075791438836957,-0.7554644626000911,-0.2639000092695467,-0.24557568032108576
2024.06.11,600010.SH,1.0711694494532331,-1.0508573490216675,-0.932964781183634,-0.6744455760923727
2024.06.11,600011.SH,0.3949214060792529,-0.45652031492782846,0.3323588208774169,0.20416054415469526
2024.06.11,600012.SH,0.3351485706326348,-0.6377975326490979,-1.837646280576287,0.1170324940563865
2024.06.11,600013.SH,2.8059273234221593,0.2140723493509703,1.8727926699786783,0.7513616190366619
2024.06.11,600014.SH,-0.7141441216670779,-0.920576703382911,-0.5770616627579302,-0.1368288959122232
2024.06.11,600015.SH,0.08947280831148233,-0.39420332346836046,-1.0998454951253573,0.17762353874002845
2024.06.11,600016.SH,0.3507178353010431,-0.9754232356471058,0.5947846938080065,-0.0005984174940595735
2024.06.11,600017.SH,-0.8772224261532022,-1.2800996122853077,-1.6049749139477234,-0.0983330159271269
2024.06.11,600018.SH,-0.2598918254016575,0.2460180828666372,0.09789174065132357,0.18621720552678508
2024.06.11,600019.SH,0.00909184881440954,-1.8620751980332968,-1.4095257997140453,-0.40673978555545065
2024.06.11,600020.SH,-0.008672151136605261,-0.5820540357703972,0.016944501961199832,1.063424368652754
2024.06.11,600021.SH,-0.2618767963063444,0.18514894802889334,2.7202786808452326,0.6108848807841704
2024.06.11,600022.SH,-1.7409504755784784,1.7716312779734522,-0.8059420385606114,-0.9411404706039107
2024.06.11,600023.SH,0.7346978335369087,0.3610805964772475,-0.09081454390777623,-0.37713952507171256
2024.06.11,600024.SH,-0.08998726448646731,1.60999171469808,-0.5320606881734806,-0.819739543544521
2024.06.11,600025.SH,0.26805007294930056,0.8406593864012651,-0.7569401099729832,-1.054422747080974
2024.06.11,600026.SH,-0.01709189592132761,0.40745340043101547,0.4634257343661235,0.6617656823113958
2024.06.11,600027.SH,-0.1402209701234407,0.9205964802568342,-0.8182854674507415,0.07877162356836342
2024.06.11,600028.SH,-0.4444949044900901,0.8121427683450426,-0.3021765284663288,0.04187279606259055
2024.06.11,600029.SH,0.9508920515057214,-0.7698410689810822,-0.2557918255902437,-0.07742951865266451
2024.06.11,600030.SH,0.8062063684514259,0.8309394904585445,0.044105397456351184,1.2532272978372312
2024.06.11,600031.SH,-0.9192851602581874,-0.6363566609647243,-0.585369264481716,-0.6437865349979336
2024.06.11,600032.SH,0.822946623773976,-0.26699392994390514,-0.15511318151631473,-0.8952423413269337
2024.06.11,600033.SH,-0.38365068416234316,-0.9249596691093993,-0.4654988233285189,0.4432942898695423
2024.06.11,600034.SH,0.16758312519868065,0.8123173651061646,0.16544270345239012,0.22784758116291653
2024.06.11,600035.SH,-0.07081649758026883,-0.16753247835607785,1.7846158262489729,-0.7148867187373213
2024.06.11,600036.SH,-0.4704563807113202,0.9741661314682911,-1.0824189827892514,0.013229180328000736
2024.06.11,600037.SH,0.3978062566426464,0.8865674593718357,-0.27976180095001646,-0.5420590219784586
2024.06.11,600038.SH,0.8834377702694192,1.1893914563579777,1.3616333972405479,-0.6556865150777281
2024.06.11,600039.SH,-2.386873282975616,-1.0589446983456492,0.5883223381868175,0.7939441065817036
2024.06.11,600040.SH,0.7359130172788724,0.2797930842754378,0.6513945864190709,0.38524081894397216
2024.06.11,600041.SH,-0.0514700618840218,0.47341126764978175,-0.19258129082144446,-0.39313184014037106
2024.06.11,600042.SH,-0.04490681112442089,0.2364597687406237,-0.6165224830677306,-0.6125718854838714
2024.06.11,600043.SH,-0.3214474599111855,-0.6054289807401021,0.38835777066481203,0.27874145946259227
2024.06.11,600044.SH,0.61162926593073,1.0285321946489172,0.948426070784889,-0.7622778345041997
2024.06.11,600045.SH,0.22262635809717882,1.9329189169121723,-0.6244225242297066,-0.27873482832005686
2024.06.11,600046.SH,0.32311512977802226,1.0790814495121555,0.3997465136226243,0.19330881246019427
2024.06.11,600047.SH,0.7490811858712079,0.20696047005652476,-0.06145641390333207,-0.7668251153599676
2024.06.11,600048.SH,-1.0525548039810935,0.08036334229522252,-1.736204586978374,2.5193178179715177
2024.06.11,600049.SH,-1.0853175359683438,0.1836450620986328,0.0957850712651209,-0.20268575862089888
2024.06.12,000001.SZ,-0.5222066747548935,0.16665705792000965,1.728291058610934,1.2304331902112506
2024.06.12,000002.SZ,-0.15125917207011183,-0.28533016366972175,-0.39409409076920204,0.3502525508308677
2024.06.12,000003.SZ,-1.727845175042253,0.23947747094537497,-0.4034831862121039,0.343341135408648
2024.06.12,000004.SZ,1.2038772177187536,0.5987415759922899,-0.13318599857491648,-0.3375770780948483
2024.06.12,000005.SZ,-0.2496682724547868,0.6531590927723543,-0.24190852955967168,-1.034093362797809
2024.06.12,000006.SZ,-1.0150413469878046,0.31645449840056544,0.13765794992381813,0.20561021132811394
2024.06.12,000007.SZ,-0.015611102028263506,-0.9114900173241894,1.5703096010781257,-1.4134471564195492
2024.06.12,000008.SZ,-1.6498785137273453,-0.07495336485037064,-1.2621772946565086,0.5097724005033988
2024.06.12,000009.SZ,1.4068363254623695,0.424233654757975,0.6249784199874703,0.029586341607749853
2024.06.12,000010.SZ,-1.5197289393863072,-0.9168017848171456,0.7511452369255598,0.6292557786820605
2024.06.12,000011.SZ,-0.16790295989506615,0.6426928534946559,1.3288877486068502,-0.38969481248208926
2024.06.12,000012.SZ,0.7229082792435946,0.6380344627013597,-1.1721780802132764,-0.04714134765370899
2024.06.12,000013.SZ,0.1360965735674358,0.6979623196584086,0.42147658166814767,0.6436015202095223
2024.06.12,000014.SZ,0.8736120160161889,1.0031037793016093,-0.14079881981275524,0.06358971603620132
2024.06.12,000015.SZ,1.8452674926477053,-0.6978727630838305,0.18772566072427138,0.2577020122683217
2024.06.12,000016.SZ,0.11774400362217251,-0.26995311478005735,-0.2488033144831357,1.9960666333897896
2024.06.12,000017.SZ,-0.09671207425438465,0.8528285335226362,-0.014042725368150984,-0.5304413989279682
2024.06.12,000018.SZ,0.5076131072374456,0.899216800415239,-1.1256978342168282,1.5788189220802744
2024.06.12,000019.SZ,1.4414837299923124,-1.351243678034077,-0.893465963531027,0.26631013199616826
2024.06.12,000020.SZ,-0.6808969492154836,0.5037471100959013,-0.825655045782303,-0.6166149344092069
2024.06.12,000021.SZ,-0.18582774337538785,-0.7907245195464346,0.9920674194313456,0.32478462996494917
2024.06.12,000022.SZ,1.3593881178138132,-0.36369824596664047,-0.5392135181749204,-0.3639234471038887
2024.06.12,000023.SZ,2.8202113685050776,-1.414499731072251,-0.2599246986584948,-0.15046381411371434
2024.06.12,000024.SZ,1.5032596395151707,0.280513497563093,-0.5423057796063723,-0.913638769343567
2024.06.12,000025.SZ,0.31448471107320014,-0.045346631469132044,-0.10819903255746785,0.584291918493922
2024.06.12,000026.SZ,1.916511964605635,0.010968478604247775,0.3040678758545395,-0.0554344759929942
2024.06.12,000027.SZ,0.7632192231322362,0.04207209738900409,-0.5710775434998723,-1.245032966690427
2024.06.12,000028.SZ,0.8864255008752602,0.37729716337309843,0.7891240933258548,-0.724001080323119
2024.06.12,000029.SZ,-0.045217643557212354,0.8879808534672915,-1.120871918841625,-0.7373427811302077
2024.06.12,000030.SZ,0.3353040437963631,0.9236533608237876,0.17385589881345823,-0.2223595082678788
2024.06.12,000031.SZ,0.6387232535265156,0.6137840463560206,0.525292019658967,-0.9227146696829683
2024.06.12,000032.SZ,-1.377987681313095,1.3890982628531334,-0.9758744056778073,-0.05529731273142165
2024.06.12,000033.SZ,0.9890076174726387,-0.6611943134380323,-1.1841483648831028,-0.40611245103166105
2024.06.12,000034.SZ,2.092144893098279,-0.9615550919448317,0.12679834351079236,1.061177567170936
2024.06.12,000035.SZ,0.4657769363860068,-1.0283635474199178,1.0014967544223026,-0.8055470740433417
2024.06.12,000036.SZ,-1.8208972967952437,-1.4135332400207459,1.4361606068244284,0.6771502509959823
2024.06.12,000037.SZ,1.1500023215244983,0.1433361888218723,0.013720213102145131,0.47518331953186144
2024.06.12,000038.SZ,0.058169330013759325,1.3342813180792188,-0.7031614394434124,-0.02456520893852693
2024.06.12,000039.SZ,-2.4034234597172928,-1.1810170997337925,1.2568591971409093,-1.757946377163091
2024.06.12,000040.SZ,-1.180050740178363,0.1796380758233751,-1.47146153807451,0.9541572623749266
2024.06.12,000041.SZ,-0.16421141498380412,0.18132915231327257,1.1897786029940263,1.3341673915238372
2024.06.12,000042.SZ,1.5200995348463966,0.03708679528031539,0.3607418005099564,0.05001321990385255
2024.06.12,000043.SZ,-0.26633472568044914,0.46734714328507393,0.03431891146410213,-0.21374599274558725
2024.06.12,000044.SZ,-1.4145872335413634,-1.153848946099271,-0.012143559260960175,0.026211268040974935
2024.06.12,000045.SZ,-2.6242863386242137,0.5991087726689935,0.5424274418264086,0.9116518933585414
2024.06.12,000046.SZ,-1.8425792616877943,-0.1758775307576426,-1.0343471509337523,-0.13988329044321357
2024.06.12,000047.SZ,0.18187993131007157,2.4016392796241903,0.021542247133785285,-0.9773741021011402
2024.06.12,000048.SZ,-0.38494566892578364,-0.5004421683031005,0.7615109972744655,2.6399575173847003
2024.06.12,000049.SZ,0.14367503700829706,0.6496770774138535,0.5752957295692068,-0.28027044095777875
2024.06.12,000050.SZ,0.939672342001725,0.5187761776662937,-0.8099799807331937,0.1007013717218117
2024.06.12,600000.SH,0.9824211186363258,-0.29927073351739303,-0.08052184152702421,-0.694048484780691
2024.06.12,600001.SH,0.03715187252493554,1.271451551339928,-0.01844937699118409,-0.8966924037693745
2024.06.12,600002.SH,1.754676764463566,0.1780604172853968,0.1372956879187691,2.2478029545252576
2024.06.12,600003.SH,-0.9874359584027379,-0.8223387236764661,-1.1402259133144095,-1.4922540116062493
2024.06.12,600004.SH,-0.5737750682876749,2.1704445392712777,-0.9692173124223726,0.3375502259113347
2024.06.12,600005.SH,0.5039642023032679,0.2762617329043493,-0.03037844693122109,-0.021985721999552295
2024.06.12,600006.SH,-0.027521452617416883,-1.3573567685375578,-0.03953999041142346,-0.8067308093486951
2024.06.12,600007.SH,0.3959873278998014,-0.3189260500162468,-0.3848113833919784,-0.30833053330438276
2024.06.12,600008.SH,1.1700740632227509,0.5867436012305991,0.3241784146870105,0.023861915321967676
2024.06.12,600009.SH,-0.43705594501537287,-0.33248966022532733,0.7205377574661045,-0.9782068885402843
2024.06.12,600010.SH,0.30725319963047937,0.2239814930400458,2.1464404926891913,-0.08960856872525627
2024.06.12,600011.SH,1.0344024062674992,0.22063392443134297,0.7290133839984413,0.6004257076979265
2024.06.12,600012.SH,-0.8096440573172851,-0.3583647735489391,0.814469112367718,-0.5298590525294125
2024.06.12,600013.SH,1.1967291682149872,0.489125025225522,0.5615034442525951,0.8509323977770703
2024.06.12,600014.SH,-0.99286277798583,-0.20542556751357974,0.6262289372331152,-1.3523006044994688
2024.06.12,600015.SH,0.1654758445740228,0.06616777276386791,-0.45965940267306926,-1.1871704903655416
2024.06.12,600016.SH,-0.49147394208133505,1.5779901626806894,-1.4038398816026274,-1.7241727568929743
2024.06.12,600017.SH,0.3217640160777528,-0.09260568324837423,0.21645906976057028,-0.959604056532833
2024.06.12,600018.SH,1.3087399831072852,-0.6454425858940286,0.14838042811659446,0.7273108743650204
2024.06.12,600019.SH,-0.2580534330203256,0.780150102534113,-0.21213651813991113,-0.6746933858835112
2024.06.12,600020.SH,-0.27917600391006897,-0.13109290843721239,-0.7646755785464121,0.5096976630608894
2024.06.12,600021.SH,0.010724121982116863,0.40393872770922845,1.4148601307659343,-0.4822384936075715
2024.06.12,600022.SH,-1.1174088490723613,0.8704083269419491,-0.15986463713653062,2.476507611861442
2024.06.12,600023.SH,0.27770710458353914,0.9306524129678013,0.39905264222572767,0.1201149482422648
2024.06.12,600024.SH,-1.492554412619219,-0.8060984474354146,0.5128029373018338,-1.9549611718897357
2024.06.12,600025.SH,0.6601391792830315,0.40862374051621936,0.5389107736517281,-0.6623559963851521
2024.06.12,600026.SH,0.03864432583266025,-0.11824121086654965,0.5754783088339076,-1.0664276801424124
2024.06.12,600027.SH,0.9933079423170912,-0.1281640107810553,-0.15370769189824746,-0.1344315334808964
2024.06.12,600028.SH,-1.7168089609681014,-0.06538059219388097,-0.2616166838490588,-0.10057655258421691
2024.06.12,600029.SH,-0.6991927046363212,-0.29384932621523996,-0.46342959623354774,0.8440276834641662
2024.06.12,600030.SH,-0.23575328825970515,-0.7128596086744129,0.4920564340202874,-1.1249031561928227
2024.06.12,600031.SH,-1.5838301044652092,3.1002519657589294,0.02812462822561578,2.8410944061606584
2024.06.12,600032.SH,1.1261345348826024,-0.037970332698136336,-0.7578478772403007,-0.5117261482333925
2024.06.12,600033.SH,-1.4467067853331823,-0.3067686947259397,-0.7544985685980553,-0.5833222281768516
2024.06.12,600034.SH,-0.49629483995590035,0.650013963628123,-0.16267798815307657,-0.01883289619119386
2024.06.12,600035.SH,-0.6839416290663337,-0.23715028750176181,-0.019368968312073177,-1.2706385221032241
2024.06.12,600036.SH,0.751370480456137,-1.323025506895352,-0.444679994334722,-0.5515521993225756
2024.06.12,600037.SH,-0.4960969011296982,0.3217266400096413,0.21563354837596202,1.005763096765407
2024.06.12,600038.SH,0.23973579613142174,0.8614479688327039,-0.8693328790864452,0.7230497642054964
2024.06.12,600039.SH,-2.6572344309375517,1.4822093156962808,1.726472845811556,5.0584923509823065
2024.06.12,600040.SH,-1.4242137105706665,0.8700030231387785,-0.6215435118520196,1.1222183812698965
2024.06.12,600041.SH,0.6243806800512545,0.03200651357846386,-0.4304437919737949,0.577712778369049
2024.06.12,600042.SH,-0.11560685349198334,-0.36915169711969076,0.34824424167191903,0.5225373128074151
2024.06.12,600043.SH,0.13170199353921355,0.31383634897629425,-0.42080045533476923,0.5200288908831512
2024.06.12,600044.SH,0.45327593523506216,0.4934809763262929,1.588257164899561,-0.7852224292260963
2024.06.12,600045.SH,0.3971399953677647,-0.0604292931699019,-0.24652026533462965,0.43175911847255244
2024.06.12,600046.SH,-1.6289753870693469,-0.1848241323306687,2.626515709704299,-1.3972680545465197
2024.06.12,600047.SH,0.48683745684296104,0.17636584407422778,0.045219660526572586,-0.5596100739097427
2024.06.12,600048.SH,0.09856447309919367,-0.02455975936639567,0.4753534322430915,-0.6538591711471211
2024.06.12,600049.SH,-0.2784798988594866,1.1638106386451532,-1.02413407228019,0.5643927106607391
2024.06.13,000001.SZ,-0.7117830142743651,1.0973167292552628,0.24148653570862963,-0.02364021211470487
2024.06.13,000002.SZ,1.994818782533391,0.21272607345254219,0.1326666695289179,-0.11581363020607507
2024.06.13,000003.SZ,0.3138010587180965,0.39155918661503164,0.44998066490264826,-0.5420236964580165
2024.06.13,000004.SZ,0.2995856484604112,-0.7232781413234628,-0.4950129096618569,0.5208714650287004
2024.06.13,000005.SZ,0.5654582728487185,-0.12026808752860198,0.14315292091059556,0.5776415846608212
2024.06.13,000006.SZ,-0.3222033531521131,-0.208213430592907,0.9183278966732219,-1.218511393662113
2024.06.13,000007.SZ,1.9365517741055442,-1.6955135485446247,-1.6799540660503423,0.022892411181212526
2024.06.13,000008.SZ,-0.3082469124052726,0.7704554075502126,0.6166763523861681,1.3530528073849866
2024.06.13,000009.SZ,-0.7923301955791882,-0.37769109975582704,0.35558816409178606,1.5228409125816544
2024.06.13,000010.SZ,-1.3624761186817818,0.3861574427557641,1.0350273045755851,-2.0445635931370796
2024.06.13,000011.SZ,-1.779605313131537,-1.4261841219820623,1.361584890174756,0.11793014680469703
2024.06.13,000012.SZ,-0.34407466786106283,0.7216371680568004,0.0912541979330011,1.087073486650144
2024.06.13,000013.SZ,0.6882590373178393,-0.29662096557156253,-0.2899566452453831,0.41353665071449
2024.06.13,000014.SZ,-1.3404754453109982,-0.14492998877412042,-1.2859888055983872,0.28275717761295294
2024.06.13,000015.SZ,-0.580432200905217,-0.7073304137486068,0.211214732722534,-1.1674443771437364
2024.06.13,000016.SZ,-1.480964162555202,0.6367095196426688,-3.05140804542354,1.5365556634359316
2024.06.13,000017.SZ,-0.25107093571820865,-0.5970924268959802,-1.3002118947382075,0.22844651225391344
2024.06.13,000018.SZ,1.6770730915697414,-0.770703392279425,0.6344575170979856,0.6005328479907326
2024.06.13,000019.SZ,0.6360960860278715,-0.053367148353406446,-0.4111528020683872,-0.2558008405948081
2024.06.13,000020.SZ,-1.1736793752933032,-0.20896669907284204,-1.1734260513863262,-0.24711521410123297
2024.06.13,000021.SZ,-1.0204764888594953,2.283466127324152,-3.017943984520292,0.6249424571532348
2024.06.13,000022.SZ,0.3795802876488205,-0.22595975917719005,-0.09099023733498583,-0.8580260851462507
2024.06.13,000023.SZ,-0.6041956044115174,0.9997028681098741,-0.3520886724749991,-1.5022541684050912
2024.06.13,000024.SZ,0.27711716407883363,-0.6082056340240766,-1.133213803562954,0.6021973022391702
2024.06.13,000025.SZ,0.4420967860667929,0.14792370248106027,0.24447261886219382,0.13054777085178187
2024.06.13,000026.SZ,-1.6971115978900373,1.2119979645420604,-0.6108707220948079,0.2307420811989091
2024.06.13,000027.SZ,0.8080758098306173,-0.3050363485649104,0.6940796567141756,0.25702030475496396
2024.06.13,000028.SZ,-0.567600850497198,-0.31184176167813843,-1.1431351425690577,0.7582306367203657
2024.06.13,000029.SZ,0.16067792767846154,1.3100562637985085,0.5728116756013386,0.9628477603245248
2024.06.13,000030.SZ,-1.1796880809055166,-0.8755982435885873,-0.01530049822103844,-1.2418569632153993
2024.06.13,000031.SZ,-0.10957796290151318,-0.701174719707669,-1.5063276743926952,0.5014784735822563
2024.06.13,000032.SZ,-0.3032844920477702,0.5059964503140021,-0.6076653300950593,0.7163186879013472
2024.06.13,000033.SZ,-2.30902573118502,0.8410192008030508,-1.9652103513415138,1.7317124613115058
2024.06.13,000034.SZ,0.22630895120266475,-1.0744805281953291,-0.7477577185831962,-0.051927119068725186
2024.06.13,000035.SZ,-0.5251428278685215,0.7171224015147905,0.710985614861219,1.0190330189041583
2024.06.13,000036.SZ,1.5759480795056926,0.020183851789283152,1.9499844917435423,-0.2742348902765175
2024.06.13,000037.SZ,-2.933834059795002,1.473982724155363,0.4796305548740614,0.6761223861862725
2024.06.13,000038.SZ,0.6559545375220888,0.5882501813298274,-0.14412302110219122,0.5909274981508125
2024.06.13,000039.SZ,2.801426592981616,-0.7395198114010171,0.3169801102969156,0.7605723675202154
2024.06.13,000040.SZ,-1.3185612372731732,-0.8343846788240249,-1.2431061152856302,-0.050381198188340685
2024.06.13,000041.SZ,0.3553050967154524,0.0030127789530684764,-0.08005733641234103,-1.2606753500810446
2024.06.13,000042.SZ,-0.408857618390102,-0.2908692474595237,0.45291913608987994,0.13825877421890553
2024.06.13,000043.SZ,0.20092757204735154,1.0423869970322,-0.34937646515079906,0.4155458798121092
2024.06.13,000044.SZ,-0.10817018396022102,0.15474638371201752,-0.5345280091269731,1.6592405175697302
2024.06.13,000045.SZ,-0.7053788216962048,1.7446181307282624,-1.5977712722638542,0.6490288200432737
2024.06.13,000046.SZ,0.8271662246362481,-0.18302836325432573,-0.3865567193943609,-0.7864378495988924
2024.06.13,000047.SZ,-3.1553287581764535,-1.65120691975778,1.4095362082724665,-1.5608756956586034
2024.06.13,000048.SZ,-1.4635439929039544,0.8516051189346964,0.9107857711558541,-0.05329096020481401
2024.06.13,000049.SZ,0.036746916940982255,0.3107033234741886,0.07641433421685086,0.03312044275838158
2024.06.13,000050.SZ,0.47538169067224445,1.3275593747896324,1.0217673662474835,1.0412420196374867
2024.06.13,600000.SH,1.0117740570904377,0.3259702356663029,1.0556811932614951,0.5300597036435261
2024.06.13,600001.SH,0.37259045212491004,-0.32495625038796827,-0.23196880203454046,0.7401675196164537
2024.06.13,600002.SH,-0.7033318062804268,-1.7799559117988906,3.2808993453882684,0.2926550156255116
2024.06.13,600003.SH,2.32694591705125,-1.9376581188525732,-1.2880088193613233,0.23835004642248617
2024.06.13,600004.SH,-0.5981895312017866,-1.0417589218669343,2.301133160782544,0.28498193883286727
2024.06.13,600005.SH,0.1505424423837729,0.8842789349583199,0.12511360406919228,-1.0579943225466772
2024.06.13,600006.SH,0.11237722759700831,0.7786813716720408,1.0673899174017922,-0.6883714023236696
2024.06.13,600007.SH,0.4275532977170023,-0.7103401257848586,0.015958542188949112,-1.1197415454866866
2024.06.13,600008.SH,0.8947010002109024,0.372177507978798,0.04044566904023147,-0.43187399662726544
2024.06.13,600009.SH,-0.8163144842220217,4.1194001464626595,-1.7390527101254833,-1.2801716254671562
2024.06.13,600010.SH,-2.5083855319279103,0.7939058630048652,-1.0252107162518127,0.17740531927931744
2024.06.13,600011.SH,3.4713977419548305,-0.09513898210037083,3.2589613487557436,0.8893981366654375
2024.06.13,600012.SH,-0.16294115081016156,-0.4143226350361207,-0.3005718225088288,-0.1818372517178035
2024.06.13,600013.SH,-0.5980135633812806,0.06636130204158078,0.4029065502226418,-0.31549774925754215
2024.06.13,600014.SH,-0.21978218248711054,1.221662384087382,1.933780244842638,0.913957376781576
2024.06.13,600015.SH,-0.5827543374076809,-0.26602817789536914,-0.33932071020001375,-1.4406477119655758
2024.06.13,600016.SH,-0.8736398084787312,0.110448598348305,-0.20838447130898508,0.8836316146150612
2024.06.13,600017.SH,-0.11751424358373587,1.4671308776465783,-0.9322138705042015,0.29164737184141215
2024.06.13,600018.SH,-0.6904399539611025,-1.449422409275791,-0.28167244703355343,-0.20221839329192778
2024.06.13,600019.SH,-1.9529526985202004,-1.9947215409626042,0.6448229104462024,2.1066222121993046
2024.06.13,600020.SH,0.16615400394109572,0.19897845889179958,0.008290180651211811,-0.11420526887845249
2024.06.13,600021.SH,0.6707510084358932,-1.2607599079122727,0.3622279368250143,1.8147164233827522
2024.06.13,600022.SH,1.3533394709289868,0.04531240036032726,1.1148247291200442,-0.7854328596316216
2024.06.13,600023.SH,-0.9189081510739031,0.3446079356071471,1.5965172583798444,2.26244169071204
2024.06.13,600024.SH,0.34427151201356376,-0.17990311894029232,1.2266041541115609,0.36721311682630275
2024.06.13,600025.SH,1.3739626586548361,0.10763091440883892,-0.17083932330429205,-0.6630622862869954
2024.06.13,600026.SH,-1.2095839371968211,0.08317147976233427,0.41883262534961785,0.7737233371128861
2024.06.13,600027.SH,-0.0007250890279723738,0.39439554980626906,-0.7476983072622729,-0.7583598237568442
2024.06.13,600028.SH,-1.4893979663069952,-1.321980837224158,0.6505106319752939,-1.5739231792618562
2024.06.13,600029.SH,1.6435699098724252,-1.7204227139311112,-1.8213967586886213,0.9539377528090255
2024.06.13,600030.SH,0.21596927531845087,-0.29276776712065355,1.6114947891980946,2.0916975092290575
2024.06.13,600031.SH,0.24645452127105383,-0.4302853688583239,-0.2659166021802325,-0.2569271421452947
2024.06.13,600032.SH,-0.7297502651384201,-1.3252777287056812,-1.7840320738474098,0.47313569480263573
2024.06.13,600033.SH,-0.852059402583065,-0.5667206526288406,0.5472402934391111,-1.345165180670928
2024.06.13,600034.SH,-0.46884354627876595,4.755981919512601,-1.66913824790328,-1.0550986397643323
2024.06.13,600035.SH,-1.860836223498795,0.9744325113976747,-0.008206936286494023,0.36645943204498216
2024.06.13,600036.SH,-0.08269049307955653,0.9045999473888214,1.76728292415888,0.7700047041670096
2024.06.13,600037.SH,-0.9144638690158238,-1.20392527982129,-0.1567919168990128,2.1046086254324803
2024.06.13,600038.SH,0.03766690441480695,0.6713276764711386,-0.5539780430093351,0.8533359212684292
2024.06.13,600039.SH,0.849999918409412,-0.7318947178366156,-0.6703804885504977,-0.30839450725200135
2024.06.13,600040.SH,-1.042284512665101,0.23921648885384272,0.5850075791462374,-1.8625431693245802
2024.06.13,600041.SH,0.05546772169747204,0.6822128408109096,0.14823390170020118,0.09102783954464733
2024.06.13,600042.SH,0.6418925853101989,-0.5505341581284497,0.6742820054532497,-0.764122840258606
2024.06.13,600043.SH,1.3309842554677822,-1.382158357703755,-1.4248430969773485,0.4663382068566898
2024.06.13,600044.SH,-1.109353924380051,-1.0895800294321878,-0.4382482938391491,-0.16568484078089982
2024.06.13,600045.SH,0.329069831343857,0.3228419935388311,-0.08996034138438744,-0.7197827806265568
2024.06.13,600046.SH,-1.5288035702658704,-0.196284046284935,0.4328146708938495,0.04059800009508998
2024.06.13,600047.SH,-0.7416022521358941,1.6696643483428528,0.22602018744106106,0.15514274931685673
2024.06.13,600048.SH,0.5873272604277532,-0.6256223262059278,-1.3596610270902632,2.4994591948695892
2024.06.13,600049.SH,-1.6255216557616583,-1.5290586612259836,-0.7356865853548195,2.634909023477855
2024.06.14,000001.SZ,0.31194884434683234,-0.03775190660314716,-0.14510123437171096,-0.3045659025915408
2024.06.14,000002.SZ,-0.5643709251321226,0.2566154828467923,0.20186691148131536,-0.5675163132138958
2024.06.14,000003.SZ,2.0268242425943757,-0.24103584890651494,-0.8960578723386347,-0.295732098207852
2024.06.14,000004.SZ,0.08934717867789206,1.1218436186806253,-0.02633704027870876,-1.4701224823681411
2024.06.14,000005.SZ,0.3304996762125907,0.297975475823583,-0.3267136867131416,-0.017202230251345277
2024.06.14,000006.SZ,0.14600090132323573,0.3430515546156668,0.9570555214237593,-0.7018555511360899
2024.06.14,000007.SZ,1.1357917153942194,0.6512252116173014,-0.9151643503434244,-1.0969335329726595
2024.06.14,000008.SZ,-0.8813777239045795,-0.1328380282224742,0.2684647054152986,0.06238115085708518
2024.06.14,000009.SZ,-2.2676347723941874,1.9743794706202071,-1.6810990583016538,0.3747041158196909
2024.06.14,000010.SZ,0.36460700151784586,1.3925719845785907,0.07230439816218452,-0.8537964679048496
2024.06.14,000011.SZ,-1.3008256150595598,-0.6923681202947629,-0.36956501272482983,-1.5793957191236745
2024.06.14,000012.SZ,3.153628461001134,-1.7394371763557972,-0.42155750770842026,1.5857922850612096
2024.06.14,000013.SZ,-0.19901897856562636,0.09545683589523174,0.6396888020456845,-1.0056488876932272
2024.06.14,000014.SZ,-0.19132464143183134,-0.019089927131286266,-0.376460572789583,-0.9665954333608474
2024.06.14,000015.SZ,-2.625926647371266,-0.32428191106800636,-0.6425599959257199,3.1075066739323263
2024.06.14,000016.SZ,-2.8320477547042637,0.24524750783071342,-0.687299781440615,-0.3181989871974468
2024.06.14,000017.SZ,0.9520483403261605,0.9725434497408593,-0.37371565735227996,-0.1565710283786194
2024.06.14,000018.SZ,0.17831888735590729,0.44873166196239156,1.794563683695941,0.9858356211921548
2024.06.14,000019.SZ,-0.3063594702869335,-0.7762930977821441,-1.2229485518127547,-0.25581851918868775
2024.06.14,000020.SZ,0.2394298172999195,-0.8834606784185829,0.19912841151245456,-0.4566599116366495
2024.06.14,000021.SZ,-1.4687211364945592,-0.7300113935844892,0.9489484448970711,0.9729040274641135
2024.06.14,000022.SZ,-0.6531548886900659,0.09284760278611061,0.266042531438954,-1.2351164576344065
2024.06.14,000023.SZ,-0.31140254417514657,0.6682071780051037,-1.7532820880310325,-0.052124833834625274
2024.06.14,000024.SZ,0.49997125925406966,-1.3482739002241213,-1.9731953722346178,0.17865135993081244
2024.06.14,000025.SZ,0.21449719579171644,-1.481995588631421,1.0037656505242405,-0.35472567293575036
2024.06.14,000026.SZ,0.6089645844717799,1.1006718751702524,-0.11035335314004284,-0.5249277647981255
2024.06.14,000027.SZ,0.19630966991391438,0.8531744237398412,0.34123959656209607,2.52733695037479
2024.06.14,000028.SZ,-1.7441016405937815,0.6023298485179469,-0.1696076523415635,3.0482258191096228
2024.06.14,000029.SZ,-0.9383165335537126,1.237510945311414,0.2590419501462357,-0.8157052221840477
2024.06.14,000030.SZ,1.832792888953362,0.04700046416811644,1.0942669257400348,-0.42893385049583105
2024.06.14,000031.SZ,-0.16134255042778653,0.4782936836095749,0.8851197484972044,-0.28098952496919594
2024.06.14,000032.SZ,0.4358688417304521,-0.9167254119585658,-0.38120941088987764,0.10034609758599182
2024.06.14,000033.SZ,0.655766536042777,-0.7273287362926455,-1.0041194737345687,-0.5782253800374271
2024.06.14,000034.SZ,0.4354112353827272,-2.473142543493408,-1.5436487635373985,-0.14499273034955146
2024.06.14,000035.SZ,-0.39193905428833903,1.5756349759229673,0.8123283472922334,0.9208000543776735
2024.06.14,000036.SZ,-1.4624195704699243,-2.9559690124979476,-2.196690074076251,1.4806821811192183
2024.06.14,000037.SZ,-1.7775182435850772,-1.0052413479711308,0.0246055601993713,-0.19179008939041237
2024.06.14,000038.SZ,-0.38953939456745557,0.08706534043786418,-2.2417747927319835,0.18814863834312462
2024.06.14,000039.SZ,0.22524646441464052,-0.04780292829706661,0.516216282111153,0.9854016040658838
2024.06.14,000040.SZ,-0.32919957398687566,0.1570081502449826,0.38516919105026054,-0.16656040453945248
2024.06.14,000041.SZ,1.004572111314365,0.133124433078459,0.22943643903911642,0.16105832886696905
2024.06.14,000042.SZ,1.7448600784461792,0.21879280935716883,-0.18181542333006992,-0.5242904061021674
2024.06.14,000043.SZ,0.6041336989686498,-0.7199687816724596,-0.6979629619102068,-0.5092900085305088
2024.06.14,000044.SZ,0.3855672215890828,-0.4478897974492757,0.3279185448656647,-1.2271538387036727
2024.06.14,000045.SZ,-0.07696566198597657,-0.840747198088948,0.01084858131628544,-0.864527551472438
2024.06.14,000046.SZ,0.07952391575076839,-1.787042514338787,-0.3047104067767408,-0.9305516864503951
2024.06.14,000047.SZ,1.1311810939308915,-0.905603142031162,-1.3035445194013002,-0.7845983986944234
2024.06.14,000048.SZ,-0.43223903655046364,-0.7037263139246154,0.28028292232027463,-0.017998720323400438
2024.06.14,000049.SZ,-3.763949801642737,-1.1284917835505497,-2.554302105069951,0.08581346787899975
2024.06.14,000050.SZ,-0.05891802565675829,-0.5878613617890059,0.4553973555404932,1.4548155797469176
2024.06.14,600000.SH,0.06732668119877672,0.9762690507749131,0.7955539886598405,0.8827354455578986
2024.06.14,600001.SH,0.24996995768715582,0.7752410676214124,-2.1248816712127603,0.22103276760472412
2024.06.14,600002.SH,1.4578545701094385,-0.34105473046463514,-0.5066651653852036,-0.279443130043589
2024.06.14,600003.SH,1.6640754555462904,1.892965651907706,0.19022710702146173,-0.3749340891962339
2024.06.14,600004.SH,-0.2511313167112301,-1.0186217321808824,-0.3349138905235178,-0.14670475060283833
2024.06.14,600005.SH,-0.3201851220930397,-1.4191390122909315,-1.0381294530669019,-1.6254065280116248
2024.06.14,600006.SH,2.358069362823718,-1.5924341789291738,0.4766909832388479,0.13042653956762953
2024.06.14,600007.SH,-0.08303168875883297,0.2746742067510175,0.5392860888067752,-0.8775574281675939
2024.06.14,600008.SH,-1.1156761648089328,-2.9274497708533045,2.675939215987428,0.6804542580941791
2024.06.14,600009.SH,-1.0049359211155762,2.60060723010585,-1.424549568716131,-0.17665873262529166
2024.06.14,600010.SH,0.1166574286474465,1.219738364992119,-0.3442099542829948,-0.5245486037098087
2024.06.14,600011.SH,0.017775575345257935,0.2908426674760574,-0.4816595032853474,-0.7480566114498562
2024.06.14,600012.SH,-0.4865288428290314,0.40950220803803383,-0.8819578360166774,-0.12800154976253203
2024.06.14,600013.SH,-0.31493270596891265,0.6433357091535636,-0.7088113095496668,0.8531041355781512
2024.06.14,600014.SH,0.9990510159693906,0.05069775733923419,0.5765373398391989,-0.4647873141290751
2024.06.14,600015.SH,1.7305716260533923,-0.39365464681967194,-0.03652855364218814,0.2264175192285345
2024.06.14,600016.SH,0.379229310528968,0.9033156377576733,0.6478979090312328,-0.6204078179046322
2024.06.14,600017.SH,0.09525137970690292,-0.18819736820921038,1.0347070802782543,-1.0558539865561711
2024.06.14,600018.SH,0.32317014748618667,0.06556744415429902,-1.0950361371513657,1.4769865822933523
2024.06.14,600019.SH,0.5659035843965329,-0.08693491256966274,-0.5562931887174946,-0.004947438416208901
2024.06.14,600020.SH,-0.9042944259686486,1.2858731498970506,0.4375103365570241,-0.9123071244628969
2024.06.14,600021.SH,0.3236279505965679,-0.029167069511070808,-0.7339065840836455,-1.0844562221821277
2024.06.14,600022.SH,0.7092350595212494,0.3299263017012709,-0.30701235153778916,-0.009124061081487939
2024.06.14,600023.SH,0.8300983569258028,-0.36340656545481287,0.5673481589786102,0.16319179603424008
2024.06.14,600024.SH,-0.4488246348490933,0.6656629885121298,0.18822198108727953,-1.6340362458171458
2024.06.14,600025.SH,-2.484836861957498,0.2240838004038512,-1.8362151310733414,0.9876713707049694
2024.06.14,600026.SH,1.4559088025700666,-1.2800432479926769,-1.9574523660879584,-0.6518057716043558
2024.06.14,600027.SH,-2.2183803106908364,0.8267113011052212,0.4844575274761978,0.5322145965572468
2024.06.14,600028.SH,-1.534056163395764,-0.019091257241981553,0.11751877589499297,-0.03509440914729309
2024.06.14,600029.SH,-0.896979953216152,0.08408016750809275,1.8578043348253162,2.2478302544630795
2024.06.14,600030.SH,0.473476163314114,-1.0481712152878173,0.39607091909190656,1.0494307784898316
2024.06.14,600031.SH,0.5645696437744279,0.6669283381540249,-0.14299230111781902,-0.2968918376475738
2024.06.14,600032.SH,-1.0640749815931378,-1.3810137396445827,0.25222386757942095,0.03441865449685937
2024.06.14,600033.SH,-0.03455357825828841,0.44522318275803396,0.5428722311458815,0.7997373001929303
2024.06.14,600034.SH,-0.8113040007188639,0.061150432848315214,0.011868809194775863,1.3136255426405037
2024.06.14,600035.SH,0.16189618306519094,-0.8414615901329107,-0.005760197463093618,0.7141627251044598
2024.06.14,600036.SH,-0.18429947476658567,1.6050429575875562,-0.6186273809534358,2.0065918236559175
2024.06.14,600037.SH,-1.1109953222044997,0.7098554967320976,-0.3257675842464948,-0.2214826018577039
2024.06.14,600038.SH,0.42527481020935626,0.46712761942965725,-0.15982131379107642,0.2432534948233417
2024.06.14,600039.SH,0.309508210045539,0.4591494702561591,0.21952792795872508,-1.0407090117178832
2024.06.14,600040.SH,-0.33024206796645356,-1.8714374540885939,-0.7239855788390334,0.3858994643705641
2024.06.14,600041.SH,-0.09904170675909764,0.10702534697406275,0.9103078209411413,0.5269244583240393
2024.06.14,600042.SH,0.3254671024366531,-0.4677265181305992,-0.2894431054703142,-0.07174115551972815
2024.06.14,600043.SH,0.39676783053690806,-0.4545322825865721,0.9013400664682325,0.4255410843992651
2024.06.14,600044.SH,-0.3414673062856475,-0.08454355534085695,-0.6183467349051045,-0.28325747629087106
2024.06.14,600045.SH,0.5059705098325776,-0.19977270641787365,-0.5321160177441245,0.7948471784195892
2024.06.14,600046.SH,-2.6813956508640593,-1.9779419981739563,2.4160755666016756,-0.7509757576557518
2024.06.14,600047.SH,-0.14359974581042725,-0.33138046861017567,-0.09258958515005526,1.0565549196564306
2024.06.14,600048.SH,0.23917186677628702,-0.13663027100033553,0.9690345194228762,-0.605843771347983
2024.06.14,600049.SH,-0.4259581446222088,1.1123728251423943,-0.512920390621993,-0.6172609474532664
2024.06.17,000001.SZ,-1.0724631533108842,-0.7419293107852002,0.27759916499424675,0.16376889033054406
2024.06.17,000002.SZ,-1.987877392158491,-0.7822898406400466,0.13325786560948444,-1.8551633560709386
2024.06.17,000003.SZ,-0.3919061041862531,-0.7504246337179687,0.011565679988907009,-0.5622523832697959
2024.06.17,000004.SZ,-0.4708594197930754,-0.997036923571755,-0.20226700950881862,1.5859568454277995
2024.06.17,000005.SZ,-0.03840018890663698,0.883227571372529,0.3367984396106297,-0.3943099147428776
2024.06.17,000006.SZ,1.156753328924892,-1.1974350449084714,0.5852182165905644,0.17285820228207327
2024.06.17,000007.SZ,0.38631962900126005,-0.09026154774496215,0.14681972085336026,-0.9279275553712287
2024.06.17,000008.SZ,0.532127788630385,0.5196181068076197,0.7943439290685009,-0.18509871058089375
2024.06.17,000009.SZ,0.014848431353380452,-0.23138999377511113,0.2355934179460534,-0.4868693748972957
2024.06.17,000010.SZ,-0.34681793796529753,0.1718869099165769,0.462022225632393,1.558495996872403
2024.06.17,000011.SZ,0.5240615441788432,0.7620928686702761,-0.8919132256804688,0.07807814401939599
2024.06.17,000012.SZ,1.747460472812279,2.226825405139243,-0.5373055201065118,0.7018448501142723
2024.06.17,000013.SZ,0.5523851589118629,1.1935276762525207,-0.47499347285038945,-0.9355880217929792
2024.06.17,000014.SZ,0.7985777107094632,-0.9139159305743602,0.5687234843309432,-1.1256768281699432
2024.06.17,000015.SZ,0.0100838308503818,1.374283608798214,-0.8273239150877727,-0.5365481625749751
2024.06.17,000016.SZ,-0.9841812248502235,0.5716781455950766,0.033100701626173415,1.1427126960883216
2024.06.17,000017.SZ,0.9191880494838578,-0.3614381080424231,0.6703529701479107,-0.2275370424834632
2024.06.17,000018.SZ,1.4467388013588887,-1.512790219240952,-1.260128402466811,0.03317974398695736
2024.06.17,000019.SZ,-1.4587192004118583,-1.0383041919826794,1.487317270910991,-2.5979784698605863
2024.06.17,000020.SZ,0.263715441303554,-0.06623481376712129,-1.3175177230060955,0.8283486026670858
2024.06.17,000021.SZ,-0.16980568870432583,0.3189086051327685,-0.21076431404762022,0.0900693025847618
2024.06.17,000022.SZ,0.7371776873040319,-0.022104894028149472,1.955291848968448,-1.1124605884288745
2024.06.17,000023.SZ,-1.66717561980096,-0.42415081993266285,0.745704360712453,-2.210765496563726
2024.06.17,000024.SZ,0.5445159482354673,-0.43381899315105404,0.3122673637793285,-0.059267262529327215
2024.06.17,000025.SZ,-0.6898743161379381,0.9913119965783262,-0.13622150319014031,-1.8369723025258353
2024.06.17,000026.SZ,0.9042327688846268,0.7194284190431927,-0.9156390755229431,-0.24412478475132665
2024.06.17,000027.SZ,-1.6351141787634351,0.8579524671506477,-0.06275359861488507,0.37621476752826344
2024.06.17,000028.SZ,0.8471365048390648,-0.6168675281047928,-0.7729492553426054,-1.114448834682974
2024.06.17,000029.SZ,-0.6901653788051386,0.39139075803801,2.1622299107058187,-0.07513493555787247
2024.06.17,000030.SZ,-0.0918201556180264,0.1783414350088245,-0.6919662212105727,0.24413282584452653
2024.06.17,000031.SZ,0.13801449301569574,0.6300161429261507,1.3159180436432516,0.789670736419217
2024.06.17,000032.SZ,-0.21199108487914267,0.4206822796211054,-0.009320970652637818,0.1858875792520678
2024.06.17,000033.SZ,-0.45975440190702466,-0.7329497773884067,0.1277328309830932,0.23779328959278184
2024.06.17,000034.SZ,-0.13137272057245397,-1.408617818812803,0.9629923622334912,0.9077528578805538
2024.06.17,000035.SZ,0.611524482748795,-1.9144165208251593,-1.7046025483282679,-0.6578580363123149
2024.06.17,000036.SZ,0.5597492521025282,1.6034816657909594,-0.04000259295116293,-0.18096460577359252
2024.06.17,000037.SZ,0.37992637884366415,-0.03460427497842192,1.39910086763329,-0.10438759391183644
2024.06.17,000038.SZ,0.5341733820844912,0.10269073103137423,1.5936069640058124,-0.786502945852449
2024.06.17,000039.SZ,-1.3751731256774702,-2.2175568274802764,1.7297134108105692,2.4947647710494802
2024.06.17,000040.SZ,-1.7891155781702746,-0.22403295640244214,1.680871233196936,-1.2329159408526578
2024.06.17,000041.SZ,-0.7645104344345972,0.25384154037170736,-1.383691698624464,-0.5014061238712303
2024.06.17,000042.SZ,-1.503488957348082,1.4722598921069716,-1.481314871459247,-0.9066140997857076
2024.06.17,000043.SZ,-0.1955138287999997,1.4260399353613555,-0.3349436297678112,0.27145179736306657
2024.06.17,000044.SZ,-0.3718415607818413,0.6319976964515018,1.4533773016673586,0.8359006015072833
2024.06.17,000045.SZ,-0.09772337617812286,-0.7610291055899956,1.224875066729314,1.2622040589938055
2024.06.17,000046.SZ,2.711964160633972,-0.9944273915066579,-0.16402657700489273,0.19034069880125587
2024.06.17,000047.SZ,2.034051073547154,-1.5866908631592096,-2.139044086074351,0.9426290893727686
2024.06.17,000048.SZ,1.1851071524919814,-0.22295167049657236,1.6161589647159456,0.32210157390537975
2024.06.17,000049.SZ,0.5212802174189811,1.9871303212883347,0.5850049025138008,-0.12574921717724136
2024.06.17,000050.SZ,0.972716506021361,-0.5882134373018029,-0.19347055709229305,0.2970286459948394
2024.06.17,600000.SH,0.22569279595985572,0.13292882415245474,-0.7711173214970763,-0.351997791975397
2024.06.17,600001.SH,-1.3966143390135237,-0.007655842841573768,-0.5533319335184109,-0.8166035523504254
2024.06.17,600002.SH,-0.7798614569675011,-2.0275025793237145,4.861227394423599,-0.3284541150147075
2024.06.17,600003.SH,0.339462995709706,0.25748103994218396,-0.27306514988418606,-0.567481628062487
2024.06.17,600004.SH,-0.07829263450614588,-1.8306664761527984,0.9115510036355885,-1.210622215220858
2024.06.17,600005.SH,0.603246350980674,0.22652760051753681,0.07956936169004146,-0.1695164530203013
2024.06.17,600006.SH,-0.7199193893216027,-0.0747530834463603,-1.061991712381748,-0.3271929501195166
2024.06.17,600007.SH,-0.5506172987617973,-1.252591644184637,-0.8713079544307439,-1.3221081176562948
2024.06.17,600008.SH,1.0584998846334284,1.2683124631769176,-0.5967898054388354,-1.0087709723955678
2024.06.17,600009.SH,0.8861174197460014,0.8066565914550631,-0.720379384163498,0.3400691761783716
2024.06.17,600010.SH,-0.942787072206463,-0.4136970162085047,0.06043342183320105,-0.5506093857330806
2024.06.17,600011.SH,0.8288749543124648,-0.9766406682140549,-2.4370906069274882,-0.863360317986308
2024.06.17,600012.SH,-0.3938533731734498,-1.8470287528588882,-0.3199090179869897,-0.1405062544714739
2024.06.17,600013.SH,0.9755089923353413,-0.06532848477484822,-0.5751190024064549,-0.8096500990616642
2024.06.17,600014.SH,-0.1059154935032626,0.21520451470901106,0.9035602208752309,-0.7211725374281736
2024.06.17,600015.SH,0.15611280670694538,0.21934269979599855,-0.21399112948428625,1.0626709408685737
2024.06.17,600016.SH,-1.9351045622586618,-1.2875631905778275,-2.0691900950557303,-0.08408225644233841
2024.06.17,600017.SH,-0.03724855080556988,0.28908287145262024,0.3489819075317595,1.444620874200075
2024.06.17,600018.SH,0.8045885349865388,0.17672763264723276,0.2897548832421291,-0.39677245020646074
2024.06.17,600019.SH,3.225927351420236,-1.0135662898214495,0.1399783018767757,0.5445112003428529
2024.06.17,600020.SH,-0.21585619292849215,-0.7452069966507273,0.6669266752136669,0.14316462075024242
2024.06.17,600021.SH,0.26764137874357513,0.23749011536800463,0.1175576341646583,-0.2259372325945766
2024.06.17,600022.SH,-1.419313899799841,-0.4385468405535723,0.2491950441006976,-0.44092213436056593
2024.06.17,600023.SH,-2.44231296638351,-0.9564843037131637,0.1269562134012556,-0.6045984155103364
2024.06.17,600024.SH,0.8838067205462776,-1.0149883749275779,-0.3729269430005819,-0.14710353505684734
2024.06.17,600025.SH,-0.0051218628978230195,-0.946261494350721,2.607646799927328,0.0508939245256115
2024.06.17,600026.SH,-0.8664212689873524,-0.07573606513627465,0.2307391260172487,-0.19985023979027244
2024.06.17,600027.SH,-0.8047437738106543,-0.8640613271609212,0.04925624890109842,-0.24825194130301242
2024.06.17,600028.SH,-0.8921202592311777,-0.33725082137917234,-0.21770705153134673,-0.36778835867733634
2024.06.17,600029.SH,0.4613501259007709,0.9339226281916964,-0.5364903750158825,1.226960946759127
2024.06.17,600030.SH,-0.2995158998571926,-0.9854026287498886,-0.5735651951654225,1.3288667606944013
2024.06.17,600031.SH,0.3870807468286868,0.5672720809744481,0.638346544927683,-0.7070695795883681
2024.06.17,600032.SH,0.422943297962897,0.6028271900345052,0.1978249493671584,-1.3278155325333763
2024.06.17,600033.SH,-0.5685682283616418,-1.345708077658637,-0.022801041238729766,0.5735520840681477
2024.06.17,600034.SH,-0.22493081697080436,0.136817566668375,0.4794727261183287,-0.4767537684109513
2024.06.17,600035.SH,-1.0349037075891396,-0.9333906591390443,-0.08017494902140658,-1.3953752630809195
2024.06.17,600036.SH,1.7271477371702535,-0.6986712458037735,-0.5075556773853629,0.8637115755144478
2024.06.17,600037.SH,-0.8646516350326999,0.8538098641109017,-0.471886207250969,0.8206639132547637
2024.06.17,600038.SH,-0.06957138983749554,-0.5261683516890778,2.486044756400715,1.1980300596943108
2024.06.17,600039.SH,-0.58920805358209,-0.3969914988581077,0.796828826957365,0.7712296061940502
2024.06.17,600040.SH,0.6182992666456155,-0.5387307536055941,0.7341756727226431,1.0562176107604122
2024.06.17,600041.SH,-0.29416152004772783,-1.240803335006041,0.09216439930994497,0.5786539290602618
2024.06.17,600042.SH,0.3344616759288898,-1.5003086026579102,0.8488270810600269,1.6562799378090958
2024.06.17,600043.SH,2.025005752503069,-1.6448550930723167,-1.3971077952295856,-0.07986452653343651
2024.06.17,600044.SH,0.5054655105082926,0.4309883224653921,-1.1727259627574338,0.05736980069573436
2024.06.17,600045.SH,0.465167563634399,1.131098226853692,-0.4887928758323125,-1.0004213090045908
2024.06.17,600046.SH,-0.0371788578609867,0.6726073860441579,-1.2123781182612108,0.280034033502883
2024.06.17,600047.SH,-0.2890689017911189,0.8732537155861451,0.45172629180266355,0.05300717582486881
2024.06.17,600048.SH,0.21729266047947893,0.8900533639771427,-0.2521032495437515,-0.16620818070822302
2024.06.17,600049.SH,0.8265198101066962,0.7356540488260347,0.7587549866190072,-0.7917619263797829
2024.06.18,000001.SZ,-0.35098349520739636,-0.790319471260298,0.6271185665693306,1.4753010193151053
2024.06.18,000002.SZ,1.040496960013029,-0.0868194452226041,0.401959551723462,-0.6164647071864247
2024.06.18,000003.SZ,0.32163112457982596,-0.7247342273242776,-0.4385838361987916,1.087327217209702
2024.06.18,000004.SZ,-1.026176073559183,0.295328905974093,0.2688860379758102,0.5296127084173463
2024.06.18,000005.SZ,-0.5949428804700466,-1.559623243641293,1.802179516418587,2.1952299480539215
2024.06.18,000006.SZ,0.7228641911561434,1.328909314857324,0.743935829649019,0.28080990929047334
2024.06.18,000007.SZ,-0.31075115127627584,-1.2908541300060885,0.6062255180205847,-0.6563479790392325
2024.06.18,000008.SZ,-0.4699173251539217,0.9552035290483423,2.510068702526021,2.8496823453401423
2024.06.18,000009.SZ,-0.7973889682566189,-0.19586055921024523,1.460959982012795,2.40390786578642
2024.06.18,000010.SZ,-0.693410490571672,-0.18081843164305303,0.219593664931299,-0.9858509440282558
2024.06.18,000011.SZ,0.14799719555146848,-0.08940123468362919,-0.3981791471265978,-0.34290158713003127
2024.06.18,000012.SZ,0.7070273431075815,0.33473865255994883,0.5484561316771475,-0.7448399197368942
2024.06.18,000013.SZ,0.10945166383268484,0.3561765572974409,-0.1493482413475181,-0.8609221821768631
2024.06.18,000014.SZ,0.5095860991014395,-0.28631773426150803,0.04162578046884295,-0.6979163186922627
2024.06.18,000015.SZ,-0.7510950686455379,-0.1861663752332259,-1.7100460487778668,1.6659671181036975
2024.06.18,000016.SZ,1.480799777885936,-0.5693291004836565,1.1817973560057047,-0.5384928880387169
2024.06.18,000017.SZ,-0.4997614348351324,0.6298477673724718,0.5446484787916467,-0.13629590702402591
2024.06.18,000018.SZ,0.22829088730665856,0.18041155776331363,0.8393276211858895,0.36054303268758303
2024.06.18,000019.SZ,0.46313505087793677,-0.4898485853261809,0.15673741800887886,-0.22990131118427248
2024.06.18,000020.SZ,2.623931943975975,1.981043940340733,-1.3123918011641027,0.4825706465830371
2024.06.18,000021.SZ,0.5807054894337143,-0.21388965384325037,-0.6696247569205621,-0.2483378384731394
2024.06.18,000022.SZ,-0.07645203532589785,-0.369073635213053,-0.8430085066044137,-1.0753199803198006
2024.06.18,000023.SZ,-1.1486992483846241,-0.21313088904189456,0.3444737444821892,2.083121516338352
2024.06.18,000024.SZ,0.13735865875917178,-0.7635994391256155,-0.5504361431422048,-0.9566828434368058
2024.06.18,000025.SZ,-0.7697229679292588,-0.641619013478057,0.2127136276561835,0.724207969474252
2024.06.18,000026.SZ,-0.39069809187256155,0.4232195074027799,-1.9017948835586163,0.30690605966215573
2024.06.18,000027.SZ,-0.15144924860276382,1.1601212622813493,0.24589632343143528,-0.4574365775655227
2024.06.18,000028.SZ,-0.9431187189417133,0.9862331757778587,-0.8842265239113563,-1.2036909423508437
2024.06.18,000029.SZ,-1.4199812699404286,0.5431555590343666,0.6930764938986089,0.6010305760580368
2024.06.18,000030.SZ,-0.07117708228209711,4.313140229805348,-0.6247302807551475,-0.1372331740752466
2024.06.18,000031.SZ,1.4062234522767483,0.25244916955438257,0.9560138175929341,-0.811211553295731
2024.06.18,000032.SZ,0.20845600969088002,0.47421672845199364,2.6817574885897173,4.669761594463393
2024.06.18,000033.SZ,1.9155122389986396,0.5621790593850954,0.16865991261265234,0.07292889361220348
2024.06.18,000034.SZ,0.8255503967727874,0.08799301253058726,-0.1890588305677754,-0.03481098987161899
2024.06.18,000035.SZ,-0.9381416109377968,1.2287420442713477,0.5566410216307988,-0.46669486534298316
2024.06.18,000036.SZ,-0.3210103247184567,-2.3995415746735613,-0.6630080880734159,0.47052288777687523
2024.06.18,000037.SZ,-2.5943227209245596,-1.8355079086342645,1.0157528193870882,-0.11344498318521304
2024.06.18,000038.SZ,1.732466204227863,-0.26784583921750976,0.6275271123134422,-0.12893957733720376
2024.06.18,000039.SZ,0.3493833180507667,0.4136811730230145,0.4734419229848772,0.06998732918126177
2024.06.18,000040.SZ,-1.5900823157494377,-1.0983894464214554,0.7862315831877943,-1.4421022725939725
2024.06.18,000041.SZ,1.3826389624575137,-1.3684071732369043,-0.9070071349992006,0.33917124395245524
2024.06.18,000042.SZ,1.774728252469478,0.05301013342480198,0.45916471474711357,-0.5870332017814388
2024.06.18,000043.SZ,0.2396132238054809,0.24625657321284522,-1.1169718118148582,-0.6383622259112289
2024.06.18,000044.SZ,-0.6095004134066959,0.007558986362919851,1.5152914073722612,-0.1748557014246111
2024.06.18,000045.SZ,-0.5965664269860043,0.3472794767120131,0.43084333386719287,2.5949762242902477
2024.06.18,000046.SZ,-0.6668858380792411,-0.12513469751185102,0.45512923162097846,2.30341980124018
2024.06.18,000047.SZ,-1.2043320573807683,-0.3968254419024026,-0.9713177254676529,-0.7272870502690031
2024.06.18,000048.SZ,0.4507913636418873,-0.8370851311408147,-1.7340316308862838,2.096851849019267
2024.06.18,000049.SZ,2.206602153276103,-0.10230451877257515,1.0984395627408985,-0.29529111404138425
2024.06.18,000050.SZ,-0.6627774550494938,1.1038478594902983,-0.8069664169892714,-0.5143002884833706
2024.06.18,600000.SH,-0.5111365565310557,-0.5891902753945399,1.0025985781801634,-1.7460857374324021
2024.06.18,600001.SH,-0.3289640204129056,-0.6145005578867948,0.22283100144505352,0.2662682508978028
2024.06.18,600002.SH,0.17609603617564554,0.07039652371275104,0.9342290940493773,-0.5226955109928351
2024.06.18,600003.SH,-0.848369629880499,0.30456023495978274,-0.7135548089764313,0.5061066907131704
2024.06.18,600004.SH,-0.6709327726158513,-1.323433104277877,-0.7464824373446111,-1.3111461557365565
2024.06.18,600005.SH,0.6546478696923518,-0.1424898545485596,0.8858820581126904,-0.24939289433297676
2024.06.18,600006.SH,-0.7262619170254262,-0.40725938053427274,-0.22262366623266164,-1.285509412032186
2024.06.18,600007.SH,-1.8421567809148331,-0.4994941138884783,-0.9294457713743705,-1.4525782878260678
2024.06.18,600008.SH,0.022818788292523675,-0.8893901985499049,0.36451200769965225,0.12902801875820955
2024.06.18,600009.SH,-0.46674533465189405,1.4146493524009287,0.7211620736426145,1.7998453164473438
2024.06.18,600010.SH,0.26714627259373247,1.2392715340386795,-0.33623513534867194,-1.1230117570678178
2024.06.18,600011.SH,0.955737777390113,-0.5860285521768991,-1.3157550722692257,-0.0336429749948705
2024.06.18,600012.SH,-0.6012531969467726,0.9761258515822091,-0.6115762926012447,1.3315349943011843
2024.06.18,600013.SH,-0.2132661932577905,1.1952428356894196,-0.27059176541223645,-0.8725766304270922
2024.06.18,600014.SH,-5.475600109114649,-0.8948304615607802,-1.9775023227831225,6.5527178890139055
2024.06.18,600015.SH,2.16883757527962,-0.31963769700462713,-0.3744089420299021,-0.005730900505481516
2024.06.18,600016.SH,0.1421541968708089,-1.6282697513288935,-1.005228767561115,-0.6490661177977589
2024.06.18,600017.SH,-0.6911973861904939,0.5840548729794658,1.9281788293661355,-0.6923956222438882
2024.06.18,600018.SH,-1.3706235377970684,-0.7291707833703346,1.8490179522432058,-1.0154925474091148
2024.06.18,600019.SH,0.5514771632513933,0.8990305173190468,-0.26519990737390653,-0.9531647336671787
2024.06.18,600020.SH,0.5638672528124288,0.618149434174923,0.05295284052323258,-0.9378575640692167
2024.06.18,600021.SH,0.37147295466736285,0.6351899782188424,-1.255702085238873,0.06420895760065198
2024.06.18,600022.SH,0.34405716535490055,-0.06958950096521083,1.1573123554912803,-0.3615730683530643
2024.06.18,600023.SH,-0.7090660379503264,-0.4823855285645997,-0.4616676475184163,-1.3728837281190414
2024.06.18,600024.SH,0.31719484791302094,1.1501348471159278,0.18160098351691528,0.5294069045441661
2024.06.18,600025.SH,-1.2212296897894277,0.24388791946704746,0.6562794260083725,0.2055142166578205
2024.06.18,600026.SH,0.001060908749639398,-1.203611463283107,-0.7528271914603043,-1.057636969829513
2024.06.18,600027.SH,-0.6599142384440944,0.3472944483863626,0.7511935080378528,-0.40467071112745806
2024.06.18,600028.SH,0.6328164796310074,0.036441011958977046,0.2896011278388426,-0.10544764383038185
2024.06.18,600029.SH,1.0141952998288946,-0.7551281746661593,1.6376563732888392,-0.8834301738947448
2024.06.18,600030.SH,0.9420630465564788,-0.3046146818787932,0.7860818385938104,2.395984307773909
2024.06.18,600031.SH,1.0365547116478608,-1.0542581564172322,-0.605369541928316,-0.622172958008201
2024.06.18,600032.SH,0.3737755173099241,0.39131869347151726,-0.24908281592006232,-0.09732406178618916
2024.06.18,600033.SH,0.7503664554673982,-1.0201646615454512,-1.94713094584303,0.18547743402699512
2024.06.18,600034.SH,-0.7177108657735325,0.45067838411300426,0.2073440565966417,-0.19115224698594538
2024.06.18,600035.SH,-0.11075738050301565,-2.394952005495037,-1.8014311922180566,-0.39180259846075416
2024.06.18,600036.SH,-0.9416902526579898,-0.2891261442459097,1.31668323165244,-1.0684137238813776
2024.06.18,600037.SH,-0.4616895100101161,-1.37465799579059,0.9988199307424313,-0.376142827363612
2024.06.18,600038.SH,-0.4590488637798317,0.8717962726895079,-0.6364758237884723,1.3423037183265307
2024.06.18,600039.SH,-0.2557888819692341,2.125791053378777,-0.6756469834593103,-1.0279146473833896
2024.06.18,600040.SH,-0.15023193709376684,0.516123324695278,-0.35536881454191577,-0.8160954230076406
2024.06.18,600041.SH,-0.8501533924255801,-0.8672977325791844,-1.3482066899372762,0.414996941639058
2024.06.18,600042.SH,0.01143019513931212,1.5035875925611342,1.056018759847771,-0.4288991748860097
2024.06.18,600043.SH,-0.11748821452420931,1.4619536518461775,-0.770669255558626,-0.22514012205397796
2024.06.18,600044.SH,0.365194730873443,-0.6030652622536792,0.5097172190987121,-0.8968277572663035
2024.06.18,600045.SH,1.2609011342066867,-1.0855783436348452,-0.7966386733789574,-0.674464671925216
2024.06.18,600046.SH,1.4987725318839433,-0.08913555007369589,-0.30238442776096336,-0.02062371331569746
2024.06.18,600047.SH,0.04213899774013989,1.2726827639972238,-0.3954382164380308,0.7383918566073959
2024.06.18,600048.SH,-1.5962134656815328,0.03711616736253395,1.8943681348601262,0.9913900669902208
2024.06.18,600049.SH,-1.3936720347100733,1.2662476573203205,0.5199361339147753,-0.44833706283796443
2024.06.19,000001.SZ,-0.9503772720460579,0.28579577613398255,-1.88091186432534,-1.33123641772013
2024.06.19,000002.SZ,1.5465595268407228,0.2718200264754967,-0.06911105983530914,-0.12135534338379439
2024.06.19,000003.SZ,-1.7075115552881994,-0.074413131990217,-0.09101624635737157,1.8388228238857047
2024.06.19,000004.SZ,-1.9217943519077436,1.5301946923652954,-0.9458073587671941,-0.3690620824551849
2024.06.19,000005.SZ,0.9914560818494281,2.308493852287432,1.1089429526579977,-0.59769210342981
2024.06.19,000006.SZ,4.078866739211106,-1.3124623732520262,0.9974020978471227,1.986003666887308
2024.06.19,000007.SZ,-0.19075070502656433,0.1934709352901399,-0.59863622081169,0.12555571138972993
2024.06.19,000008.SZ,0.07646383311940377,0.5934628375687984,1.2785863573329084,0.9207836564609017
2024.06.19,000009.SZ,0.03952126691676172,-1.3953364336333114,-1.39490564506359,-1.302433049507881
2024.06.19,000010.SZ,0.2821658391623988,-0.47538560812016,0.34915196288738537,3.4655131595699338
2024.06.19,000011.SZ,-1.1560574829145212,0.6174464383783063,2.076896826518857,1.2629600403059755
2024.06.19,000012.SZ,-0.6655370669306095,-0.8466809357017778,-0.052669535372206575,-0.3736209095935687
2024.06.19,000013.SZ,0.7312552824836482,-0.39510258655476527,-1.2818158847240018,-0.05311116868711424
2024.06.19,000014.SZ,-1.6621218115200962,-0.20379878976038476,0.38909208566642706,-0.4307416782871145
2024.06.19,000015.SZ,4.398184169885848,-1.4948364133945433,-0.2267096809977481,1.210891836608725
2024.06.19,000016.SZ,-0.8369909411443616,1.8264226853679968,0.23591856255966914,0.32001788164958905
2024.06.19,000017.SZ,2.448802143886038,-3.3426098255397347,-1.0172176461513556,0.5226130587653729
2024.06.19,000018.SZ,-0.8500144148496588,0.36209461215733096,0.7694330368586729,-0.4429245928028812
2024.06.19,000019.SZ,0.44065272030397684,0.8932721971231594,-0.978882402462023,0.15638712803012603
2024.06.19,000020.SZ,-0.7154752533505192,-0.10248855618216574,2.529576632789405,-1.6119857865883067
2024.06.19,000021.SZ,-1.5459202575718725,0.5598321312698803,0.6538243712541212,0.16195847534679705
2024.06.19,000022.SZ,1.4660035167976453,-0.5560225710295311,0.9767015183082208,-0.043263312258316484
2024.06.19,000023.SZ,1.320996816507012,-0.5667071219077963,0.9904275904666345,0.9924762235817335
2024.06.19,000024.SZ,0.30979517438489085,0.00798426996379954,0.15493406208306906,0.3242335998484914
2024.06.19,000025.SZ,0.34559724171747624,0.6500448862479893,0.03563227864636964,1.0844115494906859
2024.06.19,000026.SZ,0.5776103175344421,-0.053145997503410904,-1.0561488104295027,0.019499751678529506
2024.06.19,000027.SZ,0.7667960719814417,-0.9977423901454215,-0.6943394238538625,-0.48156839175516913
2024.06.19,000028.SZ,0.4122929243729711,0.6718344683417578,1.5760881780918583,-0.13494411970320225
2024.06.19,000029.SZ,-0.8258892634959365,-1.0776965490353343,-0.012344502066075382,-1.4714496330990083
2024.06.19,000030.SZ,1.0137271520153583,0.1573121797004117,0.709371277862169,-1.0735805614910234
2024.06.19,000031.SZ,0.2859695421262788,2.4837536514483225,-0.5439744116522789,-0.1076700839075578
2024.06.19,000032.SZ,0.07974858997187992,-0.09435625001362363,-0.3336134841166177,-0.7454121439864033
2024.06.19,000033.SZ,0.8530566611943114,0.7925810633834567,-1.091558035964571,-0.7804814081942699
2024.06.19,000034.SZ,-0.43103599428534145,-2.1842667151690183,-1.3732640241965124,0.5448828422220583
2024.06.19,000035.SZ,3.515422909341139,0.21556326057015898,-0.7452672828268063,0.754655211432123
2024.06.19,000036.SZ,-1.4760165095793853,-1.3958599688333007,-1.9236504357196134,0.48855497220455973
2024.06.19,000037.SZ,-0.0020112366925366283,1.6266881416379784,-1.843486432319415,-0.590136205285394
2024.06.19,000038.SZ,0.46265246229628,0.17124861082244042,-0.4091864797214542,-0.47374338432974605
2024.06.19,000039.SZ,0.13565176089722686,0.25267937461886664,-0.005162638213726374,-0.5208149565210415
2024.06.19,000040.SZ,2.089692899445721,-2.712498901913967,-1.254993378542595,0.15399234062422587
2024.06.19,000041.SZ,0.325577431431381,-0.06602780452158671,-0.6910114339612221,-0.1397232110402197
2024.06.19,000042.SZ,-0.12157017727319823,-1.5672766416528545,0.3575663340397981,-0.4779896572700851
2024.06.19,000043.SZ,0.17042583262405495,-0.39773479903184616,1.2443609838808678,0.9309391516226468
2024.06.19,000044.SZ,-0.16216608105570715,1.803737736234078,-0.43512196838172323,0.1648104418090896
2024.06.19,000045.SZ,-0.5118825485501862,0.06487515522753513,0.03168482673113508,1.5611288441292381
2024.06.19,000046.SZ,-0.05673315169413979,0.6251344050607065,0.27246404144576347,-0.4314742167743402
2024.06.19,000047.SZ,-0.6142969615538367,-1.2412711791544906,-0.4838293879177684,-1.2795732104460582
2024.06.19,000048.SZ,-0.7004267812055847,-0.41711434736945796,0.8104947368916935,-0.9538320831751949
2024.06.19,000049.SZ,0.07026402365741256,1.2720340525947886,-0.5697059239505732,1.5391860538771878
2024.06.19,000050.SZ,0.5897965337518128,0.3431121185470089,0.3074285392930616,-0.12793231880963948
2024.06.19,600000.SH,0.8611166882563879,1.4716710241511595,0.24107358074272622,1.1449212633427757
2024.06.19,600001.SH,0.8809219842559242,0.44376068980058175,1.6053166917888393,0.31564649375037446
2024.06.19,600002.SH,-1.2100919711513838,-1.1358148378526982,1.283169346242779,-0.24200045113436805
2024.06.19,600003.SH,-0.9019260710630697,0.8081810505350532,-0.8336666231755872,0.11196237152431661
2024.06.19,600004.SH,-0.943556467879037,0.23819420675074202,5.002338898833826,-0.026352015286231587
2024.06.19,600005.SH,0.5261095554305494,0.5047116139602099,-0.12323652271713567,-1.278432380282171
2024.06.19,600006.SH,0.4387637811338188,-2.0574781101937845,-0.6943643674771908,-1.2795480773471997
2024.06.19,600007.SH,-0.5573625187985938,1.7663823130288505,0.4768330475196231,-1.0586823853621106
2024.06.19,600008.SH,-0.6023202778821805,-0.12157840434054235,1.978081334245893,0.3594525731007241
2024.06.19,600009.SH,-0.07927025653240147,2.7612885933633056,-1.6664574418505773,-0.4084203198586801
2024.06.19,600010.SH,-1.0746965441771708,-0.2062211462943946,-0.2174096183702561,-0.4061334353747259
2024.06.19,600011.SH,-0.5091901643016602,1.6345825565633472,-0.2780544232242873,-0.6420160198020469
2024.06.19,600012.SH,-0.9373162645116988,1.8765690952346648,-0.5946251476894071,0.2651434357354901
2024.06.19,600013.SH,-0.045946397205130246,0.2255659939042831,-2.073688439948674,-0.6777948112005472
2024.06.19,600014.SH,-0.6746300996917054,-0.5521234526378282,-0.927738601709759,-1.0193198360960316
2024.06.19,600015.SH,-0.8425392220784581,0.21953466391797416,-1.5078607138498983,1.4878371744978667
2024.06.19,600016.SH,0.6380356787679275,-0.8683542197045659,0.045497667019516116,0.9676628754707501
2024.06.19,600017.SH,-1.4123904431058585,-0.6811019479941017,0.8038686287004541,-1.8079847929769544
2024.06.19,600018.SH,1.4384877904078557,-2.461855614092943,-1.8736892776000118,-0.6070314235192293
2024.06.19,600019.SH,0.35849555820667156,2.163211741307274,-0.6828157442053576,0.011410789335941708
2024.06.19,600020.SH,-0.2281309919865971,0.9872982776265532,0.07257361736638515,0.3667827456278029
2024.06.19,600021.SH,-0.2273745682376742,-0.3485521068148969,0.9838813578185573,-1.535899500626065
2024.06.19,600022.SH,-0.8637830732756765,-1.8773182540096243,0.07371123983671665,-0.46983745920872444
2024.06.19,600023.SH,-0.9031848762802669,-0.7911919851232442,-1.3141385220699164,0.8078879237227282
2024.06.19,600024.SH,1.2476379766942625,0.18057134878666792,0.5665461616601604,-0.5177115746190073
2024.06.19,600025.SH,0.539831582186503,-0.11573315460948275,-1.3083190739154646,0.04477234412418927
2024.06.19,600026.SH,-1.0088008253310607,0.32587440446007165,-0.13366940367125366,0.18515681418500074
2024.06.19,600027.SH,-0.3265304302046137,1.3051904505124903,-0.4697888676766983,1.9216239512915392
2024.06.19,600028.SH,0.326931757148888,-1.2634592690311042,1.63354493251116,0.5222582870380658
2024.06.19,600029.SH,-0.6349413485886899,-0.2887598300767566,0.18066972144896476,-2.13078611798486
2024.06.19,600030.SH,0.3636705518705526,2.3423261412789755,-0.6737328580439815,-0.7413450062782511
2024.06.19,600031.SH,1.0578555526313327,-0.9591672917454298,-0.06473867901213248,0.013710113531388528
2024.06.19,600032.SH,-0.7783970232224413,-1.2560864614017575,0.7460761054070006,-0.1901966784879342
2024.06.19,600033.SH,0.34203436717506747,0.43254141577959987,0.7722285798840222,-0.2978305864823878
2024.06.19,600034.SH,-0.4364005579647784,-0.41163990386844146,-2.2639281373430418,1.4989826490036569
2024.06.19,600035.SH,0.08706907585493505,0.6687265170736093,0.3479153176198971,1.3263971627510343
2024.06.19,600036.SH,1.3578840764709699,-0.5736416814814733,0.7105520469041802,0.6806738862682826
2024.06.19,600037.SH,-0.3200321286890539,0.16794851873302613,0.6905487215381202,-1.1540563588622492
2024.06.19,600038.SH,-1.0524898767366544,0.027203765531855148,0.558751366873421,-0.7679518827308764
2024.06.19,600039.SH,-0.0897320240886915,-2.9938567406767738,-1.6167981759615626,0.0016457221775906074
2024.06.19,600040.SH,0.009848821656682397,0.5290091358839858,0.2081395984378638,0.5732872120008711
2024.06.19,600041.SH,0.08725626845381733,0.9159246649085595,-0.45147684863070486,0.23759908213238512
2024.06.19,600042.SH,-1.5502592840490061,-0.7825678234928224,0.24864391702499333,1.0114350920779993
2024.06.19,600043.SH,-0.6055873889544467,1.1715881005847666,-0.18857139726901806,-1.4119392224014367
2024.06.19,600044.SH,0.6443183399686193,-1.1604886706028918,-1.5297596029593097,0.7307978860679893
2024.06.19,600045.SH,0.3841921347341917,0.5526868181738028,2.56707783653132,1.051297317820986
2024.06.19,600046.SH,-1.161561031999612,-0.23462199310130058,-1.428608329091782,0.4880777405360357
2024.06.19,600047.SH,0.18175989809538626,-1.461821322786634,-0.11848730037096089,-0.17366638394111045
2024.06.19,600048.SH,1.4265311248008705,-0.21634623181539073,0.019344432318276372,0.022629480131637954
2024.06.19,600049.SH,-2.010388251597714,-2.890889256919545,-2.3103650216410236,1.0449172974516443
2024.06.20,000001.SZ,-0.6808861093952931,-1.2538959556295095,1.192731906191429,0.06649193146463896
2024.06.20,000002.SZ,0.9246980187675483,2.6228131479894636,-0.9769278280469526,-1.1218746533591721
2024.06.20,000003.SZ,1.9712353358565837,-0.2763043958718358,0.10074842210041018,0.42921670903500686
2024.06.20,000004.SZ,0.7882275912270975,0.7762878954400153,0.7603331654333315,0.17405392559632338
2024.06.20,000005.SZ,-0.5411922371692274,0.693252674501043,0.8995471962999901,0.027832458040642757
2024.06.20,000006.SZ,-0.3189053002546098,1.1511062301165313,-0.2507241329625715,-0.30019771459429573
2024.06.20,000007.SZ,-0.7210691669410838,0.4789111181468452,0.753708383399505,1.9724458407527095
2024.06.20,000008.SZ,-1.0445273207568473,0.5061893691082289,-2.4286019050241188,1.761888862602981
2024.06.20,000009.SZ,1.2467979814242112,0.7539319381713935,-1.2810173858608604,-0.4667579711056812
2024.06.20,000010.SZ,-0.1569906522823443,-0.5364700705369756,-0.27240867066284435,-1.3564479347592953
2024.06.20,000011.SZ,-0.32577310882742466,-1.5601476602524538,-0.43376038886693885,-0.5338527982070461
2024.06.20,000012.SZ,-1.0928897369886075,-0.6738537063963219,0.6355440877896767,2.1461146875276156
2024.06.20,000013.SZ,0.7961824201556248,0.11301009437369965,0.13803822572308802,1.7594583382040212
2024.06.20,000014.SZ,0.627643653781738,-0.6137822062406462,-0.34726809149033316,-0.37649683484260915
2024.06.20,000015.SZ,0.3221157846183493,0.0504329460510522,0.6246357217216885,-1.4686420592796339
2024.06.20,000016.SZ,-0.6002620904008861,-2.2668453626809475,1.0440903116231939,1.1895467740564134
2024.06.20,000017.SZ,-1.3393650460611606,-1.2857130684340405,0.5106625021620194,-0.9217778651551592
2024.06.20,000018.SZ,2.7146183205448122,-1.5397539248032301,0.0027083398028601075,1.3851596553646865
2024.06.20,000019.SZ,0.603334215528589,0.28021082076162146,0.03722083036376959,1.999953324321208
2024.06.20,000020.SZ,1.6940460987977868,-0.4764534706657849,2.59675659628682,0.08900926044984815
2024.06.20,000021.SZ,-1.3555717513306185,-0.19516921917144836,-0.3292006637097716,-2.511719572313195
2024.06.20,000022.SZ,-0.6250408364489529,-0.6411147949197931,0.6935592432724231,-0.37214460418118084
2024.06.20,000023.SZ,0.4587799247180982,-0.28254259893835504,3.3413922534640523,-0.04427949734035819
2024.06.20,000024.SZ,-1.958257961947222,-2.4540866990989416,0.3582328823454366,-0.6387693070475454
2024.06.20,000025.SZ,0.8128254374121557,-1.1038121612881648,-0.5335488360440066,0.7092776278274302
2024.06.20,000026.SZ,-1.116677351371648,1.2195212918563116,2.5501769598221715,0.9764524847999072
2024.06.20,000027.SZ,-0.016978002233589803,-1.1525731277635767,-1.1703685011862062,0.2805926133201216
2024.06.20,000028.SZ,1.220251342514559,1.257778496034713,-0.667315983375887,0.7798330589167968
2024.06.20,000029.SZ,-0.08773614392700575,0.9520194521908322,-0.005962488627572171,1.134533284715009
2024.06.20,000030.SZ,-0.18976555026590466,1.8792182061668843,-0.9422752676584546,0.8155426374646471
2024.06.20,000031.SZ,-0.005226351051335802,0.8594462279490627,0.025189191406178393,-1.6303185154968967
2024.06.20,000032.SZ,0.8032402965032825,0.003438029833825186,-0.5498201040319377,0.16463744453404353
2024.06.20,000033.SZ,-0.10646336509180562,-1.5654173581363793,-0.3638430478444984,-0.8542184192102471
2024.06.20,000034.SZ,0.7173567208340937,-1.2917120439399092,-2.574495388734578,-1.0692524981832636
2024.06.20,000035.SZ,0.35545673100621056,0.38413146750510296,1.2252153613916317,0.1640307985874272
2024.06.20,000036.SZ,-0.7212462297194584,1.8217711395512877,-0.2946771779707737,0.9567281384778574
2024.06.20,000037.SZ,-0.355251014945039,0.847765111014929,0.8257667709857623,1.5856612731655764
2024.06.20,000038.SZ,0.007352601639663314,0.3039072781664281,0.7554002879072227,0.06660300987152193
2024.06.20,000039.SZ,2.425289566682331,-0.5266898974297775,0.24847666880222233,0.5080683069390892
2024.06.20,000040.SZ,0.20049526182049413,-0.7241839362058847,-0.09360102163629902,-0.03516609937468193
2024.06.20,000041.SZ,1.9850408197682263,-0.9055626492433105,-0.31134135368560956,0.3674030067359974
2024.06.20,000042.SZ,-0.21033577278410587,0.43620277151894377,-0.1213509519587113,-0.3710680308111273
2024.06.20,000043.SZ,0.15004321873762522,-0.2167823017191772,0.3991124237783833,-0.32060001172182606
2024.06.20,000044.SZ,1.514333497702311,0.48247543848397295,0.1822665880547987,-0.7203699503702353
2024.06.20,000045.SZ,-1.2054353193241736,0.19442787809629158,0.2906007337206258,1.5440509714320012
2024.06.20,000046.SZ,0.8986364856074405,0.42034233356477524,0.14352147757797185,-0.8068301752782981
2024.06.20,000047.SZ,0.8190237336491187,-0.6136878607112739,-1.5384549544982387,0.3423123971630908
2024.06.20,000048.SZ,0.7152018870799185,0.7078250647853886,0.08498538143389528,-0.4353652135329636
2024.06.20,000049.SZ,0.7187802752628493,0.3223067602935333,-0.010398649865985111,-0.028378819985974815
2024.06.20,000050.SZ,0.22572912246730112,0.8244530212478617,1.9030456029250817,-0.5619055028766192
2024.06.20,600000.SH,0.8527122272804148,0.47786332136775567,0.05638418825390927,-0.840342827281967
2024.06.20,600001.SH,0.6515276404901055,-0.2793714068408794,0.04076410891647174,-0.17817316913142772
2024.06.20,600002.SH,4.807836650966256,-3.4298980066352813,-1.7161890441040268,2.1428105100909782
2024.06.20,600003.SH,-0.15879235535873937,-0.10164712903134511,-0.5267612240622794,-1.434513850259486
2024.06.20,600004.SH,-0.4035686949206937,-0.5970380849309354,0.9550094127200279,-1.1387565364447922
2024.06.20,600005.SH,0.938870908478379,-0.3910507111018894,1.0197650783720726,-0.28859064764188963
2024.06.20,600006.SH,0.6141352942963524,1.029891517507806,1.5639803923494566,-1.170041340011726
2024.06.20,600007.SH,1.361830104872144,-0.4350944518954567,-0.28977823108444833,-0.790599103322064
2024.06.20,600008.SH,1.1366731123945797,-0.9238747741946257,-0.15961568632829384,-0.6710358680313944
2024.06.20,600009.SH,-1.8825043439040692,-0.7962487153626335,0.7847694449911861,-2.368257537357595
2024.06.20,600010.SH,0.5119559040400599,-0.2587191985618661,0.4724565712877119,0.5066178122143138
2024.06.20,600011.SH,-1.3150018170994833,0.27743273918245887,-0.5964871901080162,1.1594493057799045
2024.06.20,600012.SH,-0.9306819153910297,-0.4349225560022488,3.4199696801539266,0.36888550991822056
2024.06.20,600013.SH,0.7801068979713585,0.8881838827260626,-0.08162089002924564,0.2866499764731179
2024.06.20,600014.SH,0.693598982249331,0.06450552629428875,1.201026968029669,-0.5106328388007225
2024.06.20,600015.SH,0.14407213262588964,-0.6233903427232594,-1.1946507094798398,-0.4002813342842204
2024.06.20,600016.SH,-0.032850130369939966,0.6314780104334066,1.3924722616710254,0.4637108694388353
2024.06.20,600017.SH,2.5099633622296103,-0.40357795287637627,-0.34494683039857477,-0.33483981478126545
2024.06.20,600018.SH,-0.6963354704442084,1.3607927316299724,0.9467769076685159,-0.07279894217225126
2024.06.20,600019.SH,0.8567127720499111,-0.14437927628268019,-0.7895943563476973,1.2926324041464243
2024.06.20,600020.SH,0.13428685621838682,0.37523004965327666,-1.2462085207249167,-0.2017701354399503
2024.06.20,600021.SH,-0.9798948156398574,0.31450530686819517,-1.5521516877458506,0.9767017094519805
2024.06.20,600022.SH,-0.19529310119678991,-0.13682068532455827,-0.41175781006158807,-1.1315573619713106
2024.06.20,600023.SH,-0.49362774128726866,1.3079587526020886,-0.6011931730718273,-0.1876368035144423
2024.06.20,600024.SH,0.741979139191265,0.5879586481928476,-0.13699496776239148,-0.49299070811706397
2024.06.20,600025.SH,-0.3083095349370272,1.0036628697875167,0.829701306324874,0.2554172318180871
2024.06.20,600026.SH,1.163655030704038,-0.5198170498884302,1.1394755811576978,-0.08398804161675025
2024.06.20,600027.SH,0.5187614949109197,0.9436722448187884,2.3599476902175685,-0.30473185221548116
2024.06.20,600028.SH,-1.1419528549040892,-0.40631387865254726,0.07294457561511683,-1.3200122475913005
2024.06.20,600029.SH,0.11085882845313186,-0.6148172319298268,0.31455584635707,1.0632585986401601
2024.06.20,600030.SH,-0.17124116494716277,0.2531590639413469,0.1213486413595918,-0.7090303317463296
2024.06.20,600031.SH,-0.22106371673987307,-0.49056620112061367,-1.94418388572762,-1.1147312726206486
2024.06.20,600032.SH,0.13562263501706734,0.06981968984353079,0.04999265152146236,0.4258903532902869
2024.06.20,600033.SH,0.9596958868454181,0.805360274397888,2.41160645399824,0.08116650634423257
2024.06.20,600034.SH,0.239299210994154,-0.9646304276543003,-1.8863245873848375,1.9872059121986207
2024.06.20,600035.SH,0.05621808359532415,0.7026214464863013,0.1277160179086578,-0.9264075733244138
2024.06.20,600036.SH,-1.7501666454201503,-0.9621362176941586,3.0544880348888386,1.7743563325036098
2024.06.20,600037.SH,1.4929793463207892,-0.7943855492961045,-0.133481946215268,0.5751087927750347
2024.06.20,600038.SH,2.438717680164139,-0.9173668263385054,-0.6259917924573487,-0.4747766922342629
2024.06.20,600039.SH,-0.580574330974491,0.4405427987701493,1.226207157853604,0.007845413816722848
2024.06.20,600040.SH,-1.6430609952328639,0.6872014362978511,-0.48704432841682566,-0.2712731790685373
2024.06.20,600041.SH,-0.34518214009329173,0.7302533619527509,-0.47876484542816444,-0.6994029992532477
2024.06.20,600042.SH,0.7007110215070106,0.3066851046936481,-0.9686072378017492,-0.35094464213012994
2024.06.20,600043.SH,0.26636791369267143,0.8202861778951543,-0.27168980207172566,-0.6633355427576609
2024.06.20,600044.SH,1.3381706138819016,0.39926143654849994,2.361250419464608,0.13242006670283396
2024.06.20,600045.SH,2.0505778001220665,-0.19356474650148817,1.4460859658717726,0.627589294932676
2024.06.20,600046.SH,0.6185081898226277,0.4440539030794676,-0.5125905444513896,-0.09928920193573292
2024.06.20,600047.SH,-0.37352709552854374,0.84099598355222,-0.17301490593448313,1.752367194741096
2024.06.20,600048.SH,-0.14007069624054944,0.5734815690459464,-0.26267252496270654,0.11278402708931025
2024.06.20,600049.SH,-0.20163518267275518,1.2030793263672286,-0.45856361572261584,-1.4336500331727224
2024.06.21,000001.SZ,-2.197663936111624,0.39361473846073664,-0.11571369149766537,-0.04487290917536146
2024.06.21,000002.SZ,0.8054971369050558,0.12493956296608366,-0.11381836677474316,-0.2547857757145415
2024.06.21,000003.SZ,1.8565478982125885,0.7090306277192648,0.888834035609214,0.47169168883375046
2024.06.21,000004.SZ,0.44801564133546923,-0.45668087176342537,0.8385747208464261,0.3260755575776592
2024.06.21,000005.SZ,-0.1564047036700614,0.9689251337956932,1.4806163110258426,1.4368372002663905
2024.06.21,000006.SZ,-2.159816295181407,-0.17401465274398248,0.2752299656598726,-1.4852175229385822
2024.06.21,000007.SZ,1.7593617438725904,-1.8715608742577703,-1.9538166614437555,1.0200435457109576
2024.06.21,000008.SZ,0.18520350972156943,-1.3101528582812327,-0.5269465605452645,-0.7093875885148762
2024.06.21,000009.SZ,-0.6020651392544474,-0.08048380139706691,-0.1635550476207634,-0.1542465515208387
2024.06.21,000010.SZ,1.665974352999697,-0.5732721555969489,1.0734617207297728,1.2923080119666241
2024.06.21,000011.SZ,-0.3672904025504457,0.28995922582250727,-0.27346671480434126,-1.4513739140052941
2024.06.21,000012.SZ,0.9281589620792146,-0.4384095103459407,-1.157576555881901,-0.21343952543229572
2024.06.21,000013.SZ,0.2991078423144937,0.6462384492425982,0.15768303466858663,-0.47037292885695203
2024.06.21,000014.SZ,-0.04829053950939017,0.22963921904876577,-0.6779144099994736,-1.07664189773068
2024.06.21,000015.SZ,-1.5789095205642811,-0.934961158260944,-0.4924947240281738,-0.21404853819811978
2024.06.21,000016.SZ,-0.06267791722758234,0.44766572593561066,0.8464201986577818,-0.5428774671639695
2024.06.21,000017.SZ,-1.0558142365219814,1.8292189805812198,-1.0284961400590722,-0.12500799440844718
2024.06.21,000018.SZ,-2.8756235038877285,-1.8293269590849282,-1.2524080825475565,-1.9444399351906605
2024.06.21,000019.SZ,0.48864667511539706,-0.1428432050821481,-0.2358312217486219,-0.40324630578927045
2024.06.21,000020.SZ,0.12250906011030366,2.169222861130289,-0.38538356020148473,-1.109465162490581
2024.06.21,000021.SZ,-0.6173676569617713,0.5777800147471801,1.441239658434567,0.01107105693340401
2024.06.21,000022.SZ,-1.5104157616850171,2.0265837535091897,-0.03025362905803473,-0.027436174791957094
2024.06.21,000023.SZ,-0.4808001766107075,-0.8011147507045433,3.784074421600204,-1.1355913619591111
2024.06.21,000024.SZ,1.7071062610496415,0.4225187529766941,-0.2194489657794993,0.3828080733729976
2024.06.21,000025.SZ,0.8046388984300674,-0.07851694217751679,0.6454898685743794,0.14268448402849554
2024.06.21,000026.SZ,0.22312695524292744,-0.9287168405020285,-0.8469412545860838,-0.2940016219486223
2024.06.21,000027.SZ,-1.2223347600410917,-3.70660306212542,-0.6742614458098969,1.5999806063058597
2024.06.21,000028.SZ,-2.210239128098915,-0.0444116958591593,-1.7536916366720885,0.3823648485009462
2024.06.21,000029.SZ,-0.03436757052069318,-0.04466328240520245,-0.7721627493203621,-0.2697730891512847
2024.06.21,000030.SZ,0.15103784495594985,-0.028537360230745618,3.172758336050234,1.3517100233741164
2024.06.21,000031.SZ,-1.1243723768800533,-0.6908444608437526,0.22585204946323595,-0.9152508507626368
2024.06.21,000032.SZ,-1.1885017609728141,0.28388580520853124,1.9838805931099763,0.17017315311434228
2024.06.21,000033.SZ,0.7536617794962237,1.100387395416689,-0.33924867304649525,-0.4678827122559795
2024.06.21,000034.SZ,-0.8372295006887495,-0.1767025432080236,-0.11529295629075445,1.036438023592417
2024.06.21,000035.SZ,-0.08246260388451607,-0.48176007067646215,0.2847157975453395,0.7218704544375079
2024.06.21,000036.SZ,0.9758586879599077,1.44866750296937,-0.5304991934622488,-0.8095335724674104
2024.06.21,000037.SZ,-0.8957375751125556,-2.4837027297602807,0.531011494498379,0.4403238446380969
2024.06.21,000038.SZ,0.9410852124209664,-0.3717059294000693,0.003858397897219041,-0.12232325338770882
2024.06.21,000039.SZ,0.70031152950453,-0.11752560982599779,0.43340792437026177,0.2648683644382661
2024.06.21,000040.SZ,-0.8052906204021719,0.6802773523031097,-0.22307678103359774,-0.12169633788235543
2024.06.21,000041.SZ,-3.4205747287314576,-2.0397830102271115,-1.9288108156915365,-1.3895645121024922
2024.06.21,000042.SZ,-0.42398824280532743,-1.700265586424297,-1.781360017342815,0.9003336365799849
2024.06.21,000043.SZ,-1.164760191588254,0.4293897779715783,-0.8747002410116086,1.4445089280643606
2024.06.21,000044.SZ,-0.500631905476632,-1.4263567055021393,1.08208873724268,4.836229313068821
2024.06.21,000045.SZ,0.3697708175468066,0.06702049173708399,1.8799870342189209,0.35729426864905706
2024.06.21,000046.SZ,-2.961643018183089,-1.7484941685451891,1.9415911254400895,0.951959425872465
2024.06.21,000047.SZ,1.3151870937901105,0.39837595949872917,-0.21223170937700284,0.8913174506332519
2024.06.21,000048.SZ,-4.306449246846608,-1.035434751528825,0.7236245269591024,3.8343426908470777
2024.06.21,000049.SZ,-1.4742868755189007,0.15418224262232177,0.13283711077793375,-0.2558271387421687
2024.06.21,000050.SZ,0.8414620281760189,0.3799399888810072,-0.7420688258918896,0.2900564206608886
2024.06.21,600000.SH,-0.7361446681191096,0.44119453155957733,0.6842545479879296,1.594164712856504
2024.06.21,600001.SH,1.0494836904525828,1.2219560574960064,0.3914253126873381,-1.41749709322779
2024.06.21,600002.SH,-1.111487726456107,-1.2605577262376473,1.0497759423029775,1.0502771148246548
2024.06.21,600003.SH,1.5360993936798373,0.7535304558844524,0.15299897278475896,0.6751629546426794
2024.06.21,600004.SH,0.7314863132075576,0.6817558515661942,-0.7311499506986558,0.03514913804617992
2024.06.21,600005.SH,-1.0794665123062952,-1.4834350263057476,-3.5449391315241874,1.5838893824560025
2024.06.21,600006.SH,-0.17759856666326213,2.2780244820690783,-0.3896665940372066,0.6302516237735921
2024.06.21,600007.SH,-0.03393284198849976,-0.0649344208784021,-1.9033879006947203,-0.047692197300994235
2024.06.21,600008.SH,-0.1932944600364132,0.9196174638903571,0.32351985930240434,-0.10753939454080418
2024.06.21,600009.SH,0.41188011857538087,-2.119552061997797,0.68475317436234,-0.994891609720294
2024.06.21,600010.SH,-0.42630926730477775,0.4634098604663884,-0.2541770988110241,0.7286527635749268
2024.06.21,600011.SH,0.009931251712877842,0.1792242102441903,0.04045317983697908,-0.18695198767651217
2024.06.21,600012.SH,0.7049641712198595,0.08074597568214063,0.6956280937392995,-1.0001847473833188
2024.06.21,600013.SH,0.17748969772110199,-1.408980361421261,-1.546169750456608,0.452026473473991
2024.06.21,600014.SH,0.2843234471347396,-0.23654917918326243,0.23534881927750032,-0.8865602058520483
2024.06.21,600015.SH,1.8176718795744689,-1.0027760495478726,-0.05091200458423943,2.4793280572271215
2024.06.21,600016.SH,0.30296985317302966,0.027988480752061413,-1.6803346868585847,-0.38675924266593514
2024.06.21,600017.SH,-0.9453983230378704,0.45561518066782264,1.1007203506243,-0.29800387366688647
2024.06.21,600018.SH,0.04847584203727707,-0.691651927219087,-0.14777071522391674,-0.2243716298225932
2024.06.21,600019.SH,2.1104221745397,0.5251379324280344,-0.9339248371561271,0.26782962750956485
2024.06.21,600020.SH,0.5857429560998587,1.9646090880471894,-0.2814328795397003,-1.1953498838309216
2024.06.21,600021.SH,0.8210041687716731,-0.13305541453128558,0.1265381063029443,0.02103242307609504
2024.06.21,600022.SH,1.2379276920392261,-0.835784744271211,-0.41723696495385015,-0.45942927015015056
2024.06.21,600023.SH,-1.0489114759711318,3.278488729885964,1.4802922980734106,0.07971592799111463
2024.06.21,600024.SH,0.7391644459903416,-0.6469022631905582,3.0854596793219766,0.49558662114469876
2024.06.21,600025.SH,0.9373268770697226,0.8017911868710434,-0.36137735610602123,-1.021551285911975
2024.06.21,600026.SH,2.120019506989898,-0.4937845527752734,1.6122074203757741,0.007676429506244239
2024.06.21,600027.SH,0.6187800578937774,-0.6433765460348271,0.12717744117534596,0.01916051034144829
2024.06.21,600028.SH,0.3493019489321837,0.3875150169156007,0.5574305000159657,0.6266656459673471
2024.06.21,600029.SH,-0.19451570219200756,-1.058355310433579,-1.3926971174485383,1.2237533082635317
2024.06.21,600030.SH,0.16947545217186377,2.644695685779514,0.044730099504140836,-0.4263604336974335
2024.06.21,600031.SH,-0.6457456707848153,0.6741662762092772,0.22632102737045445,-1.7313551353243564
2024.06.21,600032.SH,-0.747223381532513,-0.981697930819195,0.9890223405414399,-0.49769772127485873
2024.06.21,600033.SH,-1.3454811032880771,-0.8689344395908801,0.5565573354666027,-0.06947747652362977
2024.06.21,600034.SH,0.6033621914231181,-0.6038822708959491,-0.3544661602238005,-0.09957012148266195
2024.06.21,600035.SH,-0.10371576971445265,-1.0494885069572588,-0.21444957311208157,0.3471735062179895
2024.06.21,600036.SH,-0.8379170657623941,-0.3419647015698804,-0.4318235607086772,0.4751588547693863
2024.06.21,600037.SH,0.8026805025349311,-1.0700074337356316,-0.4688438380039917,-0.4388016487713846
2024.06.21,600038.SH,1.6948133747840408,0.7234297952416563,-0.24448498537704444,3.654222138001015
2024.06.21,600039.SH,0.6449872168325146,0.45750468779317727,1.144983096340766,-0.19453820148919296
2024.06.21,600040.SH,-0.6906820280106174,0.06865101109655113,0.8277513774512917,-0.39114506328466214
2024.06.21,600041.SH,0.9790229048990879,-0.18898215713749308,0.29918879344643495,0.33209911439613315
2024.06.21,600042.SH,0.2688480736049343,0.2130373673300096,-0.14232554449923676,-0.5471131911307592
2024.06.21,600043.SH,-0.3081972840751252,0.3539155511123916,-0.2418062294901242,0.17879919055052176
2024.06.21,600044.SH,-0.16996193907569523,0.20625860655210887,0.6431957558011403,-1.6098651139935225
2024.06.21,600045.SH,-0.28184805713241334,-1.2482151339395435,-0.8907708766855716,-0.05325119768406704
2024.06.21,600046.SH,0.7510855740071638,-0.8665886373545252,-0.005951870960919698,-0.9794949505317845
2024.06.21,600047.SH,-1.1126804822207377,-0.47635560441582825,-0.47945360408773113,0.031063939021984677
2024.06.21,600048.SH,-0.8252626257970085,0.6501812382598778,-0.2428583219949829,-1.0971443151652336
2024.06.21,600049.SH,0.7796531313576511,-0.023823165098016352,0.11775532777180245,-0.09904710761393766
2024.06.24,000001.SZ,-1.6372302036941067,-0.05723625597782659,-1.0390052599032775,0.13882199569691858
2024.06.24,000002.SZ,0.3979017506917216,0.44853266872773745,0.4317555151961507,-0.6178689573021405
2024.06.24,000003.SZ,1.7188389643252755,-2.100959742953039,-2.332110569791267,0.2381639906790799
2024.06.24,000004.SZ,0.7368116807234882,-0.0452568194277098,-0.2658573383142361,-0.0487763297238585
2024.06.24,000005.SZ,-2.0536743233837327,0.6154663802000888,-1.3917495359296335,1.0156078109760802
2024.06.24,000006.SZ,0.08900694517757918,0.20313338525649394,0.3185480124693108,0.49883924934645696
2024.06.24,000007.SZ,0.5347059522000249,-0.06507350802778489,1.0487311344410692,0.9999873743843785
2024.06.24,000008.SZ,0.24349458790668094,-0.8140878391466405,-0.2126436789968831,-0.5043400848735324
2024.06.24,000009.SZ,1.3331404767059145,-0.21306187874680296,-0.6593350024466896,-0.4793189579320219
2024.06.24,000010.SZ,0.017271802265537352,0.12455885697233185,0.4123861954314223,-0.9879249362995132
2024.06.24,000011.SZ,0.593982945653167,0.9975616239834475,0.6213638465303781,-0.7738991230955096
2024.06.24,000012.SZ,0.1517653225688565,0.2691099839462517,-0.3585653758761993,0.34698808112942886
2024.06.24,000013.SZ,-1.3160458228845424,1.4748204384018355,-2.0808237464147052,-0.13535400375386128
2024.06.24,000014.SZ,-0.9930267897490098,-0.5692250043046586,-2.059896377506353,0.24475328788156558
2024.06.24,000015.SZ,-1.2941764578954769,0.2143559674703042,0.40430575543407765,-0.06971784403906421
2024.06.24,000016.SZ,0.9588919572316469,0.586384155016878,-0.5562886595740913,-0.6061458790034868
2024.06.24,000017.SZ,0.05376579892838826,0.06097434078643556,-0.1580364788910821,-0.03630737795710543
2024.06.24,000018.SZ,-0.6699373243376496,1.4817003669693307,-0.46844632577848894,1.157254646211484
2024.06.24,000019.SZ,0.9189490534738527,-0.5210469148510052,0.256407498899089,1.2350838638035502
2024.06.24,000020.SZ,0.07344561978466227,-0.1664800020465088,1.319234591902736,-0.4944102953604352
2024.06.24,000021.SZ,1.619541298180775,-0.7929469087772316,-1.6519367698703287,0.9845028309450679
2024.06.24,000022.SZ,-0.08926778023821534,1.8362811205966858,-0.5739720372898401,0.909445689607347
2024.06.24,000023.SZ,0.19337167956318338,0.08282128520085084,0.09473163472056233,0.5368315674857043
2024.06.24,000024.SZ,0.7354514284313561,-0.6818532543253419,0.06018071433056203,2.277971367831575
2024.06.24,000025.SZ,-0.5398981026489728,0.25153571582590295,-0.08041031267420645,-0.8287402151739199
2024.06.24,000026.SZ,-1.0130883318731965,0.5529499511468726,0.3955980560613404,0.19743497407309027
2024.06.24,000027.SZ,0.4860318261413904,0.8122139292640917,-0.559976629176105,0.8620961154522122
2024.06.24,000028.SZ,0.45901654911358053,1.141262435026006,-0.55289978782545,0.1487642030806117
2024.06.24,000029.SZ,-1.1291973241092217,-1.9712249519775737,-0.18167250068032642,-0.8476660065390962
2024.06.24,000030.SZ,1.0171301503259702,1.0674437346808483,-0.024609406504010865,0.7600117692594212
2024.06.24,000031.SZ,-1.4863089446461457,-1.1521227793567919,1.597104234690454,0.32124582129986484
2024.06.24,000032.SZ,-0.4945985350252525,0.7842202005511738,-0.08610637204728042,1.6863796320045519
2024.06.24,000033.SZ,0.3451085841753714,1.4397264799472325,1.4339967977405612,-1.2861437213957263
2024.06.24,000034.SZ,-0.028220082344244692,0.22541825678706792,2.9047673464561163,-0.802727089540343
2024.06.24,000035.SZ,-1.6697511117599793,-1.276677517724316,0.514437768777583,-1.9670198404936927
2024.06.24,000036.SZ,0.9797401594720101,0.2972963097808307,2.8048653967232076,-0.1479178463745459
2024.06.24,000037.SZ,2.4673824607803736,-0.5334726685606205,0.5239330732302979,0.49648019702688245
2024.06.24,000038.SZ,-0.31540484408328284,-0.20087167624311672,-1.2189081661277945,0.4399876168882499
2024.06.24,000039.SZ,-3.6729096998868123,-0.8120659484559614,0.5083619377175045,1.1998786972682127
2024.06.24,000040.SZ,-0.0031027349127635546,0.5808757098064475,-0.8942645501702993,-1.3385836153103838
2024.06.24,000041.SZ,-0.32864266581077917,-0.19623871736464787,-0.5114988839768811,0.798892532794618
2024.06.24,000042.SZ,-0.028381953584264052,0.6526194035538988,-0.33653740498973134,-0.6645366585157964
2024.06.24,000043.SZ,0.9436928455481159,-0.8519227107587369,1.0015464771317013,1.2973724371364628
2024.06.24,000044.SZ,0.08682060331770128,-1.3837572522768786,0.2659266197373563,2.0494295125675
2024.06.24,000045.SZ,-1.0466181452691568,-0.8144557046359974,0.09607637979035027,-0.444159026302621
2024.06.24,000046.SZ,0.6339860930252921,0.3111652448043317,-0.173120178254316,0.15149044184264338
2024.06.24,000047.SZ,-0.9497660513360011,-0.5915943801670716,1.4715869115509044,-2.15090177916793
2024.06.24,000048.SZ,1.111537272169518,-2.481807720027095,-1.5750971063805639,-0.6204858457919141
2024.06.24,000049.SZ,-0.45012448118337584,-0.43837566425535673,0.5884509193578956,1.342489666697874
2024.06.24,000050.SZ,-0.06563416666554656,-1.0097736458433102,0.13567053453603806,-1.2033853729472177
2024.06.24,600000.SH,0.5167507988284034,-1.8020399598963137,1.0001846329654713,0.08475426629364843
2024.06.24,600001.SH,0.97191593173958,-1.52817588986014,-1.5832554880130933,-0.007005237946476309
2024.06.24,600002.SH,0.059083084386106696,0.8439777510087663,0.5986076672336227,-0.20802705510496566
2024.06.24,600003.SH,-0.9321190545398703,-0.0919487753484772,-1.370518564873306,-0.7120075258092461
2024.06.24,600004.SH,0.09855769581734715,1.322303425037391,-1.0999435185362572,-0.2634969332153831
2024.06.24,600005.SH,-0.8269097747047179,1.6626238607023198,-1.8653916791425142,-0.9389675906939655
2024.06.24,600006.SH,-1.2514865422807044,-2.2882145391668534,0.12701836178805834,1.2393383800633453
2024.06.24,600007.SH,1.1950467779230336,-0.2889226660119637,1.5166918746802527,-0.4308886853317227
2024.06.24,600008.SH,0.2826454368978295,2.6832550418448835,-0.762375323896817,-0.445506800382359
2024.06.24,600009.SH,1.6497582958316404,-0.9302591283737022,-1.3820366053796496,0.3566288865123863
2024.06.24,600010.SH,-0.6733847627225789,-1.1129508204229763,1.0855280569153434,0.9905885895934518
2024.06.24,600011.SH,-0.19752977836496988,0.718555266539352,-0.2915755489802112,2.8915406176072573
2024.06.24,600012.SH,-0.8513103644939849,-0.501712206154678,-0.22853488319823867,0.19908458343628876
2024.06.24,600013.SH,-2.638080169966116,-0.9565595351389791,0.8817068521606523,1.2890905938921813
2024.06.24,600014.SH,-0.25354458393246077,1.4973358831033472,-1.2436145916835546,0.20710685729634445
2024.06.24,600015.SH,-0.07140576693795499,0.1444143158240461,1.157854972799293,0.7198599028797695
2024.06.24,600016.SH,-1.970116050561796,-1.2101197337274148,0.2254444378355606,-1.691075207689178
2024.06.24,600017.SH,0.6745258586299004,-1.569862311564265,-0.5840502005049849,0.4431420309654468
2024.06.24,600018.SH,0.024901118495959513,3.0276857343320818,-1.3511091891245108,-0.34519411986845755
2024.06.24,600019.SH,-2.490304256897665,-0.5356504846705011,-0.11455475911963933,-0.8583157285993623
2024.06.24,600020.SH,0.24750029647190225,0.7171190326219032,-1.1638508318424148,-0.23410001967990052
2024.06.24,600021.SH,0.693668642334799,0.024530081171396805,-1.4455597853155526,-0.6118953633202036
2024.06.24,600022.SH,1.717793765858445,-1.4928842883301905,0.9447479646786475,-0.27901077014178105
2024.06.24,600023.SH,0.900165290845742,0.10066075926860764,0.05608939991830923,0.494570060926971
2024.06.24,600024.SH,-1.0542959036215067,-0.8447860992239572,1.5311662447849235,-0.9058692672238018
2024.06.24,600025.SH,1.4996675345000732,0.7285460041380142,-0.1863089231644577,0.5187328611980561
2024.06.24,600026.SH,-0.15100013207857205,2.0372111212027786,-0.8609244309289926,2.915071478728791
2024.06.24,600027.SH,-1.8303323923351587,0.06294072168070095,0.6781141547867217,0.2565608268652478
2024.06.24,600028.SH,2.107199767769565,-0.696346111750801,-0.11224817439539957,0.7308027762502307
2024.06.24,600029.SH,0.3734622663595345,-0.5115216950291225,2.123568203301926,-0.3713628429989597
2024.06.24,600030.SH,-0.9340807409096163,0.7299896936220874,0.5251547728534401,0.31364476406359887
2024.06.24,600031.SH,0.8252261876684157,-1.3824320724153971,-1.2454869443876542,-0.22821442217711702
2024.06.24,600032.SH,-2.4343230918015912,-0.025500043262292205,1.1421613907873345,1.7474487500280573
2024.06.24,600033.SH,1.4022085722445168,0.1600492093793438,-0.008077690928136351,-0.5082435122671162
2024.06.24,600034.SH,2.8641744864420446,-0.12683655584915615,-0.08498262611638689,0.5684028688356756
2024.06.24,600035.SH,-0.989540917658762,1.5924807858203436,1.294785799949386,0.5294623834229945
2024.06.24,600036.SH,0.8623326306097794,0.2475035222220782,-0.2617736646867727,0.15073982170840308
2024.06.24,600037.SH,0.5426856367843227,0.5925197533641509,1.1300706941360708,-0.54841855399534
2024.06.24,600038.SH,0.5037771363086903,-2.9380016053220896,-0.7576460614141526,-1.090439388020645
2024.06.24,600039.SH,0.138364670753615,-1.6243448220079513,-1.5395356910919145,1.2544315159724864
2024.06.24,600040.SH,1.1138878746895122,-0.3537358788262578,0.29052809245436473,0.9460181557092582
2024.06.24,600041.SH,1.7876052820969137,0.7634048363070466,0.9099141540045685,0.9763415545252515
2024.06.24,600042.SH,-0.8930373281970383,-1.2309286648007856,0.5793342012777172,-0.8324977090729152
2024.06.24,600043.SH,0.32294083219858505,1.905655592816179,-0.0837782253301272,-0.04588641528630871
2024.06.24,600044.SH,-0.7893245738515485,-0.25250149812727435,0.7923547947213736,-0.6074028491842388
2024.06.24,600045.SH,1.5881601527275133,-1.0530047394443156,0.5863945478223016,-0.046140251874747185
2024.06.24,600046.SH,0.05416130099003241,0.11853069303394997,-0.16907908528581883,-0.71074637941878
2024.06.24,600047.SH,-0.49696109963380747,-1.647433118160901,0.325724273782414,1.0874844962370322
2024.06.24,600048.SH,-1.5409045172316318,-0.3436391484773232,0.7974818557951135,1.1520159024728946
2024.06.24,600049.SH,-0.909087062221093,-0.9883050585398637,-0.03563596580801671,-2.3324576832902904
2024.06.25,000001.SZ,0.2424426567050011,2.907530705762302,0.7778488878805566,1.0395769261750045
2024.06.25,000002.SZ,-0.23502800885143718,-0.144386696710394,1.7523951511363853,0.40384368468666537
2024.06.25,000003.SZ,1.2115695587573547,0.0888666899053307,-0.1156900891134475,-0.10860261323916438
2024.06.25,000004.SZ,0.21280561701166326,0.7372672913425806,-1.668963895600665,1.618472107307573
2024.06.25,000005.SZ,-1.1724921419515641,-0.2442455952376669,0.29834483135565226,-0.4189926287632256
2024.06.25,000006.SZ,1.121627218531752,-1.2057177413548505,-0.07329243248688867,-1.2517543677047893
2024.06.25,000007.SZ,-0.4896784392790215,-1.7597895116862523,-2.0646712832852634,1.1822912667374947
2024.06.25,000008.SZ,0.13589280835940798,0.5221145211260283,-0.7895344793056177,-0.23992868453692529
2024.06.25,000009.SZ,-1.2527281418175389,1.1638574751420137,-0.8745016321048207,0.35300761286673593
2024.06.25,000010.SZ,-0.22285111334281588,-0.6769103516616185,-0.08803146276773309,0.45364374246382766
2024.06.25,000011.SZ,1.4715229691290546,-0.21558148817644868,1.3480318136323763,-0.1664257043402547
2024.06.25,000012.SZ,-0.5545835519012215,-0.6848705194410151,-0.1663459793186275,-0.9939265206562283
2024.06.25,000013.SZ,-0.7471812817277651,-1.024702019246766,0.5280028327258576,-0.10875151930008839
2024.06.25,000014.SZ,-2.137494178851236,-0.8469987471279339,0.6709279268947559,3.590428257925992
2024.06.25,000015.SZ,0.36914263976771433,-1.3854347654088361,0.7013701700180698,-0.14664755710225136
2024.06.25,000016.SZ,1.0937274747635954,-0.10346356252288692,0.7013115979514379,-0.18114315763034197
2024.06.25,000017.SZ,-0.7739056295580334,-1.4510144770179705,-0.13762936916872523,-0.9759254123963741
2024.06.25,000018.SZ,-0.3478718558493445,-0.15614836577901095,-2.0383481618500823,0.18150519925688127
2024.06.25,000019.SZ,0.1474048589543828,0.473615850658658,-1.1047000275562167,0.09459691229271341
2024.06.25,000020.SZ,0.3143584658450427,0.8172661867728296,-0.4051404254910732,-0.34047669815011605
2024.06.25,000021.SZ,-0.27568704956890194,0.4193653108686326,0.12883429907897878,0.0469619442291737
2024.06.25,000022.SZ,2.7523461726120333,-0.677948866327216,-0.1163891903379632,0.8979184128232254
2024.06.25,000023.SZ,0.49385152267047877,-0.3631503168845957,0.40518197477674245,0.6346799249547613
2024.06.25,000024.SZ,-0.17991803921707228,0.476884186433071,2.244224517073918,0.4457640150473971
2024.06.25,000025.SZ,-3.383884206230662,-0.5936406863318019,3.1778581810920286,-1.8453565992376828
2024.06.25,000026.SZ,1.268091671750509,0.25610357132659156,0.9563641023334432,0.6948522890341846
2024.06.25,000027.SZ,0.442168184099103,-0.4523910020590463,0.6377304689785922,0.6980309526156794
2024.06.25,000028.SZ,-0.3350725993861503,-1.0737581212871452,-0.9778818464836599,-1.412244165027132
2024.06.25,000029.SZ,-0.12373052614001395,-0.24049701761599088,2.283041674077082,-0.045770989036351795
2024.06.25,000030.SZ,-1.6646643916067523,-0.35231119077715967,-1.5216903153825863,0.21322815380605353
2024.06.25,000031.SZ,-0.796624479054337,-0.569523576269397,-0.9248210589418316,-1.4238557571444919
2024.06.25,000032.SZ,-0.19181365540849157,0.07226510877967252,0.6417519864273307,-0.7876329949805703
2024.06.25,000033.SZ,-0.4950783688811151,0.6590034399427339,-1.1577777275439527,-0.8561460786127492
2024.06.25,000034.SZ,0.2223776415868015,-1.1586086232886261,0.7135177437744658,0.3875933462097791
2024.06.25,000035.SZ,0.7809826684672898,-0.3714193318456757,-0.4209032159673741,-0.005786933212239077
2024.06.25,000036.SZ,-0.44497811768939116,2.4368051247452818,-0.4411718367298013,-1.8864305507509436
2024.06.25,000037.SZ,-0.051217533322679844,0.2684846987785882,0.69207099406473,0.5199973958708962
2024.06.25,000038.SZ,-0.6726636911967567,-0.4921631308946596,-0.38230126462990593,-0.7291601924759163
2024.06.25,000039.SZ,-0.014283335427791186,0.3125504294526452,-0.9973180569481739,0.3947265198759595
2024.06.25,000040.SZ,0.7055720579525865,0.43158228605582616,-0.5697735011138294,-1.3523002848134746
2024.06.25,000041.SZ,1.4619228827645872,-0.3146732999148616,-0.45241079547646434,-0.8320221720684176
2024.06.25,000042.SZ,-0.046418705427691526,-1.2789367073364826,-2.337189383276051,1.615537796354868
2024.06.25,000043.SZ,-0.1958084919213578,-1.933771680214393,-0.22424600112651746,-1.7029710698788074
2024.06.25,000044.SZ,-0.5310483646234755,1.7828584675159398,-0.7346755047423367,-0.2349971802199736
2024.06.25,000045.SZ,0.22728164962631725,0.7281269030862005,-0.16962170869231746,1.671143299984686
2024.06.25,000046.SZ,-0.1331053027643377,0.07769191998963151,-0.005478257792061801,-0.009717347800417355
2024.06.25,000047.SZ,0.06675408903722355,0.16500708295548294,-1.1241929621782023,-1.0291087578364797
2024.06.25,000048.SZ,0.2453019254627073,-0.12871386996263245,-0.11325118967226061,-0.7108129340222136
2024.06.25,000049.SZ,0.28936981319127925,-0.38230740860142126,-1.1689119472781426,-0.6337927103656957
2024.06.25,000050.SZ,-1.4083865790928651,-1.3004375736444258,-0.7405217239838799,0.9818904507989787
2024.06.25,600000.SH,0.6743347337485038,-0.5352934401780882,0.06986339121056541,0.5444161704612732
2024.06.25,600001.SH,-0.08460740288276067,-0.8037152965976547,0.2483326869970224,-0.15638323985830663
2024.06.25,600002.SH,-0.1111625454621552,0.540455000614547,-0.8097196641967641,-0.27792899041909647
2024.06.25,600003.SH,-0.7119264679841065,-0.8210169254649082,-0.14444742742108369,-0.36846030133136937
2024.06.25,600004.SH,-0.9817239944184386,-0.10562328459636892,0.08794908832185536,-0.3623214706064341
2024.06.25,600005.SH,-1.1588331824609734,0.6338954947253237,-1.6605957571735426,0.4663710476156825
2024.06.25,600006.SH,0.23857633771981163,0.35732228800181287,0.06754579042860327,0.21253620238035553
2024.06.25,600007.SH,1.581916329599569,-1.339464302929922,-0.7844174579570442,0.5481135604911908
2024.06.25,600008.SH,0.9345696818385859,-0.6914028348705061,-0.5161960445058922,0.6083570460141964
2024.06.25,600009.SH,-0.6877527100727496,2.5981807457546227,-0.4358589601457612,0.4675788352513164
2024.06.25,600010.SH,0.204702586525967,-3.2973145455777293,-2.5178563217469887,0.3045892268287263
2024.06.25,600011.SH,1.1683403312707918,-1.0348033217669526,1.288228438653286,-0.1838937292920862
2024.06.25,600012.SH,-0.23671884320108363,1.65480167473125,1.222986772390853,-1.2087409495014994
2024.06.25,600013.SH,-0.1414590993174762,-0.2434925735819849,0.031649437466593384,1.0339786234532107
2024.06.25,600014.SH,-0.45597995315119855,0.8978228971472602,0.3405177330083407,0.7072413906238477
2024.06.25,600015.SH,1.9900158039124434,0.3564267343103414,0.11637120503271486,1.6218880229604882
2024.06.25,600016.SH,0.806864747969894,0.22076551435126568,0.13194872149815107,0.3859647951298288
2024.06.25,600017.SH,-1.0214705257157306,-0.10862143013664263,2.010167500022674,0.17815403835967317
2024.06.25,600018.SH,0.7857515466828209,-0.6131177035717766,-0.7741076049676088,-1.0602113607345276
2024.06.25,600019.SH,0.9434055420994248,0.4149656388347581,-0.0048568140167544955,-0.40417238497789343
2024.06.25,600020.SH,-1.034594028176207,-0.04154736505775832,1.2765452406636408,1.7536739698047765
2024.06.25,600021.SH,-1.4984890900246826,-0.5118073388771934,1.4994020779958228,1.7149360357410277
2024.06.25,600022.SH,-1.120155145171457,0.6678574309796672,0.9790441573229395,-0.4333417174110777
2024.06.25,600023.SH,-0.6470744925000484,1.2169759493067938,1.2330974950962934,1.1317296706859847
2024.06.25,600024.SH,-0.22282101470809684,3.715114124808765,-1.6749056856395461,0.38661616438436014
2024.06.25,600025.SH,0.6139163692136037,0.24152604162620067,-2.0175789247976796,-0.43801850844971335
2024.06.25,600026.SH,-0.545025005631837,-1.0991909236975317,-1.9630663044934993,-0.9389182235091498
2024.06.25,600027.SH,0.33677702574488283,0.3325288525157268,1.827352907304469,0.32137670168970056
2024.06.25,600028.SH,-0.5873779521604565,0.3981804519207996,0.4721410477352976,-0.6424777059529753
2024.06.25,600029.SH,0.21584788881334038,-0.24907048564096806,-1.5867208816835932,1.3233741897186455
2024.06.25,600030.SH,-0.30736235339024554,-0.03370048766579013,-0.05048954972949948,0.20585900808689833
2024.06.25,600031.SH,0.6516276381593172,-1.2894123207612178,-0.8900946886060058,-0.5038402740348377
2024.06.25,600032.SH,0.373087304602625,-0.07747646859830898,-0.258222243854608,-0.6399358849794532
2024.06.25,600033.SH,-0.6397738682401958,-0.9969242095558248,-0.11341815569149376,-1.4404425482231284
2024.06.25,600034.SH,0.11827076940259597,0.0913748871056801,1.9899285373058242,-0.4558557473718015
2024.06.25,600035.SH,2.3912597714289925,-0.8921286207528103,0.029654863899507333,0.24638575797349563
2024.06.25,600036.SH,0.0708900454859172,-0.0015426310458562507,-0.17637062966661995,-0.8362082778326193
2024.06.25,600037.SH,1.2936981855441905,-1.408006399719599,-1.1225726185586418,-0.1827772162255906
2024.06.25,600038.SH,0.023115669859246766,0.2545594677320171,-0.2618622780997017,-0.38048518121390273
2024.06.25,600039.SH,-0.12767996647911084,0.002378493509307587,0.5626531400127206,1.4693796843689346
2024.06.25,600040.SH,-0.5439399644521703,-0.2996845456470323,0.00593768618226799,-0.9846912044113334
2024.06.25,600041.SH,1.5476579721397028,-1.248553993423314,0.159401861638792,0.22185092268152837
2024.06.25,600042.SH,-0.8684133921733889,-0.3358213165283629,0.8898154726354031,-0.9400113223595522
2024.06.25,600043.SH,1.0530811219833696,0.44948260578746146,-0.004392861777281975,0.5102891952533931
2024.06.25,600044.SH,0.0855879958832408,0.3803214803612808,0.8845751760505955,1.3042587066094307
2024.06.25,600045.SH,-0.4365932168549131,0.20255643839774562,0.28781212748590707,-0.7331122490268321
2024.06.25,600046.SH,0.6286225900546955,-1.1336339516129716,0.8876061410674695,0.050769299614247025
2024.06.25,600047.SH,-1.5764203165078519,-0.38016859009242493,-0.1939085621831194,-1.4623164117056002
2024.06.25,600048.SH,-0.6538972875013077,0.30989823672995126,-0.611831310638479,0.3771923172814832
2024.06.25,600049.SH,0.5202337918891221,-0.15323131155962266,-0.8904190528654559,1.7174282329721933
2024.06.26,000001.SZ,-0.6215830767918346,0.19495474730286647,0.29347927428028137,-0.16928739103439655
2024.06.26,000002.SZ,-0.09754570548340592,-1.8243114414361694,-1.6422842336833292,-0.2688810199686127
2024.06.26,000003.SZ,-0.15675277070339835,-0.7503724636683152,1.4814645943736644,-0.8495440984848845
2024.06.26,000004.SZ,0.22717002749439028,2.689430953677546,0.09722918466117397,0.0791980787902287
2024.06.26,000005.SZ,0.01794600261217692,0.15384391588581225,0.9862595922680647,-0.6707100179027911
2024.06.26,000006.SZ,-0.04403913144011104,1.45011956729124,-0.5567577738372599,0.7675528863328411
2024.06.26,000007.SZ,-0.4594616454155487,0.22044063147202808,-0.402569720438671,-1.2344725110897625
2024.06.26,000008.SZ,-2.3266053944250142,-0.8888946128164743,-1.2893964475186868,0.28339909514122047
2024.06.26,000009.SZ,0.1556105264162227,0.5811519166316422,-0.06009426440404081,-0.5229613912986428
2024.06.26,000010.SZ,1.0455575245400577,1.8563656558645172,-1.3611150519366326,0.0011603607899441128
2024.06.26,000011.SZ,0.809469896228568,0.3314274036658216,1.4686251391231853,-0.12179953465819043
2024.06.26,000012.SZ,0.5941066574165882,0.7468412304213641,-0.11239796978898788,0.651134336499807
2024.06.26,000013.SZ,1.710700740591323,-1.334936566865024,-0.23432345008610167,-0.33170367608523227
2024.06.26,000014.SZ,-0.38918716872782166,0.9281489134771509,1.5646088806584983,-0.6374955788907167
2024.06.26,000015.SZ,0.5631245407352236,-0.8184194052492552,0.07092390019088311,0.16059520151347045
2024.06.26,000016.SZ,1.0911247475378103,1.3386463262685937,1.0758944317226742,-0.5765221129984638
2024.06.26,000017.SZ,-0.6226151739980107,-0.17734449896122753,-0.4235713163272955,-0.09194207217761219
2024.06.26,000018.SZ,0.5234930818571307,-0.1769647551890752,0.5250632946763036,0.6890528448156281
2024.06.26,000019.SZ,1.6343500084994926,0.18663459895696485,0.05120393163824657,0.2662245026636381
2024.06.26,000020.SZ,0.43967954145255145,-0.6670800686623327,0.27631254331625654,-0.8334178178558738
2024.06.26,000021.SZ,-0.36572831878053075,-0.339549191179118,0.6094345645576941,0.40191811260304766
2024.06.26,000022.SZ,-0.20768328462256086,0.11414805189290979,-0.20447213752765345,0.125072335952226
2024.06.26,000023.SZ,-1.1623970979539768,-0.8753654536654566,0.2976403497938456,0.913113397164614
2024.06.26,000024.SZ,-0.3646564036520388,0.6985965245576535,0.46258298529683123,1.6356219062904815
2024.06.26,000025.SZ,0.9935732233310931,-1.2354950249809982,-0.06363901854614315,-0.9807751907290049
2024.06.26,000026.SZ,0.6456510218827753,-0.5292325803678039,-0.19403218139721667,0.2019235997125879
2024.06.26,000027.SZ,0.29605663617146993,1.0061489994840016,2.400328269084896,0.122891812944728
2024.06.26,000028.SZ,-0.4537044292050167,1.504393689625789,-0.8795951294804025,-1.0007833497534144
2024.06.26,000029.SZ,0.14770448089391366,-0.9746997167039828,2.0385426584180366,0.9159088542652685
2024.06.26,000030.SZ,-0.1779914505762807,1.2233968914711146,0.6769944003454912,0.35716361137260366
2024.06.26,000031.SZ,-1.546764137145371,-1.2183888290428648,-0.14503999459603853,-1.5144343433731464
2024.06.26,000032.SZ,2.394469767567793,-0.9750676502168197,0.40150729957171316,1.9517342891643863
2024.06.26,000033.SZ,0.37311747947072915,2.0737189555505586,-0.5447748952494973,0.28197483046782745
2024.06.26,000034.SZ,-1.0953569237457352,0.694130025291708,0.6759428611238234,0.027559037879743856
2024.06.26,000035.SZ,-0.6863977958062317,1.138046400345431,-0.40270409214293984,-1.4096534454053724
2024.06.26,000036.SZ,-0.7372042009723905,-0.08559295425747973,-0.18602494898582378,1.0666008957927584
2024.06.26,000037.SZ,0.11517677357019084,-0.6751435537716488,-0.49421841018551127,-0.6040817201231632
2024.06.26,000038.SZ,2.288647929311909,-0.01729610823626204,1.4136212171642657,0.04375164154697315
2024.06.26,000039.SZ,0.17558231956261192,-0.08381190311130503,-0.07926369855006668,-1.5579145254538849
2024.06.26,000040.SZ,0.4552100388125514,-0.28135745253518857,-0.9494784502488702,-0.6115187686706144
2024.06.26,000041.SZ,0.4844145701456718,0.3898744523004079,0.7925850390387068,-0.652463544347877
2024.06.26,000042.SZ,-0.9529031396735266,-1.4867980955919686,0.7772073827062885,-1.0289374977474732
2024.06.26,000043.SZ,0.3333397228888842,-0.2080638840952046,-0.767584841494901,-0.9090619779686535
2024.06.26,000044.SZ,0.2384588987686943,-0.7254359207017833,-0.8529236228049583,0.6158846261318379
2024.06.26,000045.SZ,0.44224499373302284,-0.7006906461135701,-0.3927036477696501,-0.16214674855241532
2024.06.26,000046.SZ,-1.5924891028061214,1.103261778974003,-2.103116504044934,0.8669099568275558
2024.06.26,000047.SZ,-1.125434762642717,0.6015507791310123,0.48401693745390634,-0.6579622443921118
2024.06.26,000048.SZ,1.0033412164149211,-0.23481196854716738,0.22907165819770417,1.0754005268921585
2024.06.26,000049.SZ,0.43391212665047024,0.2353525913589084,0.9208790589728085,-0.20958782588381344
2024.06.26,000050.SZ,1.7704892084261228,-2.6465538977402074,-1.974475221062001,2.156401023132508
2024.06.26,600000.SH,-0.38632749953677803,0.04870791455809428,0.5051543216384511,0.05133991203327762
2024.06.26,600001.SH,-1.3142287555950745,0.728190744151558,-0.4155812402303693,0.2048490020709157
2024.06.26,600002.SH,-0.7063348878848347,-0.032792109567231685,-0.512561871331765,-0.32289274581015315
2024.06.26,600003.SH,-0.09456174247217013,-0.20119489996313916,0.8265229646340365,-0.1520407030699088
2024.06.26,600004.SH,0.3925300504190862,-0.18707207129573825,0.7384550630923143,-0.10126819237641146
2024.06.26,600005.SH,0.4089463764119276,1.8346147418011163,1.1426701456178292,-0.7958215796870813
2024.06.26,600006.SH,-0.8391691001554178,-0.8485750901938384,1.7583943319321051,1.4149731791816036
2024.06.26,600007.SH,0.954404862043907,0.2064387143650377,-1.0377948480823382,-0.03189733965557771
2024.06.26,600008.SH,-1.898107211095371,-0.9579944109621764,0.6783746564435521,-0.02400337576649295
2024.06.26,600009.SH,0.5770619171718895,-1.355467270346378,-1.6588149136928003,-1.0551927494153868
2024.06.26,600010.SH,0.8472848172310802,-0.5240967720076147,0.609549711800983,0.006182466126743968
2024.06.26,600011.SH,-0.31728426086609374,-0.13690924061021734,3.5372487684537512,-0.27059486167578417
2024.06.26,600012.SH,-1.698712721993411,-0.3369068183840094,-0.5887663995999275,1.6362867527690612
2024.06.26,600013.SH,0.7735168271739402,0.8728155395281086,0.5212795435934986,-0.729268371587164
2024.06.26,600014.SH,-0.010909321107859887,-0.08808656182949784,-1.1073295158001495,0.8519294688760333
2024.06.26,600015.SH,1.2568906572160035,0.575217291595136,0.8578364267558618,0.3334197553931043
2024.06.26,600016.SH,-0.4511295734437369,0.7412626901972474,1.1530643158767877,-1.3248849545195156
2024.06.26,600017.SH,0.4500205861253881,0.67533430121289,-0.3771651693687142,-1.4889395030673291
2024.06.26,600018.SH,0.8840004860742798,-0.04808814311724411,0.20864306165974963,-1.0971301634431463
2024.06.26,600019.SH,-0.9633533957288678,1.0644575023932774,0.47345420242605807,1.585771633994149
2024.06.26,600020.SH,0.9556356405920059,-0.4651694831133698,-1.299034277298107,1.484571349160275
2024.06.26,600021.SH,1.760367141450441,0.6145734337552684,0.2939688411939077,0.27450916102459016
2024.06.26,600022.SH,-0.906079703091851,-1.3132037685684823,-1.6467314015995946,0.17776263256270983
2024.06.26,600023.SH,-0.5816820891589201,-0.42860636445349676,0.09341836965707867,-0.13298019348980755
2024.06.26,600024.SH,-1.5111480602666683,0.6596279750188974,-0.1387383402142045,1.5557665962889744
2024.06.26,600025.SH,0.4395707306471339,1.926574870666311,-0.1662464901829743,1.312817239815353
2024.06.26,600026.SH,0.6383282387243153,-0.2768604852408476,0.06282283435231305,-0.17555931682983594
2024.06.26,600027.SH,0.006574683303936353,0.5574749978333846,0.9634438629765115,-0.9924406520114022
2024.06.26,600028.SH,-0.037962982620043224,1.2372546369170399,-0.7926837039188414,-0.3984786019938771
2024.06.26,600029.SH,0.19841058781185422,0.7773778641237659,-0.748767954188054,-0.4771623173787947
2024.06.26,600030.SH,-0.9027711459292718,-1.2746959341954247,0.5382927455347104,0.8525046641044878
2024.06.26,600031.SH,0.7366469165504183,0.31812286413592195,0.8490101442535211,0.4939042930678902
2024.06.26,600032.SH,-0.32144307890207846,0.656625110878151,-0.3151482102767184,0.017105960602366688
2024.06.26,600033.SH,-0.15434124238784291,0.32651420908911405,-0.6871769995627408,0.7902994245496873
2024.06.26,600034.SH,-1.4031968786782016,0.0251439807682042,-0.4901994550283402,-0.2763348103001064
2024.06.26,600035.SH,1.1148856172435593,-1.5304320838630021,-0.28904083385789187,-0.13086638040642373
2024.06.26,600036.SH,0.020132795740863955,-0.7943598722863493,0.6092309517163438,0.031677101096521734
2024.06.26,600037.SH,0.2244221531457829,0.3052136903781967,-0.13106012270639356,0.7753655066381245
2024.06.26,600038.SH,-0.9192898302799257,-0.6617297697708767,0.67150084113422,-0.020007626308244313
2024.06.26,600039.SH,-0.5282982504752516,-0.33981325337461743,0.7378516652046941,0.8550504370968572
2024.06.26,600040.SH,-0.839946336395354,-0.7908086108813871,-0.638018712329914,-1.236709178172283
2024.06.26,600041.SH,-0.923220367653304,-0.9276268092726849,0.07765042392929318,2.737935865106411
2024.06.26,600042.SH,0.43766919745298505,0.9510835509016348,-0.49963415102798203,-0.10855353990720519
2024.06.26,600043.SH,-0.788327070410593,-0.982413779056886,-2.010171423209887,-0.498183451894407
2024.06.26,600044.SH,-1.2517161514069453,-1.7892049318484045,0.586780838346529,-1.2673942610093298
2024.06.26,600045.SH,0.15801726056897347,0.4371425899020231,-1.0343768423327375,-0.2347343769863635
2024.06.26,600046.SH,-0.7121582898402821,2.839031508235581,-1.2582203365110254,-0.053419173598774884
2024.06.26,600047.SH,1.2816834995436488,-0.3963508332589281,2.1230407841988863,-0.5815912020270935
2024.06.26,600048.SH,-0.8760948949200499,-0.38897917036911106,-0.5751537815252733,-0.23495764235922903
2024.06.26,600049.SH,0.06352649489366796,0.14057468766497344,0.8673033508291412,-1.0991946244128292
2024.06.27,000001.SZ,-0.12268951895805016,-0.5300792954514203,0.8491588864103905,-0.7178290647105571
2024.06.27,000002.SZ,0.8466149657116063,0.06088488889433088,-0.9587336866384689,-0.6966767646680373
2024.06.27,000003.SZ,-0.07998969342188057,0.23557680734152978,1.4583556582994828,-1.2120849713733421
2024.06.27,000004.SZ,-0.959495325815929,1.9556564870998978,0.4606535681299426,0.5905861064479222
2024.06.27,000005.SZ,-3.3989677970143197,-3.4404236169145284,-0.319300882323794,-0.9199155821346664
2024.06.27,000006.SZ,0.30194717355280215,-0.5223242020996667,0.2294810445507007,0.49600399765291625
2024.06.27,000007.SZ,-1.8340682674035145,0.5263954790496285,-0.7566933376806042,0.399347116532711
2024.06.27,000008.SZ,1.0279205189263099,0.5480400807054348,-0.09281577070765715,0.360329834770307
2024.06.27,000009.SZ,-1.30839536120718,-0.20934005214599927,0.4386615691402498,1.0060387232915802
2024.06.27,000010.SZ,0.5065320138336089,-0.8643160721353843,0.16762836791217228,-0.43759029423304413
2024.06.27,000011.SZ,0.4240073985537349,0.3182170723004391,0.11340284072673558,0.9616286779096632
2024.06.27,000012.SZ,-0.5341493533545479,-0.6714135127862617,0.374019849149836,-1.458410175434675
2024.06.27,000013.SZ,0.6547526995724777,-0.42094548249228864,0.06041271192952856,1.5703358489028383
2024.06.27,000014.SZ,0.6489830750484864,-0.43537432660129827,0.11016036192699573,-0.44104290766443205
2024.06.27,000015.SZ,-2.331138661690444,0.5208944408571178,-2.600980078409438,2.2705086621977664
2024.06.27,000016.SZ,-1.1340270950135043,0.815539430563371,-0.09064198102776,0.3017453339126543
2024.06.27,000017.SZ,-0.29872517665338105,0.6688749909701793,-0.22013495336136907,-0.15849341138815007
2024.06.27,000018.SZ,-0.3793628388800383,-0.34432392466832734,0.026397546408521325,-0.6930144267509897
2024.06.27,000019.SZ,0.5976008334131512,0.704232882584368,0.49385517359434733,0.12074734818034112
2024.06.27,000020.SZ,1.3721030019413538,-1.6222369597226567,0.4805375639179849,0.6946703721768119
2024.06.27,000021.SZ,0.043046140684303666,0.147981717339084,-2.634741939185474,0.4434995534137539
2024.06.27,000022.SZ,-0.4865836653862737,-0.2686549189798033,0.2744829726455485,-1.141760997491393
2024.06.27,000023.SZ,0.30034807166491445,-2.388145004467899,1.2163267623922174,0.5921851690842864
2024.06.27,000024.SZ,0.6872669219687646,0.2983737292856579,1.0672639680748341,0.5228574472429498
2024.06.27,000025.SZ,0.7143231984031712,-0.5425226664837344,-0.05301787079034429,0.23560961048688406
2024.06.27,000026.SZ,-0.8502974867927758,0.16650863702950902,-0.005608345444941423,0.44496173302387704
2024.06.27,000027.SZ,0.9686419926168218,0.1535592269836221,-0.35805417861514344,-0.6743711269609266
2024.06.27,000028.SZ,-0.23118269742862912,2.6731117535063786,-0.9523499472762714,-0.3555999755716175
2024.06.27,000029.SZ,1.1352020797310265,-0.20230964005548316,-0.23926889458560108,0.35308743011227756
2024.06.27,000030.SZ,1.0327601927133088,0.02270029222596493,0.8671183036574619,-1.0984154534611859
2024.06.27,000031.SZ,-1.5275223011644141,0.35922742526126566,-1.7522365173652648,1.2052319408809251
2024.06.27,000032.SZ,0.2630713083046955,1.8854943916706621,-0.05748247176769694,0.6876938735796803
2024.06.27,000033.SZ,-1.5113688596473165,0.12826980446954772,0.46414160096723694,0.2919486599710775
2024.06.27,000034.SZ,0.18769891946174752,-0.134733167258417,-0.27565461739414693,-1.0885943010418433
2024.06.27,000035.SZ,-0.3241727586413191,0.7822926946239978,-0.055368410159077425,-0.6715791005516106
2024.06.27,000036.SZ,-1.1300353655947903,0.24482276245745777,-0.47012440816327644,0.04984401879824878
2024.06.27,000037.SZ,-3.4545234433143928,-1.1145643497545852,0.5645612324746734,-1.627356549029908
2024.06.27,000038.SZ,0.423103629979943,-0.015591477206678134,-0.1529329689747839,0.11998016016203472
2024.06.27,000039.SZ,1.0431529343161379,-0.13958314909706473,1.9872473826902115,1.1418591770109594
2024.06.27,000040.SZ,-0.31834362380082903,-0.4530456456742575,-2.628232694222739,1.452851024278166
2024.06.27,000041.SZ,0.7218076569306905,-0.014491667972905587,-1.6827449587508236,-1.330781689511165
2024.06.27,000042.SZ,-0.5867783707960745,-0.04339213757470616,-0.907197841343323,0.1719093525871443
2024.06.27,000043.SZ,-1.9747399941701889,-1.1239993843458171,0.839621381606156,-1.8416116921448487
2024.06.27,000044.SZ,0.5664200245004232,-1.0756053608033531,0.46229195722408556,-0.7762095813005466
2024.06.27,000045.SZ,-1.6899205303739961,-3.5123174379064057,-1.416086197486238,-0.06290732165223628
2024.06.27,000046.SZ,-1.6266832105200761,-0.4492307468767389,-0.1614912032061715,-0.8546933229492423
2024.06.27,000047.SZ,0.21769578569412684,0.03531900682036412,-0.46273386584063464,-0.7533821209617644
2024.06.27,000048.SZ,0.04237703637361327,0.4991520477148646,0.05694771401549812,1.583859341464839
2024.06.27,000049.SZ,0.09917388153757918,1.4495655798659683,-0.4934300850717753,-0.9812211760802582
2024.06.27,000050.SZ,-0.747802120695927,0.5989032200668187,1.0440032563673758,-1.9487874069013011
2024.06.27,600000.SH,0.688037532736497,1.1411770861259845,-0.6297923443849699,-0.5148369345584057
2024.06.27,600001.SH,0.6097321508893263,-0.7772694131799649,0.22294128225561347,1.6105508830376132
2024.06.27,600002.SH,-0.5271350326396429,-2.4855990518209885,-0.2978929776069848,1.0630414538501096
2024.06.27,600003.SH,-0.31248666286165006,1.7041150876647029,-0.8238753163152607,0.21213256413374854
2024.06.27,600004.SH,-2.0877880615419464,-1.8871261545531228,1.634482510561525,-1.6419058107256517
2024.06.27,600005.SH,-1.0569899075628089,0.7244576704082124,1.3710845673568663,1.770917070596499
2024.06.27,600006.SH,-0.5559622029396619,0.46755327530977653,-0.631425805315653,-0.09581544111971724
2024.06.27,600007.SH,0.2880266926037045,-0.6306752857023864,0.09845730649567087,1.653191568316807
2024.06.27,600008.SH,2.045024831660351,-0.535626593961966,-0.48495281152034064,0.5727232637637378
2024.06.27,600009.SH,0.4116631096671205,1.760803469251394,-0.6005219988184901,-0.5028328929308569
2024.06.27,600010.SH,1.4041523787087797,0.8439031572021211,-0.006699677943312497,-0.06556616817401081
2024.06.27,600011.SH,1.0925937507614836,0.5627214775835622,-0.15658451512249189,-1.1182215358513967
2024.06.27,600012.SH,1.0287473622444596,0.5893367180613717,1.449819888254881,-1.0177152754832448
2024.06.27,600013.SH,-1.3125571772722127,-1.4966552934014277,0.3346041136266958,-2.347991057160277
2024.06.27,600014.SH,-1.0027564856815412,-0.8040319523258295,1.8609458158361902,-1.2948848700487483
2024.06.27,600015.SH,0.34243688216315743,1.1072619060500846,0.252034496442063,-0.8962752370481982
2024.06.27,600016.SH,0.04734507854720113,0.6330863699476764,0.841765238295433,0.9591114498530052
2024.06.27,600017.SH,0.11803884528898423,-0.7372456385766473,-0.4327136754286348,-0.1364913729331812
2024.06.27,600018.SH,-4.184137526302995,-0.6633459822137504,-0.5113452984626494,-2.752409238383228
2024.06.27,600019.SH,-0.34823341941141583,-0.22890329229203157,0.064368192726906,-0.961519122998083
2024.06.27,600020.SH,0.3030192105186145,0.14140919505763896,-0.7797124190157028,0.39768741719317263
2024.06.27,600021.SH,0.4076380779679201,1.10757733155204,-0.5231428211704982,0.3631310405758709
2024.06.27,600022.SH,0.6585270656129895,-0.9448810234641438,0.2202899367889021,0.019722163458266703
2024.06.27,600023.SH,-0.9826094259386667,-0.6136868661585615,-0.2254269470887683,-1.5216918199627905
2024.06.27,600024.SH,1.24387186897423,-0.10866925646466453,-2.6123287772567645,-0.6838549910010112
2024.06.27,600025.SH,0.23382077758147257,1.5407738093051968,-0.5749169985327867,-0.5655068601694975
2024.06.27,600026.SH,0.9590031295913618,0.7387474127719983,-1.1710871195625219,-0.00021955258067578664
2024.06.27,600027.SH,-1.8337536551390392,-1.0670674744327981,-0.4018592163024987,0.14716838481960576
2024.06.27,600028.SH,0.5030463989978939,1.5354284168784678,-0.5338877656809216,1.77160917973689
2024.06.27,600029.SH,-1.1065978365774485,0.45043587390984324,1.9822044692516412,-1.929846134001
2024.06.27,600030.SH,-0.6752102378283554,-1.0008750867050225,-0.10222732361863185,0.3440422978378329
2024.06.27,600031.SH,0.33855361229952985,0.38980485422005745,-0.766592984940625,-1.5211984888957675
2024.06.27,600032.SH,0.7144982172465751,0.3532375673513911,0.2960954722376256,-0.5388692113322502
2024.06.27,600033.SH,-0.8020439167313307,1.8253793401307343,-0.6830331254263955,0.41552087453706255
2024.06.27,600034.SH,0.01448107684686939,-0.340164726498473,0.9714895981558458,0.14741439867691758
2024.06.27,600035.SH,-2.014430703936316,1.2331566548154862,-0.20106179289863882,1.4856344174830922
2024.06.27,600036.SH,-1.2188331319474963,0.031105348577130824,1.1569920325535163,0.6404448494250452
2024.06.27,600037.SH,0.11700211355099292,0.7091460776458762,-0.24773651280590578,1.2141155920328144
2024.06.27,600038.SH,1.182899973511681,-1.2630029957850037,0.35419585688107263,0.7457508648057312
2024.06.27,600039.SH,0.5122705686369293,1.1879531744892131,-0.45121869581288715,0.1746570548269819
2024.06.27,600040.SH,-0.1512199523029757,0.5533870571174607,0.9578327798800931,-0.738587494715441
2024.06.27,600041.SH,0.5278645876120258,0.8364371881073434,-0.9122639834785545,0.5337633154454217
2024.06.27,600042.SH,1.3908642581157202,-0.7677841415241629,-0.9055855756068446,-0.05416617679760449
2024.06.27,600043.SH,-2.924992454335592,1.15055391006115,-1.9600417288362488,2.53741283829151
2024.06.27,600044.SH,-1.9676864338009208,-0.7894777152475739,1.1087695695354385,-1.5559590159772594
2024.06.27,600045.SH,0.3866295006295481,-0.25589482235662636,-0.38150571636121083,-0.6782616540176845
2024.06.27,600046.SH,0.7126289448909787,-0.06237216311438556,0.2763406117425799,0.1904092358111593
2024.06.27,600047.SH,-0.1433218367451188,-0.8960124776748147,0.18174015482643685,-0.08234514408393638
2024.06.27,600048.SH,0.3020005077298273,2.315710232108816,-1.0436805495757597,0.3180755765382019
2024.06.27,600049.SH,-0.783492406613728,0.9445315836337698,0.6068615670279197,-1.8707052551757124
2024.06.28,000001.SZ,-0.20919053534275975,-0.12580128878526822,-0.03732501222601258,-0.37573944413587673
2024.06.28,000002.SZ,0.9646890639621588,0.35913872301675165,-0.3816130963464403,0.12310711510479519
2024.06.28,000003.SZ,-0.323288895382241,-0.32081145320576404,0.6100541108616696,-0.9343886004504793
2024.06.28,000004.SZ,0.5533942096792805,-0.11275426409043154,-1.3279382872473213,-0.8702137359057581
2024.06.28,000005.SZ,-1.6844705344460391,1.3924669148030933,-0.4989055628842605,-1.4758177690904288
2024.06.28,000006.SZ,0.6719175076293855,-0.07491599691712802,0.6045231110374915,-0.4973341936580388
2024.06.28,000007.SZ,0.7503024917554996,-0.21868329047929672,0.3638645139365764,-0.8527122936846182
2024.06.28,000008.SZ,0.21511087063763337,0.7612464334010882,1.5337136352499794,-0.21283721962587002
2024.06.28,000009.SZ,-0.3520956978406959,0.11226071342644742,0.6818957782592183,-0.17845754772517122
2024.06.28,000010.SZ,-0.6981415689300413,0.7688271358617733,-0.6016450994726176,1.5755379552057234
2024.06.28,000011.SZ,-0.29093470658851983,-0.24149864849103586,-0.4632908604319921,-0.3983337185516555
2024.06.28,000012.SZ,0.6037627862476309,-0.522672719667546,-0.9272645848016549,-0.3722217347911097
2024.06.28,000013.SZ,0.8667176751903048,-0.11431591447846944,0.4580505790608056,-0.7290172965606774
2024.06.28,000014.SZ,-3.3607164981236033,0.5632876747551334,1.6340877894855714,-1.4290618693392392
2024.06.28,000015.SZ,-0.4438103438700964,0.21011104774167833,1.2740276001228508,-0.6839658743267185
2024.06.28,000016.SZ,-1.2670630151431361,-0.6847955547522546,0.01728290626672742,-1.5602124027632756
2024.06.28,000017.SZ,0.7052918423370841,0.999229982118153,0.6675144810804657,-1.3521922280008054
2024.06.28,000018.SZ,1.2457564625452893,0.3896939887099598,0.5980053923813563,-0.5345821142242833
2024.06.28,000019.SZ,-0.16891309227337414,0.9151132794841507,-1.6926158659505839,1.184831484610809
2024.06.28,000020.SZ,0.015469673760875626,0.32063572746107094,-1.5158674604589355,-1.205269182687379
2024.06.28,000021.SZ,-0.629678329612372,-1.032566598711255,0.3637483120181475,-0.3929616614775948
2024.06.28,000022.SZ,-2.1728673442552306,1.4442050757085234,2.0464574799917528,0.11960878986921943
2024.06.28,000023.SZ,0.3215495679033672,-0.12933927248565943,0.15028574955559712,0.1696250476419449
2024.06.28,000024.SZ,-1.2955795143439701,-0.5509232787579422,-0.06930422198562741,-2.148214879709792
2024.06.28,000025.SZ,-0.06091481908191887,1.0787236390684023,1.5457671722450197,-0.6669593616943617
2024.06.28,000026.SZ,0.9786417034684011,-1.9120366871503893,0.39046015194669403,2.4595007293861504
2024.06.28,000027.SZ,2.3618691219637142,-0.014459194491082829,1.4553549718291272,0.8802144427670106
2024.06.28,000028.SZ,-0.9538772737912015,-0.007132177913031682,-0.9381076510905966,0.1609659826670555
2024.06.28,000029.SZ,0.18663597097074905,-0.7094413538882364,-0.7031147530821531,0.15344119947894527
2024.06.28,000030.SZ,-0.9301267300604606,-0.32508496501205925,-0.7526061726346317,-0.6664471172164329
2024.06.28,000031.SZ,0.5401011337934533,0.48265346585452235,-0.15759288784659523,0.7366782863264562
2024.06.28,000032.SZ,-1.261406794207636,-0.8805737878397769,-1.3166345065945673,1.6202831214990874
2024.06.28,000033.SZ,1.0083165335387925,0.0638301457604109,-0.7330986556450012,1.117044602470205
2024.06.28,000034.SZ,1.019078102574775,2.6144228728302705,-1.2220184447390237,-0.5730341885371952
2024.06.28,000035.SZ,0.3051683869887197,-0.07212190959271106,0.4128983315933273,0.48947728026300846
2024.06.28,000036.SZ,-0.053054825361449266,1.1281849682913427,-0.22009463523110986,1.3176849254667333
2024.06.28,000037.SZ,0.7057456146833979,0.8563277445692443,0.24663547067261482,-0.7798642821383209
2024.06.28,000038.SZ,0.9287019480788181,0.33536306718040687,-0.07784689576215946,-0.8358937482530236
2024.06.28,000039.SZ,-0.8311866325037331,-0.42667119186409086,-0.5553671372128642,1.1749885590811697
2024.06.28,000040.SZ,1.0041463621941258,-0.2644248859270444,-0.3428915195888123,0.04255075158111531
2024.06.28,000041.SZ,1.365202276751408,-0.7048670052193586,-1.1528662376636525,-0.08868410331180807
2024.06.28,000042.SZ,-0.6116482190965729,1.0492853173573475,0.1324597903188779,0.37439167356074193
2024.06.28,000043.SZ,-0.8571816414202473,-0.5044400295978004,-0.29919090254472663,-0.17494136882258754
2024.06.28,000044.SZ,1.5127829074653847,-0.6922840399449811,0.7222227307752629,-0.6656605280899565
2024.06.28,000045.SZ,-0.18646076977888595,-0.2961071422981025,1.4298375987599592,0.08038865134488198
2024.06.28,000046.SZ,-0.23213996229331516,-0.7368298544513338,-0.3725116458895222,-0.8789234749673198
2024.06.28,000047.SZ,0.07455382388505555,-1.2207778029634597,0.617264130133758,0.35060879479411
2024.06.28,000048.SZ,0.15153417060550867,-0.22266293112929253,-0.7606277018951402,-0.7131388570477895
2024.06.28,000049.SZ,-0.191312115575216,0.19651365151101796,2.103897337800746,1.7695521743154878
2024.06.28,000050.SZ,0.6933940659031546,-0.8783155737244374,0.2231310905023506,-0.625150864028278
2024.06.28,600000.SH,2.24911326249858,-0.9230517457729726,1.3362461854949916,0.9315168120073454
2024.06.28,600001.SH,-0.9505886860816086,-0.2918868326596398,1.820711240979108,0.7691136644475077
2024.06.28,600002.SH,0.5307900761628812,0.7802979081291469,0.7247559678320926,3.4075097880057297
2024.06.28,600003.SH,0.2547555248841472,2.299240975621033,-0.6404845254319191,-0.4855914975120435
2024.06.28,600004.SH,0.16915716927367405,0.5647890663721973,-0.4323753680266423,-1.7305667975028918
2024.06.28,600005.SH,1.6159932903157397,-0.7257621153650212,-0.13925209872674196,0.09779204707240843
2024.06.28,600006.SH,-0.540242934016014,0.382290666706822,-1.0374901586881136,-0.39096821121919795
2024.06.28,600007.SH,0.7784816727715412,-1.030976907215291,0.7685831222422267,1.9612875299323902
2024.06.28,600008.SH,-0.7841942077018976,-0.9956610695231827,1.0840828698220395,-1.3172056144638078
2024.06.28,600009.SH,-0.4875500423869712,-0.016554233183247797,1.6208478052734043,-0.8965223390978703
2024.06.28,600010.SH,-0.0539434274254691,0.4476409384761294,0.04067208648720562,-1.3121968961757136
2024.06.28,600011.SH,0.35165215907684994,-0.811882832513648,-0.6154102649416789,-0.17630089402914748
2024.06.28,600012.SH,0.6252097781815595,0.23838040996703605,1.5716381642806434,0.6395881201968475
2024.06.28,600013.SH,0.4447754526602829,0.495270234977662,0.14709360909829994,0.251096291193564
2024.06.28,600014.SH,0.9427683868920094,-0.6760231210896914,-0.39681943456094787,-0.5452139271248897
2024.06.28,600015.SH,-1.197253726169746,-0.872054841892593,-0.34671330068950557,-1.5440442491743862
2024.06.28,600016.SH,0.9260300590904617,1.4841550421096834,1.2029007714432718,-0.640383456615662
2024.06.28,600017.SH,-0.23196821409467017,0.5801293379283404,0.44504273317201837,0.5061134630283894
2024.06.28,600018.SH,-1.806646499051203,-0.9336320828905817,0.3152537535073469,1.292565465621855
2024.06.28,600019.SH,0.8237930375282183,-0.4437167445525036,-1.367215503743706,-1.334722741967938
2024.06.28,600020.SH,0.2958165941244103,0.6142836370895407,0.029392720200193158,0.15444823937102065
2024.06.28,600021.SH,1.2406201141519089,0.010404366262344594,-0.37071222673473736,-0.04459024866224111
2024.06.28,600022.SH,0.06178826754625797,1.155213290922937,-1.0169575340642802,1.6918661659996974
2024.06.28,600023.SH,-0.657391644234435,0.07247897917751286,0.26744429002503195,-0.001949756493172139
2024.06.28,600024.SH,-0.3337474001494413,-0.5428837159754827,-0.32632920721200176,-0.17758907100811946
2024.06.28,600025.SH,-0.5851317124553954,-1.388871843229228,-2.2383055814901303,0.4987043596888042
2024.06.28,600026.SH,-0.17089506099105534,0.5068609767122445,-0.18947497913431488,-0.002633078125613338
2024.06.28,600027.SH,-0.17469759616624936,-0.3627400393709919,-2.178691857248555,0.7489465357510918
2024.06.28,600028.SH,0.8329789705941392,0.1590465954107822,-0.011413919599267542,-1.4535263661065752
2024.06.28,600029.SH,1.2476414826980358,0.05084556352814264,0.3261699673434547,0.49807149476744783
2024.06.28,600030.SH,-1.0236841783635795,-1.1432311381756148,1.4809340166872822,2.1369087494614862
2024.06.28,600031.SH,-0.026696983606212327,0.6230080610443467,2.0202401967460863,0.30697657085760277
2024.06.28,600032.SH,-0.5576396050577362,0.2316036430552199,-1.0016620120853954,-0.6861940116311868
2024.06.28,600033.SH,0.005701162795331345,-0.6788511973339598,-1.1465880338415164,-0.2533343511350139
2024.06.28,600034.SH,0.12982845208188296,-0.889224877704701,-0.8541709793349043,0.05212077667341511
2024.06.28,600035.SH,-0.527265798514075,-0.18748185165872724,0.018311170215998804,-0.09703626117070886
2024.06.28,600036.SH,1.3044536636803639,2.3959511554679693,0.5773409622049898,0.24505465564297949
2024.06.28,600037.SH,1.3755702756829946,-1.8228231270342379,-1.0965892477084744,1.0084449328023577
2024.06.28,600038.SH,1.0222134575738424,0.5306976740580895,-0.48759567228926975,0.3798078481805986
2024.06.28,600039.SH,-2.268169146553103,-1.04519791189744,0.5257994909774795,1.659806770070073
2024.06.28,600040.SH,-0.5324637857289324,-0.04609450948269828,-0.4228381986195242,0.9247811126830818
2024.06.28,600041.SH,-0.320084737518625,-0.2633749900316472,-1.0208212544209256,-0.1503961273248996
2024.06.28,600042.SH,0.7930141975152751,-1.0583902098994218,0.6652792686991378,0.9994336361862647
2024.06.28,600043.SH,0.5367416049324996,1.1091159656905505,0.6572011635127379,1.1881956281507742
2024.06.28,600044.SH,-0.212918650627624,0.1614466018812296,0.4920682242312214,4.087088902805355
2024.06.28,600045.SH,-0.01889549330484871,-0.3964069678998551,-0.6963604453025882,-0.05301771472978307
2024.06.28,600046.SH,0.8268096526956482,-0.8637696124344209,-1.4311810663627769,-0.39157783927759815
2024.06.28,600047.SH,-0.5635969630436028,-2.2297860964443266,-0.2333242243596243,-1.1923015136126054
2024.06.28,600048.SH,-0.7981196740913866,-0.9815595151190215,1.6497707428451143,-1.5948120790516023
2024.06.28,600049.SH,-0.3180270367642645,-0.38074086628820303,1.234375967671149,-1.6635252407147536
2024.07.01,000001.SZ,1.3180053376374956,-0.9229393491176123,0.9010624084031356,0.02497513280984263
2024.07.01,000002.SZ,-0.17044874037817684,-0.026809433289332215,0.8048800327519985,2.077844077459557
2024.07.01,000003.SZ,-0.3266263633470345,0.4148214062295184,-0.9227003804185681,1.8861215487841891
2024.07.01,000004.SZ,1.0444226986534928,-0.22506067006108768,0.9661083088823875,-0.9137922825075354
2024.07.01,000005.SZ,1.2592040343866193,0.26815143695274934,-0.9361939138537217,0.6338792086988645
2024.07.01,000006.SZ,0.5844073981226653,-0.43566004117745755,-0.7982216296042833,-0.30991122394728043
2024.07.01,000007.SZ,1.728139492668597,0.044922667692351134,-0.38413023198926155,2.1718351622486427
2024.07.01,000008.SZ,-0.2632727518639749,-0.5286332794942118,-1.2840447614245774,0.36464415832167374
2024.07.01,000009.SZ,-0.5198610920314877,0.34126943306604324,-0.7789674214002198,-1.179947839919419
2024.07.01,000010.SZ,1.0232019776527606,0.25706631878662994,0.0890053728359269,-0.060087099707681384
2024.07.01,000011.SZ,0.6005696966976923,-0.10999578622222142,-0.1489022847103942,-0.4706849018716095
2024.07.01,000012.SZ,-2.8599666573486315,-0.7632163507887633,1.6920213853556259,-1.0425885495717588
2024.07.01,000013.SZ,0.13107399956295077,-0.2276731383074002,-0.9852179295473866,-0.2310994085276623
2024.07.01,000014.SZ,1.0824502927250375,0.8612871005956276,-0.08337726465701877,-0.8830552952705911
2024.07.01,000015.SZ,1.200595800683715,-0.9243210533855436,-0.07529553275150776,0.19535821772728448
2024.07.01,000016.SZ,-0.7774939288798528,-0.4464540457147757,-0.7121703319675996,-0.5404610749453164
2024.07.01,000017.SZ,0.5738479096380955,1.1530962345812676,1.7507829863061055,-0.683142530869278
2024.07.01,000018.SZ,1.5449323752436683,-0.48196816730974074,-0.1766709878813888,0.17702953733308713
2024.07.01,000019.SZ,0.977343532263717,-1.0057649101868311,0.5219841312580911,-0.506086219314652
2024.07.01,000020.SZ,0.6376626711294137,0.896544907855761,1.9838985114609407,-0.07127445751908715
2024.07.01,000021.SZ,-0.6561428468279874,0.4664944196622402,-0.45250386366671375,-1.4003066871004264
2024.07.01,000022.SZ,-0.5499797875984588,0.2097064111328563,-1.45436579096355,-0.2194419656201677
2024.07.01,000023.SZ,0.08051028136110513,1.2284085303136811,0.1718467136394439,0.729067001265562
2024.07.01,000024.SZ,-1.1329638749802706,-0.7016472684160788,0.5360918590473103,0.7343740762831863
2024.07.01,000025.SZ,1.3964892542412217,-0.12310273680766826,1.7166513867521804,0.5923838996361378
2024.07.01,000026.SZ,0.3173968323000904,0.7109483954249933,0.4641880183542886,1.3205728765395077
2024.07.01,000027.SZ,-0.8010750591969864,-1.2446377057372613,-1.8065074478699064,-0.46225485559681445
2024.07.01,000028.SZ,-1.1799995606149967,-0.6981719476957462,1.9781955662683819,1.6719182677943976
2024.07.01,000029.SZ,1.3245204711577154,-0.15189603166729518,0.9989466598683051,0.7144187396911211
2024.07.01,000030.SZ,-1.87963451799075,-1.082744099576414,1.021259568152604,-1.4752815228131242
2024.07.01,000031.SZ,-1.2807869356085537,0.16741195989502508,-1.4418873674364263,0.05038650776081777
2024.07.01,000032.SZ,0.5787528617317987,0.49455280689639447,-1.5697216696523153,-0.0277318330358143
2024.07.01,000033.SZ,-0.8049601374951175,0.9271483212215282,0.7253896464803873,0.3022715385632321
2024.07.01,000034.SZ,0.1186888524855764,2.878355799569978,-1.2779305587668082,-0.6312277724342402
2024.07.01,000035.SZ,0.9476491238977508,0.2205809963262971,0.15527021999958668,-0.8024560286139005
2024.07.01,000036.SZ,0.3890530012249406,0.7025288002029735,-0.7079306532973599,0.679086344683244
2024.07.01,000037.SZ,0.22727213769729368,-1.061438769222542,-1.006631299252811,0.9317617983008597
2024.07.01,000038.SZ,-0.630634200684914,0.28191593620699995,0.5045229487253678,1.0641387236531226
2024.07.01,000039.SZ,-1.954813176501003,-1.082101753824682,0.6009294375176927,-1.0585642315781696
2024.07.01,000040.SZ,0.6211413362149814,-0.9816599141252043,-1.6086464974861692,-1.291279391782515
2024.07.01,000041.SZ,-1.541650351657751,-0.9822620531636874,0.7254803436929499,-0.80811668092369
2024.07.01,000042.SZ,-0.9778284562875199,-1.6153228027676876,-0.5945750835019081,-1.1320170627782387
2024.07.01,000043.SZ,0.24741736826618277,0.382977329948579,-1.026503075509583,-0.6521642341847139
2024.07.01,000044.SZ,1.630928785372968,-0.3316499116300236,-1.692518890270073,0.34896590655122267
2024.07.01,000045.SZ,-1.2361671106850063,0.8076173901013133,1.0616702572357182,1.0071447480048126
2024.07.01,000046.SZ,-0.044473369312865094,0.029420617926863464,-0.6685598696448697,-1.7355380813836332
2024.07.01,000047.SZ,0.7448792958872781,-0.016768998659859605,-0.36077855821019045,-0.7416618777385504
2024.07.01,000048.SZ,-1.240977617725353,1.6877228728737244,0.29512635447144403,0.059184811174138714
2024.07.01,000049.SZ,-0.9553009918579518,1.2088636487755815,0.49069320879086314,-0.6574972638634431
2024.07.01,000050.SZ,-1.0548178220862525,0.27547634518611364,0.25996069601915445,1.4219960812241266
2024.07.01,600000.SH,2.508934746125602,-0.057833970843970225,0.284788615438088,-0.0731181827307386
2024.07.01,600001.SH,-0.3263786346779469,-0.9227277876241575,-0.8610693378936941,1.0120937160571553
2024.07.01,600002.SH,0.03918679108825991,-0.7324607881558279,0.5323611213946279,0.5221343999439841
2024.07.01,600003.SH,-3.0376959413791575,-1.5575324483682693,1.13349502398286,-3.055855653478008
2024.07.01,600004.SH,-0.8178089710120929,-0.4057772915447014,-1.5676632203472292,1.776007339718414
2024.07.01,600005.SH,-0.40192481630414084,-0.09403668056590932,0.9004198137899316,0.3910388880711387
2024.07.01,600006.SH,-0.5416853881190277,-0.9502826880386638,0.05493634463915536,0.3628478920744572
2024.07.01,600007.SH,1.8764608544868442,-0.9210239123276682,-1.8234214307899352,-0.08416533149310014
2024.07.01,600008.SH,-0.18751726021685255,-0.755183609567309,-1.0949047507040826,-0.40808074829281427
2024.07.01,600009.SH,0.21020197631598914,-0.25142742511581434,-0.33245813970874216,0.2591427044276644
2024.07.01,600010.SH,-0.20404631706667056,-0.9380090201670677,0.5619919737533208,-0.08907383940760055
2024.07.01,600011.SH,2.071801647495658,-0.9557355477115683,-0.19113118242018684,0.132812433019532
2024.07.01,600012.SH,-0.3661850601782483,1.973913794711896,-0.6104795732761062,0.9628579018830205
2024.07.01,600013.SH,1.2110918264610444,0.7892644069998107,-1.1787205619401215,-0.7338002117601857
2024.07.01,600014.SH,0.28440023138018905,2.9637859552084826,0.055491829647720224,0.5296443280585901
2024.07.01,600015.SH,1.0495565676197047,0.7314795727738557,1.0865332998633346,-0.04517974695337225
2024.07.01,600016.SH,-0.6349244102880178,-0.018361114860944595,0.010507297690408061,-0.05164500611070957
2024.07.01,600017.SH,-0.6942087575374727,0.7451481586640321,0.07041153931298352,1.2984644449906144
2024.07.01,600018.SH,-3.4267720385350224,-1.6972261790753875,-0.06454013571108018,-1.9772038758588246
2024.07.01,600019.SH,1.7939083851494577,1.374393505715385,-0.20271030530358658,1.732986685081018
2024.07.01,600020.SH,-0.4356024917673703,0.4839888937628327,-0.5510283438897121,-0.622122307442529
2024.07.01,600021.SH,-1.054076076465193,-0.6148872305671615,4.3671235745645,-1.5886163953025072
2024.07.01,600022.SH,-0.3455427058829931,0.07501379084186004,0.4418480070306764,-0.5427101604313429
2024.07.01,600023.SH,0.048463222845214766,-0.007967075897077396,0.5799937521342383,0.3413735667690336
2024.07.01,600024.SH,1.132085305040987,-2.245676978270199,-0.08183645419982462,0.2983318161338246
2024.07.01,600025.SH,-1.105302440021321,1.1479565342789249,-1.7751174418998716,-0.22524884912738874
2024.07.01,600026.SH,0.22309123252642782,2.3945982287156284,-0.34572475675593356,-1.1310911250205156
2024.07.01,600027.SH,0.21342359940239095,0.07112552549312637,1.4231960585590135,-0.5227793776807126
2024.07.01,600028.SH,0.15925238860720167,0.08939100948123896,0.07041205692123478,-0.8090551420130648
2024.07.01,600029.SH,-0.853150705937801,-1.1761837779749647,0.7046512143901006,-1.4342285655323248
2024.07.01,600030.SH,0.9615547922236102,-0.837161981100399,0.38716081622319903,0.14315197414963376
2024.07.01,600031.SH,-0.12813549202477664,-0.9976596373434167,-0.4412464651543786,-0.5735749344205275
2024.07.01,600032.SH,0.13670829650929406,0.04519318438074958,-0.2734055912631901,-0.7681394292974768
2024.07.01,600033.SH,-0.14944036997291976,-0.3380210445716203,-0.43294273089591745,0.9093829479128427
2024.07.01,600034.SH,0.026840333452353517,0.5187028111418885,1.030438016714994,-1.675863127460662
2024.07.01,600035.SH,-0.2925691593208964,0.41765147606186515,0.11237376283217343,-0.09887449883429396
2024.07.01,600036.SH,-0.0635851436338306,0.9208958884045515,-0.2611814644348261,-1.0449448855424321
2024.07.01,600037.SH,0.3325916393136455,0.24667017272761477,0.5606099753959469,0.22890230773721332
2024.07.01,600038.SH,-0.8942074966439237,-0.04886024274201748,0.4127310324400877,0.8348068314232986
2024.07.01,600039.SH,-0.621418738929403,0.29334839746669783,-0.9285104571910977,-0.9381748948004361
2024.07.01,600040.SH,-0.0946042463471106,0.38890789413340315,-0.5281971006830634,0.4928478023259595
2024.07.01,600041.SH,0.5768507230674842,1.8866952866323419,-1.2063976647740269,-0.4681369148630569
2024.07.01,600042.SH,0.7480063986282653,-0.5703807949009733,-0.6981071371675828,-0.8351362225241143
2024.07.01,600043.SH,0.07550674028821523,-0.2768362255208905,2.4427835135461784,1.010618971837822
2024.07.01,600044.SH,0.7112207249768936,0.7359318053313348,-0.2562588622895136,0.05105796770011825
2024.07.01,600045.SH,-2.0525083915909774,-1.0348301505752608,4.559829952679873,-3.0326963833353053
2024.07.01,600046.SH,-2.394483490280601,-0.8572659461482875,-4.3220433242305925,3.1888607519482255
2024.07.01,600047.SH,1.009937479835915,-0.5811560766537623,-1.2910679743836602,2.7939984964591007
2024.07.01,600048.SH,0.5254098302944114,0.1874808496427609,0.21447080047731862,-0.7306022978692518
2024.07.01,600049.SH,-1.4456319288255206,-1.0896564342349677,-0.48195179158065016,0.3524029956120549
2024.07.02,000001.SZ,0.11853458448422356,-2.3111913131050144,-0.42548376124765425,-0.4271664633885382
2024.07.02,000002.SZ,0.8693264920308057,-0.8244359542217969,-1.3076982762957527,0.04485229356838959
2024.07.02,000003.SZ,-3.174862300626846,-2.27509650092576,2.1614718120443692,0.361950593812736
2024.07.02,000004.SZ,0.42412633430555235,0.6788147911865885,-0.2835423958869153,-0.3011747870733077
2024.07.02,000005.SZ,-0.9781119615817225,-0.777584144169367,1.0720675790400993,0.1347739782945797
2024.07.02,000006.SZ,1.3977705640266032,-0.8538735546656683,-0.5228542799396473,0.6960377685107402
2024.07.02,000007.SZ,-0.8946270902458445,-1.191722577521832,1.6043652884156487,0.1679726248653609
2024.07.02,000008.SZ,-0.16271854062246444,0.010395476268478348,0.5418873734305181,1.1071386305518098
2024.07.02,000009.SZ,-1.3631743658242672,-0.18208120614797454,-0.2183279880018901,2.1086653609862194
2024.07.02,000010.SZ,0.2426081783955937,0.060403032726571146,1.4218999441308746,-0.3734713730103507
2024.07.02,000011.SZ,-1.9568452083426162,-0.13453008564498314,0.7025739792388289,0.1556165361157854
2024.07.02,000012.SZ,-0.736329137715304,-0.03292824861984391,-0.20802924471830492,1.920745576217282
2024.07.02,000013.SZ,-1.017786654487562,1.3911814288395061,-0.2813802537887062,1.8389622127226999
2024.07.02,000014.SZ,-0.24698708059767174,0.2635384856502551,0.7372603786436511,-0.05447157373802463
2024.07.02,000015.SZ,0.2938147854087835,1.894649416977827,0.4449963118718036,-1.1441512994143743
2024.07.02,000016.SZ,0.020968754804780887,-0.24469719275831456,-0.6268368613911414,-0.1672936059795743
2024.07.02,000017.SZ,-0.7283753967342895,-0.8472980666422828,1.1855504306857794,-1.8223158850072838
2024.07.02,000018.SZ,0.15603798899338026,0.7407348965467139,-1.016960265625961,-0.31095417117490376
2024.07.02,000019.SZ,-0.023633689375372913,2.496772284007899,-1.0350386868031205,-0.7797738437459149
2024.07.02,000020.SZ,-0.2977021709119476,-1.3323681742702942,0.49797647280737534,-1.2209098824705722
2024.07.02,000021.SZ,0.5658252579089739,1.4264848857523589,1.2325341031668717,0.9855344548023106
2024.07.02,000022.SZ,0.7742361038567495,1.377435882254298,0.48664800024021293,-0.8816478382438665
2024.07.02,000023.SZ,-0.5220484256349174,0.5193197629850683,-0.6882268106019348,-1.220470183632041
2024.07.02,000024.SZ,0.6258703018064316,0.5143484617617894,-0.11641659044518222,-0.7340006145854591
2024.07.02,000025.SZ,-0.5161862625481961,0.10544884628796113,-1.8991422377564908,-0.0045099079486623445
2024.07.02,000026.SZ,0.3352390048458371,0.578757457647555,1.9473239173088037,2.265474723465199
2024.07.02,000027.SZ,0.6367383936311162,0.2694512485046316,-0.7444786030415166,-1.1161864724959056
2024.07.02,000028.SZ,0.3140041513930283,-0.31665741585247154,-0.561444609001174,-0.2586464601419448
2024.07.02,000029.SZ,1.7365703983759504,-0.25588402626938983,0.4441645898066607,0.23485258606307513
2024.07.02,000030.SZ,-0.28722487405071484,-0.3337287381848168,0.4481480913082903,-0.9335688690915893
2024.07.02,000031.SZ,-0.3663972748826886,-0.2146645946064327,0.1822674931935911,-0.3376743083807538
2024.07.02,000032.SZ,-1.7019956591616316,1.8074237213293296,-1.1618724642999605,-0.9262148713778555
2024.07.02,000033.SZ,-0.2750824653321987,0.6561423890538624,0.045689333356791234,0.9186654185908331
2024.07.02,000034.SZ,-1.4809087141837878,-0.23783740858061816,-0.30054311508763626,-0.569926422453918
2024.07.02,000035.SZ,-0.851438196968665,-0.33148805482582766,0.30068040423529746,-0.9836604627139593
2024.07.02,000036.SZ,-0.5117349119222737,0.004698460400442302,-0.4214921265701891,-1.8875941566131134
2024.07.02,000037.SZ,-1.012812213188696,1.1079019899529674,1.0366597177118442,2.8737729181955713
2024.07.02,000038.SZ,0.3275306249778283,1.456886500423139,0.5425017002638943,-0.7842079070186911
2024.07.02,000039.SZ,-0.9392325556067553,-0.38796348029137573,-0.7974883983976664,1.1078374827118964
2024.07.02,000040.SZ,0.7072016458604861,0.4938126327756678,-0.5937881007131061,-0.9124707491955613
2024.07.02,000041.SZ,-1.3627938654375955,-0.4042564075332756,0.76064195087418,-1.298831851424728
2024.07.02,000042.SZ,-0.9217671833025096,-2.4133286546866564,-0.24176338326199273,-1.3299503090839997
2024.07.02,000043.SZ,0.2881577126298856,1.77175178937367,0.37239957541297697,-0.5543609977261025
2024.07.02,000044.SZ,-0.48556312023973625,0.7012324270505743,-0.04289157296071469,-0.09042003912443479
2024.07.02,000045.SZ,-1.4130942505880815,1.8824805969298812,0.1044578510886258,0.3444759029140729
2024.07.02,000046.SZ,0.3085402831538556,0.7041593748605246,-0.12479603650973038,-0.03005115353236735
2024.07.02,000047.SZ,0.3762701161889446,-0.7644302922964791,1.0532414148102747,-1.0715163379825792
2024.07.02,000048.SZ,0.29809931287455094,0.5871945471954653,-0.8712230714332534,-0.9880971740141977
2024.07.02,000049.SZ,1.354608021083154,-0.40423492577711573,0.1400615747489657,1.0696082590644507
2024.07.02,000050.SZ,0.9412105275548291,-0.3332231250601667,-2.0172825913109547,-0.6746128025417057
2024.07.02,600000.SH,-0.10568111362943891,-1.2099944365289281,-0.18581436087552522,-0.006712281380452901
2024.07.02,600001.SH,0.5332290205619894,0.5090083611729697,-0.14888979937904742,0.9043665258012243
2024.07.02,600002.SH,0.5431431322477855,0.18879079418724026,0.22490548163553042,-0.01209320627107108
2024.07.02,600003.SH,-0.24612797190813654,0.04613734056613531,-0.24730877794978814,-0.7239583080425362
2024.07.02,600004.SH,0.7732103193053702,0.8089043507222731,0.5787343334811937,-0.6743425672386929
2024.07.02,600005.SH,-0.042583464710598075,-0.36645542377525175,-0.314488314915367,-0.19959380543589936
2024.07.02,600006.SH,1.000631315194471,-0.4006698523561353,1.4439670312512514,-0.6234822083450078
2024.07.02,600007.SH,0.09896723221998799,-1.4779068652427527,0.12702312481225908,1.6517310976696251
2024.07.02,600008.SH,0.2823308250570958,0.15482672036168285,-0.6266826541292475,-0.6621630229227278
2024.07.02,600009.SH,-0.6720158744922542,-0.40282247189646536,1.4257760339343541,-0.36406680601920893
2024.07.02,600010.SH,-0.6573237062795008,1.305044031231035,0.6872067348251697,-0.07039484343027559
2024.07.02,600011.SH,-0.4394594190921666,-0.1463221688170504,-0.0209306008161602,0.7647151477913756
2024.07.02,600012.SH,0.6606344059542141,-0.46752606132241514,-0.4220501462474518,0.6153231806834097
2024.07.02,600013.SH,2.3760442506554256,1.6294830789599997,-0.06995932082149865,0.5026918587631245
2024.07.02,600014.SH,1.033952810459794,-0.21693203632875954,-0.4001104194422107,-0.27761628622514223
2024.07.02,600015.SH,1.2211238069534833,-0.15485079902049656,0.3148602506479952,-0.12938492667190912
2024.07.02,600016.SH,1.048450589144958,0.5660842227109097,-0.4462999526138125,-1.1272598808766001
2024.07.02,600017.SH,-0.6361001078942091,-0.061614332437262186,-0.13900055911260675,-1.2932319810387227
2024.07.02,600018.SH,-0.2845494759581385,0.5782786675200744,-1.3011868198384997,-0.9156028462391161
2024.07.02,600019.SH,1.0098201052683815,-0.07274132686409344,-0.1642980478271415,0.36253204159612307
2024.07.02,600020.SH,1.5223356677846815,-0.2533553652963522,0.23739634281137323,0.7597722250894688
2024.07.02,600021.SH,0.680506096444251,0.2144920968891019,0.05429250842523334,0.11223925780832975
2024.07.02,600022.SH,0.2048749325909432,0.9541615557154439,-0.3083780625737168,-0.9875000897826043
2024.07.02,600023.SH,-0.16589040186693915,0.2973759100960294,-0.13316136927821587,-0.7960637139989873
2024.07.02,600024.SH,0.4707202145218287,0.06709122379927329,0.5415179005248894,-0.6735675400404781
2024.07.02,600025.SH,0.07747492005803554,-0.18133180707193514,-0.41623841431845837,-0.30912040677053676
2024.07.02,600026.SH,-1.0154975735762097,0.6622809457257229,-0.2720585865294945,-1.458213788148033
2024.07.02,600027.SH,0.6635429082276606,0.8764895110495832,1.2321228467175906,-0.2270908652856239
2024.07.02,600028.SH,-0.4971760345960249,-0.12289705679502443,-0.9875939006938984,1.6300958429381007
2024.07.02,600029.SH,1.3637702332662873,-1.2260480920176657,-0.5995634987255553,0.38749519898065343
2024.07.02,600030.SH,1.0844598292975056,0.26685987156484703,-0.05464875900527712,-0.4077902028951181
2024.07.02,600031.SH,0.08977988629630738,0.5041210296975331,-0.39435276385226825,-0.9636979860484782
2024.07.02,600032.SH,-0.14796623645685406,0.13166437241456097,0.0008720010650566623,0.33001659635513314
2024.07.02,600033.SH,-1.3000833487178107,0.18031609246742403,-0.8366939600634429,-0.019699804214969006
2024.07.02,600034.SH,-0.26683706542862345,-0.142622686311255,3.1413464594325453,-0.3501929966014401
2024.07.02,600035.SH,-0.04240028794810652,0.38894828939114473,1.261874697193112,0.24396284951738598
2024.07.02,600036.SH,-0.7840342468927495,-0.11864109813767071,-0.7085666074738254,-0.7821343791796863
2024.07.02,600037.SH,-0.03273116104042128,1.2420576672303272,0.8634665311014948,1.852664009392446
2024.07.02,600038.SH,-0.8056503090421964,1.1270567317495996,1.0029178871022868,1.8469898990817732
2024.07.02,600039.SH,-0.37236399116422625,0.4187316567481935,0.024554805607351106,-0.6032284896137154
2024.07.02,600040.SH,1.4817046556122184,0.21600459303304131,0.6342964722685716,-0.16438562760675007
2024.07.02,600041.SH,-0.8910798428694953,0.3851369952312561,-0.8747080394203347,0.7233346030509534
2024.07.02,600042.SH,-0.36946213535774103,0.910138690045843,-2.0169149569537077,0.31650531686012845
2024.07.02,600043.SH,-0.9015670028546937,-0.5160327575330167,2.623247837964943,-0.05817548384132522
2024.07.02,600044.SH,0.3006501233444048,0.2074780403205523,-0.6754362702011137,0.16260779643863577
2024.07.02,600045.SH,1.5382754268348504,-1.4247229916642086,-0.38083970593808525,-0.046448029917209296
2024.07.02,600046.SH,0.026038564306547017,0.3585148604739896,2.4142975230660864,0.5801347826275759
2024.07.02,600047.SH,-0.7370785134858415,-2.0531625313528874,2.398148438645125,-0.44345873052899837
2024.07.02,600048.SH,-2.48573812400773,-0.8055222405973578,0.24501004813053257,-2.4541249183761096
2024.07.02,600049.SH,-0.4765501173632175,1.1764167742106661,-1.5909483252882954,-0.5556847674441651
2024.07.03,000001.SZ,-0.10103498254708705,-0.7159976077478427,-0.7530846799921377,0.6945609024478611
2024.07.03,000002.SZ,-0.430829929553556,1.1494024114174617,0.6637132147914381,1.3555468033107279
2024.07.03,000003.SZ,1.1014066880440392,0.3078476567302089,0.7730272172148093,-0.8489375769925295
2024.07.03,000004.SZ,0.4136073007317397,1.0479420330686309,0.3524672730143522,-1.0867366407661603
2024.07.03,000005.SZ,-0.4942702451586404,2.305904356679544,-0.6500297055062978,-0.3370736783972446
2024.07.03,000006.SZ,-0.2869013587546578,0.5108734998341466,1.5836371858293425,0.5354814395599035
2024.07.03,000007.SZ,-0.10165977144864656,0.9271900079927303,-0.5759870360354962,-0.8657801001971235
2024.07.03,000008.SZ,-0.842637531380741,1.28733002491992,-2.934983525900509,0.36379278843275165
2024.07.03,000009.SZ,2.3071171483632993,-0.08959784400563477,0.9616286343821046,0.442320075603482
2024.07.03,000010.SZ,0.654922882933847,1.3961378747062672,-0.11336803298302281,0.3754482650804684
2024.07.03,000011.SZ,0.6506576212937696,1.517473895736636,0.035363883259083136,-0.9534473414907634
2024.07.03,000012.SZ,-0.2249758206223896,-1.4399186674893296,-0.8251761956310735,-0.6313060248091107
2024.07.03,000013.SZ,2.4582010124639613,-0.15336309834318482,1.0536869859598164,0.3751954634231057
2024.07.03,000014.SZ,-0.7283488930033759,0.05755828370408758,-0.36302766177827245,0.6078006650945188
2024.07.03,000015.SZ,-1.1666019670824526,-0.6799479346761403,0.06360793372184759,-0.710173040171186
2024.07.03,000016.SZ,-1.7699362920200015,0.21325705251518962,-1.3538811147422782,-1.5411386180920004
2024.07.03,000017.SZ,-0.8091451629579193,-1.3253306710989574,0.5730426599159905,2.091933426855085
2024.07.03,000018.SZ,-0.9905116930062438,-0.627031825722998,0.002058202123672668,-1.109908434238887
2024.07.03,000019.SZ,0.19012225525134932,-0.36584020420193786,0.3785057727356308,-0.2913125112956989
2024.07.03,000020.SZ,0.05036894357638833,0.5391433093906081,-0.7610231301350182,-0.22392189865817103
2024.07.03,000021.SZ,0.4584132369491105,0.8601281052671232,-0.47329295098187857,-0.6058168879927932
2024.07.03,000022.SZ,0.8389774441323907,-0.24243814160894042,-0.3065938362812229,-0.7120893778306439
2024.07.03,000023.SZ,-1.5498859110928993,0.062317198032079815,-1.3047870651540743,-0.320551132711275
2024.07.03,000024.SZ,0.22081114829576665,-1.8646494532499551,0.26536041411111216,0.0462718401807036
2024.07.03,000025.SZ,-0.5471252652470662,0.3764996035011877,-1.7858591795043839,-0.8767550087598328
2024.07.03,000026.SZ,0.3644479256218589,1.0586954701686586,0.09481163621370549,0.23427827507251173
2024.07.03,000027.SZ,-0.4697931931630155,0.6431059552224627,-0.2361166240000941,-0.9121766921326606
2024.07.03,000028.SZ,0.49859045307095406,1.4105357539168184,-0.6780233567271132,-1.0496714831126412
2024.07.03,000029.SZ,-4.379256366119051,-2.5535856997534596,1.3462169740014482,-3.6410875792795347
2024.07.03,000030.SZ,0.47187973395028326,-0.7312313762185151,-0.019374541541864385,0.15062596786203158
2024.07.03,000031.SZ,0.922219898605117,0.4079273407920117,0.5684018174096249,-0.3439406381197541
2024.07.03,000032.SZ,0.37298387432628227,-0.47188847336623113,-0.926096509565211,-0.6282394936448852
2024.07.03,000033.SZ,0.6113492198588316,-1.0248562379678754,-0.23044465644042914,-1.3843330792631006
2024.07.03,000034.SZ,-0.5694712230349223,0.07089882774968422,-0.08368887038273577,-0.12140502067009666
2024.07.03,000035.SZ,-0.3227540416755281,2.4062969305576645,0.3569624993231243,1.3405795171833892
2024.07.03,000036.SZ,0.6276126257303817,0.7780049986334238,0.5678700694448989,0.23013974058325345
2024.07.03,000037.SZ,-1.2825924259569523,0.8992821772815245,-1.2942142118030886,1.2846287156005476
2024.07.03,000038.SZ,-0.2066747175249777,1.55922128771571,0.32128699447787507,0.0779990895539443
2024.07.03,000039.SZ,0.14692272005298973,0.18250052804019515,-0.5131853865900449,-0.7286053342533183
2024.07.03,000040.SZ,1.614168361388925,-0.24744415994028074,0.8593364847814374,-0.25402780374636635
2024.07.03,000041.SZ,-0.7383174344296756,0.48855433742219445,-0.2895972419283508,0.250673585674547
2024.07.03,000042.SZ,-0.6201930857000937,0.19093067441554587,-0.3920664635297193,0.45532813241664355
2024.07.03,000043.SZ,1.093768275485849,0.026637652652241984,0.5399996805198153,-0.5419888283477895
2024.07.03,000044.SZ,-3.064372409479918,1.7123354304667064,-2.2444215296368513,1.5604193891371791
2024.07.03,000045.SZ,0.6492079473966453,-0.8068762493826515,0.3615466818435633,-0.8269441173346632
2024.07.03,000046.SZ,-0.5191053430631917,-0.5966029501200268,-0.28000088956977864,0.1680685254242618
2024.07.03,000047.SZ,-1.432378095845533,0.44621929406543354,0.189872531874788,-0.5453198757304766
2024.07.03,000048.SZ,-0.23537451589781827,-0.09455831761814566,0.4733835902834715,-0.7068754157538287
2024.07.03,000049.SZ,1.1697488975206247,1.148599992143365,0.6379380580322442,0.26697339183692187
2024.07.03,000050.SZ,0.4377003600575813,0.6935590780375355,2.752158569001649,1.063897514684393
2024.07.03,600000.SH,-0.19191154034193178,-1.4368786745667745,0.3874064738522972,0.2945082847545962
2024.07.03,600001.SH,-2.1885890575883495,-0.8280037013494288,1.3650211234436436,-1.1891503692341674
2024.07.03,600002.SH,0.7575955992442847,-0.6085712802356847,-0.4299533149463906,-1.1062218754731035
2024.07.03,600003.SH,0.6752318347860373,0.29314928073566004,-0.025935016873653377,-0.957100189836016
2024.07.03,600004.SH,0.6119118256502686,0.6306762437079108,0.454833460323337,-1.1707431195296283
2024.07.03,600005.SH,0.7836549558146709,-2.5653660607583624,-2.193759531431298,-0.48714839698806944
2024.07.03,600006.SH,-0.8541210003479305,-0.14960373884656342,0.02004925940005695,0.08812284591892207
2024.07.03,600007.SH,-0.3481710565136577,-1.0435147934992792,-2.152112838920963,0.78768380958905
2024.07.03,600008.SH,1.4051249425790748,-1.3514528615047874,-1.8343960966378947,-0.6672165968346474
2024.07.03,600009.SH,-1.6310017647498072,0.3449810310409639,-0.058600689753017264,0.5420726993040342
2024.07.03,600010.SH,-0.03832237713419799,0.6570748212266431,0.28370407408439374,1.9894209900779707
2024.07.03,600011.SH,0.3426154516260466,0.14161387426762823,-0.09245326894111229,-0.5190451020138671
2024.07.03,600012.SH,-0.8276527558653644,-0.2746564993928473,0.25712717522683515,1.267051884490816
2024.07.03,600013.SH,1.628483669972229,-0.1896928131392084,-0.22720252054890613,0.6252735552424435
2024.07.03,600014.SH,1.3879019466161513,0.17985930303461628,0.05199352453714818,0.09266061599650581
2024.07.03,600015.SH,-0.9829143648383829,0.8718865355346358,1.800583200442833,1.8488013830446568
2024.07.03,600016.SH,-0.0021552975640868883,-0.4296574245262409,0.023456666408679654,0.00358688545237748
2024.07.03,600017.SH,-0.7784634772187584,-0.23773272068710125,-0.28955849267793116,-0.5700805277057219
2024.07.03,600018.SH,-2.0291453067592413,-0.1584611469349281,-0.43295067180740177,-0.2713913394992103
2024.07.03,600019.SH,-0.011193022181016902,0.4547809314530687,-0.1348802126922486,-1.373536259795935
2024.07.03,600020.SH,0.5581393113085832,0.7737029067329992,-1.1690082934433812,0.7439020473916385
2024.07.03,600021.SH,-0.42024536467431584,0.23047597994239988,-0.38500877140633805,-0.5281857171300932
2024.07.03,600022.SH,2.681670181718907,-1.0424036851641396,-0.8614324270574748,0.7380540191074506
2024.07.03,600023.SH,0.45374165575451725,-1.3421937132004504,-1.820524377136158,0.021247134688305754
2024.07.03,600024.SH,0.6898512194090748,-0.3681878652207127,-0.251293161417878,-0.08234835056441701
2024.07.03,600025.SH,-1.5224258541242632,-2.199858439009225,2.6439157121208536,0.4542728998683995
2024.07.03,600026.SH,0.25574019158671324,0.3201585218425564,-0.40333810924187535,-0.8232109206498254
2024.07.03,600027.SH,-1.7590147914385896,-1.3440182129406337,0.6992844603219182,1.8402044848146777
2024.07.03,600028.SH,-1.915311491814419,-1.4780787643247861,-0.06852571606238957,-0.7844135724710622
2024.07.03,600029.SH,-0.36322524697299513,-0.6917459045848862,0.615991645530023,-1.3965148006296426
2024.07.03,600030.SH,0.45206955260650417,-0.602879262971918,0.7038010994199456,0.2558980913434247
2024.07.03,600031.SH,0.5628735527234475,0.29763477672286337,-0.8346170723832481,-0.6936545165172084
2024.07.03,600032.SH,-0.06210828885233332,0.28675755436436773,-1.9327754600618257,-1.179626745808827
2024.07.03,600033.SH,-0.44660517569245384,0.7269404112659493,-1.6344801118220333,-1.2615080515700028
2024.07.03,600034.SH,1.0625631705235212,0.9566869027996273,1.6377965897280156,-0.6866475268268655
2024.07.03,600035.SH,-0.11984639938942156,2.5837094840728594,-0.5495065892876706,-0.3267515521307158
2024.07.03,600036.SH,-1.7898510716294187,-0.3485469369965526,0.15184182175009647,-1.0120581752724775
2024.07.03,600037.SH,-0.27363688680441756,-0.8018106014137433,0.14997361725156283,0.4035689483658684
2024.07.03,600038.SH,0.8439813417015776,-0.7804517520063364,0.10909245901543003,-0.8230494543697691
2024.07.03,600039.SH,-0.5663957872057772,-1.610808333748685,-0.021000666260569685,-0.762009497595204
2024.07.03,600040.SH,1.9256116534783563,-0.10070352275424957,0.8818850382329539,1.5975490457312334
2024.07.03,600041.SH,-1.7514223487456273,0.15484295218346875,-2.9264394915308296,0.4275833194271958
2024.07.03,600042.SH,-0.7925748039384144,-0.4881711370824201,2.6502461899770524,0.47211859877713586
2024.07.03,600043.SH,1.5395564932539885,0.40138199096068605,-0.67985956340604,-0.3163131754684565
2024.07.03,600044.SH,1.0257083837570176,-0.5374025995223838,-0.03581891957933615,-0.31193332010181124
2024.07.03,600045.SH,-2.0054175440980253,-0.10403839786990837,0.5775878567162094,-0.4502644513924839
2024.07.03,600046.SH,-0.1400826327112305,1.495129785886066,0.07520046066042682,1.9445073661645842
2024.07.03,600047.SH,-0.8527144761234524,3.083122643538967,0.2104746577627137,3.4616938878082575
2024.07.03,600048.SH,0.3240384567497386,-1.5302931366099866,-1.3028605362124526,-0.45500571867793493
2024.07.03,600049.SH,-0.29245026596853585,0.5797046141708169,-0.815077339201831,0.0700681226419166
2024.07.04,000001.SZ,0.32820249561699605,-1.680424484201098,1.1887495507547348,-0.9400739908004053
2024.07.04,000002.SZ,0.314878209081239,0.24608963468296563,-0.389822907036521,-0.22347228590713358
2024.07.04,000003.SZ,1.5067479915689248,-0.23258301602907563,-0.15668265995176692,0.04646807807256196
2024.07.04,000004.SZ,0.05857694483620913,0.9717561521960716,0.9615505567141405,0.6390898438590658
2024.07.04,000005.SZ,-0.8280163422475677,-0.20897442858292659,0.3620860475575808,-0.4216534902592921
2024.07.04,000006.SZ,-1.3372276127458416,0.08865220558200279,-0.8498073798578193,-0.2261133166385503
2024.07.04,000007.SZ,-1.2255724318593944,-1.1256578869786664,0.7834161166599621,1.9377565233049074
2024.07.04,000008.SZ,-0.7557131004684552,0.5333345605748074,-0.7313082862929314,-0.19557756213490224
2024.07.04,000009.SZ,-0.655406899467258,1.4330228858628786,0.12996838452260584,-1.2378390003384583
2024.07.04,000010.SZ,-0.4805373183831822,-0.4501530228005805,1.4456464041639674,-0.887374505706992
2024.07.04,000011.SZ,-2.9044784224438134,0.45425302348620283,-1.837279609388664,1.1615923290148973
2024.07.04,000012.SZ,-2.357439034500834,-0.8015666537214541,0.0844700317008818,-0.46584329106220324
2024.07.04,000013.SZ,-1.0548539788774334,0.6558893546908874,-0.19495149690112265,-1.0103041508652135
2024.07.04,000014.SZ,-0.5788800935713502,0.29905710729800217,-0.3360121613495169,-0.9294973674264819
2024.07.04,000015.SZ,-0.20493143636907263,1.3286649526978855,-0.47112629664133127,-0.05813604977835168
2024.07.04,000016.SZ,-1.4944604620623367,-0.24921055920199484,-0.6238302848542511,2.2045752415730315
2024.07.04,000017.SZ,0.04539539920088705,1.4812314820290702,-0.5595976649673581,-0.31786091172577746
2024.07.04,000018.SZ,-0.24328915572985949,0.8238942832343307,-0.01031875941556572,0.41491008499736703
2024.07.04,000019.SZ,-0.13590654749853182,-0.38197892237191644,0.5049087873004753,0.3799986328176678
2024.07.04,000020.SZ,1.5386707248867026,0.631816247787031,-0.617952695676757,0.3158870871356604
2024.07.04,000021.SZ,-0.9070776570691239,0.6720809725799759,0.6166894898467646,-0.29380325055427065
2024.07.04,000022.SZ,0.48896150467239957,0.5423522986263635,0.76414886437708,1.075544129589414
2024.07.04,000023.SZ,0.956472999955792,-1.453965772913599,-0.6243622644015427,0.15901294299628665
2024.07.04,000024.SZ,0.028328541831746327,-2.247519121321181,-0.8229052460693536,4.1513301688740105
2024.07.04,000025.SZ,0.4355038490418444,0.7676318766372779,2.821919051492489,1.0813230450024252
2024.07.04,000026.SZ,-0.043507065121156326,0.0764753641228383,-1.3480615103647087,-0.47377604085490643
2024.07.04,000027.SZ,-0.218605472173551,1.3927780130516316,0.34330168083398915,-1.6053428276275272
2024.07.04,000028.SZ,0.910708199626779,0.2106365434857094,-2.111886887628452,0.8597888809962708
2024.07.04,000029.SZ,1.3824864816261728,-0.597384181102334,0.6348227163097736,2.1249178005297567
2024.07.04,000030.SZ,1.7469665975039221,-1.4917021097336243,-0.20801569730237485,-0.4306101080785791
2024.07.04,000031.SZ,0.14551339239991454,0.05699577161654752,0.3593950738222026,-1.5432260120192074
2024.07.04,000032.SZ,-1.2559800656450548,0.6264800261376965,-1.1804308164486665,-0.2439623708930283
2024.07.04,000033.SZ,-0.472154303003727,-0.15144592520555725,1.9223549073016306,-1.3832884759040613
2024.07.04,000034.SZ,0.12473252746842776,-0.44633861701004524,-0.32032508697338824,-1.2803646212534485
2024.07.04,000035.SZ,1.2439329529138017,-0.016854722952516967,-0.9049071657140765,0.4338210897458251
2024.07.04,000036.SZ,-1.9849056493658594,-0.17013974153228945,1.3110439245358014,-1.477634447071824
2024.07.04,000037.SZ,0.28169868215173116,0.7460403824604962,2.724929631367836,1.34209891347286
2024.07.04,000038.SZ,1.2726663872090256,0.6689569042969769,0.5630007769867619,-0.5856353146992826
2024.07.04,000039.SZ,-0.2455843491800158,0.525376620892695,-0.7832215082459152,0.8092425107334913
2024.07.04,000040.SZ,-0.14297597669704748,-1.1258842575212733,0.32388402868356736,-1.3935280055387695
2024.07.04,000041.SZ,0.8292259818408388,1.2338893851112318,-0.022693516860867707,-0.2362063970037353
2024.07.04,000042.SZ,0.36625067520800464,-0.41718950139252386,0.17511988271731344,0.058903605218886525
2024.07.04,000043.SZ,-1.9700751637111302,-0.7763922044578139,1.3353495687997547,0.23962820170374613
2024.07.04,000044.SZ,-1.197823396062264,0.7165954509021614,-1.024183895709717,-1.355907702416674
2024.07.04,000045.SZ,-0.4838517326184341,-1.0843659426306176,-0.6037132828804227,-0.1112887937964681
2024.07.04,000046.SZ,0.5888600120922435,0.6458324016069636,-1.855499481344786,0.2820428355099368
2024.07.04,000047.SZ,1.7378388038162802,-0.656147270935908,-0.3941849499774899,0.012938725677539002
2024.07.04,000048.SZ,-0.15960935028421241,0.12043262783883009,-0.13047415480961494,0.009889717256123202
2024.07.04,000049.SZ,-1.519683965871141,-0.1044090374503481,0.6106396875864697,-2.040880742915685
2024.07.04,000050.SZ,0.3732896732666604,0.42878885584206505,0.8782427368089201,1.688736693585776
2024.07.04,600000.SH,-0.07893746712884821,-0.199818068231621,0.9932983339588475,0.7976894238207527
2024.07.04,600001.SH,-1.301458532211118,1.7721902778088272,-0.9977826743974411,0.3762270996597992
2024.07.04,600002.SH,-0.26181871390324774,-1.5873715288252102,0.28344027217225876,0.28440294448364817
2024.07.04,600003.SH,-2.6620256817407317,-0.6471669151616801,-0.26203465050302827,-0.21849635516103827
2024.07.04,600004.SH,-0.06403566713400827,0.7397501274904208,-0.197272516787887,-0.2590751117483134
2024.07.04,600005.SH,-0.6322040001484565,-0.21786790075756785,0.8640289176515,-0.9119466900954714
2024.07.04,600006.SH,-2.0657359912518327,4.785300884241676,-2.0824537332036477,2.8486377698805527
2024.07.04,600007.SH,0.5941344498667035,0.9831135692165813,-0.3743897816128286,1.0194379743697675
2024.07.04,600008.SH,1.574831181430644,-0.6929085155912937,-0.7701370839887787,-0.041016377181661366
2024.07.04,600009.SH,-0.4490479906043821,-0.23483202530858524,2.8142718626934897,-1.4038611064846396
2024.07.04,600010.SH,1.3206129718609472,-0.10076720671118729,1.2893892407581944,-0.9236949857010278
2024.07.04,600011.SH,-3.4060801202659423,-1.7595680279104868,-0.021553299036930016,2.8666839946897933
2024.07.04,600012.SH,0.9194597568584206,1.170154754756999,1.6191788320979799,0.10489057579902915
2024.07.04,600013.SH,0.4032426523846013,-0.0825514174525509,-0.24953563669632817,-0.4929020623452012
2024.07.04,600014.SH,-0.987424086854103,-0.10246968945087212,-1.0201649779965136,-0.2305912234809457
2024.07.04,600015.SH,-1.0675978404558373,-0.052677952238043606,0.06845751357447886,0.7851353211454267
2024.07.04,600016.SH,1.0505870089484062,1.719940922200984,0.017315816372779496,0.35809749532333324
2024.07.04,600017.SH,-0.3961366746132309,0.1476498208516509,-0.8567491829764775,-1.7042831560831977
2024.07.04,600018.SH,1.1038580228600625,-2.4912595206772132,1.0163534823261051,-0.38830794010346625
2024.07.04,600019.SH,0.2889245144400912,0.4019254325350783,-0.5962788520482049,-0.09791699387645872
2024.07.04,600020.SH,0.9169094348454124,0.6675398084791195,-1.1482770316852497,-0.41718088945723014
2024.07.04,600021.SH,-1.4417903080276249,-0.5504366290442722,-1.0153764660454356,-1.20077942234776
2024.07.04,600022.SH,-0.04899543433591431,-0.46060557374219285,-0.5793415412458719,1.4274428042609466
2024.07.04,600023.SH,0.5720361930230126,-0.5821762309819891,-1.0431090738884092,0.12549662936769646
2024.07.04,600024.SH,-0.3451963802592494,3.3164507807855905,-1.0241020652139736,-1.216373705753869
2024.07.04,600025.SH,-2.8958463260428937,-1.2749749121484912,1.5786175472013493,-2.3037939946897485
2024.07.04,600026.SH,0.03279485200385286,-3.030005586673959,-0.645445788549401,-0.22918986982560982
2024.07.04,600027.SH,0.1995155921503252,-0.157931158544337,-0.036301856377195,0.3790022017540015
2024.07.04,600028.SH,0.48718551308030694,-0.2671537404778164,0.48390245290156436,-1.618258142593426
2024.07.04,600029.SH,0.6948674469888942,0.1417512351930262,0.8951687408515837,-1.5859686472234271
2024.07.04,600030.SH,0.43892403352126563,-0.11753171222062825,0.39856313346704114,1.3102891422331897
2024.07.04,600031.SH,-0.16618509490139793,0.32784232012796843,0.6218002709391733,1.002698633699873
2024.07.04,600032.SH,0.5578428101934154,-0.053429236049837806,-0.1837529471730791,-1.5753664871654671
2024.07.04,600033.SH,0.11069525869046215,-1.6327292454463678,-0.5930579276896791,-1.1135536383503255
2024.07.04,600034.SH,-0.8574748319774403,0.8711292104345518,0.44959909515131274,1.2245499895415382
2024.07.04,600035.SH,-0.9137171318841383,0.07084549850511351,1.4932482485069773,-1.7741295042595344
2024.07.04,600036.SH,-1.0880912763188122,2.267981510002048,-0.2117225054550471,-1.7184460370885783
2024.07.04,600037.SH,2.726301860308056,-0.2593030059411671,-0.2901756778012315,2.0221444656680716
2024.07.04,600038.SH,0.8991887059206856,0.4105676644524238,0.21436352489433935,-1.0981144435984755
2024.07.04,600039.SH,-0.25412697783932847,1.0017842225808693,-1.0868441031708211,-0.8489221524594455
2024.07.04,600040.SH,0.7793643314967895,0.2958278010566026,0.0053080256800644605,-0.5717725603049332
2024.07.04,600041.SH,-0.5262250956385226,0.2052734648116627,0.97575060462109,0.13666288032770055
2024.07.04,600042.SH,0.7696374572193186,1.0382318153798233,0.0018644701762870785,-0.6830305032395915
2024.07.04,600043.SH,-0.4333090817653234,1.0954719795250365,-0.3110973392807015,-1.5026948545456054
2024.07.04,600044.SH,1.477879583786104,0.08368800126088506,-0.6951820322724966,0.803205612027938
2024.07.04,600045.SH,1.4324466566967098,-0.3075044662934042,0.7972140634238377,0.056920408203850366
2024.07.04,600046.SH,-0.0040156986256125946,0.47927922067131673,0.32555845917193815,-0.4770204682735552
2024.07.04,600047.SH,-1.3270712012229688,0.2625064747677465,-0.34148594315335024,-1.0428063088690653
2024.07.04,600048.SH,0.3955826475353362,0.10289889878180365,1.0080827048452752,1.6104234388508565
2024.07.04,600049.SH,-1.5303474754773012,0.19672915824420828,-2.1975289682736876,0.22609869861058143
2024.07.05,000001.SZ,0.7531569029528377,0.6539731761065104,0.06484887422759229,0.23743113666313842
2024.07.05,000002.SZ,0.5427099189029136,0.031560876503887975,1.0124491879726756,-0.9543595103061367
2024.07.05,000003.SZ,0.3992293694567228,-0.6001358962341825,-2.5586494791446492,-0.6851770033344203
2024.07.05,000004.SZ,-0.9502311615999736,0.17691012874431047,0.5672075450953294,1.9756521790766235
2024.07.05,000005.SZ,0.16791602986304044,-0.37999791778345077,-1.5459124552048724,0.8082443677181755
2024.07.05,000006.SZ,-0.10616115059778211,3.2097838255269693,-0.6948768548097557,-0.022333583407905595
2024.07.05,000007.SZ,0.3990054674757541,-1.59704136063539,-0.39608454396906223,0.23569034014676962
2024.07.05,000008.SZ,-0.6288994856249197,0.8169972451746458,-0.9827753031734274,-0.5970168743217832
2024.07.05,000009.SZ,1.7059105929306142,-0.7096882125782297,0.08723143802113109,0.6796867204531091
2024.07.05,000010.SZ,-0.14048085158109905,0.7568520111202689,-0.5501432935437505,-0.36787975691665376
2024.07.05,000011.SZ,2.68059169338706,-0.45276709506337687,0.5837356681103123,1.2605284574181537
2024.07.05,000012.SZ,-0.08341006659765983,0.26490406543413525,0.6624512160158678,-0.6201641589287495
2024.07.05,000013.SZ,0.3624441931371894,1.0415644423805608,-1.5584949000535737,0.4560657596427379
2024.07.05,000014.SZ,0.6583583870866747,-0.4377371181523224,0.2589234393497512,-0.20621479921277266
2024.07.05,000015.SZ,1.461768188260841,-0.21668038970588543,1.0318560914676123,2.0821875504313216
2024.07.05,000016.SZ,-1.3381883073801288,0.5204030367126706,0.00870905133295235,-0.9357588404569063
2024.07.05,000017.SZ,1.3577101963657987,-1.7050546947343206,-0.8098683146179123,1.19992329608996
2024.07.05,000018.SZ,0.040757577686738586,-0.08827859286451274,1.4189130407023882,-1.062532493128434
2024.07.05,000019.SZ,1.3383913722121563,-0.7317174403466123,0.7064569599619039,-0.07914982505479856
2024.07.05,000020.SZ,1.385013137610765,-0.46779074657833525,0.4638405894787937,-0.9326731097847076
2024.07.05,000021.SZ,0.592922096552668,0.7548048926903129,-0.7467476554137649,0.14821273041101926
2024.07.05,000022.SZ,0.12261923337058635,-0.934698165585546,0.6239675026213971,1.5097010496473966
2024.07.05,000023.SZ,0.41880630161897775,1.8944018822312145,-0.5596054394972434,-0.46806152800078044
2024.07.05,000024.SZ,0.3657094635053276,0.5435487959890806,-0.11009517192171339,0.5913425714159597
2024.07.05,000025.SZ,-0.004966820700967237,-0.5332300445939577,1.9633816610633799,-0.12331484519143149
2024.07.05,000026.SZ,-0.8053685151495443,0.370963303660787,0.7341853576807226,-1.2332231938268607
2024.07.05,000027.SZ,-0.9748310356080802,0.10737358288629892,-1.0564823363959281,4.193004183060014
2024.07.05,000028.SZ,-0.2788823216114627,0.2301590170409165,0.6932372631349222,0.3630772144184553
2024.07.05,000029.SZ,0.5181043514384529,0.4777569042725543,-0.6663744688840133,-1.6575924194972844
2024.07.05,000030.SZ,0.765786542154367,0.3774981110549226,0.6511104705093068,-1.097846513808647
2024.07.05,000031.SZ,-0.5347560615896397,0.34082588499724253,-0.0647161921803432,-0.6173405442731841
2024.07.05,000032.SZ,-0.9438344704017498,-1.4738822165882244,-0.4504663819350826,0.2065005143305818
2024.07.05,000033.SZ,2.167706272108327,-0.16377578787648864,0.4570755583451092,1.2424655932238597
2024.07.05,000034.SZ,0.2707426895531818,-0.9555600477602935,0.5435872706110356,0.8136021353354389
2024.07.05,000035.SZ,0.9679179221524632,-1.1992632517732138,-0.05301723814168722,-0.7927859017827578
2024.07.05,000036.SZ,-1.7215059371776438,-0.9898683588406875,0.4234071410463428,2.2848156046174046
2024.07.05,000037.SZ,0.39269776278319213,-0.4238020168095771,0.4134105308020078,-0.6197837009046125
2024.07.05,000038.SZ,-0.37031333293030294,0.28446507768199875,0.5956290838741722,0.35593262551522187
2024.07.05,000039.SZ,-0.2320291243598338,1.836812006093326,0.11904181508051476,0.5637877754942733
2024.07.05,000040.SZ,3.0015932142312542,0.07460305123855866,-0.019944336471329958,0.18964345109894065
2024.07.05,000041.SZ,0.08049123708026558,-1.4263107371372745,-1.588038735147479,1.6193684700717734
2024.07.05,000042.SZ,0.04108531122948092,-0.4034515743210435,-0.4461406680662256,0.2429635823310983
2024.07.05,000043.SZ,-1.3252556767130503,-0.8870160602595996,0.4373064475255989,-1.1257911783394212
2024.07.05,000044.SZ,-0.07892882914205349,-0.9420056459593025,-0.21647968229319206,0.505452855818467
2024.07.05,000045.SZ,0.873609354795497,-0.18538654304297217,0.36083360451491936,-0.3402048103187704
2024.07.05,000046.SZ,0.2633867521609212,0.2926605959368962,0.11068530023611929,-0.10527628037339838
2024.07.05,000047.SZ,0.39913537792307924,1.9443228384092408,-0.6961272701267841,0.2635612517057675
2024.07.05,000048.SZ,0.3958557266615445,0.14188111063391418,-0.26267056118612575,1.8902274674354183
2024.07.05,000049.SZ,1.678870704303046,-0.6075545391410998,0.07570314621263691,0.04443788697982594
2024.07.05,000050.SZ,-0.4363650961831784,3.8448001947663206,-1.167496017394127,0.0739260327347646
2024.07.05,600000.SH,-0.9136680762722482,0.05038133113477681,0.22554127300251936,0.567576380138845
2024.07.05,600001.SH,-0.0644872258158407,0.8098210602133917,1.536024449646901,-0.0356710108780186
2024.07.05,600002.SH,-0.33981927406921864,0.1988710390132058,-0.6584107574415151,1.351330231603423
2024.07.05,600003.SH,-0.1524790917316461,-0.3286160267693039,0.23260302385684334,-1.5648694897403226
2024.07.05,600004.SH,-1.1921608958589023,0.6542373531262025,-1.4841443557752518,0.43069070630655326
2024.07.05,600005.SH,-1.1456005784422605,0.48241930554898765,1.5935145434363764,-1.4897728775451948
2024.07.05,600006.SH,-0.30205142496255305,-1.1467805887768894,-1.4011784815716766,-0.6429198469380016
2024.07.05,600007.SH,-0.7209911492620358,-0.7958411330391296,-1.3201119435108415,-0.004503112098747138
2024.07.05,600008.SH,0.5840557704027802,-0.11181946114914153,-1.4930927663719757,0.12657993988402702
2024.07.05,600009.SH,0.6403094075552197,-0.6396795761512997,-1.0722072249554757,-0.6392304955325318
2024.07.05,600010.SH,-0.13014603376218603,1.5174953057721305,-0.2361871185774839,1.223581585522726
2024.07.05,600011.SH,0.34087938072641416,-1.786935780738701,-2.58931694794446,0.5152798686974628
2024.07.05,600012.SH,1.1228236178768494,-0.17082187051869258,-0.13034669927132758,0.688746567699387
2024.07.05,600013.SH,0.9503855785890334,-0.44840526165567657,-0.08901433731238274,1.7821340599153288
2024.07.05,600014.SH,0.6730889090626949,-0.4808366577822865,-0.5915734484896329,-0.030439947251183725
2024.07.05,600015.SH,0.3222630566726717,-0.3271994483989709,1.0291917246477424,-0.2647110878663962
2024.07.05,600016.SH,-0.2877949501062059,-0.9168318310227517,0.03738605054646048,1.0742186041128785
2024.07.05,600017.SH,-0.20432819230200797,0.25376639496159953,-0.5851199562809748,-0.7563394557514324
2024.07.05,600018.SH,0.5826611014561561,0.24733918785995804,-1.0542266507453713,-0.006613363666279002
2024.07.05,600019.SH,0.4526654295335959,0.34014844564695434,0.065680646526411,-1.5053975226485377
2024.07.05,600020.SH,0.5542140977572424,-1.5850728512024264,-2.0034002059933296,0.13674842804009338
2024.07.05,600021.SH,0.20399546585142456,0.43690823673195045,0.7609799256153373,-1.5835322426553442
2024.07.05,600022.SH,-0.6176129328616592,1.84655964805772,-1.2133968853093398,0.35949623474358755
2024.07.05,600023.SH,0.7503733721052118,0.7925965125318808,0.702518511924376,1.5843762195679867
2024.07.05,600024.SH,-2.524193519928936,0.2858315888540512,-1.2506483726047448,2.0570352223123183
2024.07.05,600025.SH,0.6979147684624186,0.079000356193431,-0.36512209025127845,-0.4591830711595018
2024.07.05,600026.SH,1.508471185478058,-0.9337378868050156,0.704578913845157,0.27209202683524897
2024.07.05,600027.SH,0.6076030630549328,0.6467027290644877,0.34310883676856874,-1.0434574382877408
2024.07.05,600028.SH,1.1566889709262547,-0.10934349851046246,2.6959142327593986,1.6116940714618158
2024.07.05,600029.SH,-1.4465631007765016,-0.5201063309372679,2.2357826982101097,-0.06927144903648086
2024.07.05,600030.SH,0.6456764559979741,0.6026499123142064,-0.6313626769125207,-0.2893366389928935
2024.07.05,600031.SH,0.026795714056084538,0.4035442661862995,-0.01222891836520187,-1.9353423659849258
2024.07.05,600032.SH,0.01544138503868292,-0.2490839451541106,1.4891895391734413,-0.5498948603875283
2024.07.05,600033.SH,-0.1791777693942248,-0.2086452206036342,-0.3189039388892563,0.09650823739868321
2024.07.05,600034.SH,-1.1009618412557645,-0.34594411512030304,-0.6239904093337666,0.6642222210220495
2024.07.05,600035.SH,-2.0592517230709464,-3.6446831283950387,0.3607129617084451,-1.5807171845452053
2024.07.05,600036.SH,1.132484390206766,-0.13498789105639739,0.4204549374170239,0.16718382847568436
2024.07.05,600037.SH,1.1763636907859532,-1.0339477039782377,-0.37640693499172523,-0.07918150560149874
2024.07.05,600038.SH,0.1002354876040911,0.3331674631267947,0.527649860126955,-0.057292434350463835
2024.07.05,600039.SH,1.817671914187688,-1.4920455979660634,1.9537910182381761,0.4552746927648326
2024.07.05,600040.SH,0.39463197473960954,0.729942756842602,-0.47289680664342604,-0.541016946737745
2024.07.05,600041.SH,-1.2954928888732489,-0.04851660952893019,3.2240844086996647,0.432906600793262
2024.07.05,600042.SH,0.695008528704966,-0.682636686026746,-1.0478131662774646,-1.0742438409085224
2024.07.05,600043.SH,-0.6995645895107102,-0.43578267895246203,0.941827595494818,0.21686618589663367
2024.07.05,600044.SH,0.8424115044465006,1.0388518254147951,-1.066602799331877,-0.8752365778816752
2024.07.05,600045.SH,2.0159811388800737,-0.25644937499403264,1.113565636111892,0.1882419174689286
2024.07.05,600046.SH,0.6804719703045151,0.5327581205963723,0.6924857257995752,-1.1651191565218777
2024.07.05,600047.SH,-1.9642938871782125,0.12153599765738207,-1.5588449316895077,-1.448635913559551
2024.07.05,600048.SH,-0.39045107911681,0.10051708448647093,0.6142117633799519,-0.7018062006117566
2024.07.05,600049.SH,-0.9883987506863202,1.2546387512243753,-1.364665199314864,1.5076222519573865
2024.07.08,000001.SZ,0.8297777321347165,-0.20522023834855382,2.7680156269109144,-0.8756779580613365
2024.07.08,000002.SZ,2.007271551022118,-0.3743815427466728,0.2746284853024659,0.4442165372913975
2024.07.08,000003.SZ,0.4958412620494472,0.9106674177941737,-1.1410550962776604,-1.4221656692017923
2024.07.08,000004.SZ,0.5734370559362398,0.002805679310406843,1.3610304814718805,-0.7388360112615302
2024.07.08,000005.SZ,-0.12339813888601386,-0.17095036242080858,0.8072449146238045,0.15856793513357828
2024.07.08,000006.SZ,-0.37069256680639406,0.4294982217666964,-0.49247497518494854,-1.3238793580085189
2024.07.08,000007.SZ,0.5042675079586773,0.36723159120002563,0.24671512729179929,-1.6437994099235733
2024.07.08,000008.SZ,-1.0783516212507975,0.835765995910348,0.9019132142522145,-1.1005008686898885
2024.07.08,000009.SZ,-0.2336904774750965,2.5298012212869994,1.7718499049087166,1.80424339482517
2024.07.08,000010.SZ,0.28251059420120733,0.7258111415698296,-0.6284563340938059,0.2059432804372603
2024.07.08,000011.SZ,1.149313041753698,-1.169561436308942,0.868801431656545,-0.4279493708519715
2024.07.08,000012.SZ,-0.4083336902250601,0.562020619985726,0.1368069780317896,-0.39881830666165774
2024.07.08,000013.SZ,1.4393031411671509,0.4846776671297486,0.08137990098955658,0.21942346062104273
2024.07.08,000014.SZ,-2.1027892946956697,-0.3189197878862749,-1.178377431722131,0.10072394266722405
2024.07.08,000015.SZ,-0.9454141298762977,-2.324958169104136,-1.2773219122779509,-0.3865861148067159
2024.07.08,000016.SZ,1.2363837202411025,2.035734732090995,-0.5549760135676544,-0.9487477244912772
2024.07.08,000017.SZ,0.857824964601244,-1.9631323777197485,-0.7358545344893973,-1.0688268115863944
2024.07.08,000018.SZ,-1.2471800511390452,-0.8928511521442143,1.1832940364535702,-1.4512685775519996
2024.07.08,000019.SZ,0.593387034033535,-0.19549304403886536,-1.209024749784999,0.03442477489257589
2024.07.08,000020.SZ,0.35614341436643726,0.7705342659761197,-0.031616781592193166,-0.7248270589072952
2024.07.08,000021.SZ,0.0048291993374233975,-0.020682537993381926,-0.13369968474637323,0.30838590657549664
2024.07.08,000022.SZ,4.252585070425564,-0.8350959653306979,1.6073441148651995,2.520323211176827
2024.07.08,000023.SZ,-1.4326634377925123,-0.3388517746890973,1.0409288790222484,-0.6247399084118471
2024.07.08,000024.SZ,-0.7819648321087173,-0.09808999789606322,0.14405278134931343,-2.0549236464920053
2024.07.08,000025.SZ,1.4380560964227573,-0.06929341289703071,0.7846208159818115,2.0832163998339235
2024.07.08,000026.SZ,-0.8663016230226905,-0.954310340660808,0.06701311766393703,-1.2265569905784333
2024.07.08,000027.SZ,-1.4439902498571862,-1.6230495460334446,-1.4564916785526365,-1.2467801174727418
2024.07.08,000028.SZ,1.4580210798438522,0.43947092490225687,-0.01474941826524581,0.41738544109108133
2024.07.08,000029.SZ,-1.6777844045242358,-0.9984715712527223,-1.2499113528173746,-1.7247314369425277
2024.07.08,000030.SZ,-0.28884894111872406,0.3057485996443347,0.49796941951600515,0.05687441496481482
2024.07.08,000031.SZ,0.47742988151952853,0.7271259132761497,-0.18797707782012804,-0.15686185628038515
2024.07.08,000032.SZ,-1.8995963744864923,1.883734385278923,-0.5966266197664749,-0.5929011542087433
2024.07.08,000033.SZ,-3.357339336684731,-0.3292566754439357,1.0749449220873455,1.3089479758540061
2024.07.08,000034.SZ,2.3769450407766257,-0.7869260016654268,1.8915026324062798,1.054956163216403
2024.07.08,000035.SZ,-0.5708992649264322,1.8905255166031332,-0.606978321865991,0.6770982804812333
2024.07.08,000036.SZ,-0.4432723285585766,0.2841357668084959,0.2958094138133392,-0.7130606024646786
2024.07.08,000037.SZ,-1.9485224144948734,-0.6395147907420246,0.3754391289767267,-1.7017396128752664
2024.07.08,000038.SZ,-0.8542166415962554,-2.574733348600438,-0.23993588355663567,0.9867241313154012
2024.07.08,000039.SZ,0.29571755160144086,0.3986118181889108,-0.9096222018134378,-1.336649116232309
2024.07.08,000040.SZ,-0.3516556382931334,0.3905281690349218,-0.920962656679287,-1.2161926062579855
2024.07.08,000041.SZ,0.5934114452512067,0.6950485946261469,1.979978492701988,0.13901335386106664
2024.07.08,000042.SZ,0.2591498830001858,-0.1410891617309918,-0.763639748025269,0.21219822119598136
2024.07.08,000043.SZ,1.3961699015204463,0.2504337080536307,0.4026054767512554,-0.2667010713693861
2024.07.08,000044.SZ,-0.6438710375002047,0.029090646715750214,-0.6456503856972712,-0.2646137275764106
2024.07.08,000045.SZ,-1.092593563108663,-0.8676970129051683,-0.5745980490366557,2.3295911854445355
2024.07.08,000046.SZ,1.3409406104914467,-1.5733599245971264,0.7458426339410145,0.28504676321449457
2024.07.08,000047.SZ,0.21821212116668248,0.7532981467626283,-0.5363920561913901,0.280916133361004
2024.07.08,000048.SZ,0.5329159021600942,2.4117092993973035,-1.2374060961479252,-0.6141812190191913
2024.07.08,000049.SZ,1.2251067534162734,-0.37496219557387156,0.4613741965051305,1.3504931563159355
2024.07.08,000050.SZ,1.2963319698889166,-1.8909804414143896,0.47402435708560575,1.2105006723321348
2024.07.08,600000.SH,-0.3489046936952835,0.7192604874888101,0.11119018210503065,-0.05134848491970336
2024.07.08,600001.SH,-0.07997858515078059,-0.27901564214521385,-0.623214460611007,0.4595754132035491
2024.07.08,600002.SH,0.544242390029638,1.522486112582537,0.023364642821912095,0.32099828372258354
2024.07.08,600003.SH,0.5991836912929074,-0.5205023848312381,1.540033067767476,2.0279220975688266
2024.07.08,600004.SH,-0.6583663364766678,-0.4867136199807667,-0.8214190710076441,-0.4823879376657603
2024.07.08,600005.SH,-0.9633414599593448,0.6675358420803481,0.16226084311797953,0.8502455022319456
2024.07.08,600006.SH,0.041643222593387506,-0.43076009076206756,-0.14633219742082582,0.08760300656704338
2024.07.08,600007.SH,-1.6853743082762658,-1.70304928604814,-0.9293064081282042,1.9083738191805881
2024.07.08,600008.SH,-0.3878120007724543,0.4064082354987734,-0.25736534166869035,0.19126498389373256
2024.07.08,600009.SH,1.0732217556781902,-0.5966728908478957,1.882156146775386,-0.38400946200483044
2024.07.08,600010.SH,-0.3830744410585466,-1.3908332985561007,1.393950044419504,0.22338215951301454
2024.07.08,600011.SH,-0.47812224987443763,-2.0661776037653987,0.8203376854028737,0.9048369696205555
2024.07.08,600012.SH,-0.37366312065511575,-1.1342656057992189,0.7698660941417194,-0.7489595471521175
2024.07.08,600013.SH,0.4195048808929221,2.4710286672461192,0.05966835264405614,-0.6769579973142381
2024.07.08,600014.SH,-0.5116492415541032,0.7195847540401569,-0.6165562388611703,0.332588681166693
2024.07.08,600015.SH,-1.0108520820288966,0.9390830344125587,-0.7940230269317898,-0.2699754317381801
2024.07.08,600016.SH,0.5962299711385283,0.9197080790312578,0.5829627046484274,0.1831032012106639
2024.07.08,600017.SH,0.7507397166015928,0.539166568964518,-0.2368950411389178,-0.4313468544612981
2024.07.08,600018.SH,-0.3848955929657032,0.06728385841282615,0.7582086157183356,0.37665551478193127
2024.07.08,600019.SH,3.80027995786856,-1.040292301566373,0.2428040247882542,0.86492759759474
2024.07.08,600020.SH,0.40894849934281546,0.320184136839241,0.15148655533358946,0.5785658021445943
2024.07.08,600021.SH,0.29107005449455,-0.33534824089879794,0.00011463298528892664,0.940454211635287
2024.07.08,600022.SH,0.44990346750569427,-0.02833744974164097,-0.10370219995427951,-0.920426089320757
2024.07.08,600023.SH,0.36372496802826837,-0.015025529166537537,0.8616920472692681,-0.5610386282039995
2024.07.08,600024.SH,-0.8672215753763197,0.3609972745784335,-0.9154399111469894,0.2869365955763549
2024.07.08,600025.SH,0.41067064667189124,2.1984223460102554,-0.1354581333489015,-1.1262504138169702
2024.07.08,600026.SH,0.39606530658383626,0.348746244446523,0.2032514770756564,1.7307303887758005
2024.07.08,600027.SH,0.6231534136156766,0.12243814512609524,0.6836660385396598,-0.9164013411369257
2024.07.08,600028.SH,1.5000406248303237,0.5075270535365818,0.6709702327705513,-0.6622706147569293
2024.07.08,600029.SH,0.9730486582404231,-0.8864502896033957,-1.0253543163320982,-0.4044971768432788
2024.07.08,600030.SH,0.19907868824222227,-1.310069580477055,1.4581665762909952,0.8082225673729125
2024.07.08,600031.SH,-0.06986644412628543,0.14766587215399868,0.5638427414658621,1.373782802501618
2024.07.08,600032.SH,-0.7188234337341625,-0.34733156595623554,-0.10162102190011421,2.679775353848945
2024.07.08,600033.SH,-0.08345725285285167,1.4681919398756829,-0.07398899434805288,0.19468168443274728
2024.07.08,600034.SH,0.49498472866458954,0.8226484164099128,1.2874042498390676,-0.09648166604180779
2024.07.08,600035.SH,-0.639674819532897,1.7557523187075474,-0.6141521029424654,-0.7850372496065363
2024.07.08,600036.SH,2.0165248443978845,-0.8084972067969163,1.0277024772983447,1.1031499341838225
2024.07.08,600037.SH,0.13562259654963324,1.5781696538454077,1.1362809016678348,0.2850755154164041
2024.07.08,600038.SH,0.048161577431038265,-0.5082917274233761,0.017693710831563916,0.08769555149204682
2024.07.08,600039.SH,-0.1091586105312834,-1.2597478787718122,0.712418915166011,0.39401566992434606
2024.07.08,600040.SH,-1.7431254320050327,-0.08913507853259102,1.195301758122138,1.2415845099236458
2024.07.08,600041.SH,0.5589838855185768,1.3524804233413017,0.7893696592705424,-0.8414415899759182
2024.07.08,600042.SH,-0.13998150851628452,-0.3123036722638863,-0.9251991919216946,1.3829475494937757
2024.07.08,600043.SH,0.697344568903872,0.41393697140954516,-1.300228568349661,0.21496740712186366
2024.07.08,600044.SH,1.1170091236872601,-1.3582560733357418,0.22841715324242093,0.7537442965166592
2024.07.08,600045.SH,0.1935141920715806,0.42784250497939136,-1.9351690326705997,-0.15176319140390562
2024.07.08,600046.SH,-1.106073397950173,-1.2396065198047972,0.5154774242425306,-0.11762565777626231
2024.07.08,600047.SH,0.5581892483248165,0.7537660073129558,0.27767137843448714,-0.5945446373314426
2024.07.08,600048.SH,0.7311913965084735,-0.9584241559586867,-0.7392181604371305,-0.9717839400432756
2024.07.08,600049.SH,-1.62115280579923,-0.8063711017631845,-3.3742746338018845,0.3885463954426531
2024.07.09,000001.SZ,-0.45192182436998607,1.4696609429991991,-0.9830578465168277,0.5639616462013874
2024.07.09,000002.SZ,0.27949892425385,0.4534046979475856,-0.026050599585004428,-0.6681104697146152
2024.07.09,000003.SZ,-1.7680195344849845,-0.12995143372644394,-0.7385286841843167,1.2365855961166907
2024.07.09,000004.SZ,-0.7312094027999083,0.039117495609551786,-0.29674688284642275,0.1816641631683505
2024.07.09,000005.SZ,-2.3243247450763915,1.3196669795960698,-0.48217402414643085,1.2119893281745615
2024.07.09,000006.SZ,0.7196690631766717,0.10400200627884995,-0.16085315540682046,-1.1338757836818105
2024.07.09,000007.SZ,1.3353331720084636,-0.24718574217798345,-0.17162560953105607,-0.5156269121961133
2024.07.09,000008.SZ,-1.6392695119909535,-0.4535840117981524,-0.7153520632368037,0.7777119218510571
2024.07.09,000009.SZ,-0.49004237581131876,-0.4947534005389654,-0.42310986399686007,0.940073367222201
2024.07.09,000010.SZ,0.19765543293558488,-0.4134388947190899,-0.07936308059702024,-1.6007669214468407
2024.07.09,000011.SZ,0.1376558777919127,0.12521669950951944,-0.2363530446778473,-0.6534233457136723
2024.07.09,000012.SZ,1.1261839549957533,-0.194450526374435,-1.0212300364164244,0.7414064252633464
2024.07.09,000013.SZ,0.5666328685566742,-1.160013759633855,1.0007492240372757,0.03141723764042187
2024.07.09,000014.SZ,1.491328756229036,2.685904639629982,-0.48180323653265916,0.10559400628742129
2024.07.09,000015.SZ,-0.4463224157506085,0.352472947394471,-2.1421120032012007,-0.13383784784517078
2024.07.09,000016.SZ,0.8079892236489559,1.451400382689022,0.6696593147499226,-0.02401513817159794
2024.07.09,000017.SZ,-1.9678372831104012,0.33175986425555015,-0.20639286732482673,-0.5821811587298854
2024.07.09,000018.SZ,-0.06212492073368416,2.549520085511163,0.06834518772074183,-0.7885931995398217
2024.07.09,000019.SZ,-0.239768446606364,-1.1337318991010619,1.7222946499779674,-1.115323613370668
2024.07.09,000020.SZ,-2.076330670002995,-0.03050423310449891,-0.4269498514174622,2.15051149286295
2024.07.09,000021.SZ,-0.485997817065675,0.564635705215839,0.2612793059673106,1.271070085175757
2024.07.09,000022.SZ,0.03778638482638221,1.1849943576338264,-0.3235121484558402,0.2444773432039386
2024.07.09,000023.SZ,0.6865015266682368,-0.26498692242449357,0.6457929834139693,0.033283680244548905
2024.07.09,000024.SZ,1.2709383977947113,-0.526501097029205,-0.7271439708158132,-0.5699387716469173
2024.07.09,000025.SZ,0.155694086529471,0.26873352527351735,1.7617811287333338,0.4442831030271885
2024.07.09,000026.SZ,0.8132504864626715,-0.49695385257218483,1.1128805697577542,-0.041188226927292154
2024.07.09,000027.SZ,-0.8384802540827568,0.3534986389026624,-0.9539794865446987,-1.5208935301297943
2024.07.09,000028.SZ,-0.49148663001028126,0.8224613669574106,0.30425244267196405,0.3654067574732431
2024.07.09,000029.SZ,0.6248663513488358,0.17816780508047084,1.2325734557844277,0.1835566676185046
2024.07.09,000030.SZ,-0.48875444944882196,-0.8620550272217503,1.426163683616521,0.0660437548053322
2024.07.09,000031.SZ,-0.7061003787678861,-1.6807411512125079,-0.9936473943291059,-0.03550623652752188
2024.07.09,000032.SZ,-0.13871843086929517,-1.3242559605996052,0.04925647308351788,0.6513404726382169
2024.07.09,000033.SZ,1.2445297932471504,0.7413143328756188,1.3892376158392128,-0.8565722849688526
2024.07.09,000034.SZ,-1.2578159524627464,0.705686834946186,-1.2394550765269494,-0.04799102423132167
2024.07.09,000035.SZ,0.06306782905577987,0.11299277765890246,0.4108694218218225,-1.186333500958969
2024.07.09,000036.SZ,0.3312782961949014,-0.06094221689298522,-0.7285801017026807,0.9688822792805042
2024.07.09,000037.SZ,0.1295660779730975,-0.10649690029716655,1.2802165247519721,-0.8901296708035348
2024.07.09,000038.SZ,-0.12318804624048353,0.5416511529180542,0.2477158794482752,0.2710934845489214
2024.07.09,000039.SZ,-0.8838802248315994,0.18556479587155297,-1.0131803921524098,-0.9682658183949783
2024.07.09,000040.SZ,-0.1778393248231521,0.6944876098939536,-0.2772115978424055,-0.24510432386635592
2024.07.09,000041.SZ,1.0571003354859227,0.05395658587064166,0.6955833645334312,-0.8971164272143978
2024.07.09,000042.SZ,0.844863108374138,-0.565795784102815,-0.9408202373527332,-0.20156602808698432
2024.07.09,000043.SZ,0.204293437260228,-0.5533509660408577,0.15295640783393544,0.26006108041766735
2024.07.09,000044.SZ,0.7820218623574903,1.478997461178028,0.5525407514023776,0.05846122409687471
2024.07.09,000045.SZ,-0.6164579137537713,0.7033607985325026,-0.12430508975524553,1.6717347736014723
2024.07.09,000046.SZ,1.2025027753330892,-1.3520003186645115,-0.2527202363698987,1.454008407375619
2024.07.09,000047.SZ,0.4745277847831185,-0.48666917626354134,-0.06150338456599015,0.9912745980822573
2024.07.09,000048.SZ,-1.3846606485334454,3.0740189738703325,-1.4518795973098393,-1.5578862982539212
2024.07.09,000049.SZ,-1.964871020591182,-0.7488917826092147,2.1220434547350235,-0.09840762135354643
2024.07.09,000050.SZ,0.5853453621112493,1.1935210442432178,-1.3131884421649476,-0.001299136623501962
2024.07.09,600000.SH,-0.8927049713242984,0.2141228120621883,-1.839497377515346,-1.1085881130053854
2024.07.09,600001.SH,-0.08206356855659115,0.34088234584508775,-0.2185949515076864,-1.1097238448178268
2024.07.09,600002.SH,-0.498292658746084,-0.39001509032403897,-1.4914881302295484,-1.2233701920147035
2024.07.09,600003.SH,0.8232908253258858,1.058777166801883,0.3833594350577197,0.5944965795032743
2024.07.09,600004.SH,0.3308059448172935,0.22010536975393646,0.4652057906198068,-0.6643813910625456
2024.07.09,600005.SH,-0.7930897697194131,-0.7672859980286574,0.4366273991018036,1.3525416165767181
2024.07.09,600006.SH,0.11086853239321336,0.5264288290552189,-0.14737079713495008,-0.45042274881443495
2024.07.09,600007.SH,-1.8844919728214984,-0.04767555204307282,0.3652214195933066,-1.968493867312678
2024.07.09,600008.SH,-1.0255277990842127,0.3528169826182253,-1.7366993452289385,0.19406878864404342
2024.07.09,600009.SH,-0.7246554652778084,0.03183371506374529,0.45064280329931855,-1.5409139200203532
2024.07.09,600010.SH,-0.917527383836008,0.479670746064679,0.2986201871683273,1.8990950750525282
2024.07.09,600011.SH,-0.6268166084374895,-0.21195312042576375,-0.24035679109724767,-1.0624984367894799
2024.07.09,600012.SH,-0.05979914960416917,0.9707677760437192,-0.008606475236997273,-0.9103228182193513
2024.07.09,600013.SH,-1.071053701079988,0.6143671097419535,-0.01378043878587946,-0.9090599921163643
2024.07.09,600014.SH,-0.7399580609671518,-1.9448104598272586,-0.11249020867742104,0.252685253483364
2024.07.09,600015.SH,-1.0897338411701092,0.3122961746834909,-0.9244385066629442,0.5737181488368548
2024.07.09,600016.SH,-0.08494755287314129,-0.3706413694002586,1.0821036317080015,-0.20466203452463402
2024.07.09,600017.SH,-0.2946975492453303,-0.6120908059792312,0.20628053646725147,0.30257484483624975
2024.07.09,600018.SH,-1.09916082687077,-0.8542929557520849,0.24010442297667917,-0.5124071819464349
2024.07.09,600019.SH,0.576891971732279,-0.6273007187440349,2.223458870920505,0.9053324639429102
2024.07.09,600020.SH,-0.9453801041812733,1.0120698316661931,-1.1352167239007378,1.1585099736045021
2024.07.09,600021.SH,-1.5464868650143777,-0.5493188487442132,1.2314723734262571,-0.15348215339854862
2024.07.09,600022.SH,1.0405979826886693,-0.4297640157193508,0.017005421640678246,-0.29179158289460017
2024.07.09,600023.SH,-0.15095276764641108,0.4120717973927511,0.9773969416459721,0.7022421380820959
2024.07.09,600024.SH,0.6531184941246552,0.49767576602672453,-0.11526494552348335,-0.705300202501148
2024.07.09,600025.SH,-0.5323655964337556,0.2948164664999129,0.291661823581382,-0.5470507506470743
2024.07.09,600026.SH,-0.2198960639036638,-0.2870816946315459,0.9876809743831784,-0.6107421128990195
2024.07.09,600027.SH,-1.0327141476506745,0.8497833283486987,-0.6904599370751743,3.290080992094018
2024.07.09,600028.SH,0.23182710143100993,0.5148974411677611,-0.2390088165426211,-0.23434059913256433
2024.07.09,600029.SH,-0.4342636135517234,-0.44300291044887996,0.7838910101838755,-0.10917344808470311
2024.07.09,600030.SH,0.9843589814867791,0.1816630922080416,-1.0725582320288025,-0.9941006318014907
2024.07.09,600031.SH,0.5091061870692064,-0.6275834510928742,-0.4142763619024122,-0.6457723923191248
2024.07.09,600032.SH,0.173196189396813,-0.5802627837262673,1.3907368259560478,0.023755967788259523
2024.07.09,600033.SH,-2.4933948702550004,0.9496346081283134,2.588091104844765,3.690165510160153
2024.07.09,600034.SH,-0.21140931139126742,-0.5447042177640875,-0.7222099819296053,0.45862790510698903
2024.07.09,600035.SH,0.3767961643480303,-1.46634020254793,0.054023482277542875,0.6820559065841096
2024.07.09,600036.SH,0.1522065737970641,-0.39228097080316704,0.7012166401395328,-0.23369216297656129
2024.07.09,600037.SH,1.0951653321832562,0.7383322907580226,0.9932811439534284,0.9195083210533713
2024.07.09,600038.SH,0.9981398209024931,1.2579746894610164,1.203954592846682,1.1606363952916188
2024.07.09,600039.SH,-0.42583637988903333,-0.35658067865461357,-0.21423955958939003,1.493554219849332
2024.07.09,600040.SH,0.2601629632927396,0.6579300695319595,2.4812184276277764,-1.2068090504655073
2024.07.09,600041.SH,0.5709478373132,-0.7523182464184123,-0.22919312745774081,-0.0073634265957046524
2024.07.09,600042.SH,-0.21167509699945392,0.5261713193907094,0.7346440933263839,-0.1827187314631733
2024.07.09,600043.SH,-1.371194436961663,-0.6642125747873686,0.5317092092934674,1.7735079508496963
2024.07.09,600044.SH,-0.17529064427844013,-0.5162269998622537,-0.22948066516172969,-0.6997739453348262
2024.07.09,600045.SH,2.2958012503309,-1.2486686322965108,-0.3445037917528412,-0.005497526938235504
2024.07.09,600046.SH,-1.0190101814428474,-1.294182502596413,-0.13381664596574777,0.8012327660919427
2024.07.09,600047.SH,0.23880578049275625,1.3124274105829303,0.3262004006454856,-0.9759180707827823
2024.07.09,600048.SH,-0.6077936179337952,2.6652049240845495,-1.3687718422618236,-0.38975434666321074
2024.07.09,600049.SH,-0.32452053680223764,0.604726250142538,-1.02295360525604,-0.05441417344788743
2024.07.10,000001.SZ,0.9076206097596293,-0.14912388039753446,0.005044885687796551,-0.7802954418338945
2024.07.10,000002.SZ,1.7272388479816325,-0.8649002047439192,1.1605646290613472,1.4784470151758928
2024.07.10,000003.SZ,0.3066661343487554,1.7772612468989497,0.13312110967903176,1.1191632364858246
2024.07.10,000004.SZ,0.4382800001440896,-2.108024932431974,-0.7540184971973692,0.2158731444450633
2024.07.10,000005.SZ,0.6429264305606024,2.3867565662230183,-0.9931034578665761,-0.7680335224376561
2024.07.10,000006.SZ,-1.4959401471144225,-1.0471772388559328,1.0369125628106768,-1.353551344505128
2024.07.10,000007.SZ,-0.03049365112800895,-0.8651296940510795,1.157744171450851,-1.431262856346459
2024.07.10,000008.SZ,-1.763891292539888,1.4133398879940224,-1.300897678632933,1.71805887715946
2024.07.10,000009.SZ,1.5006372497496503,-1.6269221798545948,-0.9281648807960131,1.1583298918113727
2024.07.10,000010.SZ,-1.5081706094056246,-0.7037543750796085,0.6335966723728766,-0.938139239403718
2024.07.10,000011.SZ,0.09887396687971498,1.8928631301679741,1.9983728303066426,0.5159712909382337
2024.07.10,000012.SZ,-0.8495447909205875,-0.3256009824802783,-0.9809464157476262,-0.46003330269670595
2024.07.10,000013.SZ,1.7988017617517607,-1.0482103471167359,-1.9200341377067323,-0.2827992551964201
2024.07.10,000014.SZ,2.0117374158206163,-1.2701051949867128,1.099476032877588,0.333624864474552
2024.07.10,000015.SZ,1.303928081453015,0.2388986033961593,-0.24606303911709645,-0.8652277391344959
2024.07.10,000016.SZ,-0.5349142614314408,-0.9916815922076554,-0.708807338530538,-1.1807995862803191
2024.07.10,000017.SZ,-0.14829178885314068,0.022222001874281177,-0.039965876332643424,-0.9372901541622751
2024.07.10,000018.SZ,0.08312190650063897,1.116011926527859,0.07005328217465781,-0.22438368923108623
2024.07.10,000019.SZ,-0.23260899003185395,0.21626014017541972,-0.7894131852715798,0.5639908899899189
2024.07.10,000020.SZ,1.869105156499791,-0.7490008567606908,-1.2287569397296647,-0.4797012369316129
2024.07.10,000021.SZ,-1.580229849203014,-0.22630743803414774,-0.5619170725433165,-1.3922187054425799
2024.07.10,000022.SZ,-0.1757353770966211,-0.8538733666418344,0.698890826228491,-0.8659140163906984
2024.07.10,000023.SZ,-0.1791617269916415,-1.5957866990123468,-0.5973184629389429,-0.47849597959932916
2024.07.10,000024.SZ,0.27241792654393104,0.06977639998151638,-0.19355635187273212,-0.36326951271590435
2024.07.10,000025.SZ,0.014538486645755872,-1.9181362467401513,-3.7702133689034376,0.2334084976493957
2024.07.10,000026.SZ,0.43491160702515114,-1.0330223082809702,0.35318347322740307,0.3025372104649381
2024.07.10,000027.SZ,-1.0424154994080543,-1.1882411290674944,0.45864846431454126,-1.6907301959066277
2024.07.10,000028.SZ,1.1797683104848151,-0.7407804130191982,-0.5908170527857193,0.08355427289825772
2024.07.10,000029.SZ,-0.714708953880033,0.04825140198619147,0.4234792246262435,-1.1938972227705944
2024.07.10,000030.SZ,-0.026373059773983843,1.8024705717941916,-0.08017788863809948,0.4482905942287952
2024.07.10,000031.SZ,1.1461850705170014,1.2748416000496579,1.8925613536145458,0.1808976312522957
2024.07.10,000032.SZ,-1.106212566934544,-1.144813977488728,1.2807514719107318,2.8749877646005935
2024.07.10,000033.SZ,0.12220102618903146,0.07354274940892304,1.2846223293731933,-0.11571881221833004
2024.07.10,000034.SZ,-0.7579307118681795,0.5712568993565701,-1.0259251197923878,1.3825364735339234
2024.07.10,000035.SZ,0.19386724575119882,0.18980960408154773,0.3528887017027733,-1.8375291869420312
2024.07.10,000036.SZ,-0.0756932933555112,1.3018030556537807,0.8664916542777534,-0.4043218218653488
2024.07.10,000037.SZ,-1.4011578603849952,0.2866752589366488,-1.2320651623786303,0.1864752915847241
2024.07.10,000038.SZ,-0.10413544388198404,-0.12940093462656874,-0.6365775976819462,0.3976929715384207
2024.07.10,000039.SZ,-0.9597637395344142,-0.185091371499329,-0.3534914810437005,-0.6807539088289771
2024.07.10,000040.SZ,-1.3773963721748796,1.545980865832503,0.08803905148297567,-0.15463186907972087
2024.07.10,000041.SZ,0.23758022375968663,-0.5259320528701672,-0.1867479939866219,-0.981600404938069
2024.07.10,000042.SZ,-0.35045185018741476,-0.5407709392741789,-0.23075864420256842,0.04283057053661774
2024.07.10,000043.SZ,-0.943355135906777,0.25366707996036036,0.42088851882095185,0.4130199012844758
2024.07.10,000044.SZ,0.04546282032418788,-0.95460621792913,-0.5008921316055223,0.20113164840769115
2024.07.10,000045.SZ,-0.5836005338643386,-0.04158723814862027,1.4836220594821765,-1.350878913557102
2024.07.10,000046.SZ,-0.4987289482466193,-1.1139386466449763,-1.6294713366336737,0.590167171497382
2024.07.10,000047.SZ,1.4050687584213681,-0.7837581660841845,0.05165180750056448,0.11143837175603924
2024.07.10,000048.SZ,-0.0725438902419887,0.0400535518215901,0.0689465329980369,0.23624628975225526
2024.07.10,000049.SZ,-0.11310451369655938,0.8723457565414977,-0.31995688428549596,0.08363721113374906
2024.07.10,000050.SZ,-0.683800712511714,0.09586986603430023,0.7307361330090411,-1.5113709631804109
2024.07.10,600000.SH,-0.022188204194498018,0.45403277115113766,0.3159788322608402,-1.4049596681315484
2024.07.10,600001.SH,-1.0448965392279372,-0.332110407618077,0.6249887635515771,-0.7602859856222814
2024.07.10,600002.SH,0.6034415346290505,0.4329317988921771,-1.5797001942624733,0.4583564929484005
2024.07.10,600003.SH,0.36756783018282646,-1.0829514702470084,-0.1408386820463126,-0.35453669400885846
2024.07.10,600004.SH,1.430769299928298,-0.2631762197301564,-0.6649367654867027,-0.5065424953043863
2024.07.10,600005.SH,-0.9386327142769311,-0.13339803393833644,0.5402984954379367,-0.8405087761751346
2024.07.10,600006.SH,0.9444055066504503,-1.9820028879574996,-0.48322572677680237,-0.13322549382397422
2024.07.10,600007.SH,-0.8376887606291106,-0.8242114410035971,-0.5149251562599061,0.8266025180965604
2024.07.10,600008.SH,0.32505175494318694,0.4288014222920609,1.1045282565531491,-0.9942615872067455
2024.07.10,600009.SH,-1.6789433564437044,-1.2967510968987783,-0.8230547209473386,1.7276183307872586
2024.07.10,600010.SH,0.18873426762802722,-0.13214302982647771,0.2704226304089376,-0.30032509026230575
2024.07.10,600011.SH,0.18190065139970923,0.07409348851034099,0.17883022956989003,0.3479977590204461
2024.07.10,600012.SH,0.5644308962587378,-0.9239929651432726,0.9710989296500986,-0.6320718801080691
2024.07.10,600013.SH,1.2181511432723768,-1.1542223024366975,0.06800976199307876,0.3276716332763195
2024.07.10,600014.SH,-0.036486963549302656,-0.8364471959180927,-0.8016242163284879,-0.06251865870974183
2024.07.10,600015.SH,0.5495307024880257,0.9772503975420791,-0.03516713456684755,-0.0656990925345554
2024.07.10,600016.SH,0.43039274512371495,-0.3080886212007789,-0.5162981814812306,0.2412792066618043
2024.07.10,600017.SH,-0.9184604613513604,-1.691393015807675,1.703805809018061,0.09425443199752795
2024.07.10,600018.SH,1.7879088269631551,-0.7286635319222169,-0.8675898036794316,0.6135611773357553
2024.07.10,600019.SH,-0.7738094578753558,-1.5074885875698856,0.21384232562965422,1.2372951791974327
2024.07.10,600020.SH,-2.0434632851110113,-1.7628516030255839,0.3450617011971336,-2.467782137579132
2024.07.10,600021.SH,0.6127052743116973,1.8418768096008613,-0.814948692425044,-0.24575452005561363
2024.07.10,600022.SH,-2.152125340797749,0.38785171882082614,-0.511967681313599,1.8746105058444844
2024.07.10,600023.SH,-0.046126760407060374,-0.6406595958875143,-2.256935186158051,0.4224981710580284
2024.07.10,600024.SH,-0.4228640909999446,2.2933904442197672,1.4751798692947922,0.770062018039086
2024.07.10,600025.SH,0.16233319675738803,0.04305956079108525,-1.683952076934166,0.7620957345877519
2024.07.10,600026.SH,0.13313064892514362,1.020630705218163,-0.6758885341878521,-0.9024021071465799
2024.07.10,600027.SH,-0.5027038343823411,1.1005877742772925,-1.3951849595723125,0.446009359233303
2024.07.10,600028.SH,0.5758790319015981,0.8830561504101978,0.13957354071071296,-0.4997613314545603
2024.07.10,600029.SH,1.3571701544932364,-0.7854158825134041,-0.44948942424234267,-0.006471618711511979
2024.07.10,600030.SH,0.29321025665729994,0.24758910639502665,-0.46001884668010046,-0.10379386880381372
2024.07.10,600031.SH,0.3180787568073294,0.1855055135029704,1.292731814305512,-0.6965454063173
2024.07.10,600032.SH,0.42094646340122605,-0.41939874746730516,0.3223446329113057,-0.9345527437994157
2024.07.10,600033.SH,1.0338299304079812,0.08586427467354678,0.5422832650555115,0.8745160286558112
2024.07.10,600034.SH,0.5640056337707567,-0.5528992842726305,0.5920049905712468,1.5686556026395502
2024.07.10,600035.SH,0.7957986885705001,0.9515447791140318,-0.16775328250008253,-0.652800213882221
2024.07.10,600036.SH,0.3756835252237017,1.3785173225924963,0.22610919949380673,0.5591648460490006
2024.07.10,600037.SH,0.20470619757673572,0.1708823365568302,0.36713535146516785,-0.6374030911254964
2024.07.10,600038.SH,-0.21775252051801636,-0.17704298828263618,-0.9782152543683349,-0.5350766779100036
2024.07.10,600039.SH,1.4943391915320312,-0.3129231330063353,0.11394738228877103,-0.5781676000844559
2024.07.10,600040.SH,1.633178890967204,0.6508850293830395,-0.6540988514361976,0.051694611091688276
2024.07.10,600041.SH,0.7565831481547451,-0.25213155416752925,-0.4881156479478326,-0.4012354978455783
2024.07.10,600042.SH,0.2078011200901693,-0.7276254622799933,0.29641071214982845,2.497364176527043
2024.07.10,600043.SH,0.2966900717717387,0.6437525127102314,-0.41687031666161534,-0.9967939004789288
2024.07.10,600044.SH,-1.9105448178248599,-0.3205048626560273,0.49747006238276226,-1.1867284886242615
2024.07.10,600045.SH,0.17956020901455552,-1.0246454140271135,0.2189667351378004,-0.18017679342830226
2024.07.10,600046.SH,1.141497849312913,-1.3841317248995282,-0.8778402485680553,0.5332849922200468
2024.07.10,600047.SH,0.6777085175887195,-0.5211086794754325,0.1907224799079388,-0.7620263020940994
2024.07.10,600048.SH,-0.03989286504394114,-1.5246269381583346,1.8247901373578521,2.916027441618937
2024.07.10,600049.SH,1.2421652039994833,-1.5673340579484856,-0.3306423224438793,0.24981247581212454
2024.07.11,000001.SZ,-2.389279211534768,2.0000398028122546,-2.269653591174628,1.5546900388857157
2024.07.11,000002.SZ,2.0767934398070573,0.6838747439811235,-0.29423339407627264,-0.008504746302587261
2024.07.11,000003.SZ,-0.48528363368908234,-2.9523912546226683,-0.26187877282162825,-0.1657950271321508
2024.07.11,000004.SZ,0.42058802905090475,-0.28048652383585115,0.2268319418073389,-0.6182044967126868
2024.07.11,000005.SZ,1.6289922427994978,-0.081430359666581,0.8171722101420381,-0.6696946795147057
2024.07.11,000006.SZ,-0.25674472463814113,2.8357633522713135,-0.4556839602721759,0.23314488004282205
2024.07.11,000007.SZ,0.4635355329073888,1.014765740716145,-1.7709164794045151,-0.17573218064315935
2024.07.11,000008.SZ,-0.3274322631826998,1.625522704960445,-0.0023729801572179893,-1.3948978863401147
2024.07.11,000009.SZ,-2.2678542083001876,0.5288584181258448,-0.6939611895371754,-0.3574316811896496
2024.07.11,000010.SZ,0.4875321263049266,-0.6690084860339757,-0.6902055289936613,-0.8446009104760532
2024.07.11,000011.SZ,-0.5800475248733497,1.564295458331006,-0.37450541214324007,-0.6259641757556954
2024.07.11,000012.SZ,0.3560067338619924,0.5101266309499791,-0.6767497480005941,-0.5151892891306069
2024.07.11,000013.SZ,-0.5284837548644795,-0.5524273593319252,-1.0499793209631245,0.5270618771394883
2024.07.11,000014.SZ,-1.0790600609226175,-1.3424931553900796,-0.7558203987532217,-0.8259011924277261
2024.07.11,000015.SZ,0.5873669277185267,-0.12163919572484996,0.11780752942133073,-0.869096199864629
2024.07.11,000016.SZ,1.0057527550506018,0.27264677567245127,0.1236754960915658,-0.7917022128430193
2024.07.11,000017.SZ,0.9522302599296326,-0.5961208937213913,-0.45822938125008345,-0.3788176640788656
2024.07.11,000018.SZ,-0.27983005208508466,0.46784578468170457,0.012753960793956043,-0.9941234650119478
2024.07.11,000019.SZ,2.3041248568749406,0.8150726133625011,0.2609193262761703,-0.10344411226130495
2024.07.11,000020.SZ,0.8694183851800338,0.1455401682894549,0.5617079427376939,-0.851615864908278
2024.07.11,000021.SZ,0.01135988847799145,3.3658585532171577,0.7406590980074701,-0.015123623802565331
2024.07.11,000022.SZ,0.14467001644336852,0.3878562251716837,-0.07194896327843324,0.11964933955028932
2024.07.11,000023.SZ,1.5289358271937545,-2.078957522110352,-0.2734589222492636,0.07501728331696127
2024.07.11,000024.SZ,-0.1286972508429911,1.0236804140928355,0.03823983272201674,-0.2450928858534715
2024.07.11,000025.SZ,0.2619819000321107,1.1389428596603923,0.2821135054404843,0.4508660582523204
2024.07.11,000026.SZ,-2.867748355639654,-1.0956284243406096,-0.04672536091157614,2.2309576666063142
2024.07.11,000027.SZ,0.5708563663438903,-0.766161218974884,0.09934425585307965,-0.5721736080608202
2024.07.11,000028.SZ,0.47746250388552086,1.2447421287390188,0.8961792711306125,3.167670342470045
2024.07.11,000029.SZ,0.9870808990478496,0.8543133699793286,0.36432312320917887,-0.3454297522978444
2024.07.11,000030.SZ,1.7388806575285771,4.530994424572294,-2.076347455074339,-0.3348794761806871
2024.07.11,000031.SZ,1.1615890173768975,0.4119126261480148,1.2923745008177943,-0.1466827221004907
2024.07.11,000032.SZ,0.16680251202104016,-0.005258787593238917,0.41375948213157615,-0.43343122318382926
2024.07.11,000033.SZ,0.25132644837311413,0.10292418036171377,0.5884403274404112,-1.167081430472603
2024.07.11,000034.SZ,-0.9577978667411827,-0.28240716758084555,0.5281099154049341,-1.6079091352235269
2024.07.11,000035.SZ,0.3655072752110928,-0.1432646311135919,0.5339570890043175,0.1609366919058798
2024.07.11,000036.SZ,0.13737362536317993,-0.3473786788533099,1.49772413398267,-0.92318107123027
2024.07.11,000037.SZ,-0.8433206470030917,0.0790716324991875,0.7630982864953824,-1.867231484114799
2024.07.11,000038.SZ,1.1376828235314616,-0.3570128716828989,-0.4652941930365919,-0.28539487294634913
2024.07.11,000039.SZ,0.5129532091500919,-0.08867904265326502,-0.479405683422692,-0.14496375110415083
2024.07.11,000040.SZ,0.7370682409715462,-1.5089425463010568,-0.35558835951152745,-0.6307291795112733
2024.07.11,000041.SZ,1.03302537777405,0.024235120441606247,-0.8523757966155378,-0.2822737568942253
2024.07.11,000042.SZ,0.4062529027459209,-1.3456312103840438,-0.10530693290499862,-0.14335542276155783
2024.07.11,000043.SZ,-1.0574744080318037,-2.4697864876032067,-1.2801705030784882,0.1771660652927527
2024.07.11,000044.SZ,-0.7521892291647594,3.5251477127304973,-1.5901286043347145,0.5384009179130458
2024.07.11,000045.SZ,-0.3089759247203111,-0.8005649850437038,0.34632978307556145,0.272804736945062
2024.07.11,000046.SZ,1.1499587570114467,-0.11441218533037865,0.41033636273019897,0.5704877822726828
2024.07.11,000047.SZ,0.33567322346123224,-0.12284777630052561,0.6511968027137719,-0.06358341268950422
2024.07.11,000048.SZ,0.7287696968425779,0.11680735631955678,-0.10832941897713222,0.0026723041588868055
2024.07.11,000049.SZ,-0.4443299625070736,-0.14973719066388688,-1.107737272976329,0.11226911544991476
2024.07.11,000050.SZ,0.6556508951761135,-0.28614459886141164,-0.17593370273059247,-1.0058840347206377
2024.07.11,600000.SH,-0.24424479130244986,0.12335325452571562,-0.6327617766667881,0.3900975535224988
2024.07.11,600001.SH,1.2881329262139467,0.9407450851053334,-0.9188909595847515,-0.8886333334358147
2024.07.11,600002.SH,0.462396998411785,-0.24052916330729518,-1.34859198597428,-0.547066222346429
2024.07.11,600003.SH,-0.7675324742159564,-2.901443103326659,-1.3605652959272623,-0.20339882407407323
2024.07.11,600004.SH,0.5961284256844481,-0.46284539524803714,-0.22498406661828654,2.0972945289072578
2024.07.11,600005.SH,-0.29416982391590135,0.16732479908984443,-0.11805932243367569,-0.12169143302165056
2024.07.11,600006.SH,-0.12153106885186368,-0.771162031312234,-0.9555552545582371,-0.3390761339246016
2024.07.11,600007.SH,0.5304296731194404,0.0077289232496315875,-0.37880500374428583,-1.1163652351567241
2024.07.11,600008.SH,0.20207533392832705,0.09966572159412891,2.2307117339996725,-0.5285458937342269
2024.07.11,600009.SH,-1.5028090635311815,0.4080306125349217,0.09177197760367485,1.78360206816707
2024.07.11,600010.SH,0.3344106523172333,0.3229405756334266,0.10911060552521533,-0.9329223124656829
2024.07.11,600011.SH,0.7318908773001118,-0.7824828936224323,0.961629054092592,-0.2771542582142218
2024.07.11,600012.SH,-1.300318789072683,0.12029812910567231,-1.4924354078317916,0.480768819434163
2024.07.11,600013.SH,-0.08768096325302935,0.6244620848167548,0.39087992143049893,0.9600868731037433
2024.07.11,600014.SH,0.18405610698090136,-0.5213338763398817,1.130801904178936,0.8811240126837518
2024.07.11,600015.SH,0.15095022352245496,0.7467930729862928,-0.6856418441350999,-1.0255840155203608
2024.07.11,600016.SH,1.5032346209278258,0.0044863379648471405,-0.2764623686242396,-0.032888887016245316
2024.07.11,600017.SH,0.2268464418765093,0.6894828536099641,0.06923580559479674,-0.6575778126302916
2024.07.11,600018.SH,1.2396278563683407,-0.12379385637973563,0.19050259688848475,-0.6649273800237535
2024.07.11,600019.SH,-0.2250890661426417,1.5470197336186182,0.7327996694203346,-0.6088399703330023
2024.07.11,600020.SH,1.5951454793275117,-0.43078277114297847,-0.45949261733540975,0.1321087900887055
2024.07.11,600021.SH,0.5250407571601358,0.49135144856901314,-0.96065374663264,0.08116328485300203
2024.07.11,600022.SH,-0.2257240490087048,0.38524570032178634,-0.14917233218876935,2.0958283929415513
2024.07.11,600023.SH,0.11321462464918006,-0.4609335531601475,3.624728948021704,-0.2559512705329319
2024.07.11,600024.SH,0.18620993543618214,0.36731945022603685,0.5052595846156334,-0.18838272005679677
2024.07.11,600025.SH,-0.28466878162461307,-0.27745652775635965,-0.05275876101483335,0.8652304273610778
2024.07.11,600026.SH,1.793762883814058,-0.7183308772528217,-1.7352494984438105,-0.7046289218957962
2024.07.11,600027.SH,0.6285255619106684,-0.5377731418410561,0.2539508574513168,1.4535791550067498
2024.07.11,600028.SH,0.9699403415031452,-0.010044602528912358,-0.10833521194875456,-0.06447209739161358
2024.07.11,600029.SH,0.5815708984996509,1.6483889377350782,-0.9982628350438528,-0.7749955227155492
2024.07.11,600030.SH,-0.08739266079688815,0.44600978937614,-0.12881799828037901,0.797879031003603
2024.07.11,600031.SH,-1.1953840501674577,-0.4464751951115161,0.5984589945815156,1.4123044441015569
2024.07.11,600032.SH,0.7130660643624187,0.3023577634688388,-1.087051744401295,0.20386447458786228
2024.07.11,600033.SH,0.5963467866944998,0.9215456675670073,0.2649561981836685,0.2647216109197263
2024.07.11,600034.SH,0.7634826301040469,-0.3614308175682286,-3.5220505490522602,1.694491601663952
2024.07.11,600035.SH,-0.2605689479633717,0.7479669181432237,-0.5088441126507615,0.252529365217849
2024.07.11,600036.SH,3.11724902299095,-0.19479991849856756,-0.27128226727988103,1.4613729675505072
2024.07.11,600037.SH,1.0856650825430276,-1.1398639363183407,-0.1565781452691711,0.10559526707001199
2024.07.11,600038.SH,0.6253702010086741,-0.8092622233661518,1.2193915411019203,1.048421212962478
2024.07.11,600039.SH,0.34902834676034517,0.6035318201810025,4.039810229726296,0.13155840462644158
2024.07.11,600040.SH,-0.692744083819012,0.360153918058711,1.5334896574308983,0.4102663341689117
2024.07.11,600041.SH,2.062084752214136,-1.1496779984640562,0.2719889905783777,-0.1564875549426174
2024.07.11,600042.SH,0.6957773090971916,-0.9338304185240208,0.24626293119619605,-0.33022478439895525
2024.07.11,600043.SH,0.6405949150374226,0.07171991164580588,0.6617447631228407,-0.11230606934968528
2024.07.11,600044.SH,0.9348068194851806,1.384846219295385,0.8246987631220071,-0.1599236920397488
2024.07.11,600045.SH,-0.08434095810262501,-1.3755644977025545,-0.22842635998289357,-0.11478143253247317
2024.07.11,600046.SH,0.7427583232482753,0.32037561444771734,0.007517458921490307,0.20868603898758237
2024.07.11,600047.SH,1.0164075492057214,0.531123437203001,0.21665566362820055,-0.4708432359985944
2024.07.11,600048.SH,-1.0368286404089577,-0.5888000771394315,-1.3692659792025796,0.5335146990863577
2024.07.11,600049.SH,0.23774722570305667,1.1933275378722135,0.8856767424503554,0.06932149008175083
2024.07.12,000001.SZ,0.7548084253933389,-0.7611321274450219,0.5001476847370381,0.07265133379340642
2024.07.12,000002.SZ,1.4191771340031591,0.6346606739036136,-0.8573494308896036,-0.8669578126216507
2024.07.12,000003.SZ,0.3421567685345688,-0.3942430191274873,-0.10478559675519021,1.3332171750304629
2024.07.12,000004.SZ,-0.03050704354605551,-0.4007717054119889,-0.46885745081742336,0.27823150633856564
2024.07.12,000005.SZ,0.8833800538033334,-0.6711537948417325,-0.8604385794819949,-0.6606853583474633
2024.07.12,000006.SZ,-0.22212653954596884,-0.6762235946536369,-0.4572143283453608,-0.30334411002094935
2024.07.12,000007.SZ,-2.982986701901772,0.5996787410933333,-1.1752020169056479,-2.2862513804359827
2024.07.12,000008.SZ,-1.0063986223886872,1.3814987041343372,0.4391986632260455,1.4996538868901441
2024.07.12,000009.SZ,0.10438620834264374,0.70255820305273,-0.8746969984808177,0.41964373609131006
2024.07.12,000010.SZ,-0.6443369630847974,-1.0711835461913821,1.2225332529750843,1.741145271896202
2024.07.12,000011.SZ,-1.4044585343049258,1.0385588220231485,-0.7732515621729236,1.4745187027768278
2024.07.12,000012.SZ,-0.08514390958543219,-0.3738501642502266,0.41586962701683333,-0.5843429722012972
2024.07.12,000013.SZ,-0.43566077338712345,-0.03762861047601085,-0.43034951295929663,0.03445883134596066
2024.07.12,000014.SZ,0.801767554279884,-0.8217021132385178,-0.6291349659239489,-0.5994110865255483
2024.07.12,000015.SZ,0.30857930562688296,-0.6606991170274471,1.0298079575461474,-0.22581458531196785
2024.07.12,000016.SZ,-1.6170180784802233,-0.5255181665672726,-0.1468930844805908,1.799014501378909
2024.07.12,000017.SZ,0.26994807692252293,0.6199626507288237,0.42550007875301576,-0.8568273991627149
2024.07.12,000018.SZ,-0.2385741870069868,0.31669243220016235,0.27443573200936605,-0.49434025273719934
2024.07.12,000019.SZ,-0.17600145574803897,-0.022936750466606867,1.5636452800742726,-1.91758387729299
2024.07.12,000020.SZ,-0.15932186879664278,0.67780378121573,-1.3360607984462993,-0.05073370579178157
2024.07.12,000021.SZ,0.521937766626287,-0.21066599148562318,1.7615127467760743,2.3273087076569707
2024.07.12,000022.SZ,-0.35309188771859384,-0.6183937948720645,1.812730029736797,0.1247494928720071
2024.07.12,000023.SZ,-1.2025103329456552,0.5030691438592128,-1.44739736747099,1.5160296189677605
2024.07.12,000024.SZ,-0.4664834154077084,-0.21132734357143132,-0.44797511351106467,0.6624891664894459
2024.07.12,000025.SZ,-0.5709138657340457,1.8759073997969191,-0.17967442328626526,-2.0105858048626875
2024.07.12,000026.SZ,0.6913489261233317,0.1076464821222649,-0.3427127706656725,-1.2802636951916675
2024.07.12,000027.SZ,0.3588413807156646,0.6909658244949116,-0.6312766231546266,-1.049211775321613
2024.07.12,000028.SZ,1.8987185099117576,-1.0829596169046114,-1.8224890303290298,-0.1913049818482016
2024.07.12,000029.SZ,1.7279486483723827,-0.9688777817664351,-0.38005430946033203,0.6101359550915068
2024.07.12,000030.SZ,-0.41115710583024845,-1.0290602511455436,0.8174936754063148,1.043057395490265
2024.07.12,000031.SZ,0.641951032749824,-0.7269504517095288,1.4369217342284106,0.830834692256155
2024.07.12,000032.SZ,1.331293238866867,-0.01420659245669612,0.6101535028277618,-1.0799655531467094
2024.07.12,000033.SZ,-0.6117677023621078,0.01614331562456022,1.2293902356210484,-1.5296299613129853
2024.07.12,000034.SZ,1.0479622455757416,-0.10620584829580008,0.989844214792657,-0.3681763387270401
2024.07.12,000035.SZ,1.090554373441738,0.49533545280284835,-0.2919419200896687,0.7148552342878418
2024.07.12,000036.SZ,0.46233701983867187,-0.37031619940163235,0.2445286456377947,-0.6992607074538169
2024.07.12,000037.SZ,-0.12223114662983489,2.6404542993475526,-0.1779895683090327,-0.6155206586033937
2024.07.12,000038.SZ,1.275173569113134,0.003908860025584043,-0.18141414185119567,0.1641089573370523
2024.07.12,000039.SZ,0.22576991123215603,1.1203311061897587,0.2537461376341928,-0.7115930001182865
2024.07.12,000040.SZ,1.611877140115302,-1.6835490009450518,-1.230154253531549,0.18031432831511213
2024.07.12,000041.SZ,-0.12154467449832082,-0.03781505054007296,-0.17038566771676938,-0.3402996284117273
2024.07.12,000042.SZ,-0.2077764144795736,-1.2724866639832124,0.7129923848563708,2.9401349075481678
2024.07.12,000043.SZ,0.32066157922375993,-0.2765159649689308,-1.0374045716412015,1.3730481481264218
2024.07.12,000044.SZ,0.7478237258943643,-1.5606409203549851,0.3356957608607797,0.03475241335626612
2024.07.12,000045.SZ,-0.2725208120573521,0.5553918459219034,0.5168738964243558,-0.15616444174141877
2024.07.12,000046.SZ,0.30889432108359094,0.49545584744400295,0.5852385194881403,-1.060836389783836
2024.07.12,000047.SZ,-0.7913262408797738,-0.15567802057998206,-1.0466539790086906,0.5437115038292505
2024.07.12,000048.SZ,0.5489046937162998,2.4752574903759217,0.7144388717299622,-0.04529798776074467
2024.07.12,000049.SZ,0.8738417682031456,-0.14917562242237473,0.7077471886194405,1.7036541794882758
2024.07.12,000050.SZ,-1.181286354397675,0.3881679334197715,-1.2427717878319238,3.744057521426218
2024.07.12,600000.SH,1.5751054631264243,-0.3455141627909114,-0.20402368128186332,0.28848557809553377
2024.07.12,600001.SH,0.15358780477704173,-1.2341959498425454,-0.8401537533587735,1.1331033853225567
2024.07.12,600002.SH,-2.121340587790978,1.3205555422030202,1.8184090023616126,3.739891134609063
2024.07.12,600003.SH,0.3244118309611964,-1.8429268581434166,-1.0033410239925653,0.5572628722927769
2024.07.12,600004.SH,0.5623585203104456,0.13474820534999996,0.11346792929183212,-0.798218595143582
2024.07.12,600005.SH,-2.8837168814915537,-1.5566817448558654,1.382621756231294,-0.42317353004365893
2024.07.12,600006.SH,-0.0400688700791832,0.257333568118474,0.16534205917125544,-0.36275612256227374
2024.07.12,600007.SH,1.1841566230742477,-0.7422977474805351,-0.5071424690820066,-0.5963895441286273
2024.07.12,600008.SH,2.8080591964742623,-2.0256861024383213,-0.5250074459974003,0.42545772470011206
2024.07.12,600009.SH,-0.11972551629332483,-0.19453510355563033,0.7479576458496333,0.24513807812847566
2024.07.12,600010.SH,-0.08873710577093658,1.2574404871797693,-0.32579455536040774,-0.9327865907971566
2024.07.12,600011.SH,0.5441221740847336,0.5174150158028705,-0.1849309954352248,-0.41112911112820294
2024.07.12,600012.SH,-0.9861831612620303,1.0059112883769372,0.34631921975028546,-0.08485609151856612
2024.07.12,600013.SH,-1.9409966712274318,-1.0474867533282146,0.43782289223699244,-0.7495822390923774
2024.07.12,600014.SH,1.0649113223032578,0.5293053636182762,1.2438931623535943,0.28269170420630124
2024.07.12,600015.SH,-0.36511478962861876,-1.0878498463124355,1.2610354102592782,-1.5087879542772904
2024.07.12,600016.SH,-0.40692180349173473,-0.007988601862866178,1.1693600457384035,0.18349410530318058
2024.07.12,600017.SH,0.7537080591002526,1.0178062398237657,-1.031182462533145,-0.9876186092368129
2024.07.12,600018.SH,0.7044328488714322,0.3788900810551248,0.147203332010735,-0.28263560885966826
2024.07.12,600019.SH,-2.463931686361788,-0.04398130420891036,-0.7570430743774218,0.08342305591300002
2024.07.12,600020.SH,0.7464825861323026,0.4651129115884646,0.6893601087040166,-0.004937566021647646
2024.07.12,600021.SH,-0.9268388396699403,0.5340259834847513,0.37574170646928484,0.6575397741212791
2024.07.12,600022.SH,0.4374638811893423,0.5340124056319356,1.31229071407394,-0.07418154868765414
2024.07.12,600023.SH,-0.5390135114074921,-0.12513608196368675,-0.13897597405072099,1.246583253400272
2024.07.12,600024.SH,-1.7455766848844654,1.3136235559624028,0.49783468421717525,0.2028510232476403
2024.07.12,600025.SH,0.33731023281785794,2.8039984514336473,0.9682990086225468,-1.5170712588597048
2024.07.12,600026.SH,-1.2740345678063059,-1.0671607056954524,1.6874334767101706,0.23696586640957717
2024.07.12,600027.SH,-0.03507608701605677,-0.22883606835296771,-0.04224691943596725,-0.6365593172051771
2024.07.12,600028.SH,-0.05952586157838951,1.1411302370671086,-0.44417640159760313,0.3913417720550701
2024.07.12,600029.SH,0.12033520641946781,-0.12160676399446826,-0.5958320335954183,0.12485337048785908
2024.07.12,600030.SH,-1.077470971476424,0.18240683811656994,-1.1797132696213046,1.0737355456068916
2024.07.12,600031.SH,0.1175662632001505,-0.8428111231473575,1.056038715163643,0.45173273890193627
2024.07.12,600032.SH,1.7064697269786437,-0.710812827658786,1.0435165582309973,0.21964642997970926
2024.07.12,600033.SH,-0.2838888225065092,-0.5117581135638525,0.7493870170139498,0.6667826045253359
2024.07.12,600034.SH,0.24561048816243164,0.4432865020403419,-0.0549456388674834,-0.2620707327878675
2024.07.12,600035.SH,0.8938355609093789,-0.21922073039063114,0.10418290132150526,-0.3658606156460427
2024.07.12,600036.SH,-0.023402325270004406,-0.010369592362111532,2.3623514336812628,-0.5590941070757921
2024.07.12,600037.SH,-1.1764915051791964,-1.0156456145421273,0.5438230809530171,0.4557576390626965
2024.07.12,600038.SH,0.30815289237524457,0.24886199773051343,-1.3102697054379429,0.3613324985209066
2024.07.12,600039.SH,2.731491765860444,-0.4205641888101488,0.31495881459705005,0.27689686463048524
2024.07.12,600040.SH,-0.6440567128940141,-0.9202504301323687,2.093475978241036,-1.5973415270176439
2024.07.12,600041.SH,0.342771501573354,-0.30202633133806844,-0.19558224261462717,-0.8787033614705976
2024.07.12,600042.SH,1.0004390951263524,0.3043291153052262,-0.12723939559754124,-0.5561734268635543
2024.07.12,600043.SH,-0.010199673929497338,0.5368618129110349,-0.47129480549998515,2.429066367074014
2024.07.12,600044.SH,0.918384603055692,-0.3713901878984358,-1.2804693173468187,-0.4931478791835496
2024.07.12,600045.SH,0.8023254267719485,0.4341986490959645,-0.76365267786284,0.25342410721093495
2024.07.12,600046.SH,-0.46411420630292566,1.4360128919593984,-0.5754340334514155,0.347664604707967
2024.07.12,600047.SH,-0.47129688503408995,1.6426488467948095,0.3000912126736857,1.448119644483479
2024.07.12,600048.SH,0.17431541793087318,-0.33538868424983603,-1.6119396054890156,1.0260488824983625
2024.07.12,600049.SH,1.6012850366590747,-0.9793468447686525,-0.23940049532796398,1.6900514568455098
2024.07.15,000001.SZ,0.43336339058374407,0.6217404918797069,1.4039499091347836,0.7425510315067329
2024.07.15,000002.SZ,0.018078204758926106,-0.2891459101832263,-0.06345411418416531,-0.24642048356684618
2024.07.15,000003.SZ,-0.7838565235633446,-0.06570810427047323,0.6555069507408352,-0.5193007913170178
2024.07.15,000004.SZ,0.2618722983616394,0.04808790175402528,0.23782025337025556,-1.1882515815497523
2024.07.15,000005.SZ,0.6889083337968905,-1.1193355655013741,-0.3520995083735377,-0.32521259395730095
2024.07.15,000006.SZ,-0.9123603519520618,-0.5375496092338108,1.644406130844934,-0.5306543482490471
2024.07.15,000007.SZ,1.3491423798275717,0.366604050749101,0.5852247585844134,0.2778164750104074
2024.07.15,000008.SZ,-2.4097754046136846,-0.883374873403139,0.0869780972254215,-1.4992030719306464
2024.07.15,000009.SZ,1.6982002150142979,-0.4136177877076396,0.4134490105544117,-0.3548355204566911
2024.07.15,000010.SZ,-2.0054524854174325,-0.8726990708332296,0.7065391342872018,-0.5412113267663432
2024.07.15,000011.SZ,0.4251920739666157,0.4935832235966562,-0.23187900055304475,-1.0897585976737907
2024.07.15,000012.SZ,-0.42782348249442675,0.8875679977695821,-0.2767973302816508,-1.232050554769595
2024.07.15,000013.SZ,0.4365307868074184,-0.32738135601146573,-0.2925589357673047,1.3530668407540458
2024.07.15,000014.SZ,-0.05001285556702186,-0.899158102147468,-0.6501260806401964,-1.33520615270155
2024.07.15,000015.SZ,1.1923266989580992,-0.048226142166805056,0.23057036933499722,-0.9211139144529352
2024.07.15,000016.SZ,0.5139188616010667,0.5915128297552054,0.28337610047680817,-1.2934353943075034
2024.07.15,000017.SZ,-1.830628781304848,-0.8448091733090437,-0.26079585872409894,0.820304475363538
2024.07.15,000018.SZ,0.4119504867001905,0.9068174870663257,1.0039481257336593,0.29977058787831745
2024.07.15,000019.SZ,0.6142688812628015,-0.6437875838081493,-0.5707802602844445,-1.2253984449118094
2024.07.15,000020.SZ,0.7272165602434943,1.1280411283196132,0.060418777792898934,-0.613238844166571
2024.07.15,000021.SZ,1.5027914807433889,0.029233185145938114,-0.13015992500101026,0.5329481484745499
2024.07.15,000022.SZ,0.5228648753413521,-0.13293651891415884,-0.363211858890875,0.35800431703779434
2024.07.15,000023.SZ,0.6650026457133249,-1.8783786672942304,0.47355324959049416,2.8971196916598694
2024.07.15,000024.SZ,-1.1913554910924402,-0.8124495250446433,-1.6733753581546826,0.6150732624695344
2024.07.15,000025.SZ,-0.034918691247181055,0.5300948606279621,-0.5420700693524589,-0.6211532970834321
2024.07.15,000026.SZ,0.9238291698467486,1.6200321543254084,-0.4179068938163144,-0.1570336875240396
2024.07.15,000027.SZ,0.5217475469756468,-0.4165620962869453,1.1607543491892784,-0.16344738938846837
2024.07.15,000028.SZ,0.7739166921336657,1.0479469501504568,0.5979242668069539,-0.18591012713997618
2024.07.15,000029.SZ,0.18421271000235512,-0.01603156056787258,-0.2640272202020624,-0.9437177054692115
2024.07.15,000030.SZ,0.1278742076054779,-0.02003373372017617,0.39915985445551283,-1.7151030468345951
2024.07.15,000031.SZ,2.3283461441395144,-0.2620953174870886,-0.044497632797373364,0.9183719627242685
2024.07.15,000032.SZ,-0.22812810922399818,-0.28147187875512797,-0.743490060873519,-0.18766839687017944
2024.07.15,000033.SZ,-0.6990282612375682,-0.7148451329713285,0.5514978837423624,-0.5737040013136759
2024.07.15,000034.SZ,0.6336323607733382,-0.11881015271415267,0.0193697538634634,-0.26083252208572105
2024.07.15,000035.SZ,0.25421958834954167,0.10567589832830493,-0.021072800011706763,0.9723096135934612
2024.07.15,000036.SZ,-0.8440915928110643,-0.8757348033946103,0.6720358576173001,-0.10464675828460927
2024.07.15,000037.SZ,0.6774965286449255,0.3073629298583823,1.7099217531345834,-0.773031330563856
2024.07.15,000038.SZ,0.46864636145613486,0.3839070046193215,-0.3020452129250213,-0.28832369672142744
2024.07.15,000039.SZ,0.5389208748382651,0.5239406690148176,-0.1030829883726934,-0.9222064898876716
2024.07.15,000040.SZ,0.34412840251121074,-1.046893323842948,0.5078704387989808,-0.44458347356080197
2024.07.15,000041.SZ,0.7457245751943027,-0.259419518514203,-1.0776389588411677,1.029617426044502
2024.07.15,000042.SZ,0.786015347248091,-0.01651943810671391,2.032028467218043,0.47683342938971435
2024.07.15,000043.SZ,0.899096511710143,-0.546221512367111,-1.2833483627810685,0.36875051150316457
2024.07.15,000044.SZ,0.1857405353441677,-0.6833389407617634,-0.3383920403869303,-0.4744871034468169
2024.07.15,000045.SZ,1.163154176954207,0.10666764703654674,-0.4153909218962914,0.8418521941660075
2024.07.15,000046.SZ,0.02470375952633796,1.0592715193586446,0.6506713495566172,-1.58021116573542
2024.07.15,000047.SZ,1.2937210038943778,-0.20601242484138663,0.24973488220275433,1.279651736245957
2024.07.15,000048.SZ,0.43439380736492006,1.7266446037973404,-0.45610271072831843,0.22864089154332315
2024.07.15,000049.SZ,-1.55408217365337,-1.5612917238972184,1.0511552029518503,2.3879928342837
2024.07.15,000050.SZ,-0.14925966320539008,0.43391515023669586,0.8968108336205594,0.22467947738462216
2024.07.15,600000.SH,0.9150402036657792,-0.5403543971833702,0.538777678468541,0.4300927999784371
2024.07.15,600001.SH,-0.381747189365336,-0.2057042045672807,1.1037874758037276,-1.205719400634591
2024.07.15,600002.SH,0.20262278684288074,-0.011035410461392513,2.083137554099075,-0.45062546098690626
2024.07.15,600003.SH,-0.5817990456584728,0.4149832134292161,-0.7844032034244318,0.265057803984806
2024.07.15,600004.SH,-1.1573058563250647,-1.399089404994069,1.745933122112924,1.7113134534550636
2024.07.15,600005.SH,-0.5599375022279633,0.5016190826393236,0.7046184474729213,0.23513558317228136
2024.07.15,600006.SH,1.0222792641502716,-1.5587360279223887,-0.719578011555242,-0.2852834296183638
2024.07.15,600007.SH,0.7330876782375668,-0.8479289221508252,0.0714746623260421,0.23904374511831072
2024.07.15,600008.SH,0.5852176675521082,0.13576490738251204,0.06637740311244832,-1.0060703908906101
2024.07.15,600009.SH,-0.2486647970582427,0.946535168359468,1.3567333230395924,0.7751343531598794
2024.07.15,600010.SH,-0.15517252665905373,0.23697844138078178,0.7580005219767636,0.4519558559153548
2024.07.15,600011.SH,0.7648383019217243,0.5694180188526201,0.4382533854640033,1.1854366689859548
2024.07.15,600012.SH,1.147178252920268,0.4520634477428936,-0.4273135592335763,-0.5551316493241624
2024.07.15,600013.SH,-2.175376102841532,1.625138620356019,-1.278533615261192,-0.05351281854085293
2024.07.15,600014.SH,0.05650424849269443,-0.6505439764916939,0.29719100808034105,-0.4273519807411494
2024.07.15,600015.SH,-1.2868537102231916,-0.4459296605454146,-0.773711811672841,0.5635802666226919
2024.07.15,600016.SH,-0.9266734583981326,-1.922756826320138,-1.1424742232109393,-0.9345040169172938
2024.07.15,600017.SH,0.11019080463564639,-0.7294851894162161,-1.2825027183554558,-0.4094907352127721
2024.07.15,600018.SH,2.452724753237286,-0.931797556600447,0.6541757943425436,1.0339187269159023
2024.07.15,600019.SH,-0.01724128160067022,0.3804799293790472,1.5664594879704496,-0.7970495939131712
2024.07.15,600020.SH,-0.006553502357047234,1.3027680042360228,-1.0137861276118603,-0.8228485310356187
2024.07.15,600021.SH,0.33566142369340696,0.013570427500366486,0.571586097961233,-0.3279817872730783
2024.07.15,600022.SH,-1.0035733818565424,-0.31866881731417546,0.32797112106728304,-1.4652414424060956
2024.07.15,600023.SH,1.417692333531759,-1.0847074442083673,-0.7743413996719439,0.33930574951472103
2024.07.15,600024.SH,0.6701666274906517,0.8431525556993252,0.1042420070258234,-0.5823429296907306
2024.07.15,600025.SH,0.23804345907714225,0.8527752954620764,0.8908795424382265,1.218036256126459
2024.07.15,600026.SH,1.2620414663769284,0.3623251860400339,2.5377103534019807,0.12427921027562568
2024.07.15,600027.SH,0.9948446215217295,0.19011290030541508,-0.21307747500772004,0.26084289365283375
2024.07.15,600028.SH,-0.8438569649085629,-0.7012820833164497,-1.1757937536775633,1.1524595158923459
2024.07.15,600029.SH,0.7601865143615287,-2.632734333026675,-3.835366175659301,0.13187296361030074
2024.07.15,600030.SH,0.08708589265894277,-1.2945422032304146,-0.5251722240163308,-0.16737278414308554
2024.07.15,600031.SH,0.6991832425094995,0.3735323371200923,0.10344686897460002,-0.20470121406985842
2024.07.15,600032.SH,-0.4503385111472744,-0.09971040831718213,0.4689152790194632,-1.4053031169757315
2024.07.15,600033.SH,-0.04425451719083623,-0.41285902210719794,-1.6293054730223058,1.031093557997081
2024.07.15,600034.SH,1.021314377008198,-0.07190558709383676,-0.6085062762395682,-0.0012877017716342728
2024.07.15,600035.SH,0.7126490321872233,-0.0766617904045799,-0.8834983075628202,-0.41223199161274976
2024.07.15,600036.SH,-0.4457990764873754,0.3327217536692815,-0.28025556323849315,1.6041640482334858
2024.07.15,600037.SH,-0.23880653082423486,-1.0845867773414475,-1.5731802379538942,-0.8068143754063394
2024.07.15,600038.SH,-2.159056885246793,0.25767247982538616,-1.6354059796871216,0.3314341524749322
2024.07.15,600039.SH,-1.3099459987750335,0.30692536498963024,0.4388180625089594,-0.32538690748785176
2024.07.15,600040.SH,0.26484155048102437,-0.5036271540195447,0.5905192574562941,1.5083352352919985
2024.07.15,600041.SH,-1.4249123918446502,0.14451939549659767,0.3336394292750938,0.02134839988420193
2024.07.15,600042.SH,-1.1777532321498263,3.5633653804645777,-1.8422575505696277,0.15955120335028386
2024.07.15,600043.SH,0.45645780598477786,-0.673066559423469,-0.7065884967190383,0.9578788476887462
2024.07.15,600044.SH,-0.818577291629563,0.7782451140230435,-1.7166575290617307,-1.6655765590655371
2024.07.15,600045.SH,-1.3380003993976086,0.8165371931377708,0.14360279961723493,-0.388641341298348
2024.07.15,600046.SH,0.18384826330001258,-0.9056758032808221,1.8556798269892225,2.815138848580917
2024.07.15,600047.SH,0.13959379313994422,-0.6365878745591694,-0.05247826902934257,0.28047430181819216
2024.07.15,600048.SH,0.6057525441342677,0.6658803315474949,-0.47317532548038255,-0.9139064144934094
2024.07.15,600049.SH,-0.6267450906868635,-0.2617332955537712,-0.00857927063458743,1.1832178282883743
2024.07.16,000001.SZ,-0.42195182665037784,-0.07445462093967632,-1.5881810697379168,-1.7035737198827783
2024.07.16,000002.SZ,2.3941065655770064,-0.7271659861571746,0.3912207277785373,-0.030313222825473857
2024.07.16,000003.SZ,-1.1094085703997163,-0.057577787458356684,-0.28166423264351953,-0.81162643090967
2024.07.16,000004.SZ,-0.7868593989927708,-0.24703010582232202,0.6869480280646405,-0.8571644717565073
2024.07.16,000005.SZ,-1.2541376492065452,2.089031172534422,-0.07087221158651484,-1.732150000551091
2024.07.16,000006.SZ,1.0898347669394681,-0.3476149158963302,-0.9870649668268687,-0.7305204049541084
2024.07.16,000007.SZ,0.294110628855085,-0.17524399241187352,0.3676003797398988,-1.4032931145161385
2024.07.16,000008.SZ,-3.256498858071084,0.3247446689979154,0.16264059252208782,5.844685940342802
2024.07.16,000009.SZ,0.2704418005723959,-1.8056034207429832,0.40708005230705757,-0.42215738975416234
2024.07.16,000010.SZ,-0.09235357854974308,-0.09581596596729741,0.6683967771001315,-1.3955130005426633
2024.07.16,000011.SZ,-0.6174366425554029,0.03109191800220919,0.7055184844217917,-0.3977522100482792
2024.07.16,000012.SZ,-0.12347496831110194,1.2910403027596098,-0.3593483214346175,1.9754125013388306
2024.07.16,000013.SZ,-0.9161799064170241,1.019117904520126,-1.891847458769921,0.5486536166934729
2024.07.16,000014.SZ,0.866755382311753,-0.6453220735010612,-0.3898675018602283,-0.7785422180642703
2024.07.16,000015.SZ,0.3041352702127271,-0.17809044170174418,-1.5655648806834948,-0.8472708266090515
2024.07.16,000016.SZ,0.30403779850229246,0.237115195179154,-0.405942207491948,-0.016672312531832455
2024.07.16,000017.SZ,-0.9696871323655986,-0.4801823721873215,0.7672642519847551,1.0369676560583871
2024.07.16,000018.SZ,-1.1767531655180803,-0.8582547697763295,0.17642730099089862,-2.0644121254117644
2024.07.16,000019.SZ,0.7930614097385672,-0.8675702784814406,0.39068559350262605,0.5881376895750096
2024.07.16,000020.SZ,-0.06102204234398787,-0.6457985756117129,0.08696430502418837,-1.7689332392108041
2024.07.16,000021.SZ,0.43451573042158576,1.1361378106990994,-0.19899333509032893,-0.6652911387750768
2024.07.16,000022.SZ,-0.0012254803924997867,2.6874685353742844,-0.25984940719186217,-1.1569002269490827
2024.07.16,000023.SZ,0.06931500162143535,-0.5781367837430444,-1.0293421127718552,-1.4861073767173536
2024.07.16,000024.SZ,-0.6238903983077341,1.9335860218257044,-0.7100604282268316,0.4523437689955872
2024.07.16,000025.SZ,2.4276137368506907,-0.3475430518021261,0.3307596125945733,1.1895007357739649
2024.07.16,000026.SZ,0.662421220319059,1.2578127919558484,1.3324287275428135,-0.8568617250481106
2024.07.16,000027.SZ,-0.9438246433843068,-0.9658004187082062,2.15239792994311,0.5181696932076941
2024.07.16,000028.SZ,-0.523937496520647,-0.6033331963621095,0.7864460754533504,-0.9808653148429073
2024.07.16,000029.SZ,-0.5748109682037258,-0.5014822601324586,0.4457675043577655,-0.6838477398629483
2024.07.16,000030.SZ,0.7351123969174388,1.6517624333656866,-0.5818587384614241,-0.4751082289928282
2024.07.16,000031.SZ,1.0053865488805134,-1.2872214517124998,-1.76798392014853,-1.3386783426302176
2024.07.16,000032.SZ,1.1533297218792957,0.7991524930125312,0.05296625542451051,-0.5537722333433069
2024.07.16,000033.SZ,-0.5426329789891177,-0.506876082061248,1.6341948776845714,1.3970833022452342
2024.07.16,000034.SZ,-0.020663081757120377,-1.066605408930599,-0.3758310623157493,-0.05043966179837731
2024.07.16,000035.SZ,-1.751238129881966,-0.20038922024094957,-1.4781426430392928,-1.3618422196564905
2024.07.16,000036.SZ,0.23341647589682712,-0.39894316358674614,1.4311703133172824,-0.5715283745380849
2024.07.16,000037.SZ,1.2085067464666166,-0.5458195814188762,0.04310621096391536,0.2924551630278818
2024.07.16,000038.SZ,0.32268899184324834,1.026967411368722,0.7850892599004456,-0.931875679523976
2024.07.16,000039.SZ,-0.6948792555675717,-1.3124823923886737,0.694124173996812,0.5937409602719231
2024.07.16,000040.SZ,1.8938177885056822,-0.4172713364006792,-0.025822027452396437,0.7764132592691987
2024.07.16,000041.SZ,-1.0105837780016074,0.46263980070313565,0.18704638154293415,0.9285412363245478
2024.07.16,000042.SZ,0.3199942052467747,-0.3234567651779901,-0.4686540735026669,-0.03151486387972272
2024.07.16,000043.SZ,-0.4149404891147789,-0.8980405839263289,-0.6469590593609598,-0.9050633845974906
2024.07.16,000044.SZ,-0.2506470921450212,0.9293306978701623,-0.662701884321482,0.9474859534866964
2024.07.16,000045.SZ,-0.649559698316548,1.299888042945538,-1.2617736168133409,1.9828284993322502
2024.07.16,000046.SZ,1.6385220704523082,-0.9360760601009502,-0.3633224155664502,0.1837249200609199
2024.07.16,000047.SZ,-2.662391016707957,-0.09841252944750215,-0.5323613836595054,-0.4959753690611985
2024.07.16,000048.SZ,2.563722596337939,-1.8125965909758845,-1.1352546221580717,0.14354235372237556
2024.07.16,000049.SZ,-1.2526890260540702,-0.9064229138294629,-0.15000081571313922,-0.09713321036627386
2024.07.16,000050.SZ,0.3553426303901756,0.9276792600116344,0.616051494313741,0.12430466073111633
2024.07.16,600000.SH,1.0609178752679127,0.8338304150385731,-0.3237286966505775,0.3330167609488536
2024.07.16,600001.SH,-1.175177244720829,-1.7373156742293245,-0.4190438334135138,0.006279276267746428
2024.07.16,600002.SH,0.9469308299774664,-0.8122297097379941,-0.2328224055403547,0.9138790468082073
2024.07.16,600003.SH,1.4523224290460899,0.4428946798606514,1.1064265362787007,-0.7239745213445944
2024.07.16,600004.SH,0.9317265395535071,0.4126066730255627,0.42236818976273494,-1.060649212240039
2024.07.16,600005.SH,0.551122249220207,0.8096603957862641,-0.12038172661728964,-0.3650000667197573
2024.07.16,600006.SH,0.6154188647178986,-0.793696935435833,0.6615753746846804,-0.16098985841584745
2024.07.16,600007.SH,1.6018654505924916,-0.18979712307417437,0.37771023840621315,0.9365836293275681
2024.07.16,600008.SH,0.22349423744039557,-0.5810253347549265,0.2040739513531155,0.4812845089962225
2024.07.16,600009.SH,-1.4894612106473697,1.0843822417344124,-0.08142001592165776,2.0162215028959554
2024.07.16,600010.SH,-0.7517976993208602,0.5365350892276305,-1.1914329666956287,-0.12350506517525621
2024.07.16,600011.SH,0.33951974594551143,-1.228781167015387,-0.08050771271426284,0.08011067412773965
2024.07.16,600012.SH,0.4705395155000427,-1.2373810544490322,1.6754203936094696,-1.362751026711751
2024.07.16,600013.SH,0.21090748806443574,1.3962708530058496,0.7082729203456243,-0.7208002646296984
2024.07.16,600014.SH,1.3090009223843844,-0.2508395990720178,0.08525462370226844,0.5580186460990648
2024.07.16,600015.SH,1.3962364322996204,0.9431207733710381,0.2083915428214777,0.08917298919545431
2024.07.16,600016.SH,-0.15450149435974445,0.03873489832413738,0.021226826346778437,0.6789685290248838
2024.07.16,600017.SH,-3.472761601118489,-0.8395230849707405,0.21006505775557582,1.228236701139887
2024.07.16,600018.SH,0.23399231967585946,-0.27384448226229074,0.22836008315578737,0.15655694450410862
2024.07.16,600019.SH,-0.030647927354732648,0.6905245941207041,-1.1478315488757407,-0.12007122100270065
2024.07.16,600020.SH,1.0828285921843575,-0.33203491629492937,0.31855824154116624,-0.6456501330230231
2024.07.16,600021.SH,-0.9447136050582601,-0.37789944894422745,0.19637659412500622,0.7995261506327296
2024.07.16,600022.SH,-0.9259028408216808,-0.13989026150334768,1.5694490755660793,0.42915664295853645
2024.07.16,600023.SH,1.942025953914457,1.6735176534013314,-1.1319982755987668,0.26716241985279404
2024.07.16,600024.SH,0.7079694326267134,-0.9177317213176923,-0.9851664914291999,-0.10329926889942789
2024.07.16,600025.SH,0.00973209763639152,0.08429874280599586,0.31347408215670275,-1.9329507736716303
2024.07.16,600026.SH,0.4847791549671389,0.43096925611981407,0.39645593926670775,-0.15510184424654483
2024.07.16,600027.SH,-0.7339891828476415,0.08800948896555771,1.5977127975138647,-0.3388706710497555
2024.07.16,600028.SH,0.4980654443772253,-1.809474232601645,-2.145027520765495,-1.0489272080737615
2024.07.16,600029.SH,1.5602600781729075,-0.24025550667828288,0.23231681643201504,-0.8857492765392411
2024.07.16,600030.SH,-0.09803222334008053,-0.18550923412276193,-0.6810685601605,-0.6337661615143253
2024.07.16,600031.SH,0.34682800677298314,0.5336475507073033,2.2941596184834907,-0.10320741404333858
2024.07.16,600032.SH,0.1756862829781021,-0.09235341255526082,-0.1584172281394059,-0.849216595437133
2024.07.16,600033.SH,-0.2874715587794115,-0.5114860925574125,0.41369892811096237,-0.02502489576003534
2024.07.16,600034.SH,1.5702147602968568,-0.8556873440025046,-0.5603872334663222,0.3319541743749583
2024.07.16,600035.SH,-0.5216559306667219,1.340683267634319,-0.1602600371797304,-1.2620157892759554
2024.07.16,600036.SH,-0.01894575335927116,0.44722045335379057,0.6052664833825544,-0.9930290782392207
2024.07.16,600037.SH,0.3883172654957967,0.8297261073157391,0.6538301864143649,0.2857277478644855
2024.07.16,600038.SH,0.05415183040870893,0.48248302557048256,-0.14362142894024998,-0.5182347693445131
2024.07.16,600039.SH,-1.5831115863844631,-1.370650090154803,2.804942266702417,2.1656674505469753
2024.07.16,600040.SH,0.556481823791942,2.284328834079508,-0.62686905017742,-1.385755754700547
2024.07.16,600041.SH,-0.14368022398009384,0.21554734303320167,-0.07157830250027512,0.04401439761465671
2024.07.16,600042.SH,0.6335321424424638,0.232665910567749,0.8126245407550652,1.200645808782208
2024.07.16,600043.SH,0.5598192551784544,0.3751361393957987,0.8415527762631915,0.3645388817790725
2024.07.16,600044.SH,-0.8923793661715015,-0.5592611184764035,0.22688255343106295,0.44269677462181783
2024.07.16,600045.SH,1.588428655759912,0.39977057287314616,-1.180303198442692,0.7687327831862267
2024.07.16,600046.SH,-0.10255059966560028,0.1755342407258014,0.6235043552582532,0.21143258386248834
2024.07.16,600047.SH,-0.7041482555264441,0.8849026165850635,0.3007998922168232,-0.393791352779728
2024.07.16,600048.SH,1.0944529949380826,-0.19276135918047688,-0.18694322094488983,-0.23255968386791684
2024.07.16,600049.SH,-0.9718812707368794,0.34976503657835184,0.09578199570938618,-0.7590720551446184
2024.07.17,000001.SZ,0.2839863730152378,1.4722633968866519,0.40493484820329917,-0.32078372520636983
2024.07.17,000002.SZ,0.1235606718359394,-0.3597618469052993,-0.5904519608557718,-0.15909995160401622
2024.07.17,000003.SZ,-0.5809608387506467,-0.13727427314822022,-0.021138173012678813,0.39811485221448834
2024.07.17,000004.SZ,-1.1137563535394563,0.02499036130675568,0.014913719881300273,0.27976330474363414
2024.07.17,000005.SZ,-0.2577215631845215,-0.4019780237295769,2.4292629349112853,1.5587987671169226
2024.07.17,000006.SZ,0.29673767420568004,0.749692362632759,-0.4624956930074169,-0.10712409411264993
2024.07.17,000007.SZ,-0.6547484832710646,-0.7021519295929213,-1.290170826753325,3.160298839894573
2024.07.17,000008.SZ,-2.4084112349361346,-0.45241345395941307,0.7847027075904001,0.9053954789619394
2024.07.17,000009.SZ,-0.09041979731187762,-0.10561001006391495,-0.14793199188870548,-0.6452985994645968
2024.07.17,000010.SZ,1.8466676746640864,-0.3271859327607804,-0.02312686591260939,-0.3323908824714249
2024.07.17,000011.SZ,0.8284574392806783,0.523409293454315,0.28575494450083816,-1.0839298537311057
2024.07.17,000012.SZ,0.426062572845511,-0.1543453851479577,0.030591729949611422,0.8439613451128932
2024.07.17,000013.SZ,0.07622362043889117,-1.3397011792041955,-0.14268247332150022,-0.8187424583069578
2024.07.17,000014.SZ,-0.90040590673462,0.2375182677561263,-0.4821228607433224,1.8077621976938498
2024.07.17,000015.SZ,2.4960952980530613,-0.863128830376838,-0.13893003621673872,0.6405537539441952
2024.07.17,000016.SZ,0.16113767829622716,-0.703897453732784,-0.7705614175120666,0.4483272014766386
2024.07.17,000017.SZ,1.3724041613842213,0.472207396831449,2.9356620700776688,-0.9804906404918756
2024.07.17,000018.SZ,-0.1816593797763753,0.1446523667957727,-0.21535157766626378,-1.147670540545461
2024.07.17,000019.SZ,-1.2585153205370638,-1.8597308328639535,0.5638996723090385,-1.1127923822807892
2024.07.17,000020.SZ,-0.9998255767504587,-0.8063470949040925,0.36518982657303095,0.0023448476246500905
2024.07.17,000021.SZ,1.5660275015365073,-1.9416852149947597,0.08750758223656747,0.20632792389081267
2024.07.17,000022.SZ,0.15413061641461226,0.7992284253080527,0.7874502380192177,2.481314815489515
2024.07.17,000023.SZ,-1.1751538711767944,0.26361730595669536,0.2599199899897474,1.4257894068155157
2024.07.17,000024.SZ,0.9855608932515804,1.0359535780143256,0.6099873362257104,-0.18844678669889153
2024.07.17,000025.SZ,-1.8192269229085374,-0.35306698228566497,-1.1914005036286859,1.460191418249232
2024.07.17,000026.SZ,-0.7598645721146433,0.6643550839251163,-0.082402529825909,0.24128648965083196
2024.07.17,000027.SZ,0.9672534640044465,-0.9859838015266859,-1.3064677069497537,0.6250725319197028
2024.07.17,000028.SZ,-1.1902573192781398,-1.8890882371951314,2.6514842744841114,2.1119187504073014
2024.07.17,000029.SZ,0.016410350706266282,0.596949113614279,-0.3472104479417524,1.965573237863802
2024.07.17,000030.SZ,0.5042693194199007,0.44195486278686885,0.11309876695389813,0.24015552046350172
2024.07.17,000031.SZ,-1.146933095983025,-0.05416856699140852,-0.41525210289296244,-0.7933889212698942
2024.07.17,000032.SZ,0.45146093423384165,-0.5058336942625169,2.381483310429122,0.39250241701930416
2024.07.17,000033.SZ,-0.5863792378395674,0.7505029877842441,0.5370609651588962,0.08754231736326584
2024.07.17,000034.SZ,0.4265430959357263,-0.1499798842595849,-0.31390895854303313,-0.09097452927387413
2024.07.17,000035.SZ,1.3421697761338174,-0.6821247377259462,0.8336609376711226,-0.06947419104532548
2024.07.17,000036.SZ,3.4194602575190314,-1.9794817461387784,-1.2401511406017063,2.0009063235180795
2024.07.17,000037.SZ,-0.034935563889831586,1.0517337880918083,-0.37882680800425655,0.4375672350181659
2024.07.17,000038.SZ,0.5093473594558808,-1.1171421790852027,0.16038199500655814,1.5436305998095963
2024.07.17,000039.SZ,0.32808362167795274,0.015216268237963336,-1.2703444543158489,2.1222242579928343
2024.07.17,000040.SZ,-0.1061075565608574,-0.5679978021180169,0.9460290766110712,0.4773897757913343
2024.07.17,000041.SZ,-0.7709698720683891,0.193114931361663,-0.29418464279185536,2.182090176928703
2024.07.17,000042.SZ,-0.161711979596842,0.1280611306198079,-0.18835386958664505,-0.6077566600184283
2024.07.17,000043.SZ,0.5333695122436395,0.4669202954040775,-0.32242487049297425,-0.20057134486164033
2024.07.17,000044.SZ,0.22459944613055985,-0.7071681936038094,1.7604801073987735,0.7084854711875017
2024.07.17,000045.SZ,0.839912262899576,0.4256622900814327,0.24661738493258434,-0.2753345566786598
2024.07.17,000046.SZ,-0.9988961597001226,0.2368367584237625,0.5444117147238664,0.0678286427902621
2024.07.17,000047.SZ,-1.859656526466748,-1.5247833837467317,0.6572708877977508,-2.9324425973264683
2024.07.17,000048.SZ,0.8766109603325523,-1.5258662376522176,0.7342647828250438,-0.10958550602632698
2024.07.17,000049.SZ,0.1642015976600365,-0.6493939370662009,0.6962736645768055,-0.7821124440655234
2024.07.17,000050.SZ,0.8248081580387879,-1.832496721485249,-1.0990817702263445,-0.644823043573705
2024.07.17,600000.SH,-2.5776186258431233,0.4991683091356269,-1.342827764030087,1.1541217078914978
2024.07.17,600001.SH,-0.44126285822321804,-0.463850324020022,0.16182895827543595,0.0006479581337779644
2024.07.17,600002.SH,-0.16863545439700556,-1.3551473645423227,-0.4408424237684655,1.8650529964193172
2024.07.17,600003.SH,0.5593580656116067,0.27065038322943535,0.006677097270709992,-1.022039518880615
2024.07.17,600004.SH,-0.5021390298984023,-0.6559749593780902,-0.04300459496767703,0.5752415515412714
2024.07.17,600005.SH,3.0364960447980023,-1.1060966799896357,0.9198888309041073,1.8431244401357163
2024.07.17,600006.SH,0.9195343323181685,0.45459203270433224,1.229355593673239,-0.48597560831976644
2024.07.17,600007.SH,-0.2640008867060022,0.974989886714622,-0.10822476998162829,-0.24519410811407033
2024.07.17,600008.SH,-0.16903752709597425,-0.3515888142683779,-0.7223108060639938,-1.6712328655855666
2024.07.17,600009.SH,1.0034539223814054,2.253433983294947,-1.0409893917505346,-0.021710767609372187
2024.07.17,600010.SH,-2.5904109648467815,-1.3757762493060794,1.4687166630868396,-2.2355450466443902
2024.07.17,600011.SH,-1.2149809319540754,0.7316182310159284,-0.7323905241749904,-0.9019602155262701
2024.07.17,600012.SH,0.9555158903025301,-0.05287753364830821,-0.46437225843543056,-0.8110157280934224
2024.07.17,600013.SH,0.16838917112348628,-1.532069427575854,-0.8339387724965676,-0.2602023054193705
2024.07.17,600014.SH,0.8546460069175242,1.1954412837755417,-0.021992363933749103,0.4363492967280761
2024.07.17,600015.SH,-1.3433151397865322,2.3828115109827634,-0.19684857127625274,0.7180837290784098
2024.07.17,600016.SH,0.33067338353665987,2.326184283475147,-0.15155973182888238,-0.6601680316415427
2024.07.17,600017.SH,-0.6095946853291125,-1.9136053824428296,-2.4104632750969417,-0.38869798319829096
2024.07.17,600018.SH,-0.2864600953236051,-0.38560975260557945,1.769734067475861,-1.3710589997435152
2024.07.17,600019.SH,0.9034937623606069,-0.5848234066751983,-0.0240299195149275,-1.0233950971626338
2024.07.17,600020.SH,-1.2372363574362217,-0.6528026520408874,0.3759691720442236,-1.8918603341434435
2024.07.17,600021.SH,-1.4179849535372104,0.15847013948344035,-1.5642384397564522,1.4190341733273455
2024.07.17,600022.SH,1.5212556823387056,-0.7082218144166874,1.000040252904508,0.2132021776349296
2024.07.17,600023.SH,0.4080004302152965,1.093459731093079,-1.3307147946908409,0.07478640655334591
2024.07.17,600024.SH,0.7679677588270497,0.6339051373702862,2.2686358875859725,0.42654187701792284
2024.07.17,600025.SH,1.037339117417385,-0.5560740720904085,-0.25103322847875165,0.17764134247953167
2024.07.17,600026.SH,0.37556134862546925,-1.7695783450331457,-0.26006007274056947,-0.33952932289890797
2024.07.17,600027.SH,0.7406468075722146,1.079692650902387,-0.8828965786390107,-0.5457348730860848
2024.07.17,600028.SH,-1.280857154815626,-0.28713291842221844,-0.20248195647407297,0.7292804659964044
2024.07.17,600029.SH,-0.6789748201729895,0.9051568514014837,-0.031390904700367275,2.483263169242365
2024.07.17,600030.SH,-1.030867076889621,0.9643132382350212,-1.5814217524713574,0.1566181108499761
2024.07.17,600031.SH,-0.6451136369424898,-0.5776151976010445,-0.36647026736989174,-1.4196106178045416
2024.07.17,600032.SH,0.5011527754468024,0.16104255355445288,-1.034363955501994,-0.4285770291568347
2024.07.17,600033.SH,-0.23927757520003728,-0.6367864503327109,-1.4737776095217527,2.461690872158427
2024.07.17,600034.SH,-0.36335118656901944,-0.3075514870540342,0.6150847916813897,-0.045299132089641134
2024.07.17,600035.SH,1.0697834074107195,-0.4298708970406184,2.9256836830810315,1.8533279582521072
2024.07.17,600036.SH,-0.729218414393971,-0.31635820221383343,-0.5030760624108109,-0.744381847814505
2024.07.17,600037.SH,-0.16948415089675192,0.6500529172876136,-0.4408665473566098,0.04345778016448491
2024.07.17,600038.SH,0.20289654665776743,0.0036405666372374846,0.46518873713712405,-0.044663532404166977
2024.07.17,600039.SH,0.7847269581712674,-0.8958062431645536,0.05261585855375832,-0.8305578186188308
2024.07.17,600040.SH,-0.41324580680381634,-0.020265561630312304,0.21602310940172864,-1.5478778061309113
2024.07.17,600041.SH,-1.0205974059968117,1.310520355917101,0.6321233616610058,-0.28941945688082393
2024.07.17,600042.SH,0.7231836989875602,0.5577502889122903,1.108357955938473,2.465523645519817
2024.07.17,600043.SH,-0.5820977436718509,-1.0079920799785893,0.010367640853886117,1.3899444319289833
2024.07.17,600044.SH,-1.806957330938215,-0.4587202613839707,-0.36157689553790456,-1.0904442907234788
2024.07.17,600045.SH,0.6173914630172544,0.6990464985034334,0.9316539917673207,-1.1043106110457213
2024.07.17,600046.SH,0.6044139806982542,3.670523433773392,0.0041006596405359095,-0.08201310735943938
2024.07.17,600047.SH,0.6932084540311505,0.14927149125308195,-0.16701854206551522,0.9889437564504439
2024.07.17,600048.SH,0.2696989587346935,-1.3172665763797973,-1.1502960216006028,-0.5152626582255454
2024.07.17,600049.SH,0.7259767341164314,-1.263777144910285,-1.237683887535765,-0.4126744232046269
2024.07.18,000001.SZ,-0.529717537643012,0.23268224737372037,0.4257394529543766,-0.44890836878393947
2024.07.18,000002.SZ,0.9954388605688059,-0.8276721319410519,-0.847040407110274,0.2522438395233792
2024.07.18,000003.SZ,-0.22420670383258756,3.2229743635545485,-2.104602662122651,-0.5105727242858076
2024.07.18,000004.SZ,0.22831358117244963,0.8149793427610633,-0.5075964076154202,-0.8884613220975657
2024.07.18,000005.SZ,0.13596563347936402,0.17906296188644247,-0.7182103584158984,-0.12942678583291076
2024.07.18,000006.SZ,0.7101598784599293,-0.025266052774989337,0.2963978356146287,-0.049431981283705066
2024.07.18,000007.SZ,0.3916225034725555,0.42703173809959916,-0.05862678808647887,0.08101490016303713
2024.07.18,000008.SZ,-0.12934974787783782,0.05893830775758596,-1.1079692123840128,1.334812070067678
2024.07.18,000009.SZ,0.9632398285904222,1.0749529920206988,0.5216348207450885,-0.43328268673862397
2024.07.18,000010.SZ,-1.343739872760953,-0.3096551533285718,1.929631474359724,0.6467623694008741
2024.07.18,000011.SZ,2.0772469525279624,-1.2671080259802785,1.2080789124649733,1.5015112259957493
2024.07.18,000012.SZ,0.09735659929373018,-0.060067422923297344,0.2796143327120283,-0.7812903505684847
2024.07.18,000013.SZ,0.34582842796118035,0.10909546498722356,0.560458870840849,-1.0387948361244999
2024.07.18,000014.SZ,0.6100483290103809,2.0401558024586324,-0.5864757336686501,-1.2544079277334337
2024.07.18,000015.SZ,0.15436310462968428,-0.12888566671177804,1.6217466132076364,-1.1579264312078723
2024.07.18,000016.SZ,-0.05983989885481921,-0.331626998190891,-0.38152535494393996,-0.14077784211541064
2024.07.18,000017.SZ,1.1271659964588827,-0.8132691452123345,0.794387538397952,1.04637253079822
2024.07.18,000018.SZ,0.9025342422935874,-0.3139252907120893,-0.1757293779433671,0.41513875984318804
2024.07.18,000019.SZ,0.4246398792769437,-2.0424687819659786,0.9101382480123328,-0.03513163654146208
2024.07.18,000020.SZ,-0.143850391380127,1.0308906297759177,-0.5455899892368499,0.6438715841883195
2024.07.18,000021.SZ,1.4156834379208902,-0.6980980983933646,0.6174186976061027,0.24359248076456444
2024.07.18,000022.SZ,0.23562472814770966,-3.747382084080519,-4.1215699860156345,0.22681885025263698
2024.07.18,000023.SZ,-0.43673729909115033,-0.4189953701731801,0.0034150668511040757,-1.2832953780048364
2024.07.18,000024.SZ,-0.10206264187516724,0.4335050143682229,0.3035545626711368,-0.08759053673542931
2024.07.18,000025.SZ,-0.4383163231100735,1.1545314534079139,0.07626746441530247,0.6540048240611549
2024.07.18,000026.SZ,0.8339986174174432,1.1422286074515562,1.0636957639315183,-0.18974412986871714
2024.07.18,000027.SZ,-1.6927160902827136,0.7644857021702114,-0.25473724945722687,-0.397892995688369
2024.07.18,000028.SZ,0.7703699173356501,-1.5711992449294205,-0.4685148753142068,-0.37959349000152126
2024.07.18,000029.SZ,-0.10118998307761579,0.36768914338052305,-1.1295949985087006,-0.15019474551541595
2024.07.18,000030.SZ,0.5295090887587174,1.326474132048423,-1.091196006098501,-1.1531453862559151
2024.07.18,000031.SZ,-0.6989035533393122,0.3162396623386335,0.7166759163550942,0.5532212513616087
2024.07.18,000032.SZ,1.4514297087224293,-0.21137510313016786,0.0015611424465281083,0.027997690306238096
2024.07.18,000033.SZ,0.21462002654513937,-0.5181605910202033,-0.03074692960996734,-1.0591732466537511
2024.07.18,000034.SZ,-1.411806296787561,-1.1044877201618526,0.12545630666285038,-1.0889781018108076
2024.07.18,000035.SZ,-0.1735725965439066,0.07106493017015933,0.4218545270196935,0.36960613401776427
2024.07.18,000036.SZ,0.2217653378203485,0.2747063322633056,0.24875494118786698,-1.545163173088463
2024.07.18,000037.SZ,-1.6445019671104637,2.1384985959058502,0.41390114214829776,1.3478329147820454
2024.07.18,000038.SZ,-0.36802488931575567,0.6655907314290554,1.5934852995037536,-0.10253413706706688
2024.07.18,000039.SZ,0.08460884169483311,1.8734808914234988,-0.6831508728101506,0.30267041453114757
2024.07.18,000040.SZ,1.0799579392178882,-0.3830978778744133,-0.4780771027422653,1.23324373717072
2024.07.18,000041.SZ,0.6920525405780974,-0.3513157672002582,-0.0436331584770884,-1.5177153139566648
2024.07.18,000042.SZ,-0.958834531188872,-0.9100080927520927,0.2829666654930232,-1.0237298720011092
2024.07.18,000043.SZ,0.2800838385888193,0.18054836652386455,0.6971823308802495,-0.1484193721625504
2024.07.18,000044.SZ,0.6532360177154972,0.9614402168685464,2.437661393379576,1.5594220361893798
2024.07.18,000045.SZ,0.39920585735544173,-0.8211481232604962,0.7338327472622673,-1.525083788904468
2024.07.18,000046.SZ,-0.05760327660067971,-0.006241704332627138,-1.0412461191250502,0.73050108142308
2024.07.18,000047.SZ,0.00103396128521333,-0.8868561663676929,-0.5436150222000956,1.2526972360280217
2024.07.18,000048.SZ,-1.0399966209874465,0.6009980673543639,-0.8729710853351045,-0.6847016117311413
2024.07.18,000049.SZ,0.08302038157977247,-0.2685608577368626,0.35768814325465764,-0.19618975120762547
2024.07.18,000050.SZ,0.08377460659573717,0.23257777351411457,-0.2551425601952055,-0.1756441882981723
2024.07.18,600000.SH,-1.149924077731172,-2.4348060051818865,-1.7853309001404705,-0.4106583145053889
2024.07.18,600001.SH,0.19913847603995136,0.8624307716268134,-0.752395352010203,0.14919032924410722
2024.07.18,600002.SH,0.8920019988169523,1.4140644846326471,0.26952712900126746,0.10346300170373077
2024.07.18,600003.SH,-1.2828562415703646,-0.658450955257113,-1.1243532628862023,-0.40466898310210786
2024.07.18,600004.SH,-0.5230736246313079,0.8197757542631705,-1.9243828068682924,-1.0231030339768676
2024.07.18,600005.SH,-1.0922976237043807,0.5585903873877494,0.42967000628351104,0.08642313994244943
2024.07.18,600006.SH,1.5432999210020375,-0.9081354113215895,0.8121665396997056,0.2890197058713948
2024.07.18,600007.SH,-1.1738407801622923,0.9814314954843012,-0.5841330565573043,0.19700103327957424
2024.07.18,600008.SH,1.558076337715372,1.3697254104082224,0.14949910424922508,-0.35473845575761065
2024.07.18,600009.SH,-0.9963371029150466,0.22537113932504496,-1.2247944780870788,0.37544577354933734
2024.07.18,600010.SH,0.6217131636776371,0.3917286094918993,0.1820253380943929,-0.05435571171940263
2024.07.18,600011.SH,-0.49576520941195545,0.6233342524683558,0.19157379762465088,-0.47407711388857265
2024.07.18,600012.SH,-1.0228577051897598,-0.4598533768386632,1.3103363337064198,2.181424165003245
2024.07.18,600013.SH,0.45037546497337577,-0.41634706523786796,0.097867899618626,-1.1033551738956864
2024.07.18,600014.SH,-0.8686611028309789,0.41902091862459356,0.22538311551761495,1.3234276847012758
2024.07.18,600015.SH,0.7937690567805028,-0.18523327619082064,1.0519006420493782,-0.6486881587413271
2024.07.18,600016.SH,-0.3784361247445382,-0.6252774885344403,0.7467414646361592,1.2134226275658533
2024.07.18,600017.SH,-1.4519494012527951,-1.5110544895555127,-1.2433680254673884,-0.5883596864800615
2024.07.18,600018.SH,0.8813788452109576,-0.4004267111310677,0.4024738124462286,-0.40940253904711904
2024.07.18,600019.SH,1.8685212450207114,0.33338631522358847,0.37598614365416827,0.3396048071443349
2024.07.18,600020.SH,0.3435646976258469,1.162533711356332,0.005546127899755169,-0.24399354436039436
2024.07.18,600021.SH,1.0682570847289121,-0.5190570697240007,-1.4711387393488575,0.2845529669864646
2024.07.18,600022.SH,3.2855494767642854,-0.26051098303565445,0.30604599096028123,3.342021203479453
2024.07.18,600023.SH,-0.7736439720770152,0.2080162798139487,-0.2570986385209588,0.04565056462078375
2024.07.18,600024.SH,-2.1811971359600917,0.11640252570201595,-0.19384548481004002,-1.2624676584537644
2024.07.18,600025.SH,0.4333647918568342,1.6210430949640284,-0.5693777411973999,0.12131508670368886
2024.07.18,600026.SH,-0.2710644824600181,0.9856540811753566,-0.2782804153131486,-2.116820546967254
2024.07.18,600027.SH,-0.2675580493016461,1.8946573557435882,0.16672965411971172,1.3850516271296605
2024.07.18,600028.SH,0.5766957012308883,0.6958608814507536,-0.4907802323882039,-0.7357081715647402
2024.07.18,600029.SH,-0.11589451130979155,-0.3641051175066631,-0.6893946962236718,1.636835738719193
2024.07.18,600030.SH,0.8041881899965084,0.8829829519076251,0.14951280806138723,-0.09377781636783415
2024.07.18,600031.SH,-1.0925191533158005,-0.456506147286129,3.085952488001615,0.1954083923743812
2024.07.18,600032.SH,-0.5082376410141588,0.4810337924444619,-1.1865705635537658,0.31257474705804345
2024.07.18,600033.SH,3.3042102570093657,-0.2290982412579833,2.015451639059714,1.2441004107423193
2024.07.18,600034.SH,0.8008977843154854,-0.40039126221747484,-0.5351605972829719,0.8156833982550336
2024.07.18,600035.SH,-1.7567441548918985,0.9634511065571497,-0.35415469295927066,-0.2198444724073138
2024.07.18,600036.SH,1.1390026156859305,0.019735305333427364,-0.14572398940863715,-0.04522698167798649
2024.07.18,600037.SH,-1.277594151956054,-0.8139347914242131,1.4691621179898275,1.3438122266770467
2024.07.18,600038.SH,0.45109615919620893,0.5201392333751887,0.07276989602107503,-1.2725941249305712
2024.07.18,600039.SH,-0.5745097136748835,0.4981877895788183,0.00792502035011086,1.01925489290656
2024.07.18,600040.SH,-0.7237444237272818,0.03359949948456686,0.360705701789026,-0.5276302453669681
2024.07.18,600041.SH,0.13875700521515386,0.6221354927887308,0.27300399999739533,0.8390803546727378
2024.07.18,600042.SH,0.20977201859674013,0.9741883159493283,-0.8622693904377967,-0.14040706578276113
2024.07.18,600043.SH,-1.1721269345950778,-0.30799005889899006,0.1763977819406378,-1.7932003546458744
2024.07.18,600044.SH,-0.8414032239921817,-1.3938187332671739,2.4471088861234267,-1.053050645952277
2024.07.18,600045.SH,1.4857128912664737,0.46861786349272694,0.8502014800167326,0.8358304942508495
2024.07.18,600046.SH,-2.0935129307666633,-0.3247781354856631,-0.7789143715691627,-1.9269659981042722
2024.07.18,600047.SH,-0.5575296881860178,-1.4063728637255333,0.04317789914626639,2.1001313251397686
2024.07.18,600048.SH,1.6315012080240088,-1.105311689007948,0.3954188072325225,-0.062075108696515606
2024.07.18,600049.SH,1.5842862947992513,-0.95879958920533,0.05186373086938884,-0.031192177052544037
2024.07.19,000001.SZ,-0.4454490020648066,0.06973847361429854,-0.13891641906790442,0.18501960290817784
2024.07.19,000002.SZ,0.6868308890173856,0.5170486992889747,-0.20063422161972896,-0.9257555176184709
2024.07.19,000003.SZ,0.5774578793187886,0.16452419793908096,-0.5925731775965528,-0.2825510991274195
2024.07.19,000004.SZ,0.028599866797573058,-2.0530556922718697,-0.3428033729558245,1.684588821558384
2024.07.19,000005.SZ,-0.22965214761595998,-0.32807428093621355,1.8879988722311984,-0.5358674453887333
2024.07.19,000006.SZ,-3.3770645855346646,-1.8416054365423058,1.541961009925963,-0.6397311938798116
2024.07.19,000007.SZ,0.68526358995031,-0.5486102148614312,-0.0709167153188346,1.4274150265698795
2024.07.19,000008.SZ,-0.07326702440292433,-1.2397914515389195,0.3456821044769977,0.5083910701543007
2024.07.19,000009.SZ,-1.1906142548516103,1.4823550966755348,0.5359859936880949,2.857599236245978
2024.07.19,000010.SZ,0.15352834526087727,0.5826761993455127,-1.3802128840888028,0.2251022996185207
2024.07.19,000011.SZ,-0.4113988997383475,-0.45402344860574545,1.4830404162658923,0.8331954382307577
2024.07.19,000012.SZ,0.43346423106768084,0.725858009108063,-0.10451637454635294,-0.5761144780625754
2024.07.19,000013.SZ,0.4295478589047091,0.3787441166309243,-0.972802699768627,-0.12117109761014655
2024.07.19,000014.SZ,2.6591358310803663,-3.3646917553681273,-2.25834023327234,1.1860361464008642
2024.07.19,000015.SZ,0.330839586534496,-0.8462141996568303,-1.6645817618774994,0.23658121147725392
2024.07.19,000016.SZ,0.9010899204135354,0.9598104567689606,1.6817281086195754,-0.32691517160861516
2024.07.19,000017.SZ,0.5063298065347988,-0.3930498605995401,-1.220078755047685,-1.3822531438617485
2024.07.19,000018.SZ,-0.17423696287978171,-0.07262470969957144,-0.6028802294739694,-0.9414170271263822
2024.07.19,000019.SZ,-0.8480154009543591,0.5226419926290179,-0.7774387965577226,-0.5126527700011172
2024.07.19,000020.SZ,1.776080595633427,-4.305649687003048,-3.1971661815489694,-0.0451362404162014
2024.07.19,000021.SZ,-0.2090699454293509,0.10308923955481376,-0.7903864890824117,-1.0826956140970292
2024.07.19,000022.SZ,0.28990571791972924,-0.10587488401877834,0.22729196800391213,-0.8038913031027286
2024.07.19,000023.SZ,-0.5516337285442763,0.3074930819025311,-1.3401977531749016,0.15905146361859662
2024.07.19,000024.SZ,0.29292044473340695,-0.18587968635799398,0.35302093758287556,0.9270961445167443
2024.07.19,000025.SZ,-0.9121643701647637,0.8065276493378964,0.644353782722586,0.5547589737407416
2024.07.19,000026.SZ,-1.4077255772059476,-1.247602725663175,0.9349552496212168,1.0943408041942557
2024.07.19,000027.SZ,0.46686390236723785,0.8080128664739522,-0.17901308490128306,0.7439955395074873
2024.07.19,000028.SZ,-1.0633268401158018,1.288062333903264,-2.0917322155444436,0.3389257587473221
2024.07.19,000029.SZ,0.5570114568281769,-0.14405389577899938,-0.10555428880292128,0.338282191121074
2024.07.19,000030.SZ,-0.9962963659390184,0.2129508940912986,-0.020954842095029725,-2.256380405039068
2024.07.19,000031.SZ,1.6958825149752115,-0.7544182899804209,0.4102149972204933,0.7337741378091795
2024.07.19,000032.SZ,0.9402288602294808,0.31543778993944876,-0.2876827463371848,-0.5661776627248147
2024.07.19,000033.SZ,-0.9936954804573543,0.17477233223369487,-0.6432384523895862,-0.6837325711533023
2024.07.19,000034.SZ,0.32406398290305577,0.6764049671707868,-0.3903432234180729,-0.32770963047430535
2024.07.19,000035.SZ,1.1359861635846908,-0.1499063232724852,0.8151435987868848,-0.746017870508993
2024.07.19,000036.SZ,-0.9547359967686498,2.2950406642662693,-1.0788090067961533,-0.08778282714780422
2024.07.19,000037.SZ,-0.9408344629222892,0.03833856884762547,0.23723054750667752,-0.6382713608264008
2024.07.19,000038.SZ,0.40257051924783843,0.5915263455406051,-0.24141354408455404,0.5859442437210032
2024.07.19,000039.SZ,1.0887851319587198,0.3385090022966439,-0.38475065380019746,-1.0337275608033716
2024.07.19,000040.SZ,-0.455207483245979,-0.7147897362658673,0.008998292823052081,-1.238752771486119
2024.07.19,000041.SZ,0.3336089454108932,-2.5082440139405815,-3.6198522363460732,1.9746226980879025
2024.07.19,000042.SZ,0.5786316067030116,-0.7739920983008775,0.5008748888377276,0.5093805285987907
2024.07.19,000043.SZ,0.5484404871548071,-1.5010534207546746,-1.518349820843562,-0.5961359748091376
2024.07.19,000044.SZ,-2.5801179230284617,-1.1653704965806815,0.9509268013949695,-0.9485046150892095
2024.07.19,000045.SZ,1.3430928746229749,-1.5124662065935195,-1.0241290395225138,0.4281419484137944
2024.07.19,000046.SZ,1.3853161844027788,-0.4638080370424319,-0.9622150128781087,0.6395176435190159
2024.07.19,000047.SZ,0.1356397412811898,-0.21794459132334998,-0.6524192855415962,-0.25431529359050425
2024.07.19,000048.SZ,-0.25234732760028,0.6755729523848477,0.8949124100173568,-0.3260861860221721
2024.07.19,000049.SZ,-0.3148413245145376,-1.0785479747233009,-0.4375897553573504,-1.5175878159372025
2024.07.19,000050.SZ,-0.3646395516563437,-0.11765968391662095,-0.07790319948528013,0.4780325781777903
2024.07.19,600000.SH,0.3208582004708736,0.44148712319870587,-0.16573534009683788,-1.0422247598787961
2024.07.19,600001.SH,-0.07965678622064738,-0.01862726681106588,-0.06316412616567774,1.4346594282064453
2024.07.19,600002.SH,1.7226109958141327,-1.6493794529904462,-0.3423489039525369,0.822202569020152
2024.07.19,600003.SH,-1.4871195252845988,-0.21346703711922643,0.3433708169611446,-0.9737775624523481
2024.07.19,600004.SH,0.40756393483953923,-0.05501872170027259,-0.1228421658244741,-1.2325887798270843
2024.07.19,600005.SH,-1.083834547629445,1.3655633976501829,-0.42159674471708847,2.829958562299012
2024.07.19,600006.SH,1.031046907720579,-1.485397240972634,0.146541487065136,1.1280072761655393
2024.07.19,600007.SH,0.3287549186619895,0.5135179453055625,1.5637270769538312,-0.2925029169557502
2024.07.19,600008.SH,0.1615574563918345,1.9648696255798808,-0.5216113734826626,-0.8742524640219486
2024.07.19,600009.SH,0.5318310757362935,-0.19654871782360905,-0.2905563198521394,-0.568629162353592
2024.07.19,600010.SH,0.10489336982565918,0.02357115454746892,0.3124540065765357,-0.34823377460288557
2024.07.19,600011.SH,0.9407591900689499,-0.3227107465613699,0.6760004326733929,-0.42460241865687554
2024.07.19,600012.SH,1.1378981751443076,1.042465072936771,-0.8147039455544904,0.023113148495043388
2024.07.19,600013.SH,0.08018344299287083,0.6253066487443563,0.15315407767865988,-0.5074578757547673
2024.07.19,600014.SH,0.6081409130978538,2.9229768227494506,-1.106855667955192,-0.5630735746760595
2024.07.19,600015.SH,-0.44013812883842024,0.4911061850924251,0.419005825148241,0.9699655303823074
2024.07.19,600016.SH,-0.4399773086128147,-0.9919397389520798,-0.33401715868433296,-1.0107024289834976
2024.07.19,600017.SH,0.36065084320957114,1.4082566137877468,-2.493063731737277,-0.23069799145660405
2024.07.19,600018.SH,0.26924446779457756,-0.7219608436910564,0.4585742202583441,0.13891290068882195
2024.07.19,600019.SH,-1.8912583845803272,-0.6641703290513887,1.4153405301527808,-0.010987022381120488
2024.07.19,600020.SH,-0.7913974773404915,-1.6344599393028088,-0.0363312737084157,1.3718087782940587
2024.07.19,600021.SH,0.9469676242862975,0.39206462668526065,-0.07505361485656145,-0.17780164930440756
2024.07.19,600022.SH,-0.6227993999247728,0.5376116013880189,-1.1396175214908397,0.6817515018055855
2024.07.19,600023.SH,-0.050874417773789996,0.1686075590459429,0.6580932508606911,-0.8844667933132463
2024.07.19,600024.SH,-1.1231358730591952,-0.8729793903227472,1.6422903181897612,1.5562906526085938
2024.07.19,600025.SH,0.14964181318154043,0.2599218512538172,-0.8826085984180141,-0.29279551981920776
2024.07.19,600026.SH,-1.5015299452712256,1.081188746630967,-2.5493994012801333,1.345710330160563
2024.07.19,600027.SH,-1.3326957061519036,0.21981006220471186,-0.4198542475874494,0.2723899136015966
2024.07.19,600028.SH,0.684193942455457,1.2100182786837006,0.506381111958907,-0.15054536330218798
2024.07.19,600029.SH,-0.800955393857778,3.2808466583106575,-0.6168004823769926,1.1980575943770522
2024.07.19,600030.SH,2.3512063132843095,-0.9188860863359143,-0.34237733454008135,0.17185883017945777
2024.07.19,600031.SH,0.5428337713947987,1.3817658715345547,0.16105235198751522,-1.3377591889579623
2024.07.19,600032.SH,0.9039073582778285,-1.4013171055115743,1.6874334208369306,0.19549350438195656
2024.07.19,600033.SH,0.34655669713813014,-1.2168850941022988,-0.9241692123697137,2.0372074150045316
2024.07.19,600034.SH,0.28302345555792807,0.7105372780664733,-0.09417206304700601,-0.09646332499523497
2024.07.19,600035.SH,1.2685981121640193,1.6619932651709333,-0.19301890573290034,-0.5918072366551327
2024.07.19,600036.SH,-1.7340528721536526,0.6912101440676891,-1.2618418168688683,0.9751695980521756
2024.07.19,600037.SH,-1.1267645364844388,0.22375045536126129,-1.4656266831542661,-0.73773751517132
2024.07.19,600038.SH,0.544647022298367,0.57973464856275,2.8335221549268885,1.8084261544907378
2024.07.19,600039.SH,-0.28161923374755526,-0.3375857875863585,0.717787560082456,1.1125808112231281
2024.07.19,600040.SH,-0.7424038848113034,-0.091051772288589,-0.2922011938944152,0.9290395089955814
2024.07.19,600041.SH,-0.7322233933087907,0.010558691301669648,-0.8014879171171108,0.4971000231166336
2024.07.19,600042.SH,1.006315549198358,-1.7698692008470132,-0.9047886938717327,0.5383051243330628
2024.07.19,600043.SH,1.7711979161927363,-0.20945163998771194,0.3896742257985997,0.7769231515750668
2024.07.19,600044.SH,0.22548884057989776,0.023038763209477252,2.040054704453091,0.9845658437023642
2024.07.19,600045.SH,0.6043528728388852,-0.07932287228411164,0.48043363775289133,-0.48003360119596394
2024.07.19,600046.SH,0.4072110130263416,0.11283440802155358,-0.4712904824974233,-0.3111782196930434
2024.07.19,600047.SH,0.8359606016320063,-0.5127120465380706,0.9084304187808585,0.4728817941732966
2024.07.19,600048.SH,0.42190967938290597,1.5076102334540307,-0.030423269291997457,-0.010961106875666636
2024.07.19,600049.SH,-0.24797349351738446,0.696731672644321,-0.413305106643013,-0.4701600363417984
2024.07.22,000001.SZ,-0.589399986573035,-0.21767966657050009,0.2277614912260704,-1.2877315817483874
2024.07.22,000002.SZ,1.2019350041374346,-0.9427528843208411,-1.88746651199409,-0.7142666484641921
2024.07.22,000003.SZ,-2.693746958551163,-0.9486415876784887,0.5495781541215756,-1.6808944806267885
2024.07.22,000004.SZ,-0.8987849807793165,-0.31534751766869673,0.8496663282171183,-0.7652176841092646
2024.07.22,000005.SZ,0.9958050781695547,-0.03201608955260385,-0.805672596054794,1.6535704185253144
2024.07.22,000006.SZ,0.5708963808193062,0.2635528348704012,0.835164396460867,-0.987389799121949
2024.07.22,000007.SZ,-1.5023514422853064,-1.4974019401083658,0.022426306111228735,0.2126842993020171
2024.07.22,000008.SZ,0.24692636969360296,-1.1999968993392423,0.9383569045494654,-0.31357913422073597
2024.07.22,000009.SZ,-0.4588962853843852,1.6832948475619194,-1.5648478703608717,0.6628089828864484
2024.07.22,000010.SZ,1.44285322371302,0.5612421193261428,1.0033060537514071,1.0694361462309119
2024.07.22,000011.SZ,-0.3188453357355371,2.5418952158277923,-0.19030066291459372,0.7757287994467846
2024.07.22,000012.SZ,0.46143785993445297,-0.2886117022008409,2.1224244703877706,0.8188132515949061
2024.07.22,000013.SZ,-1.0595877133008726,-0.24376627617130764,-0.34696491153001136,-0.46174123390877697
2024.07.22,000014.SZ,0.46629987423346064,0.45425102441014265,-0.2495593654205501,-1.173909135320557
2024.07.22,000015.SZ,0.7259069810333433,0.12531665895465993,2.450176568424301,-0.34931877182751386
2024.07.22,000016.SZ,-0.18313801564289434,0.647698231745357,-0.10998184394061179,0.3936306155551725
2024.07.22,000017.SZ,-0.8340065890885215,0.7930185625019667,-0.4297134149485677,0.9714048057226267
2024.07.22,000018.SZ,-0.7433889685949252,0.5037342540465812,3.027291896010128,0.2593636785663377
2024.07.22,000019.SZ,2.8167241060590977,-0.8546785984393379,0.18924386378454217,2.4842488682499195
2024.07.22,000020.SZ,0.2951107670859796,0.2574718979817629,1.431701914101968,-0.5489928961610226
2024.07.22,000021.SZ,0.9452078355584513,0.5491859580909731,0.13990391046913114,-0.7272101850905885
2024.07.22,000022.SZ,-0.26455065052010857,-0.2908263601015315,-0.5621918029885686,-0.06087060184414538
2024.07.22,000023.SZ,0.6490605325935764,-0.14777849528435483,0.22410716379362644,-0.4895141941433976
2024.07.22,000024.SZ,-0.1147163030139337,0.6899807120082198,1.9190973697412597,0.8084573243290725
2024.07.22,000025.SZ,-0.1560626063646995,0.4278220277942603,-1.9135024501580569,0.6529203281893425
2024.07.22,000026.SZ,0.8823967331607814,0.14155624015822887,0.019871968690422317,0.4174694728832848
2024.07.22,000027.SZ,-1.0810051939786895,0.5507384712237166,1.2579937800588858,-0.775723747548107
2024.07.22,000028.SZ,-0.7921162114678345,0.2555270013481321,1.100694403609684,4.009893840405531
2024.07.22,000029.SZ,-1.178034276783798,-0.48629590392622146,1.7538434538476384,1.8795781769156905
2024.07.22,000030.SZ,0.8466478621019579,0.2387612444126935,0.287699917865583,-0.9408786132516407
2024.07.22,000031.SZ,1.3113924892240811,0.20059800372370015,0.8894862535723913,0.6452747537773295
2024.07.22,000032.SZ,-1.5023922982569136,-0.5785155406645022,-0.42763878773385144,0.5232146903713534
2024.07.22,000033.SZ,-0.7760068227790522,0.49896334807327464,-1.5851858314490495,-0.8014771683036453
2024.07.22,000034.SZ,0.03296747426027513,0.3931003494052582,0.6007867859359182,-0.426558262507991
2024.07.22,000035.SZ,-0.11857711390096903,0.3571378839145582,-1.40051348917083,-1.7929018349015913
2024.07.22,000036.SZ,-2.1125866140878404,-0.9329998617741496,-0.897636705550166,0.35955355310747167
2024.07.22,000037.SZ,0.03625109856511567,-0.16789994008617312,0.7372308233554334,-0.39765904622030673
2024.07.22,000038.SZ,-0.7083314976052718,1.6089446370224456,-1.0609481254553788,0.3809773693349418
2024.07.22,000039.SZ,0.591952673024525,-0.5540550577169001,0.014867540894421175,0.2451859988099393
2024.07.22,000040.SZ,-0.6648571814377299,-0.6658125576531873,-0.4701490981535112,-0.8471755212746067
2024.07.22,000041.SZ,-0.04954732824437801,0.3423901619616895,-0.2822066689543732,0.6493790804685678
2024.07.22,000042.SZ,0.4371968247326365,0.009741662979362756,0.09166514782775788,-0.1861450334325561
2024.07.22,000043.SZ,-2.053272633960836,0.04055097555254196,0.20639955626474762,-0.4737171361001211
2024.07.22,000044.SZ,0.755673227039578,2.6071073149851203,-0.9862114000801865,-0.3896720463617967
2024.07.22,000045.SZ,-1.297490558556015,1.455880039448916,0.8777336853805565,1.52894092024176
2024.07.22,000046.SZ,-0.5243328697386904,-0.2867618984314115,-0.35042865666633655,0.3656791319282226
2024.07.22,000047.SZ,-2.0299527649017217,-0.8686166991911284,0.6647104254482008,-0.9316329483352342
2024.07.22,000048.SZ,1.6612273475746007,1.5568050966951321,0.6136841399022305,0.19432264609090003
2024.07.22,000049.SZ,-0.3848859128221938,-0.7203779179949863,3.2793292136922867,-0.1674580552295779
2024.07.22,000050.SZ,0.6062645081843547,-0.4225314180598375,-0.776080633955277,-0.979571259614697
2024.07.22,600000.SH,0.1544798405049737,-0.5443612763875159,-1.2381105731834785,-1.0647720731900083
2024.07.22,600001.SH,-1.4116935736409113,0.6087274724836667,-0.5714789069359976,1.1216869576899933
2024.07.22,600002.SH,-0.45039017166734335,0.2551860779249936,1.1766687019655002,3.4095395553579655
2024.07.22,600003.SH,-0.15877659467823602,0.6568215446424615,-1.0983612074371365,0.4461806627336832
2024.07.22,600004.SH,0.3147765042821458,0.37134618417714427,-0.20306736327426583,0.5041087042146947
2024.07.22,600005.SH,-0.6396738136147063,0.4856038296809484,-0.5356426118409977,0.19578570052814215
2024.07.22,600006.SH,1.1820716202292862,0.3123017987909464,-0.5155372198188063,-0.3282194805748327
2024.07.22,600007.SH,0.1905304076577531,-1.0830114415430645,-1.267678340739283,0.30023857660637204
2024.07.22,600008.SH,-1.4718725064177625,-0.48305271831442664,0.21727078134400224,-1.6219904550964832
2024.07.22,600009.SH,1.0136756253013524,0.25288342975532907,-0.23776111325360982,-0.6489397849161552
2024.07.22,600010.SH,0.3718653250652444,-0.6857285326917318,-0.903106800738953,-0.15443346088028342
2024.07.22,600011.SH,0.2946128328741465,-0.42716319727778035,-0.7487755256776553,-1.5761492600723164
2024.07.22,600012.SH,0.3607071596751896,0.5633334576771947,0.5490835127117056,0.006389835322267586
2024.07.22,600013.SH,0.22978079174000782,0.34034264323993335,0.38216215038200557,-0.5273693562571606
2024.07.22,600014.SH,-0.24758790407270884,0.9794032950102624,-0.7286425628325627,-1.1662414397071281
2024.07.22,600015.SH,-1.7167778892917793,0.7756766644586248,0.8842434388328289,-1.1897083094695773
2024.07.22,600016.SH,0.814891347951929,-0.0726185648212434,-0.0884993901917786,0.7303504065698895
2024.07.22,600017.SH,-0.4645695880821906,0.5995584877366829,-0.495047974788887,0.3744900078783365
2024.07.22,600018.SH,-1.1297536368552654,-0.7095328994141805,1.0346208892607585,-1.1190511709061852
2024.07.22,600019.SH,0.9915681748006666,-0.8665243867606637,0.4573406373801438,-0.13446808108548602
2024.07.22,600020.SH,-0.49633546524761124,1.2342363196644923,-0.3687037241834631,-0.20314671606631707
2024.07.22,600021.SH,-4.592246840846771,-0.7860994841247099,0.20512138986290912,2.816632857015072
2024.07.22,600022.SH,0.24727633413583866,0.6985296118555,0.21920982412903434,-0.7253344811149864
2024.07.22,600023.SH,0.9211495876967456,0.01326452944350109,0.689500710798386,0.23393593577246008
2024.07.22,600024.SH,0.05114213775046193,-0.4096982016786663,-0.9916084005978386,0.3672788576964564
2024.07.22,600025.SH,0.26399807925065055,1.754398725235704,0.0068992308610916295,0.09148560923222754
2024.07.22,600026.SH,2.871511958055324,-0.6754149602746741,-0.23510073910001927,2.0063035610725235
2024.07.22,600027.SH,-0.9471180816830426,-0.674337372776271,1.4154424733555464,-1.0859351673651123
2024.07.22,600028.SH,0.5815211659141487,0.4019216328626125,-1.0815865055457268,0.32465080120937595
2024.07.22,600029.SH,-0.017477943699636695,-0.2608205770470622,0.26589874802148944,-1.0759249287791257
2024.07.22,600030.SH,-0.4928497764749658,-2.5307523650824657,-0.7096533332682069,0.622941953094754
2024.07.22,600031.SH,0.49957272619439097,-0.01623548134229173,-0.3923350142100433,0.7288668011152845
2024.07.22,600032.SH,-1.7768834582404447,-0.8136124138103021,-0.056061706170851267,-0.6698598644631085
2024.07.22,600033.SH,-0.2125144306836784,-0.5003856334247615,0.024449363035846463,1.2274393378255808
2024.07.22,600034.SH,0.9440153607421068,-0.13787424661838887,-0.12825486369142605,-0.6827656376707996
2024.07.22,600035.SH,-0.5223739124062731,0.3561402807421881,-1.1771629726223163,-0.3067572963927328
2024.07.22,600036.SH,0.012211853555733397,0.18522530292696332,-0.8151785453974348,-0.22134100055275605
2024.07.22,600037.SH,1.4146219428309716,-0.3342324515831659,0.9056580781892002,0.9819909468700027
2024.07.22,600038.SH,-0.14791953903171204,-0.4160976942800538,-0.27622511297272284,-1.3056926520749204
2024.07.22,600039.SH,-1.4506039109669338,0.18299897347147498,-0.09922149711024293,-0.7547671174375966
2024.07.22,600040.SH,1.4702368304930926,1.273773954381916,0.06463789847857108,0.6440397764444534
2024.07.22,600041.SH,1.7215539587720718,-0.42950371106359425,0.2612964255819157,1.7192496972207694
2024.07.22,600042.SH,-0.9233738800698815,0.32236151051458584,0.4603902019306062,0.06895716120581627
2024.07.22,600043.SH,1.1863800099787505,-0.12570436244592437,-1.1744063647254515,0.5004624955353694
2024.07.22,600044.SH,0.7524651182574171,0.9064582009280922,0.9796544256917473,-0.24039133734117163
2024.07.22,600045.SH,-2.1130301645412364,-1.4168124963710453,0.35334694393639265,2.4631441228059097
2024.07.22,600046.SH,0.5075069834511539,-0.05776749740205415,0.2026433313412746,1.123362160742338
2024.07.22,600047.SH,-1.8521243967693943,-0.8472230198247581,1.5216906170319306,0.9439590996135858
2024.07.22,600048.SH,0.05471741798373985,1.4480313297103586,1.1516255440066336,-0.6277394079620526
2024.07.22,600049.SH,0.10757641398464247,0.8068950803335156,-0.6404934348744489,0.3287503344835988
2024.07.23,000001.SZ,-1.1241021741045008,-0.08177328047915024,-0.5710061141184575,2.9382138861898808
2024.07.23,000002.SZ,-0.10607854491685481,-0.2362866684011045,0.5785530011329524,-0.34291116835707286
2024.07.23,000003.SZ,0.542648892526417,0.5893090369934327,0.15436951046335692,-0.8562209861410742
2024.07.23,000004.SZ,0.8439418140530937,0.28756457367811594,1.4890013980753347,-0.6620525509811013
2024.07.23,000005.SZ,-0.9788062585040505,-0.5627507625090075,-0.3855274028081332,0.23941565879077556
2024.07.23,000006.SZ,0.7078013341697252,-0.29228710040607103,-1.3070023472130925,0.02048349119067936
2024.07.23,000007.SZ,-2.4064427054711977,-0.2561163837860299,-0.2883691497528719,-0.5707563318517265
2024.07.23,000008.SZ,-0.21474027823030192,0.9870287454813276,-0.5590747001251748,-0.4170413478798222
2024.07.23,000009.SZ,0.6007291471953481,-0.8644796121808478,-0.2056739912929408,-0.7145310712157493
2024.07.23,000010.SZ,0.6258237679297531,0.1381879224442718,-0.10482758292640594,-0.8418321010391528
2024.07.23,000011.SZ,0.3272747844625325,1.0638497035601824,-0.09593109848703923,-0.06272424427126831
2024.07.23,000012.SZ,0.7906390403260277,-0.09015673261783426,0.6981006906766369,-0.019718923281545262
2024.07.23,000013.SZ,0.5681725050762532,-0.5661182168324308,0.7475666854163985,-0.9555719223497561
2024.07.23,000014.SZ,0.6517342318337915,2.8936074068939925,-0.4846662420352763,-0.6169491235801308
2024.07.23,000015.SZ,-1.5771109907502445,-2.129962048129652,-0.8963382587048472,-0.6441351514020655
2024.07.23,000016.SZ,-0.4713551232557896,-0.017038330611731895,-1.5654577400683747,-0.962249637322358
2024.07.23,000017.SZ,-0.04605768789666732,-0.34846124635479037,1.5472900839876,-0.5961268673954837
2024.07.23,000018.SZ,-0.06854042750325398,-0.5087904359385518,-1.0203818948164247,0.07187898824299499
2024.07.23,000019.SZ,1.7096371687982903,1.0829469889954282,1.3474999091212596,0.5288893237202527
2024.07.23,000020.SZ,0.8062747454687825,-0.9876439463892536,0.3551736118023613,-1.1219000821077079
2024.07.23,000021.SZ,0.11094381314954355,-0.5466598159020154,0.8943186599971286,-0.5301545848484573
2024.07.23,000022.SZ,-0.4556899804883311,1.2089089802647501,-1.0484795464300047,-0.10739948995394662
2024.07.23,000023.SZ,-0.4748432069097449,-0.1175880863804462,-0.6678122760015877,-0.5821226200460294
2024.07.23,000024.SZ,0.37941170569894,0.06735008399100786,-0.6896188950758325,-0.83609511400331
2024.07.23,000025.SZ,-0.10207329312190205,1.5252109096930737,0.5664904144150573,0.17681987170580157
2024.07.23,000026.SZ,-0.35648523155249323,1.1081580562317663,-0.34993321052485404,1.188588538408989
2024.07.23,000027.SZ,-0.3354508177283259,-0.12568400917856928,0.18817872983778094,-0.9371820029810272
2024.07.23,000028.SZ,-0.36505010320800524,0.16612820439726164,1.3088561342180045,1.1954065373582463
2024.07.23,000029.SZ,-1.2267577874501265,-0.7106872793369222,1.9133482831575208,0.12205492783399663
2024.07.23,000030.SZ,1.2753568668118813,-0.8323956752262586,2.676824284710548,1.5135443377908058
2024.07.23,000031.SZ,1.0742784213324181,1.4351231649030025,-0.10574485336234,0.2510230817709562
2024.07.23,000032.SZ,-0.17562540419269868,0.012595169261418097,0.21026623579996365,1.5413609440252634
2024.07.23,000033.SZ,0.8139045812954909,0.5771023015055389,1.3950579355935009,-1.3333001856294624
2024.07.23,000034.SZ,-0.4927537292145449,1.3043805596394158,-1.116607040478575,0.8026910437937103
2024.07.23,000035.SZ,-0.27879648715819705,-0.07458250413329025,-0.32355955338654024,-0.4169303916804336
2024.07.23,000036.SZ,0.1736882554023204,1.7997927334164112,-0.3974673026162583,-0.06561394233995209
2024.07.23,000037.SZ,-1.6255329779972871,-0.9503754111606494,0.7787514687605644,0.4892981377213887
2024.07.23,000038.SZ,-0.582420696035693,1.0218080792156314,0.16598443533239673,1.936324087178122
2024.07.23,000039.SZ,0.7022638318265617,-1.366092798078498,0.9924027118940496,1.711954968922713
2024.07.23,000040.SZ,-0.9871559752752981,-0.6940605671702181,0.482401437308904,-0.681127175440382
2024.07.23,000041.SZ,-2.0993264525037545,0.5237732409480655,-0.3228220756608958,-1.780357916661318
2024.07.23,000042.SZ,-1.6662173246521643,0.3663768123263933,0.37475918511459066,3.873397482354503
2024.07.23,000043.SZ,0.723618268380216,-0.3070213778459162,1.1844289511086084,-0.47210118083043107
2024.07.23,000044.SZ,0.9040589766261281,0.28309332212611366,-0.17325021784205577,-0.11930623317402485
2024.07.23,000045.SZ,0.06359086461774849,0.46205665411737484,-0.9615575639368439,0.30269204671962957
2024.07.23,000046.SZ,-1.4217329741709497,0.07814827966565166,1.0916607772628832,1.9363271786433371
2024.07.23,000047.SZ,1.244977813241088,-0.033359856978937674,0.01756575861876385,0.4106450513498775
2024.07.23,000048.SZ,-1.3156142394449533,-0.4501938486683654,0.20419806105741253,-0.828735879217462
2024.07.23,000049.SZ,-0.43307908664035244,1.0679544102870593,-1.1798722974215343,1.438537015835484
2024.07.23,000050.SZ,0.9857973924349888,-0.4012022322187895,-0.536546492813094,-0.21627309477469198
2024.07.23,600000.SH,-0.7285455034979126,0.4652317624751028,-1.288688109947158,-0.6061706118562441
2024.07.23,600001.SH,0.7408239782244194,-0.2416991842557569,-0.3656957443433152,-0.9099881598819805
2024.07.23,600002.SH,-0.5684241646044517,-2.1951189287251753,0.7966245740947264,0.3611622595960347
2024.07.23,600003.SH,-0.4756429536049964,0.0011088376248925647,0.5447476041427434,-0.7453277675486769
2024.07.23,600004.SH,1.0106033085990824,0.2942953268186992,0.07253593351555204,0.8501159475651014
2024.07.23,600005.SH,0.13075753261171771,-1.7095251728450176,1.091689268555022,-0.11200774905739957
2024.07.23,600006.SH,0.29820514003112325,0.8658684894435988,0.384009683009878,-0.29182230825666705
2024.07.23,600007.SH,-0.2976509692232541,-1.2667006403525434,0.33619238202423213,-0.3743135017817799
2024.07.23,600008.SH,0.20288475788226767,-0.03847267857413736,0.1921861338073933,-0.17836214687072954
2024.07.23,600009.SH,1.1113633383954646,-0.5694467595273973,-0.906072553038305,1.556925667718937
2024.07.23,600010.SH,1.369150021675719,0.5936368722226985,8.595398660324388,0.07426909337703826
2024.07.23,600011.SH,-0.8221842777397457,-0.5636048955284685,0.23345578032891542,1.0704570815649883
2024.07.23,600012.SH,-1.6011005672803624,-1.054881513816699,1.6149235307453085,-2.3048585713955654
2024.07.23,600013.SH,1.0019025109563509,0.33852981025573997,-0.3463471000561891,0.11181541876358216
2024.07.23,600014.SH,-0.31118827254468057,0.41746232075321915,0.9213876324747765,-0.2178580765294104
2024.07.23,600015.SH,-1.0508672097543301,0.1722818182612897,0.03425086670583022,0.4216044803858026
2024.07.23,600016.SH,-0.648045684685149,-0.11435827759462464,0.3561401680412199,-0.9379602769474334
2024.07.23,600017.SH,-2.2767994711817776,0.3794847083420786,-0.2835301773429603,2.2370385252863
2024.07.23,600018.SH,-1.368584352047881,-0.030255743431175784,-0.8305990810266828,0.13702887335626251
2024.07.23,600019.SH,-2.898975082364664,-0.31713917257626334,-0.5806688620713988,0.329039470978064
2024.07.23,600020.SH,0.522431629195434,-0.4015724915102421,0.18149810222573404,-0.2735140432512063
2024.07.23,600021.SH,-3.761736069754576,-1.4337081301306591,0.1016760942668356,0.5291024134518999
2024.07.23,600022.SH,-0.08740659384383681,0.5799978161751719,0.33945427043465576,-1.2615458069731043
2024.07.23,600023.SH,-1.3092303119836752,-0.47278261255299603,-2.013721151732368,0.23690371554865675
2024.07.23,600024.SH,-0.2527841730294534,-0.453745490558196,-0.38876110254150587,-0.9517108902820012
2024.07.23,600025.SH,0.6626704212058437,-0.5218124903932516,1.3357083235654028,-0.5565458654292678
2024.07.23,600026.SH,-0.4681289801801974,-1.1541954589074843,0.1140923684760325,0.506713776169898
2024.07.23,600027.SH,0.6846507655772731,-0.8709289329038111,0.3261809839096526,-0.7135016857171832
2024.07.23,600028.SH,0.11673395425854462,-0.654342005398618,0.46689455147406833,-0.7006620402193446
2024.07.23,600029.SH,0.8773595753363816,-0.45507839362946595,0.1710850316269368,-0.33121062784758476
2024.07.23,600030.SH,-0.17113677104452318,2.9889871433513915,-1.224798204395073,0.371729558350748
2024.07.23,600031.SH,0.5789265770717454,0.12465029197394939,0.31649787620348613,-1.5122719798492195
2024.07.23,600032.SH,1.6291643762723726,-0.1810237274468426,0.4672348514071163,0.8184545614254766
2024.07.23,600033.SH,0.7195663711437158,-0.3332228895928683,-1.9040734847093654,0.1317689691318655
2024.07.23,600034.SH,-1.1579919564981787,-1.074910073943664,1.004296921075158,-1.5890818725826483
2024.07.23,600035.SH,0.08838125670157738,0.0888570573328537,-0.7221234956272826,-0.2422344159562141
2024.07.23,600036.SH,1.0766031709630821,-0.21746132204523322,1.2893007064200273,-0.4598737851707066
2024.07.23,600037.SH,-1.0186203479658311,4.846515244375094,-1.6746722468921358,-1.386606370837662
2024.07.23,600038.SH,-0.12263151095255972,-0.6853403724933665,-2.7667100949754047,2.0248158409263564
2024.07.23,600039.SH,-1.3722669061624129,-1.0570727281636727,2.290790867565642,2.581343361148126
2024.07.23,600040.SH,0.8513886398608917,0.021692527520202058,-1.1218108032954754,-0.5801785033698131
2024.07.23,600041.SH,-0.5961635258264331,-1.7555565540899087,1.2933909436827469,-1.3537548779923039
2024.07.23,600042.SH,0.6258845950964403,2.124174018698289,2.4269524516074124,1.870278597877741
2024.07.23,600043.SH,-0.6041967295348327,-1.0817659977505039,-0.48655666895811134,0.3264076807709958
2024.07.23,600044.SH,-0.698294661899817,0.06643632466035111,-0.24187049795202797,-0.5367164107139784
2024.07.23,600045.SH,-1.9518459977576557,0.21364306560087523,-2.518706145093645,2.7369690222404848
2024.07.23,600046.SH,0.8260970589112532,-1.114337514977349,-1.0835771438567023,-0.45239797300397644
2024.07.23,600047.SH,0.7458305456216062,0.590584626459745,-0.40545353915583154,-0.27903107922472675
2024.07.23,600048.SH,-2.4176050634617776,0.27257959312723845,0.6383878527725577,1.4561715441788818
2024.07.23,600049.SH,-0.4727287859332755,0.8607570151304377,-0.29842870301533053,-0.20518510542620197
2024.07.24,000001.SZ,-0.6691742140410839,0.15279138379247784,-1.1518072036068474,0.48130113373340583
2024.07.24,000002.SZ,0.7185008463555623,3.4675766103527916,-0.5903901053235954,0.7355490041913825
2024.07.24,000003.SZ,0.08693399707985,0.5683932812360557,-0.6184179065216507,-0.7388294777527475
2024.07.24,000004.SZ,0.5848764189711831,0.46149072927746587,0.3167613756218747,-1.1568335548146442
2024.07.24,000005.SZ,1.0382405604005212,-1.3334110423951473,-1.2844046636442965,-1.0764547290692026
2024.07.24,000006.SZ,-0.8052698542568596,0.5684597022224442,0.7301742425378253,-0.722178716567526
2024.07.24,000007.SZ,-0.7734668573900715,0.9203755147448284,-0.7118177601096906,0.9605956819486883
2024.07.24,000008.SZ,1.0043806352490063,0.04619434548615322,-0.0576900383887464,-0.37149606053792
2024.07.24,000009.SZ,-0.3496930362828774,-0.11790525323087694,2.6423686325115185,1.040678095506626
2024.07.24,000010.SZ,0.5494815399695586,0.9167709671875208,-0.8116887777690479,0.2310567288182987
2024.07.24,000011.SZ,0.355735272139162,-0.7049845854612498,-0.09199606247008585,0.7104159094848695
2024.07.24,000012.SZ,1.3958375463102213,1.6249850490565718,-0.4020537564035121,-0.6734407477612617
2024.07.24,000013.SZ,0.2620495453713371,1.9899279668610959,-0.1372921035072228,-0.9923480506588849
2024.07.24,000014.SZ,-0.7983917186395243,1.182906300207547,0.35731392205566187,0.7817325887292981
2024.07.24,000015.SZ,-1.2636467185732145,0.441008921158041,-1.4450472161169372,-0.26470481470091356
2024.07.24,000016.SZ,0.1839452519677055,1.0547060878967829,-0.020089133478709262,-0.6871697586829707
2024.07.24,000017.SZ,0.38889487260483746,2.077209490164035,1.021635101521579,0.029005056540507595
2024.07.24,000018.SZ,0.137550003979152,-0.006356131946300561,-0.1776133140292275,0.6003710922939565
2024.07.24,000019.SZ,-0.1504384932942029,-0.09805995055998708,0.031939299009478346,-1.0339363572080893
2024.07.24,000020.SZ,0.5610085148549832,0.061553856618820464,0.9417665791303488,1.5504760163117264
2024.07.24,000021.SZ,0.9366192606419217,0.8339215417442069,0.8451372757664278,-0.6338716897851415
2024.07.24,000022.SZ,-0.07386301745307813,-0.3744501596047204,-0.2964019847163417,-0.7788871644010242
2024.07.24,000023.SZ,0.6541542120000856,-0.4015084046795309,-0.3786118538248691,0.3984359169341302
2024.07.24,000024.SZ,1.0813379121919495,0.5072730759631199,1.2899148350250456,-0.4614828695198975
2024.07.24,000025.SZ,0.040154539201215506,-0.09203220045153773,0.6366615889490624,-0.7608540263713535
2024.07.24,000026.SZ,-3.8043498130879105,-0.8329536386160769,-2.028943680001194,0.38921376837787103
2024.07.24,000027.SZ,-0.3717257675143015,0.4371387822620535,-0.9415953409587549,0.3724978633445421
2024.07.24,000028.SZ,-0.8702058915472073,-0.4595031528902098,1.094712795664969,-1.0895298802114477
2024.07.24,000029.SZ,0.8049575911008835,1.0974600731915516,0.20828535259686418,0.09796496165607875
2024.07.24,000030.SZ,0.6123077637390069,-0.0025014095290445803,0.05177797497144008,-0.5135801227626577
2024.07.24,000031.SZ,0.2895330561414151,-1.0338789111325315,-0.9734940340110754,-0.1271723380757454
2024.07.24,000032.SZ,0.5864069232196942,-0.31780375965387414,0.707276478930029,-1.0380125385105614
2024.07.24,000033.SZ,0.06176210878571151,-1.1864882456587285,-0.29959005843315845,-1.0912077107282327
2024.07.24,000034.SZ,-0.03619494650185053,1.2104640489577647,-0.21577937379342044,-0.2893538422730742
2024.07.24,000035.SZ,-1.531471834386637,0.5969939442856154,0.006733625995351215,-2.4827049105608374
2024.07.24,000036.SZ,1.294584518507849,-0.2220204874746818,1.4065543644551866,-0.8226872048178191
2024.07.24,000037.SZ,1.691868360017767,-3.571491521175177,-1.4799600074461254,0.8977191884370476
2024.07.24,000038.SZ,0.11021614755074938,0.41281647098220287,-1.8888177936167918,-0.9299914647698048
2024.07.24,000039.SZ,2.1205775697501474,-1.1435847111116149,-0.46092951219078565,0.4859821059946723
2024.07.24,000040.SZ,-0.21498936689883957,0.42069636636754015,0.36180913259477987,-0.48737497443987454
2024.07.24,000041.SZ,1.4366358825286707,0.8722518955879184,1.7315053426793803,-0.7270200655047209
2024.07.24,000042.SZ,-1.2548351397708988,-0.7571559237591705,0.8284524463027935,2.4754154713093848
2024.07.24,000043.SZ,-0.6074764749559884,2.5937071001360827,-1.8840228575849645,0.5381759195808739
2024.07.24,000044.SZ,3.3742202201521194,-1.2868384579800662,0.37925783265216273,1.9363803039243286
2024.07.24,000045.SZ,-1.6087878917380336,-1.2355573786900171,1.977611140696385,-0.34787392986126037
2024.07.24,000046.SZ,1.4063389074668042,-2.228094338738526,0.6213755967877861,0.07113432127314036
2024.07.24,000047.SZ,-0.02458178734016156,1.6742437653969728,0.1329213038286058,-0.7882909809708842
2024.07.24,000048.SZ,-0.27099620461679724,-0.46250700535544587,-0.5176579720745291,-0.59896980475427
2024.07.24,000049.SZ,-0.6753736428848115,0.7233771754025229,-0.09365351336104472,-1.153737030567805
2024.07.24,000050.SZ,1.0635921634439536,0.8964118211516817,-0.01063824494396391,-0.14594571082375934
2024.07.24,600000.SH,0.14636534247190292,0.2623653092952386,-0.9100317310162589,-0.370605353834661
2024.07.24,600001.SH,-0.9849865519565849,-0.12418451102997063,0.14873260891771073,0.21358950901173462
2024.07.24,600002.SH,-1.6415838835594998,-0.35032596239671426,-0.759223956500083,2.3362925247141835
2024.07.24,600003.SH,0.7969608795117288,-1.1834382002759558,-1.440463653481012,1.4023472857901405
2024.07.24,600004.SH,-1.2135808271639075,-0.6624325605638127,1.0617807104572563,0.8645960351962042
2024.07.24,600005.SH,0.718821101061025,0.25682029147381186,0.8001059745296936,0.05309373636487366
2024.07.24,600006.SH,-0.4363694461578724,-1.9636612416755383,0.48222528988066987,1.417355432884649
2024.07.24,600007.SH,0.07632108303268173,-2.691616538667277,-2.248353936255142,0.06311981185170397
2024.07.24,600008.SH,-1.380541104444619,-1.4366340800568045,0.3372669121981371,-1.3531798339225116
2024.07.24,600009.SH,0.21563606220953627,0.8793459372515732,-0.8968056931302224,-0.5166461761793062
2024.07.24,600010.SH,-0.27897524304893756,-0.26223040972640116,0.8881900195091367,-1.2557019510240088
2024.07.24,600011.SH,-1.3249346394138968,-0.8735971582687266,-0.8419251578956664,-0.18831425729431903
2024.07.24,600012.SH,-1.5581700386856312,-0.6341294736349695,1.8702562306989743,0.35754062088912203
2024.07.24,600013.SH,0.8765481960722539,-0.8576720084401743,-0.14076585639154232,-0.07112481166916103
2024.07.24,600014.SH,0.9677921400505953,1.3372221926473973,-0.16768936598694464,-0.20073526990045854
2024.07.24,600015.SH,1.4071280265790524,-1.218744510991039,-1.3953480090536208,-0.9491551598932546
2024.07.24,600016.SH,-1.4027975620798294,-0.03502874152134772,-0.7118145290824264,-0.041063813647573284
2024.07.24,600017.SH,-0.2637372764125857,0.8594618025047721,-0.5086317057575566,-0.280653202494436
2024.07.24,600018.SH,-0.9887014846917199,0.7007721320335295,-0.6954262055722528,-1.4511494090343056
2024.07.24,600019.SH,-0.25839645838629044,2.1283463319414606,-0.7053469959278822,-1.2873919412076829
2024.07.24,600020.SH,0.19856152904827126,1.7092798217436995,0.6514705283622703,-0.766998763603218
2024.07.24,600021.SH,0.73295947174124,0.5877230447600698,-1.3085234132513783,-0.08258333940828708
2024.07.24,600022.SH,0.26396771994140034,0.9516179180457743,0.02664074909019139,0.5386464064250893
2024.07.24,600023.SH,-3.599142333993293,-0.8372658511387363,1.075500850619465,1.138524771142121
2024.07.24,600024.SH,-0.9302020855858567,-0.2752296809080331,0.45101630016354605,-0.6252507988180426
2024.07.24,600025.SH,0.7104057184275514,-1.1674199258639286,0.4654855707679698,-0.21959037605397277
2024.07.24,600026.SH,0.8099028999323129,-0.5382056165727207,0.09082927557710208,0.7071150486101241
2024.07.24,600027.SH,1.6615940459348715,-1.3796682610077875,-0.7576967529060681,0.0353763825120153
2024.07.24,600028.SH,-0.4833303449634221,-0.6451532356152149,-1.4782202351972804,-0.41578308673674197
2024.07.24,600029.SH,-0.8146690677790648,-0.604752177416023,-1.8802663320656712,-0.4928599639484637
2024.07.24,600030.SH,-0.1973780516492924,1.6257983803258869,0.03157940586543092,-0.05834586400875723
2024.07.24,600031.SH,0.5157070476194924,0.28832822430367555,0.10447988218236455,-0.7006446375209079
2024.07.24,600032.SH,0.3702039194605937,-0.49081415601328493,-0.7225881676969311,-1.4897974591567795
2024.07.24,600033.SH,-0.25246783267737305,-1.0654475654352549,1.3628908486218754,-1.1884142949922116
2024.07.24,600034.SH,-0.9004591705480989,-0.29630387273373876,-0.6868545896135072,-0.25802701113987253
2024.07.24,600035.SH,-0.35757411586126103,0.7997870630248944,-0.6054748504902544,-0.2622205948065136
2024.07.24,600036.SH,-0.2701007669479289,0.5436258851032844,-0.2415035232216635,-0.5216889943283908
2024.07.24,600037.SH,0.5797061653456634,0.43061481062460294,-0.24207537019919323,0.726106867520613
2024.07.24,600038.SH,-0.5606864039800203,-0.4572293362662252,0.9172320565675282,-0.28905844263145564
2024.07.24,600039.SH,-0.8638887471902814,0.6383527985579398,-1.425740557927557,0.5222381765030517
2024.07.24,600040.SH,-0.3549219345571199,-0.7055862226319451,-0.1074546124438689,-0.940331207226401
2024.07.24,600041.SH,0.7548482919684179,-0.1821367380969152,0.39823458872758116,-0.09144231940074626
2024.07.24,600042.SH,-0.09913091675565187,0.9162758613735715,-0.9262160885140291,-1.5558856619455954
2024.07.24,600043.SH,-0.4385790827222346,0.6685625172552386,0.8551293668758245,0.7303172630614415
2024.07.24,600044.SH,-0.381232349094271,0.3460028145534144,0.5277014027895541,-0.2624460744491653
2024.07.24,600045.SH,0.2046998225654818,0.8826849674362697,-0.2815188742649289,0.5057318051966848
2024.07.24,600046.SH,1.901512742465924,-1.1667054413671916,-0.3267106231209594,0.07704853471352248
2024.07.24,600047.SH,0.2565520866679503,1.3937488567522098,-1.0575491035854088,-0.7753942283356472
2024.07.24,600048.SH,1.2117050367103166,0.6354460479360603,0.5410933863443732,-0.8635566080122373
2024.07.24,600049.SH,0.8205713739039656,0.6492571277183324,-0.4686834883637331,-0.9464245539033792
2024.07.25,000001.SZ,1.1198038878851726,0.007270572602322586,-0.01965203857578335,0.04263865861606271
2024.07.25,000002.SZ,-0.5230858302888521,0.38582644095773305,0.3101434122626057,-0.4221984143427454
2024.07.25,000003.SZ,-0.4672449090789851,-1.497111372092392,-0.49772136409902684,1.9332576329482816
2024.07.25,000004.SZ,-0.046557484670931994,0.37789341696324774,0.012277935315995659,-1.0012356374305413
2024.07.25,000005.SZ,-1.4898086279749279,0.11460990465372581,0.41906377170855913,2.7418882754290883
2024.07.25,000006.SZ,-0.05055973147405017,-0.11839936816533603,0.07399907103191193,1.2515935870077664
2024.07.25,000007.SZ,1.3865952104350243,-1.437021825934969,0.5251095697018507,0.7476671130011313
2024.07.25,000008.SZ,1.8235163677189004,-0.9662681253052067,-0.5115312173252907,-0.4665232796844457
2024.07.25,000009.SZ,0.48696309963028284,-2.9237825907105752,-0.3542043358249206,-0.046282548165365665
2024.07.25,000010.SZ,0.24325336118677954,1.2848250935784153,-0.3317380372544973,0.7760129206518706
2024.07.25,000011.SZ,0.4245267785452142,-1.0630469947090901,-0.1015738831397085,1.20172746340054
2024.07.25,000012.SZ,-1.4237139009548812,-0.051094983560499796,-1.20966522630751,0.40159689702491025
2024.07.25,000013.SZ,-0.07125099998495155,1.3429914331090849,1.0845591505380432,-0.906127738014558
2024.07.25,000014.SZ,1.1745686117879242,-2.2460924394959725,-1.9200019022819292,-0.38546761261467133
2024.07.25,000015.SZ,0.41860852791906616,0.37340428069854265,0.7954060336313953,0.4121837608479282
2024.07.25,000016.SZ,0.04442802026179979,0.6962380053115198,0.5946040725245761,-0.09909137044990628
2024.07.25,000017.SZ,0.274429015857892,0.30696642570812893,0.9795695709090304,-0.9716986195462689
2024.07.25,000018.SZ,-0.30172593538774906,1.0778683222598853,-0.04648422249551759,1.387097260206598
2024.07.25,000019.SZ,0.24392291352731507,1.2819057093261363,-0.1541639312556864,-0.9018614759994711
2024.07.25,000020.SZ,-0.3974813628149458,0.21295574686139968,0.826283732045415,-0.3009905718550338
2024.07.25,000021.SZ,0.12324817708474553,-0.3738571978016792,0.5948891584537058,0.606694470728403
2024.07.25,000022.SZ,0.43344673405628653,0.5778946822184361,1.9663387122926794,-0.4132110933105874
2024.07.25,000023.SZ,0.20438907897998304,-0.3857103517774261,-0.36882159401376413,-0.6709824872212031
2024.07.25,000024.SZ,-1.1156362274168,0.10341311326812563,-0.7229647628648584,1.1640130765429741
2024.07.25,000025.SZ,-0.18781567814084127,1.9421609773539497,3.3875372234773122,0.8085215520941739
2024.07.25,000026.SZ,-2.3662108859876176,-1.054992569879946,2.9501569576284767,-0.19501454293644857
2024.07.25,000027.SZ,-1.1234486704365585,1.127197010470065,-1.5125136529069343,1.419827405410379
2024.07.25,000028.SZ,-1.5425602520165818,2.163593679484137,-1.2610471540088586,2.576384966268587
2024.07.25,000029.SZ,1.3180615095133776,-0.798311353374454,-1.7837325290955988,0.3243674633166945
2024.07.25,000030.SZ,0.7896388027637036,-1.224964075441957,-2.3288770650424326,-0.7502802704562281
2024.07.25,000031.SZ,-0.2418545572484681,-0.5161560251819668,-0.046887433856269485,-0.12815280660694206
2024.07.25,000032.SZ,1.1741455153547329,0.18800894637307453,0.9567031587177843,0.38396509820309366
2024.07.25,000033.SZ,1.247593741683245,-1.9850366267462314,-1.6420672726779308,0.8325352775793723
2024.07.25,000034.SZ,-0.401973633988755,-0.02937166845174385,-0.15405460424697578,0.27717223125300094
2024.07.25,000035.SZ,0.3136422384316425,1.1395404825044426,0.6492886620877479,1.8974452524958554
2024.07.25,000036.SZ,-0.08741234643930634,0.6327181078002164,-1.1473932782539689,-0.3632175684526752
2024.07.25,000037.SZ,-0.2862661255232398,0.15026090702534856,0.7542793418005492,0.6087133533931273
2024.07.25,000038.SZ,-0.19107173799692614,-0.5541789242643629,-0.40388245294240577,1.4822554940873383
2024.07.25,000039.SZ,1.0639182437875756,-1.5829475263638926,-0.931327546984548,-0.5153549205676745
2024.07.25,000040.SZ,0.22765642806118547,0.22810772618362438,-0.2027374944756571,-1.007550164025749
2024.07.25,000041.SZ,0.2881723453121667,-2.093598369571195,0.6057889316593232,-0.032398216745461735
2024.07.25,000042.SZ,2.76679739933268,0.9776223451178699,1.0064250723270356,4.196143850273546
2024.07.25,000043.SZ,1.8109696598054048,-0.20628243257672338,0.9181333524010012,-0.48308681918989516
2024.07.25,000044.SZ,-1.5474879601319886,-0.7893946089525019,-0.4307691346400449,0.5144063403199028
2024.07.25,000045.SZ,-0.16835092824722087,0.8057208945645026,-0.39687480052454077,1.0971938846457239
2024.07.25,000046.SZ,1.2440608808028277,-0.5517957468962222,-1.0300800079477854,-0.7476959000258676
2024.07.25,000047.SZ,-1.182345276458284,-0.6097661957329558,0.006950782555067339,-0.6520525143540896
2024.07.25,000048.SZ,-0.059865194212483146,-0.2990857208207088,-0.4390221896606182,-0.951693681748658
2024.07.25,000049.SZ,0.3953415147327907,0.1602702564599112,0.7949513684308861,-1.346054978223319
2024.07.25,000050.SZ,-2.075410533508134,-0.9372041527401351,0.9713121418251859,-3.0455572462509535
2024.07.25,600000.SH,0.4661351693490446,-0.9513955020127547,1.0152383362512083,1.4947625767792188
2024.07.25,600001.SH,-0.8737822297783375,-0.3221865450019769,0.3756778825858282,0.13108656149847267
2024.07.25,600002.SH,0.28789586283939067,0.7860242156044511,-0.5583509272161717,0.33355042038522714
2024.07.25,600003.SH,0.8883020558406352,-1.0978268244440605,-1.2187724829692526,-0.33288674845741717
2024.07.25,600004.SH,-0.49394879479910003,-0.8028275336173992,-0.24339240995743994,-0.26798127811887323
2024.07.25,600005.SH,0.6353548163657237,-0.44751813618140895,-0.859117706632739,-0.6962912327304784
2024.07.25,600006.SH,0.07002490628417139,-0.03709805319316568,0.4806857481469884,-1.4662941164628223
2024.07.25,600007.SH,-0.6652991796672535,-0.42977127530870296,0.5879622710066231,-1.0140089947174737
2024.07.25,600008.SH,0.9947930152256714,1.1917487211387043,1.1401146008544518,0.09914408094120875
2024.07.25,600009.SH,0.6086536953597937,0.375157341865307,0.21999190132837831,-0.7406019093173968
2024.07.25,600010.SH,-0.6925986662641992,0.18567630252703915,-0.256749257649841,-0.2694071632110175
2024.07.25,600011.SH,-0.10239356243570312,0.15884504221395243,0.12363897480967356,-0.020456699074068496
2024.07.25,600012.SH,-0.1470219526767009,1.0814844159034016,0.22782484055138555,-1.0585258856285658
2024.07.25,600013.SH,0.43572128786643993,-0.3086494865562271,0.224924763772314,-0.9930682501556918
2024.07.25,600014.SH,1.5796701762653762,-0.057628784747169697,0.010676424008511185,0.016111621427041107
2024.07.25,600015.SH,1.996196845773257,-1.437357062245355,1.1605668478427937,0.9344310799854085
2024.07.25,600016.SH,0.37978803343061285,-1.121557836351504,-0.5642380799735867,0.17780623717146601
2024.07.25,600017.SH,0.480832436459284,0.8128789734897107,-0.8622712714182135,-1.0720440634086372
2024.07.25,600018.SH,-0.24362071361810825,-1.0432083116874344,0.5055034299937494,1.663909340573525
2024.07.25,600019.SH,0.12080907979411971,-0.7155566557938752,-0.21578651428209478,1.8435861267225495
2024.07.25,600020.SH,1.514348496949362,-1.4789406022961158,-0.27660359247699356,0.03102739614415917
2024.07.25,600021.SH,0.8585782570182876,-0.4944389032820635,0.16848874362285968,-0.8499364751735069
2024.07.25,600022.SH,0.8400942637884427,0.11110043448789345,-0.46650991833346767,0.7979239576298095
2024.07.25,600023.SH,1.0334049008017068,-0.06059225493632016,-0.002851852837884935,-0.530156705005799
2024.07.25,600024.SH,0.5651687116765313,-0.059084639653412166,0.14215157713502274,-1.361773887846483
2024.07.25,600025.SH,-1.3981036837752479,-1.0247464784519515,0.31788136908519754,1.214815391754475
2024.07.25,600026.SH,1.0918722581161409,-0.08677996829204769,-0.07028295525620985,-0.4750010894373601
2024.07.25,600027.SH,0.14118450945633618,1.529344612264196,-1.24175439955832,-0.6611284365070912
2024.07.25,600028.SH,-0.029102726401265478,-0.5374118432752826,0.42927484890913487,-0.3576595658117994
2024.07.25,600029.SH,0.9777758093357766,-2.092338859023152,-2.3447660266547405,0.4836746039893529
2024.07.25,600030.SH,1.807628211516011,1.5647417765148448,0.40291799936496453,-0.6090840242645009
2024.07.25,600031.SH,0.5326369634626308,-0.11198933106640646,-0.9811360754463642,-0.13344829612963718
2024.07.25,600032.SH,-0.8342339383653169,-0.040046913465296784,0.3773835636283412,0.6114125764030213
2024.07.25,600033.SH,1.0422352934653942,-1.2744004798412794,-0.9202856507085684,-0.9922633155741316
2024.07.25,600034.SH,-1.767207912699537,-1.102780321488578,1.7011494067275927,-1.517566516603335
2024.07.25,600035.SH,-0.012429076764652724,1.5301397208094691,1.3231567258986727,-0.1872228904347504
2024.07.25,600036.SH,-1.7269861275942788,-0.11586736429831183,0.565345724349348,0.6278791500479112
2024.07.25,600037.SH,1.3184143534913166,-2.0289009574973114,-0.02886020522581422,0.0567217314919002
2024.07.25,600038.SH,1.2595230913054225,-0.643507125141529,-1.1551481139814979,0.2977515635413837
2024.07.25,600039.SH,0.43909066894118504,0.5866323197721319,1.3629810158620057,-1.6203115932587413
2024.07.25,600040.SH,-0.030358584105155573,-1.6047996878446267,1.9110647959797882,3.8440199904901067
2024.07.25,600041.SH,0.4407528049440057,-0.4422976875817075,-0.8678654580607161,-1.4458673723980082
2024.07.25,600042.SH,1.7884783686502166,0.5094116290077062,0.7671986493934748,1.8240514204315452
2024.07.25,600043.SH,0.8754041728438262,0.08798593782016308,-0.30440197373939165,-0.26369472051254406
2024.07.25,600044.SH,0.8535966589061093,0.2215614175074839,-0.5903680286526435,-0.5208996768287795
2024.07.25,600045.SH,0.1317301589476163,0.9517802074669178,1.7424274926956962,-0.3259271741406655
2024.07.25,600046.SH,0.040748771657232646,0.0755017568114804,-0.9200759336971572,0.06273163565770493
2024.07.25,600047.SH,-0.8741040901460465,0.17046305366146072,-0.5637768814443284,1.4218831393510585
2024.07.25,600048.SH,0.9533306570369587,-1.8760001247039864,-0.2928599360690342,-0.5394768357520638
2024.07.25,600049.SH,0.7290989820742335,-1.0224465995483816,-0.3433209904297641,0.9778873998774122
2024.07.26,000001.SZ,0.8366954722517734,1.758825153609593,-0.2527827680961822,-0.7285236250317594
2024.07.26,000002.SZ,1.7378670002445997,-0.8280334569585135,-0.823461794295034,0.6802119215073805
2024.07.26,000003.SZ,2.0798103871903124,-1.3094756845493591,-1.0890308507375344,0.20599363361078887
2024.07.26,000004.SZ,1.521446148229916,-0.26709375121959955,3.629245810456295,-0.7266328873256144
2024.07.26,000005.SZ,1.2314273039532369,-2.299490589535364,-1.3931308003913785,0.19895441883301937
2024.07.26,000006.SZ,-2.2984836077939597,-2.399191922076216,0.3516059103020805,-2.5570446321894753
2024.07.26,000007.SZ,0.808096587702594,-0.2519260582272985,0.5355556608964345,0.9008445210591733
2024.07.26,000008.SZ,-2.1257089665386792,-2.0080561037339195,-0.1630068344072354,-0.8485792486507384
2024.07.26,000009.SZ,1.0414914429354825,0.3496313678661077,0.31235263449118644,-0.5649473601752899
2024.07.26,000010.SZ,0.5390029473715169,-1.8203378738614855,0.748959660190019,0.38910245009805744
2024.07.26,000011.SZ,0.48098026096753,-1.6850957443578751,-0.3098158813023916,-0.33366603904653097
2024.07.26,000012.SZ,0.3479004669229566,-1.7721418811829248,-0.9065320909250404,1.5992471599501863
2024.07.26,000013.SZ,0.5977663407112362,1.5232594626607634,-0.12748067615760872,-0.5651629870187718
2024.07.26,000014.SZ,0.634686649090936,0.19378587252489046,-0.7707272273648957,-0.3465897228393768
2024.07.26,000015.SZ,0.8134667649475394,-0.7836876596751531,0.020953997618195074,-0.6887088857654456
2024.07.26,000016.SZ,-1.1283596339558124,0.04382292228142276,0.454567495119861,1.5260826910669645
2024.07.26,000017.SZ,0.5082891132920383,0.04325544471512879,-0.9632336570854853,-0.25400777804285657
2024.07.26,000018.SZ,-0.04423616174644553,-0.11016348631458081,-0.03907999188182837,0.16580291526945493
2024.07.26,000019.SZ,1.5729258640644794,-0.11128490448816922,-0.1787890874627739,-0.03637489792419485
2024.07.26,000020.SZ,-0.35232607195812216,3.2751596287854645,-1.2059739710030994,-0.9248734098189798
2024.07.26,000021.SZ,-1.826664975400556,0.4297959142112419,-1.2088016146571146,-1.614808277028776
2024.07.26,000022.SZ,-0.01465526200307402,1.0606354620271046,3.305987600075858,1.7227878022808778
2024.07.26,000023.SZ,-0.3804429181620398,-2.1799510790407695,0.22771336849912188,0.8487933678346142
2024.07.26,000024.SZ,-1.9795752348248634,-0.38749711375631496,0.5067085229218047,-0.01382676343533266
2024.07.26,000025.SZ,-0.7704181169233535,-0.7221526220941936,1.0812746997308933,-0.23218361241691482
2024.07.26,000026.SZ,-0.8170850961679905,0.10408197805575058,0.714784505923565,0.6491549175100209
2024.07.26,000027.SZ,-4.33232795621722,-0.7008455979758224,0.8732246263323965,0.33448396074332043
2024.07.26,000028.SZ,1.0552379125802276,0.1173906057025395,-0.0826962606356188,-0.21888820104204615
2024.07.26,000029.SZ,1.533497792847962,0.7468148584768174,-0.30540458966664086,-1.012796764348462
2024.07.26,000030.SZ,0.1412801801523756,0.8348340623329799,-0.5422550583595587,1.6567224649340877
2024.07.26,000031.SZ,1.6818390252316304,-0.22025923738208344,-0.9240670542566422,0.02050106306838164
2024.07.26,000032.SZ,-0.11805084733141492,1.3777419380935736,-0.9287034666485703,0.18379995932145934
2024.07.26,000033.SZ,-1.060779845705264,0.11319204520621093,-0.8981018481439637,-0.8426058505285694
2024.07.26,000034.SZ,0.20048270031297194,0.8922668544344267,-0.09555207030975615,-0.10440754933349251
2024.07.26,000035.SZ,-0.20594926480631823,0.01101191706830016,4.099259118415691,0.7548600535483554
2024.07.26,000036.SZ,0.21890510631442478,0.6243417381331925,-0.3873090606820635,-0.23805760660273673
2024.07.26,000037.SZ,1.455775200015244,-0.024828311984802922,0.21150237519481596,0.5849001779594512
2024.07.26,000038.SZ,0.40593949428049614,-0.7075032873251733,0.4768583014306813,0.26681580639436114
2024.07.26,000039.SZ,-2.0130083678257864,1.2723464062136367,-0.7141128116847545,0.30108082802952396
2024.07.26,000040.SZ,0.9478078609621577,1.9263656822779056,-0.25035480886252165,0.3028827439998709
2024.07.26,000041.SZ,1.755217110374935,-0.8912096620702188,-0.6302467105219905,1.94005795375632
2024.07.26,000042.SZ,0.6402338195433682,-0.7293461299539032,-0.06071612713979645,-1.2755991332809469
2024.07.26,000043.SZ,-0.31599124631796643,0.7934636831280963,0.18269399466667435,0.7963404600394886
2024.07.26,000044.SZ,1.7066108991087199,-0.4219007588308789,-0.10628609015245771,-0.28394343034353703
2024.07.26,000045.SZ,0.19452932621500715,-0.06095808252476646,-0.2612391705405369,-0.46980883818826125
2024.07.26,000046.SZ,-0.24869687637946705,-0.04759052140703781,0.0649066046632397,-0.6066728632294316
2024.07.26,000047.SZ,-1.7108716126898587,1.1358922532329476,-0.38828803084019003,1.0513334603304345
2024.07.26,000048.SZ,1.8999799758922686,-0.8998469461628201,2.101642185565926,0.8837621350938288
2024.07.26,000049.SZ,0.08660301678872448,-0.4156038659285172,-0.6255759312055771,0.30542377170222534
2024.07.26,000050.SZ,0.23394395556574837,0.16553613801525138,-0.8591095424647808,-0.701376768017093
2024.07.26,600000.SH,0.32146885724354757,-0.6104300335016618,0.5832329469137758,0.029660721923158797
2024.07.26,600001.SH,-3.6354077977889516,1.0510450749861469,-2.400433682831369,4.123972235314411
2024.07.26,600002.SH,0.8772712380428708,0.16428436717281975,-0.2276882974780205,-0.3571413638166594
2024.07.26,600003.SH,0.06259479443288005,-0.44894784788292674,-0.41789624902840183,-0.7800147243993507
2024.07.26,600004.SH,1.1264825427480332,0.02474200887841924,3.7182661587409385,0.6603991131259076
2024.07.26,600005.SH,-2.4976593651516805,-1.8274683822969402,0.8682111120133146,-0.7996927363112796
2024.07.26,600006.SH,0.9932740255720145,-0.416075414836276,-1.3142101901881678,-0.31837671913316035
2024.07.26,600007.SH,-0.5626125395741514,0.9934676077679646,0.4347799813753988,0.2587285520936034
2024.07.26,600008.SH,-0.19035316624438833,-0.5951202915591612,1.7214792299404855,-0.28750936891443746
2024.07.26,600009.SH,1.3431325484521863,2.427181078388116,-0.9788542846943052,-0.9799214521104453
2024.07.26,600010.SH,-0.40028019735047865,0.5877998681204362,0.3871128894740064,-1.4782996470827134
2024.07.26,600011.SH,0.3743076772043253,0.2522547186021659,2.1542325320609974,0.3504368920941528
2024.07.26,600012.SH,0.914397777337676,-0.27926624426785446,0.1357965802405228,-0.9238828991967856
2024.07.26,600013.SH,-0.9768545164519317,0.31525660030783537,-0.9847620268883327,-1.3692719880982305
2024.07.26,600014.SH,0.6154286132396978,0.6386918374224746,1.0684467074817776,-0.09929759422899097
2024.07.26,600015.SH,-0.318204502592199,-0.29812243216840867,0.7206680619047229,-1.0163175715597443
2024.07.26,600016.SH,-1.2356110760932153,0.005834850095658178,0.14978310561568034,1.6321219627061057
2024.07.26,600017.SH,0.7475045237944582,0.4397467257722342,-2.22979459128518,0.6780508456225076
2024.07.26,600018.SH,0.5280544841647961,0.5402690405282875,-0.15853294850975505,-0.698322045068824
2024.07.26,600019.SH,-0.7830515947492683,1.2546224038208478,0.5855528666958215,1.0450375106750187
2024.07.26,600020.SH,1.0059867040186714,0.5410934236675948,-0.28217266468818225,-0.8237422675833663
2024.07.26,600021.SH,2.958109741354428,1.0366106801989574,0.11721217988097123,0.6850014406254281
2024.07.26,600022.SH,-1.3439153632169563,0.3325390187227706,-0.42420324234171414,-0.5487419881862107
2024.07.26,600023.SH,0.6494175505031938,-0.10504189882098532,-0.21489954657365343,-1.282248573944273
2024.07.26,600024.SH,0.7849435788515849,1.0742720066069682,0.3900924365300524,-0.3578799967412321
2024.07.26,600025.SH,-1.242459822282998,0.350999334780786,-0.4691493587985843,-0.20827994554775894
2024.07.26,600026.SH,1.2318612755835863,-0.7510474692771977,0.8072909905618519,1.76836615555702
2024.07.26,600027.SH,-1.94701546521684,1.5882154177390513,-1.2619045058734397,0.10169190767486819
2024.07.26,600028.SH,0.40322158202302144,0.01640546835763592,-0.41874314977003985,0.23359318005682278
2024.07.26,600029.SH,0.196918441180164,-0.019275105693756574,0.9283428911279035,-0.3239429813586133
2024.07.26,600030.SH,-0.07893689105106357,0.6647164934494142,0.2115633248850506,-1.4132513278371006
2024.07.26,600031.SH,-0.25981253811917715,0.2578658213689066,0.079741556337621,-0.6797139563066193
2024.07.26,600032.SH,0.22209995109905273,1.5555224518111967,-0.4324170361811785,0.11914611670813223
2024.07.26,600033.SH,0.24649781697016446,0.0380766090911801,1.3075033346331146,1.4023461048557124
2024.07.26,600034.SH,0.08415475225093015,0.479018190581456,0.13419934931713892,0.310994033227449
2024.07.26,600035.SH,-0.16058747570756454,-0.6288224769769377,0.8848831472546443,0.3740441249824268
2024.07.26,600036.SH,-0.16324258860883772,0.6998898245184845,0.06959080196880119,0.34629697953452804
2024.07.26,600037.SH,-1.8713666855964521,-1.507493294025914,-1.5641013596846327,-1.2641594478020772
2024.07.26,600038.SH,-0.8038307347198987,-0.170540340331187,0.6041456721351834,-1.9900835386853344
2024.07.26,600039.SH,0.22494194198432307,-0.7480800554376967,1.358000994762097,1.091767737887867
2024.07.26,600040.SH,-0.6502832149659313,1.2230807575057772,0.9135389961204967,-0.5982784771155375
2024.07.26,600041.SH,1.3631011448922505,0.05687794307908997,1.0799340360706489,0.355419239667463
2024.07.26,600042.SH,0.2826988798589601,0.9048525154216261,-0.5946607655461352,0.6166826084988216
2024.07.26,600043.SH,-1.4633864829426502,-0.7544905356963097,1.0428731016842239,-0.1071789453723489
2024.07.26,600044.SH,-0.2899659750429731,0.5272875199012935,0.6428415533368921,0.9705235609913732
2024.07.26,600045.SH,0.3295997917727088,-2.230547865122224,-1.455207387298395,0.18653642788857097
2024.07.26,600046.SH,0.006862414121452374,0.19549050626683664,-0.7289976707606455,-0.7652269838109247
2024.07.26,600047.SH,-0.7883828270155725,-1.1911949947191607,0.3782761988060933,-0.8364676733410947
2024.07.26,600048.SH,0.23452820569114075,1.5393744460311116,-1.3676717970927583,-0.2353297872762706
2024.07.26,600049.SH,0.2794540498077046,0.05531917114064274,-1.355676721240564,1.1776336714434408
2024.07.29,000001.SZ,0.9742684748840714,2.432757012387673,0.5959124551107784,3.7430601981468015
2024.07.29,000002.SZ,-0.2159805515717678,-1.665721855803841,0.5853038070221913,-1.0227494355558604
2024.07.29,000003.SZ,-0.34287534566617206,0.826603410670419,-0.5446329262304018,1.2764248156694404
2024.07.29,000004.SZ,1.8189664336851723,0.3884872844554611,1.3324522676917292,-0.18195858750141616
2024.07.29,000005.SZ,1.0815796729954177,1.7484939921762266,-0.23112660752171085,-1.0765162994582012
2024.07.29,000006.SZ,-0.38344600656126987,0.0754828340155752,0.4134486440592975,-0.4389259822265811
2024.07.29,000007.SZ,-1.4961812910172538,-2.185974451803086,0.9655774716905899,0.26011123825316823
2024.07.29,000008.SZ,-0.3851558411367788,-1.993912413188794,0.7485319164585114,3.281052340957154
2024.07.29,000009.SZ,-0.5794416540330379,-2.012442381338629,-1.5564692230271089,2.831871689947993
2024.07.29,000010.SZ,-0.03899434191813583,-0.8616114542646628,2.5038066694551273,0.9771191712380662
2024.07.29,000011.SZ,-0.1437265467659146,1.1830949776428816,0.29533062061215326,0.11296995668801364
2024.07.29,000012.SZ,-0.7647118570944298,1.0596719164390118,2.7920569790173375,-0.5342680201175819
2024.07.29,000013.SZ,-1.348429822964491,-0.09842667743214534,-1.4676822873558608,-0.8414660102351663
2024.07.29,000014.SZ,-0.41222518721073875,-0.476475000612681,-0.3388304357929106,2.007621313604785
2024.07.29,000015.SZ,-0.13969695497081858,-0.6725781688973022,0.007818533059047308,-0.8152473482106675
2024.07.29,000016.SZ,-0.11423860024168589,1.9981143243001012,-1.4980722158479274,-0.4045491385858565
2024.07.29,000017.SZ,0.03222706071350596,-0.7162510736709952,-0.30001558094206937,-0.13705276106768358
2024.07.29,000018.SZ,-0.038536608716795796,-0.12246772240821541,-0.18833177775815152,-0.6013486977646038
2024.07.29,000019.SZ,2.5756705167649785,-0.6337487734977976,-0.6346930013500923,1.1824373069779186
2024.07.29,000020.SZ,-0.8382767317081892,-0.35962900609398185,-0.3058471568025132,0.050079485873846086
2024.07.29,000021.SZ,0.07266952729742757,-0.5799857536246027,0.30014329874328277,0.04006200413498449
2024.07.29,000022.SZ,-0.31279573219697104,-1.103294036658248,-0.11437931490889493,-0.09926189851006244
2024.07.29,000023.SZ,-0.20730819168353792,-0.7272806760367421,-0.702149828987094,-0.45376490072274106
2024.07.29,000024.SZ,-0.22874687167398516,0.2293885777585922,0.4584161819096749,1.3707437079214302
2024.07.29,000025.SZ,0.4239985288379984,0.7395154432391768,-0.21514776695356347,-0.20920952315159713
2024.07.29,000026.SZ,-0.5190230440756819,-1.1334962876428232,0.24487020794518016,0.4828522083413876
2024.07.29,000027.SZ,-1.4692622620604914,-0.06703425201524116,1.456153390554263,1.3755759503949867
2024.07.29,000028.SZ,1.2251997769809613,-1.2264294742424473,-0.6806024739427631,-1.14024483775177
2024.07.29,000029.SZ,0.14248669748623866,-0.804397238625024,-1.0745332804748702,1.1724942327829637
2024.07.29,000030.SZ,0.06375996105910675,-0.16167535601408622,0.05678009754089993,0.5406344669798553
2024.07.29,000031.SZ,-0.06625552484211387,-0.26042234899145045,1.8385898313002917,1.2239963229806605
2024.07.29,000032.SZ,-0.015296407798179765,0.862394625354852,-0.020193873219692526,0.4201878718093393
2024.07.29,000033.SZ,0.994446038559878,-0.4172867481950423,-1.108833039334601,-0.6901233175647993
2024.07.29,000034.SZ,-1.7347000220668936,-0.5282376686846242,1.0560309977410127,4.243501784839493
2024.07.29,000035.SZ,0.8115919554276829,0.6489624506521815,-1.867180473574652,0.51490124685484
2024.07.29,000036.SZ,-0.6567809363706445,0.4842053776506658,2.556846589882761,2.2965975238150795
2024.07.29,000037.SZ,-0.19675637510936117,0.5661757490290205,0.9310521537166335,0.9700351236215846
2024.07.29,000038.SZ,-1.5404368051061137,-0.6722484976084785,0.8586579316530887,-2.255088794867047
2024.07.29,000039.SZ,-1.9638495098029023,0.3556267020087386,-1.570396124645705,1.346482300430572
2024.07.29,000040.SZ,0.08681399034048873,-1.460948044782603,0.8856950205329579,-0.002752965937095095
2024.07.29,000041.SZ,-0.5585875204977603,-0.27696340338904135,-0.04164890125124362,2.070546186179549
2024.07.29,000042.SZ,-0.025036263994967074,1.0053841929397294,-0.9503036444634428,-0.37402453820812614
2024.07.29,000043.SZ,-0.18638066232688363,-0.11791321227499546,0.7773394274607337,0.42451622714963266
2024.07.29,000044.SZ,0.978694635261609,1.1894949604597802,0.04857830073362105,0.5672932903617113
2024.07.29,000045.SZ,0.9265272807427961,0.034391034111901,0.8069435241247855,-0.1771563971053612
2024.07.29,000046.SZ,0.8147012705394765,-0.23870888576313057,-1.1851518554970149,0.2943162651434279
2024.07.29,000047.SZ,0.08692947775492253,0.49975505460395064,-0.4407263886606526,-0.6556992589214831
2024.07.29,000048.SZ,1.1084842582889727,-1.1173368890299327,-2.171933461460557,0.5986763068006871
2024.07.29,000049.SZ,-1.0186185485584103,-1.701841784608928,1.7155044357061786,1.4060971549353491
2024.07.29,000050.SZ,0.715531193877682,-0.5594653268370662,0.3972640890901755,-1.3413993463008318
2024.07.29,600000.SH,2.196039790058335,0.012714010793900053,0.0864173949264907,1.0667126962277849
2024.07.29,600001.SH,0.4733308299394557,0.2410795137683076,1.5751274936689639,-0.5311347436149151
2024.07.29,600002.SH,-0.9478958789738041,-0.0035239882070847712,-0.0195243773697374,1.1393258295943647
2024.07.29,600003.SH,-0.9753701086688323,-0.07491741006010216,0.16592578975813324,-0.9423247087215526
2024.07.29,600004.SH,0.7048269082888141,-1.7124196772176998,-0.5356215730539531,-0.2520753894446391
2024.07.29,600005.SH,-0.4399619656320478,1.1835414081726268,2.982538320735849,0.3367068307787997
2024.07.29,600006.SH,0.9630438125640424,0.9851583374705767,-0.024341013370192136,-0.7392620423849044
2024.07.29,600007.SH,1.0683178269014042,-0.25141562603465467,-0.20931628070612487,0.46825842753667474
2024.07.29,600008.SH,0.46349051865287805,0.18275588067131976,-0.16082349562126505,0.014474995367926962
2024.07.29,600009.SH,-1.010367065208309,-0.1767807982675622,2.0421367971220716,-2.0596030897128736
2024.07.29,600010.SH,0.6377955419833957,0.17859418151444537,-0.06489650090523459,-0.6887862340274369
2024.07.29,600011.SH,0.9512209553249277,0.02920100696766593,-0.012558539337728498,-0.5451024020096812
2024.07.29,600012.SH,1.4105497944680916,-0.49356089608234976,-0.6929567633626038,0.957548689639503
2024.07.29,600013.SH,0.8940952145733897,-0.517795938716257,-0.11729943012666569,0.20428644142522978
2024.07.29,600014.SH,-0.47185204392312113,1.1013320251494154,0.03659209484077896,0.5913462181324937
2024.07.29,600015.SH,-0.941502092698214,0.55423260063823,1.5804166201133696,1.7218962799535462
2024.07.29,600016.SH,-0.21610285362734813,0.8542008358730051,-0.08105232824829804,-0.15952303597349346
2024.07.29,600017.SH,-0.5472409432260574,-0.40068097665924957,0.42174514098925003,-1.6917798232747263
2024.07.29,600018.SH,-0.21782582088716343,-0.19076299720781872,-0.36978912139427844,0.290838721330775
2024.07.29,600019.SH,0.9741250929237143,-1.1982517433749056,0.544515224378856,1.151287415720627
2024.07.29,600020.SH,0.03882067354178214,1.1999963080643161,-0.34756078583254646,0.14546449393318786
2024.07.29,600021.SH,0.15066560931329206,0.22030168992125543,0.26072861193428865,0.3540826006252212
2024.07.29,600022.SH,0.0017633123764672738,0.24316287178502105,0.18616561345253443,-0.5364902680962104
2024.07.29,600023.SH,-0.011433777438136596,1.4783043587624232,-0.5427583500018963,-0.32908860707149173
2024.07.29,600024.SH,-0.04676521938071487,-0.6923793038383969,0.4560839593475683,-1.2255935474624873
2024.07.29,600025.SH,-0.5893906280835426,0.007144469924195728,0.0984618488169441,0.7153777106875072
2024.07.29,600026.SH,-1.1385190599237844,-0.6696369902565156,-1.3050598576343069,-1.9108709465962586
2024.07.29,600027.SH,-0.998616093716394,0.17915091309876288,-0.9057320039745693,-0.22798003995086366
2024.07.29,600028.SH,0.48807971987512244,-0.4931128454147569,0.4295539827942287,0.1268560352020935
2024.07.29,600029.SH,-1.4106502337250035,-0.2755316858755994,-0.8267654263071842,0.9038718076811266
2024.07.29,600030.SH,0.31138373217918464,-0.6836194821725543,0.7547789076139542,0.02576870984817323
2024.07.29,600031.SH,-0.2591165657302399,0.005688090252160676,-0.3427573116539845,0.27043281448593814
2024.07.29,600032.SH,0.6188428651973071,3.757816192627834,-0.8293069340702862,-0.28942119999380905
2024.07.29,600033.SH,-1.2276970899052582,-1.0942865566683784,-1.76202218953166,-0.1890873694016781
2024.07.29,600034.SH,0.19099898724113337,1.9105138694279715,-1.3725435534256176,-0.4260423025932492
2024.07.29,600035.SH,-0.03582517979397797,0.18324584804452584,0.4744529557394051,-0.2413312663208814
2024.07.29,600036.SH,0.10385460009591707,-1.1143970424863476,-0.18682608503938697,-0.27631595592794383
2024.07.29,600037.SH,-0.02667989885087426,1.1798021913846715,1.812090725730255,2.064580356274796
2024.07.29,600038.SH,-0.2134199527716951,-0.187740951996951,0.3823989629309372,0.7962773427789502
2024.07.29,600039.SH,-0.6058379297601384,-0.4465989398377691,-0.0672114395849682,-1.770332884108428
2024.07.29,600040.SH,0.41653397208894916,-0.30843769399732984,0.6486636733493075,0.12205513878185366
2024.07.29,600041.SH,0.3954368599057251,0.17032589796725447,-0.9815947299605071,1.134154567484064
2024.07.29,600042.SH,-2.915717508579655,-0.5565522199395304,-1.7765910154808222,3.0996026655251905
2024.07.29,600043.SH,0.45273024781236737,0.380941722737682,-0.03495378591246702,0.5250733545171774
2024.07.29,600044.SH,-0.06435430403785936,2.1478246929840177,0.7916251968462219,0.08530540446009792
2024.07.29,600045.SH,0.7958912680774457,0.23397364988024658,0.552595853233146,-0.9658127290974715
2024.07.29,600046.SH,0.4189941424087404,1.8383702796006118,-0.12453205607056969,-0.8554129227351387
2024.07.29,600047.SH,0.9665839919218241,0.4583789624454531,0.8948174293701978,0.23040339001701737
2024.07.29,600048.SH,0.19083649476860348,-0.6531505158254078,-0.48418647559065625,-0.3716973138482769
2024.07.29,600049.SH,0.7837668277581352,-0.3066539553065068,0.06275045857191291,0.8751547665050223
2024.07.30,000001.SZ,0.5049155160117241,-0.3113354190570916,0.5985176413289239,-0.3292170438026004
2024.07.30,000002.SZ,-0.13646865584932652,-2.9928915571048353,-2.019343092330874,0.5637724494198859
2024.07.30,000003.SZ,-0.2593688876923298,-2.5389933285772965,-0.7733811666226684,2.165224839156711
2024.07.30,000004.SZ,-0.8010247230142725,-1.3248866235615233,-1.5189631973504714,-0.9876676493347716
2024.07.30,000005.SZ,-1.3142989912715166,-1.4062610364291466,3.704942849755039,1.845286636421194
2024.07.30,000006.SZ,-0.25049164924677275,-0.5814459256415999,0.7881852021629069,1.169109717385548
2024.07.30,000007.SZ,0.2677326233337861,-1.5303839562808639,-0.6379678656414908,-1.608209086295665
2024.07.30,000008.SZ,-2.046717826891828,-1.9736425782012847,1.3277339470653424,-1.264668760659562
2024.07.30,000009.SZ,-0.5897328942541262,0.11042229783035126,0.6655763931423837,0.12272217312014495
2024.07.30,000010.SZ,-0.018131856465200765,1.0781382841618579,-0.39408729094761447,-1.2139799365626205
2024.07.30,000011.SZ,0.23963598067793238,0.7679413255978175,-0.25126917649440483,-0.45907394085018044
2024.07.30,000012.SZ,-1.197807847768713,-0.37461658303682305,0.14229728912149692,-0.6182572055015974
2024.07.30,000013.SZ,-0.19803189405923483,-1.6711418235141178,-1.9311003329566505,-0.37045833130714173
2024.07.30,000014.SZ,-1.296946990953295,0.12849716464220307,-0.47802354503999034,3.678758898374567
2024.07.30,000015.SZ,2.411944382588303,-0.8888969205345961,0.18609344637106703,2.612196405826157
2024.07.30,000016.SZ,0.7838486488982845,1.4133913482197638,-0.5773163789780518,-0.6167805046218702
2024.07.30,000017.SZ,0.805861315520826,0.0567999413970208,0.25343725460109695,-0.5927773362849817
2024.07.30,000018.SZ,0.5554411439693135,0.17821284965286088,0.4551147971637722,0.599656177396186
2024.07.30,000019.SZ,-1.3470966534913023,-0.6491531288293441,1.5643215872428915,0.30216024654443074
2024.07.30,000020.SZ,-2.183591025795172,-0.863957072088122,-0.09129149214249366,-1.5820945964898616
2024.07.30,000021.SZ,-1.6839805725311348,-1.2641167595539828,0.808073918344731,-2.962996215081219
2024.07.30,000022.SZ,1.1064891846887692,-0.44381277754389187,-1.3617849849277017,-0.9184039222838043
2024.07.30,000023.SZ,-1.2820800453271768,0.603106945438079,-1.7069458283970058,-0.6307874589911131
2024.07.30,000024.SZ,-1.8269840589758315,-0.9478090136327754,1.68073579579274,-1.5374299417639965
2024.07.30,000025.SZ,0.7163179667227436,-0.5831240974245941,-0.10649850540365563,0.6527756048992784
2024.07.30,000026.SZ,0.5361980414534373,1.5313545636026749,-0.9013883272238891,-0.9210259389673758
2024.07.30,000027.SZ,0.6054543182508112,0.976913069350689,0.19141758933785502,-0.9447025031500019
2024.07.30,000028.SZ,-0.5448728503904137,1.068751656084085,-0.5323612904062427,-1.0392611242046454
2024.07.30,000029.SZ,2.4328621816788005,-0.7577532344015475,0.2087180914131464,0.6423595728547346
2024.07.30,000030.SZ,0.5112219512956024,-0.4416423852838913,-0.554994340715084,-0.8884165484737963
2024.07.30,000031.SZ,0.573055418712309,-0.7006314060268872,1.2688715036300275,-0.08381578707671745
2024.07.30,000032.SZ,0.3436139476750926,-0.22780145271939936,0.6139298911565884,0.13026830342537654
2024.07.30,000033.SZ,-0.3766527491312628,-0.3152454955464843,0.7591214848854663,-0.7027441281223175
2024.07.30,000034.SZ,-2.2126251350058146,1.9774735497371017,-1.0660806656025723,3.695232139918668
2024.07.30,000035.SZ,0.35430523044925005,0.17625148868286325,0.11357050539594149,-0.5297109551004501
2024.07.30,000036.SZ,-0.4451659942158383,-1.1283191223330435,-0.25391230705752516,-0.02175544901018922
2024.07.30,000037.SZ,0.668565504631205,-1.2157103155222144,-0.8683393253697084,-0.46386720368828543
2024.07.30,000038.SZ,-0.9520062588936072,-0.6007654834817301,1.2334751854799815,-1.5531819025870257
2024.07.30,000039.SZ,-0.12909055271099026,0.17089424800339922,1.9086995879073383,0.7058777106765645
2024.07.30,000040.SZ,0.027453660459866844,-1.148697983072269,1.6351070497412081,2.1985786704105825
2024.07.30,000041.SZ,0.27348138557844887,0.33487920396251275,0.13230518168747984,2.260050593389869
2024.07.30,000042.SZ,1.2305730300991067,-1.2070522788381637,-0.6660928505175546,0.4081009872279799
2024.07.30,000043.SZ,0.4440113407849404,-0.2739767124386596,0.7884779635066002,-0.1017625064927589
2024.07.30,000044.SZ,0.3320179783116183,1.6481528234360197,-1.131396171859843,0.4693402929794554
2024.07.30,000045.SZ,-0.016532745115262946,-0.5039224441214093,2.481338117820478,-0.8573033375383033
2024.07.30,000046.SZ,-0.40347087384598224,-0.4075161567479873,0.30720065397185603,-0.29953911702242936
2024.07.30,000047.SZ,0.7695112721871278,-0.3499671402398844,-0.9018882297802592,-0.2629944396214711
2024.07.30,000048.SZ,0.22176273453729417,0.6257652373880594,0.48039806807957436,0.8928010277896287
2024.07.30,000049.SZ,-1.5711620517511697,-0.9816684723673774,0.6456053549739791,0.44131954242277727
2024.07.30,000050.SZ,-0.5460868353418337,-0.0427609084725985,0.8621840926191886,0.059649508037253635
2024.07.30,600000.SH,-0.207821582724134,0.01795110642729456,0.6443912137990094,-1.215522450077976
2024.07.30,600001.SH,0.0384774725919041,0.3773658418064284,-0.527532955931605,-0.49685401712207417
2024.07.30,600002.SH,-2.7814788663588446,0.022265236243151684,1.9801581532772543,1.095247172693641
2024.07.30,600003.SH,-0.7024494235102389,0.48543230233003765,-0.29868574672090986,-0.5352513530755215
2024.07.30,600004.SH,2.323566493260195,-3.350908187860039,-3.6897073916927097,0.5430477424752609
2024.07.30,600005.SH,-1.4884182208964312,0.2005939756482242,-1.7290922212056203,1.3455909666998291
2024.07.30,600006.SH,-0.5900546794490047,0.9019978545341686,0.2737903029431232,-0.4773319163314683
2024.07.30,600007.SH,2.1316760444530005,-0.6392411003070304,-0.376858143467261,1.1857215353479773
2024.07.30,600008.SH,-0.16928897159552636,-0.0824975006124707,-0.034493889364661225,0.4868083746351285
2024.07.30,600009.SH,0.39858149692083117,0.29727147324470005,-0.4428759995853013,0.9685047421932917
2024.07.30,600010.SH,0.9963202422620449,-0.2170991990873866,-0.9279585038178162,0.6797497019863089
2024.07.30,600011.SH,-1.1198319610831744,0.7978269727926227,0.32988162028625156,-1.5677261886875133
2024.07.30,600012.SH,-0.9039313140344707,0.11105457376786426,0.153143556277795,-0.6152122058944478
2024.07.30,600013.SH,1.0705288257586631,-1.9426130515208877,-0.6774518752878094,0.5483219749344173
2024.07.30,600014.SH,-2.105477505746729,-2.5512002181850626,0.16195873622188797,0.24260353587424857
2024.07.30,600015.SH,-0.7050212035837582,0.02076962057335551,0.48036804952441786,1.7102379431403227
2024.07.30,600016.SH,-1.147010210845397,-0.23263633173084633,-0.33231282638334986,-0.4320784245604147
2024.07.30,600017.SH,-1.3732105477493235,-0.24108511990486303,1.3909210791505386,1.078676904328813
2024.07.30,600018.SH,0.1592405642011262,-0.07733352037866612,0.13521418319192832,-0.2717680977331509
2024.07.30,600019.SH,0.34712350285397814,1.3427466503661587,0.24192935787445166,-0.16874648327643554
2024.07.30,600020.SH,0.25152898226580755,0.41867387136828377,0.837704938253164,-0.7432027846113529
2024.07.30,600021.SH,0.10847941023927014,-0.5238363069221962,-0.8694710660158544,-1.3419345819457162
2024.07.30,600022.SH,-1.5770616940711035,-0.3872421245909851,-0.21320293667475956,0.2853035107992067
2024.07.30,600023.SH,0.6281460636394384,-1.2990130487622122,-1.5459754338679406,-0.5590185583480141
2024.07.30,600024.SH,-1.342785885147033,-0.13164137959358918,-0.16904994868896658,1.4994813036128347
2024.07.30,600025.SH,-1.7614921009649738,1.1593331591182814,-1.8361451557990927,0.6523096667710401
2024.07.30,600026.SH,-0.21465368714148267,-0.7715467059024683,0.35257949483918327,-0.4808628482075659
2024.07.30,600027.SH,0.22927561778473074,-0.1672932819996021,-0.907419486340924,-0.4582820268521092
2024.07.30,600028.SH,0.3586811112386997,-1.8754123879708984,-1.2854892313604651,-0.2002782317554071
2024.07.30,600029.SH,0.6204873864790464,0.6871294072481632,1.65564528894984,0.16726878870627293
2024.07.30,600030.SH,0.005195723321430229,1.229234058973087,-1.553796901430465,0.27420188805718293
2024.07.30,600031.SH,0.18994383519491145,0.7208249723439398,-0.10215597118335629,-1.0613961761127735
2024.07.30,600032.SH,1.0542209760418777,1.4136208721493217,-1.4106974602063669,-1.337027720201539
2024.07.30,600033.SH,1.0116297504194705,0.2857626955293751,-0.5299979886494631,-0.43507280477510807
2024.07.30,600034.SH,-0.9758151503838417,1.3986239658882995,-0.15392748713072776,-0.9860207187080703
2024.07.30,600035.SH,0.1350933347915719,-0.49383538778520264,0.2495190698217685,2.1717782753320156
2024.07.30,600036.SH,-0.638897726194898,-0.3383397128622276,0.02665523032037871,-0.934967460856407
2024.07.30,600037.SH,-1.6748482769743416,0.435399245360427,-0.8318195521508734,0.8482928308222322
2024.07.30,600038.SH,1.3667297426893104,-0.3023969725531735,0.10730745450886983,0.3569279337872432
2024.07.30,600039.SH,0.6375064112707611,-0.17506336525121124,0.7975140730891634,0.5325070007810775
2024.07.30,600040.SH,0.18314434653529635,-2.588708900822048,-1.9010132670673268,-0.08587576674485899
2024.07.30,600041.SH,1.2640800163053176,1.1636011283496115,1.5182324935193687,-1.0576836932112612
2024.07.30,600042.SH,0.7728889760961748,0.006256377827042604,0.9307220721555861,-0.03450985931579475
2024.07.30,600043.SH,0.2707383631912541,1.6522155902885851,-0.4715784772082538,-0.036469555961645965
2024.07.30,600044.SH,-0.6619899413859061,1.114815997938886,-1.1266744991516144,-1.416921065403335
2024.07.30,600045.SH,0.7037180061640016,-0.6176488053440098,-0.998824280710706,0.19726481049091227
2024.07.30,600046.SH,-0.8803558363883582,-1.219726346652453,1.4737634691544879,-0.1641553214257937
2024.07.30,600047.SH,1.5595855631170883,0.5171158347389971,-1.0421575088227948,-0.27523221662151615
2024.07.30,600048.SH,0.2297926389383607,-1.5847314706902156,-1.0803095689443,-0.2841862185502
2024.07.30,600049.SH,-0.8613351622930996,-0.9865429398497032,-0.7201552377647641,-1.6254173773532643
2024.07.31,000001.SZ,0.11912219334345574,0.43442748932940656,1.3197952157198058,0.3416772043630663
2024.07.31,000002.SZ,0.03699615130404068,-1.0961087907732487,-1.187096851132776,-0.08075987442017957
2024.07.31,000003.SZ,-0.09259730970844192,0.06753668373640134,-0.8425586827548165,-0.1836448501107669
2024.07.31,000004.SZ,-0.07913727683580901,-0.680701466001434,-0.7563604905501738,0.3050385308532883
2024.07.31,000005.SZ,-0.31762726309128786,0.6092971479215884,1.5415973052816891,1.3732111914691307
2024.07.31,000006.SZ,0.9152241217489415,-0.7509910423360237,0.37262482998955787,1.5245597632721715
2024.07.31,000007.SZ,-0.32244901081464405,0.5189803125312725,0.10764233756641156,-0.42613546867992724
2024.07.31,000008.SZ,0.05350755730475832,-1.3728063130690935,0.7061209423128957,3.768136943336873
2024.07.31,000009.SZ,0.37656565373226586,1.3387997413082051,-0.08613956962540115,-0.3093535355409443
2024.07.31,000010.SZ,0.04900607392030573,0.6715518544454498,0.12316265406587146,0.8147060229405644
2024.07.31,000011.SZ,-0.06201541187407974,1.071857044995832,-0.06277966227440163,-0.9015369284297997
2024.07.31,000012.SZ,0.3540833627777382,1.3314006943553784,-0.154851667487036,-1.03873603407766
2024.07.31,000013.SZ,0.9958713165018858,-0.9537084859466772,0.6165643416426988,-0.48107638212685033
2024.07.31,000014.SZ,0.06815628323879051,-0.20300596737946797,-0.3156061703936202,-0.38041315281239657
2024.07.31,000015.SZ,1.095923960614565,-0.22410188635446823,1.4664985695223862,0.257852704021913
2024.07.31,000016.SZ,-1.353117976888564,0.27512343155975527,-0.4398517952019062,0.7622165205299524
2024.07.31,000017.SZ,-0.20486545240613296,0.5469724789371536,-0.21424770270850918,-0.3866267378147728
2024.07.31,000018.SZ,-1.225441131016091,1.3525043147455906,-1.9949325829485867,1.227428461151137
2024.07.31,000019.SZ,1.1073640059848184,-1.0073201133499334,0.3390903845011439,-0.1946483451990197
2024.07.31,000020.SZ,-1.0004311267902772,-2.711204478519162,-0.4293279930938178,1.0156266238712628
2024.07.31,000021.SZ,-0.013130592512333138,0.236822584263234,-0.9701747097134524,0.7262120828868851
2024.07.31,000022.SZ,-1.5800619857109772,-0.1560899570202103,1.2090378888159894,-1.7576107776679077
2024.07.31,000023.SZ,-0.9214220876032647,0.2080311088770557,0.1789839450291541,-0.3986651571453988
2024.07.31,000024.SZ,-2.547067927686948,-1.2660719371038385,1.7393204162990226,2.5483204625147655
2024.07.31,000025.SZ,-0.12301130607235483,0.359049601916588,0.0663712648043217,0.32136707324346925
2024.07.31,000026.SZ,0.029612718024194285,-0.5655175944698779,-0.3945345029373792,1.0637190591729684
2024.07.31,000027.SZ,-3.0897410065157516,0.8575713752149745,1.084499289964772,5.682511613583158
2024.07.31,000028.SZ,-1.5272960376975389,-0.19672177507407596,0.06500111523379727,-1.6472975100055287
2024.07.31,000029.SZ,-0.3352436694468599,2.1071551977673404,0.12138342800123852,0.5596525388863025
2024.07.31,000030.SZ,1.553229777181392,-1.2438006060978173,-2.3035919876065516,-0.3219846516626584
2024.07.31,000031.SZ,0.3551692214970285,0.29691987058934466,1.0204709905357396,0.027016205115313583
2024.07.31,000032.SZ,1.1730789090422902,0.3526940604714571,1.138170995213296,1.3281683078318782
2024.07.31,000033.SZ,0.3463400770014246,0.576659665794938,0.16898728568343285,-0.3325254442029832
2024.07.31,000034.SZ,0.2833191946683052,-0.8833808808034612,0.11011173283852131,-0.16044199640797457
2024.07.31,000035.SZ,-0.5827038441647066,-0.8175500641040115,3.5614886020547547,-1.0951643130367215
2024.07.31,000036.SZ,1.8670286729629033,-0.6514575048463815,0.48061796836628123,0.8075406749902014
2024.07.31,000037.SZ,1.9141021494179273,-1.0599187441063178,0.004875475854180351,-0.00871275025510301
2024.07.31,000038.SZ,-0.5468205027901407,-1.1484526787150429,-0.09508718494194336,-1.0673214441755148
2024.07.31,000039.SZ,-0.5217898565975113,-0.41978810003706063,1.1334704097719175,1.782083433127342
2024.07.31,000040.SZ,0.6381933498374431,0.31754831467633016,-0.13041142372032638,-0.8614126750065473
2024.07.31,000041.SZ,-0.23262040554665558,0.3736538912514142,1.3988468325947183,0.8635482458205316
2024.07.31,000042.SZ,0.6260949937440193,-0.04206586569494202,-0.19222295043317045,-0.6778655035593742
2024.07.31,000043.SZ,-0.9558649228416944,0.22211057660032912,1.4162571986110752,0.24472156516482974
2024.07.31,000044.SZ,0.29937578655704894,-1.403324634931737,-0.5616578927365462,-0.5373253246042546
2024.07.31,000045.SZ,0.056694866482103895,-0.960749691714907,-1.0624072921151742,-0.5179702430469684
2024.07.31,000046.SZ,0.29497800217934295,0.16077727296697583,0.3423253785430759,-0.41763124812333813
2024.07.31,000047.SZ,0.5801235177194533,-0.14658349713149035,0.13768463119215055,-0.31099042414468264
2024.07.31,000048.SZ,0.1268621128399106,-0.02203574745540999,-0.2629036373702194,-0.9755432611833365
2024.07.31,000049.SZ,-0.4043473854416627,0.6003085416074102,-0.430062406384204,-0.8114090944002997
2024.07.31,000050.SZ,-0.30490841332397334,0.24807648346286496,-0.17794232545103453,-0.37161921971667194
2024.07.31,600000.SH,-0.9138713013214773,-1.1818206804302365,0.2955665135194972,-1.2636591679126297
2024.07.31,600001.SH,0.09797493081814412,1.5943870225177228,-0.760153534763811,-0.2332574234519147
2024.07.31,600002.SH,-0.9644058749858548,-0.09822488437259518,-0.10200997501983472,0.8025288713003738
2024.07.31,600003.SH,-0.3340459049408583,-0.25968777769383783,0.12890039081318766,0.7593372976215277
2024.07.31,600004.SH,1.580476591196111,-0.40077776843682794,0.1294324063775981,0.8934384650594405
2024.07.31,600005.SH,-0.2059859891600681,1.4704635699619142,-0.9018589722678967,-0.3144556855065867
2024.07.31,600006.SH,0.47917306639060586,-0.9052698246826418,0.62227392024582,0.4734929768746173
2024.07.31,600007.SH,0.20940503813612443,0.7160943479459538,-0.49996036319615306,0.9416426729698655
2024.07.31,600008.SH,-1.17294444542322,1.7651949950544408,-0.22746267615423532,2.2462389935549902
2024.07.31,600009.SH,-0.8466308797681221,-0.09282745095596279,-2.6298457526696395,0.5319742659453459
2024.07.31,600010.SH,-1.6211946432482705,-0.8020488189572007,0.10806669176957742,1.9693191745768277
2024.07.31,600011.SH,0.18852979061223596,0.3277173504734176,-1.452328394358131,-0.024044447883170433
2024.07.31,600012.SH,-1.1083006624793448,1.711955560381633,-0.08639356487225071,1.010967815941552
2024.07.31,600013.SH,-0.6230210126891054,0.5950758131556803,-0.6650800758988348,-0.7381771405555407
2024.07.31,600014.SH,-0.1526672510353058,0.6406895579168028,0.41829887564011303,-0.47545861707555326
2024.07.31,600015.SH,-0.5407499165491495,0.3546833318850094,0.742870316817658,0.7016554262651037
2024.07.31,600016.SH,0.6360949899437269,-1.4157459259456475,-0.1635796280017133,0.6536254157870945
2024.07.31,600017.SH,0.7665282851661211,1.2952132115182418,0.016636689025128742,-0.4165825965803406
2024.07.31,600018.SH,-1.703660768682269,0.15596429875096002,0.20333332454148934,-1.0887341513706306
2024.07.31,600019.SH,0.10206447568913728,-0.3898935014807817,1.874742652716472,1.1278394551426916
2024.07.31,600020.SH,0.8386817192517004,0.2747071985414582,-0.29376301229827584,0.70597460396367
2024.07.31,600021.SH,0.23176494364133457,-1.7663659282692816,-0.4364992169068388,1.7176738613407057
2024.07.31,600022.SH,0.7166571956266248,0.850522227896109,0.9229200823014544,2.577225926788334
2024.07.31,600023.SH,1.2550342265805803,-1.1534088315915314,0.9347591515672783,0.06277167792769416
2024.07.31,600024.SH,0.979454245681515,0.04005221717974913,-0.7022383472491439,-0.7076252382030107
2024.07.31,600025.SH,0.48776409934373227,-0.7261235466181873,0.9839615737779086,1.0921219102455948
2024.07.31,600026.SH,-0.5241585617249034,0.37259944102716014,0.7649913140036878,-1.5726391672152162
2024.07.31,600027.SH,-0.33874523759130437,2.2548805182573304,-0.5151879532081876,-0.542161213135223
2024.07.31,600028.SH,0.38971380432090236,0.505219557201886,0.24457438924775146,0.10933966502443132
2024.07.31,600029.SH,-0.14816645869443465,0.3861583814663392,0.2049959691218596,-0.4679691229113022
2024.07.31,600030.SH,0.10366824698927422,-0.19068288428831032,-1.4538535918122408,1.353294463722235
2024.07.31,600031.SH,2.147469524437647,0.782601715776318,-0.3392501186562956,-0.36828862768641374
2024.07.31,600032.SH,0.24548220758320985,-1.79560156996641,0.5930464720837927,1.2811514103024988
2024.07.31,600033.SH,-1.2294128766006274,0.1681015913170987,-0.29579952847202945,1.0731005800488103
2024.07.31,600034.SH,0.9571116483036173,-0.4563098672908471,-0.17825416121512094,-0.28028249725743964
2024.07.31,600035.SH,0.019378387757283004,-1.9502881554240914,-1.3091122522004117,-0.4066213553031735
2024.07.31,600036.SH,1.4363557789491743,-1.4501575478427855,-0.7337459787658771,0.7483667686959268
2024.07.31,600037.SH,0.7274636638529843,-1.280131452644556,-1.395829473921277,-1.0525703643553757
2024.07.31,600038.SH,-1.417402121608731,0.6484104912381516,-0.07735920990243429,-1.4325324845386118
2024.07.31,600039.SH,-0.9008819639110152,0.2424310238407836,0.9498555574357237,-0.5865371733468735
2024.07.31,600040.SH,-2.9696387195924703,-1.050008454007876,0.28868602193305365,-0.27234599812205595
2024.07.31,600041.SH,0.17080129024074048,0.7146802293372237,1.5089534502330102,-0.13286458065923906
2024.07.31,600042.SH,0.03313922491471502,0.6261412596834423,-0.976819661972397,0.4296933378175245
2024.07.31,600043.SH,0.2856505878314167,0.9187117584282473,0.04767020872769029,-0.1461329030283437
2024.07.31,600044.SH,-0.746528815039214,0.3125787391630088,-2.137667797950697,-0.017721192347371066
2024.07.31,600045.SH,-1.075658262721287,2.256574092049834,1.2175353529804862,1.274937699975324
2024.07.31,600046.SH,-2.2013929957796035,-1.437502736905356,-1.5660115377765869,-0.8083202274879948
2024.07.31,600047.SH,0.3830866063445014,0.07125857889539952,0.28138053284821957,-1.0764860164041463
2024.07.31,600048.SH,-1.0909671810978654,-1.8654602397926074,0.4624370343817961,-0.9507624244182147
2024.07.31,600049.SH,1.239892015282961,0.4973138236728123,2.691807958675635,-0.06472733098338479
2024.08.01,000001.SZ,1.2755915116167593,0.6559778988735661,0.8666063173628542,-0.2185718524193867
2024.08.01,000002.SZ,-2.5862893705126297,-0.29721260793807575,-1.5179588307525056,-0.9590337638843388
2024.08.01,000003.SZ,0.18475141529960998,-0.33611747840157136,-0.7464395699765803,-1.7156415290532079
2024.08.01,000004.SZ,-0.13507317646833658,0.4585254800764719,1.1953442457628012,0.21869267209926976
2024.08.01,000005.SZ,-0.04586407460293509,0.7500457130113762,1.114537437787332,-0.7656310024120572
2024.08.01,000006.SZ,-1.6808642022109688,-0.15834558295720116,0.9204643568864479,-0.24908049417227204
2024.08.01,000007.SZ,-0.8675945650751429,0.2146033500362129,1.5766728251675304,0.8081610473654544
2024.08.01,000008.SZ,0.13324784083867505,0.07406594479304521,1.6493849507777227,0.43326495922152064
2024.08.01,000009.SZ,-0.5148879893767829,0.30228472201096057,-1.3966516706442262,-0.5903549107613814
2024.08.01,000010.SZ,-0.008434117519314836,-0.23169483496038734,1.5810786586705456,0.4054469794863458
2024.08.01,000011.SZ,-1.2203059365969298,-1.2296485030389606,-0.8263475483282149,1.6962803901353998
2024.08.01,000012.SZ,-0.2427898947138239,1.213191514099962,0.5774556164915162,-0.9380365867969547
2024.08.01,000013.SZ,-0.8757115354239712,0.3450076637103792,0.6038066936901286,-1.2703969804784652
2024.08.01,000014.SZ,0.3718642340717415,0.7554083886047017,-0.698197202399616,-0.5340400129694892
2024.08.01,000015.SZ,0.9074119480451402,0.61383854540309,-0.29325279925406605,0.08899306440556613
2024.08.01,000016.SZ,-1.1626381961506482,-0.025840095877207855,0.39236226861734924,2.0932964217314805
2024.08.01,000017.SZ,-0.28768978785513033,-0.19553312786783134,1.1694198842937524,0.4364247848704462
2024.08.01,000018.SZ,0.07832539988702214,0.35988858355222225,0.3516377182907096,-0.5651394001224315
2024.08.01,000019.SZ,0.048120258334105555,-0.38441676910233796,0.7469161608492837,0.32022403948683215
2024.08.01,000020.SZ,0.4797531177336325,-1.6103813643682396,-2.5430039053306013,0.7409249409797085
2024.08.01,000021.SZ,0.3173577284300807,0.03184994122163384,0.2955756850440078,-1.085709815800474
2024.08.01,000022.SZ,0.2581076697001838,-0.04078922518600202,-1.2065864073918848,-0.39249907105548426
2024.08.01,000023.SZ,0.2558730315322431,-0.14933638653122147,2.0940431690283776,-0.3296786321806749
2024.08.01,000024.SZ,0.16545967909021767,0.02164483806301939,-0.761382231512229,-0.39331308130962706
2024.08.01,000025.SZ,-1.5829498588278181,0.5945000085973933,0.2779919096399542,1.2009194005202577
2024.08.01,000026.SZ,1.7186109747373168,-1.7438286920663253,0.22371502846030844,0.5094387449961485
2024.08.01,000027.SZ,-2.221409243711524,0.2750548417751402,-0.1229827877773389,1.7624919974988609
2024.08.01,000028.SZ,-0.9412281909326954,1.5247662539487181,-0.0007908311076900651,2.3497183560149457
2024.08.01,000029.SZ,1.4860535709832585,-1.5355710244634913,2.778758254754169,2.1981118290417236
2024.08.01,000030.SZ,-1.1083398190993243,0.2771530591388886,-0.04576836726707818,-0.49117690557258853
2024.08.01,000031.SZ,-0.2001486066528712,0.6899506751820252,1.642820170759605,-1.3966523535753395
2024.08.01,000032.SZ,-0.08661774422328081,1.1355332863435414,-0.8023520983794159,0.9010988609519665
2024.08.01,000033.SZ,1.4389136823598643,-0.5943991254587612,-1.9383917632772667,-0.3930672696154774
2024.08.01,000034.SZ,-0.12311590894497,0.045213326370803636,0.2338893882322841,-0.9085176759152899
2024.08.01,000035.SZ,-0.5701853571395885,-0.5285510924858213,-0.21575137292997537,0.7104427836016455
2024.08.01,000036.SZ,-2.716703762957176,-0.9244442170340302,0.13952784225451437,-2.0418322832259683
2024.08.01,000037.SZ,1.196664687004037,-0.27151967754087264,1.5891448556654002,-0.4135031135952806
2024.08.01,000038.SZ,-1.5555504175189514,-1.0144684737605316,-1.146947619529219,1.472253106873041
2024.08.01,000039.SZ,-0.6207039840778733,-0.8408859325872773,0.19319150261582657,3.5453707236178893
2024.08.01,000040.SZ,2.231061304157318,-1.5239467204436248,1.6129589377269757,0.7627054782502029
2024.08.01,000041.SZ,-0.7953443650636636,0.1809104436923355,0.2540712894833826,-0.686754576127215
2024.08.01,000042.SZ,1.466458280977937,0.32414977393265143,0.056972401947651914,1.1660847283935356
2024.08.01,000043.SZ,-0.8811924756873558,1.197072570658849,-0.8228971232337449,0.537006286260788
2024.08.01,000044.SZ,-1.8499053493847213,-1.6395087824649646,0.7414554577858274,0.5816852826316754
2024.08.01,000045.SZ,0.25718419065747844,-0.710604638616178,0.009901766323540262,2.156157222542043
2024.08.01,000046.SZ,0.17112653111846746,0.2859092905403838,-1.2047708760086258,1.197999368293245
2024.08.01,000047.SZ,-0.74871205432156,-0.9121792983170258,4.666389819343493,-1.7778987934061332
2024.08.01,000048.SZ,-1.4560751233267617,2.183304732808873,-1.0002759651645525,-0.029260531471876097
2024.08.01,000049.SZ,-0.1897004973142254,-0.06841769783408137,-0.3314102382664352,0.42805189409396854
2024.08.01,000050.SZ,-0.5214315835780792,-1.0828183091156858,-1.477429812447902,0.20893047330295156
2024.08.01,600000.SH,-0.46647716241347376,-0.32137555285436337,0.697867965944197,0.7692987980069704
2024.08.01,600001.SH,-0.44711187182739803,0.7745430308584047,0.6956458134013622,1.9284334802974537
2024.08.01,600002.SH,1.6613907592622754,-0.8087218101277353,-2.3219048674105927,-0.07447330156104366
2024.08.01,600003.SH,0.21159833505802628,0.7513566031937372,-0.25912092558841354,-0.7294895256799673
2024.08.01,600004.SH,-0.09182575198400224,0.6260113871597871,-1.4687777573284704,0.9695181331082001
2024.08.01,600005.SH,1.604568251534096,-0.5211507574464375,-0.3495047721974381,0.29785300889383126
2024.08.01,600006.SH,-2.5958980866155983,-0.9211469254875821,-0.5182317693201908,-1.1885663893353466
2024.08.01,600007.SH,0.9450210269076879,-0.7654395542184624,0.6165258179752291,0.4971919882025842
2024.08.01,600008.SH,-0.015302352869423358,-0.4246149575941581,0.06880563092353831,-1.1258518158077992
2024.08.01,600009.SH,-2.2720555112703766,1.3456666553215793,-0.49555932407335734,1.7515369255404425
2024.08.01,600010.SH,0.24252257623420723,1.0447495613883744,3.100757540109701,1.3572406566138795
2024.08.01,600011.SH,-0.03791678303771289,0.08157316766525632,1.5328049276954419,0.0595605290254388
2024.08.01,600012.SH,-0.8568247014435129,-0.9713648632973874,-0.06394548240300524,-0.29428820015281626
2024.08.01,600013.SH,1.090620835720666,0.07730815564652475,2.490886111610339,-0.18031295485086388
2024.08.01,600014.SH,1.1347584425775594,-0.7543263268656591,-1.3595116450666376,0.157051209618732
2024.08.01,600015.SH,-1.3830869440535765,-2.0809232597484413,1.366619397710837,3.6600601188489392
2024.08.01,600016.SH,0.5997717860253555,0.49470198573494356,1.1602680962740963,0.48659956801703713
2024.08.01,600017.SH,-1.7047204655445043,-1.1426635231176958,0.18222408217790498,-1.9540542997775041
2024.08.01,600018.SH,-0.5064549759135273,0.4151178932348255,0.1912122212955031,0.8961456901482673
2024.08.01,600019.SH,-1.759526174501139,0.7688453639118011,-0.5195196934516776,-0.4143577477475191
2024.08.01,600020.SH,-2.60394546073883,0.08511598978807995,-1.2788954673116246,0.6891304492898982
2024.08.01,600021.SH,-0.9734226524282269,-0.9811689722754061,-0.850854314458329,-0.015169887028331787
2024.08.01,600022.SH,-1.2581088293564051,-0.9386875893490566,1.872441011290713,-1.1764972966315035
2024.08.01,600023.SH,-1.1780638221728568,0.959645572868912,0.2649474073244775,0.38994412240162524
2024.08.01,600024.SH,1.427425056628909,-0.5227308454595553,0.1636844337377691,1.370053612816478
2024.08.01,600025.SH,0.3609431015921796,4.539296378324579,-0.8842901056544044,0.8584568914039845
2024.08.01,600026.SH,1.3145754785733845,0.690889832161844,0.027435174905136785,-0.9037028473174585
2024.08.01,600027.SH,-2.182287610500763,1.0594832418429856,-1.3401049562461058,2.8158572368781947
2024.08.01,600028.SH,-0.11097603183541446,-0.7672953532032976,-0.9386509498804105,-0.4426159200210001
2024.08.01,600029.SH,-0.31005971849309366,2.7050684501663813,-0.9159376923470142,0.7171623366568225
2024.08.01,600030.SH,-0.23117460869826678,-0.5758095820574555,-0.9103199972490782,-0.6906709702726713
2024.08.01,600031.SH,-2.5351237033576988,1.4150330205334751,-0.09550471155860492,0.4435191822441978
2024.08.01,600032.SH,0.21403023673173757,-0.221581694025197,-0.6636062373855733,0.05185316115322912
2024.08.01,600033.SH,-1.6980734496866945,-0.7246874535928193,1.2036919872851053,-1.126361839505727
2024.08.01,600034.SH,0.3207076992386264,-1.2402423790432089,-1.8736642907233858,1.5093885812313628
2024.08.01,600035.SH,-0.4956177407555343,-0.9538900593011401,1.2380690735484263,-0.8095022626779104
2024.08.01,600036.SH,0.25074964464058935,-1.4186723942800508,-0.1467148885299417,0.12020190731851407
2024.08.01,600037.SH,0.411212641423067,0.42127744690600594,-0.26770405389854324,0.5149183709125208
2024.08.01,600038.SH,-1.4472275051120291,-0.9366986097917157,0.4813044207027138,-1.0807523595399433
2024.08.01,600039.SH,-1.0327134247248337,-0.23990207007787226,0.2897325828694982,-0.3547483237864086
2024.08.01,600040.SH,0.06291705572127405,1.4652815504994554,-0.742516966669988,1.1360016613430357
2024.08.01,600041.SH,-1.0885030459705924,-1.5060363544542437,-0.6337150146135264,4.084453726973825
2024.08.01,600042.SH,0.5239725920581971,2.4410720092417892,-0.46715843016603104,1.3197770026036724
2024.08.01,600043.SH,-0.5619455539170344,-0.4207255866969543,0.4800264150541262,1.4353743936419305
2024.08.01,600044.SH,-0.9576000447236754,-0.9810248205334863,0.45488374999335873,-0.10965459522667975
2024.08.01,600045.SH,0.47233374854549215,-0.7375891470787972,-1.3384146686076803,-0.6391512088942645
2024.08.01,600046.SH,-0.1476660129664026,-0.6542970334548087,-0.32919600028651963,0.5519736132333244
2024.08.01,600047.SH,0.19976095538642463,0.09980778130455993,-0.5868363961255775,-0.3401028340265132
2024.08.01,600048.SH,-1.0929275034826702,0.04658902179545415,-1.2417252418557783,1.1669823207578824
2024.08.01,600049.SH,-0.7436448592399048,1.4019505797991951,-0.275717386050331,-0.47735515709380794
2024.08.02,000001.SZ,0.39786363043063,1.7229753430850598,1.362858050561647,-0.05992320868706813
2024.08.02,000002.SZ,-0.25135553199076677,0.352208248613705,-0.052357011367455616,1.3577597248629931
2024.08.02,000003.SZ,0.314228785202817,0.4305784317912044,-0.04751696094464948,-0.011415109440558385
2024.08.02,000004.SZ,-0.04684898924021724,-1.0695386673113505,-0.5552874484760791,-1.107302571663354
2024.08.02,000005.SZ,0.5116065367424085,0.32697668560974996,-0.1640380063057499,0.08684519304377897
2024.08.02,000006.SZ,-0.5992039212651994,-1.007513116750588,-0.15176439273945155,-1.4240697859877722
2024.08.02,000007.SZ,0.3028695185646686,0.5219993142542936,0.09532971094760709,-0.9714549364381199
2024.08.02,000008.SZ,-0.7940082982522462,0.029771519081852844,0.6388143966862915,-0.10254402440384164
2024.08.02,000009.SZ,1.463696072502705,-1.3213934452283533,0.19567725190223137,1.2505037167046
2024.08.02,000010.SZ,0.9552662447117014,0.2170528025770549,0.16137306442871036,-0.7385461142566182
2024.08.02,000011.SZ,0.31949112446830763,0.14512263102847883,0.8585274216614341,-1.0688013133118728
2024.08.02,000012.SZ,-0.7458994514613682,0.4585868770550252,0.7867568928960208,0.14694803612747623
2024.08.02,000013.SZ,-0.36616409574306524,1.286602453057551,0.6454449304415889,-0.21559169177569323
2024.08.02,000014.SZ,-0.10800869431127076,0.8508027022038652,0.20347028067428166,0.2349968643287789
2024.08.02,000015.SZ,0.16848626215328671,-0.13797666310123818,-0.3297320988758598,-1.4528953940994007
2024.08.02,000016.SZ,0.9621782459430551,0.48139894758565155,-0.8175384418580325,-0.09706441644098483
2024.08.02,000017.SZ,-0.7219882259730641,1.9672058986309182,-0.09467265304657585,-0.5045664455000993
2024.08.02,000018.SZ,1.701110003696415,0.2024517752060973,1.260844194586683,-0.16138109603386636
2024.08.02,000019.SZ,-2.1873665123460038,1.1880447353615253,-1.3988517234514255,0.413056388154165
2024.08.02,000020.SZ,-0.1682565312070197,0.6700861609918539,-1.69288475555915,1.155573934890326
2024.08.02,000021.SZ,-0.7742194393567196,1.904071048091374,-0.2740303606563341,-0.3950728908887748
2024.08.02,000022.SZ,0.48570691971987673,0.09189838862452171,0.30729268013375416,-0.2748465736357177
2024.08.02,000023.SZ,-1.1886706894679029,-0.016503030568585767,-1.1163341876005703,-1.3011232197928086
2024.08.02,000024.SZ,1.2411283392114922,-2.3882533110293935,-2.191057615656817,0.823148081710607
2024.08.02,000025.SZ,0.6151516591615972,-0.10168204732100351,-1.1145780411502308,-0.32768553652265753
2024.08.02,000026.SZ,-0.09297393332362769,-0.19203679223671158,0.6991716608849059,2.1620818351235376
2024.08.02,000027.SZ,0.4454510357494653,0.2370250197412533,0.5441271434642715,0.2195832466980549
2024.08.02,000028.SZ,0.3057644894497134,0.7501939195954662,-0.341592923806173,-0.7125029981281138
2024.08.02,000029.SZ,-0.22322428786848703,0.49586426256660854,-1.003146498032642,0.16875032069088677
2024.08.02,000030.SZ,-0.4881155315651211,0.17549634052499152,0.8624722284244272,0.766213210969137
2024.08.02,000031.SZ,1.0776269540289842,-1.9442447061535268,1.354388696920753,2.2486769927318457
2024.08.02,000032.SZ,-0.7840296430661743,0.3932863945429622,0.05258457156347168,-2.0736500449327395
2024.08.02,000033.SZ,0.2688349566294705,0.6256699091091824,0.2950121212464329,-0.5803732226597583
2024.08.02,000034.SZ,0.5213792805482165,0.8124724727756322,0.817003914008889,-0.7086875435114685
2024.08.02,000035.SZ,0.5503231596295128,0.46802769330572197,1.7490033002338992,-0.9627103886138317
2024.08.02,000036.SZ,-1.3408201042513543,-1.3087329569354456,-0.03456047625624655,1.5128269921464501
2024.08.02,000037.SZ,-0.23756142484413856,-0.08145352240261078,-1.1350379325421371,-0.39697080234916643
2024.08.02,000038.SZ,0.42356894163677394,0.2301088947141817,1.2390323466340456,-0.2786039818941271
2024.08.02,000039.SZ,0.5501045662801066,-0.8555401864564353,-1.3305450507225605,-0.8282218964152084
2024.08.02,000040.SZ,-2.960979480155707,-1.6480283084301188,1.684175609769275,-1.534859683557075
2024.08.02,000041.SZ,0.15996056374062773,-0.9502970843591675,0.4145497908047049,-0.24672049570897348
2024.08.02,000042.SZ,-0.25086594898845677,-0.29402449577041173,-0.2636163952528989,-0.5333050994332108
2024.08.02,000043.SZ,0.2020919781498233,0.748965535566396,2.920725088882813,-1.2917854724072066
2024.08.02,000044.SZ,-1.7285943613877766,-0.4295584553117851,-0.7520072059982583,1.6690468321202572
2024.08.02,000045.SZ,-1.126832462392354,2.718337168841278,-0.13846007744983546,-2.2845409969600423
2024.08.02,000046.SZ,-1.649830520803404,-0.20173881579491057,0.40974495243295217,-1.3816416372386013
2024.08.02,000047.SZ,1.9897405159670831,-1.4212964602606213,-1.4002617123264025,-0.5437853853862425
2024.08.02,000048.SZ,0.8458501270134708,0.540283516640633,0.9199164004514141,-0.11791151339731269
2024.08.02,000049.SZ,0.9331164611280962,-0.4022674750215431,0.09919065719730347,-0.4808453151953225
2024.08.02,000050.SZ,0.9004811844401586,0.09723136445580534,1.4904050068784358,0.8959029571139755
2024.08.02,600000.SH,-1.4841942212698414,-0.9840901977426529,1.1262466606446124,-0.2235139376463431
2024.08.02,600001.SH,0.8658723417252274,1.1747580374835593,0.07559895278359646,0.38367773674740857
2024.08.02,600002.SH,-0.7577547570768701,-0.08822709788580836,1.2843877191873656,-1.7082534461815444
2024.08.02,600003.SH,0.3437428235547015,-0.18388955298468745,0.6654617177714396,-0.19846495089889643
2024.08.02,600004.SH,0.1331210621806531,-2.063054068136353,-2.188124138148542,-0.3501833731408417
2024.08.02,600005.SH,2.1463797156878313,0.1994932833003513,-0.3822203981343859,-0.17451852136991297
2024.08.02,600006.SH,1.4857597363673487,0.19732812103636901,-0.2046992088285451,-0.073077497449506
2024.08.02,600007.SH,0.37399672661400096,-2.7175408914413715,-0.5975385259559951,-0.2830984549803151
2024.08.02,600008.SH,0.7117254881764383,-1.306689856204546,-0.5156405796254032,-0.7020792674457448
2024.08.02,600009.SH,0.3074538590984475,-0.6800545990842182,-0.8948828747485631,0.3481303691841196
2024.08.02,600010.SH,1.2786126690162622,0.0686028022199737,1.898043104316733,-0.1418213633457738
2024.08.02,600011.SH,0.5262526304480455,1.049978997835674,0.34606430877589933,0.04696945980332515
2024.08.02,600012.SH,1.8554473216785548,-0.2551401795081983,0.5382631974736072,-0.5487730890293441
2024.08.02,600013.SH,-0.7566533960538239,-0.20520906679738304,-0.7241985667846825,-0.15449302039072194
2024.08.02,600014.SH,-0.3081476814271418,1.0712650058327993,1.1359552571986036,2.334092415249373
2024.08.02,600015.SH,0.4836926816528741,-0.4239175955287923,2.02687175747871,0.015538472122541764
2024.08.02,600016.SH,-1.8398450244077433,-0.725846855780445,-0.8945831400243294,-0.22470760234919876
2024.08.02,600017.SH,0.6508236626693499,0.4053008659495378,-0.6286251758377589,-0.35571846383612366
2024.08.02,600018.SH,0.0875241427256707,0.20869760056353084,2.4263312702423017,-0.1281323960300658
2024.08.02,600019.SH,-0.5851566480222423,0.2992386129194861,0.40776274502909515,-0.1582746447107401
2024.08.02,600020.SH,-1.6269214157471834,-1.006396756760899,1.689780956271952,-2.409063578965797
2024.08.02,600021.SH,-0.2955629604609529,0.2312331000157718,0.9215183886976868,-1.8101218239219061
2024.08.02,600022.SH,1.070643194825967,0.5025654050018559,0.6780810994163431,-0.6588514950597775
2024.08.02,600023.SH,-0.6377395940759123,-1.2125806480208632,-1.644339906381797,2.534929026224927
2024.08.02,600024.SH,0.7576552488420076,0.32827109994339615,0.26276063725577636,-1.0889242493885072
2024.08.02,600025.SH,0.382202958224985,0.16569247157022593,-0.10966840130531318,0.7764971464876372
2024.08.02,600026.SH,-0.5484396841226593,-0.5842735140373189,1.0877563683224414,1.2640117779675313
2024.08.02,600027.SH,0.7097910788845048,-1.3425711079423694,-0.1408379206865665,1.2781033755892532
2024.08.02,600028.SH,0.49245935527924245,0.017019737488660966,-0.9993072271314113,0.38724964309211724
2024.08.02,600029.SH,0.9840851321424737,0.37651736984313927,0.6547702819683954,0.30447440455892455
2024.08.02,600030.SH,3.9348183137789197,-0.5671857762116846,1.617518382552399,1.9123922914790874
2024.08.02,600031.SH,-0.6327412474963,-0.2876879535355124,0.6103555096735009,-0.0366861278776258
2024.08.02,600032.SH,-0.19130106384716752,1.3063893548122778,-0.42519984979112596,0.4413944774231204
2024.08.02,600033.SH,0.046932867130856044,0.030594365012223443,0.055603609621413835,0.6613362724778159
2024.08.02,600034.SH,0.48787058198969774,0.5922381646632624,0.8683443279675194,-1.0230865711650137
2024.08.02,600035.SH,0.20135230989246758,0.7600218528586914,0.5554940426775722,0.9423742352942289
2024.08.02,600036.SH,-0.7324417372376176,1.4580374138908456,1.2254291065371548,1.5925179480122946
2024.08.02,600037.SH,0.05211751036007974,0.15300090502918712,1.1973871548451296,-0.36847528913266153
2024.08.02,600038.SH,-0.8158690508753917,-0.02713665236183996,0.6495393291701843,0.8048062796127674
2024.08.02,600039.SH,-2.1935940584513456,-2.0342300079580786,-0.6193049882023065,-1.4739610459264725
2024.08.02,600040.SH,-0.8915757790957731,-1.4511043128679935,-0.8265689268681855,1.747848135454687
2024.08.02,600041.SH,-0.7687715405880121,0.8201357231992424,0.6383795668468079,-0.007226106643540863
2024.08.02,600042.SH,-0.5286254785337782,-0.3297668389520064,0.22494401174451467,0.6086523471949246
2024.08.02,600043.SH,0.3940681103593049,-0.8025969458857025,-0.6453867101672538,-0.456695066825579
2024.08.02,600044.SH,0.9183529098405199,-0.8800077498765587,-1.8406070099591016,-0.9496944337563475
2024.08.02,600045.SH,-0.22049052042019887,3.5679558143053463,-0.9981095790331435,0.7420969488233928
2024.08.02,600046.SH,-0.12149586877343747,-0.6849423694397027,0.8463319700150682,-0.9256967086753934
2024.08.02,600047.SH,-0.6623753409353412,-1.2704308365134782,0.5648325017957251,1.084043036576517
2024.08.02,600048.SH,0.5275800738874635,-0.823204880045368,-0.960384133928987,0.1263177207168036
2024.08.02,600049.SH,0.8835664573621537,0.17862475624162072,-0.5450627779650455,-0.6100602212505725
2024.08.05,000001.SZ,0.7266051142697789,1.5195075948512562,1.2180584755924109,0.5913054951698063
2024.08.05,000002.SZ,-0.6557120696501332,-1.6688530992250312,0.3914474489068685,0.3274215572800539
2024.08.05,000003.SZ,0.06433570182151507,0.9269546097048911,0.18985301494519344,1.019968954581277
2024.08.05,000004.SZ,-0.10050765610439855,-0.613594537065946,0.757180072709942,4.2155822432623316
2024.08.05,000005.SZ,-0.18794005356065116,1.291381504303063,-0.3285906726879331,-0.8752408007768783
2024.08.05,000006.SZ,0.18923594256203563,0.39724939835537065,1.6465726403107621,-0.9184535663358819
2024.08.05,000007.SZ,0.7868706640594433,-1.7617448365943091,-0.5148134967693021,0.2875931085668653
2024.08.05,000008.SZ,-0.3399949582851785,1.19614085844466,-0.2642012065101008,0.5792541387079595
2024.08.05,000009.SZ,2.396536248319958,0.8657943216504898,2.7475462122840315,1.3026793828776522
2024.08.05,000010.SZ,0.046212763231819005,-0.26085716856597974,-0.37488029649137505,0.8194236706278292
2024.08.05,000011.SZ,-0.523558303328241,2.258169418014577,-0.6449511521583879,-1.0651995162145904
2024.08.05,000012.SZ,1.9634916883972182,-0.17790423578955453,0.6497825985413171,0.914390448994297
2024.08.05,000013.SZ,0.8518765216593607,1.8587337469079561,0.16800878437285,-1.0844401027214852
2024.08.05,000014.SZ,3.397740942737644,-0.8981129365282776,0.6231279091291329,1.5400860580347626
2024.08.05,000015.SZ,-0.4496067392598778,-0.9529651395844277,-1.4255861023756438,-0.5813917538383736
2024.08.05,000016.SZ,0.28115487288164265,-0.2594445296584974,0.31939735170667316,1.1007822606384823
2024.08.05,000017.SZ,-0.8061140242389794,1.1960060025114443,-0.057605387041864,-0.10859959288897829
2024.08.05,000018.SZ,0.5758713427565496,-0.9689868535544532,-0.9374506553253908,-1.1425260112066604
2024.08.05,000019.SZ,1.1744604229357514,0.3026100573200453,-0.043389774426071726,-0.30876757043114206
2024.08.05,000020.SZ,0.1726233038365217,-0.2068635462445713,3.0681127022281003,-0.5789297991230903
2024.08.05,000021.SZ,0.02315563300795476,1.9469841855193415,-1.1854189199387908,-1.0485249250374185
2024.08.05,000022.SZ,-0.5735099319393433,-0.8859057645922379,0.11348400172827526,1.1794947931597428
2024.08.05,000023.SZ,0.6474128487700329,0.45324050100679186,-0.21722730665837228,-0.4995707642237904
2024.08.05,000024.SZ,0.49237496714048073,0.053726775541406986,1.4462559057650082,0.3552984303292463
2024.08.05,000025.SZ,0.1075324265003306,-0.16784053778629207,0.046454810581048334,0.2990295695420773
2024.08.05,000026.SZ,-0.21538675173344682,0.451838155899225,0.23796692337189831,-0.7313429756616925
2024.08.05,000027.SZ,-0.19981211366843588,0.6703247467687712,1.1227001318800403,0.22362618526856748
2024.08.05,000028.SZ,-0.48451821713976057,-0.2091284300658794,3.290356044044951,-0.49086579456610613
2024.08.05,000029.SZ,-0.014084784299999693,-0.8157922519512761,0.4577608098526299,0.5173061422629872
2024.08.05,000030.SZ,-1.5676901760309119,-0.18568896802695584,1.744071729534141,0.5007684377865449
2024.08.05,000031.SZ,-0.6153202216802298,0.304476862753949,-3.173321794229516,0.08854464872804707
2024.08.05,000032.SZ,1.35747306439257,0.3180791614508206,0.1333568856609516,-1.2452051824996992
2024.08.05,000033.SZ,-0.039174517521882064,-0.5955248765681037,0.09073644372179727,-1.2715532799337066
2024.08.05,000034.SZ,-0.34476405315527736,-0.005949638793929062,-0.03871373819067423,-0.4934698747569902
2024.08.05,000035.SZ,0.9969763361350239,-1.4306120400504603,0.5495920029726193,0.6313115931694712
2024.08.05,000036.SZ,0.5776397237464426,-1.216924200165462,-0.7301675851449348,1.169135999620138
2024.08.05,000037.SZ,-0.1918075847926704,0.9816712843178872,-0.7592240740318857,-0.6279174893930247
2024.08.05,000038.SZ,-0.33572847956315316,0.45620093793655886,-0.587757539157364,0.31123516532124884
2024.08.05,000039.SZ,-0.1937609895481175,0.0680317805000571,-0.9652832449587616,-1.2011112184500006
2024.08.05,000040.SZ,0.08794790293971798,-0.769843756719903,-0.049076822817935586,-0.03637060019726865
2024.08.05,000041.SZ,-0.28735814737962406,-0.021755252598834277,-0.04223648148045272,-0.7252439631327957
2024.08.05,000042.SZ,-1.081359763086382,-0.278004977419623,0.22619275347894105,0.6129505868839141
2024.08.05,000043.SZ,0.07077656901046,0.8718752716975691,-0.03940792481212398,0.5287325226082412
2024.08.05,000044.SZ,0.5171146980827784,-0.6309577351679572,-0.38677300760902544,-0.8222174732594097
2024.08.05,000045.SZ,-0.4097949908923638,-0.2758005936732701,0.08227559136556792,-0.9898195246575333
2024.08.05,000046.SZ,0.9122755732530213,-0.7311273880928075,1.2874532420829232,-0.5914475872266685
2024.08.05,000047.SZ,1.3310688571584477,0.6161184613354922,-0.5769001378412874,0.15394669656406315
2024.08.05,000048.SZ,-0.6735870626738854,0.7175248573209339,0.18792529018632464,0.13200090511329327
2024.08.05,000049.SZ,0.8635368601730652,0.17422157958215478,0.49052523059097397,-1.04547789591953
2024.08.05,000050.SZ,1.178200334296323,-1.9221774331018688,-1.9463590311301069,0.03323575822938765
2024.08.05,600000.SH,0.9259955519957175,1.9506372694096035,-0.927546589891312,-0.3608928161349906
2024.08.05,600001.SH,1.0225432977441475,1.3479027739350613,0.5323619929950667,-0.6163675187043033
2024.08.05,600002.SH,-1.0878980613276181,-0.36398353778598647,0.49886214576318094,-0.8909380735573051
2024.08.05,600003.SH,0.7951582480975312,0.10795333282701079,-0.3045005395049866,0.3549482132543525
2024.08.05,600004.SH,-0.5141101556631743,0.31002258573515645,-0.018923015519734458,-1.1166677197789965
2024.08.05,600005.SH,0.8026804175582284,-0.4925607775206194,0.28522336802430154,-0.46705855957165165
2024.08.05,600006.SH,-1.1062896304005063,1.0429356663005447,-0.44884821198746633,0.19648288508158804
2024.08.05,600007.SH,-1.7281026866159308,-0.3921902514424136,-0.20690817583736593,0.9643653064633224
2024.08.05,600008.SH,1.3142093139761637,-0.19728108735322303,0.024755236776578964,0.13981797819607764
2024.08.05,600009.SH,-0.1211715365048146,-1.2083695638676113,-0.4946756019254885,-0.33927861560328965
2024.08.05,600010.SH,1.9639285388608878,0.3531233366840544,-0.4726653406790542,-0.059355820879706866
2024.08.05,600011.SH,-0.15825266964161228,0.6947995983020832,0.3008090977147346,0.2791634734607605
2024.08.05,600012.SH,0.20083614967787863,-0.5989243095629375,1.1422331893871702,1.3265381331867228
2024.08.05,600013.SH,-0.07645004206256822,1.2664871283071486,1.6335486824027468,-0.8394539379519671
2024.08.05,600014.SH,0.17691900406857108,0.7237772852110435,0.1294582883313419,0.7425389507981325
2024.08.05,600015.SH,0.358999403102171,-0.11962587103192213,-0.685671051725285,-0.5914983052205371
2024.08.05,600016.SH,0.2574519432897939,0.7537606443904519,-1.431717861759647,0.20130114639143018
2024.08.05,600017.SH,1.1859748742607052,-0.06238827055194781,-0.086718146786545,-0.3398430548335186
2024.08.05,600018.SH,0.35580553732629533,-0.01842605401564254,0.055138167947195074,1.582641071408933
2024.08.05,600019.SH,0.22969350177869083,0.657320118290633,-0.29474085111111903,0.21173849551712523
2024.08.05,600020.SH,0.7595150510207881,-0.7355011679238211,-0.3696502966881447,-0.46965335678624975
2024.08.05,600021.SH,1.2559242959376906,-0.5623206987659993,-0.03982856136208608,0.05638214636847106
2024.08.05,600022.SH,0.14585316967213474,1.2580648232692593,-0.756935821631564,0.8553142145694468
2024.08.05,600023.SH,-0.2001786337655955,0.33341625242957673,1.8697218482683724,0.8164607448227728
2024.08.05,600024.SH,-1.3053886976380447,2.026623829424407,-0.6093367221322338,2.4256010628590152
2024.08.05,600025.SH,-0.45073983991165,-2.1710227608315065,-0.3227819698533238,1.102940908364535
2024.08.05,600026.SH,0.7945823235032735,-0.02765765101680006,-0.7635649109946192,1.073289940454121
2024.08.05,600027.SH,0.5607905924533999,0.24922555532948637,0.8158776299145096,-0.16093328749712288
2024.08.05,600028.SH,0.29097361357588825,-1.121034699583786,-0.26950206518879133,-0.8359884831191733
2024.08.05,600029.SH,2.0136909796237186,-0.2093368228283788,0.15217162133453563,-0.6431554977442152
2024.08.05,600030.SH,0.20044755218694674,-1.2841791313231758,0.5018357640758732,0.2209529796192472
2024.08.05,600031.SH,0.018340614900955458,0.4755575957303577,-0.29042386112852875,-0.3432739848531525
2024.08.05,600032.SH,-0.2913238310900592,0.30622911744777254,-0.38815818383281114,-0.3044304689086036
2024.08.05,600033.SH,-2.7989551795586514,-1.7187881755282852,-1.6239516786752233,0.8143463747349413
2024.08.05,600034.SH,-0.4529205335987374,1.574133107345961,-0.07552349047130524,0.11544029676198539
2024.08.05,600035.SH,-1.1307743662485068,-0.3133755018168891,1.8358235128396754,-2.3240060081590848
2024.08.05,600036.SH,1.5932344925799033,0.3820560134744121,0.014299832478754708,-0.41913112783959794
2024.08.05,600037.SH,0.4728614379696008,-0.25049594072822085,-0.18362469247645571,0.9654117513439532
2024.08.05,600038.SH,1.0799905353087935,-1.9271518302894228,-2.6580678152077883,-0.8294876410580302
2024.08.05,600039.SH,0.8081672025659391,0.7884995459563925,1.9907581575561308,-0.6928293997095804
2024.08.05,600040.SH,0.5017945245721336,-0.513896627121567,-0.37639277212206557,0.12978171377942285
2024.08.05,600041.SH,0.6663752517727027,0.2560392236940959,0.099994318691094,0.49810973861736974
2024.08.05,600042.SH,0.42885626623422335,0.6703440664079104,-0.4996417538492297,-0.6422535752722954
2024.08.05,600043.SH,-0.6266908306910611,-0.31324580180635436,0.9760109122480504,-1.9013136889016542
2024.08.05,600044.SH,0.3223583523764474,-0.5463337676014273,1.0398689678970519,-0.1988321045980272
2024.08.05,600045.SH,0.7909360351812277,0.716741550137001,-1.1881605433205906,-0.8400697751291092
2024.08.05,600046.SH,-1.7484982272801695,-0.9789432467547595,-0.10455372215853043,-0.05062320316131265
2024.08.05,600047.SH,1.8507340340234586,-0.3256627873263617,0.019724861288420385,0.25958280860671623
2024.08.05,600048.SH,-0.06925752693052682,-0.1210452846381653,-0.7942799992938268,-0.2763916393082488
2024.08.05,600049.SH,0.3036765349005968,0.7044207805131305,0.9936171168721941,0.7332060832707786
2024.08.06,000001.SZ,-0.136233142284892,-0.316328583308485,-3.2949614570926267,0.6282228133815648
2024.08.06,000002.SZ,-0.4254068047232288,-1.5025861906837672,-0.6667826486917913,0.5417909077886086
2024.08.06,000003.SZ,-1.756162161867333,-0.37536543455685084,-1.434069280744413,2.2721342322603477
2024.08.06,000004.SZ,0.007248784602781127,-0.13760659026799282,0.030709027600457683,-0.028176296224307226
2024.08.06,000005.SZ,0.24632083475591676,1.6413531623691577,-1.5401220404585838,-0.9688375437316636
2024.08.06,000006.SZ,1.3510386385003803,-0.5454421844892635,-0.8059185705746676,0.8029593564732985
2024.08.06,000007.SZ,0.417024845717667,-1.0061971291463567,-2.6943961932460923,0.46821468454635784
2024.08.06,000008.SZ,0.6436230267294011,1.2755285790032,-0.35139768046834685,-0.6309558115640254
2024.08.06,000009.SZ,0.45550803596115985,0.12621478538024183,0.565448848044103,-0.07922948955508294
2024.08.06,000010.SZ,-0.2553041384752928,-0.583303599385866,-0.721739222026098,-1.6049729579604641
2024.08.06,000011.SZ,1.5177949840103524,0.3788572402815686,0.027194961171755922,-0.7954912409128444
2024.08.06,000012.SZ,1.3680138265510424,-0.8736322733308726,-0.0339703129918663,0.8293255490222577
2024.08.06,000013.SZ,1.5992053635017387,-1.1232714112885023,0.23800998945311372,-0.3077392240404879
2024.08.06,000014.SZ,0.24115715190705483,0.44557323002210153,-0.22030643980821915,-0.7675061892191268
2024.08.06,000015.SZ,-0.6604825262975074,0.3421005621223057,1.4756829473486193,1.7758150491230338
2024.08.06,000016.SZ,0.8766904599053494,-0.7488964929209829,-0.028185695803746264,-0.5477077467461795
2024.08.06,000017.SZ,0.6921461139600441,-0.11239280959326835,1.1071192536629988,-0.2688803405458875
2024.08.06,000018.SZ,-0.6114272663802433,-1.7483162609712555,-3.4949897188180663,-1.1963236849408072
2024.08.06,000019.SZ,-0.5440103291091061,-0.6261062077903625,-0.33876504548165065,-0.56119942167211
2024.08.06,000020.SZ,0.5148231588799026,0.15310990634810387,0.07636685067700669,-0.9507914434170931
2024.08.06,000021.SZ,0.45345479391115245,-0.3294461500329043,-0.026222947909276977,-0.16545768871826114
2024.08.06,000022.SZ,-0.559143796729872,-0.4545255089970752,-0.2319226098296375,-0.6927070313691287
2024.08.06,000023.SZ,0.6022036307833732,-0.27443165881083664,1.0494520590508913,-0.32227896752203355
2024.08.06,000024.SZ,0.6499281016271642,-0.29161647800608836,-0.015962691453431883,-0.22388970693639276
2024.08.06,000025.SZ,0.3830959532818087,-0.184818175318834,0.07234274354840639,-0.9267960594173896
2024.08.06,000026.SZ,-0.77911855525477,0.19379538584805933,0.25730328891943,0.7247827737250546
2024.08.06,000027.SZ,0.9978522320054237,1.4179134334801107,1.7175974830302942,0.502673053663843
2024.08.06,000028.SZ,0.039673238546940555,-0.38966449826794747,-1.1191593716698853,1.6089549652334707
2024.08.06,000029.SZ,-0.36042237609628064,0.9950782994448207,-1.957558097694175,-0.29396866078780387
2024.08.06,000030.SZ,-3.762603000587941,3.1835644001657784,-1.8793132697647097,4.587264820216971
2024.08.06,000031.SZ,0.04536000679164196,0.0636990049045961,-0.1471910727715367,0.17249566601913516
2024.08.06,000032.SZ,0.1875894776851467,0.34990493852808396,-0.00717165284739172,-0.8105112266984756
2024.08.06,000033.SZ,1.1752007252643515,-0.8156253749462603,0.11256408579596076,0.38636111301067494
2024.08.06,000034.SZ,-1.8251425757129023,1.7310043523493177,-0.7002022149249865,3.718278453030867
2024.08.06,000035.SZ,0.009670512318002278,1.161911090393037,0.2544715898174317,-0.6667990064912399
2024.08.06,000036.SZ,-1.43542892400166,0.6957411370289905,2.34009000331193,0.02656607634473841
2024.08.06,000037.SZ,-0.878659355834214,-0.09629273218222668,-0.3821348430103397,1.1863409805718776
2024.08.06,000038.SZ,-0.22929629642211896,-0.9017416340310558,1.3827766000138064,-0.7408031057405513
2024.08.06,000039.SZ,0.07734162329284332,-1.4628159613728884,1.6517223793468763,-0.3005739524096249
2024.08.06,000040.SZ,0.23771311267514877,0.36107500503237333,-0.23048432970288632,-0.23191906307527643
2024.08.06,000041.SZ,1.1461255376465924,0.25713624148403247,-0.34907534332307766,-0.8827523421603527
2024.08.06,000042.SZ,0.5410174171336889,0.7475685369639528,0.49966836985509144,0.06689124883406018
2024.08.06,000043.SZ,-1.290004579821232,1.2243972652388058,1.3664809823839936,1.4399487919586145
2024.08.06,000044.SZ,-1.634358484501088,-0.37417076920994446,-0.052878259302769424,-1.1930889988574187
2024.08.06,000045.SZ,-0.20851393465744297,-0.28309166104765454,0.23086684644550495,-0.7724574816963989
2024.08.06,000046.SZ,0.25456891131430454,-0.3724771205233705,0.4908547786735172,0.25834107129579004
2024.08.06,000047.SZ,-0.37371222965453127,0.3465427691238898,0.0066896177217463815,1.8025471523397605
2024.08.06,000048.SZ,0.5331325392841376,1.2113112924796008,-0.11411033420881063,-0.7003797775012163
2024.08.06,000049.SZ,-0.2903635030456685,0.8256344136271485,-1.199493774460795,0.04835514070102639
2024.08.06,000050.SZ,-0.47248183129645194,0.1344153124175066,0.5338603835049526,-0.4567546046096886
2024.08.06,600000.SH,0.7668307422033008,-1.0067932241683917,-0.3794858276906323,0.7777938183162258
2024.08.06,600001.SH,0.9671568439188263,0.05193343426979964,0.37007667488199214,-0.09310628711766326
2024.08.06,600002.SH,-0.0818961844192744,1.4666961194968122,0.05303830902234265,-0.2762823141761549
2024.08.06,600003.SH,1.3795710152933458,0.42270831466149067,-0.19829373073280004,-0.35488792301949684
2024.08.06,600004.SH,0.8039982228593396,-1.1617736950280253,-0.9389927894330291,-0.9553454219957255
2024.08.06,600005.SH,0.001836794886591192,0.05623839187189923,-0.745177852952465,0.369178093986783
2024.08.06,600006.SH,-2.0697962600446336,-0.885903399316426,2.990861263581107,-0.10470080902438851
2024.08.06,600007.SH,0.0983457910163135,4.097808367339848,-2.087807695238749,-0.5877658033037656
2024.08.06,600008.SH,-1.848201953204777,-0.6008379912580921,-0.057044559466586944,1.2204353991437429
2024.08.06,600009.SH,-0.951297730223405,-0.41263401346828477,0.3440810151490632,1.0486813960079806
2024.08.06,600010.SH,2.1117856925849465,-0.16246939199953359,-0.08417204290512552,0.48218901049432145
2024.08.06,600011.SH,-0.9204853549872998,-0.30917634066272476,1.5745776751977993,-1.1970155488231322
2024.08.06,600012.SH,-2.8894618139139796,-1.2663574685797023,-0.9388247677636318,-1.0923780866521127
2024.08.06,600013.SH,0.3487843738450425,0.57175989780461,0.14765478385650443,-1.1536019483692668
2024.08.06,600014.SH,-0.24966119982224685,-0.3257300202479407,0.08072698897843102,-0.005545626105019943
2024.08.06,600015.SH,-0.16885113727642945,1.525052906745616,0.41294459937651534,0.7566614855672169
2024.08.06,600016.SH,1.1844147164878427,1.3001567410006873,0.7304240040303989,0.8916474439737208
2024.08.06,600017.SH,1.1779902592180724,0.1395830075029132,0.9905047041438734,-0.28585837785094376
2024.08.06,600018.SH,-0.9304767613647149,1.1660342745227343,1.3888929542771138,3.3054224964766012
2024.08.06,600019.SH,-0.0396599172709677,0.7832984896822927,0.2985313993310119,-1.042461394226079
2024.08.06,600020.SH,0.6985562923311919,-2.244689769678574,-0.690253924437905,1.4324152967263062
2024.08.06,600021.SH,-1.191848661244662,0.9120035599033606,-0.8677438155416125,-0.23294208367628402
2024.08.06,600022.SH,-1.784855043129199,-0.25232495298102847,1.0251526062413652,1.1970451402115827
2024.08.06,600023.SH,0.9001869100659763,0.2624768283822203,-0.0341336253856052,-0.6882630726612933
2024.08.06,600024.SH,1.8172326748026975,-1.4327405811344252,-1.560728181999487,-0.6965206600892367
2024.08.06,600025.SH,-0.27725321700305605,-0.8080176160843157,0.587338306991395,-1.247169288528409
2024.08.06,600026.SH,-0.1540592398340882,1.7083029453287648,-0.7406424381239072,-0.6078533538682125
2024.08.06,600027.SH,0.7277798302071304,0.12158170536247034,0.5576405759815297,-0.7163745137132393
2024.08.06,600028.SH,-0.14297777859936128,0.4907235648326113,-1.3342909349414385,-1.1727015886349832
2024.08.06,600029.SH,-1.1510626104434132,-1.2880586295518905,-0.4081509232462052,0.7192242572867732
2024.08.06,600030.SH,-0.018924094153714325,0.6882959821380672,0.16167920838221322,-0.7265724549941008
2024.08.06,600031.SH,0.49995001947800516,-0.18751733839681112,0.3537125965372321,-0.7138297316611965
2024.08.06,600032.SH,0.5964857896166659,-0.2138223123420255,1.5434107391486969,-0.27320005117301094
2024.08.06,600033.SH,-0.4147724544396124,-0.9408401406318535,-0.36920981407820713,0.10438880786390253
2024.08.06,600034.SH,-0.08882298762180957,2.2747600533602683,-0.7581983457998817,1.1673931601196215
2024.08.06,600035.SH,0.699883252239089,0.23095292134707096,-0.6666415652915999,0.5447444717865738
2024.08.06,600036.SH,-0.7962539462812998,0.13661274731865197,-0.8519467320509277,0.836506115835518
2024.08.06,600037.SH,-0.021810562064820366,-0.5148241738836888,1.1759865506789549,-1.3733557295615024
2024.08.06,600038.SH,-0.08889025152961873,0.00203008779173086,-0.9309090425213786,1.887586865924268
2024.08.06,600039.SH,-0.10205208482598657,0.9339384457492991,0.8417801215388664,-0.32926518724731274
2024.08.06,600040.SH,-0.008163600984684199,0.643165369036241,-0.10517377610015577,1.4307829580742562
2024.08.06,600041.SH,0.9807656847021192,-0.37726788829304875,1.2479132834520665,-0.6352443585624801
2024.08.06,600042.SH,0.36408838738376914,1.7359560859976173,-0.7164828849215151,0.2712412156484832
2024.08.06,600043.SH,0.807008453587009,-1.4260062856043538,-1.329665931597413,-1.1700181354628234
2024.08.06,600044.SH,-0.3712482560688214,2.379374005936798,-1.8277390833081768,-0.845942027112884
2024.08.06,600045.SH,-1.8451311867450262,-1.326782914954131,0.5497448727313549,0.25920791570330204
2024.08.06,600046.SH,-0.4266650486908276,0.5030595488050793,1.046940544826125,1.1358925208523196
2024.08.06,600047.SH,0.6955108818917133,0.078225923337572,-0.2664403317931573,-1.2813201978528936
2024.08.06,600048.SH,-2.1994845949436215,-0.06286843733088586,0.6782313939020261,0.045287741391235356
2024.08.06,600049.SH,0.9739353957443991,0.2703827582631316,-0.6810312314273267,0.22864477101154726
2024.08.07,000001.SZ,-0.10813756996264035,1.483737016117675,-0.33151637367867987,-0.04942061780650793
2024.08.07,000002.SZ,-0.32514429225922303,-0.10315791043750759,0.46418860405956447,-0.5210665319495801
2024.08.07,000003.SZ,0.6857804696854829,1.37621833199728,-0.10127413841685799,-0.7577583277461474
2024.08.07,000004.SZ,-0.17158177144167608,-0.005836687293796946,0.25154772097687633,1.4548588854394902
2024.08.07,000005.SZ,0.6560864523883446,-0.168704162989132,-0.5582262085767584,-0.6880225340369462
2024.08.07,000006.SZ,-0.04191368361103715,-0.39600560942835905,1.0854280446673317,1.9909648124296122
2024.08.07,000007.SZ,1.8754077997925607,-0.683295973945791,0.21687180597493375,0.6140848805544852
2024.08.07,000008.SZ,-0.6246470628507224,-0.48201358488021373,1.8196067004674046,0.0864740495620266
2024.08.07,000009.SZ,0.9609384739819219,-0.09426026715160402,-0.5114337327707016,-0.6693440419615512
2024.08.07,000010.SZ,-0.20618996838757134,0.9917769786718873,3.875188871204815,1.1741757013637626
2024.08.07,000011.SZ,-0.6804096769846203,-1.931469744144764,0.3862980587366909,0.4899344656119656
2024.08.07,000012.SZ,0.888370574641715,0.9313600540739181,0.23924984951691486,-0.6810545696762574
2024.08.07,000013.SZ,0.4219292573634791,-1.2470067120611705,-1.4910432131972018,-0.08445163435135461
2024.08.07,000014.SZ,0.7049767445015622,0.5432720692401711,-0.016238282374450956,-1.0616652085638754
2024.08.07,000015.SZ,0.5551368465201255,-1.104169965686929,0.03496527234117952,-0.5519526520973504
2024.08.07,000016.SZ,-1.1970793016342456,0.18986837650256244,-1.120595986814246,-0.4858453527517564
2024.08.07,000017.SZ,0.5243918842950426,0.21464633988487172,1.1787635986016958,0.1963598326892169
2024.08.07,000018.SZ,-0.24597702485325126,2.2898457794761864,-1.1707158562423545,1.1478182081484303
2024.08.07,000019.SZ,1.7242711344529773,0.9764389198328808,1.633779986248108,-0.2705258667456373
2024.08.07,000020.SZ,-1.162127241870161,1.313279500646738,-1.2301302133344303,-0.9636147473300934
2024.08.07,000021.SZ,0.7255626851184204,-1.8940545915093399,0.6613839897528303,0.7239789804993028
2024.08.07,000022.SZ,2.167868595945791,-1.8912999547174385,0.44761648495812845,0.28975530171624475
2024.08.07,000023.SZ,0.9380873409124828,1.1320452407461878,-0.1409438478302692,-0.32369880248099053
2024.08.07,000024.SZ,0.8180976145092519,-0.18422684227389413,0.07750173513741536,-0.36421228214300083
2024.08.07,000025.SZ,1.4364770882052587,-1.9383539870082944,-2.111179993273833,-0.709810225823494
2024.08.07,000026.SZ,0.570246639621904,-0.2493835383056084,-1.346931991788795,0.24340965043933185
2024.08.07,000027.SZ,1.7378525001785274,1.318528892460597,-0.4728426075186704,-0.6466919928636428
2024.08.07,000028.SZ,-0.13752359117225624,-0.002025254356621077,0.8312057686240789,-0.3775552705799985
2024.08.07,000029.SZ,1.5330546372986584,0.2848174296127755,0.22102131777806186,-0.26604069202559166
2024.08.07,000030.SZ,-0.04086417746971121,-0.29367727336816324,-0.8690538490123776,-0.08745077939434617
2024.08.07,000031.SZ,0.4523195562770198,-0.049868427088710816,-2.116429575485552,0.9999217861542052
2024.08.07,000032.SZ,0.7289928342406873,-0.6457046909395776,-1.1327637047129087,-1.0308967635950568
2024.08.07,000033.SZ,-0.24856752059589018,-0.7289641655100835,-0.07502033153516557,-0.25828700192770704
2024.08.07,000034.SZ,0.44741024032349974,-0.18509142000545856,-0.48953740464267875,-0.8930255388480675
2024.08.07,000035.SZ,1.3747867902910131,0.21812056106355954,1.0661578403308165,-0.48784463163144237
2024.08.07,000036.SZ,-2.681259645675863,2.1388162731823575,-0.4790056239566699,-0.19372230359827328
2024.08.07,000037.SZ,2.0857846984084465,-0.7401243442839405,-0.7501826103473808,0.389464852391836
2024.08.07,000038.SZ,0.9220172249745687,-2.7548506473799015,-2.228638768954348,1.150594524313779
2024.08.07,000039.SZ,1.1638561146331137,-3.157698384774223,-1.1009069795925381,0.02339056068625896
2024.08.07,000040.SZ,0.4153251279851894,1.2833638474204847,-0.40105487915272126,1.4046031550614873
2024.08.07,000041.SZ,-0.1281784395084605,-0.8354879269086206,-0.28486339049267995,-0.024415446818806738
2024.08.07,000042.SZ,0.5434387050001603,0.6979118585807798,-0.44663976538205497,-0.6045521584981614
2024.08.07,000043.SZ,0.7444827349594165,-0.5464979933421772,-0.3989810871164506,-1.0288619659062297
2024.08.07,000044.SZ,-1.129485918789902,-0.4142180876049071,-0.8289956243997819,-0.6246850965404132
2024.08.07,000045.SZ,0.5075328781277328,1.1340305776913024,1.0292907022477948,-0.4213535992356215
2024.08.07,000046.SZ,-0.549521811571564,-0.7675984837159955,0.7905984598490573,-0.12024868461669058
2024.08.07,000047.SZ,-1.299371415839508,-0.6225240670806215,1.3806165049972172,-1.2392986565825856
2024.08.07,000048.SZ,-0.020188544852140205,-0.028663434870996832,0.8335610164561206,-0.27951074002434184
2024.08.07,000049.SZ,-0.26130914292319873,-1.4805826330052423,-0.2609656349935695,1.246784171541479
2024.08.07,000050.SZ,-1.323566514984455,-0.2523418278932645,2.424646189451552,-0.9021645542208634
2024.08.07,600000.SH,-0.5144276850100911,3.5832473032166834,-0.27879790264966886,-1.0035287815232865
2024.08.07,600001.SH,-0.030238814942985526,0.28846438902742894,-0.15237371545081071,-0.7051555276211887
2024.08.07,600002.SH,1.0447373842294734,-0.24674961127495298,-0.8506417334292268,-0.7520948786184811
2024.08.07,600003.SH,0.8360872285976413,-0.3268289141676492,-0.7140439919789955,-0.13306531710407768
2024.08.07,600004.SH,-2.593731928631228,-0.3012773703966195,-0.5597798429020594,-1.1794954518490148
2024.08.07,600005.SH,-0.39106506697316545,-0.4649996738569399,-0.7127462117725154,0.15062532233394474
2024.08.07,600006.SH,0.003033255004283112,2.026904554868271,-0.054226049934952864,0.2340405111931012
2024.08.07,600007.SH,0.4895586078017071,0.9442601746482658,0.11188613698684856,0.5078523315049277
2024.08.07,600008.SH,-0.9868932487867446,-0.8315082220056396,0.7454199375944017,0.6171216842805232
2024.08.07,600009.SH,0.23366287982088502,0.6322019678340495,-1.5742166024790853,0.35399638754153656
2024.08.07,600010.SH,-1.307093048109852,0.5695095803229923,0.6471979821909749,-1.0565596754915831
2024.08.07,600011.SH,2.173742824999898,-2.0573496936937365,0.1852845767744661,0.7884020504279158
2024.08.07,600012.SH,-1.7644751543305228,-0.4515822028005187,-0.18512507068262316,-1.4232151754977842
2024.08.07,600013.SH,-0.2689037407036448,0.7085301139143986,-0.36566980709316743,-0.19664588528780141
2024.08.07,600014.SH,1.1438827219995644,-0.044331927991011225,0.037872687407351995,0.4884071459233108
2024.08.07,600015.SH,1.3000520473425874,-0.23460652778169172,-0.0095164671319101,-0.9229972812329753
2024.08.07,600016.SH,-1.1887229863152735,-0.5058543391075114,-1.141301570116782,-1.7030885463492729
2024.08.07,600017.SH,-0.32830870894736847,-0.2407390066480651,-2.2055795053772904,0.4901571925615003
2024.08.07,600018.SH,-0.3846188660113629,-0.29444862752900025,0.10771540507616614,-0.056700310055188545
2024.08.07,600019.SH,0.25979017562749523,0.316748630888537,-0.49325543002460454,0.11417049345235167
2024.08.07,600020.SH,0.991947571108962,-1.083814765320592,-0.5147218767887841,0.8748012324167134
2024.08.07,600021.SH,0.4035435579789344,0.7471895510234726,0.13816448330764888,-0.9337601883192791
2024.08.07,600022.SH,1.7114510776926135,0.08985415397185659,-0.3407015755546057,-0.5116016882840081
2024.08.07,600023.SH,1.5226889954563125,2.509781369594795,-0.8387152470502724,-0.5816759465744056
2024.08.07,600024.SH,-0.18366654514796707,1.8527249652842115,-0.5405477285982003,-0.4819404089807607
2024.08.07,600025.SH,-0.4908412136586743,-0.4242075518626849,0.521821755957811,0.5144576643713049
2024.08.07,600026.SH,-0.8753829030225783,0.4397557868821973,-0.19905957895963416,0.5341596770259623
2024.08.07,600027.SH,0.06717976756531986,-0.5469793688347265,0.27260404201279786,-0.6337633890909118
2024.08.07,600028.SH,-0.2613604516461633,-0.6441595716582913,0.23052770742185358,0.6520603011104177
2024.08.07,600029.SH,-0.07673435834489005,-0.17034830798947917,0.15097838159433075,0.39958533626371245
2024.08.07,600030.SH,1.8873772913692497,0.2450372751751346,-0.14668633104054019,-0.2914049145599002
2024.08.07,600031.SH,-1.1553960474551161,-1.185244936932514,-0.26988498121440885,-1.6297822326728604
2024.08.07,600032.SH,-0.6423894131609179,-1.7199560068753943,-0.8525555815191276,-1.1251357649073495
2024.08.07,600033.SH,-1.7634281672321501,0.9188128226983551,-0.965495080478226,2.649358947828314
2024.08.07,600034.SH,-1.4255399071329893,-0.026351066540226117,-0.5246031569399363,-0.1769233616641695
2024.08.07,600035.SH,0.10053818624162017,-0.3284633430514067,0.9207423597991552,0.06424023695389629
2024.08.07,600036.SH,0.5185388564683857,1.0098406746649513,-0.6901294270177452,-0.6964416183295361
2024.08.07,600037.SH,-0.744109020488095,-0.9208732141979108,1.2764961004945146,-1.4317573245035562
2024.08.07,600038.SH,-0.568941161720095,1.4027713000965414,0.2803436635854132,-0.0980309699502563
2024.08.07,600039.SH,0.9633683925460728,-0.07378182240830286,-0.5358954005471926,-0.26103660686721025
2024.08.07,600040.SH,-0.5055853073582574,1.1768217954936648,-0.058882138486599914,0.7808737689274091
2024.08.07,600041.SH,0.3030227736151115,0.6043791647044411,1.7069537746357024,-1.498382116828024
2024.08.07,600042.SH,-0.03330793509444386,2.6358839314524847,-0.8927473590781934,-0.7345827477207368
2024.08.07,600043.SH,-0.4809056610748447,0.08253911162076501,-0.05285955749912918,2.091441536258937
2024.08.07,600044.SH,-0.05527365896134234,-0.28342104266747276,0.5021792700452511,0.5109657450119007
2024.08.07,600045.SH,-0.6855650003987068,0.7943099639945052,-0.20090247023165073,-0.46241731598501423
2024.08.07,600046.SH,1.1170113541862785,0.013956778994984164,1.3778421643719276,-0.19511788884307726
2024.08.07,600047.SH,0.2920899512090833,0.40259162961219047,-0.4048503105508512,0.1113468251317982
2024.08.07,600048.SH,0.03119244734757823,-0.5811464185154634,-0.14866442500485366,-0.5942869505602368
2024.08.07,600049.SH,1.318764044250336,0.7157131333690923,1.3638762705301097,-0.718491163507056
2024.08.08,000001.SZ,-0.6188651707694884,-0.8882494713905053,0.11693889850212115,2.125225709942504
2024.08.08,000002.SZ,1.0786140620394462,0.6287869005178444,0.382826420515294,-0.5421423669413027
2024.08.08,000003.SZ,0.45043998656199574,1.1493292220472258,-0.6484231114065109,-0.3084151671685687
2024.08.08,000004.SZ,0.094845109938237,-0.7976404695768039,0.16580896133602152,0.3924793507905556
2024.08.08,000005.SZ,2.8273738319009563,-1.627267927203253,-0.2428558539979312,2.247320823983088
2024.08.08,000006.SZ,0.5233248420346003,1.6957877141478273,1.9597579489803112,2.333593465168244
2024.08.08,000007.SZ,0.48764158787529194,0.6229213616347353,-0.542830501571121,0.013921102407839944
2024.08.08,000008.SZ,0.5047451801779301,-1.0505806741937471,-1.3845530783824418,-0.2064560477984779
2024.08.08,000009.SZ,0.8151222568322517,0.07053454839258474,0.05269098931143027,-0.863409844183175
2024.08.08,000010.SZ,0.8751706340406795,0.5796581329126057,0.2729554835610062,-0.767770066558782
2024.08.08,000011.SZ,-0.06728181657015084,5.626528441938687,-1.267946957230077,0.5609452162141663
2024.08.08,000012.SZ,0.5937626883584107,-0.36923963065055965,-1.2482817735009302,-0.6785509459025478
2024.08.08,000013.SZ,-0.9156118730568513,-0.2344704659828921,-0.5533406684209674,-0.31642683862440224
2024.08.08,000014.SZ,0.4486763487287386,-1.0531622115793975,-1.693310645288022,-0.43319861645624974
2024.08.08,000015.SZ,-1.5108461968235092,-0.9641693909425453,0.6869812882513491,1.55335791033319
2024.08.08,000016.SZ,0.17854588325667003,-0.8827743139726822,-0.6339272444228897,-1.0823486412790093
2024.08.08,000017.SZ,0.050609206067513485,-0.47091780689336615,-0.6328051062377892,0.29054664283034476
2024.08.08,000018.SZ,0.3053381234513354,0.10926913561046342,0.972459225863191,0.3916030563151944
2024.08.08,000019.SZ,-1.0805971924217626,1.0272192650161327,-1.3577691797330091,0.5081822722048479
2024.08.08,000020.SZ,0.8958450115818378,-0.18657509408337966,-0.8638436675617077,-0.940479680581107
2024.08.08,000021.SZ,-1.8117550642128577,-0.8961487546607968,1.8145639059647092,-2.0526588186765498
2024.08.08,000022.SZ,0.6785388708387888,-0.6249160033236538,0.6324533378123914,0.34531251860844525
2024.08.08,000023.SZ,1.1980117649676132,1.3760639498911076,-0.6872548106296407,-0.8277414442602106
2024.08.08,000024.SZ,0.6244162780532324,0.5919572448610222,0.3631442628692247,-1.0757976922589956
2024.08.08,000025.SZ,-0.49946696656551354,1.5166414447395888,-1.5153367414385772,0.22135879520581808
2024.08.08,000026.SZ,0.5665831859926401,-0.04168973123319653,-0.536377827372226,-0.18239786983638762
2024.08.08,000027.SZ,-1.5880128456699274,2.572969343547555,-1.7236874560142625,0.874440926178284
2024.08.08,000028.SZ,1.0386676817825606,0.46187247926858854,-0.3590197815354173,-1.1224003094921178
2024.08.08,000029.SZ,0.18518993327608307,0.6588355127965049,0.1833057068044125,-0.9387747049696077
2024.08.08,000030.SZ,0.8646438720145919,-0.0028275386889865728,0.9008294489206818,-0.9847344568563163
2024.08.08,000031.SZ,-0.3864048970307055,0.28804539738394386,1.1252747677936303,0.3382973846114403
2024.08.08,000032.SZ,-0.5612376385479578,-0.38383173969195356,-0.052220747230534846,-0.5481594288395223
2024.08.08,000033.SZ,-0.8105360981035814,-1.742474239291529,-1.5087600652730537,-0.5688047747747874
2024.08.08,000034.SZ,-2.135204224697823,2.50347804100413,-0.41047792505032776,3.5967876811091655
2024.08.08,000035.SZ,-1.2885664774180896,-0.9974104072915692,0.4297868410430794,-0.3446952867117242
2024.08.08,000036.SZ,0.5841820933829414,-0.9156914140562855,0.8964286946338834,0.19359057856543918
2024.08.08,000037.SZ,0.2727443481653789,0.4956358613415323,0.25637515808281,-0.7811355213838086
2024.08.08,000038.SZ,1.3966128800176918,1.6484900653184653,-1.2442621061024164,-0.760212466033468
2024.08.08,000039.SZ,3.1921732519349475,-1.1817921155331135,1.227459837876646,1.5797932418742893
2024.08.08,000040.SZ,0.09169313871437824,-0.268116375241438,-0.2050361376968039,-1.5149337428462621
2024.08.08,000041.SZ,-0.6685095178319922,-0.5335861340165104,0.4033134937573502,0.9857352224713737
2024.08.08,000042.SZ,1.4348429876982407,-0.5292384179785724,-0.759376587831726,-0.506917119188267
2024.08.08,000043.SZ,-3.5209119419913684,-2.0411891978647154,0.8099665018644147,-3.3444924024266993
2024.08.08,000044.SZ,0.24662189547000843,5.906411114483688,-2.8158369492580837,-1.2466667999116239
2024.08.08,000045.SZ,-0.03204991682258503,0.04716152762498845,-0.5841194987650364,-0.11525445409558865
2024.08.08,000046.SZ,-0.8147114485950263,0.6796260947300824,0.015964090074217466,0.5114719307902187
2024.08.08,000047.SZ,0.1711063394524706,0.5064742854140389,0.5209667675842059,-0.5975729937879599
2024.08.08,000048.SZ,-0.15124175301097656,0.25233973086065137,1.2136601977316974,-0.7257224961109275
2024.08.08,000049.SZ,-0.9785095171533619,1.2757766282821041,-1.3166457159886837,0.40824514394731937
2024.08.08,000050.SZ,0.19822059402662226,-0.21107756996024832,-0.11676209921990921,-0.2565211897580086
2024.08.08,600000.SH,0.6276913331183137,0.38368395130701055,0.10063399070101432,-1.3042547639530204
2024.08.08,600001.SH,-1.8463689808958983,-0.9929071043070922,-1.1544839286249822,0.2372294129532936
2024.08.08,600002.SH,-0.13950832911950845,0.33991379177919573,0.9348653337585697,-0.7705418208553235
2024.08.08,600003.SH,0.29105580908783907,-0.9655846934300986,-0.4334096084846586,-1.0531851711711153
2024.08.08,600004.SH,-0.5466777407784802,0.2954486561407943,-0.36233356997888,-0.31818532143822004
2024.08.08,600005.SH,-0.5710150297421288,-0.008044059775254086,-0.5346365068474822,0.16513243991729482
2024.08.08,600006.SH,0.7656146929164325,0.053082988754043874,1.5202776601262529,-0.775102486964195
2024.08.08,600007.SH,1.6073506353876583,-1.363586517057075,0.9061011092161423,-0.7903616590486264
2024.08.08,600008.SH,-0.050023477270995216,0.4014644352038037,-0.5240849650492306,0.6589943031162282
2024.08.08,600009.SH,0.3307153231792316,-0.63338778615426,-0.17114791747262617,-1.0186065102539985
2024.08.08,600010.SH,0.6435714076686364,0.6208964373685432,0.47850018547865947,-1.0396176542802138
2024.08.08,600011.SH,0.9375856308305812,0.3061367902048934,0.11926456415313981,-0.40527922066688415
2024.08.08,600012.SH,-0.14391874616594377,0.023780444291879033,0.05845314510499486,-0.8269241313865036
2024.08.08,600013.SH,0.7331557650062621,0.4223452629762253,0.5432813615215322,-0.24984663433808768
2024.08.08,600014.SH,0.20619511217321382,-0.0329971444062411,0.7060528554337082,-0.32955621942575386
2024.08.08,600015.SH,0.5149309415102101,1.2310665710162256,-0.664198325879972,0.38610828129938285
2024.08.08,600016.SH,-0.8252847972701606,0.4624628558640784,0.8242236970042208,0.8090807393095268
2024.08.08,600017.SH,2.0472776830690855,-1.115436443653139,0.36100102146873564,0.37277469099661326
2024.08.08,600018.SH,-0.28279355011569274,2.3404748369294572,0.9586563467135125,2.5883452953569663
2024.08.08,600019.SH,-2.41589399032572,-1.6616044664209875,1.527515746863727,-2.298857052358374
2024.08.08,600020.SH,-0.7298972559466085,0.004016687196757599,3.2867635595297244,-1.317614720949986
2024.08.08,600021.SH,-1.7797288341512032,0.198924186044461,-1.7096939852933524,-1.9314510253324384
2024.08.08,600022.SH,0.12929790960285079,-1.041234272898654,-1.5835895557593076,1.6454533910790692
2024.08.08,600023.SH,0.4358792895278393,1.3131281679213833,-0.05136178208503057,-0.40757183539002484
2024.08.08,600024.SH,0.2881036251324302,-0.25862734456314357,0.9866003741776714,0.37915168713213765
2024.08.08,600025.SH,0.8521595741561999,0.10343367065760582,-0.44752664553313365,-0.48631538519589046
2024.08.08,600026.SH,0.6194394763703925,-1.3271562750880364,-1.1330958309072945,0.19526517329125992
2024.08.08,600027.SH,-0.23501952867730577,1.5145935442076235,-0.8992974558969036,-0.8407690369529754
2024.08.08,600028.SH,1.4534673517786505,-0.5919051258411274,-1.1828296779044256,-0.3655144383248372
2024.08.08,600029.SH,0.5337331542999532,-0.7463490509059012,0.05398005742012238,-0.8811129539082324
2024.08.08,600030.SH,1.2680770069271803,2.6168779631740904,2.256912645590416,-0.4559141301027016
2024.08.08,600031.SH,1.2315853573511262,-0.09821110722370487,0.8894314575093749,-0.8458433133978088
2024.08.08,600032.SH,1.242318224655602,-3.5966828667241693,-0.3393177096876988,-0.45036701390967826
2024.08.08,600033.SH,0.7275058543069031,-1.2519476672704364,-1.045153351192235,1.0213192234510304
2024.08.08,600034.SH,0.36729708784316223,-2.14257532972544,-1.979518555880476,0.39180182847972933
2024.08.08,600035.SH,-1.9007090753466125,-0.788858349441363,0.15111154299272508,-2.3216534749721065
2024.08.08,600036.SH,0.23876689401539347,-0.2926571034352743,-0.11775749366897507,-0.3468319245517956
2024.08.08,600037.SH,0.2818035452424476,0.723399789103644,-0.12664284540178025,0.1899950249012428
2024.08.08,600038.SH,0.6048790577973573,0.7335653962078189,0.8103285275585747,-0.3263459464105422
2024.08.08,600039.SH,0.684818890456828,0.04247775556440841,1.515004100447664,-0.3317772285575716
2024.08.08,600040.SH,-0.17686678795121838,-0.1052757059535078,-0.42323095905867925,-0.34539123793669513
2024.08.08,600041.SH,-0.23796812593710806,2.586940026951454,-1.3058064719736893,0.34578907408009746
2024.08.08,600042.SH,0.6904288723677817,0.4385428740403128,1.2519932758564942,0.047553746361259724
2024.08.08,600043.SH,-0.4645689427190423,1.7020183639304114,-2.4462333242428005,0.9357105021702431
2024.08.08,600044.SH,0.37518348357196957,0.2367094572593419,0.06487799236646875,0.3837473408146344
2024.08.08,600045.SH,0.4070764051778513,-0.001807878890213122,1.3167889022442396,0.6022370275806537
2024.08.08,600046.SH,-0.052137271012894254,1.1057358616601816,3.457711688815525,-1.2634142260567376
2024.08.08,600047.SH,0.8259189945321985,0.506303358986161,-0.16959146597316643,1.524138847813597
2024.08.08,600048.SH,1.0295615455505445,0.06679287007584395,-0.8079629944962903,-1.0428454046125553
2024.08.08,600049.SH,1.66069850354455,-0.6217828966592083,-1.3185370688901799,-0.44996215811908036
2024.08.09,000001.SZ,-2.6768762084039426,-0.8820884374685956,1.3065771466754204,-0.31206570001476586
2024.08.09,000002.SZ,1.4633480667213568,-1.03927144677794,-0.3420285551404771,0.20038289745672686
2024.08.09,000003.SZ,-1.3430433999882552,0.04271616526020651,-0.5587839334947183,0.42434973825205796
2024.08.09,000004.SZ,-0.7272023248854309,0.5389387522430359,-0.2801281872964248,-1.5688954318192405
2024.08.09,000005.SZ,-1.2943508001184008,-1.0657806310144171,1.0355161354770201,-1.8933979751308854
2024.08.09,000006.SZ,1.1000924635019322,0.9030879224047909,1.8709194187545777,0.6043517875205234
2024.08.09,000007.SZ,-0.3158617139280091,-0.2949120219856389,-0.550865298550019,-0.2025248695614901
2024.08.09,000008.SZ,-1.4372121538473197,0.8636010780667849,-1.2218246172094607,-0.08211699190689062
2024.08.09,000009.SZ,1.168154186181404,0.5466615129533396,-0.38030588024590484,-0.5129618985491952
2024.08.09,000010.SZ,1.3869179962438876,0.2502671993076962,0.016761916824496507,0.22304564315276912
2024.08.09,000011.SZ,-1.8214483393357401,0.48094984425526044,-2.3735874083131097,1.9503297814410505
2024.08.09,000012.SZ,-2.1171024664346345,-0.20882158972259718,-0.8970001109390178,0.5886340043502134
2024.08.09,000013.SZ,-0.8741734207475612,0.13648423602951615,0.6647139254983091,-0.9229129164889747
2024.08.09,000014.SZ,-1.546538353216406,-1.2531521222685666,0.35126385996491094,0.44667899064749983
2024.08.09,000015.SZ,0.6332515759376113,0.5763317722044593,0.09945730607900231,-0.7025962964388817
2024.08.09,000016.SZ,1.865414886723977,-2.735970172834283,-2.651182451561249,-0.48380460422086735
2024.08.09,000017.SZ,-2.527345558013764,-0.1485543040723397,-1.0130744847039392,0.1680882043311578
2024.08.09,000018.SZ,1.6822326963449556,-3.0286004968741094,-2.710896810001784,-0.2511145850292852
2024.08.09,000019.SZ,0.3171790635216468,0.4342908485659025,-0.030344213384357298,-0.5050896724998781
2024.08.09,000020.SZ,-0.17211398879443734,1.3364349752550537,1.3196714865992316,0.26708377678239137
2024.08.09,000021.SZ,-0.5761149051863357,-0.5997352102855642,-1.5268851679258197,0.3460466163953731
2024.08.09,000022.SZ,1.2364264092334563,0.13785016490617302,1.6468828811229732,-0.5258961962910825
2024.08.09,000023.SZ,0.16771366601283075,1.341345247474475,-1.0414369271964308,-0.23621452137659305
2024.08.09,000024.SZ,-0.5763556481033054,1.824303555800744,0.6143274810834009,-0.35935504624795106
2024.08.09,000025.SZ,0.848520015753644,3.7125561970044307,0.6653150450860776,-0.5542383845507926
2024.08.09,000026.SZ,-0.4667729272124102,1.9924781721787304,-1.056561923939181,-0.8573730145271039
2024.08.09,000027.SZ,-0.7497331128184019,-1.1746962859924308,0.5963196163562573,0.8980562646063212
2024.08.09,000028.SZ,0.24992144866558236,-0.7115718716426259,-0.3653104536133351,0.23403952558630406
2024.08.09,000029.SZ,0.8965205456057836,-0.408435413830282,-1.6333234353408679,0.08486645520856703
2024.08.09,000030.SZ,-0.6390354488926936,0.35962640995629125,-1.3662618571608807,-0.20340156872739323
2024.08.09,000031.SZ,-0.5673465349039254,0.4966535368668988,1.1045427944500383,-1.2054753649565981
2024.08.09,000032.SZ,-1.2742641584500392,1.0065995569280568,-0.1902330798054357,-1.969264598798019
2024.08.09,000033.SZ,1.2687988147666887,-0.6228018126422719,-0.09322647176888918,-0.02064203855932579
2024.08.09,000034.SZ,-1.873916887848468,-1.0336639599151292,0.36292015769503216,-1.5133169618636304
2024.08.09,000035.SZ,-1.877909318723487,-1.5519205714562971,-2.866794597165168,1.448583309265466
2024.08.09,000036.SZ,0.6362715093886748,0.6318575149314924,0.2632699871999598,0.951103415329597
2024.08.09,000037.SZ,0.38250935774776623,-0.00789578474160216,-0.18139199248455423,-0.20159923245665376
2024.08.09,000038.SZ,-1.7107765608114363,-0.15385753409393374,0.7564934481442421,1.9339256008387373
2024.08.09,000039.SZ,-0.8000250740879915,-0.30289949569789687,0.2688132245312964,-0.4939519064584201
2024.08.09,000040.SZ,0.2607106752317789,1.525144056835059,-0.43540402576070353,-0.2187382833786653
2024.08.09,000041.SZ,-0.7759136130978895,-0.6558503923476566,-0.18412459012773394,-0.4242292458801232
2024.08.09,000042.SZ,1.6904393341587067,-0.33351414690900166,-0.08421277321108403,0.16167794267496227
2024.08.09,000043.SZ,-1.3728474067479794,-1.084882013007238,0.2064909375010478,-1.707653465418219
2024.08.09,000044.SZ,-2.153881188934136,0.09705093327797464,0.8370855306873425,0.6510790772549356
2024.08.09,000045.SZ,-1.429559875356072,-0.4758103091680957,1.2712791087266708,0.5915541675622585
2024.08.09,000046.SZ,-0.08813042340355198,-0.39140935858146003,0.6098786505443657,0.6990222400946339
2024.08.09,000047.SZ,1.4278927110915194,1.1201990889453186,-0.10203439431500026,0.1306922619876496
2024.08.09,000048.SZ,-0.6687211103371313,-0.01603862270714765,-0.20157259118036935,-0.9823899687872636
2024.08.09,000049.SZ,-0.784616735526138,-0.4060192188899876,0.779277842058689,-0.8202110331804292
2024.08.09,000050.SZ,-0.6536797797557534,-0.16897725568293148,0.06836883636288056,-1.2633122155510592
2024.08.09,600000.SH,-0.2341984126716965,1.8852101867666076,-1.0730155370000702,-0.38022612163291747
2024.08.09,600001.SH,-0.5903605602742459,5.501295604914741,0.07927465694296205,-1.939147723705069
2024.08.09,600002.SH,-0.5707666697924798,-0.03202830735723903,-1.2268502713827423,-0.3934234976881466
2024.08.09,600003.SH,1.30978049700805,-0.7603461648063549,-0.07300468829398371,0.9333371654875533
2024.08.09,600004.SH,0.5903387838937457,0.6199703041226545,-0.571961913681378,-0.7546951337540199
2024.08.09,600005.SH,0.8757239145050791,-2.0556318602721277,-0.6050600471098408,1.5790312235965065
2024.08.09,600006.SH,1.478060763202903,0.36714893241849356,-0.009435714351152823,-0.42020904772495243
2024.08.09,600007.SH,0.038495920363545724,-0.5178577177178924,-0.49239916027850084,0.8278302030466204
2024.08.09,600008.SH,0.9358242655671621,-0.3811377662845142,0.18242336997459455,-0.49961138260460625
2024.08.09,600009.SH,1.9877408113029835,-1.1804787071673721,0.1128788484571774,-0.6605280884522092
2024.08.09,600010.SH,2.0444564111961547,-2.2255625689774137,-2.8588117885746462,-0.8412986696888315
2024.08.09,600011.SH,0.09456852789855943,-2.158174323352543,-2.4585797377732805,-0.6026194642449477
2024.08.09,600012.SH,0.6992419844057735,-1.329688577483927,-0.7672756517948954,-0.6777360610207056
2024.08.09,600013.SH,0.3656096579501556,0.474417870521291,0.8869435608617066,-0.45525728683594274
2024.08.09,600014.SH,-0.4552441490365383,-1.3675330003404338,0.7995028234919492,-0.114258729015154
2024.08.09,600015.SH,-0.9128410455965528,0.2096778483668806,-0.5303325356500695,0.9067463692610929
2024.08.09,600016.SH,-0.00971778233488352,0.05714922682166486,1.0472878418943787,-0.37720909133287495
2024.08.09,600017.SH,-1.4251980060298712,1.4038566444767946,-1.1763352258605644,0.3461717189029626
2024.08.09,600018.SH,0.592930009485516,-0.491463537953165,-0.9437065065349219,-0.9989595646890518
2024.08.09,600019.SH,0.32479053595134005,-1.0848112187314853,-0.09609350278232882,-0.5533849198721498
2024.08.09,600020.SH,0.24451171683514794,-0.8489246607972335,1.238084128208911,-0.532786476462679
2024.08.09,600021.SH,-0.9902363677651772,-0.6764360536582696,0.8584903614497916,-0.22614803406040104
2024.08.09,600022.SH,0.9045907802968548,0.6114496002298103,1.3721350332299544,0.2594660367772553
2024.08.09,600023.SH,-0.5965907660627937,0.7892695480996275,-1.4819472952175503,0.0637325643992884
2024.08.09,600024.SH,-0.4426584263222283,0.2908219063419726,0.7915098534034518,-1.6902486097863796
2024.08.09,600025.SH,0.2745185568725762,-0.029107525484564706,-0.9199968719190796,-1.146354613553153
2024.08.09,600026.SH,0.0612860164623629,-0.4120099471955295,1.7509594789580418,0.6510547799479203
2024.08.09,600027.SH,1.7094168654312705,-1.2077754757433743,2.035235920895827,0.2591324461377875
2024.08.09,600028.SH,1.331616969542383,-2.7286374610595687,-1.882214892644307,0.07622495873860663
2024.08.09,600029.SH,-1.2663342215163038,0.07938050269488925,0.33762640439152186,-2.1185263911240733
2024.08.09,600030.SH,0.25046816446551373,-0.42234148310928765,-0.14846646896281168,-0.4206912342856134
2024.08.09,600031.SH,0.017079196619292258,0.8895374609375355,0.30854509774102723,-1.0501200780614122
2024.08.09,600032.SH,-0.31028341549867794,-0.8897323223324695,0.7543040317407029,-1.20085267035854
2024.08.09,600033.SH,0.3087848212720475,-0.014421750762059902,0.15195881843711453,0.3768565956275979
2024.08.09,600034.SH,0.47658698457253623,2.8588833374303144,-1.1286810344356293,-0.2999903447394922
2024.08.09,600035.SH,-0.5160870076455412,-1.354026431515265,0.053758730921748876,-0.3334018189531948
2024.08.09,600036.SH,0.9902436214993278,-0.6750740866723233,-0.2306019271023352,-0.6170081413849198
2024.08.09,600037.SH,-0.6607394161731575,0.7470640571279918,-1.248819880612378,1.1664377036481255
2024.08.09,600038.SH,1.3877668380822594,0.8557441027174937,-0.16745506335310484,-0.34158806489431487
2024.08.09,600039.SH,0.6135854640269088,2.569625322285384,-0.23255994287244053,1.263450810111468
2024.08.09,600040.SH,0.4844808658161116,-1.285102418381865,0.7167599979499598,1.5095175985104228
2024.08.09,600041.SH,0.5187207581696798,0.029497969412457317,1.5751930126028681,0.22395599624475424
2024.08.09,600042.SH,-0.6007963738115714,-0.6781449569549004,-0.3281398674267007,1.0981381659072973
2024.08.09,600043.SH,0.9275751100757018,0.8219138516659161,0.07072142815049225,-0.3564633938036488
2024.08.09,600044.SH,-0.4893301811101295,-0.0586279140366404,-0.017086531792466955,-0.665719915291358
2024.08.09,600045.SH,-0.8501350574786642,-0.34731050899598037,-0.6131763733224375,-1.072598504544559
2024.08.09,600046.SH,0.17143423117517767,-0.30930511094143665,-1.2226796124449801,-0.8148514613801296
2024.08.09,600047.SH,0.7737715239093017,0.7896770297273631,-0.11466322642883195,-0.5572167835843308
2024.08.09,600048.SH,-0.18679656231288108,0.2226685760090961,-0.20330746442566683,-0.2885574971707847
2024.08.09,600049.SH,-1.7726881225746969,-0.11993406195909088,-0.21303440208642227,0.717836225465621
2024.08.12,000001.SZ,1.2247514748611132,-0.5116920781979958,0.66059321768494,-0.1911486959997351
2024.08.12,000002.SZ,0.01883592187452883,0.4355968281546931,0.7599645983691644,0.5110103967297015
2024.08.12,000003.SZ,2.513936988271288,-0.4303542482563608,1.2976239963975673,2.0678842876029364
2024.08.12,000004.SZ,0.32324523914632347,-0.05240835677543147,-0.36220245006834484,-1.0347647201599879
2024.08.12,000005.SZ,0.6336676499164677,0.8409826204223858,-0.6563296702775138,-0.6091556350878319
2024.08.12,000006.SZ,-0.8858868915779216,0.5742859458837618,-0.6255742208894665,1.1944112652945706
2024.08.12,000007.SZ,0.49194597691649466,-0.5389274526745637,1.8092089637648407,-0.38213385389950405
2024.08.12,000008.SZ,0.11078663926285931,0.9124279589690047,-0.2438836007173915,0.28481016337701986
2024.08.12,000009.SZ,-0.06297773529233394,0.7545120266569305,-0.14350725760234506,0.007005789375165426
2024.08.12,000010.SZ,-0.30553604220113756,-0.6918900932062969,-1.3307317560851888,-0.7156900571563249
2024.08.12,000011.SZ,-0.056629721310376746,-0.23850811972822986,-0.5085582173012043,-0.2086475135562563
2024.08.12,000012.SZ,-0.26858835934985476,-0.6634231691157587,0.2413622798204891,-1.0388175468064822
2024.08.12,000013.SZ,0.607061747725891,1.5043349400263692,0.8534618502202355,-0.20548597928042098
2024.08.12,000014.SZ,-0.3422556976779938,-0.32662680979226044,-0.9956295379456631,-0.5273618382475105
2024.08.12,000015.SZ,-0.3159094367674822,2.0641081861140425,-0.034742195176271654,0.09412916790521635
2024.08.12,000016.SZ,0.34475848346010796,1.5202625642205585,2.856126217684165,0.9996634569578351
2024.08.12,000017.SZ,1.886334305145962,-0.09912346628694993,0.264618138902308,-0.47058880772455
2024.08.12,000018.SZ,0.1431186257039249,0.8564872009240033,0.1462648825479093,0.10331490975360101
2024.08.12,000019.SZ,-0.0009138663156809246,0.6846753706596933,1.0473998624365712,-0.18374133380259994
2024.08.12,000020.SZ,-0.7772411530526242,0.3221824750251102,1.045711744548877,0.222090868224872
2024.08.12,000021.SZ,0.15628821930362818,1.7525516107514587,-0.49496217974949847,-0.23857819994911303
2024.08.12,000022.SZ,0.13289853148632835,1.3475554259700853,-0.3128444277316787,-0.8292683445981174
2024.08.12,000023.SZ,1.1013474325963668,1.3569649941796673,0.41251364084239717,-0.8679475615883165
2024.08.12,000024.SZ,-1.3407788721158287,-0.6218175466649791,0.37464463509259305,0.7413455657202486
2024.08.12,000025.SZ,-0.04337682773465384,0.30538875680319344,0.35842413219144476,0.6726271877868274
2024.08.12,000026.SZ,-0.19658345026854182,-1.364435355748022,-0.004465474488024271,-1.1290651928071067
2024.08.12,000027.SZ,1.6477500865646741,-1.4263584564090452,-1.6636136368696177,0.3574140935204447
2024.08.12,000028.SZ,-0.17616276010333218,-0.21990080520519334,0.9151090623963275,0.003984036272266493
2024.08.12,000029.SZ,0.09577705982256679,-0.13567060764425914,0.5430215757901383,1.0279497916310623
2024.08.12,000030.SZ,-0.06838123101269157,1.982504529911837,-0.2139606674389916,0.5813462717495149
2024.08.12,000031.SZ,-1.1201531806919574,0.4459008372011824,-0.11055966897046654,0.7552567372843978
2024.08.12,000032.SZ,-0.28965499768294256,-0.8465402766362321,-0.49361030336191114,-1.5826525557030906
2024.08.12,000033.SZ,-1.2315106359857322,-0.6214983780525698,1.1862455096888644,0.5777358795833809
2024.08.12,000034.SZ,-0.425456913463769,-1.4103862068665156,-0.8099378289103091,-0.3484833699614407
2024.08.12,000035.SZ,0.6276410825489193,-1.3331826774393503,-0.48445822143441514,-0.37372942955063104
2024.08.12,000036.SZ,-0.1998674686800745,-0.5375086226698984,0.11703010038244287,-0.5849310988737163
2024.08.12,000037.SZ,0.2108689633649028,-1.5291785630077304,-1.4529755518131602,-0.32507783063366263
2024.08.12,000038.SZ,0.4589053336330592,1.23573222855053,0.450065451433089,-0.24878823796349975
2024.08.12,000039.SZ,0.6910871491162968,0.035663905413536715,2.6485403245231973,-0.23889575708771424
2024.08.12,000040.SZ,-0.9320945414823869,1.2425427868970855,-0.9818848610548357,-0.7428261972258711
2024.08.12,000041.SZ,1.1380271243498346,0.9599423846339419,1.3063603124935852,-0.6675246875009884
2024.08.12,000042.SZ,0.772130640903753,-0.21905464765250834,0.0023573073117265837,-0.9157857936600426
2024.08.12,000043.SZ,0.9495391663864757,0.41786541302816593,-0.5541922745071568,-1.1251585786152234
2024.08.12,000044.SZ,0.3562758744383121,-0.17269640514492388,-0.48144537817024274,0.07303367373112707
2024.08.12,000045.SZ,-1.6229121521737973,-2.4954537897787996,-1.3330786088859372,-0.11537758347880164
2024.08.12,000046.SZ,-1.2902767344671255,-1.3671267734924961,0.9331528116129754,2.1336778673837733
2024.08.12,000047.SZ,1.9192660230823624,0.00093280115708251,0.2540493487548043,3.004412221843667
2024.08.12,000048.SZ,-0.06623236403385602,-0.7696237719738945,-0.06252591526110358,1.0996660473139883
2024.08.12,000049.SZ,-1.7497226710888492,-0.407813403795936,1.0321204585149357,1.7589854675017242
2024.08.12,000050.SZ,-2.5209737034783894,-1.3246007702445453,0.2817363416406297,-1.3364458435072177
2024.08.12,600000.SH,0.7789417234121196,-0.5646899338556474,-1.1434805978372735,-0.08373066491817426
2024.08.12,600001.SH,-0.07763505918039812,2.9718935492994927,0.4785097345903821,0.7447802520686742
2024.08.12,600002.SH,1.1584352977333507,-0.5793462213306053,-1.0484241067660895,0.1002917982572083
2024.08.12,600003.SH,-0.16837636284339236,0.5586125300154698,-0.10131651736859959,0.13995938066741107
2024.08.12,600004.SH,-0.3134164820935263,0.7830736521458553,-1.3096847378232006,0.4876802502432189
2024.08.12,600005.SH,-1.2792964674119718,0.20503157444672596,-0.5338089914893385,1.7628037965926737
2024.08.12,600006.SH,0.45358695226301715,-1.117143719205846,0.17903672784706418,-0.5813816948162855
2024.08.12,600007.SH,-0.8301545308778169,-1.3992990682549624,0.35574788300677174,-0.4717455180972601
2024.08.12,600008.SH,-0.4409985758580828,0.24677906697158636,-0.28813063333725236,-0.6142065181439951
2024.08.12,600009.SH,-0.07791730415839554,2.2127349962051395,0.21434645810927486,0.8546704099994337
2024.08.12,600010.SH,1.41919059323402,-0.4310288159282763,-0.3454424485612518,-0.7954207938657221
2024.08.12,600011.SH,0.7328782786287427,0.37548290733798906,0.5492351634710417,0.6538777739332038
2024.08.12,600012.SH,0.9193997743595339,-1.3470718261356405,-1.382523328038842,-1.2147350272196678
2024.08.12,600013.SH,-0.04132236426398072,1.9246230957732162,-0.6413063875042593,-0.42057148914540865
2024.08.12,600014.SH,1.5319501487009424,0.017271111625960466,0.9193123851118584,0.3039867272206776
2024.08.12,600015.SH,-0.31694259278246134,-0.753201026890797,0.019010904277757788,-1.220805367248457
2024.08.12,600016.SH,-0.6289327649967752,0.2652276863742273,1.5634631730902893,-1.9383610274129162
2024.08.12,600017.SH,1.8364992937439848,0.7210299416590207,-0.21078232459680407,0.8720959960193628
2024.08.12,600018.SH,-0.6801538739875909,-2.4627950663790883,-1.9754178214833968,1.5880475947756565
2024.08.12,600019.SH,-0.04289660711946153,-1.9586776203886147,-1.4943224127901327,0.39454127146800877
2024.08.12,600020.SH,-0.4933831739577886,-0.686083547436904,1.4985213989178539,-1.269136948539742
2024.08.12,600021.SH,-0.172980907937788,0.9033313109725915,-0.8629852077436511,1.0224657235481334
2024.08.12,600022.SH,-1.0529943819545955,0.4862270438991125,1.373310450428473,1.3584385278593665
2024.08.12,600023.SH,0.4087867142606579,0.3862261000018509,-1.4637817537137916,0.0689519053603306
2024.08.12,600024.SH,0.5895549767936739,-0.012944957248081984,-0.3933168704772946,0.07939955306460861
2024.08.12,600025.SH,-0.0219775384577977,0.24413417332451065,-0.09054248461112388,-0.2540215022938265
2024.08.12,600026.SH,2.312309461811467,0.24244867649174173,-0.6020763643728718,0.9716337699789844
2024.08.12,600027.SH,0.7275980829015875,0.5090785751309693,-0.3755082220215668,0.7078470879905483
2024.08.12,600028.SH,0.509916475884759,-0.4072851761333415,0.44956385699272366,-0.8493765355949888
2024.08.12,600029.SH,1.9895862765389731,-0.005293424060610977,1.642879910849302,-0.12221100442037625
2024.08.12,600030.SH,-0.6209837881139926,-0.9094481359445695,0.7258234438517035,-1.9229734372236789
2024.08.12,600031.SH,0.6156404413905365,0.7143785748093587,-0.6111629454812011,-0.7605214397940352
2024.08.12,600032.SH,0.9088286817827927,-0.2273540107577013,-0.4892652977324643,-0.40412881139852025
2024.08.12,600033.SH,-0.15939285911689952,-0.20149655804767805,-0.199812846273638,-1.0369581137518171
2024.08.12,600034.SH,0.31633404524607084,0.4715533023753842,-0.037065062252035756,-0.14144639248637073
2024.08.12,600035.SH,-1.0208803987333044,-0.12491723796678854,-1.4480317935908247,0.8616019008147368
2024.08.12,600036.SH,-0.9262418867373858,0.6244174827626015,-0.5985408702071919,-0.0964256232583126
2024.08.12,600037.SH,-0.21381894449271813,0.07158249342541732,-0.09983584066554642,0.03520053051413864
2024.08.12,600038.SH,-0.4342716474085042,-0.1458209618768035,-0.2930628616062857,-0.04777280519686855
2024.08.12,600039.SH,0.13985060910277058,-0.8193167830693827,1.2426964248711385,-0.6456563409407537
2024.08.12,600040.SH,-1.2716938608397195,-0.22312729469686657,1.5665807109105985,-1.7126184181929294
2024.08.12,600041.SH,-0.30402514431813676,0.08643997576204222,0.004380572814447291,-1.7553480913554595
2024.08.12,600042.SH,0.3281192354999404,0.38004819497391756,1.039470405572085,-0.7453062130214808
2024.08.12,600043.SH,-0.3601623006230263,0.4108692475440301,1.5109509457558605,-1.058759007694761
2024.08.12,600044.SH,0.34110899670844247,0.35715901228409425,-0.00035393851649829047,-0.21704541882324657
2024.08.12,600045.SH,-0.6077143986163629,0.35102204493283035,-0.24051789735231166,-0.7529053575058415
2024.08.12,600046.SH,0.301193098315507,0.08130939823885863,0.44797566370028724,1.622494737024386
2024.08.12,600047.SH,-1.7947407066106345,1.2178510850226034,0.8753145793412668,0.06605045823347638
2024.08.12,600048.SH,0.4094863072232021,-0.23383757186422086,2.477875493575966,-0.05125047668127159
2024.08.12,600049.SH,-0.3323760999752554,-0.40454178711925226,-0.25846207628577567,0.22319487188534665
2024.08.13,000001.SZ,0.3136623022583453,2.4378977683908625,-0.12363739000944289,-1.0669105456173675
2024.08.13,000002.SZ,-0.5852205243235509,-1.043644599782477,-1.440131840385715,-0.9920342019220458
2024.08.13,000003.SZ,-1.9989718659211535,-0.5302292704885708,1.210991685808107,0.2955117775730207
2024.08.13,000004.SZ,2.4046093703653177,-0.10167031143041345,1.7879573418538346,2.028445174441268
2024.08.13,000005.SZ,-1.2051230824215164,-0.8332217354405815,0.11598394895645033,-0.31378661871700886
2024.08.13,000006.SZ,-0.5592457157577525,-0.7222320994409486,0.7134688905852232,-0.45215466729153664
2024.08.13,000007.SZ,1.0788364480833113,-0.5036112166425527,0.7029586495236071,-0.6786243238797484
2024.08.13,000008.SZ,0.6481693801877806,1.895903790154852,0.5201752490990528,1.5268764681902058
2024.08.13,000009.SZ,1.383019761165092,0.23509425037378662,0.6476124397424127,-0.5120070885358894
2024.08.13,000010.SZ,0.663662467584238,-0.365182844239945,0.9629393827965695,-0.27522004432093883
2024.08.13,000011.SZ,1.1228364164603812,-1.7673916826848253,-0.46887115296340914,0.39607784743474667
2024.08.13,000012.SZ,0.9519105496105651,1.7411082177339776,0.3872755730713535,-0.9638876055540946
2024.08.13,000013.SZ,-2.6435837553927257,0.28143496324600903,-0.4485380304616678,0.7261648636271055
2024.08.13,000014.SZ,-0.5470782771349724,-0.4919917885220278,0.6629914030618346,1.3509874655100962
2024.08.13,000015.SZ,0.5581939504840978,-0.5844658968455797,1.689442487222269,-0.6961262574750082
2024.08.13,000016.SZ,0.7201771671599361,0.2935225793488488,0.0803837703511101,0.14724059877953713
2024.08.13,000017.SZ,0.7313077692983639,-0.07449282919621752,-0.9589038694025144,-0.7215347112692038
2024.08.13,000018.SZ,1.1633463964976434,0.5390565652952216,0.14373420290085395,-0.20644648266359072
2024.08.13,000019.SZ,0.9320537385667506,-0.18193361112724463,-0.2036468762371618,0.2915058335937497
2024.08.13,000020.SZ,0.8909279356087971,-0.1025991212785778,0.59700224785314,-0.6967898912643288
2024.08.13,000021.SZ,0.748713815927634,0.38760689427285655,0.18336972983994562,-0.5131408474850291
2024.08.13,000022.SZ,-0.26176924858910666,-0.19445900509864253,-0.002713312598137186,-0.7487261837652461
2024.08.13,000023.SZ,-0.4002636556803588,0.8322896080882896,-1.3667137543072472,0.7366913749482427
2024.08.13,000024.SZ,-2.0113431821915637,0.8076685557652608,1.8354018080724501,3.0928266867873226
2024.08.13,000025.SZ,0.10218941811108358,0.15148144737573085,-0.5184723902192812,-0.3508095084593457
2024.08.13,000026.SZ,0.041264796260215314,0.6619428979711526,0.7735929461562057,0.6985156253764097
2024.08.13,000027.SZ,-0.1651925246288279,0.5049137072559,-0.8762355536534119,0.459202270559208
2024.08.13,000028.SZ,0.7379021083162172,-0.7116713873042301,-0.6161352989779193,-1.1373202287895199
2024.08.13,000029.SZ,-1.0131892442457715,1.2327939382763538,-0.966710511109285,0.37102456729474037
2024.08.13,000030.SZ,-0.8082804709686617,-0.9727215394846932,0.10641527112463883,-1.2438612277528924
2024.08.13,000031.SZ,0.46925611352059915,-2.316711643634401,-1.721513218242118,0.24413786050788547
2024.08.13,000032.SZ,1.0392480444351702,-0.15674494546980067,0.5353263948480023,-0.16414930931014055
2024.08.13,000033.SZ,-0.4567585422318398,-1.3987151762628363,0.7355086252859596,-0.24190574931588327
2024.08.13,000034.SZ,-0.3691128971617729,0.9184863951380258,-0.3480225667285644,-0.8748970395402489
2024.08.13,000035.SZ,0.06107439920609381,0.17829912028898545,0.41808806489662864,-0.12254926245459553
2024.08.13,000036.SZ,-0.8931477028122436,0.7631857077991383,0.25907302698185963,1.7489344312814508
2024.08.13,000037.SZ,-0.7117239031833815,-0.010881177014052147,0.21294357194296817,0.5327322829311629
2024.08.13,000038.SZ,0.6874995703694188,-0.10754671128693233,1.5569883502765847,0.056257925864500444
2024.08.13,000039.SZ,1.3882464891138833,-0.4823397834070633,2.094223184466682,0.9189201268537276
2024.08.13,000040.SZ,-0.4037982028742521,0.3607972680890361,-0.024719720793650486,5.111548511376382
2024.08.13,000041.SZ,0.7623723797748799,0.3912920066771446,0.19987265027131026,-0.7622005057978656
2024.08.13,000042.SZ,0.034072461953770374,-0.02852372666103089,0.4634094424443571,0.7891532321130227
2024.08.13,000043.SZ,0.5743467783658041,0.0825863403290062,0.7443656275857944,1.1097168523529115
2024.08.13,000044.SZ,-0.4823170024392359,0.3877416208225553,1.0300415445977147,0.3396539558525066
2024.08.13,000045.SZ,-1.2989460654229685,-0.6618203038061816,-0.12924789279356672,0.43552726683232224
2024.08.13,000046.SZ,1.1135742460281381,0.4450837132379596,-0.4151855695998488,-0.849995605615032
2024.08.13,000047.SZ,0.21641516166624367,0.39412754506819714,0.15930263276063625,0.5112704847335237
2024.08.13,000048.SZ,0.17010933189244143,-1.8963468552108267,-2.5318219422375883,-0.6200328965817716
2024.08.13,000049.SZ,0.00953159362136617,3.31536855089204,-0.760232531141428,0.4174228257929552
2024.08.13,000050.SZ,-1.4235802687056245,-1.6016104684057684,-0.24672606760446417,-1.5575817080623813
2024.08.13,600000.SH,-0.24549670090690684,-0.004762626511824563,1.0110858048010818,-0.42575416702937624
2024.08.13,600001.SH,-0.7597947663592944,1.2976755694301565,0.6364198251514334,0.1459184278124151
2024.08.13,600002.SH,0.424504476026643,1.1088321830929553,-1.3486571684448156,-0.5869301644650812
2024.08.13,600003.SH,0.2527065786154254,1.7383996533652362,-0.5825866881042693,-0.17748918867321833
2024.08.13,600004.SH,0.595727062266956,0.40579931457019164,-0.7507338032818249,-1.1665677273789385
2024.08.13,600005.SH,1.0935699119116575,0.2782554127754899,0.4721482342222926,-1.0692600304052227
2024.08.13,600006.SH,-0.3911848417193267,-0.3955487099195071,-1.2459110707566394,0.8095709008507836
2024.08.13,600007.SH,-0.7997895504450759,0.9329831103788234,-0.44769309494028897,-0.5520860053640027
2024.08.13,600008.SH,0.6235202784635014,0.2819024196925386,0.25369787938520816,-0.6944928503797985
2024.08.13,600009.SH,0.07069551897788345,0.7163768096425259,0.6743707961374278,-0.49568452023952686
2024.08.13,600010.SH,-1.2878887565019086,-0.04536786414060271,0.8372938641478032,2.417263094777579
2024.08.13,600011.SH,0.5416743301787988,-0.6850554936227455,0.6944699592556072,1.3581223186864262
2024.08.13,600012.SH,0.6290894792891918,0.2682224459890878,1.055498523265649,1.1235702601083737
2024.08.13,600013.SH,0.03521084669067481,-0.7032857260784245,-0.5016796444392015,-0.6048762131190433
2024.08.13,600014.SH,0.8207203069404941,0.6362200476006183,1.2071940578928038,0.41619012796358307
2024.08.13,600015.SH,0.02391811568059251,1.2401869295641448,-0.0633399253108618,0.14557547973263113
2024.08.13,600016.SH,-0.49171577242011616,-0.7195240225194276,-0.45511230176238593,-0.47119423544991434
2024.08.13,600017.SH,-0.5873066464781808,0.5822020184198577,-1.4753575155218022,0.925004611780196
2024.08.13,600018.SH,1.9660665064713052,0.747357186793608,0.025192088146551578,0.6937385664942963
2024.08.13,600019.SH,-1.4156672811637452,-0.23849749038366083,-1.129319680334968,0.32243481501938226
2024.08.13,600020.SH,0.03554030686633444,0.04309050499134314,0.7546779894190517,0.22650710112748193
2024.08.13,600021.SH,-1.0458279576979668,-0.3577790810610914,0.11826585716040483,0.624943787761995
2024.08.13,600022.SH,-0.691767964486672,-0.04585961424289479,0.9045143680649216,-0.013568674522756155
2024.08.13,600023.SH,-0.43590652376929195,0.7109767413316262,-0.2473861920520279,0.27802148502251706
2024.08.13,600024.SH,0.7073802511738466,-0.5448391998053986,-0.6689036760837119,0.14806218521557596
2024.08.13,600025.SH,1.4836034533400768,0.4258790458268765,0.611473809914981,1.0031574955374956
2024.08.13,600026.SH,0.07493678281806478,3.33623180361762,-0.27588328629693515,-0.7808972169689447
2024.08.13,600027.SH,0.4625491124701839,-1.1653693203190028,0.11272887710632588,-0.0038277237845356664
2024.08.13,600028.SH,-0.5218582361270535,0.9966647934215249,-0.41757408041338145,0.3300409641932166
2024.08.13,600029.SH,0.09234935635586065,-0.7873495871704057,-0.08819172450488345,-1.1980687423640022
2024.08.13,600030.SH,-1.605896832920109,-0.054690321034781865,0.8298541496551345,-0.7595141342037462
2024.08.13,600031.SH,-0.34488562944054757,2.965061389780151,0.11044687235791466,-1.0533296621650217
2024.08.13,600032.SH,-1.3115284474819549,0.15588298505084897,0.3392508424394663,-0.6176205298143548
2024.08.13,600033.SH,0.15010507406130724,-0.19549258603369868,0.09141632326929798,0.6148618466221369
2024.08.13,600034.SH,0.0029739479756701044,0.6397648344841758,0.6117418004354961,-0.4738487939853223
2024.08.13,600035.SH,-0.652330140076677,1.3922963045741434,-0.2384670215884533,1.6338801911206147
2024.08.13,600036.SH,1.572655407714089,0.48036100448669866,-0.6781692600051726,0.13057276903618265
2024.08.13,600037.SH,0.18099806435299104,1.4983277985413372,0.2663721525564794,-0.3743365564896599
2024.08.13,600038.SH,0.0818148846243489,0.24529247350904892,1.0893343891650233,-0.6101333491223929
2024.08.13,600039.SH,-0.7941562281312073,3.6310451261880186,-1.4652127975030405,1.1329761995618586
2024.08.13,600040.SH,-0.9996586837888216,-2.806913089635668,-0.6702844074396214,0.4709886851516094
2024.08.13,600041.SH,0.6464535009462712,-0.3546958524264069,-0.029472662006708755,0.9948951797514191
2024.08.13,600042.SH,-1.5158987318411048,1.1858858632140334,-1.066849976481945,-0.6048744026298928
2024.08.13,600043.SH,1.104898603014689,0.6300833707129356,0.8982943301570301,-1.147641187427123
2024.08.13,600044.SH,-0.9586358087818674,0.7286163417900654,0.2058850042737159,-1.5385215873942468
2024.08.13,600045.SH,0.044497749026098175,1.87351096523871,-0.6482553961049267,1.1000550081786986
2024.08.13,600046.SH,-0.7269852195320471,-0.13584873601390107,0.5531077079190568,0.5409416361316735
2024.08.13,600047.SH,0.5357211819651784,1.1646623289303772,-0.03845177407830236,-1.01441520027346
2024.08.13,600048.SH,0.18474406750826358,-1.3120217248177637,-1.4334475770727404,0.6060582995256609
2024.08.13,600049.SH,0.8709511338417459,0.13441144447022485,-1.3299499000851593,-0.3590297901585287
2024.08.14,000001.SZ,0.3429906598615616,1.8542545100431866,-0.12161257366504738,0.7298312393111398
2024.08.14,000002.SZ,1.3913716868566801,-0.30705600514068626,-0.6441357943425848,-0.8583731141125078
2024.08.14,000003.SZ,-0.8242409702089518,1.3717855812796382,-1.4313332672324,-1.2346110601755897
2024.08.14,000004.SZ,-1.0299682280542086,-0.6729288743880131,-0.49573200905121084,-1.4800384493434797
2024.08.14,000005.SZ,-1.0900934085446778,-0.4437560424839949,-0.3932155948418898,0.6926737084638858
2024.08.14,000006.SZ,-0.9368798319348332,-1.6824839815730002,-1.3738494788225044,1.6976747097200602
2024.08.14,000007.SZ,-0.3612660131831595,1.0041570072520467,0.07903528934335106,2.7505064235424266
2024.08.14,000008.SZ,-0.8218798314450376,0.07607762418184692,-1.6844309684234366,-0.4052838408319685
2024.08.14,000009.SZ,0.3176963609578106,-0.694358556981946,-0.5227921022502534,0.09472281421720694
2024.08.14,000010.SZ,0.0055026066508799135,-1.2423940218523055,-0.052195088240400034,-1.1436658031585667
2024.08.14,000011.SZ,-0.03958565106666629,-0.5754891517627277,-0.753612163376372,0.3429452354135482
2024.08.14,000012.SZ,1.2859218662362817,-0.22338626609300402,-0.5273833596811254,0.020987456969401103
2024.08.14,000013.SZ,-0.1380471423838909,2.1733505860184295,1.4333452261271045,-1.1358504549943824
2024.08.14,000014.SZ,0.6323539603309584,0.06546572401802575,-0.2872313567855441,-0.7445514075069709
2024.08.14,000015.SZ,1.924087625848909,-1.2868709007069314,-1.2284439235778726,-0.6148676730991258
2024.08.14,000016.SZ,0.10595232095355399,1.8299836255060828,0.09948662702196258,-0.8058425079744634
2024.08.14,000017.SZ,1.0004943294646553,-0.6673658618574275,0.45169434769103545,-0.7459573601437045
2024.08.14,000018.SZ,-0.34455932007766177,0.5451631244355277,-0.011100424517244524,-0.9965145931872759
2024.08.14,000019.SZ,1.0164617353077572,0.489776128135729,0.18536543211185613,-0.6645037684668192
2024.08.14,000020.SZ,0.46686128090742995,-0.053812978107115744,0.9177109824578528,-0.030368192343405542
2024.08.14,000021.SZ,0.7742261635470461,0.552409530773659,-0.9466890454545598,0.2965466505257912
2024.08.14,000022.SZ,0.6369783890697703,-0.7918121298835079,0.19460552091662187,-0.5333939156701271
2024.08.14,000023.SZ,-0.7501449032109059,0.7309511087061485,0.5033894339549105,-0.2580839204959968
2024.08.14,000024.SZ,0.2684633401301992,0.46318674500764134,-0.811035174143209,0.18520873018842243
2024.08.14,000025.SZ,0.3374830606078962,1.2573306733357406,-0.8388902004128838,-0.6498023079178533
2024.08.14,000026.SZ,1.2788214794884083,-0.23285847438278617,1.0774987150409867,-0.5841549148814007
2024.08.14,000027.SZ,-0.9708610411931313,-0.21221615595982146,0.24980152652129065,1.2772655439706957
2024.08.14,000028.SZ,1.010981585587657,-0.559746384152903,-0.17643699046916317,0.6437850280783626
2024.08.14,000029.SZ,-2.9925481360563024,-1.67636106604322,0.41650056370641736,-0.5395850044728311
2024.08.14,000030.SZ,1.2279177474077068,0.40434578051059217,0.7780370193686025,1.6500973084342003
2024.08.14,000031.SZ,0.6655127018830819,0.8506491164792922,0.7269503740573009,-0.7531151389914361
2024.08.14,000032.SZ,0.4948879298331162,0.25146860903848023,0.14616201361637426,-0.23227559981002524
2024.08.14,000033.SZ,1.9010204301309601,-0.22258274172678574,0.2537634020517087,0.22814980913563948
2024.08.14,000034.SZ,0.8277261308564635,-0.9159758269921785,-1.2988104199014479,-0.33280400870538396
2024.08.14,000035.SZ,0.043539738778142774,-0.5279665342164322,0.2536374178598085,0.04781902122242833
2024.08.14,000036.SZ,-0.4891118553366044,1.029191231012718,0.7877809491598439,0.11575199808702182
2024.08.14,000037.SZ,-0.34701621648788533,0.35529551163625434,0.17280319024733906,-0.4571034728802753
2024.08.14,000038.SZ,-1.4913788276778845,-0.8884181532719644,-0.6095670389606787,0.8279584716474944
2024.08.14,000039.SZ,-0.03862764144108843,-0.0957845910311381,-0.6497393193757284,-0.6199277094879265
2024.08.14,000040.SZ,-0.2291319291627693,0.5754740163397909,2.618178857325496,-0.9144769825889587
2024.08.14,000041.SZ,0.8366523938149423,1.2305569429405872,-0.11619880396701408,-0.705945534996178
2024.08.14,000042.SZ,0.41552599104132815,0.22551591377795288,-0.5176411465994225,-0.4962061938188335
2024.08.14,000043.SZ,1.2121663846859285,0.44738950280133327,0.4342222921718553,0.1063486504692945
2024.08.14,000044.SZ,-1.278220233347396,-0.5205150630611705,0.10053545339069801,-1.4388758828424197
2024.08.14,000045.SZ,-1.4283527305986803,0.20453128417530891,-0.22967476065878664,0.35965004139851975
2024.08.14,000046.SZ,1.0155854749620188,2.6476391917236013,-0.05430600281858523,-0.8052748184008
2024.08.14,000047.SZ,1.7094183445350768,0.22579069437974958,-0.15481553079305826,0.0890324321860434
2024.08.14,000048.SZ,-1.7047815984002088,-0.41315653212052084,0.4514909858566722,-0.5459944195170586
2024.08.14,000049.SZ,-0.21871720164883773,-0.5100435817024344,0.16873223122721165,0.07558130498297352
2024.08.14,000050.SZ,-0.2829070492804419,0.05701421300606499,-0.4343457297174329,0.030463441745875865
2024.08.14,600000.SH,-1.1752690886906714,1.4114903242228236,0.8443734444704036,0.7691588275120081
2024.08.14,600001.SH,0.49820321866813166,0.5845281168073971,-0.14415102988707196,-0.6461367576095081
2024.08.14,600002.SH,0.8039614707683428,-0.24802749563626877,1.1716034801510467,-1.103665301487345
2024.08.14,600003.SH,-1.70492070934642,-1.3671497452418242,-1.3813380283132852,0.03568339001872044
2024.08.14,600004.SH,0.11453137933743138,0.7157584539169247,0.42989572020467026,-0.18157936493629412
2024.08.14,600005.SH,-0.21849042221068174,-0.4416735439649813,-0.48531619599480125,-1.4236657184906305
2024.08.14,600006.SH,1.3206384956756603,0.7361507475650557,0.043261973138757515,1.6817742824516895
2024.08.14,600007.SH,0.9559260553786074,2.0612822815164824,0.2577604547993565,0.22662877691942585
2024.08.14,600008.SH,-3.023945819330696,0.030567346459998094,-0.5286316372779298,0.5576460096697815
2024.08.14,600009.SH,0.045360586005055624,0.13474226022213195,-0.2230514232020166,0.3095945937221452
2024.08.14,600010.SH,0.14332465734593658,1.4561667520952348,1.112584634076841,-1.0065805729486028
2024.08.14,600011.SH,1.0901475591731966,0.022450138308845517,-0.35077633798407803,-0.4216737779248276
2024.08.14,600012.SH,-0.1736616865644226,-0.19346068467180522,1.216297741075168,0.6212618398081752
2024.08.14,600013.SH,-0.40813818804608587,0.9060666320304315,0.5561793226741327,1.3003461720215148
2024.08.14,600014.SH,0.8620610673971397,0.09490160895775518,0.3194757653253089,-0.30434363907397527
2024.08.14,600015.SH,0.20908600875154285,0.3954550214941182,-0.5873969291610857,-0.6501818783140699
2024.08.14,600016.SH,-0.42019675023727865,0.11897174675688567,0.0690691197679386,0.09787446184917778
2024.08.14,600017.SH,-1.0769802178418932,-1.0378425192568674,1.5942907536998876,-1.835871184787685
2024.08.14,600018.SH,-0.7943035113303705,-0.16902023707837036,1.9168853993667596,-0.8763708918238551
2024.08.14,600019.SH,0.8714732323081481,0.24683166977128312,0.4386992814678752,-0.51810747450521
2024.08.14,600020.SH,-0.0939303576887313,-0.2904934469056079,0.3594082242990399,1.684216975461062
2024.08.14,600021.SH,0.5301157012005097,0.046283454941911426,-1.173290512549562,-0.15805264968454322
2024.08.14,600022.SH,-0.29062858822669946,0.15784506735552833,-0.5597933501866209,-0.6019488975517961
2024.08.14,600023.SH,0.9883663979321956,-0.9440349117544009,-1.3264578592101366,0.7717766558736296
2024.08.14,600024.SH,0.516944620559388,0.5309810398306761,-0.17400477928780328,-1.0513353247299717
2024.08.14,600025.SH,0.7134846648043088,-0.19174610738525713,0.12918495974556085,0.05129259132032924
2024.08.14,600026.SH,1.3620931356501695,2.496166409409409,1.5007899466118837,-0.1385117588756012
2024.08.14,600027.SH,-0.6256264320710178,-0.23949189043515573,-1.7628938960863643,-1.410158320389417
2024.08.14,600028.SH,0.8515327724729168,0.8190873398551145,-0.08559538585222823,-0.822863896083736
2024.08.14,600029.SH,2.6382289143821196,-1.3657273629266544,-0.17499935409469775,0.3982549530529311
2024.08.14,600030.SH,0.9619431635791805,-0.18021995464668827,0.0026574400878234873,-0.3362225660903892
2024.08.14,600031.SH,-0.4256459506226419,-1.4213589879197337,-0.8452047478418482,-0.9390066877536387
2024.08.14,600032.SH,0.9990467466224479,-0.48234849179632544,-1.4463499815695513,0.8993529969840854
2024.08.14,600033.SH,-0.8584293277840466,1.7124655359471004,-0.3973402660341934,0.09366229220917159
2024.08.14,600034.SH,2.0082224523013306,-1.162123960886099,-1.5375420683377625,1.0380078673266118
2024.08.14,600035.SH,0.9510695269470985,-0.5284421780104177,-0.943054414298651,-0.21130679941216116
2024.08.14,600036.SH,0.42682745716045906,-0.1367851864379553,-0.23720932092926275,-0.6381754262710254
2024.08.14,600037.SH,-1.5852003546687743,-0.40467622410591186,-0.1405270559064091,0.6575061465688726
2024.08.14,600038.SH,-0.06654998803597915,0.04929018390203601,-0.1736479687844833,0.12989782426512164
2024.08.14,600039.SH,-1.447380639056598,-1.3698416421524913,-2.261100206035809,-0.0037638579375012114
2024.08.14,600040.SH,-0.7699142408612089,0.5511228272581594,-0.6072629885752746,0.6927546284170689
2024.08.14,600041.SH,0.19370078918624048,-0.6407843213390837,-1.566506162170924,2.3112159553848017
2024.08.14,600042.SH,-1.888918958028782,-1.7092052097482262,-2.2752151452960785,-1.1945964958880988
2024.08.14,600043.SH,-0.6187805790734774,0.43919912491919383,2.5967886444216357,-0.16200686494891922
2024.08.14,600044.SH,0.6531223775846502,1.5943750438936257,-0.40286218520036104,-0.6612530703413938
2024.08.14,600045.SH,-0.5243125879102982,-1.2101298511599536,1.5769054320100035,0.8890640081421889
2024.08.14,600046.SH,1.1652022182155897,-0.5793674597283061,-1.7150675464465501,0.4646516268227105
2024.08.14,600047.SH,-1.4214697259587579,-0.5724522236398378,-1.212340288723459,-0.08883983818908668
2024.08.14,600048.SH,-1.9658720536376373,-0.044458105221350366,-0.41760182890431025,0.5880490289997604
2024.08.14,600049.SH,-1.1268789959767538,-1.0725056527398473,1.572918475281708,-0.6888753585320636
2024.08.15,000001.SZ,1.3208691633872014,-1.5595652513493858,-1.1525540414050157,0.08538465059734958
2024.08.15,000002.SZ,-1.302795142019324,2.1665993083271227,1.0972870590290704,2.0512063115715526
2024.08.15,000003.SZ,-2.2397468309224116,0.012655362641566753,0.18649887582532695,-0.2773784385232688
2024.08.15,000004.SZ,-0.5542795997820859,-0.7384992588061351,0.0049113806272223625,-1.5176524690410738
2024.08.15,000005.SZ,0.4213603119300095,-0.06175365169250063,-0.3203193288833837,-0.1276349057250044
2024.08.15,000006.SZ,1.1607547330115668,-0.8884806831487547,-1.1254808211654996,-0.5891085115537047
2024.08.15,000007.SZ,-0.04282612643952586,-0.11875689868631044,-0.6749896676958933,0.08135198826960585
2024.08.15,000008.SZ,0.3476610667916367,-0.7993686642721769,0.786545879958668,0.6370568905262206
2024.08.15,000009.SZ,0.8239120458587664,-0.41781129688092755,0.40815531004677297,-1.1074066626495296
2024.08.15,000010.SZ,0.8180594977516635,-0.5319782181041521,1.0345668747220724,-0.02729908031951397
2024.08.15,000011.SZ,-0.7037792544922025,0.4468617397539395,0.6387237123021988,-1.086641312054603
2024.08.15,000012.SZ,0.14639198703266598,-0.26472079752631333,0.6388127233263078,-1.317148497516825
2024.08.15,000013.SZ,-2.6852543344825963,1.4238377797387607,0.8635284854710505,4.109362113108032
2024.08.15,000014.SZ,0.533367639722821,0.1766641033897251,-0.3594822594405742,-0.54840321393515
2024.08.15,000015.SZ,0.7135587355382258,0.31074270665874576,-1.1947622975333667,-0.5754855385872341
2024.08.15,000016.SZ,0.4897478209373413,0.19029195799465096,0.8014964951487725,-1.551243014268475
2024.08.15,000017.SZ,0.6764866076490943,0.46438449950703303,-0.2830106447191123,-0.2615261592265593
2024.08.15,000018.SZ,0.4769521962234363,0.3361216803273026,0.1869774291186939,-0.7357535668767294
2024.08.15,000019.SZ,-0.39470704843980126,-0.8988012125650019,-0.997940051908302,-0.4591805343859235
2024.08.15,000020.SZ,0.747904959835728,0.8983777278689705,1.0706115965210727,-1.0530306049109377
2024.08.15,000021.SZ,0.9170747719143132,0.5774843140879244,-1.059330507210755,-0.02458315001734814
2024.08.15,000022.SZ,1.8146537787744108,0.05221733221529727,1.4863547301114952,0.12602275118811235
2024.08.15,000023.SZ,1.378888528870845,-0.7895858015563556,-0.5835082852388289,0.6790726764577968
2024.08.15,000024.SZ,0.23014532451639647,-0.30816483634397324,-0.42839790000613853,0.3296998070315488
2024.08.15,000025.SZ,-0.6225839846662216,-0.9077901852956849,-0.7422594569312193,-0.6309588584677556
2024.08.15,000026.SZ,-0.6350705225641161,1.1539991898617212,0.17661518784356184,-0.6216812253247154
2024.08.15,000027.SZ,-0.15095682353214848,-0.5717791674018795,-1.3925058534260832,-0.9099101091681758
2024.08.15,000028.SZ,0.5162921439259915,0.09300564582030203,0.3123873749894158,-0.7074367673080365
2024.08.15,000029.SZ,0.7226207140954861,-1.919564579723559,-0.627455784759949,1.5501568599454425
2024.08.15,000030.SZ,-0.16106082498297639,-0.9357548652142073,-1.0701976881023623,-0.15555607055204404
2024.08.15,000031.SZ,0.8066646747762264,-0.8185546542473074,-0.8546436614410877,-0.704199130770688
2024.08.15,000032.SZ,-0.9338483622653092,-1.4739058344233318,0.23065387223539027,-0.3210088721189557
2024.08.15,000033.SZ,-0.9636845205815565,2.058036941767939,-0.7161110320010827,0.7477609715608968
2024.08.15,000034.SZ,0.6494397232779473,-0.15184437992577215,-0.3820302732914945,-0.7966636407533275
2024.08.15,000035.SZ,-0.30202438598255293,-1.6543644786998206,-0.6054712007961793,-0.572014851839556
2024.08.15,000036.SZ,0.17362622756360996,-0.0946271125906995,0.5438159308026738,-0.34137748800460016
2024.08.15,000037.SZ,0.48041854194951983,0.23693861270628092,-0.12893875612240668,-0.7141588452889228
2024.08.15,000038.SZ,2.0962163229075417,-2.3490307354539803,-0.2947904091838556,0.2995804572391216
2024.08.15,000039.SZ,-0.13484233596915107,-0.39920890246488994,-0.21013104905910587,1.1509382712971665
2024.08.15,000040.SZ,-1.3100984583858364,2.8424978564465584,-0.633648738065812,0.7957502949565397
2024.08.15,000041.SZ,0.9217146021318147,0.30389128122916487,0.07162568128173527,0.23461498352181578
2024.08.15,000042.SZ,-3.1545292465448926,-1.975127719330504,0.8949319758342343,2.053825580591835
2024.08.15,000043.SZ,0.1147328897921752,-0.027651313451415752,-1.1517910571164294,0.8324477946040262
2024.08.15,000044.SZ,-0.2672751477463556,-0.10089071397243418,-0.16130813688540332,-0.39307679490771597
2024.08.15,000045.SZ,-0.3057548051714822,-2.0322809595651354,0.06526737951293494,0.06306036818446464
2024.08.15,000046.SZ,-1.353102426910242,0.16167928644319618,1.0750607168039896,0.08427553674498306
2024.08.15,000047.SZ,-0.27253733320258183,-0.21430311346450606,-0.35639763580796113,-0.7588503477311797
2024.08.15,000048.SZ,0.4836610681492492,-2.0083320010795016,-1.478884272683917,-0.11758483223381572
2024.08.15,000049.SZ,-1.3445033779696864,-0.7040193811611359,-1.5833964973255117,-1.0496924849439573
2024.08.15,000050.SZ,1.175834598878508,1.0999301508270491,2.5089762932263486,-0.470336909460477
2024.08.15,600000.SH,-1.2043982110478975,2.701602057975308,0.37523774368794166,1.6135500231919113
2024.08.15,600001.SH,-1.1780039699633544,1.269332543057837,-2.1758724874350683,0.9468793398314541
2024.08.15,600002.SH,0.760345686293013,1.1562272759193968,-1.3721205185407859,1.01694969351111
2024.08.15,600003.SH,-1.5309892217913406,0.7836849447360019,0.4085690341466263,3.287603760408099
2024.08.15,600004.SH,1.1741431308782257,0.16109085141593915,4.148027059851344,-0.06641292144316327
2024.08.15,600005.SH,-0.4208081074256057,0.9877973454190141,-0.7604738777547589,-0.6048584998425989
2024.08.15,600006.SH,0.7542987679277284,-0.33607049301090547,-1.8934737682214537,1.0212461541061948
2024.08.15,600007.SH,0.029793222730591765,1.9715710503055137,-0.7415143110849346,0.07178146832148141
2024.08.15,600008.SH,-2.037686327466211,-0.27839255617023884,-1.7053714657229666,2.256597741812394
2024.08.15,600009.SH,0.5590120046341708,0.9155282024896954,0.1656815944786546,-0.2185698302884988
2024.08.15,600010.SH,0.4111615626398745,-0.6047130311447905,0.404627059375035,1.2640372882766198
2024.08.15,600011.SH,-0.29258595847438856,-0.045977192154209694,2.0138328305532185,-1.0663296105562368
2024.08.15,600012.SH,-0.15726996078334415,1.195539415900778,-0.7662342789406521,0.6004073120256245
2024.08.15,600013.SH,0.15662494694489182,0.8204319694388141,-0.5885013078277636,1.3256349831416634
2024.08.15,600014.SH,0.1792391623147543,0.1644006836891125,-0.15144475126385976,0.4207682654813006
2024.08.15,600015.SH,0.6693443584483468,0.029746014157805752,-0.14282927747182791,-1.288515548361404
2024.08.15,600016.SH,1.793751891166609,-0.8467040525329729,-0.4145738939334298,0.5586008960397083
2024.08.15,600017.SH,-0.14255951489243732,-1.7945785326287562,1.1229698792870093,1.3680803604111118
2024.08.15,600018.SH,-1.6335285936966146,0.4732685839046072,-0.35204451289854244,-0.5926121497189463
2024.08.15,600019.SH,0.0342173123142651,-0.6040615176743404,-0.5497260284463152,-0.006892561136885682
2024.08.15,600020.SH,-0.6990636839989015,0.5156120541975328,-0.2955529850522646,-1.1382687668633176
2024.08.15,600021.SH,0.29867706097886565,-0.23981189753557172,-1.1161740996391016,-0.6762374372997293
2024.08.15,600022.SH,-0.6725047143492818,-0.8335422259480084,0.27213826844735656,-1.0750600687335634
2024.08.15,600023.SH,-3.5304909918875262,-0.985012098815015,0.8713787885772252,-0.8174604412083429
2024.08.15,600024.SH,0.9183544059959867,-0.5083300664833741,-1.57946726068106,0.266478730180811
2024.08.15,600025.SH,0.19484599856281815,1.5041003631864955,-0.779875628826714,-0.39567347920787427
2024.08.15,600026.SH,0.09753476698688786,0.383481725248847,-0.022944652911346404,-0.7934011962502666
2024.08.15,600027.SH,-1.2671760400415824,-0.6882996031616452,-0.33075185705031723,1.0151096512323343
2024.08.15,600028.SH,1.7995984818324053,-0.1355304205660831,0.9134740116278626,3.88700404644888
2024.08.15,600029.SH,1.1312245260675973,-0.2273866441320361,1.218385374348085,0.429029789654605
2024.08.15,600030.SH,-0.09701716386482429,-0.12947171111514558,0.8885975704244511,-1.2005937628121561
2024.08.15,600031.SH,0.5389858883083617,-0.9712118797714451,-0.8127706944905038,-0.4744874793187834
2024.08.15,600032.SH,0.795393736327932,0.6029530276506302,1.8452379596114343,-0.5274810608252894
2024.08.15,600033.SH,-0.7045659866592971,0.628682044226058,0.21535897642142054,-0.6596677032544063
2024.08.15,600034.SH,-0.3680622541983731,1.4787520401126288,-0.7765649233680242,0.4244955122058831
2024.08.15,600035.SH,1.606162069497338,-0.9817810197179283,-0.21839664748382356,-0.34059530330966115
2024.08.15,600036.SH,0.2147340575357114,1.1048560622911863,-0.2562050417785631,1.7511994194833118
2024.08.15,600037.SH,-0.18327091456912775,-0.07536827401390564,-0.4275559747313763,-1.0646194076369393
2024.08.15,600038.SH,0.1792205614344623,-0.41352469083649684,1.0501052823888803,1.6061845518467408
2024.08.15,600039.SH,0.45131836099454725,-0.5062105024931896,0.20905988172571344,-0.06734826485866317
2024.08.15,600040.SH,-1.6266624857821306,-0.9858124443076498,1.1863644867663565,0.7428097272320796
2024.08.15,600041.SH,1.1245897088597605,0.535500454471541,0.015278189283553418,0.42100969847983416
2024.08.15,600042.SH,0.2094593278652865,0.2800361566557464,0.964237659897605,0.4130209264919958
2024.08.15,600043.SH,1.6842760187601122,-1.3336924221396254,-1.6482473716728308,0.8219848842329596
2024.08.15,600044.SH,-1.256900905978261,0.24876831109946143,0.7787141848704109,1.4470240495516102
2024.08.15,600045.SH,0.06881858770700214,-0.8720077761542012,-1.7307256979349148,-0.7123116639480919
2024.08.15,600046.SH,-0.7974882771309544,-0.17583214161415242,0.8937882271441764,-0.40113371529720343
2024.08.15,600047.SH,-0.487416923729331,1.6555681785224878,-0.6153745728965881,-1.7257138996973498
2024.08.15,600048.SH,0.3190949379502829,-0.5445604292297241,1.8302547088866037,-0.6875528738587804
2024.08.15,600049.SH,-2.193075777141748,0.8725901255531325,-0.7524796825609956,0.037461773002005934
2024.08.16,000001.SZ,-0.701724736027712,0.26248725510055143,0.22301336142298722,-1.7730346337946692
2024.08.16,000002.SZ,0.5964702098450297,-0.2971129763538516,-0.07637767848106844,0.7767781418497341
2024.08.16,000003.SZ,0.9658348327532433,-0.5720249997650505,-0.3093306077154389,-0.31073615324295034
2024.08.16,000004.SZ,-1.7200129244637974,-0.5401669784307268,-2.133994277976252,1.1818720608228783
2024.08.16,000005.SZ,-0.7265626194853643,-0.41178345091647844,-0.36448394459362293,0.042094367399892474
2024.08.16,000006.SZ,-0.05692803560769849,0.29505902222205277,0.05549898471284562,0.6163359957907072
2024.08.16,000007.SZ,-0.5393931191809455,1.7854291707135335,0.7541569611904048,1.8106773242087246
2024.08.16,000008.SZ,0.018901236131234175,-0.2989899525640315,1.2909616936201351,0.30239430302978787
2024.08.16,000009.SZ,-1.5035025045545745,-0.5715042492334739,0.5852861296080042,2.047425693008706
2024.08.16,000010.SZ,-0.1264278465089099,-0.11355188882553986,1.9213518463320673,-0.46364430791003464
2024.08.16,000011.SZ,0.049995018697099,2.0003385098541804,-0.6877527442833697,-0.44831935872211004
2024.08.16,000012.SZ,-1.5457041200171795,0.10592187248058435,-1.731899121525582,0.6806098240275104
2024.08.16,000013.SZ,-0.3285343257700121,-0.6753324966189349,0.4129188134226283,0.1879680999711897
2024.08.16,000014.SZ,0.36041920368079955,0.425589553209739,0.31417773130129456,-1.2074626383119156
2024.08.16,000015.SZ,-1.4366111461705813,0.10630533986222702,-1.0305338952919263,0.4645267850673083
2024.08.16,000016.SZ,-1.6504033640564273,-0.6044461609444963,1.251970025706258,-0.8683587936397665
2024.08.16,000017.SZ,-0.4060620029115098,-0.3124096452658801,-1.3608737488099627,-0.05253108828671418
2024.08.16,000018.SZ,-3.1810593470686026,0.8967128303459325,-0.746462970707067,-1.4670622590936209
2024.08.16,000019.SZ,-0.6985994549588476,0.7025110162304158,0.27038254203373946,-0.05451141167120237
2024.08.16,000020.SZ,-1.457855914009964,-0.8492419563523638,-0.39555954123408515,2.4100962426291193
2024.08.16,000021.SZ,-3.3445692101775735,-3.8612006031387422,0.3375189548361902,-0.4945151720259277
2024.08.16,000022.SZ,-0.9572762264435426,-1.27968473104781,0.270087518795806,1.0250892615302853
2024.08.16,000023.SZ,-0.37182215817447317,-0.46596207368763304,0.13829313198908227,-0.8571092859839328
2024.08.16,000024.SZ,1.4870901967168713,0.16269519777592703,-0.4469278861168093,0.0257433147356363
2024.08.16,000025.SZ,-0.4563273674478818,-0.5583962909694405,0.4480677320315106,0.8595881441082345
2024.08.16,000026.SZ,-1.2511092135854256,2.19891878230599,-2.0508545285951323,1.133900673297912
2024.08.16,000027.SZ,-2.310197206844604,-1.0183619926927352,-0.34848359925557437,-0.4921460712039708
2024.08.16,000028.SZ,0.38301091421423894,-0.39299073034535664,0.8001569410049777,0.34200805124355727
2024.08.16,000029.SZ,-0.4699753961738188,0.8278493899589152,-0.787623569390306,0.4918845263699169
2024.08.16,000030.SZ,-0.15104248966652573,-0.2577763309448094,-0.676931753004369,-1.544255612152288
2024.08.16,000031.SZ,0.21987246406977795,-0.5352861663790474,0.4186787387656882,-0.8181470324332091
2024.08.16,000032.SZ,0.2011105633667682,0.6139643928954702,-0.581261765896243,1.090061795630319
2024.08.16,000033.SZ,-0.856049997169858,1.7314750065937692,-1.3635330602254716,-0.2500262469025656
2024.08.16,000034.SZ,-0.28966873415709943,-0.15511025302588766,-0.9828573737642559,-0.7060321708758295
2024.08.16,000035.SZ,-0.2749063154516478,0.8762460711560782,0.4075027288322328,-1.1340695455907528
2024.08.16,000036.SZ,-1.7827003225021743,-0.6042527211165464,0.34869076025476675,-0.8639019213856394
2024.08.16,000037.SZ,1.5785242294962787,-1.177013399027223,0.21806153138324252,-0.26082097599140885
2024.08.16,000038.SZ,1.0769585806527813,0.22033040536888446,0.5282679842699123,-0.5379493664684906
2024.08.16,000039.SZ,0.8359235263942053,-0.1329944280313243,1.0872701721616802,1.3372070865399461
2024.08.16,000040.SZ,-0.8918840839668812,2.0631860592117732,1.3981387248488837,3.0253920799880647
2024.08.16,000041.SZ,0.5980141844719118,1.2694547006591026,-0.43633250898559484,-0.7941211477742556
2024.08.16,000042.SZ,0.7082702654005285,0.8306371564722962,-0.17338180309187629,-0.7043233134129966
2024.08.16,000043.SZ,-0.47283562808500107,-0.5191971045182086,-0.6656498777165484,-0.06632267183236375
2024.08.16,000044.SZ,1.0969042831794955,-0.0036685510274770163,-0.6421885041606448,0.9561372166121456
2024.08.16,000045.SZ,-0.2233605007905801,0.05006898052006486,1.2279051557098486,-0.18310621752740502
2024.08.16,000046.SZ,1.4257582498824166,-1.2080059226846114,1.9117956649801497,-0.49325016905790003
2024.08.16,000047.SZ,1.6201849898315244,-0.2942962923022708,0.14645322353647913,0.18568554051954692
2024.08.16,000048.SZ,-0.33514380770928576,-2.187389894676997,-0.9883508891501371,0.5313759364073837
2024.08.16,000049.SZ,-0.4370473952325393,0.11352488391444432,-0.02735252920097468,0.07094841352231461
2024.08.16,000050.SZ,-1.3061355943549071,2.221271521403675,0.7322288829383933,-1.0925541514769552
2024.08.16,600000.SH,1.0558517903748184,-0.33057962558794113,0.9347093163653715,0.022201828137277706
2024.08.16,600001.SH,-1.40499808546782,-0.8109735119494983,0.29638543146854607,-1.3750542769038763
2024.08.16,600002.SH,0.7013573248127272,-0.4576880635138979,-0.9272777535321536,-0.9125657400777117
2024.08.16,600003.SH,0.8352206794966157,0.8174606609788543,0.39151425304320625,-0.728614072799568
2024.08.16,600004.SH,-0.5996476067112403,-1.0887737156680393,1.129229162923406,-1.3063874555637593
2024.08.16,600005.SH,0.435169282083663,0.7703748388241543,-0.22160824183208458,-0.41858695993906553
2024.08.16,600006.SH,0.9810680905818124,0.7503133182835927,0.1474934009253215,0.6011618324967946
2024.08.16,600007.SH,0.36164020472550423,-0.7747145761534643,4.04702950565947,-1.0929900060952231
2024.08.16,600008.SH,2.7589138915198017,-7.162524275831792e-05,-1.0091214422362476,0.4539406574970822
2024.08.16,600009.SH,-1.5666967915346466,-0.1352800249030229,1.3566451724870465,0.7285652662886689
2024.08.16,600010.SH,0.7882624858665647,-1.2137802067337153,0.7938515499293265,1.6222179154660652
2024.08.16,600011.SH,-0.9842259780733719,-0.4117151138207518,0.7616793311842138,-0.3635506747956308
2024.08.16,600012.SH,-0.6302678597587139,0.006113723052550696,0.5584166406327208,-1.3104073347676368
2024.08.16,600013.SH,0.5643301709588768,0.06924639168930292,0.02068272785674685,-0.16730646575543065
2024.08.16,600014.SH,0.766826653844883,-2.4886351534932225,-2.9984880291274894,0.2956174310836794
2024.08.16,600015.SH,0.06159653284448456,0.2343702535679856,0.6682669034852479,0.567650047009472
2024.08.16,600016.SH,0.6625467843623519,0.8562942317126838,-0.3403077762047153,-0.18133302702560808
2024.08.16,600017.SH,0.3263249101144758,-1.000646575248407,0.4326078497750582,0.9199862777852854
2024.08.16,600018.SH,0.22037723150293417,1.4632644463696105,1.0917498626003677,2.394274078845533
2024.08.16,600019.SH,0.46292103347701286,4.174293478179338,-0.7272575814534172,0.185440335200621
2024.08.16,600020.SH,-0.984465325121116,-1.0049537683263916,0.7611507337690268,-0.1596777921939756
2024.08.16,600021.SH,-0.2793016608698981,0.3811862879367224,-1.6847058818886325,0.060022393734961446
2024.08.16,600022.SH,0.5191662828094041,-0.4327114233074134,-0.6055970121227778,-1.1734544700337273
2024.08.16,600023.SH,-0.061159197056824696,-0.30910368855703624,0.24457314628005836,-0.3044166168777836
2024.08.16,600024.SH,-0.147188063485396,-0.7031848524243582,0.31146823854613503,-1.340241501458284
2024.08.16,600025.SH,-0.5061164189655307,0.2504236746987617,0.09986716580022996,-1.0679656629129792
2024.08.16,600026.SH,1.373377555809256,-0.23749772719983925,0.23669066647967815,0.02047546895220081
2024.08.16,600027.SH,-0.11055323724076506,0.40857686661537995,0.14450900755233212,-1.2787512491407336
2024.08.16,600028.SH,-1.7303372966310067,-0.5484249863685587,-1.1956231496716354,-0.362026884985172
2024.08.16,600029.SH,1.057446701049698,0.5958868105510007,-0.7719965781175808,-0.5470349917269066
2024.08.16,600030.SH,0.5960126110245171,0.4281600403400646,0.32469611921957253,0.4056835316421747
2024.08.16,600031.SH,-0.31607847638292297,-0.05206473084777634,0.4515996146119977,1.6792258542607414
2024.08.16,600032.SH,-1.2772108173172418,-0.38449168805122064,-0.48845243685203577,-1.1555711023048894
2024.08.16,600033.SH,-0.06238538780309457,0.5091617685489553,-0.01813586176668295,-0.7477569039269157
2024.08.16,600034.SH,0.75649891697568,-0.5770576194663797,-1.6472169451664753,0.5531130510611902
2024.08.16,600035.SH,0.3706003885123639,-0.7085854111093839,0.8430575442196153,0.8256231710592427
2024.08.16,600036.SH,0.42009947616709387,-0.6661037638055594,-0.5285647778741764,0.7541021584287986
2024.08.16,600037.SH,-0.6648094132632764,0.11162341965124134,0.22530882146905945,-1.654045960110303
2024.08.16,600038.SH,0.1915302269069392,0.6647271884128975,0.45910301666400744,0.6925648179004651
2024.08.16,600039.SH,-0.16226897373448182,1.1165559494250499,0.18635542592220494,-0.14670556393157433
2024.08.16,600040.SH,0.5148464359427101,-0.3604970384391998,-0.43545547595704526,-1.2372422265806289
2024.08.16,600041.SH,0.9010104613304002,0.1811789139765572,0.31368039250329866,-0.5198935751837066
2024.08.16,600042.SH,-2.186035985837044,-0.874787119456924,-1.0061287950602296,-1.7893859639634582
2024.08.16,600043.SH,0.5480472665910251,-0.1597347931427567,0.050994251597957126,0.5754994204970628
2024.08.16,600044.SH,0.6370501500578825,-0.3939141738036124,-0.15224313793516042,-0.27025071989490296
2024.08.16,600045.SH,0.03592075612364056,0.14067420349486062,0.16912506542248687,-1.534529989453064
2024.08.16,600046.SH,-0.45059529918518315,0.723250019446353,0.6966045631475035,0.197679321198305
2024.08.16,600047.SH,0.4953926667381562,1.0646690186467502,-0.3736000193990425,0.08800733201278149
2024.08.16,600048.SH,1.0716633234334123,0.4833429552354413,-0.29596436840923046,-0.730180587433306
2024.08.16,600049.SH,-0.7049066489440897,0.10429414382209422,1.2699557341202001,-1.3148290828036866
2024.08.19,000001.SZ,0.5857808716083981,-0.20276563979007203,-0.9707626222273863,-0.578745843762848
2024.08.19,000002.SZ,0.11999928091194673,-0.5244988830159025,1.52751618243186,0.37806221884063557
2024.08.19,000003.SZ,0.23771132171924145,0.8344028036804273,-0.42360144963805846,-0.7878526846105504
2024.08.19,000004.SZ,0.7766068028135218,0.9018401222754083,-0.26035276481702085,-0.8725839448779605
2024.08.19,000005.SZ,0.49563130820039825,0.11378474809596206,-0.08253219818391198,-0.5128146486388512
2024.08.19,000006.SZ,-0.26104809166356396,0.39065132622743476,0.2869387441567256,0.9349634516089625
2024.08.19,000007.SZ,0.14990960420040247,0.19818567935215123,-0.23974343982529686,-1.123857110545112
2024.08.19,000008.SZ,0.6132580348810739,0.9847742400401223,-0.5067403507354679,-1.3823721672087268
2024.08.19,000009.SZ,-0.3642423283924492,1.1400837391025322,0.6151405186733843,-0.68011921300161
2024.08.19,000010.SZ,-1.4057375924675954,-0.454082130807513,1.8595347820826706,0.6772120060502391
2024.08.19,000011.SZ,-1.6432918179051454,0.6264691789388513,-0.7318608655127531,-0.9874996619674659
2024.08.19,000012.SZ,-1.383888672208109,0.38823246353595736,-0.6515815916985956,-0.1442085880760014
2024.08.19,000013.SZ,-0.914779399751075,-0.33834802141813375,0.07911717668211841,-0.532930502112954
2024.08.19,000014.SZ,-0.710993015274057,-0.27104585366403633,1.1588098414317272,-1.085969734620508
2024.08.19,000015.SZ,0.8372345650965217,-0.9487232984767705,0.803830152238118,0.45656006161917717
2024.08.19,000016.SZ,0.9562457995540031,1.2225238551995774,0.4880107108482423,-0.8010191933315358
2024.08.19,000017.SZ,-0.9251719725590725,0.3818437588618848,-0.46081559445320985,-0.5105626444005351
2024.08.19,000018.SZ,-0.9812855233096023,-0.4881510847957259,-0.9079424189970442,0.9016297947258011
2024.08.19,000019.SZ,0.9794357262169946,-0.23255299013055297,1.33416549256648,1.7656730905100395
2024.08.19,000020.SZ,0.3309680895726093,-0.3879645010878352,1.7150523319356954,-0.4487141800695708
2024.08.19,000021.SZ,1.480909276051881,0.40263705733199895,1.8655352430488428,-0.9061239690427273
2024.08.19,000022.SZ,0.5676124977210503,-0.294538435864313,-1.3024681043211561,0.5306529470598594
2024.08.19,000023.SZ,-0.8763184766550713,-0.1517295665315896,-0.34322865248094453,-0.7222908360549654
2024.08.19,000024.SZ,0.03985897344867334,2.5216309459447066,-1.6404848753523715,-0.5427734685766384
2024.08.19,000025.SZ,0.21764605361004777,0.1679611736893353,-0.07089951657141516,-0.7373511860936233
2024.08.19,000026.SZ,0.6361511393458749,0.385076228505307,-0.9592014672627438,-1.050818023720344
2024.08.19,000027.SZ,0.3596152412050406,0.5851370455407994,0.3315648256521458,-0.031107468322024715
2024.08.19,000028.SZ,0.5369736723859599,-0.873093326625161,-1.2473495807135688,-0.6991267471897802
2024.08.19,000029.SZ,0.49697841896269684,0.8827391496890513,-0.5635836796936599,0.9375543777353075
2024.08.19,000030.SZ,-0.5341482011284064,0.9302300403578796,1.4623867530633552,0.31308733372185243
2024.08.19,000031.SZ,-0.6469995403927075,1.5725007589773785,-0.723224687762003,0.8065411667798583
2024.08.19,000032.SZ,0.17274694575095906,2.208666021176909,-0.37872379302976794,0.11339839408452995
2024.08.19,000033.SZ,-1.9451584698347564,0.14496552435447255,-1.276955845808736,1.9850449613009913
2024.08.19,000034.SZ,0.14781986234746566,-0.7061667867825905,0.5391117203834591,-0.22715024767070743
2024.08.19,000035.SZ,0.030931411997066154,-0.11625828428790373,-1.1034120459405596,-0.01745245667560251
2024.08.19,000036.SZ,0.05623081032883964,0.6353087596678565,-1.2554418387463844,0.0822106495238471
2024.08.19,000037.SZ,0.9817611783828705,0.3214340664936023,0.17997695547195397,0.3238285925728604
2024.08.19,000038.SZ,-1.702787186826113,1.3033614403700151,-1.1033426383617457,0.7501766932514579
2024.08.19,000039.SZ,-1.2995118637259206,2.477298779748864,-1.4676533183691929,-0.2349530613791252
2024.08.19,000040.SZ,-1.514834122691753,-0.3988152901885857,0.6918134096132698,-2.0077084695809524
2024.08.19,000041.SZ,-1.217624492996786,-0.13585593978120802,-2.3790227138697904,1.063241579413402
2024.08.19,000042.SZ,-0.02386945671468714,-0.008562569612045852,2.6481702800191664,0.5107893719123439
2024.08.19,000043.SZ,1.1624601353233017,-1.015545977157357,0.8850068769318857,0.3713158161625902
2024.08.19,000044.SZ,0.6716623498238093,0.1514489514823825,-0.2126518920465562,-1.2059263676574825
2024.08.19,000045.SZ,0.4028801455785794,0.5152387389692163,-0.019920128279726987,1.0626391437910203
2024.08.19,000046.SZ,-1.2110816872022252,-0.323051085981437,-0.3551001387678515,-0.6118294175057645
2024.08.19,000047.SZ,-1.9192183686044482,-1.1808345231728667,-1.6628221749712961,0.8962521799596803
2024.08.19,000048.SZ,-0.5609178579952744,-1.3202413502304478,-1.0202169486935502,-0.7031099592427082
2024.08.19,000049.SZ,-0.05238887474555559,-1.0960321716682733,0.25184613675298734,1.527568808355277
2024.08.19,000050.SZ,0.15735600438163255,-0.3429463687603516,0.21491893775931142,0.13421988125362785
2024.08.19,600000.SH,-0.20247182740568342,0.5510958107181275,0.7652912446835738,-0.23119151678881375
2024.08.19,600001.SH,-1.3814448683683758,-1.0209002110123866,-0.8510679311501631,1.487427084339777
2024.08.19,600002.SH,-0.31170430752873324,1.0724736613884,0.2882067103835939,-1.1905301558193848
2024.08.19,600003.SH,0.3359189215126636,-0.019461358904407557,-0.753256774362193,-0.8554928097536653
2024.08.19,600004.SH,0.2935979980115552,-1.7008288103700118,-0.8222303835991618,-0.20579595895854325
2024.08.19,600005.SH,0.21091732174781364,-2.0787193482973816,-1.1436813164802917,2.3088019886480833
2024.08.19,600006.SH,-0.35450313563841557,0.8438200015036746,-0.5132037468751568,-0.6760577632147727
2024.08.19,600007.SH,0.30649979423688883,0.7469343876084904,0.647029689814175,-0.07310133474267853
2024.08.19,600008.SH,-0.32321723314741096,0.5986938875461688,-0.42914951401832796,1.0865577386657508
2024.08.19,600009.SH,1.2577645614129036,0.1394983586088526,1.4302969245372161,0.3564451771848158
2024.08.19,600010.SH,0.034004929908570715,0.19979146879532564,0.7750664388671933,0.40545506968694006
2024.08.19,600011.SH,0.3760816917355981,-0.33905522173540886,-0.10361464264405681,0.040632139991936336
2024.08.19,600012.SH,0.06852616226791683,0.6032684464933072,-0.7264639964551963,-0.6584638964956507
2024.08.19,600013.SH,0.6708257904895841,0.01428139928928953,0.3510119253039706,-1.0392332791593337
2024.08.19,600014.SH,-0.8760397261692219,0.3009971505882595,1.1765345983343778,-0.9732177872023209
2024.08.19,600015.SH,0.7459321487156588,-0.09306701329572216,1.1747837079186518,-0.061241685278812553
2024.08.19,600016.SH,-0.39315580762724917,2.6403942752878997,-0.6849044538944976,0.34056668806752954
2024.08.19,600017.SH,0.7201423739033967,0.14721817835243522,0.5714574012678078,0.37813111057173626
2024.08.19,600018.SH,1.6950931369239626,-1.4890834976005276,-1.490344508378931,-0.8526695344893572
2024.08.19,600019.SH,-1.3855851304272604,-0.7712293478730156,-0.04258523152584929,0.4405873968319032
2024.08.19,600020.SH,0.6133558155297059,1.6154977359100668,1.090863968584954,0.4380584655746835
2024.08.19,600021.SH,-0.3322710165971843,0.7730461483910733,-0.12441671509891787,-0.09164847560150341
2024.08.19,600022.SH,0.6380297576609973,-1.1496288365872964,2.3793351616796694,0.19786531334979704
2024.08.19,600023.SH,0.06171891960695488,1.5250860941688518,-1.193369472142517,-0.018839572562717732
2024.08.19,600024.SH,-0.8952413320001601,-0.0009424592165132946,0.6125677590734981,-0.6088310176961856
2024.08.19,600025.SH,2.0854766108866656,-0.8058193370276265,-0.0357208565185783,-0.16208930991070652
2024.08.19,600026.SH,0.02110220079680374,1.4871711572357529,-0.24444024398552616,1.0683372621592735
2024.08.19,600027.SH,0.8707827526482728,-0.3053900056957302,0.2239280100880638,-0.7585637947173974
2024.08.19,600028.SH,0.6764971732465107,0.39935981604324355,0.6178556909366802,1.4104656814932204
2024.08.19,600029.SH,0.8060301978692608,0.03761524224424793,-1.1849356475048327,0.826746330105841
2024.08.19,600030.SH,0.5297395758458047,-0.25946592021381787,1.6333148231440786,-0.4473184148845856
2024.08.19,600031.SH,-1.029905287158615,-1.9332293046418567,-1.054886279251035,0.8611573871963993
2024.08.19,600032.SH,0.15579426941858077,-1.1164779078968439,-0.3158378259628618,0.014531617435997306
2024.08.19,600033.SH,-0.25649616846793166,2.666351230662721,-0.7323762607614269,0.6457150582853434
2024.08.19,600034.SH,0.7461357329183309,0.39252573419075315,0.4047698699804036,-0.9940490277663296
2024.08.19,600035.SH,-1.0519555241696406,0.2077485617993451,-0.8208214137007825,-1.1285954498323358
2024.08.19,600036.SH,0.5926062837340713,1.5965636364820202,-0.4620515056029229,-1.084311349113218
2024.08.19,600037.SH,0.08082478471975252,-0.16164276909039133,0.15319833115527914,0.7296371426011086
2024.08.19,600038.SH,-0.7556405570722038,-0.32555428056249314,0.013065233469163695,1.1380074532998075
2024.08.19,600039.SH,0.24463382026015026,-0.21410544659577024,1.3877095753221513,-0.7711612391364127
2024.08.19,600040.SH,0.802608794680843,-1.216266587754327,-1.8448056373781578,-0.49989059698319654
2024.08.19,600041.SH,-0.9287299714824508,-1.7633063966657994,0.9191768963562233,-0.6193020003065866
2024.08.19,600042.SH,0.6808498681795185,0.4361998033093951,0.31043344267949047,-0.09564732280304934
2024.08.19,600043.SH,0.49074519206386813,-0.5084661158358473,-0.9316292189696773,-0.9381317449299336
2024.08.19,600044.SH,0.6309571580264863,-0.515664634980792,-0.01948636695416254,1.5390574706723548
2024.08.19,600045.SH,-1.500528474000278,-1.1245415440035207,-0.7564385676698162,-0.1459483129398497
2024.08.19,600046.SH,0.3301552450005136,1.1054248079008973,1.9114482772075936,0.0958915559171385
2024.08.19,600047.SH,-3.294162735533859,-0.12861110340314663,-1.4431676278348773,0.4435485522784098
2024.08.19,600048.SH,-0.5278015205495468,0.10688407416104483,0.5416118011848841,-0.4962162088215067
2024.08.19,600049.SH,-1.1778881674295032,1.9906312492543128,1.138671263339366,-1.158624244206216
2024.08.20,000001.SZ,-0.10987828155699851,0.6325934631679306,-1.2612464078770707,0.800110774971549
2024.08.20,000002.SZ,-0.6655716188293118,-0.22346531931088198,0.6233443052422393,-0.36944706476471556
2024.08.20,000003.SZ,0.6201804928181778,0.5719737745943564,0.19601692835215387,-0.35901402661520077
2024.08.20,000004.SZ,1.1746578062876785,0.16979003498212414,-0.5199349994272198,-1.0277771302988892
2024.08.20,000005.SZ,0.24117731531833236,-0.3211590019262944,1.4621119347524083,-0.623042222268448
2024.08.20,000006.SZ,-1.0234935112244405,-0.7586638649513996,0.22468158212969402,-0.5657329080163529
2024.08.20,000007.SZ,0.5035029742129831,0.9685349750437938,-0.32137612197605175,-1.268661263606447
2024.08.20,000008.SZ,-1.8483311826621813,-1.6116449737528156,-0.4091211367914023,-0.8226867205399054
2024.08.20,000009.SZ,0.29623138018250494,0.10405015182669894,0.7773421348489392,-0.7434707275607392
2024.08.20,000010.SZ,-0.5842384841410152,1.268771093945531,-1.7226907618403866,1.3522998363218008
2024.08.20,000011.SZ,0.7228995773835006,1.6671345401436632,-0.497728886349993,-1.301046597781787
2024.08.20,000012.SZ,1.5313867583072591,-1.5779621541167677,-0.37526841846500403,0.6218889140969803
2024.08.20,000013.SZ,0.6696697511153269,-1.0452883152531693,0.630874035323105,1.4814857404443385
2024.08.20,000014.SZ,-0.34730968161721026,0.34947779766288595,-0.05728966652927131,-0.04362288798086307
2024.08.20,000015.SZ,-0.5209884511633676,1.3773598757387426,0.21102101744683918,1.7589682434425353
2024.08.20,000016.SZ,-1.2018626471845357,0.9302765056655297,-1.3015129742813445,0.04513979586491177
2024.08.20,000017.SZ,-0.6568075006599332,1.097792775640152,-0.5739307763332003,0.7887648619227561
2024.08.20,000018.SZ,-0.07728565894861472,0.8699250300197616,-1.8614096111927998,1.566879192480906
2024.08.20,000019.SZ,0.1381512662761965,-1.1725101516409249,-1.3004543688711256,-0.112776457254281
2024.08.20,000020.SZ,-0.7019787827509274,0.19437821415521025,0.5919996779907157,0.8829141211851921
2024.08.20,000021.SZ,0.15758991998776703,-1.2082111912485642,-0.22471188243696844,0.25673017534285036
2024.08.20,000022.SZ,-0.39388000704575626,0.9089873425863939,-0.8237913817935129,2.229973952952845
2024.08.20,000023.SZ,1.3107333189251484,1.0198962494600163,-0.1560288230166781,-0.9511071037403999
2024.08.20,000024.SZ,0.43409253949476573,-0.4693890433532927,-0.5805581797375496,-0.6337918638450901
2024.08.20,000025.SZ,0.4670490584415574,-0.6066855767559851,-0.3680729906023949,-1.473921902647589
2024.08.20,000026.SZ,0.836022940345509,-0.4466972007325423,-0.1804417767874819,-0.5504948890669524
2024.08.20,000027.SZ,-0.27981096715932396,1.2762391895406502,-0.5665654256507793,1.4497911246775528
2024.08.20,000028.SZ,-0.07735054266707336,-0.778943169862521,0.3990070304130043,-0.26974389650856745
2024.08.20,000029.SZ,-0.6565117093546831,-0.01672603299277022,0.2715779310553581,-0.9906662838991029
2024.08.20,000030.SZ,-0.4128841767325305,-0.9569626115450199,-1.8615094541363915,1.3832254900783016
2024.08.20,000031.SZ,0.09592728211776343,0.3445438244171772,0.041698931621181844,-1.0448727505182733
2024.08.20,000032.SZ,0.41025795316982844,-0.030924505051118295,0.029309566771601667,-0.2636207875559211
2024.08.20,000033.SZ,-0.9542599690438536,0.7326991309006784,-0.5392759202262698,0.09634956484565856
2024.08.20,000034.SZ,0.6077679345032185,-0.015398641021942232,2.1552673762018864,-1.0564881456139845
2024.08.20,000035.SZ,-0.5867166547228216,0.3982029348711111,0.799491893677474,0.22858665656012242
2024.08.20,000036.SZ,-0.40542722223612565,-1.6874185284180045,-0.7113863962821285,-1.7777869776370434
2024.08.20,000037.SZ,-0.5020592441805412,-0.9241420674314195,-0.7451068446499031,-1.376838804691231
2024.08.20,000038.SZ,2.0625775414795644,1.1705973408360564,2.0014412728228037,0.25089244472496935
2024.08.20,000039.SZ,0.5858582539574242,0.399901201624149,-0.1939197941699094,-0.5618082614798995
2024.08.20,000040.SZ,0.2002339439446469,0.34872334031385793,0.489540548314271,1.3809202531102027
2024.08.20,000041.SZ,0.8660398982097708,0.6467895099581549,-0.14068298700082554,-0.72827593633325
2024.08.20,000042.SZ,1.2993814058090665,-0.012576702041905119,0.7964941652220907,0.40835356621396984
2024.08.20,000043.SZ,0.02055440057985539,-0.32019941729002865,0.20120091489558733,-0.5969649904845729
2024.08.20,000044.SZ,-0.22916190454929175,-0.2438406416950103,0.13324276419934306,1.8390382719581941
2024.08.20,000045.SZ,-3.0444482853243393,-1.7350523591258025,2.088619167973589,-1.8842967234789518
2024.08.20,000046.SZ,-1.8495283499921313,-0.18732075963496522,0.16361353365302736,0.1193415073587324
2024.08.20,000047.SZ,1.7766657843777274,-1.1825861578557986,0.8087088995015161,0.19449781865693272
2024.08.20,000048.SZ,-0.24720686639460773,-0.0026821273114768737,-0.13582113661904183,0.18085554664303274
2024.08.20,000049.SZ,1.5149976150719155,0.2418026934069865,-0.9045493046222388,0.4251695209576888
2024.08.20,000050.SZ,2.6717463207699357,-0.8010836012874429,0.1592958149177168,2.049800346347352
2024.08.20,600000.SH,-0.45297995726905077,0.1487972123484424,-1.0919005223562066,-0.3153038143143002
2024.08.20,600001.SH,-0.8052189595221274,-0.40872146684366206,0.002110980322702501,-0.7183617059665011
2024.08.20,600002.SH,-2.1119815762152823,0.7220886264267092,-3.006715288775337,0.8463851896297124
2024.08.20,600003.SH,-0.2162997911821543,0.5722501132652048,-0.03393304889805491,-0.7692554497957853
2024.08.20,600004.SH,-0.8305955267760357,0.6604597865924671,1.094641165267421,1.190360661391315
2024.08.20,600005.SH,-4.861721087189805,-3.0712649701266432,-0.48815365845277164,-1.8189596746078005
2024.08.20,600006.SH,-0.9489777637634066,-0.20727492240112835,0.056584797287607846,1.7507212832330528
2024.08.20,600007.SH,-0.05537354680431151,0.235971307184134,0.17384269958261417,-0.5787967444152715
2024.08.20,600008.SH,1.104114575985632,0.3691990275741381,0.09566655148388342,0.35103153734856474
2024.08.20,600009.SH,1.3903594771348295,-2.0141552221301438,-1.4530380780573864,0.527270639577609
2024.08.20,600010.SH,-1.4661764385579776,-3.0783643756113146,1.0483326803201327,0.1049785103637246
2024.08.20,600011.SH,-0.1961729022222763,0.5588471211824005,1.2742146951759934,-0.043719569393361676
2024.08.20,600012.SH,-1.0806750835569132,-1.173355337653106,1.0425034510043358,-0.3235234784352255
2024.08.20,600013.SH,-0.17555189471498897,-1.7744839667666088,0.3828350516759409,-0.3097193664467367
2024.08.20,600014.SH,0.2224750415443542,0.973193565643397,0.10522286900108421,-0.5450101759230811
2024.08.20,600015.SH,0.5306077733236854,0.8816960116922653,1.0214962613545464,-0.5666405495823206
2024.08.20,600016.SH,0.39703052468410843,-0.5474322274451516,0.17181669164174232,-1.4184194139655724
2024.08.20,600017.SH,-1.1493721299863675,1.7322508671112142,-0.09602974136909592,1.588449234844148
2024.08.20,600018.SH,0.4918651462342543,-0.20731315050097673,-0.4524831659667164,-0.5772680803990443
2024.08.20,600019.SH,0.5182318713392186,1.5541433063870997,-0.5617305655454488,-0.3882964630963546
2024.08.20,600020.SH,0.6174880181433916,0.6527223043740881,-0.2975925756646063,-0.6415330102329667
2024.08.20,600021.SH,-0.18800892206781894,1.226660921675916,-1.2515901071397253,0.07894095776435774
2024.08.20,600022.SH,0.6446978813609545,-0.16214757919268638,0.7448305707350507,0.06516642449077902
2024.08.20,600023.SH,0.3711046175761103,0.6170333447063467,0.12151814659097677,0.3813122619134821
2024.08.20,600024.SH,1.1834266763683492,0.2869568988557172,0.056676215709573104,-0.634033669339692
2024.08.20,600025.SH,0.3345504702543136,-1.0160445522897423,0.1504064457534866,-0.4055826037495657
2024.08.20,600026.SH,1.2382140718916763,-0.5637694994536829,-0.1635539010501532,0.6035843001971659
2024.08.20,600027.SH,0.34955129447480005,1.061074443348028,-0.45982605260396303,0.04379879595890489
2024.08.20,600028.SH,0.8529144078926642,0.5361088577426635,0.3820894659195657,-0.16612415199306826
2024.08.20,600029.SH,-0.9458957586753062,-0.6788042023008012,0.268662374964169,-0.6431450362208566
2024.08.20,600030.SH,-1.471331357493799,-1.6129681279520962,1.2673568678839926,-0.35120697147616203
2024.08.20,600031.SH,0.1192130190165961,1.3863231741843922,-0.13529931857135977,0.3126669646752802
2024.08.20,600032.SH,1.001622405007216,-0.17470618642254457,0.6893854986943652,1.9543824597125325
2024.08.20,600033.SH,-1.1205593229872524,1.0880058692965668,-0.6912004371053657,0.2855726522774267
2024.08.20,600034.SH,-0.9840649983793353,0.16507008350656013,0.6597075206914709,-1.0155095555784448
2024.08.20,600035.SH,-0.046181189396345836,-0.7830072764391612,1.8842658753350472,-1.3300730384902801
2024.08.20,600036.SH,1.0309596429330048,-0.1681950967844632,0.24143563490643002,-0.9129302237753676
2024.08.20,600037.SH,-0.8219797020222405,-2.19823125067107,1.643385842455458,0.22947347622760816
2024.08.20,600038.SH,1.5536263579008531,-0.5719242126669786,0.24161317804486093,0.40950738007386267
2024.08.20,600039.SH,0.17731640236609247,0.2059721720130858,-0.6742047940056282,-0.1577835727730566
2024.08.20,600040.SH,1.2288787382072524,-0.2988872392860578,-0.3103009970869884,-0.47583837814799235
2024.08.20,600041.SH,0.24590712267656992,-0.022312636961233243,0.41430555211479475,-0.05126973275484855
2024.08.20,600042.SH,0.3376696506940068,0.07248287208902565,0.882197694835043,0.5115908696301571
2024.08.20,600043.SH,-0.1859055111454627,0.07087022510508975,-0.4916043404303496,-0.8482260426750359
2024.08.20,600044.SH,1.4262074988734963,0.4055245354758456,-0.022749586256251963,-0.4584579978088879
2024.08.20,600045.SH,1.2071893505862503,0.9286098083340054,-0.6858333796875792,-0.3998277760070444
2024.08.20,600046.SH,0.44474761332913376,0.7548365852715596,0.845386160209639,-0.7052587925973515
2024.08.20,600047.SH,-0.6731314079290773,0.933609847096829,-1.3891227472410759,-0.4746433218323787
2024.08.20,600048.SH,0.9115264563838057,0.12535590214258518,1.280356964797172,-1.0265677082701068
2024.08.20,600049.SH,-2.333911262530611,0.2985394059656205,-0.40626418607013376,-0.8449502833768511
2024.08.21,000001.SZ,1.0975829331305043,-0.9727740523998508,-0.6031986440724761,0.18606479675259244
2024.08.21,000002.SZ,-1.1091916195549443,-1.1360463146098685,-0.01341128202267253,-0.04818804209226346
2024.08.21,000003.SZ,-0.8018218644393718,-1.1570130886478773,2.066902454973844,-0.03816894970695072
2024.08.21,000004.SZ,-0.10402786829774653,0.2642110596117225,-0.4133494196147088,-0.6292163922775694
2024.08.21,000005.SZ,0.07609053467528196,2.0047996990441592,-1.026813120354885,-0.4585675399484942
2024.08.21,000006.SZ,0.7782023701245874,0.5952947000454273,-0.6633424026225746,-0.8254810179399441
2024.08.21,000007.SZ,-0.4139889516911904,0.2669121688547839,0.7672928037191006,-0.19918163274035072
2024.08.21,000008.SZ,0.5050002943071108,1.6676675015105416,-0.41784949310055625,-0.6911002827872781
2024.08.21,000009.SZ,-1.2140734385136394,-1.7220156627820284,0.46234471444558917,-0.3040319484073939
2024.08.21,000010.SZ,-0.9843846747218018,-0.0527282141082377,0.4853276618499654,-1.5539639690052944
2024.08.21,000011.SZ,-0.22640667846543786,-1.255209149129965,0.15622135709450347,-0.8680690001386292
2024.08.21,000012.SZ,1.4938381717152729,-0.8875863307529982,-0.46412889694539233,-0.7987256944366096
2024.08.21,000013.SZ,-1.2510420615557387,-2.0746851338864802,0.15125408353805309,-1.540213152931579
2024.08.21,000014.SZ,0.008819666965470116,0.567079990468405,-0.6559658752785645,0.09486019834374312
2024.08.21,000015.SZ,0.0689291927560319,0.18667871390918728,0.8872250963411201,-0.033916798677877544
2024.08.21,000016.SZ,-0.1570438767798008,0.9016994175952008,-0.09005907927845294,2.49559103994972
2024.08.21,000017.SZ,-0.30369420178350764,-0.4025361269534051,0.9165815819052733,-0.41659610597320257
2024.08.21,000018.SZ,-0.2613407349208564,0.40245197016792117,0.32872637416958944,-0.24792516197706166
2024.08.21,000019.SZ,-0.9597230288259646,-0.9945058826801079,0.17884355638746563,-0.9341360547536559
2024.08.21,000020.SZ,1.594267559716347,-0.8094788064480696,-0.4644180046188175,0.598620348635563
2024.08.21,000021.SZ,-0.7979320424352022,-0.3776196815097644,-0.7083596684664454,0.14254732552167537
2024.08.21,000022.SZ,-0.3574917857716321,2.4379940028793774,-0.2289895152331916,-0.6495961708796913
2024.08.21,000023.SZ,-0.8555763441308943,-2.1139622014856525,1.8072345143304298,-1.145119022542063
2024.08.21,000024.SZ,0.923680042780701,0.21933277977279217,-0.7699180024118268,-0.11947205250757723
2024.08.21,000025.SZ,-0.29381914646330776,1.6707947007644333,-0.9180450273757312,-1.2096721380047069
2024.08.21,000026.SZ,0.13414505074227678,-0.20040239859162948,0.791530167709778,-0.5041350377408845
2024.08.21,000027.SZ,0.8780709347093758,-0.022360527260510462,-1.2727133177388334,1.1723998887883504
2024.08.21,000028.SZ,1.1553321595791706,0.6077158249535601,0.18046115890288686,0.42048016819980066
2024.08.21,000029.SZ,0.02859968103767173,-0.853859898958967,-0.16148157587134346,-0.5890228019287289
2024.08.21,000030.SZ,-0.1785178812480865,-0.9850712603178879,-2.049900726692899,0.9612997021798496
2024.08.21,000031.SZ,0.5937089649100834,0.27333395074356,-0.5836022010408345,-0.07820919883123476
2024.08.21,000032.SZ,-0.8477051343878925,-0.019406983695408483,0.36365109455796274,0.4841844866906265
2024.08.21,000033.SZ,1.542499626801772,0.15965885829987794,1.0899754463310962,0.5702805548467181
2024.08.21,000034.SZ,1.8727917117154576,-1.4928689301210305,-0.5682440292976836,0.2932018717216753
2024.08.21,000035.SZ,0.009284332278630271,1.4641296882791306,0.24273578763206569,-0.8811007852982291
2024.08.21,000036.SZ,0.37342706955119215,0.985689656350866,0.3108632063618897,-0.21099603661843905
2024.08.21,000037.SZ,-1.1882560163376765,-1.1767834348710549,-0.34271190122897643,0.5191386940640464
2024.08.21,000038.SZ,-0.015199919310397176,-0.7567510246728435,0.6129582168119637,-0.7340720391332595
2024.08.21,000039.SZ,1.2161712594312235,-2.0920895757419196,-0.8234070073422352,0.3054703156315007
2024.08.21,000040.SZ,0.13019431534476894,0.7106357913225853,-0.9870562660990503,-0.11169564150740663
2024.08.21,000041.SZ,0.40438721649965864,1.0623724005116948,-0.9061465008799057,-0.7204126747141655
2024.08.21,000042.SZ,0.2731798597491747,-0.9337821575313034,-0.6132974292012262,-1.2102396264182067
2024.08.21,000043.SZ,0.8238443583282071,1.376352529628386,-0.6921083902433794,-0.6044587238582992
2024.08.21,000044.SZ,0.7020319505095507,1.971880894049131,0.9512801169135825,0.03514181711143499
2024.08.21,000045.SZ,-0.15727009630176836,-0.5935373087046021,0.7294397228272854,-0.13958660913789203
2024.08.21,000046.SZ,0.24151400083621202,-0.3026646830952379,0.5738686025798536,0.6250942998010592
2024.08.21,000047.SZ,-0.03501103943504502,0.708237061929313,-1.0840773443303127,-0.2778484765390573
2024.08.21,000048.SZ,-1.023193043574459,-1.7706960210016565,0.6970672278105109,2.10427464322756
2024.08.21,000049.SZ,0.11572760828350655,0.466157194594095,-0.35843299202552453,-0.5466845438411042
2024.08.21,000050.SZ,0.16561821517177883,0.5169378951318412,1.7057442358443013,0.318355398212341
2024.08.21,600000.SH,-0.7257420673010205,1.3848794170495582,1.6991105468451708,-0.5439262903713893
2024.08.21,600001.SH,0.6978106771244589,1.4139359875227004,-0.46682384159628826,-0.6924383291736611
2024.08.21,600002.SH,-0.09604214675017157,-0.3835834585613734,2.5488490326198314,0.4156309079602675
2024.08.21,600003.SH,-1.115518285716341,-0.6427475644476988,0.7127777945100476,-1.8832599932268654
2024.08.21,600004.SH,-0.2708498616794139,-0.4614748997060874,0.13240791065306565,-0.982347666862966
2024.08.21,600005.SH,0.11382986748556484,-2.4942382451201084,-0.1426267393579718,-0.011571650420479501
2024.08.21,600006.SH,-0.40887764884725253,1.5691691859824042,-0.7906290806491905,0.36236483919183876
2024.08.21,600007.SH,-1.640613102593197,-2.4252112668353587,-1.259083294527911,-1.1851056557019268
2024.08.21,600008.SH,1.6498454963791005,0.9071232321545961,-0.5955791355524603,-0.921495262109525
2024.08.21,600009.SH,-0.12713982905301396,0.1844745195737824,1.0044824916034503,0.20748140750628816
2024.08.21,600010.SH,-1.0364225141981953,-1.1502072688767735,0.3299697814904431,-0.3673894008481592
2024.08.21,600011.SH,0.8229212621705032,-0.17711003242591308,0.8716445306342824,-0.25564516073360644
2024.08.21,600012.SH,0.8397291277974719,-0.12640261050635143,-0.44187317631547607,-0.3154563231669498
2024.08.21,600013.SH,0.21507400012187425,0.04957057018160325,-0.08336594719310007,0.15667745184563392
2024.08.21,600014.SH,-0.14133309082692663,-0.013037950328399238,-0.7241886640693463,1.4043548904312328
2024.08.21,600015.SH,0.09507475446343484,0.9710276479764401,-0.22318664127856197,-0.4670950393968332
2024.08.21,600016.SH,1.5919441825172205,-1.3505269663286468,0.9328916287143403,0.6161133390050637
2024.08.21,600017.SH,-0.30986003389559114,0.5684564149110388,-0.975225924467122,-0.441239520037409
2024.08.21,600018.SH,0.09815516478255719,-0.3843093726338191,-0.49072658035203426,0.7900367046387982
2024.08.21,600019.SH,0.9146315620214559,0.7769092906718853,-1.6768345771955993,-0.6507437170738881
2024.08.21,600020.SH,0.6306488649468815,0.4642797348767464,0.14655514492751875,-1.6005353983020878
2024.08.21,600021.SH,1.267012490240712,-2.4504710067576485,-1.3851517277719405,-0.6353950764674883
2024.08.21,600022.SH,0.21756717280990556,0.02819260772087258,-0.1323018028760615,0.9831710612247848
2024.08.21,600023.SH,0.97851326352914,-0.7044452414574803,-0.48252293397004253,-1.2826378257925648
2024.08.21,600024.SH,-0.08471021687635348,1.6290622870606042,3.26931470641047,-0.1685838416750759
2024.08.21,600025.SH,0.4836843731283122,1.090728839104325,-0.31440383448315695,1.9394107985046547
2024.08.21,600026.SH,1.0942116020642936,-2.4450414350066016,-0.9784481170098198,-0.096355158994629
2024.08.21,600027.SH,-0.8891725831772271,-0.14448924455525664,-0.20996046552464356,-1.4540955338847221
2024.08.21,600028.SH,0.4471840725334248,-0.8515535982949578,-1.061720660585344,-0.641831105893229
2024.08.21,600029.SH,-0.310857924091677,-1.4058855492349764,0.48129045824020095,0.2654870294104111
2024.08.21,600030.SH,0.06901640998138953,-0.21625569368417927,0.3537355330854052,-0.016596089247953808
2024.08.21,600031.SH,0.9974099642386405,-0.7956536801503721,0.12150152227528072,0.3567856666711537
2024.08.21,600032.SH,0.6728050944983669,0.9156960232188611,-0.7173877510779634,-0.578676609898823
2024.08.21,600033.SH,0.26530710202138463,0.38427963907228846,0.41354981489096787,-1.1684002969375584
2024.08.21,600034.SH,1.304230910587084,-0.5276982740605644,-0.5822695405057413,-0.3422986469674505
2024.08.21,600035.SH,-0.43982784586923124,-0.5986695715629333,1.0821236493600133,0.8980102179607503
2024.08.21,600036.SH,-0.6085413395680732,1.207398059990568,-0.3940940109275623,-0.41781037520881376
2024.08.21,600037.SH,0.4308079639336024,-0.24723902950632412,0.35014599164509624,-0.7298677594045587
2024.08.21,600038.SH,1.5858594841165254,0.8126690901553709,0.0747901246675221,1.9672264203069272
2024.08.21,600039.SH,-0.4685880040183686,-0.9056088033865307,0.6335131288135603,1.842322873725139
2024.08.21,600040.SH,-0.40264240837324794,0.936155683718633,0.6740737256893463,-0.37606771647206727
2024.08.21,600041.SH,0.2593981708481836,0.24021435332671973,0.8825473767360608,-0.1528478605815353
2024.08.21,600042.SH,1.055388390715746,-1.5767423294591172,-1.8167928953735513,-0.5535148328633119
2024.08.21,600043.SH,-0.3474031945551397,-0.6479965679681069,0.14768453789117714,-1.0429801311374147
2024.08.21,600044.SH,0.8422185322824024,0.7028469354609,-0.33562521905022913,-0.47391087943326243
2024.08.21,600045.SH,0.39309246112519747,-0.4950184963386064,-0.31507522679205247,1.2650374492188758
2024.08.21,600046.SH,-0.4703330275389388,0.46025920643272256,1.5234150355663285,-1.3053898951611274
2024.08.21,600047.SH,-0.38320156102757996,-0.9589681231599709,0.7237683122762961,0.2529062385045852
2024.08.21,600048.SH,0.7621867436589669,2.6500047691870847,-0.4890634728741566,-1.5150992159782188
2024.08.21,600049.SH,1.0843548859629848,-0.30010284196711967,0.2002378978501399,-0.6827083786702249
2024.08.22,000001.SZ,-0.1857952584686571,-0.9639049790464811,1.0278873776564623,1.1242615422447568
2024.08.22,000002.SZ,0.32926077517545566,0.16913423212476517,0.960829240981628,-1.5570099277061282
2024.08.22,000003.SZ,1.1122659180698173,0.1414110974812482,1.1637238931850293,0.6513671875954861
2024.08.22,000004.SZ,0.44727736103625754,-0.22773288223051888,0.22545354762918873,-0.6484157608336906
2024.08.22,000005.SZ,-2.495179163570566,-0.1815776832183911,-0.13597820069097755,0.5642416176865588
2024.08.22,000006.SZ,-0.6091815382643367,1.2590044871313608,-0.773602830851077,1.1616818824065445
2024.08.22,000007.SZ,-1.932426334431879,-1.3279966959386786,0.299567922032272,-1.652962976532725
2024.08.22,000008.SZ,0.734408105992684,0.1270525437604874,-0.7537185457474689,-0.43796234881214435
2024.08.22,000009.SZ,0.8906400090541196,0.35538913759223995,-0.5130021150961306,0.10522798982557345
2024.08.22,000010.SZ,-1.1270468494967174,1.5416703000563934,-1.5598148098117302,1.326512848054076
2024.08.22,000011.SZ,0.59038341123161,-0.5298675966322707,-0.5392691140378425,0.9082087832081062
2024.08.22,000012.SZ,-0.5440945987617541,-0.08326581216721952,0.2890540930530248,-1.5353025214013933
2024.08.22,000013.SZ,-0.19619529931822,1.4271799788605102,-0.34478188601126475,-1.0346609158013145
2024.08.22,000014.SZ,-0.2677794262716736,-0.09108233049112077,-1.709320823874642,1.16622823948134
2024.08.22,000015.SZ,-0.0910328979640776,-0.25374408146975763,-0.11299029183005002,-0.3267945141757193
2024.08.22,000016.SZ,0.548366430267453,1.0094079868288515,0.9396026751756538,-1.0474602200114678
2024.08.22,000017.SZ,0.41517561113945023,0.5629636762666257,-0.7644790006669105,0.001925587559828966
2024.08.22,000018.SZ,-0.27068283544263627,0.4731128357296619,0.4288638206384595,0.25973600485935655
2024.08.22,000019.SZ,1.5466155904615475,-1.2044523037944888,0.9224452873854667,0.5555028445636392
2024.08.22,000020.SZ,-0.07812569848982179,-0.96664946954178,-0.11787186031151316,-1.3683590278741982
2024.08.22,000021.SZ,-0.14762277308338304,0.8773884854175911,0.13190258047959225,-0.2918972156586863
2024.08.22,000022.SZ,-0.11693458199549299,0.28441682555861486,-0.1122494219389136,0.23789158802875976
2024.08.22,000023.SZ,-0.0714556077031077,0.1422170349579031,0.8411021266076454,0.31104560109960677
2024.08.22,000024.SZ,-1.5714601449581784,-0.9170592525213287,0.027034766051741405,0.9676429591383678
2024.08.22,000025.SZ,1.3183985026042815,-0.5253527945621513,-0.16685481013822787,-0.08133637634167676
2024.08.22,000026.SZ,1.247165232243652,-0.3258967426263875,0.6434871825656252,-0.10093764818480663
2024.08.22,000027.SZ,-0.30010358733317716,-0.2737277449195327,-0.6530417536601058,0.6826404458790353
2024.08.22,000028.SZ,-0.5578764914636545,-0.01655483758848881,-0.43390220359055237,-0.7209673917409125
2024.08.22,000029.SZ,0.7490704357975094,-0.7686993882188969,-0.6826178341601907,-0.4670372998501644
2024.08.22,000030.SZ,0.8626373898287691,-1.636866571290125,-1.6896156803723217,-0.39278012120303785
2024.08.22,000031.SZ,-0.28448576058872654,1.124597227319156,-0.22591923911125486,0.112406177866973
2024.08.22,000032.SZ,-1.822740085183072,-1.310630426371639,2.3559400741652343,-0.5318861596228492
2024.08.22,000033.SZ,0.43927733892426396,-0.5949495579932417,2.073273520968137,0.5868398412947322
2024.08.22,000034.SZ,1.3070144028137145,-0.574106042047769,0.9691405316184303,-0.13776625744608062
2024.08.22,000035.SZ,-1.1106640789396198,0.6148705882948535,0.3749730442045476,-0.031524575703345936
2024.08.22,000036.SZ,1.8288580355094306,-0.006925685778893414,-1.12583091140443,0.4213704344406691
2024.08.22,000037.SZ,-0.7404586313308741,0.8055883366732591,0.2808400754347633,0.41801748966647817
2024.08.22,000038.SZ,0.5578733229275101,-0.004192365772312609,-0.28521097455931055,-0.5854246457117928
2024.08.22,000039.SZ,-1.5149998770358697,-0.19841107580685324,0.30158709357882824,0.052164276195102034
2024.08.22,000040.SZ,-1.389027580682331,1.0208145560599389,-0.7900234462147034,0.0014413769866961886
2024.08.22,000041.SZ,0.9976394960308937,0.22139890179059615,0.3780047115640498,-0.7807842609945139
2024.08.22,000042.SZ,0.37621249578960275,0.4027769445998279,0.39927295626934084,-0.2857509030736461
2024.08.22,000043.SZ,0.1851126186867218,-1.667858360137672,-0.6326418203479113,-0.8292076271259896
2024.08.22,000044.SZ,-0.20504958355567132,0.7466881982451032,-1.544699612195001,-0.39675878457936853
2024.08.22,000045.SZ,0.4887608782030402,0.4321605936844674,1.859733976290459,-0.5092504557918192
2024.08.22,000046.SZ,-0.5265115652509431,-0.1320538066768743,-0.03290132680475749,-0.6217832128319608
2024.08.22,000047.SZ,0.05628556953618553,0.4229975401758111,-0.20823291068673608,-0.22975406028176942
2024.08.22,000048.SZ,-3.846585595540121,-2.038441012166334,1.9113542469726275,1.9771679872429966
2024.08.22,000049.SZ,0.325476823653488,0.33115899976829005,0.7028121956204736,0.08622112732502117
2024.08.22,000050.SZ,-0.5339446883842288,-0.1622396261118471,-0.8645355877922813,-0.051544057457804576
2024.08.22,600000.SH,0.7123075974578943,1.733295516428015,1.4990994676214957,0.6437049813838005
2024.08.22,600001.SH,-0.1967323024325679,0.6477369080733479,0.3930393338015986,-0.8927034998258621
2024.08.22,600002.SH,-1.1667100672131618,-0.17617585682966805,0.2817927425647597,-1.0598874099600988
2024.08.22,600003.SH,0.4615061644575039,-0.8663590899300148,1.165985511928367,0.7067684374040971
2024.08.22,600004.SH,-2.400882894138292,1.800967037898311,-2.6188192992348456,-0.44034444532483624
2024.08.22,600005.SH,-2.480815817262525,2.1411758337231515,-1.0647602793541695,-2.3441410756041106
2024.08.22,600006.SH,1.0957116812237675,-0.5139647884323524,-0.36252155118994595,-0.7177108263902647
2024.08.22,600007.SH,-0.405442210711982,-0.2598837276154979,-0.6705206816934466,0.37483905360102415
2024.08.22,600008.SH,-1.1525450489833342,0.1303439416148855,0.10765543013106808,-1.0835126943930777
2024.08.22,600009.SH,0.27263511076221425,-0.13651165910853516,-0.2801732797649479,-0.25690289360384283
2024.08.22,600010.SH,-0.15749966417972697,0.8061106294747855,-0.504193778818093,-0.06717261122272501
2024.08.22,600011.SH,-1.4266005008182678,-0.2897886465313997,2.004209537822203,0.5421806444707622
2024.08.22,600012.SH,0.5979508239612092,0.7461102349768962,-0.09416362647874571,-0.763027721658768
2024.08.22,600013.SH,0.11905224500464867,0.12168775656468239,0.2581392186401875,-0.8616582337404286
2024.08.22,600014.SH,-0.36041841000630687,0.19546695503446895,-0.17042183406284878,-0.8735586387286282
2024.08.22,600015.SH,-1.0876448370328025,0.41717859627083126,-1.5189980004550054,0.36399458246546207
2024.08.22,600016.SH,-0.11433267710123403,0.46862265109182616,-0.9812625184573662,-0.054259294099688805
2024.08.22,600017.SH,0.14577538514124777,-0.3187713553290754,-0.5230484909179217,-0.8804219233107323
2024.08.22,600018.SH,0.7941261504872068,-0.9026824228934697,1.8835062395635214,-0.9391583840602487
2024.08.22,600019.SH,0.39231259515778133,-0.7530085265787628,-1.3896180232575979,0.07280079407190276
2024.08.22,600020.SH,2.3443802356888557,0.10084734545663988,0.17957632529335224,0.22453754156806713
2024.08.22,600021.SH,0.6067360119505298,1.0951993578226191,0.8567022367465171,-1.0330712902107713
2024.08.22,600022.SH,1.4272082696893917,-0.5234506991967307,-0.9541351623134477,-0.6017935339937782
2024.08.22,600023.SH,-0.6160790864032322,1.0525647219747076,-1.6592862101244112,1.276587996007755
2024.08.22,600024.SH,-0.5741735923209148,0.22927227368923692,-0.5538635869803648,-0.7449987149010378
2024.08.22,600025.SH,0.63920846817044,0.3581354616222741,0.4457373363682755,-1.0486261599417908
2024.08.22,600026.SH,0.13085054836672697,0.6277577048520269,0.4076539240772113,0.5012665781782464
2024.08.22,600027.SH,0.3806349535375197,0.20858802141313834,-0.024866408504827985,-0.38389998340224596
2024.08.22,600028.SH,-0.15668593661375785,0.6336167465724799,0.5291541758073611,-0.11020118227003978
2024.08.22,600029.SH,0.31571586557640685,1.5597121335079536,0.1827234720245328,0.4307621163980842
2024.08.22,600030.SH,1.227565245372999,0.753567621877165,-0.7687675871110071,-0.7274990218559293
2024.08.22,600031.SH,2.706143989517225,0.07849445250305194,1.085615791686772,0.23823466155689138
2024.08.22,600032.SH,-0.6186674397124297,0.5157039561471208,-0.546446852721425,1.4526639748415728
2024.08.22,600033.SH,-2.190349606628294,-0.013558599865236257,0.7739691284928151,3.487918711708357
2024.08.22,600034.SH,-0.8321222650470703,1.3009878454823491,-2.2789262516005455,-0.41815101461562654
2024.08.22,600035.SH,-0.13240376762280204,0.22873232352980016,2.310009023217071,-1.2230271427357369
2024.08.22,600036.SH,-4.5094726279606485,-2.1440586773936428,3.28531205644474,-4.011226959190439
2024.08.22,600037.SH,0.02942254099493353,-0.2776383916721797,2.0949692413478758,-0.0051045099249046304
2024.08.22,600038.SH,0.8792790357305099,-1.4838299592879787,-0.5364726468775703,-0.9527856117336241
2024.08.22,600039.SH,0.1262842172168958,0.5957044785971486,-0.18313433453993647,0.0015739020103922128
2024.08.22,600040.SH,-0.8729748100086854,-0.3531057787281398,0.36189086535071846,-1.2719804684103275
2024.08.22,600041.SH,1.508578434615499,-0.20210088143053803,-0.18486100881534334,-0.3160649986915693
2024.08.22,600042.SH,-0.7459599775147933,0.9071899746458033,-1.5740457434265571,0.639798974723789
2024.08.22,600043.SH,0.07267358926080406,-0.035347737289164245,0.3418308226074621,-0.3474849039839874
2024.08.22,600044.SH,-1.0003943916448168,0.07022739184404643,-2.5405773240948903,0.20241542934857273
2024.08.22,600045.SH,0.8112501196165207,0.03358540425620329,2.5181913699355545,-0.8080774424004089
2024.08.22,600046.SH,-0.7329046729319134,0.7196519045786041,0.4011136350692303,-1.7217394247032727
2024.08.22,600047.SH,0.8223094476813398,-0.6025529632140438,1.4709706769957673,-0.5596379418432607
2024.08.22,600048.SH,-0.9896573921952838,-0.6588038172652164,1.7767089410481784,-0.6843703432300579
2024.08.22,600049.SH,-0.7115275147754898,-0.39892827116101737,0.6642774208520457,-1.3202576853274002
2024.08.23,000001.SZ,2.6188051186040324,-0.7985702416954468,-0.7395488249811759,1.6201766904192534
2024.08.23,000002.SZ,-0.3222948362293582,0.17783038430863035,-0.2259516256165777,-0.7257306220789419
2024.08.23,000003.SZ,-0.035198242570668274,-0.17852730899265742,1.3997086166283794,1.2719156369453233
2024.08.23,000004.SZ,-0.059364530565638986,0.4987021233871991,-0.12698951138630513,1.7544377049431823
2024.08.23,000005.SZ,-2.0398867942057173,-0.04950857486474808,-2.50183375730199,1.915973213577307
2024.08.23,000006.SZ,-1.0909755089779871,0.5313607462094652,-0.6837322766443834,-0.8417710173112148
2024.08.23,000007.SZ,0.12281502108818886,0.05167934005304813,0.7947445334685683,-1.3860534981609343
2024.08.23,000008.SZ,0.8542984238235721,-2.5884610453813566,-2.8073974122883167,0.44131050655197707
2024.08.23,000009.SZ,-0.2654248383442574,1.7749678931148916,-0.7007075164922871,0.9125040585446289
2024.08.23,000010.SZ,0.971190266648578,1.0008559351589557,0.7954138844400175,-0.8998072610975036
2024.08.23,000011.SZ,-0.9516562958323697,-1.0606622628428346,0.46144599280032716,0.6603549438708344
2024.08.23,000012.SZ,2.896927363975951,-1.0574936628056761,0.07864252744726472,0.8699375214382222
2024.08.23,000013.SZ,0.3727666002675364,0.3559023825431371,-0.5807325054465752,-0.24713945629808706
2024.08.23,000014.SZ,0.1731613188263895,-1.1074437874673717,1.8976082773516416,0.6302795667084223
2024.08.23,000015.SZ,-0.08133333914090003,0.453359395634799,-0.04722080718084159,-0.3209721013600713
2024.08.23,000016.SZ,0.5285209617015209,1.3560091791200197,-0.18178122120329307,-0.11389260628296277
2024.08.23,000017.SZ,0.772824110421842,0.1851199096739059,-0.3703914065712188,0.7224728995228406
2024.08.23,000018.SZ,-0.6254624263558887,-2.1837065329724044,-0.45505484436527055,0.24570998271497738
2024.08.23,000019.SZ,1.421016039192075,0.5966953817381375,-0.24415804840701302,2.2975577663581945
2024.08.23,000020.SZ,-0.15749271029565107,0.6534090507063532,0.05489048104933274,0.28001193116750583
2024.08.23,000021.SZ,-0.4113313993753551,0.39139466317951344,-0.9298268847699683,-0.40390017495861497
2024.08.23,000022.SZ,0.07858594926738213,-0.25872210180607375,-1.1075491412682201,-0.22025524098291394
2024.08.23,000023.SZ,0.6665557647481171,-0.6155583428121284,0.3472724940733729,0.18654549299797274
2024.08.23,000024.SZ,0.522293712296194,0.18071029646468387,0.2231942011188426,-0.8832889171505662
2024.08.23,000025.SZ,0.9981275172704623,-0.39404904300102217,-1.3972942275096978,2.680584039442775
2024.08.23,000026.SZ,0.4848525645537011,-0.24859979667576737,-0.4796714035497818,0.17482731114660424
2024.08.23,000027.SZ,0.3000807045010772,-0.14405841608392905,1.1202739216163482,-0.2672745750414876
2024.08.23,000028.SZ,-0.28593420636971034,-0.5162191768088707,1.5030049615962804,-1.1186865952148324
2024.08.23,000029.SZ,-0.30254690689971553,0.5502471275212832,-1.2256952301813229,-0.14796937361650886
2024.08.23,000030.SZ,1.3173336854820543,1.3614847653744167,-0.07256790769063244,0.3041038621936704
2024.08.23,000031.SZ,-1.2537554217118232,-1.4220564358190528,0.05179692604764642,0.41140740749390864
2024.08.23,000032.SZ,-0.3695666697866138,-0.10935591897714339,-0.2555584220733481,-0.4172246486872185
2024.08.23,000033.SZ,-0.2976664610944892,-0.4162476968326649,-0.8154482041676389,0.18025612831055288
2024.08.23,000034.SZ,2.2674114735487882,-1.1071411222258154,-0.760246499256418,0.5094291730046495
2024.08.23,000035.SZ,1.180158234178154,-0.08245437900744607,0.15152160211642896,0.6389214692667117
2024.08.23,000036.SZ,-0.10022573701225125,0.7691541365739052,0.6047483148248955,2.384850268188246
2024.08.23,000037.SZ,-0.4514750214421597,0.01192976663095056,0.30344799524683935,-1.9638878963073956
2024.08.23,000038.SZ,0.5429295515306953,1.087948025926797,0.49574229658901986,-0.3305229625309468
2024.08.23,000039.SZ,-1.2078611095400447,0.035816954630926275,0.5926698350288256,-0.5519292367613639
2024.08.23,000040.SZ,0.4421074226523176,1.0359630573027363,-0.5973964347356564,-0.7748069844477534
2024.08.23,000041.SZ,-0.6859255693591331,0.7526426499970772,4.822964453710673,3.632314018940487
2024.08.23,000042.SZ,-0.05394609326614714,0.5263983205089157,-0.6408180399628873,-1.3190282130006667
2024.08.23,000043.SZ,0.876830915783451,-0.73242163084894,0.8396932122291509,0.48070174679841343
2024.08.23,000044.SZ,0.0400682425274509,-1.3926438646175012,-0.6256740414714158,-1.1808473078088033
2024.08.23,000045.SZ,-0.9959232734138075,-2.347038447838884,-0.1563740004739047,-2.0890936072992465
2024.08.23,000046.SZ,1.180006526909421,0.7013259648597256,-0.02807612823249569,0.06787498289073288
2024.08.23,000047.SZ,1.1624758501510857,0.26606335025301187,0.17599368020294406,-1.0865259019271403
2024.08.23,000048.SZ,1.4474035507536167,-0.3744044558126961,0.11774262652051072,0.6208815539725597
2024.08.23,000049.SZ,-0.029302162046970563,0.34321809690477173,-0.21694565699746238,-0.5060030945624528
2024.08.23,000050.SZ,0.07192184883704301,0.9453292299388785,-0.46353496182827447,0.5853447720428432
2024.08.23,600000.SH,0.5222221369203658,0.8639720642372865,1.205062674402492,-0.45075973116687046
2024.08.23,600001.SH,0.06521543555477728,-0.12171618497228473,0.6052454898431328,0.08908625528031516
2024.08.23,600002.SH,-0.4843932224440038,-0.40884873391212895,-0.2910130422979733,-0.033967746231342015
2024.08.23,600003.SH,0.25291085928560436,1.4104852754506998,-0.4232983446807001,0.007060337664428294
2024.08.23,600004.SH,0.6127030010884308,1.4817963522658326,0.05042783543123835,1.5287796110549379
2024.08.23,600005.SH,-0.7843692496246383,-0.09462913111335348,-0.8412947313964143,-1.56091437868272
2024.08.23,600006.SH,-0.15309261516663608,1.4414355124076714,-0.17379347855957536,-0.3936347588238566
2024.08.23,600007.SH,1.122809421055261,-3.1982644258042363,-2.5218209509657346,-0.10496567633314775
2024.08.23,600008.SH,0.7182953272181073,-0.6605338904298186,0.6379545624897155,-0.6089943771848125
2024.08.23,600009.SH,-0.6726539024624563,0.25439400738055573,-1.327324073592172,-0.9750468206074384
2024.08.23,600010.SH,0.11674303588591134,0.9376530264267048,1.310657704950863,1.0042863731999208
2024.08.23,600011.SH,-0.7874560365201835,-0.3241807337646203,-0.1326732863429314,-0.7459972381104426
2024.08.23,600012.SH,0.573552907922726,0.4204894736642262,-2.3974963978121027,0.3116388723936199
2024.08.23,600013.SH,-0.611425070645271,-0.3564738805303465,1.0028916763579918,-1.4482265013662778
2024.08.23,600014.SH,-0.1545551357459628,-1.1400037843498108,-0.3677223817656033,0.8426277308390352
2024.08.23,600015.SH,0.43354160634767563,-0.6670862391658546,-0.1466259807830678,0.16152186722989018
2024.08.23,600016.SH,-2.1173603351440553,0.10667205188359931,-1.1888303025503695,0.8730422045106531
2024.08.23,600017.SH,-0.23010941047623637,0.2920335173073675,0.4266245539006106,-1.1260115834016067
2024.08.23,600018.SH,0.8937375308608161,1.1491438808845689,0.07044480201718921,1.439702572829008
2024.08.23,600019.SH,0.6214750440563918,-0.8709766026717488,-0.6187088000853127,-0.10003254888388775
2024.08.23,600020.SH,0.9608397873769681,0.02304369438238446,-0.9676514105031347,0.9897258598156482
2024.08.23,600021.SH,0.49745297913506525,0.11447239926403933,-0.3111760920288504,-0.012682049642480328
2024.08.23,600022.SH,-0.6736141428000899,-0.388317352509639,-0.8768275787883986,-0.5397020004574173
2024.08.23,600023.SH,1.6232595396803389,0.3272343755777366,-0.37432531540525193,0.17175366441531328
2024.08.23,600024.SH,0.7148815671519937,-0.6265251959658436,-0.9373258148335011,-0.5474606756469669
2024.08.23,600025.SH,-0.6311793528637079,-0.3563706446134113,0.025495110091376075,-0.18310332187379808
2024.08.23,600026.SH,-0.8518725371664606,1.0061460828985558,0.24938636329554317,0.884949438654048
2024.08.23,600027.SH,0.7528612523518556,0.013844436768904332,0.2191264449379155,1.0022424557345218
2024.08.23,600028.SH,-2.1511047624131168,-1.1175835115444406,0.25151117856160554,-2.135153674763317
2024.08.23,600029.SH,0.36811317033169133,0.04366927294734792,0.17987274125590047,-0.13571666272412525
2024.08.23,600030.SH,-0.03493992471255298,-0.9992633086755994,0.852151460595672,0.4040932520619389
2024.08.23,600031.SH,-0.739516882866458,-0.538985996823319,0.3494690392505275,-0.17576467792928366
2024.08.23,600032.SH,-0.24263772553020685,0.3074219304947852,0.32394249518140783,-0.4118765332486456
2024.08.23,600033.SH,-0.15864328001382283,-1.1313249609855087,-0.8779656684236279,0.3206451297629085
2024.08.23,600034.SH,0.0700469363691943,-1.3495542051749865,0.8004339478826138,0.2476351342488327
2024.08.23,600035.SH,0.594977334720706,-1.2572685215978607,-2.26270361725974,-0.9139092867339795
2024.08.23,600036.SH,1.2375170446945254,0.8390757938442365,0.026669395289529767,0.7501319476859021
2024.08.23,600037.SH,1.1708718947286103,-1.449183846906663,1.5491318554190474,-0.06954762518625641
2024.08.23,600038.SH,-0.8586613619599783,1.2938721488468183,0.06870697841674497,0.045474653122311304
2024.08.23,600039.SH,-0.344690867683967,2.8815950203135317,0.8533517798848487,0.9419063307830987
2024.08.23,600040.SH,-1.7908842575135446,0.4688980009588866,0.433688101202498,0.43312581743251294
2024.08.23,600041.SH,-0.8189724532037682,-1.7644495877164397,0.028555894633175812,-1.6987020710311307
2024.08.23,600042.SH,0.24284912870222494,0.37310735526037636,-1.1255349967510646,0.22586065995443103
2024.08.23,600043.SH,-1.6944589529941978,0.26087794085215443,-1.1937629358953628,0.977575757202108
2024.08.23,600044.SH,-2.6774400017170596,-1.4499818649743557,-0.3701551095828848,3.3566504136969764
2024.08.23,600045.SH,0.585656841075674,0.5476338908101814,-0.159369588339946,0.24495192558029327
2024.08.23,600046.SH,-0.4234636358991726,-1.2853795111971533,-1.0571058352355314,-0.601260854036056
2024.08.23,600047.SH,1.1705478282763904,-0.20920943429423702,0.2506723791352454,-0.6934510117798527
2024.08.23,600048.SH,-0.987881800135027,0.590831104636594,-0.5170735881719492,-1.3053337596355128
2024.08.23,600049.SH,-2.0502272152920757,-0.9265245747967219,0.1374581662009742,-2.2785695856791763
