TradingDate,SecurityID,emb_0,emb_1,emb_2,emb_3,emb_4,emb_5,emb_6,emb_7,emb_8,emb_9
2024.01.02,000001.SZ,1.5944614791320737,0.7987385278446054,-0.3166001435475005,-0.9543126743630376,-0.004166322676042656,0.5724012463478624,-0.8587811305583786,1.4001782928085773,-0.2716830023277429,-0.1413349424951683
2024.01.02,000002.SZ,-2.0805824814033884,-0.7027522188151544,0.9584482343136086,-1.1101895891656557,-1.739025455426279,-0.5198001005889114,-0.4945304424188124,1.1946821918395523,-1.3513159240960135,-1.4162049170318949
2024.01.02,000003.SZ,-0.1634296979342531,-1.2105289737432152,-1.106308897761239,-0.6647060383376598,0.5024952697204035,0.08816461809549968,-0.5884920647168201,-0.673669318707168,-1.0618181452483495,-1.0140641486903341
2024.01.02,000004.SZ,1.485740110049091,-0.2752907713460772,2.654770291537687,0.10065947551204094,-1.4666460712114746,0.5302267424790525,0.08306633969246988,1.7932252274136746,-2.8752183429916305,-2.3899308659561975
2024.01.02,000005.SZ,1.242902722559508,1.73504055942032,1.112067800597212,0.3048786175487207,-0.6010722990794723,-0.6228045294290153,0.2166744208820582,-0.9246095715536664,-0.5153777862797565,-1.258056439283078
2024.01.02,000006.SZ,0.7676729972648187,0.6367010046863458,-0.6030603846728197,0.33669708670092224,0.6945750271253177,-0.04758426445599556,0.17014306656062764,0.952817076808137,-1.4796231807515035,0.04634199353136587
2024.01.02,000007.SZ,0.3266789794243663,2.807947723515304,2.6356651521209202,-0.5303145429700035,-0.6084576619731246,-1.0435879578943317,0.38241626490487896,-0.8211913754779275,-1.4015586050842992,-0.7165942526735914
2024.01.02,000008.SZ,0.8261574354629673,-0.762403353102913,-0.4737326184203282,-0.26481311102752103,-1.1186377989929919,1.5509335717044723,-0.7444829833499982,-0.06483205545444055,-0.16246634567152496,0.733664709238863
2024.01.02,000009.SZ,2.36345510810941,1.107699693280975,0.4664951262752916,0.10968404733035667,0.7426272728684707,0.6195190302474308,-2.5216737766199273,0.4101428440526609,-0.137972751284497,1.8850074994518211
2024.01.02,000010.SZ,1.1396628919787972,1.70732833999014,1.3528051741532272,-1.2314508517844904,-0.7600367213792412,0.7057177275356272,1.0919773953948364,0.8057631040446885,0.15275683174983146,-0.8789749186611391
2024.01.02,000011.SZ,1.161602595129869,-0.20048310842514044,-0.7302328442734992,-1.3282736413175444,-2.103962252005409,-0.23797333789148864,-0.8720969707103825,1.3796158242133587,-1.6322569148409163,-0.5685259154636199
2024.01.02,000012.SZ,0.5873996613045385,-0.9539136643266682,-0.47857685274945666,0.04471730878665146,-1.052741654119814,-0.045887828401179005,0.5294535520248089,-1.4882445612799717,-0.10868454407417895,-0.4124333263432529
2024.01.02,000013.SZ,0.36024393622678624,-0.00797922725613837,0.769127216645413,-0.09592205510293647,-0.3639481813810616,-1.151263976736926,0.7016049189801764,0.845005827145134,0.2329080209601414,0.2640920640355275
2024.01.02,000014.SZ,0.6434872905615007,-0.43116139767550027,-1.4240828450028882,1.5064752108524126,-0.44977881858512825,0.23432271083403816,0.4597715304900981,2.023966382722081,0.22964135742937142,0.9838404440353404
2024.01.02,000015.SZ,-2.098098536024453,-1.438575920024153,0.77399329611818,0.008640390409156276,0.017634831004158625,0.5128558575552321,0.6005090066613591,-0.027092972697973165,-1.9433565391830772,-1.0687050101450517
2024.01.02,000016.SZ,-1.759843016566685,0.2215464838184373,-1.803860137591405,-0.4620036053408348,-0.6514455249030758,-0.3383856433787779,1.8284820650449352,-0.6898123778087379,-0.0994032748165326,-0.8630144794176472
2024.01.02,000017.SZ,0.928090602917581,0.07539080830788049,-0.1286958844713612,-1.6222582674630461,-0.40949895067218806,0.15778980772480614,-0.7046448633171021,-1.8221884715581333,0.5329378428179146,0.4795820549527975
2024.01.02,000018.SZ,-0.07389965015516672,-0.09775498912056994,0.882359831001304,-0.988430180384184,-0.617426612892761,-0.39738363668668186,-0.5175426759747213,0.13998785325110402,-1.2906030561350854,0.577437121450889
2024.01.02,000019.SZ,2.357108858873378,1.192250539502374,0.0355630413338794,-0.9834633969463058,0.9654874213417387,0.2711359039578722,1.0229731401568791,-1.573371270005277,0.679950460145903,-0.17834675053966914
2024.01.02,000020.SZ,1.6885344971319658,-0.6621779096530064,0.9458701691886083,-0.988350634421223,-0.4447959230088451,0.1698737121433997,-0.3082465571804134,0.6038391256576724,-2.3987095044331226,0.3999630448849128
2024.01.02,000021.SZ,-2.010828941982766,0.8286314338440697,0.3480745322980241,0.9434627150510708,-0.7147480723956121,0.30491850944515053,1.1157559165576416,0.5513687048429547,0.20687212132808314,-0.8172542134427254
2024.01.02,000022.SZ,1.011133324975869,-0.501956982435573,0.6723917020756439,-0.8819778396047692,-0.9141973224213776,0.6736030547157289,0.47000317324470353,-0.6371817492163616,-0.8690056581853526,-2.494091207986485
2024.01.02,000023.SZ,0.868193382065533,0.1729445467486399,0.8825784548350643,-0.9302021731369753,0.41899313167058955,1.4367289930986706,0.3853127756595703,-0.9755900235805213,-0.5244626484410805,-0.7031770559924962
2024.01.02,000024.SZ,1.2312836859585106,-0.9783221564135703,1.5317165217227529,-0.41331475126781503,-1.5058363765716398,-0.909025248841413,1.9062650288315122,-0.5932082767620117,-0.23457565329555227,0.5689041992361167
2024.01.02,000025.SZ,1.1836764423932877,-1.389890721289589,-0.11224785700734491,-0.029529159450072263,-0.20194100346754884,-1.6825809450239582,0.6223429882437747,0.5016834704782294,-0.896235939041444,-0.7884249937938357
2024.01.02,600000.SH,-0.5357308178128185,-1.0087317640418942,1.2750208611587284,-1.498664711324792,0.8122564883890658,-0.9689802580686846,-0.13641852164561527,1.4640277009752776,0.061906358972812665,-2.6104070848590752
2024.01.02,600001.SH,0.5171212916722133,0.46830536091408315,-0.2641450443608623,-0.6343383587970609,1.0456180893259992,-0.06705129917073165,1.8010603629577095,-0.49931628047198456,-0.7675171549037928,-0.7980553264681657
2024.01.02,600002.SH,1.615473599358295,-1.5632706427880032,1.875586125375488,-0.25249193352477617,-1.0722306947910458,-0.16725840857692384,1.517516268398936,-1.3809317087802258,-0.36439023150765365,1.0959215794044432
2024.01.02,600003.SH,0.4171666068686481,-0.830675878022329,0.7048986034758481,-0.050306952342492856,-0.9145554226265072,-1.035984323440807,0.05757900821657395,-0.5737984584193286,-1.6304316198741278,-0.0038950154303723874
2024.01.02,600004.SH,2.198959469332417,-0.9844542154866789,-1.0173228810404242,-0.5172702402539749,0.27490127081072213,0.33897676975657137,0.5003884377343476,0.591112751080135,0.46181680689045035,0.5935237073089424
2024.01.02,600005.SH,-0.05633798585013665,1.4232166439763225,0.10633146616639895,-1.2863785013863138,-1.7269659887995759,-0.9954369337683796,1.7225202689798196,-0.1355833118290135,-0.5300676112444366,-0.8207547004219101
2024.01.02,600006.SH,0.3872335092455942,1.151301242284242,0.41338563435106496,0.23455060650911785,-0.5388195250925919,1.0718542193722982,2.2636011106485707,-0.3600335629825092,1.170290388906047,2.0158747070770104
2024.01.02,600007.SH,0.3859301757325317,0.43206682650256173,-0.6278565852947782,-1.6221228570315098,-2.070512811703902,-0.06535357221956112,-0.840705128668877,-0.29831967350896244,-0.6824937861381845,-0.1094432997462871
2024.01.02,600008.SH,0.5370363781569936,0.2841856046999186,0.4197984043026003,-0.2044756706706006,-0.0017591409852586743,0.44539195166548984,1.9310959512951216,0.8968471091728091,1.3934956753977203,0.7459456925522554
2024.01.02,600009.SH,0.5791677682905565,1.104364213809455,-0.06353682694186544,-2.5213078075601336,0.7248305342530368,-2.0052008146635845,-0.2514456631847761,-0.6330888257620536,-2.0127367815387625,-0.21664392195020452
2024.01.02,600010.SH,1.7252408416889902,1.9053784488767995,-0.16009207351564092,-1.0977334511102,-1.7742419954890127,0.28362055110300066,-0.5056572038003153,-1.0838599913981526,-1.8662260627531018,-1.4186108488988636
2024.01.02,600011.SH,-0.7266341718528788,1.126862116595767,1.168841222446501,-0.02581785848572043,1.386104583243932,0.3578779617027231,-0.4554373115609043,1.0094691614843685,-0.6426411091172516,-0.13399553024685726
2024.01.02,600012.SH,0.7261729628296711,-1.1802269371256766,0.34706616881625985,-1.8251445479852206,-0.8783541443463423,-0.3444146322863228,0.6399503362475669,0.8065954432337061,0.9654870172100637,0.6886372913977784
2024.01.02,600013.SH,-0.3492283709459613,-0.23641252460146175,0.06838983828876763,-1.1569221952164352,-1.8511350252594871,-0.4512634961096934,2.382155780498767,-0.19086062259271014,0.25697741141180486,-0.5016915152041602
2024.01.02,600014.SH,1.012934258855648,0.9901130744655824,0.7168674175597354,1.6533709151088407,0.3322581177524915,-2.0105212675151622,-0.09184977430323062,0.7150623676209525,-0.40067243602530644,0.5304277248347262
2024.01.02,600015.SH,-0.03685843519866408,-0.7996171335481571,-0.48535816729661196,-1.482720612346827,-0.6372115331073411,1.21513995721371,-0.0011655605336970648,-0.6828161777423682,0.8993372777414789,-0.07959607998202006
2024.01.02,600016.SH,2.5343185687314267,0.2690842340070089,0.782681886957277,-0.4050077065000454,0.12945460498299555,0.690422826370713,0.7911026153481796,0.37078890730108444,0.7007481533290058,-0.5586514640736003
2024.01.02,600017.SH,-1.0329895808793566,-0.026328844859992723,-1.3695334395054235,-0.5695273487768555,0.02069739030235404,0.4380484494601693,-0.24108255605443218,-0.39623892993644666,-1.6072587718346893,-0.711953780140216
2024.01.02,600018.SH,-0.6074261089629042,-1.0342286441019413,0.7404413837612889,-0.07538572604312008,0.30423877797888055,-0.5109814371980873,-1.1581061052707857,-0.7581769067249328,0.5958299156943274,-0.14780658848033598
2024.01.02,600019.SH,-0.31930044382683237,-0.6770517159823884,1.2624163627512623,0.1414261925667554,-1.9189657156256799,1.167268734166762,0.8897208150665835,1.9779634812875106,-0.4678611592299454,-0.010110697406111714
2024.01.02,600020.SH,0.6629610157023353,2.7552685964874053,-0.7721474358430492,1.232867569969233,-0.7857701631294282,1.2084208057827877,-1.4342279199611674,0.29460652499717616,-0.33973856675355635,1.5433465920954785
2024.01.02,600021.SH,0.9030276898680858,0.2127636155938264,-0.13600216098664755,-1.6783111011036989,0.6557549712239963,0.39792865740763017,-0.2878042451125916,-0.5435602373252278,-0.3621985045029527,0.5121508381679021
2024.01.02,600022.SH,0.3620358121297008,0.7015704488434256,3.0712718768833764,-1.239466735484188,-0.5456763412106481,-0.4081377878538077,1.3528183201303068,-2.064860675646405,-1.2456724713990128,-1.6499266649775137
2024.01.02,600023.SH,1.0248011480435362,-0.7220874605939918,-0.21107788222713644,-1.4738256890689503,-1.5074193366539175,-0.7724149976493536,-0.22919192890781767,1.0367028091465127,-0.24729767875195924,-0.47912215662651253
2024.01.02,600024.SH,-1.5679492500483514,0.4621980866421159,1.1270033583886179,0.4351184329726547,0.594589899192303,-0.9894263650265375,-1.4594832222506573,-1.1203873071155248,-1.4862941520959354,1.496257309256523
2024.01.03,000001.SZ,0.18756357860018405,-0.789895887708114,-0.8910344394681652,-2.108618352977567,0.010387469332478447,-0.49596281143157245,0.3386679827367243,-0.47732749178549067,-0.22364560573236233,-1.75919247164877
2024.01.03,000002.SZ,-0.18556536320275918,0.4853394090476203,-0.12326319868300886,-1.7934956587137871,-0.135908060530638,0.16857633728100024,1.1951678423689942,-0.498566170667672,1.2670056674345862,2.122367724674611
2024.01.03,000003.SZ,-0.3611670680283097,-0.4093856765568455,0.5219178498992012,-1.6097340429534897,0.4217414926437667,0.5101312904257902,-1.0430374968508407,1.7000878136866069,0.26081374828326925,0.3736507013312258
2024.01.03,000004.SZ,-2.425243521402781,0.08298944585994442,-1.8920580520332335,0.0682426575475042,0.24640415894151238,1.2485656093696067,0.18965199596213397,-2.551931968883437,0.639730897948864,0.7301838073857843
2024.01.03,000005.SZ,-0.0964320645982459,0.3331679247605773,1.3058595921305534,1.3744565363338488,0.8176184022042287,-0.06405146865804667,0.8609626382852341,0.39635034335897296,-0.7116108288202813,-1.1087401864197979
2024.01.03,000006.SZ,-0.4029294452674923,0.9439108593043604,-0.3820615431698848,1.0530724430607517,2.564077110455186,-1.4347361692041498,-1.6122474106707658,-0.5807222575802474,0.7282605923965518,-0.742809774950945
2024.01.03,000007.SZ,-0.7631941556900822,2.037960804442514,-0.25092679957396335,0.19255329019813744,-0.29790563084038263,-1.4874388557853568,-0.5166399721937018,-0.2564306869578697,1.4506080795397165,0.25233381432389307
2024.01.03,000008.SZ,-2.0667323301601246,1.0994030753667896,-0.33988655838750675,0.6994456167757568,0.9845718681002578,-0.12487862713663214,0.9036244706270676,0.4928337034035814,0.6587622515893995,-0.0027123313840846063
2024.01.03,000009.SZ,-1.6912849319483563,0.9444974201067389,-0.43954935025817454,0.3376610027758402,0.7856142591064549,0.23862327544434994,-0.062983744591006,2.1510441518644683,0.8534905743083633,-1.3576694310019894
2024.01.03,000010.SZ,-0.3508346505302465,0.3190201618661086,-1.2576592171536538,1.06728010982867,-0.1359081527528968,0.7862671673441599,-0.19359250804936526,0.1998659845825654,0.24795649032879036,-0.8885475880372172
2024.01.03,000011.SZ,-0.5884127270973084,-1.5844097355472655,-0.6312332694700015,-0.06219602574081466,-0.4816419568168577,-0.9173349408129503,-1.451120672517226,-0.1893033384642281,0.5116181733979468,0.6745342132917924
2024.01.03,000012.SZ,0.39700511476235006,-0.15030230539315056,1.2036879949032397,0.6099901335664984,1.8886259169948947,1.1841831816859032,-0.2826664968426161,1.5581191338505416,0.9647602625918927,-0.3847826480762595
2024.01.03,000013.SZ,-1.423002970146935,-0.4788572195771948,0.7861791100384158,0.6723707932843296,-0.19307976208084235,-1.5351069524392478,0.3030530944654099,0.34471114541389414,-0.897559512001141,0.2220690092302815
2024.01.03,000014.SZ,0.059289715431231155,0.9800812726462586,-0.17167573010668463,-0.30937633706147516,1.1114145017818065,0.8955913159079819,1.7872777233335029,-1.2463363532897762,-1.1555713031307246,-0.42210949975364775
2024.01.03,000015.SZ,-1.7050491245495831,1.914358904823341,0.8371498808537998,0.5516014203850547,-0.9244130910338464,-0.8174115269866444,0.8929276901735568,1.1155751652448238,0.5854725359657473,0.11110261002656367
2024.01.03,000016.SZ,0.5028926579183327,0.08373332974405041,0.037816073648114096,-0.4664023992245128,0.011806899860950392,-0.32592352124075585,-0.4348290154176484,-0.9469061076421885,-0.2562525206076085,0.03805825295613288
2024.01.03,000017.SZ,1.5636238558583746,-0.7463113897874263,0.34973252244207154,0.06074515075652172,2.1700847613364527,-0.5713689419060461,0.5876997866288945,0.5867251409550998,0.46085675232743006,-0.7382168055646663
2024.01.03,000018.SZ,0.28621286955063957,2.4854486532078974,-0.6303209249716429,0.27790262383231595,-0.13373405222066226,-1.3494195256133685,-1.2757259230482443,0.2053624004820867,-1.2421367242130024,0.22457690746766493
2024.01.03,000019.SZ,-2.377339518634403,-0.7651961660250522,1.0750489384617223,1.8235195052484123,0.9822698372232089,-1.015645450918694,-0.7772496334856688,0.8861769432903817,-0.03419854947028871,0.015552171613188576
2024.01.03,000020.SZ,0.20803717621321385,-0.5568314293850992,0.8691041126674652,-1.6601863988303196,1.9256680033491387,-0.02117166995001514,-0.6209294898468014,0.32285210310711576,-1.8703247169440724,1.1082732666357986
2024.01.03,000021.SZ,-1.5193340680029923,0.15446665966359946,0.1028388387552295,-0.01985235822023368,0.48663308436528463,-0.7324535297369953,0.23722627228037346,-1.0321699565201035,0.7739081326888909,-0.8485134897656108
2024.01.03,000022.SZ,-1.6364722476086704,0.8825754450286588,-0.9609827155529216,-0.06806540539204466,-0.37331531325026074,0.3157499319121837,2.2960792183412986,-1.1898424982632194,1.279696838722485,0.23463645251267626
2024.01.03,000023.SZ,-0.5433660928987151,-2.3744697481609673,1.0522090681717609,0.46484296415814264,-2.0702101613793364,0.803343908802493,0.30831852043258295,-0.37866892463288016,-0.5180603521380264,-1.6093354361099919
2024.01.03,000024.SZ,-2.161922728657406,0.38695405089268514,0.950999412788727,0.8837420085867759,1.0351036686293265,-2.274431359838214,-1.2200824181553136,0.5696690653189943,-0.09987109929772787,-0.12835396643444386
2024.01.03,000025.SZ,-0.6677887477285124,-0.8196227038091459,-1.4921441596525469,-0.21278520312951033,-0.9431779016384861,-1.1974697479992766,1.0862041996171339,-0.5439565664482918,0.017104060399634694,0.7643816285629399
2024.01.03,600000.SH,-0.5731741668424487,-0.7779925449477273,0.39682793345857054,-0.0783529031359173,1.6143369116028479,-1.249632466548693,-0.5394207847713964,-1.7217200204951195,0.011003649325849818,0.9214465917579208
2024.01.03,600001.SH,0.9974102888554568,0.1565810927456018,1.8918547165397759,-0.7095977229602288,2.4896841596567603,0.4296611710178634,0.8222976186957651,-1.2975497263192897,-1.9205329188773732,0.6325852199601092
2024.01.03,600002.SH,-1.4851060016137039,1.4741154661527633,-1.281981293324545,0.0511293856199696,0.4318503843324191,-1.6111597360246888,0.5003182143058772,-1.0828786503727754,1.126337878952814,-0.7738830214732074
2024.01.03,600003.SH,-0.8930606994409439,-0.12263428076425982,-2.199388421529916,1.264499404043803,2.208680277004129,-0.9457943371118104,0.6881049221976567,2.0136706211616135,0.7705294051528078,0.26293959430904607
2024.01.03,600004.SH,1.5328333047225466,0.21013182573045114,-0.7115956194980347,-0.43771282379209425,0.7316912620626431,-1.7322850933892093,-0.8446867699173891,-0.38755101167823214,1.2101457467733492,-0.9772678747196529
2024.01.03,600005.SH,-0.9906624024176801,-0.7749384030172153,1.4930853623340465,1.4578174570119298,-1.0329978306732428,0.0078025664879860755,-0.05935047600928413,-1.1519113759178612,-1.4763125351863966,-0.19770028558827354
2024.01.03,600006.SH,1.2375173169846463,-0.6691349029007712,-1.9116300997391678,0.1255126233362659,0.13312405000948938,0.3316514456482444,0.8898984108841242,0.7784701326632588,0.5859665583553535,-0.4905515330021638
2024.01.03,600007.SH,1.0383734955858483,1.5385605245320821,-1.0285770143501274,1.3419103218834496,0.8124939927016673,-2.391454457654621,-0.3149707566431721,0.40487819963270777,-0.1848604362090802,0.6956040486912098
2024.01.03,600008.SH,0.37440336559696186,-0.5474322666748179,0.8227437643160765,-0.8005096826224445,0.448428237811122,-0.4342079912526007,1.8464672634118728,-0.0034185265165918906,-1.0253078396047557,0.7363427680959946
2024.01.03,600009.SH,0.18113684584418607,-0.476317654350468,-1.4052317022636291,-0.19624306591041782,-0.21465037014442187,-0.9330167836850668,-0.6311583973728702,-0.12544971066211713,-1.1361812440752035,-0.012478485363929516
2024.01.03,600010.SH,-0.7506803339845418,-1.0636447253583203,0.03524982204408955,0.1996802082934086,0.24646224122871255,0.686610839925425,-0.1582305794751064,1.1465682240949102,1.140188341398328,0.4065519666341756
2024.01.03,600011.SH,-2.0258540392854596,1.358056706672078,0.6538229628662955,0.9477055405271955,-0.34494009765377454,-0.6427608853016236,-1.5089357096141673,0.21108708777218796,-0.37625843030488365,-0.3408360529473106
2024.01.03,600012.SH,-0.6795176983622809,0.05725058288899581,0.5411626742871484,-0.9030488609884552,0.6815722099731919,0.46932603592310185,0.3571229818209806,1.336131087157118,1.3630638541224485,-0.24111739778405522
2024.01.03,600013.SH,0.590419951647303,0.5491356931714215,0.475859855765758,0.07030363099801355,1.0969510174786459,-1.7413444732416055,0.19763065969604365,-1.6986409906130786,-1.369058012445532,0.36249901471026563
2024.01.03,600014.SH,0.49313071199499414,-0.9754388404486657,0.24521652032618935,-1.1250665044228028,1.9139248689249215,0.962824552245511,2.261078924634943,-0.13367964157972434,1.777250214388545,1.5280000643372298
2024.01.03,600015.SH,1.819505070944397,-1.4652980361025076,1.8488296865448748,0.3478260490184843,0.2553978767360376,-2.0784699260399715,-1.526294528864245,-0.8416056944233008,-0.3052064148693494,-0.9050862128108278
2024.01.03,600016.SH,0.41844343019793884,-0.883060772861784,-0.17312189454127835,0.5449459162756243,0.3456527112645025,1.2421372080882578,0.44486079414779944,0.9728718017322175,-0.6753102164037883,-1.3119129719403824
2024.01.03,600017.SH,-0.14381907174714711,-0.3684436644671789,1.431584070628689,-0.6883222477910662,1.2910950515301947,-0.7426167001710438,0.24657884720077183,0.8210177545643351,-0.049611765235709225,0.3143108100513937
2024.01.03,600018.SH,0.04212112371993676,0.47913037928597274,-0.40763157069575157,0.4552575200565222,0.04464078023325147,-0.0006397411439718828,0.6483755239309889,-3.144828264768974,-2.313568845719321,0.8052321069916967
2024.01.03,600019.SH,0.29187246377639264,0.5643659595165105,-0.9697295046654845,0.4134832085630898,-0.0042375929154500605,2.0973282648982736,0.5035013968593727,-1.5499055539435491,0.20524419349875744,-0.5774981373561823
2024.01.03,600020.SH,1.0576928471464053,-0.24761354987869255,0.9493940427854763,0.5396300906680129,1.0457741943601986,-1.2484902544166163,0.016198243902543038,-0.9428850114394117,0.11646057566677798,1.7624580840947395
2024.01.03,600021.SH,-0.3471593035158987,1.0562745705742234,0.7174889434481585,0.12843233838832055,-1.1035807201385117,-0.5032847275566953,-0.21016976028757847,0.22650940492151447,0.574516594277677,0.0586517583575039
2024.01.03,600022.SH,-0.3362139265730811,-1.6571254471813077,-1.8222587320299264,-0.8625963161198139,2.048931174482805,-0.9286111200947502,-2.6278404147785066,-0.10043063098977097,-0.3617558728651158,0.2649918041849364
2024.01.03,600023.SH,-0.9808301751059564,-0.2859939505796311,0.2748008933595721,-0.96298113544101,-0.6074462280867086,-0.3153936628083662,-0.04126180571541194,0.09560951916548097,-0.13645779103633077,-0.12992646227267204
2024.01.03,600024.SH,-0.5425447724600273,-1.1720721840093675,-1.1114187104069941,0.29225139097652475,0.5866006250294364,-0.8600179744657034,-1.1320707544188666,-0.18316912142558087,0.33781673301277976,-1.3650488595015962
2024.01.04,000001.SZ,-1.2691377528521066,-0.5271592541193926,0.053722208687294506,-0.8457986307033584,0.5335591064996328,0.6119395023708205,-1.0395542596269052,0.354976123141065,0.18581299923240152,0.30679321603468723
2024.01.04,000002.SZ,0.16349547546915782,-0.6189107488620188,-0.4904812623303251,-0.12099697980248243,-1.5747133680410865,0.035396184425352556,1.2602485762228415,-0.8781763423217833,0.7277417014070544,1.1410396672837975
2024.01.04,000003.SZ,-0.0641397165274557,1.7235855968229372,-0.22292068077367813,-0.2619079804145932,0.17163150249235676,0.580465363053664,-1.2834752464402797,-0.6900201108545087,-0.20828505327011185,0.1919811906560472
2024.01.04,000004.SZ,-0.6122413619898858,0.013455830270795504,-0.4249464332980348,-0.10489981424869729,0.9335156970894631,-0.09328800938282375,-0.3199542789062014,-0.3756772186329248,0.8640146650806443,0.38378130421432793
2024.01.04,000005.SZ,-1.018756674384314,0.4824699840555827,-2.755826190683299,0.4700981829257556,0.9314847278346805,1.1487672351815106,1.589686892985771,-0.3579232637192603,-0.5519067946396992,0.09077266016683407
2024.01.04,000006.SZ,-2.5999204660031308,1.4622429460384474,-1.243452962851741,-0.8882046465359916,-1.7354046214409184,0.617803047894039,-0.4072572886414943,-0.5035537681757779,0.2769856851614892,1.2641469992130088
2024.01.04,000007.SZ,-1.050274412127118,1.3196358787577256,-0.5026120148380351,-0.1715608800587643,-0.727606038674568,0.9033616698524212,0.12099428873534633,-0.7901299673883084,-1.0702525013855093,1.1185603377610558
2024.01.04,000008.SZ,-1.6946351807368856,0.1079509931846274,-2.283024951560154,0.10350260419636415,3.104316115807024,-1.5435514703320719,-0.6697423079286934,-0.20245415952608745,0.3724386134463834,1.1208163588102824
2024.01.04,000009.SZ,2.1208931726871625,0.2807926219346525,0.773970294945207,2.1703512028977037,1.2292195427589954,0.165432522337313,-0.18840821085843854,-0.3772870432784735,-0.6871961160762872,-0.41692135139616426
2024.01.04,000010.SZ,1.7866612776894977,0.36181962069768936,0.12252660536047008,-0.40076821688796244,-0.6410850907240521,0.7577954531216295,-0.6480367218145195,-1.7094337118293967,1.461457963228614,-0.8199574927587625
2024.01.04,000011.SZ,-0.5946905346115827,2.478002114837731,-0.40806701666180567,-2.355750321511025,-0.5867306736452885,0.2651705539397662,0.8346194372890056,0.8133379977250561,-1.6000265333207915,0.9697099332679324
2024.01.04,000012.SZ,1.0066386784100676,0.30227430493136304,-0.07630026293703297,1.3638972227858321,0.6441572918425089,1.056372240211135,0.7530888311168993,-0.33035054479913284,0.9701774361838634,1.155956558420068
2024.01.04,000013.SZ,-0.15447209600578274,-1.0190672840026724,-0.4764743219890202,-1.1155227059494761,0.19821896025100805,-0.3728189359776919,-0.5863550896303035,-0.6219123113657798,-0.39197447323577556,2.4146425399630673
2024.01.04,000014.SZ,-2.2990076325123896,0.632599506183553,0.187978718276865,-1.8101118580976934,-1.3572564301589847,0.18086054761668474,-0.5833454433252748,-0.1997218922778136,-1.8057471155514182,1.562374364701339
2024.01.04,000015.SZ,0.7167276016334905,0.871912441088119,0.16116902191408494,1.1081419763985731,0.9194154854079584,0.7131676141250963,0.8151586188902081,-1.2394739805068764,-0.69100783283186,1.0425028432272552
2024.01.04,000016.SZ,0.7266078554662159,-0.26026283063372563,-0.99600649813796,0.774773064760681,-0.6893989047546493,1.6257735026460682,1.7880822039738935,0.17916102650273844,-0.93149883686445,0.9165305306079748
2024.01.04,000017.SZ,0.06657099832085613,-0.8444379912916896,2.1643579197241642,-0.6604607258087913,0.5171245541279821,1.6901997814694159,0.42919704365594,-0.8702571209253516,0.3352014956628136,1.1029968381591917
2024.01.04,000018.SZ,-0.9045484509076261,1.8573097773963947,-1.4651053471461724,1.9043431967116344,-1.5487567559545838,0.8141879835483151,-0.4156052365316478,2.1602210857234274,-0.16075851745461642,-0.2931760880473002
2024.01.04,000019.SZ,0.11126484068996763,2.646490480944299,0.035113795314080265,-0.24990568033527774,-0.7899162063387524,0.38910802780625076,1.257035971298384,-0.8394185276794897,-2.624202845043186,-0.15557188706441544
2024.01.04,000020.SZ,1.0647550288783671,-0.5943310604507149,-0.4775429015256404,0.10471805954186206,-0.5731492095534241,1.2976959257502285,-1.904382349351489,-0.6083048882807324,-0.3823056122474932,1.2181622128217076
2024.01.04,000021.SZ,-0.102899224738383,-0.9191524376549421,-1.0943504082964015,2.098253107985992,1.4015222270260457,0.7238383299664432,-0.6069659265629912,-0.3719805068655339,-1.1151380723571305,0.8598883089596325
2024.01.04,000022.SZ,1.7841976829751551,1.789750385828963,2.3824122622172963,-0.3543800255399682,-0.05578656964541737,0.7118371934348062,-0.9978039411197652,0.6994410001587844,-0.15207293814237458,-1.4506182184938952
2024.01.04,000023.SZ,-1.496021238958154,-0.1756741382565439,-0.2350494359151472,0.10523649864515854,1.169510544441851,0.15117692616163392,1.4380830841027215,0.448375712387279,-0.07911060065996262,0.5206875951610881
2024.01.04,000024.SZ,-0.6521068925594551,0.8667169814483706,-0.8725751986887196,0.036274681730794345,1.473887209802314,-1.6867056690332773,1.0894932704928577,-0.06440949009654826,0.6506405580613981,1.0304579716432725
2024.01.04,000025.SZ,-0.8715487887580388,-0.02184260177375343,-0.4966991998123988,-0.5531499361414369,-0.1942658864131968,1.1071035766314654,-0.021095578963308305,0.03240451833754493,0.3739105168483591,0.896990992167085
2024.01.04,600000.SH,0.34365043805193923,-0.7716960890097486,-0.4962355555981851,-0.7728685692996164,-0.606390999289338,0.1880484133744589,0.3599992499911983,-0.5735682594042749,-0.19810562097238468,0.3348714302940614
2024.01.04,600001.SH,0.06252926614648129,0.3973059487773194,1.8643925053902726,-0.2671308141908462,2.7590997576221663,0.5571675833462788,1.9034248206407365,1.6198449222354359,-0.472527409096252,-0.9175298504094692
2024.01.04,600002.SH,-1.318253519768705,1.1182230760532679,-0.42458834953654123,-0.4211481009580297,-0.646062612276404,-0.3736344098704406,-0.6109693835280027,0.2129586944418948,-0.5951798016301476,-0.029869341451217526
2024.01.04,600003.SH,-0.5148202122445108,2.069332921919699,0.41794133828763547,1.1471509738805439,-0.24697473337365178,2.5591257986834766,0.4369708310694501,0.7886848458375729,-0.10423399694481777,1.8999362966793762
2024.01.04,600004.SH,-0.540063171847044,1.98171058027042,-0.5200989166730893,2.112799442505868,2.1498573697756758,0.7653409564556896,-0.5137629359585866,0.7374433278737063,-0.15048803595706958,0.7985168822184114
2024.01.04,600005.SH,-2.6040328167158973,-0.6591707690223374,0.998094202331566,0.12800920614760963,-0.4935193168051874,-0.15346557269084513,-0.40646418356838127,0.25081544220756913,-0.1987483837502891,1.1389831490080378
2024.01.04,600006.SH,0.31740200179502004,1.145263857477496,0.6034553671925531,1.2574216909821356,0.6256865562669486,-0.23627640767335037,-0.6993845014382877,-0.7373342231878339,-0.8025175886574673,1.546879481960934
2024.01.04,600007.SH,-1.1142170217189273,-1.4729204537222504,-2.012715558367436,-0.36052621360752274,0.3529444337755112,1.6659987593400474,-0.6514578558426045,-1.5452727808794597,-0.18923291343221868,1.0516278551220883
2024.01.04,600008.SH,-0.35265958835851435,-0.3610427731723295,0.8915259468532724,-1.0211291070047352,1.4838538440795201,1.1734735866906894,0.2361406290289853,-0.01933819665840517,-1.1671303852095891,1.2194181848667212
2024.01.04,600009.SH,0.5749132668574136,-0.9275992809926246,1.0596724356597271,-0.664324720388629,0.6694349019062136,1.8239111134883494,0.6454844184357393,-0.5093343447300424,-1.905996105386534,1.99307635441624
2024.01.04,600010.SH,-0.911805183983423,-0.5685679995113638,-1.4742251851070007,0.17296105858555555,0.9385068795407643,-1.503660001540653,0.29577880905930615,0.6300008797779009,-0.9260578780604962,0.19144601618925305
2024.01.04,600011.SH,-2.0261963605897892,-0.17370565487440887,-2.4509832915468945,-0.91655516000248,1.911472523233834,-0.08564538905753946,0.013389746151076874,-0.8003750780517074,0.13049301851731346,0.8842750061243386
2024.01.04,600012.SH,-0.6342916220938727,0.2884106260308749,-0.5068231229355353,-0.30641298584758253,-0.23890295975848772,0.33957683161869157,1.0128169736406383,0.2685269354539676,-0.20100761905908565,-1.093213005016427
2024.01.04,600013.SH,-0.06587407560980396,-0.3917562214400773,0.10200754018707743,-1.1128902757256978,-0.12285073320867514,0.211087746462099,-0.029108348581739853,0.2585405321541817,-0.8248426314539347,0.6286789227161825
2024.01.04,600014.SH,-0.18179008735357588,0.6617747043837834,0.28039244717144285,-0.834207817311121,0.6652139554001526,-0.8977578006232899,-0.3415937849445975,1.728148573762132,-1.60756706037789,-0.5636096169460962
2024.01.04,600015.SH,0.11664950629226206,-0.607386927104331,-0.5953410543357408,-0.24384190508301315,1.7759986812155628,1.595386539824978,1.034938247088508,1.40132781840007,-0.21921452531145347,0.4375130007821083
2024.01.04,600016.SH,0.15174332055631146,-0.038628691074670984,0.8018865416635474,-0.9069714834291273,1.4427708376117772,2.236931551522095,0.20310061300655563,-0.7158147779706885,-0.3015177946662795,-0.14348284328907693
2024.01.04,600017.SH,0.17730224355997928,0.1806584148959112,-1.4626427334442702,-0.7348861292974028,0.6165328747378582,0.24949820397644612,-0.0703889234197851,-0.6608593501676722,0.09665570086607814,1.1414785726781547
2024.01.04,600018.SH,1.1267115133122028,0.5467505829809901,-0.33474690456758377,-0.5546159536902255,-1.9639182400801065,-0.668744200648798,0.3189188091981272,-1.316573764446724,0.39316658791636727,0.6404989725719059
2024.01.04,600019.SH,0.09714193840957332,0.1450856497980021,-0.1594103174341711,0.498997105883753,0.17048318822536382,-0.1198938866904148,0.12630063929905785,-0.38177489974781476,0.5324852652125802,0.22331799512060768
2024.01.04,600020.SH,-1.9082767310495976,-0.5874879948470993,-0.7033700286057055,0.49869222365334925,0.8255825830446125,1.6693797557247492,1.785227531808198,-1.3144762393463785,-0.38138979481413277,2.7409867856564234
2024.01.04,600021.SH,-0.5351952237343587,0.5770346119917407,0.9593119720513574,1.855297103681075,1.0028767150863267,-0.11883402286592297,-1.0089788015993464,0.34036573223780886,-0.17124192913061,1.0213327680881352
2024.01.04,600022.SH,1.377729614389456,0.7862949873447289,-1.0313485149416184,0.7384274029655864,1.2847544716649308,0.1615835291358799,0.36330815059239,-1.2210777368201244,0.5500434737675478,0.6845573375040869
2024.01.04,600023.SH,-0.7669213451573823,0.49356032109775244,-1.9994389986163896,0.2826112171353468,-0.2877691535697301,-0.7359671871910469,1.7230253144488898,-0.40231490384038027,0.7731881078627793,0.9846781311758229
2024.01.04,600024.SH,0.6691269246578837,0.647016856527154,1.0017439879598329,-1.1558535933997403,1.31625245038334,-1.003794017914983,1.1950547605913713,-2.8853792366082334,0.5343974266045172,0.7934620651198194
2024.01.05,000001.SZ,-0.42646994839342306,-0.4115389816037548,-1.181443925365416,0.984061110096133,-0.6844182242673472,0.09026095540377485,-0.047007600861635974,0.7710666976535301,0.8379066416615593,0.9046477708447178
2024.01.05,000002.SZ,1.3188988636681591,0.9134267957164327,0.2515047386660779,-1.1637130371036144,0.7181254214382212,2.301835932713119,0.3643810613526575,0.02064236352367446,-0.02133692384164213,-0.5703428926877511
2024.01.05,000003.SZ,3.207635093909024,-1.1309117510292694,-0.575262281566285,-0.4994975920491253,0.12730154072329503,-0.49477004018441534,-0.49643424010323073,0.250250034102449,1.1205144126337752,-0.6695718470192785
2024.01.05,000004.SZ,-0.08329793627839309,0.09867020725579755,-0.9728703600617724,-0.11869798587228363,1.063228888153182,-0.8096115773114898,-1.7318971696244667,0.07112365663458575,0.23810449060953223,1.0690106997611384
2024.01.05,000005.SZ,2.4330886141187587,0.15015846891389784,-0.9146568275703665,-2.046547262715389,-0.8970913888080483,0.504646871401708,-0.7876929709952495,1.9702313047821094,1.3161966436515438,-0.016862056133293685
2024.01.05,000006.SZ,0.5762419539624597,-0.29122705368774593,-0.2642515978825516,1.9071931883738176,-1.9935866152650235,-0.13357594927206626,0.6041644652945475,0.29844718590026015,0.7873018997166438,1.3222329740554766
2024.01.05,000007.SZ,-0.015296086434504535,1.2319379602464362,0.46793323738264736,1.2187407571575484,1.5744969776407347,0.7056367597907728,1.1603141918737994,-0.11218377179089321,-0.29356610421797186,-0.852712023918236
2024.01.05,000008.SZ,1.5407136520685387,-0.010915010135083114,-0.38986508331033226,0.12400929731596017,-0.5028558120034174,0.504955194030542,1.0158378911949357,-1.958533732541857,-0.5381438859179086,-0.6638713118673463
2024.01.05,000009.SZ,-0.5554478053205625,-1.9613692845756436,0.003810301290359314,1.1258746391250893,-0.49117612886198103,-0.27845505337309223,0.25591163649794296,0.792786100892704,0.1367041162682875,1.1139179220808413
2024.01.05,000010.SZ,1.7168954501271951,1.0412021458482428,0.21884192425478502,0.9796269268470882,1.3700725115210346,-0.27029174319492066,-0.9610851072638521,0.11495655237855784,-0.5781415334035405,0.8814999415832477
2024.01.05,000011.SZ,-1.2315276511978497,-0.20312532962381116,-1.3905772352383865,-1.3234121503135914,-1.0575036380733278,0.6420544538002231,-0.02353926435544199,1.3945750400445345,-0.7785168057092136,0.2172282164138173
2024.01.05,000012.SZ,-0.7574070008984224,-1.4559628197828276,-0.49650540699967577,-2.5246158879739435,0.5950382261363164,0.5997601254367166,-0.2942989291527351,-0.5983818882927364,0.6172026840416863,1.2215350333217614
2024.01.05,000013.SZ,0.6765888200401392,1.007152043952412,-1.352500645641557,0.5900523441548441,-1.8313951600226914,1.5365961707488534,0.18121529280634321,-0.903533482949867,-0.5703234578526192,-0.8552006921376891
2024.01.05,000014.SZ,-0.5654283507074058,-0.18890117537759796,0.07724554343866323,1.4835908257478436,0.05212761579454935,0.26845377358536393,0.6627044766896968,-1.5935533188008275,-0.3751170010327927,-0.06033723089756706
2024.01.05,000015.SZ,-0.6070320939771692,0.3800477226340086,-0.39280073580650166,-0.9214505684097564,2.7396546085786277,0.8447261811810651,1.185516116161659,-2.3295980647657664,0.25436341434851323,-1.0122417567454498
2024.01.05,000016.SZ,-0.11474076733656975,-1.204394221176606,-0.080130093803801,1.0775792889392526,-0.11680775974039148,0.5316318642301235,-0.6649758391899494,-0.9430881711903867,-0.3142376245573183,-0.4928048769205018
2024.01.05,000017.SZ,1.0314371769213173,1.6256055627417239,-0.5448028196389205,-0.2884427026078339,-1.6462630798604092,1.08337170929409,-1.3452590100936543,-0.03828253923399914,1.460651345662173,0.21696672628418204
2024.01.05,000018.SZ,1.035525589333363,0.4432831202764449,0.2303877023818743,-0.2537486440748849,0.4588725923054326,0.25733847767695917,-0.06667087516280262,-0.40868914453302035,1.4880907383253381,-2.2539671129967087
2024.01.05,000019.SZ,-0.8204744185086235,-0.1262577465738094,-0.40135140189175983,0.16278003008334946,0.19186318101486602,0.6211185699063972,-0.8799709066184744,-0.473732030918904,1.0855295193875152,0.7043438089884623
2024.01.05,000020.SZ,-0.39680373728585216,1.1045186477649518,-0.7204945391599552,0.12810138011235186,0.28194586976262737,-0.3380501719275392,-0.6174012948564689,0.8317768709593115,0.03562837495275976,-0.5133848691136921
2024.01.05,000021.SZ,0.8650377984924608,-0.37533500269563236,-0.38803619425009106,-0.011945076091030233,-1.8416959939241766,-0.3067069980705856,-0.42190538547028356,0.023829660416412077,-0.4866554269640142,0.009720274676293562
2024.01.05,000022.SZ,1.5445980932406904,0.5381738873459371,0.04055860309654515,-0.5003441102753634,-1.2646629479624423,-0.513198986111359,1.4412839710583747,1.3585369948374229,-0.11961451822371053,-0.32455241677575003
2024.01.05,000023.SZ,0.3077664904624204,-0.3418282036477286,0.43689587006453573,0.707441830153617,-0.012233619911282217,0.22319064982889614,0.6151570401338632,-1.081115144383983,-0.5879140788009763,1.3115622535706295
2024.01.05,000024.SZ,-0.27574383215544895,-1.683480071903526,-0.9737693603783921,0.36970270112227477,-0.9413384789165374,1.2549391393889244,0.637583770431576,-0.10469413308290276,0.39451130260268763,-0.0005752953617585588
2024.01.05,000025.SZ,-1.4956681514450743,0.08173262515529155,0.3244276199611421,-1.0091267636749202,-0.1584776579368328,-0.4550010407553665,0.6894326128146435,1.3917274843241454,-1.4468852085467145,-0.1302334962248527
2024.01.05,600000.SH,0.8911208185181783,0.09524822932360633,-0.1756366095429767,0.9319886298527745,-1.8451975735382788,-1.0550231371424947,0.84003775271411,-0.9969571293219808,0.868828846463768,1.3762668915033485
2024.01.05,600001.SH,-1.6518008008046945,0.0026868920868102974,0.012652602750062107,-2.0583652556623093,-1.1546992599877854,2.274664197724427,-0.028062519870426957,-1.1632457414254216,-0.12663841194940842,0.6693763464392262
2024.01.05,600002.SH,1.9044307090247203,0.6701483789045569,1.386673980593278,2.153957676783638,1.3418032674214198,0.33929822250861147,-0.49135633487966146,-1.2684058079785057,2.1473621121163826,1.4699970113989966
2024.01.05,600003.SH,1.6469378751279633,2.084110869552638,-1.8881013265881796,2.225407862392643,-1.8923116582697501,0.4780616428282698,0.7392603505825633,0.44981270224198044,-0.04524537123202493,1.5138986235602585
2024.01.05,600004.SH,-0.2050345321866584,0.4554968619894768,0.04342807985580867,-1.9546259094902265,0.0323479635275978,0.41665025732476896,-0.1672912600648107,1.264041131529336,-0.3853861593088588,0.09090595241310785
2024.01.05,600005.SH,0.10210185114263731,0.5171604293736609,0.33824881301872334,0.7210128814772657,0.31953678327240126,0.6562631219717346,-0.0625503343145069,-0.46817260398650856,0.661298608913872,1.7586033411017432
2024.01.05,600006.SH,1.2723070746586376,0.31222227671003233,-0.8453772158769214,0.958086624352029,-1.3974300077497648,-0.8378152946780725,0.37720130271081104,0.5322720513682377,0.09744853711991525,0.7874913635600559
2024.01.05,600007.SH,0.40757687680251103,1.7950398622550283,1.311392854551768,1.2950735529487374,0.8147706103614285,-0.6287731083759729,-1.0077747109955557,-0.816692553424172,0.8703586948016127,-0.1808122516336853
2024.01.05,600008.SH,-0.03822944938640571,-0.43914968816889455,-0.9714484318171915,0.8602685198376089,0.871085875617511,1.1454697285830564,-0.007924740539976726,1.2670781085735836,0.378559459703922,-0.267894477738762
2024.01.05,600009.SH,-0.1894790916064013,0.8768434953126677,-2.5013264666817636,-1.1496173664805158,-0.4707396765149402,0.8622509791842345,-1.5518750932003356,0.5336229782950518,0.5794913063787485,0.2672531136355058
2024.01.05,600010.SH,-1.415287838968525,1.2672729300732894,0.20584659025044494,-0.006676988388322073,-1.2152345136799614,0.17917770656513454,0.26461815852368936,1.575175698532024,-0.44184914606860287,-0.41287569193972157
2024.01.05,600011.SH,0.17532680440159706,-0.5295060311540222,-0.5774368464398556,1.1930780760791428,-0.2653388437165027,2.008065788978801,-0.41154628851177705,-1.24241820567337,0.7784642006393024,0.6303182205544481
2024.01.05,600012.SH,-0.8223429830966122,-0.41377423398576824,2.1059508450340614,0.8348322189768046,-0.16949432147012528,-0.23342461110563462,1.9920167403871811,2.271627326924048,0.3792907623838659,-0.45505456467177263
2024.01.05,600013.SH,0.5537946029992036,0.855418464153587,0.7014155978033693,0.9581798185983529,0.6566919609501849,0.20387979161724726,1.303088503347762,0.18572496762514495,0.6764015508612474,-0.6319111574918463
2024.01.05,600014.SH,0.12076424505117644,0.4445583998990839,0.24175639428666293,-0.13891595318988648,1.137482385667791,1.7559510405585137,-0.1962617932468986,0.4605221836792785,-1.0022959001862952,-0.7356398053628906
2024.01.05,600015.SH,0.6392868466933945,-0.6999743704008766,-0.29252696853378546,0.7521148220502516,-0.5962234976005336,-0.3700470852278997,-0.5148663596689552,-0.12830340414676938,-0.8084175446247588,0.6153751051247714
2024.01.05,600016.SH,-0.033294016576096465,1.1625134656410194,-1.0995780949724951,0.8155854773855558,-1.8061906116552842,0.41978434239344037,-0.1000558800232744,0.5158834589500783,0.7510192532564133,0.8136732141080645
2024.01.05,600017.SH,0.7284427249217825,-1.6777858671300778,-0.807985366846473,0.5766014387161797,1.6207652074618055,0.952343260241734,-1.9595496835771713,1.7348745253491011,0.8427424829274595,-0.08614941975943502
2024.01.05,600018.SH,0.04922961630616309,1.8665917448576714,0.23974909703836234,0.04347649309857522,-1.5188646978579283,-0.12993454402151763,-1.8092013021127495,0.6937965059052953,1.0812397099802102,1.0200108932029242
2024.01.05,600019.SH,0.2068409136782692,0.41937463732751035,-0.45928072236024137,1.0198903850587089,-0.22535964209444273,-1.711416298935904,1.3144017326098345,1.0953449029137952,0.6994363054518554,0.6622672982496247
2024.01.05,600020.SH,2.003240951877011,-0.8776710094572633,-1.4921004412600838,-1.3761844168070352,-1.438615402037515,1.6025525881069993,-0.6228186219285274,0.7167685027208602,1.3369140961188968,0.22114848619893548
2024.01.05,600021.SH,-0.13500600866865736,0.23674580416365212,-0.7110805076899706,0.49740368930905576,-1.4821246812702902,-0.6210061076649499,0.37554612316621605,1.147946092508931,-2.3250625170143033,0.10413866255256575
2024.01.05,600022.SH,0.410624117778303,-0.8115371373228619,-0.658246752323449,1.7585276277873372,-0.5274104989940137,1.8644307116292307,0.3513639894715684,-0.38850306002684504,0.7103910077293897,1.1198709604353
2024.01.05,600023.SH,1.4722329205327467,-0.3179932582915176,-2.1478521510858126,0.2156008097350965,-0.11379161843371793,0.1926436346952086,1.1022584787132095,-0.7877750796147651,-0.3395105582028857,-0.5918065707260556
2024.01.05,600024.SH,-0.5720034549283691,-1.2457888161004858,0.527894924289409,1.7873231977765796,-0.5515807624882089,-1.2224902955009247,0.046852731297707687,0.19148529314136956,-0.19388174887496845,0.21059620595660056
2024.01.08,000001.SZ,-0.8074646420417994,-1.4925984571293498,0.7002131424936558,0.012381846605184831,0.5043703623386182,1.155308444771278,0.3637646446084729,1.2140018778046568,-0.7202556200922483,1.6841988004668926
2024.01.08,000002.SZ,0.04244929679339572,-1.2875640894067037,1.3176249649420149,-0.08877680646531179,1.1385526796722987,0.7115656277210967,-1.454829730198439,1.7355726091067016,-0.5360786518951276,-0.6193803633916598
2024.01.08,000003.SZ,0.8587034597923239,0.6902410879799029,0.47541411051676047,-1.2862557411489162,0.7280898783871321,-0.6868894378476644,0.6455518307035957,-1.2087392038428424,0.18068338973535453,-0.8787781331441766
2024.01.08,000004.SZ,-1.1581152659509515,1.8751226571010031,0.8695081734860257,0.06121864819600546,-0.6623632261230437,1.334626875421861,-0.18925898167149513,0.4924184123767315,0.054800448474744315,-0.48631338565706034
2024.01.08,000005.SZ,0.45045114487906274,1.905762300247264,0.4173645694528858,-2.3610106716308854,0.07586791981055185,-1.5136489288495014,-0.9005576614788482,-0.9092264146009756,1.2485170275025395,0.3841598545799471
2024.01.08,000006.SZ,0.5858747833816627,-0.4578058196434603,-0.6989386706575001,0.25818762463937917,-0.8426431280872577,-0.9460192185280851,-1.0191207438799115,-0.18509162456771916,-1.4851238247263323,-0.2875833327159756
2024.01.08,000007.SZ,0.1949061126313069,1.2203417609508105,-0.7084887942854889,0.8166548988310846,-0.7719085080516149,-0.5303231760682999,0.6613404580821586,1.0610497436416553,-0.18490772012343276,-0.5233316842690381
2024.01.08,000008.SZ,-0.06707010636849318,1.577441363539726,0.3940980769683768,0.7041687743642765,-0.27854736920935524,-0.5190192181798918,-0.5678493322347591,1.033476126835909,-0.12288137842344254,-1.5668549659059992
2024.01.08,000009.SZ,-0.8853844535198697,-0.1828468441830506,-0.42190474533155503,-0.3481854202424243,0.7711923735933767,0.05727812349763002,-0.8290623929651132,0.8073940913141179,0.8067997350420922,1.5723610821478977
2024.01.08,000010.SZ,0.2684469194834528,1.4954927723396727,0.4145397530700042,-1.8404904185859812,0.6698468602007013,-0.016150245259315348,0.058846352893115,1.223949236257361,-1.027755313875206,-0.8108081038191857
2024.01.08,000011.SZ,-0.027344489004471763,0.2867782858697399,2.190388998451241,-1.649070930937137,-0.09466961564591966,-0.09762370960561274,0.47097465796395205,1.2056245330219932,0.4757205535480152,-1.0540637394061672
2024.01.08,000012.SZ,1.2562290159916893,1.3620287077421662,-0.5726206696176059,-1.6612479992845068,1.8061296839759697,-0.8122610031880769,1.1115294739672685,-1.0034786003172502,1.7780577218725389,-2.0083395516593536
2024.01.08,000013.SZ,-1.42289989536701,-0.49720055398786467,-0.6322179336001547,-0.713121312573324,0.6794671784701615,-1.8474811113660647,0.7636643691319767,2.380484608177254,1.4370094288753645,-0.010373241175811744
2024.01.08,000014.SZ,0.32302036601347656,-0.17923441225262624,0.7158010034693142,-1.0099071678125853,-0.676481521357225,-1.6740804054015386,1.1208452066665846,-0.6581014664837075,1.2973126421928705,0.8801301374532001
2024.01.08,000015.SZ,0.2814507600203576,-0.9446789283119603,-2.500258186134759,-0.933843148406074,-0.0017104203735925731,1.5814156837823188,-0.23758240618561682,1.2569225702470392,-0.5923758698123499,-0.7493124981551499
2024.01.08,000016.SZ,0.6907397682095858,2.204854041060922,-0.2650392148750838,-1.0067344944452365,-0.4380439481246547,-0.25183535500276505,2.0745034939056923,-1.5652398145103208,0.2311558574654778,-1.547565356984104
2024.01.08,000017.SZ,0.18235464676539292,0.0448215145140745,-1.6879089779582217,0.2637488888674207,0.7764993358853731,0.9855154296124011,-1.5678788661703855,1.0385711931110202,0.2638732968603793,0.09681872553968285
2024.01.08,000018.SZ,0.9691216717929424,-0.30946642001682545,1.1469074667409713,-1.4088465899551188,0.4086724971449763,0.9679697466171143,0.3671655840010122,-0.29733331183220196,0.7662391945197711,-0.916774630414312
2024.01.08,000019.SZ,0.4226286242255235,0.19521433197768126,-1.0724693411500252,-1.177179509808076,-1.193955694493231,2.822497454455097,-0.5702968622912281,0.9251341016870566,-0.08130473977846342,-0.9843442849488351
2024.01.08,000020.SZ,1.5396448823045223,-0.061050029794759084,-0.5230368844596192,0.8551893333009475,0.2273332096633158,-0.17606803703789842,-0.48899333822865154,0.018494165390759154,-1.890091434023032,-0.3450560919138453
2024.01.08,000021.SZ,-0.20050054067648035,0.8281834735099943,-0.6678691021941907,-0.12067258294531809,-0.277355015500239,1.093400659654117,1.978077386900048,-0.17705565377858395,0.4026895566310488,-0.007915671933811392
2024.01.08,000022.SZ,-1.0783635968123175,0.42208884902524013,-0.8364413946790066,0.10579454817231887,0.6575869438138812,-0.4659334346788111,0.3444889057345911,1.721214272597957,-0.2750632629641518,-0.1329915051889855
2024.01.08,000023.SZ,0.6023395564258862,-1.7039676505943098,0.7953628085374644,-0.15960040779599458,-0.11774531884254244,-1.0626060159875559,-0.4002835408641428,0.3056930623935029,-0.7981024352702124,-0.43543316880428873
2024.01.08,000024.SZ,0.6383059110077159,0.1267463031732858,-1.6038016734916323,-1.1442881492601908,-0.8212680806799284,0.5837971390003902,-1.8422524509610783,0.9372542885615882,-0.706544766028537,-0.8735179727655804
2024.01.08,000025.SZ,-0.9133294500963516,-0.4111775397128734,0.8142896109205281,-0.6990805514164419,1.2266923807426595,1.0317267519207898,0.09743918716864071,0.3067368499861607,-1.8633377642204214,0.6114702097605914
2024.01.08,600000.SH,0.8951001363451795,-0.7573063832940132,0.3883209563810245,0.12239071811963097,0.19202588421061548,-0.42587283062792125,-0.6294299899241842,1.9956233287035536,0.7102003741751527,0.7738357809165516
2024.01.08,600001.SH,0.19267242756949718,-0.5238352512604049,1.345515112601797,0.9870167827058655,0.1262988303258295,1.6208094375754816,-0.6432215505262437,1.823687647378117,-0.21905681737883975,0.09172254161669867
2024.01.08,600002.SH,-0.8752208922179505,0.29820985272240813,-1.2686675397753213,-2.5648820272452997,0.8731079635747473,-1.0436407244554036,-0.3655685679026524,1.476694447331271,0.9193070294833008,-1.4054158925705948
2024.01.08,600003.SH,1.0657618906669348,-2.6584593440544038,1.0378646954319446,0.8558938718656551,0.7039408893842942,-0.1306153418861081,0.9391466948767926,-0.06405215108868774,2.3287030216614366,0.7189699013347034
2024.01.08,600004.SH,0.253971931609662,-1.2044747438184902,0.2559585761097861,-0.5642051493021734,-1.015812872478024,-1.382426573093905,0.7047949431853171,0.5614113677592278,1.2033140956558959,-1.2786141882063171
2024.01.08,600005.SH,0.6830955509426125,0.19036237992790758,-0.6687152917376762,1.2173459867044636,1.7992123374829316,0.5589831221135427,-0.6485928467707439,0.5553391859972024,-1.2636424571793348,-1.277180130300642
2024.01.08,600006.SH,-0.11275556774283906,0.04305824897796036,0.03761928738357409,-0.8313608889561035,0.9704806804392937,-1.2103921304478666,-0.8822703464189985,0.6105761186675182,1.0786477227715527,0.4659642619660207
2024.01.08,600007.SH,-0.356120464856844,1.6014884708795136,0.9305841974300977,1.815308479698939,-1.3894753763077838,-2.059557831415207,-0.9621403226383515,0.22423873405959388,-1.6851273143714058,-0.7209701304843048
2024.01.08,600008.SH,-0.2244433954296032,0.28438345603790743,-0.3174469138799025,-0.8955811791005195,-0.15083452017195967,-0.8117827692900207,-0.6267762520583691,-1.4357219036136022,-0.05934517517519476,0.7326133495460907
2024.01.08,600009.SH,-0.24314103901966322,-1.3313168755877145,-0.24156147978712797,0.08194616811421897,1.9928286812368385,-0.7561129928918339,0.16422567726493514,2.5785285467479806,0.519981707938019,0.8525603563663277
2024.01.08,600010.SH,0.8602324120292966,-0.3120849410468892,1.758123520265658,1.394770902827767,0.8850169811614317,0.19772400299656334,0.34679359518332903,-0.49957471529545505,-1.5223882617145397,-0.9587206744275383
2024.01.08,600011.SH,-1.9362067358356383,1.848850215425953,1.2182075607470546,-0.9596366516453455,1.128739835345829,0.18495094723249575,-0.2621019585529325,0.40381965134739545,1.0025363362122366,-2.0299612128524354
2024.01.08,600012.SH,1.2158644535591248,0.3677197614044757,0.4739369799823355,0.43902165497088474,-0.04596753019918415,-0.42306538168834384,-0.5608169185872494,0.3960966869271178,1.3253258565345263,0.6096948981778629
2024.01.08,600013.SH,-1.098868590356239,-1.3275419475803472,0.46679914894207347,0.3124685259565207,-0.24168836521899859,-1.5290662875367573,-1.9526924814872797,-0.7179854758856672,0.725300029700334,1.2507890509686912
2024.01.08,600014.SH,-1.2505494972527005,-0.41493369560075355,0.7517747160902952,0.6793216646311812,-0.3618404881714922,-0.7138387198422183,-0.5944648305528727,1.0656887444811707,-0.6255025555994017,-0.05658328987008574
2024.01.08,600015.SH,0.7868062150219418,-1.4334195059159138,1.1597520143245807,0.1472579864738819,0.45144224125105104,0.01447554518797889,0.8852200793842071,-0.8841363328168198,1.4859575414988442,-0.7505856444415007
2024.01.08,600016.SH,0.30421159978050294,3.273893428565437,0.991199501855474,1.3735576087059047,-0.3575193158558893,0.18032934099482895,-0.03242147315317728,0.3628540252482312,-0.3705598421064624,0.17913750377762924
2024.01.08,600017.SH,-1.1772246530694677,0.5553993373331633,-0.8003181320645584,-0.2944362257549852,-0.5066025546069851,-1.2008108650153921,0.33932600879680763,0.43813272354419697,-0.08960548257488217,-0.5275757547442524
2024.01.08,600018.SH,-0.09078895834326281,-0.4282812199301896,-1.422276937389567,-0.4192280644350244,-0.17193004491245317,0.3740138140534581,0.9203204387190372,0.2715316131030114,-1.5312709740949104,-0.8228870962059713
2024.01.08,600019.SH,1.01038114893201,-2.1015068448609413,0.6641488728738559,0.06737133095855896,0.589704296946625,0.5934695947286687,0.8434994286028585,0.22357175643073324,-1.0209169972175762,-0.6840577967473552
2024.01.08,600020.SH,0.6533922788442265,0.8328713992852517,0.019900542385940224,0.31773780974822347,-0.14867078952794513,1.3983361487883805,-1.9997794956796373,0.6003303990676072,0.2647563121210112,-0.9069049171786606
2024.01.08,600021.SH,-0.5170623149369705,-0.7128239231863376,1.1897873038858768,0.9167455430507154,-1.8086454994249614,-1.8053083757920252,0.6418023507399347,0.32575923872317136,-1.4448269266589364,0.034030235440745064
2024.01.08,600022.SH,1.6697673231591972,-0.618067041020627,0.6611322093346563,-0.15277251729412705,0.1567639026881602,-0.5201567623211557,-0.7611706039948634,0.4760917607805992,0.032720050384098726,-0.6792169104844369
2024.01.08,600023.SH,-0.9236070421732216,1.4325009060349831,1.314772759372974,-0.9057645070751535,-0.41093935792077657,-0.08999687190589338,0.6367901999392268,-0.8250763082838584,-0.35752710173581187,-0.3651407564418675
2024.01.08,600024.SH,-1.8190684532235024,1.0326879066093766,-1.191542109124093,0.38880226550076025,0.3646715310810676,0.2587306604371459,-1.7241860115690286,0.3099163230977238,0.639789391823984,-2.3656093926608257
2024.01.09,000001.SZ,1.245866076391761,0.3449922567366364,-1.2242803260040538,0.8532654608531356,-0.5399649786181899,-0.6197828077742935,-0.14076875188789273,-1.1007442416222757,-0.19240467825641866,0.20422943935386048
2024.01.09,000002.SZ,-1.1815998805664616,0.8731650254439309,0.23334538759598292,1.0275900269417886,0.9916992837465805,-1.5208396599376524,-0.04538912913513662,-0.22136516910464443,-1.2708596705320612,1.0286663446515834
2024.01.09,000003.SZ,-0.8642367149737528,1.54846736334375,0.6953507323091243,0.5613193981523084,-0.9307272876860172,-0.21414372957407332,0.06982822170395457,0.8152731626486577,0.41888716853654123,0.5057071253192293
2024.01.09,000004.SZ,0.8348845424499657,1.9762049046322634,-0.9902043450089808,1.3685120882242547,1.3611049058047624,0.4542165060785471,-1.1838755933226446,-1.0663947518768926,0.6304526541501936,1.0049525439170295
2024.01.09,000005.SZ,-1.754263359645057,-0.27425483886801005,0.9137263551245071,-0.9479736984188911,-0.4051611941039407,2.236476871501186,-2.01982006238317,0.8229383676693608,0.46325867919418173,1.1371424008969988
2024.01.09,000006.SZ,0.1467505429167775,0.7093043239018768,0.7185904297533378,1.310857703470972,0.1138973802702746,0.17716105833603824,0.474821517299562,-0.3669869241408023,0.2911534287086036,0.3045033609525837
2024.01.09,000007.SZ,-1.5310772075378252,-0.03656791445758669,0.6232369123764948,0.7857587779680939,1.0773841429142423,-0.4767551117847163,1.0863276328787679,-0.42820299064903733,-0.6750092359270392,2.583732578168409
2024.01.09,000008.SZ,-0.3808937330368776,0.09337482136454321,1.488488553106577,1.4849406701361787,-0.9767866000133025,0.17559166907632462,-1.082312636262621,-1.2899679459488087,0.2698315433134905,-0.8063472309289668
2024.01.09,000009.SZ,0.7108721983219208,1.5116307436940748,-0.7662331997551376,1.0829950951790874,-1.1358609140372464,-0.46104224193192644,0.37194712096859966,0.042336007360921135,0.5493066540566088,0.8554180201377753
2024.01.09,000010.SZ,-2.379841125982478,-0.4810377487621839,1.07648436236507,0.769419602342948,0.01702633659418878,0.4233292025396504,-0.7883876444566998,-0.4472440715065282,0.01921251030560872,-0.6112778654982987
2024.01.09,000011.SZ,2.17013937536612,-1.0689060989865764,-1.713560512338794,0.24642948760899336,-0.038079535122136486,0.38576102000936313,-2.644765255457519,-1.0633479890548645,1.267782598825898,0.9234198124352937
2024.01.09,000012.SZ,1.8131669258432082,1.207533936501845,-1.7296380036167152,-1.3717468850256245,-0.48990813211149425,0.002569715768251921,-0.49855233354617146,-0.4665598779157099,0.3901654064802324,-1.146508905908112
2024.01.09,000013.SZ,-0.07929398025054699,1.2214335389244964,0.1770496314642301,2.5295491729103534,0.032226078602242095,0.25118639786715885,-1.9936910346030259,1.1848316923872086,0.18778319498179677,0.5842472688189776
2024.01.09,000014.SZ,-0.435704192281204,-0.41714061561078625,-0.8934541387085129,1.4378226026322292,-0.38035527052836454,-0.05332791408950213,0.6510040483541397,-0.5611880844648438,-0.7961709252472671,0.3927339840165864
2024.01.09,000015.SZ,-0.7089028498169189,-2.088185268699782,2.2846500851767844,2.226748845401891,-0.8353618196870651,0.8240967028770206,0.6242888352951516,-0.19081429975559694,-0.23946011881921228,-1.6311005482253305
2024.01.09,000016.SZ,0.04070642366843214,0.356446956911327,0.05150429148191594,1.5862691964860773,-1.0308140861828854,-1.089426245631279,-2.621949749312914,1.082572726062958,0.5165654415039762,0.3061010408846307
2024.01.09,000017.SZ,-0.6129660656219789,0.1606873305148377,0.6945379408883424,1.2445363018437585,-1.5446904978205263,-0.024155065401944113,-0.4481846630412421,0.39066134029629607,1.2485215070961595,0.8374970870833123
2024.01.09,000018.SZ,-1.4360263858585929,0.9411958750182584,0.03197654912120559,1.0683583411193813,2.787897776400665,0.7941976295268551,0.3758450049863354,0.5027526735396666,0.17224331970823786,0.6553999458832611
2024.01.09,000019.SZ,-0.37805947332709255,-0.7276090402009574,-1.119725827219809,0.3875821353449256,1.6781531901367561,-0.875990733232625,-1.2479729021949464,-0.816327050176236,0.18144184979368405,-0.19030477391212944
2024.01.09,000020.SZ,0.47208879503284285,-2.231510489512055,0.8404149850195849,2.529299169300871,-0.3448831487678769,0.6970049703066633,-0.5346431900647798,0.2177043768045713,-0.2770267401961638,1.8836989264894577
2024.01.09,000021.SZ,0.3527136051136754,0.2287127481990676,0.7590788980605154,-0.25483725028154147,0.022459438093203467,-1.3487874023814548,-1.4665052311822873,0.3324689591413476,0.5293837642783359,1.7529959935331265
2024.01.09,000022.SZ,-1.2632665377922507,-0.9268692053879498,-1.4483077811781626,1.267758548904433,0.5718995960312964,0.49071959532067255,0.1118118635141566,-1.749263563591101,0.511395543327401,-0.6852182916885545
2024.01.09,000023.SZ,1.6030310440683382,0.932665916336213,0.629767001778876,2.1784649253049135,-0.37371782891250743,0.019934952350044267,-0.8123763459637166,-0.05209108044424357,-1.0357393245919504,-0.057758987236960886
2024.01.09,000024.SZ,-2.0129265333031103,-1.46294157160802,0.9412917261275572,0.7396245081772013,-0.4379528084043516,0.790700555110712,-0.49316442739785693,0.7693054554393254,-0.6333179924836497,-0.7179987047621986
2024.01.09,000025.SZ,-0.638396048858815,-0.20044437336032236,0.003868003964126163,1.955687715259183,0.3331238730706645,0.1225137076756222,-0.9347609123943599,0.6450897574336071,0.6332288828329709,-0.8404805844152745
2024.01.09,600000.SH,-0.20376708020201054,1.6724589619090204,0.1429953190400471,-0.12068026557932708,0.7562628057308478,-0.48374446229767193,-0.6448226266878695,0.9039758970644036,0.6654578256297697,1.4976579181442586
2024.01.09,600001.SH,2.0548332462595935,0.029590913049249292,-0.6934635463036168,-0.4935586171396538,-0.22670099129412238,-0.6238810220915783,-0.5576912183784738,1.380818957834639,0.744511063721091,0.8192995663544705
2024.01.09,600002.SH,-0.13323508243154036,2.1956351646080052,0.8357925156411401,0.4896865881351606,-0.4638391285516674,-0.16157682964482842,0.5480018898517761,-0.34191204893967997,-0.20300276420972274,-0.24621926859271265
2024.01.09,600003.SH,-0.26157055501271226,-1.5626393587082974,-0.49924470907605867,-1.7057151733756852,-0.06642307900503024,0.20298850566197615,-0.3878100442387328,-1.381637580158895,-0.3881679044081461,0.5946982696512271
2024.01.09,600004.SH,-0.07591274574296668,-0.42872022995353637,0.2524989644396602,0.5501488225489605,-1.3435278057457152,0.416767143923579,-0.14567000502603994,-0.42258192685904344,-0.4415022464809138,-0.8460723199859694
2024.01.09,600005.SH,-0.7419905197329633,0.6173433180475307,1.354390844473338,0.2911340636922032,-0.44845413559738656,-1.6091679372960945,2.532897991400228,-0.18553298141660746,-1.3507564085697892,-0.2546943121333126
2024.01.09,600006.SH,-1.0725506162103595,-0.46549974850713355,1.2947802824524581,-0.8375367450234646,-0.7996720244952925,2.5457489372321382,-1.8088682071707283,1.9339976847706857,-0.9470778982999011,-0.8745580296972054
2024.01.09,600007.SH,-0.9128300258481273,-0.49817227749999876,-0.5975293676749683,-1.066845203637096,-0.1724865907038988,-0.19880010049061383,-0.10786952089796528,0.6308756569553677,0.9949018351938373,-0.6547458214704632
2024.01.09,600008.SH,0.7738359826593036,1.1421319883364145,1.2511563900928158,0.03281290039790701,-2.3680702390876758,1.5314693720644466,1.0264033999138757,1.7157352452091674,1.8376985268213653,1.3237019958858744
2024.01.09,600009.SH,-1.1217118425100943,0.06906685111944563,-2.644412212305017,0.4165193268753989,0.7055726201613096,-0.7583822393896745,0.7196025381724306,1.9353231884736917,-1.0448831117114168,-0.16376296524391026
2024.01.09,600010.SH,-1.0493557358860164,0.28860406527426996,0.9062620978508851,1.5916458443816497,-0.18144128098938828,-0.04116623393260428,0.14755119207180475,0.9831985015140821,-0.4154892093779714,0.10084081344903043
2024.01.09,600011.SH,-0.27762768107198105,0.23816535487947932,2.0531617290248896,1.8181529697018215,-1.0696349071930313,0.5376585542570792,-0.08030958693895954,0.8223372783338023,-1.2048421326038534,1.235152921929798
2024.01.09,600012.SH,1.5473203356807308,0.709281407765953,-0.7853606988332571,0.4416066070676476,-0.4439788079823864,1.7897718616042444,0.3215738180217879,0.023622487885225467,-0.7448965260215438,2.5332901775897385
2024.01.09,600013.SH,-0.6238270312898773,0.53806326440123,-0.3008795726955781,0.023155455775618294,1.9778538639977175,-0.15754470370228346,0.21196298470387842,1.8399978557958072,1.1583920944613622,1.3976481335006046
2024.01.09,600014.SH,0.04725667256366158,-0.25036990332712933,0.559244480846117,1.229005713462717,0.1767904604388356,0.21647967906251872,0.3490723258664602,-0.07600067974827208,1.3801516050732654,-0.3132016631182544
2024.01.09,600015.SH,0.03653347273512943,0.9003676275930307,0.5318205673632217,0.3437688950997536,0.34823406223768005,0.6777209953688046,-1.0596912090217785,0.808919826339956,-0.6398278913925267,0.24516207178754676
2024.01.09,600016.SH,-1.0681495118567186,0.19775514723454998,0.6279482617714943,0.9181254699983152,-0.11058743145701938,-0.22197008553707956,-0.11809433780061981,-0.0982826136007442,-2.014088112639451,2.1613475166022087
2024.01.09,600017.SH,0.5093077677454533,0.46428680011511414,2.4639875213433475,-0.10487959642640951,-0.08252240405770145,-0.048850067252362094,-0.5703360999541933,-0.6386168483191962,-2.139855456866824,-0.0516341992239317
2024.01.09,600018.SH,0.4046591892248195,0.8740292463033575,1.8690161522366682,0.4158285717541469,-1.9735840012972337,0.7218991498644933,0.2642033434697206,2.2618935051143203,2.109594135937288,1.313338320962668
2024.01.09,600019.SH,-1.1123976798769137,0.35665267574247095,0.11975248015338992,0.7565707411991252,0.6177232734073866,2.13269590223253,0.3011802107772738,2.426434015409453,0.8861511735330991,0.8024240222551459
2024.01.09,600020.SH,0.23294418095798794,-0.9988125259971614,0.814360856387055,1.7098178450888608,-1.1487763655966372,1.9094757497419896,0.06682263076557755,0.4159129371328193,1.478869075388967,2.5130298878669852
2024.01.09,600021.SH,-0.6332520803319399,1.2805173227476567,0.3037661923049126,0.167085832209807,-1.0585583641774947,1.8171158160889813,-0.46352442846043385,1.3640958581224396,-1.3493011286036183,-0.3096536778714363
2024.01.09,600022.SH,3.057759162917167,1.3732233803880616,1.2181597968581541,0.5942046555839062,-0.9525480533946469,-0.5362379725124693,-1.1367238522652958,2.41128829348476,0.20444586625133399,1.0944370028286108
2024.01.09,600023.SH,1.2380562141347828,-1.2371390051998832,-1.7083716616955646,2.403688184425086,0.2542961814938301,0.15405347552085363,-0.607377483780787,-0.989992734762998,0.5843259914444603,0.00936125657356307
2024.01.09,600024.SH,-0.925460018334453,1.3919843762425377,-0.9362916440180299,1.1609081172025473,2.05163253125794,0.02120858887926187,0.1816192678229976,1.6005086958999213,1.5014527974333465,-1.0319528441410895
2024.01.10,000001.SZ,1.6736524061255296,1.262753189444533,-0.6212369550385208,-0.7223084970795608,0.29463253830985225,0.3744939625637461,0.5543161568543208,1.5192131211049733,0.014769915075467559,-0.18297785919603826
2024.01.10,000002.SZ,-1.1386502427675897,0.2740542314954626,0.6771179330100727,-1.0599327645769074,0.8112829884217929,-0.08320005549012889,1.1721102978097246,-0.007613105859741618,-0.8087783284543144,-0.7884986111160317
2024.01.10,000003.SZ,-2.387605896762555,1.5225898991453575,-1.6751618017990328,-1.3473256788100518,0.025201563256025107,-1.5897815257313435,1.3665974533879306,0.6834874756973949,-0.014656947148352903,-0.8665608739631874
2024.01.10,000004.SZ,-0.9188017445013922,-0.388517338103677,-0.40222072752416926,-0.8509756473264183,-0.8324216836195409,-0.6350205724863364,0.2739376282724605,-0.10992035329108171,0.35879007483272424,0.7731435557980372
2024.01.10,000005.SZ,0.4032372864202381,-1.108316936597373,-1.39597991597423,0.9189298156814627,0.8493284469104204,0.3561513541171874,-0.8732067802340697,0.9827748853722721,-0.49792050148869366,-1.0636628877001146
2024.01.10,000006.SZ,0.32189650546519344,1.0731679523246416,0.5346873481725932,-0.3325581239799531,0.031472296740071584,0.5679779788046029,-0.976401942468289,-1.4064127115715803,-0.04813554280588127,-0.19590622267106086
2024.01.10,000007.SZ,-0.2260895539198662,-0.45867275310300104,0.7222764319230217,-1.004133200699044,2.2860291420522967,0.660055263689543,-0.07252352158753221,1.2241242602635027,-1.0911133445413337,0.5306186768931578
2024.01.10,000008.SZ,-2.7257647642407714,-0.3198661674647519,1.8636430806191444,-2.1566279629519034,-0.5451701771548063,-0.058349534064812934,0.15973729216539057,0.8967138134623539,1.2130768994257781,0.10084273715238079
2024.01.10,000009.SZ,0.9107591726347923,-0.3152122549036435,1.4081372059474588,-0.3683742681612723,1.0485011882700792,0.860775374907104,-0.005686261007880122,-0.05483046363032333,-0.9044263546934215,-0.15235668879794095
2024.01.10,000010.SZ,-0.619200228385487,-2.2874941556180004,1.1575588413206097,-0.021989098750922045,0.7504102948188902,-1.225527745856765,0.9953274435313445,-1.7615889659161963,-0.223273713508396,1.0706783744433859
2024.01.10,000011.SZ,0.9470320123630074,-1.2413395209123315,0.34601384050958944,-1.878980801551601,1.3073632720738093,-1.6033220151987952,-1.441109958435989,0.1832276213044711,-0.7839845523703349,0.5266199625641454
2024.01.10,000012.SZ,0.2546390486206346,-0.955530163325277,-1.2418707445243615,-2.4038659157262163,1.2161664458308519,0.7330058093890611,0.8506906205749746,-0.2485820187011349,0.6879887286451606,-1.5746413442901839
2024.01.10,000013.SZ,-1.3599047660670984,0.26257254028714905,-0.5082056724081602,-0.5112329261780774,-0.17186299734597366,-0.43024307001861206,1.2703980064418132,-0.7503906008892175,-0.09630807418598142,-1.0126573001865622
2024.01.10,000014.SZ,-0.5613478020866242,0.17369382158323313,-1.4741414589938004,-0.8331620222050491,-0.1276426280945562,-2.2673283233916828,0.560965694762448,0.09475269586969448,-1.1782093974487984,-0.04110085920092525
2024.01.10,000015.SZ,-0.3262565799005076,0.5469662630089427,-0.21544358234666952,-0.9448574965560689,1.0901207009462244,-1.7341739901152426,-1.5945433996054352,-0.3096714391003841,0.570924034460146,1.3285384470739483
2024.01.10,000016.SZ,-0.5421301581085461,0.830882654246267,-1.3345683978428307,-0.7302560297679899,0.3544512037626887,0.07912837726102903,1.0520109807338933,-0.4143214569404453,-0.3976260847284122,0.10020895573022034
2024.01.10,000017.SZ,-0.5064326018219433,1.3092172864661307,-0.7235450436646496,-1.0302128916342448,-0.14467617458597098,1.4289560555397167,-0.9290046790519366,0.6866045714981266,0.10262824583503224,0.35148355087547095
2024.01.10,000018.SZ,1.1405601699929233,1.1647258525886477,1.90464472443495,-0.37906408150613957,0.6030554977098724,-0.5590984403149669,0.679376217253679,-0.29142926573135525,-2.403576802738238,-0.8966694886109758
2024.01.10,000019.SZ,-2.2663592959241137,2.2538101089470044,-0.7867856518403081,0.4625643570959322,2.3159660983614665,0.7536493772776258,0.42658973366731107,1.7835181666209046,0.20847967720093644,-1.133679378959845
2024.01.10,000020.SZ,-0.11411256449211372,0.9610643707099892,-0.4881930406264421,-1.4276937294384302,0.35692249484268446,-0.06773090414346129,0.2521122461658609,1.9420023846468417,-0.8290838585877541,-0.7605993972311734
2024.01.10,000021.SZ,-0.4235673164622848,1.2086403789282991,0.8068586038807968,-0.008326541033571855,-0.448063840495522,0.42802273216254244,-1.5203344835055816,-0.40125351828946154,-1.3798967586203184,-0.6085827775872148
2024.01.10,000022.SZ,1.2220976133710266,0.3062891847462197,0.3085567922735182,-1.2867347915086307,0.7187115995184673,1.0051039079594983,0.42781710160608505,0.9325599346266846,-2.113749868458214,-0.024020983709471644
2024.01.10,000023.SZ,-1.2670508818857518,-0.3242878036322902,-0.008655005467576448,-0.1031148096366332,0.27803730964067813,0.3661042348059436,0.17058211009484592,1.9688871636965253,-0.7138179062411364,-0.8417678264431353
2024.01.10,000024.SZ,0.8545019230545332,-0.579728232288405,0.06154841886511308,-0.8997512222269528,-0.5770606984889783,-0.39681819432255677,-0.6056403954112267,2.7608459662297684,0.27233313459926917,-0.7263248811707989
2024.01.10,000025.SZ,-0.5227327967391375,0.3917225892046301,-0.512877544911231,0.5400822850146813,-0.8439132359980736,0.7443992115325322,-0.11238297085528537,0.15906817499825435,-1.0767626671294572,-1.4094923327213462
2024.01.10,600000.SH,-1.0795699579595273,0.11381493391192389,-1.2471732082470846,-0.5851914376316424,-0.8124428920253289,-0.10101468930549629,-0.10887531525284834,0.9281076302442143,0.263436428706416,-0.780722278949837
2024.01.10,600001.SH,0.19832026376434433,0.9373282951184135,-0.28412342913688243,1.4907057212498773,1.1600354101218766,-0.36908842232756217,0.7035290297926837,0.5865574412995036,-0.5659051866163616,-1.3850913683439516
2024.01.10,600002.SH,-2.3733135827164915,-1.6645242584406938,-0.06200422165785807,-1.2906932161233096,-1.7647157155570643,-1.563260050687858,1.9173816874328427,0.02361573622314683,-1.0077715924512345,-0.13436622101018936
2024.01.10,600003.SH,-1.8423846352452564,0.5179289432701664,0.16671372308807475,1.0780677572726025,0.841187635419158,2.322652126706628,-0.5518148491284216,0.5815514913055505,0.9820500167520125,-0.670047882416705
2024.01.10,600004.SH,0.8761937747178928,-1.0250973454391037,1.066887641964161,0.10620915166359253,1.4635456786771512,-1.6318463170223754,0.39930097654947677,0.7551532288192981,1.3735893932404832,0.5989656765404278
2024.01.10,600005.SH,1.5159771365296855,-0.20337934079902392,0.4070098170101471,-0.9803764757839634,3.275145263950994,0.46957221067357696,-0.027041383942160747,-1.5750820600830864,-1.0568457667345132,-0.0373923012620191
2024.01.10,600006.SH,0.6245201227298142,-0.6934917128208842,-0.7722502642734572,-2.4991783362381463,3.192346021829035,1.8260585222260484,-0.8301998110243879,-0.4517500723730304,1.0360651598757165,0.11491334477906508
2024.01.10,600007.SH,-0.7515854822407954,-0.7361593199981191,-0.25277994829066003,-1.076967911291484,0.15114784407334717,-0.5904014721688754,0.4915684548429929,0.33283278580302056,-1.309410981811015,0.9682300981843652
2024.01.10,600008.SH,-1.0215942060072714,-0.9881857168046219,-0.44955392029224645,0.18985074486105583,-0.37337192325546675,0.8708391174282815,0.6058142025098324,-1.6557690375400886,-2.0516425154014564,-0.5739257886475523
2024.01.10,600009.SH,-0.08526703591055762,-0.5672608943104568,0.12738106343087938,-0.35782313779247404,-0.14468875566669812,0.48412789957513414,0.3875106735212623,-1.328031755179872,0.18474467019567037,0.019849323918214527
2024.01.10,600010.SH,-0.30408932604509986,-0.4495593006395151,-0.16110919608587224,0.3269851061362766,-0.10452567154734461,0.38530869054316264,0.6269041560319335,-1.0337319688923994,0.22133800581979346,-0.5191146430479735
2024.01.10,600011.SH,-0.21436115840573458,0.1798387791010463,-0.45314177852659915,-1.0018892424632366,0.4232691581667503,-0.8112565927431565,-0.6290327566831534,1.9913840452303406,-0.07685527937553298,-0.24832006019989136
2024.01.10,600012.SH,-0.8836657823098777,-0.4272589189400341,0.7601728669897565,-0.8888360363055419,0.22651207973728738,0.49686619418774924,-1.3155340370531539,-1.2500579642521727,0.21689065296887017,0.4900063679475589
2024.01.10,600013.SH,0.8428180273008822,-0.14794404957737892,0.31330805570455106,-0.5478639635544489,1.207171017922758,0.7654394426147038,-0.5244053987944794,-1.4090670201304478,-2.9983944966897216,2.0435435202815295
2024.01.10,600014.SH,0.6855018607574679,2.173404254475771,-1.560672845778794,-0.5066745250147656,-1.4970191239472175,-0.004022423860689728,-0.8546771766868884,-1.1978608119762844,0.10778529811216428,-0.12221638493411831
2024.01.10,600015.SH,-0.5517112208558288,1.4061836796740814,1.3444624024515779,-0.3500090251606915,-0.2619797876501312,-0.4606453022035135,0.15951042588436232,-0.20808305372565408,-0.4918949281853984,0.267402611261282
2024.01.10,600016.SH,0.076593679853563,1.050045617757344,-1.3538484284069692,-1.0866864441353408,0.3042959126649588,0.6661303416502268,1.3199645469967725,-0.21086235142031962,-0.4755097920898693,-1.0283839726736237
2024.01.10,600017.SH,0.459777762265823,0.4782873167281027,-0.7302013472166864,-0.6936537684635045,-0.5991450135029768,-1.15448333742637,-1.1560227895914075,0.737284443034406,-0.15924491403171084,1.0988857334549385
2024.01.10,600018.SH,-0.5429054148594192,-0.8774872203425033,0.27274825934759717,-1.7797556846261768,0.8441965770096858,1.1637406532399281,-1.28748818368846,0.39268814098053645,0.8658901143005612,1.5092504014369883
2024.01.10,600019.SH,-0.17681890952971313,-0.6999225390573967,1.0481648803882873,-1.099584751735056,1.069013355939589,0.6485964634741564,0.4842452292804084,-0.34023919582742584,0.7481842188765753,-1.3643079871088475
2024.01.10,600020.SH,1.812833679018849,0.8193499605684074,0.33407246367390664,1.277082773182333,-0.15640220024923054,0.15075096627061582,-1.4562507633740454,-1.1741779129064578,0.19588350676409066,-1.2037528147936682
2024.01.10,600021.SH,0.07672608253031299,0.20508035708577357,-2.4372338095102313,1.604237788417554,-0.7925649580121498,-0.8510734833094988,0.9757254141474766,0.2758620918776292,-0.6331867700928062,0.29144865856682756
2024.01.10,600022.SH,1.5555632778265986,0.18771618549142585,-1.6641690358750012,-1.3785462658091499,-0.2969166508520361,0.8251367865263642,-1.024991313187905,-0.9807170214671249,-0.18965997320806235,0.35442429152313215
2024.01.10,600023.SH,1.2767595480031562,-3.3401836671339495,0.3408285815107927,0.1098053158420611,1.6658345388744744,-0.3062907045043288,1.4238948223052577,-0.035222853234058916,0.4872418246042096,0.9398122117458018
2024.01.10,600024.SH,-1.1000594099906043,0.7343046464265861,-0.6136046889929525,-1.426558448031552,1.6454632078122673,-0.4139033808908322,0.652656701003366,-0.06812464486216276,-1.3446354769343127,0.44770894576192233
2024.01.11,000001.SZ,0.07512459942838988,0.9637699037266867,0.8363762853272908,0.15578890026708753,1.929147337200785,-1.4168028218151096,-0.048500347219722906,-0.8636186839675978,0.8057302972744046,0.04896749593532251
2024.01.11,000002.SZ,-0.8164425367999166,1.388104290353352,0.20692451799162254,1.8408760838201115,-0.10854283407589514,-1.0753405155259368,-0.43033388320465793,0.7182999497480426,-0.5061034289390166,-0.08381336733935006
2024.01.11,000003.SZ,0.5928284460077009,1.0716125479344927,1.5642258495501473,-0.9513751877492997,-0.22642317133420511,0.7582732819868503,1.388185898317103,-0.15359021339592077,1.9130112710197806,0.4605950379577888
2024.01.11,000004.SZ,0.8337101216550424,-1.0762016530977385,0.5621144192626834,-0.0059115267347373155,0.42624835696918784,2.6140309828494988,-0.14923655401149516,-0.5117944768625546,-0.7423389608130723,-0.10157646012288092
2024.01.11,000005.SZ,1.128575502845199,-0.22500271556969734,-1.0700969613518931,-1.8095485648644007,-1.3045455625986548,-0.5753110723221151,0.553484098501057,-1.0153720048608712,1.004196944539546,0.2413689214983013
2024.01.11,000006.SZ,-1.4624290640323996,0.9801835631970262,-0.2847272593442297,-0.022684142418731495,-1.8192746936431867,-0.4308413066723606,-1.7619379624063556,-0.9576953485368748,-0.7734088216190772,1.0991180137785979
2024.01.11,000007.SZ,-1.04520588434459,-1.3531322647241528,0.5642678074410271,-1.7175024555725162,-0.013643224796801422,-1.5421512666073014,-0.014209424850100653,-0.13053175005054676,-0.8376546042513344,0.5526708275490148
2024.01.11,000008.SZ,-1.1049287283815126,0.2886932328924074,-0.7117971511591564,-1.9822893762962492,0.4264357854824805,0.7473319345080649,0.8275982342371924,-1.597674540067259,1.5236894853624035,-0.7676959167337277
2024.01.11,000009.SZ,-2.5462489434043705,0.36803984272511236,-0.5412503154035404,0.10414230969003964,1.2208255221470845,0.41758616141927707,0.6061998105064276,0.6729676541367957,0.7725029781623085,-0.30855137188425974
2024.01.11,000010.SZ,0.9224606254207319,1.9238376211917625,-0.30054132847269255,-0.1679826264490955,-0.08455805942275683,1.005081906215252,-0.23369031375563942,-1.9945786541683794,-0.7315133096825194,0.34510613416165564
2024.01.11,000011.SZ,-1.6957935626754095,-1.069186397751279,0.7287881405500475,-0.7878282283652577,-0.26680461629651825,-0.31965473327790944,-0.2031442805127022,-0.8307103244507581,0.38406722145423566,2.480929943458624
2024.01.11,000012.SZ,0.9004623239255887,-0.021831373800079306,0.20784520838004972,-0.49322572205222487,-0.15085557012079484,-1.2640740444638012,-0.3061106139726358,0.9300333524965755,1.6887127616072906,0.8692641003844375
2024.01.11,000013.SZ,1.2227086010937744,-0.041972826312868784,1.0757980544884784,-0.3102965466143595,0.16372903794223448,0.780573777920087,-0.3061259907490076,-1.4208504844253869,1.011344277693894,-0.804172505279722
2024.01.11,000014.SZ,0.9357538228711203,-0.19341442202399411,0.5635266071859034,-0.7745069175716132,1.371199157675601,-1.1191613511853211,0.3129073607658116,-1.856474975843437,1.2800188952468177,1.4238195704913987
2024.01.11,000015.SZ,1.0077559607025957,-1.7378028843537727,0.2024911170727116,-2.1852458455959387,-0.07910869920122271,-0.3692908273447192,0.628424396980613,0.6411856768994684,0.7135785186932574,-0.4909768558721571
2024.01.11,000016.SZ,-1.3449183279517853,0.8465448451930893,-0.5667382830345252,0.07234591451142101,1.2238030160031923,0.2752158853900314,-0.4399002767077062,-0.5426410950844622,0.9981746334304158,-0.31954368344302664
2024.01.11,000017.SZ,-0.21227490594278758,-1.3505962096925201,-0.5118010273428907,-0.6327778568308174,0.05357132154991903,-1.445545054570776,-0.34733962346670766,-1.8546821515875098,-0.08723929043845291,-0.4248571790564187
2024.01.11,000018.SZ,-0.999812302675466,0.5557370124689784,-0.18816496546949993,0.1094719269126171,1.1816545062941581,0.1832454348437769,1.5823528913489673,-0.8395762420939505,0.07271765618772187,1.2512873460928722
2024.01.11,000019.SZ,-1.325934833092822,-0.15380592638991408,-1.2102034646292232,0.7918219286736717,-0.06770161503555769,-1.6849450329607154,-2.0303742144830044,-0.4310997789308531,0.46942595315971686,-0.49700374467609953
2024.01.11,000020.SZ,0.553355902957932,0.05723045397101916,-0.3103393833779369,1.1406731122740097,-0.8589484553215383,-0.01469011486485995,0.45050991838438037,-0.07208487007153122,-1.0941078863419844,1.5917595836409464
2024.01.11,000021.SZ,0.8664863956500082,0.11086477943156112,-1.0561483177413182,0.7311225068124196,1.7764061898562054,-0.0999834133821744,0.21209382699947252,1.1129368015329468,0.18737417502623044,0.18407276556973398
2024.01.11,000022.SZ,-0.9868717953738209,0.1721973684129325,1.8348273950149658,-0.9803240733108343,-1.9159214968283447,-0.33568522963573855,-2.0728282965061755,0.13758531876961919,0.5634125476401908,0.5978105114576125
2024.01.11,000023.SZ,0.18270874334710271,0.37826886685873945,0.18947517653824733,1.0940603325213434,0.9998221922797274,-1.5560343023282914,0.3316657198088911,-0.4046678258269345,0.07944588630916893,0.02988424501153581
2024.01.11,000024.SZ,0.10914408957465535,0.32883096490571667,0.1231219137637966,-2.698213551226074,-0.7245811092152677,0.9570515136241596,-0.920433203774767,0.5386844983603012,0.1595319718368406,0.7715930276089312
2024.01.11,000025.SZ,0.7096600354589818,-0.11926161902318543,0.27060260303706646,0.8340704125272175,-0.3983184183949599,-2.103214333302068,-0.20449581193033217,0.3140297896599104,-0.7589157276041204,-1.37302378988246
2024.01.11,600000.SH,0.759495088075212,-3.0225101081624723,-0.2098470706671451,0.39829270292597774,-0.9711158995214784,0.7402803879592176,0.6525624502706454,-1.9841961116011817,0.6421801072395972,-0.6308436548856392
2024.01.11,600001.SH,-1.2297108694199335,1.493202979117953,-0.7442584102161172,1.0413715639752927,0.009112657722229491,-0.4398073647296775,0.14272094154445528,-0.5737685116621248,0.7220751712793622,0.9326452122399076
2024.01.11,600002.SH,-0.4630792755503225,0.6984001799182779,1.1320943249077813,-0.16205720010542277,0.4974813404332943,0.9110138552977411,-0.5571199891689098,0.16655516658864145,-0.4291711295195615,0.13084865584396171
2024.01.11,600003.SH,0.8546157487908638,-0.810052504084001,-0.8716300706412194,-1.2709555250933464,-0.2520450046104651,0.8918539718062948,0.20442665876201369,1.350396242426687,1.7369035511562008,-0.9197117187122477
2024.01.11,600004.SH,0.14958510313120965,1.7164364789950468,1.415611170932673,0.6509299728157905,-0.025634904221709758,-0.34854964878004785,1.7624021956662417,-0.5658341231956286,0.04049504827180206,-0.6808456060961661
2024.01.11,600005.SH,1.5233164891862023,1.555858890629234,-0.4411484374071425,-0.1941506793199834,1.3698319731376047,-0.5812894931873811,-1.0754152281188303,0.2804092874551786,-0.0261120720110758,0.023467030485292806
2024.01.11,600006.SH,1.3654546784612949,-0.4875309974298628,0.33790329346908193,-0.07414584006344897,0.185808738093217,0.16747991137841647,-0.3056448355052088,-0.06979934293219742,0.1404223872685837,2.451817351812219
2024.01.11,600007.SH,-0.9395807898432805,-0.17516870351399966,-0.4530937884386944,-1.2408206251031553,-1.2971859384646514,-0.852641430524713,0.26360455127526355,-1.9634345477709474,-1.3268288077407466,-1.0362266150151174
2024.01.11,600008.SH,-0.2025637928708079,0.8377667518363282,0.06183580590038377,0.13940620480552393,1.9744924932359034,0.7891208741590295,0.6617084803135987,0.607556929843804,-0.5857697217453485,-1.2052947972490535
2024.01.11,600009.SH,1.804267612109341,-1.640155619827086,-0.7504035338450167,-2.3091013565314644,-0.08336743324927105,-1.1820995544235555,-1.6009983155681162,-1.174441751519202,-0.4449044335933387,1.3504019248078645
2024.01.11,600010.SH,-1.5337283561695627,0.4262351816082336,0.6827301275246445,0.7233409698689666,-1.5708441178297265,0.17530358357396708,1.92448388734795,0.747749881706297,0.6203329247122931,0.9478064393845725
2024.01.11,600011.SH,1.066569110129299,-1.0950532743495325,0.851456535338553,-0.25817156178844514,0.3697982307389946,-1.3441332393578929,-0.04060996195332614,0.7835199794982027,-0.3665627662941697,0.13934176646810237
2024.01.11,600012.SH,-0.5003494233739364,2.2732849980526555,0.7283904683833888,-0.0766676412311251,-0.3670089295543084,-0.05966480835517771,0.3501477653863986,0.639156847885066,-0.2795947148024443,-2.065726106842282
2024.01.11,600013.SH,-0.34939405831940545,-0.8042869495221526,-0.5553165024488744,-0.6268026148983686,0.027109140979937222,0.7628830033528754,1.0360695218228075,-0.15529695883685476,-1.2714206179764411,-0.5926503772138243
2024.01.11,600014.SH,0.8377313421661404,-3.1231054514239083,0.040624521875644436,-0.942566790950859,-0.994894447533247,-0.5810581108646315,0.2711298718393405,-0.2313789320125171,-1.282875380336509,-0.8138078750920722
2024.01.11,600015.SH,-1.3680546256900816,-1.3232528185763683,0.8387752269621533,-0.494017288575305,0.5147240053374015,-0.5486023112605791,2.50849291465226,0.06619912040116949,-1.3542185310172976,0.1090924728103831
2024.01.11,600016.SH,-0.5085893881543678,0.6192843374928672,0.2847188787120666,-1.6934639297252063,0.8865950421759079,-0.5343973583412615,1.5378355657389142,1.0795058622621876,0.2790220281011886,0.8101060365771786
2024.01.11,600017.SH,-1.332729355731227,0.7247801767252937,0.1203588120521068,0.190775667016091,-0.3791381621089098,-0.8482440902982544,-0.10072288272101458,-0.7937249100415444,-0.13571441979757098,0.7755459532323797
2024.01.11,600018.SH,-0.20146119385408784,0.34103040173292104,1.2192180630588563,0.40422040070831605,-1.2513444599318408,-2.1955654758872503,-0.6029864692306943,-0.07164756124680442,-0.7724728726344643,-0.5403827880225995
2024.01.11,600019.SH,-1.041696499366506,-1.564043590912536,0.42299667122309825,-0.6008317199570644,0.6688219610146016,-0.7819075812019995,1.042096502437015,-0.11480688620317568,1.859371763504922,-0.39048017041350935
2024.01.11,600020.SH,-0.4355261301319715,-0.7451240109395033,0.3713419230008515,-0.8630773134972212,-0.40961756891764,0.1259969298472805,0.9295753695020683,-0.7966835886546015,1.272539718353542,1.296129348389238
2024.01.11,600021.SH,0.4078461853890546,-0.44282788590584377,-0.4753404293706005,0.2477929615463293,-0.07652875973747346,1.2776308407840147,0.03828815795461712,0.9112467497668282,0.7698060208254318,1.454574524945879
2024.01.11,600022.SH,-0.5315641372558806,0.5041984150502267,-0.5797781468338156,-0.057256099536401844,0.44989338063091544,1.3609390462380584,-0.04214755392473908,0.33607558057398446,-0.36313761771945996,0.9009586765205723
2024.01.11,600023.SH,-0.15446531520553378,1.3962737000308387,-1.3726151468781493,1.7897390507903974,0.8248978198887696,-1.4808271196461502,0.3713432168441621,1.2664995518769344,-0.042027679633486116,-0.3617244149605502
2024.01.11,600024.SH,-0.6122098696277557,-0.5298408575376882,-1.1341101931522788,-0.828991767161636,1.3523304308611195,1.0459798362576542,-0.9148084923884661,-0.6608705729259458,0.030919223038777203,0.14658979446434853
2024.01.12,000001.SZ,-1.4763205565012814,1.3293870597249193,0.8703404207524288,1.8929079989658293,0.7942116728572611,0.3720822200268057,1.271955080896302,-0.10244739936415743,-0.255543895841026,-0.6489462808384792
2024.01.12,000002.SZ,-1.224811336138202,-0.057064578238661574,-0.2101572796841228,0.08028326474300489,0.6725265520406939,0.9487751641964646,2.2065711445889886,-0.729741416725598,0.3541423702546598,0.5641484298699816
2024.01.12,000003.SZ,1.0049161524426942,0.6604208132648542,1.2296631396900402,-0.837951584737368,-0.32340391451335754,-0.22821945358362275,-0.13529179855946286,-1.3769220844863628,1.8983095949505915,-0.028630775614958033
2024.01.12,000004.SZ,0.14387334654905834,-0.6452148792129432,-0.287828143496365,-0.39144751983220444,0.6475662033837577,-0.4610018579547841,1.3465656712099885,1.316810623036424,-0.9657788712540859,0.5717990493759599
2024.01.12,000005.SZ,0.5401405721317796,0.025613709870198793,0.882549564956862,0.8767177261582174,0.04779257361803311,0.0859786418876117,1.2922639284894892,1.2534125031873262,0.05594118360874303,0.10059092265788962
2024.01.12,000006.SZ,-0.2719134667818975,0.3274577625362849,-0.16914658978760608,-0.7064245617716515,-0.41779068867848096,-0.551686088457802,-0.32170684057334253,0.23023240645068874,-0.33652724531604683,-0.6653868155381338
2024.01.12,000007.SZ,0.9324999729960058,-0.8870486850906942,0.4430158303017507,-0.44143176143965773,-1.335064599329949,0.12341938366529356,-1.9908340272880223,0.11498122910886156,-0.4948986557682012,-0.0319290399272736
2024.01.12,000008.SZ,0.35411898782674284,-1.6049000282483779,-0.4830985067791304,0.8584354721738804,-0.37351438837562745,-0.052565304788097726,-1.0292166095688846,-0.5435502342063815,-0.8503381894154396,-0.24194593772818793
2024.01.12,000009.SZ,1.3272732726621936,0.1223788581693521,0.18849190243817524,-1.616968359047428,-1.428891429069747,-0.07648865213234839,1.3847492257112555,-0.5306143037663381,-0.39497541076522835,-0.7683770134233501
2024.01.12,000010.SZ,-0.7476468737562565,-0.26643318136413063,-0.4769019415508917,1.1939724228743382,0.37328986205569537,0.10915033995044922,1.0221311797049666,0.20990343107754672,0.054261863031878715,0.18488791279309913
2024.01.12,000011.SZ,1.4701924860393776,1.239815476732424,1.0390327093378138,1.6624625450981618,-1.1531740915690403,-0.8166144985564563,2.128834155613158,-0.4395580718788252,0.26512879142797513,-0.2215119611694699
2024.01.12,000012.SZ,-0.3123008795860349,0.43750545029738913,-0.08899801873776388,0.2553113952921393,0.9919262195022408,0.1505823363022894,0.5287852643678252,1.780894205587631,0.581315240437336,0.9477686095727973
2024.01.12,000013.SZ,-0.29643280835127006,-0.9358553467251348,0.6676083458143164,0.46903170508926373,-1.2318311555426666,0.5619297955022725,0.2694878954855744,-0.014999214699628605,0.31103497408529857,0.6854916894853438
2024.01.12,000014.SZ,-0.33089882085662575,-0.45383655350877244,-0.35364574786941544,-0.026473155950915702,-0.16386301870594405,-0.12674910387457272,0.034967358218234004,0.12720632207944801,-0.35009885361117327,-0.24951988332716052
2024.01.12,000015.SZ,-2.449013765024187,0.37895481156741573,-0.0872762208145115,-1.2622877176705345,-1.8182794196553047,-0.03475849620231178,2.0466950137171054,-1.788549965497095,-0.14528828490173548,-1.8646285360776549
2024.01.12,000016.SZ,-0.4701108539143477,1.4719513977532144,1.3455479506775665,-0.587383761807161,-0.8692400508599413,0.09164330661123364,0.45704673143846297,-1.871259342933814,-0.3215928712890727,-0.34834289334243507
2024.01.12,000017.SZ,1.1006370773997425,-0.041498017106610545,1.4301338702817414,-1.5749623600766072,-2.11793144506516,1.6209939282410757,0.09178876650707385,-0.3356948566666912,0.582656177052424,-0.8956364616947374
2024.01.12,000018.SZ,-0.3503275920648461,-0.8185990663821973,0.7219203254879483,-1.446107156783549,-2.1494847816990434,-1.2010152933259484,0.14034108812601567,-1.004047709700976,0.7240851240475826,0.7155406615770374
2024.01.12,000019.SZ,-1.3976026771406336,1.2822644433964785,-0.48758563941037125,0.3506161884439202,-0.12097250016772783,1.0705924174946266,-0.721832149252985,1.3979595287627675,1.1869446553089928,0.6099738253341881
2024.01.12,000020.SZ,0.19645997301294835,0.12796422548524813,-0.9260804789650496,0.40342393011228833,0.021654233767376175,0.45775359829356566,-0.415628221567804,-0.47997790402834245,0.41796952634213885,0.2929024038907915
2024.01.12,000021.SZ,0.47140940541527043,-0.11408337026171739,0.44408435512521627,-2.357878879047868,0.13153703597189867,-0.40626271683221765,0.24767134047458575,0.8998792555481007,0.46595775547955165,-0.05520434187575871
2024.01.12,000022.SZ,0.1864137968793516,-0.7889583658840851,2.389058769376024,-1.0609364476794234,0.23680977316916302,-0.39846107942629055,0.33566356009740267,-2.1329186994801925,0.7239829627821224,-0.9220322998657218
2024.01.12,000023.SZ,-0.09369903734734664,-0.40261930049940187,0.22840262215106563,-0.22122737180463745,-1.0313433119095239,-0.0798752733532958,1.5889806581528858,0.5483090230214326,-0.4759714345144557,-1.3384410683312506
2024.01.12,000024.SZ,-1.665181685267734,-1.3533883091956371,0.8937609057269591,-1.5801897422064097,-0.4011082750233358,-0.6284964495984781,0.7968847390662493,-0.15925686428881938,-0.3504318423246222,1.8724581406254788
2024.01.12,000025.SZ,-1.9094874055428879,0.17756250660420653,-1.7653668058383456,0.31660669440053574,-0.3177937436314672,-0.22630444704194824,1.668055269593796,0.10533909103677012,0.7217344265047524,-1.0158679424543244
2024.01.12,600000.SH,-0.21854455732274183,0.062056565037014046,1.7601148535957427,-0.32454677484788896,0.4626519954874171,-0.5204038835591598,1.4777111927518447,-0.6521307161698237,-0.6991247009281303,-0.05801798827785932
2024.01.12,600001.SH,-1.3539193835514125,-0.23410917398883063,0.40888916618258864,0.6691725749704343,-0.5672153198460017,-0.07499694727112836,1.1514716205951259,0.7209018168894662,-0.43340838236084905,-1.7158191210871432
2024.01.12,600002.SH,-0.8112294609193077,-0.11722401671286733,0.24215077694978526,3.1569665276739576,-0.015267981638851123,1.330407148191536,-1.7882564405312713,-1.4231742117512862,-0.12150820543134856,0.9813640727879404
2024.01.12,600003.SH,-2.0914314603297504,0.5115694721665061,-1.8389335279570085,1.1741971559781963,0.27830594780803974,-1.7046625221866238,0.31241726320873725,-0.2931423273106292,-2.0103245088295045,1.7628136094014355
2024.01.12,600004.SH,-1.780047053706494,0.9748232194527197,0.6730320717911557,-1.882020683817867,1.880305714129861,-0.8503533721550305,1.2080099511631375,0.013465456567740142,0.28141235585057245,-0.786855584227508
2024.01.12,600005.SH,-0.7677222483589484,-0.19830409760722084,0.9722192600337057,-0.17962522542461057,2.506751355181291,0.9890577891243557,-1.0794352417415478,-1.4453474190052102,-0.9778478823662933,0.84628134845905
2024.01.12,600006.SH,0.46131303022522924,-1.0236519277307567,-0.3766066529653408,0.5867801344838471,-0.8278121186956531,-2.173940853348241,-1.5674328477171355,-0.07774592953225165,-0.3290936397262426,0.7215359834514673
2024.01.12,600007.SH,-1.8867097129714414,0.8905787437740932,0.4383081995454459,0.24556464070662595,-0.23621386115291917,0.9807084153030972,0.3439989305473698,-0.9675662133350389,-0.012902257361937718,1.0255019836778807
2024.01.12,600008.SH,-2.4741735620356544,0.20240791650701745,-0.5574004239140364,-0.9568711045286795,2.683469088714832,-0.36463490695162376,-0.37379045995195676,-1.560048766116822,0.09041766982742445,0.20513275945890158
2024.01.12,600009.SH,0.8052096981094147,-1.860930445889914,-0.747765811791908,-0.05032880187005459,0.9857417388796738,-1.8099231374987539,1.736973593765481,-0.8860056532745642,0.5730624224746889,-0.6810696646076355
2024.01.12,600010.SH,-1.4644060661405804,-0.2869180754649653,-0.4495617062470478,0.32653695377532493,0.2530292680292583,-0.1074490326926955,0.9966272646989537,-1.0084426004314049,1.3811747354437274,0.09168194614461266
2024.01.12,600011.SH,0.3625037786710742,-0.08405021789272185,-0.7575018260498205,0.3840018602754088,-0.6401016992387418,0.057847791853348124,-1.4998861146449745,-1.6008414822128745,-0.7515881314804949,0.6262462661156041
2024.01.12,600012.SH,-2.2375644086085016,-0.30419873770096284,0.9807223846173458,-0.6479296234148771,0.6201664033461998,0.9748421324374007,0.9673366478333779,0.5250716351587621,-0.842062882848701,0.009878013332157683
2024.01.12,600013.SH,0.09038574462010149,0.13183167817703062,1.4478268264286918,-0.24903082449225805,0.5951796088345743,-0.8731957760766869,0.38434671980862506,-0.41994801603327936,0.3356366963596355,-0.957636308726176
2024.01.12,600014.SH,-1.732668088787111,-1.342455803722217,0.7067459425224241,-0.8992265315286478,-1.70638529656521,-0.1799677747014453,0.4675659384956057,0.8941524795285141,0.6869209833146195,-0.7995327035033419
2024.01.12,600015.SH,1.7452892933080877,-0.09723471318052361,-0.9235743738234076,1.6176290159791842,-2.5040318910445465,0.1380716873873402,2.3120032816366596,-1.2767766478909337,-0.33507183941470625,-0.4754570721746325
2024.01.12,600016.SH,0.6817804036340614,1.3263722245406726,0.03535611418454174,2.7368983517863614,-1.0924377064758595,0.608502650682955,-0.8002052673466152,-1.1816853530205953,-0.7665877873671604,-1.3348977025195308
2024.01.12,600017.SH,-0.8459094625955517,-2.1206933282348106,0.15065621613427937,1.064088600038616,0.8496966303205676,-0.4401134714055549,-1.1664350523825517,0.8420499516285344,-0.25702548313725543,0.5752853859246421
2024.01.12,600018.SH,-0.3411807119895239,0.5299982136137175,0.5888661857079884,1.0040300477908144,0.1093818771880391,-1.5034252003520892,-0.5280813932687513,-1.484165505245441,0.8226680457368484,-1.5746731728996473
2024.01.12,600019.SH,0.8778712163712415,-0.8322637087557264,-0.16819341812302654,1.017444762174736,-0.6467618041143705,-1.0106206828373336,-0.2783862808989698,-0.29642721809540323,0.7702813510757203,-2.6906551906442773
2024.01.12,600020.SH,0.5830339661588027,-1.3176877080839582,-0.708295311857205,-0.3214416613584914,0.0533394471173073,-0.25290836260477223,-0.19135003541293327,-1.3307323381742004,0.4136168986761967,-0.5618099926166799
2024.01.12,600021.SH,-1.323975249175577,1.2498612915575964,0.05049298391394819,1.1512695063395468,-0.5224569035249274,-0.06264784116962385,-2.039470224249107,-0.42903390969814026,-0.08303628712251618,0.8128072928129323
2024.01.12,600022.SH,0.307312384280082,1.2555221949881186,0.8268404553867562,0.6780353630288529,1.808716275007302,1.0967978349652112,0.10811290487224134,0.1639948520296003,0.9629224016080182,-0.23300432883126035
2024.01.12,600023.SH,-1.135323569118388,-0.6030673853628803,-1.3403139667730561,2.28248342670249,1.1457365773087516,-1.1626549302077396,1.4281642519656998,-0.4601075160417188,1.5162572401347725,-0.7755960045003214
2024.01.12,600024.SH,-0.5225785909215087,-0.1859464997422073,-1.2120457012085029,-0.636439368653198,0.46311746295292333,-0.44612131023461027,-1.5136763668479132,-1.1769219909667674,-0.7062879168768963,0.4209388098539126
2024.01.15,000001.SZ,-1.0743694985320051,0.8367559951699101,1.3292533654880618,-0.31832029146603286,0.9924451039175145,-1.5366858650705513,0.5951512692230143,-0.7127197426664156,-0.02460091184060636,0.4999159888881517
2024.01.15,000002.SZ,1.0168028346840727,0.4864960285177882,-0.21194770294256485,-0.772646000882183,-1.3797721134050323,0.861962447001365,-0.40938218632432405,0.04453057391546115,-1.0319633472231464,0.9499826016215802
2024.01.15,000003.SZ,-0.35832501114988474,1.2385173910764646,1.3708007551079655,-1.493661204864274,0.07189468514213422,0.20328798107746032,-0.3914104382228713,-0.8695578009444883,0.3800591589234164,0.015462735101309208
2024.01.15,000004.SZ,0.9692704878591154,-0.6101965741264945,1.2662054617747136,0.01154561643349303,-0.8238980154968448,1.1162889534125031,1.838681771765599,-1.8167210573637345,-0.6208486821054394,-0.3800158465458055
2024.01.15,000005.SZ,-0.7033685810032331,1.2587318545758566,-1.0115200976394674,-0.47220317112638255,2.1716286701039436,-1.129839839975495,0.6529682672109005,0.052193809654639385,0.4686472422847194,-2.842229299221536
2024.01.15,000006.SZ,0.39240745253860354,-0.018749081257212873,-1.2013063057557638,1.0936370596965672,0.8119225867660337,-0.22268045887373475,-0.6925069252657399,-0.4690309346982037,-0.17864334821600283,0.999144600930285
2024.01.15,000007.SZ,0.6546607892666461,1.055887156885332,1.678969163472428,0.3965393744834151,0.7206105601031787,-0.7964014161902151,-0.9623171008457558,-0.42807024318256515,0.375823548988413,0.3003741738288842
2024.01.15,000008.SZ,-1.3566490769328956,0.9385670791710004,-0.7630444543288756,-1.1238194714472927,0.9749357057943355,0.10650787310579635,-1.048473176395111,1.811207474019518,-0.2828315448952246,-1.6368072066257215
2024.01.15,000009.SZ,-1.8193147625879194,0.7755751337991942,0.45179639003620964,0.6619195740105009,-0.23694493042007136,0.6908835313907575,-0.2484506505216382,0.19012748608523986,0.4787429810182742,0.2381876895099696
2024.01.15,000010.SZ,0.4485870763396223,0.7412408823290744,-0.12794993229815327,0.8655472836474998,2.413463003884032,-0.010549556966663735,0.9434351352567529,-0.7000515980852499,-0.7677302391621682,0.4645838775789714
2024.01.15,000011.SZ,1.554213441662738,0.6477576589762697,-1.2299771896174232,-0.3532338042191888,0.8898444677583407,0.00023339662835353812,0.8769910786282131,0.04839161786485721,0.9643957607610102,1.0966930422598298
2024.01.15,000012.SZ,1.3943184539839297,0.3918354769741041,-0.3918513574737191,-1.4697650934995854,-0.30911748486907104,-0.10268098925810168,0.1603284896091192,0.21500635331223694,1.2592632777468593,-0.4869553870015081
2024.01.15,000013.SZ,0.6472253727366178,0.9174865760164801,0.394726392825795,-0.773074179067953,-0.1342040207569025,0.3177780253979626,-0.43192256366582554,-1.2884439624865485,-0.7343093829635567,-0.24194077647929987
2024.01.15,000014.SZ,0.03726034734931501,0.38896101225371404,1.2853373071909,-0.980413219687851,-0.4379420485024619,0.7352147756904004,0.7730988408405733,-0.9112898075507259,0.15032286023972982,0.3085268369359018
2024.01.15,000015.SZ,-0.960886331272146,-1.4533567439087658,-0.16485615969323278,-0.16507339126452758,-0.7902855245632193,2.1135878668631385,-1.6901217222823217,1.4899441284366997,0.1645828911580546,-0.7807300301047562
2024.01.15,000016.SZ,-1.0765305390581907,1.557990322905515,-1.2101647061672052,-1.0068127619393359,-1.3059791923223487,1.663879172319629,-0.4614110191408575,-0.8340641623101627,0.8618104992466906,0.5869117217342491
2024.01.15,000017.SZ,-1.7237225833432694,0.7323673016497966,-2.0070336796616504,0.021472672293348444,1.5698318545403487,-0.06670613347302483,0.6606950555392147,-0.10228102437015124,1.2982285057239502,-0.6485358121801438
2024.01.15,000018.SZ,0.039860676686162874,1.2222804482041019,0.006900206923289371,-1.3534693458245182,0.8789729293387546,2.7787396155842665,-0.883442218134804,-0.8403630177184983,-0.22765202758923472,-0.3350429768137583
2024.01.15,000019.SZ,-0.6317187771192014,-0.017617545669402074,0.7108411053216201,-1.5198504403318616,-0.25495791726166556,-0.5337827628085,1.6045784792609488,-0.517840078541569,0.4293494280523933,2.4527070414894103
2024.01.15,000020.SZ,-0.17401595073272144,-1.6640715018742152,-2.024618283389198,-0.8134343635028235,1.1520090624364545,-0.7543761577224165,-0.03473883858881187,-0.9094179209069998,-0.23408281083812002,1.8584028739524932
2024.01.15,000021.SZ,0.4820821932776319,-0.3066732709831374,1.0605361863995078,-1.4141027842241456,-0.9247780012016512,0.8442256414505345,-0.8177441232645721,0.498088381331414,0.4925054669855767,0.07357272106393528
2024.01.15,000022.SZ,-1.0910881532757912,-0.6996441345555616,0.9390557046923469,-2.193501694200252,-1.457154305816777,1.2300747678094517,-1.0772415515684384,1.4179496676718168,-0.4509099177314211,0.36340552366096573
2024.01.15,000023.SZ,2.384567812440583,1.0301480682818978,0.787447720202906,1.1664546692170212,-0.5058398577381205,0.3877012370977638,-1.1279959389285723,-1.1580701503302537,-0.10207435576290325,0.6106536961282589
2024.01.15,000024.SZ,-0.328603543791408,1.1708337085742855,0.057877272547148376,0.15088343928674455,0.3336799305946425,-0.13655491482273366,0.0880782907667849,0.17961120214646803,0.6453557052158964,-0.5560283513364909
2024.01.15,000025.SZ,1.0163880589910228,-0.6778407941096161,-0.2922856568111045,-1.076211415798274,-1.0060045705990848,-1.3246989210979387,2.3460834239927024,0.30151618723595025,1.0530889574039637,-1.3127918408005617
2024.01.15,600000.SH,-0.4766892446935153,-0.12488185023080908,-0.12462135349660107,-0.351102148879579,1.7878438113126052,-0.10513674111538882,-0.42138159715327783,-0.10142235849826241,0.4881008073090466,-0.807355539148082
2024.01.15,600001.SH,1.1749592388968444,1.9969663049695112,0.8792294254639804,-0.681071762413194,1.0812663531330866,-0.9147743726437707,0.9454617647178607,0.1292273435814524,1.1213973556658428,1.2798183528348794
2024.01.15,600002.SH,0.08702640209258886,1.1281279015771692,0.9222390235137682,1.2504533413171977,0.840412278681407,-0.35198993977327797,-0.7846300332918399,-0.11386883662288769,-0.08800784354496359,-0.46892412679141
2024.01.15,600003.SH,-0.412926786743417,0.9327133047386043,0.8388728877759671,-0.21420133843938294,2.789015134844206,1.7052298008625812,0.4571775531367857,-0.6692241445802452,-0.4697214417463572,-1.1633458525441007
2024.01.15,600004.SH,-1.2924582990287743,0.6888424787907548,-0.08582716099732514,0.08581726866604819,0.11753756774862818,1.2368053550558313,-0.19426145854398236,-0.8332876130349852,-0.11761304544485483,0.20261809551687127
2024.01.15,600005.SH,-0.847001894205753,-1.1132892338399927,0.30253388813687254,-1.3773165172663615,1.4944009337004487,-0.42395670132962593,2.0368049069049614,-0.5788612691842766,-0.14921474987861452,-0.9875053186633249
2024.01.15,600006.SH,0.5460680197558229,0.6564344401384455,0.46041529438164835,-0.18526705917069156,1.4573276698598774,0.6325104078606603,-0.5272639357748165,0.024406500448985832,0.7974999296671144,-0.04738411490271519
2024.01.15,600007.SH,0.3394783420878705,0.34007117079211974,-0.8533083125424766,0.5063959689605345,-0.12310724847971631,1.6320584662590198,0.397429219540211,0.43333698455620684,0.6559348265108,-0.22759411736681312
2024.01.15,600008.SH,1.1791749756489769,1.3709472831882297,0.715713200865488,0.15762377991962503,-1.7349106371689165,-0.05228885480092416,-0.5849645739905629,0.3969179517389848,1.2344246773311915,-0.6542692926128193
2024.01.15,600009.SH,0.06387483505095773,0.3559875984140921,-1.6939952558266367,-0.41187305591708523,-0.627067550364993,0.5255988000383137,-0.25497228941707273,-0.07172169214123421,-0.8315771826789371,0.7542385563586195
2024.01.15,600010.SH,0.15785923398584775,1.698842311072811,0.09504737864383102,0.9174151469904257,1.0085306191697894,-0.658829765606924,1.4487339823641006,0.42016433876003695,-0.10215868453438108,-1.2396251384820287
2024.01.15,600011.SH,0.23235123488242487,-0.3669035240485249,-0.6958400710196317,0.6211035718654991,-1.4851688235169638,-1.2765586935966204,2.2581472660528874,1.8714501579660727,0.025314998351748188,0.23567903410559315
2024.01.15,600012.SH,-0.9793006130505881,2.2013367189605404,-1.3233616368059367,-0.05375509805548289,-0.13542158360756576,-0.19325334198508892,0.6719998153118543,0.6301785550090663,-0.043918839596146196,0.2856896319900223
2024.01.15,600013.SH,-2.081036598420256,1.2250089562565476,0.39623197875688476,-0.2509803967386621,0.9869685669071945,0.5812044425882172,0.37093093284191175,-0.4758572666337763,1.4976344887820112,0.26128985676285427
2024.01.15,600014.SH,-1.1487719318091945,-0.7657397972517959,-2.5116176208852385,-0.8934772326599435,-0.5849065842088124,-1.6676691565493014,-0.2811009177483502,0.7425163672629682,-0.7103619802953011,-0.3390871022892553
2024.01.15,600015.SH,-1.2913257791747403,1.2611605229910738,0.3588009223354282,0.5514239925256452,0.12049857720503705,-1.0007492296944098,-0.4949908366882425,1.1058004909875274,-0.26151738871504177,0.062311709738927336
2024.01.15,600016.SH,-0.8960500762388453,-1.3171831268000171,-2.8170100427924663,-0.438482309385457,0.7251181235335535,-0.6198523493862813,2.3611193284472254,0.37300609880680213,-0.046438466925069206,-0.7719003366205159
2024.01.15,600017.SH,1.0363523131021952,-1.0729994042010171,-1.8623770741954644,-0.12514726566663092,0.6036746406084238,-1.246664950507916,1.8592844182944857,0.06197146274529203,-1.7151683971829288,0.4686417218814873
2024.01.15,600018.SH,0.9777082534906436,1.6384752392360196,-0.33808379166163843,-0.29531619632000455,-0.43679860802001497,0.6489980846833292,-0.21858028910763017,-1.109529245670932,-0.5671901315794287,-1.283088970853089
2024.01.15,600019.SH,1.5815038422987717,0.3827292937001559,0.128737810473694,-0.4591547021696689,0.7576336995579749,-1.1635675888008885,0.2592255142590122,1.2148540725803527,1.0031555767479177,0.6462068441251152
2024.01.15,600020.SH,0.8351066403571613,0.07122840736274287,-0.19016106775959804,0.8473875040887462,-0.011911733371506172,0.377222489942964,0.08865539319587547,-1.4892197424856888,0.7171239274672013,0.4053563781056764
2024.01.15,600021.SH,0.48909652218681604,-0.3732736271715792,0.445208541316791,-1.3577982451990964,-0.05589592404454316,0.14880625554543414,1.669884785181261,0.29802253074520135,-0.03328912262020717,0.7426796916653404
2024.01.15,600022.SH,-1.330950081237809,1.6476944380035718,-1.0786195560304563,-0.9933009524297357,0.16162766998281927,-0.1650270178271172,-1.1341808617232485,-0.13029603212808066,0.008758399637826191,0.6474252733987315
2024.01.15,600023.SH,0.5061311823525504,-2.750727446839305,1.3482265152032753,-1.1017531189173084,-0.865397211482622,1.0182349636162085,0.7035304585083328,0.5149847654914205,0.39578072800379366,1.009283748003472
2024.01.15,600024.SH,-1.1307833145429136,0.16467065109922466,-1.1319003516697073,-0.7767838238880409,0.874394381514449,-0.9560094270367668,1.8243708540321188,-1.4396935543322338,-1.687481828744681,0.2612158122392271
2024.01.16,000001.SZ,0.6969996124273944,-1.2010912406761458,0.2141827595618421,0.4444697413816025,0.9255310103043408,-0.4173609253933079,-0.04345995744631473,0.0016068154823224946,0.6245952789743962,0.5843685817524578
2024.01.16,000002.SZ,-0.23066066281431982,0.9888919370011322,0.15993606074583638,-1.3232675491232662,1.3677462431173213,-0.8500972105406089,1.106922425565634,-0.1481915504722797,-0.47954157768762673,-0.3464437490572411
2024.01.16,000003.SZ,-0.9157085353473754,-0.7166697511585102,-0.6962978196422999,-1.9941535514298596,-0.09177081260174964,-0.21559690370840198,1.8833719117561443,1.12963618554278,-0.6659233841451511,0.19682714377588745
2024.01.16,000004.SZ,-2.7207191660076617,0.45536524424093744,-0.5215644587830471,-0.28051762131008673,-0.6142591110672964,0.8630503403192852,0.2271653314549547,-2.5687627974563223,0.5469436153044235,0.6142462741421466
2024.01.16,000005.SZ,-2.23048197881982,-0.7229587247866438,0.021220317272020277,-0.04350246829167418,-0.6874282782206361,-0.5317688376067508,0.5185376518429493,-0.556372117885303,-1.5326036564218315,1.189388405868842
2024.01.16,000006.SZ,2.595294069337873,0.09647017279065388,-0.3428159406351401,-1.7550926889267977,-1.1175364314455898,0.970013753323025,-0.7124068570666193,-1.003380528302251,-0.7544882792958255,-0.11780220857788974
2024.01.16,000007.SZ,-0.7941208074388575,1.2862049880779947,-0.31987288097115935,0.5464278654866167,0.4110849955927731,0.7609718176506116,0.873496209448103,3.138372084023553,-0.8571715430224836,-0.07908962074738536
2024.01.16,000008.SZ,-1.134715916675148,-0.7148949700939832,-0.43997665500418964,1.1307850249016589,-1.234147412326309,-0.6928685180500549,-0.9973873454505773,-0.1976302112832196,1.2950142129337234,-0.05906685807853414
2024.01.16,000009.SZ,-2.230513012100355,1.1603199654618883,1.820574701220769,-2.738601946820443,-0.49339844135100575,-1.4357127520248105,-0.6549245168391232,-0.21094805525054597,0.9633878951430983,0.5687712126652151
2024.01.16,000010.SZ,-0.5901714850751293,-0.4749991635744542,-0.9491536229703963,1.7213637495514587,-1.184675920349382,0.24188549170305643,0.006612373886904253,-1.1879705939356855,0.4027811910090047,0.23238390223425617
2024.01.16,000011.SZ,-1.312919650857634,-1.086910776269335,-0.6291442291589905,-0.6615053015112847,-0.33087529546615524,-0.7455369479766477,-0.3565800162122152,-0.527776278752543,-0.05184828476388893,0.8383757786299383
2024.01.16,000012.SZ,-0.5433307047986897,-0.3655201917132875,-1.9335435910118517,-0.26829840979079655,0.23621790047161792,-0.24063084323000414,0.3980490241660197,-0.6058726562868461,0.9189737491011022,-1.1963113545797595
2024.01.16,000013.SZ,0.40509676371090364,-0.008613424885340995,-0.6324779411404533,0.6031894516469005,-1.70570623581318,0.691542327552392,-0.08656499279359683,-0.866203165707221,-0.14445266969959267,-0.6149129031019918
2024.01.16,000014.SZ,0.8430493831851708,1.1412508209072008,-0.1096100032375405,-0.42055984566835136,-0.39594597860062786,1.9231340206669094,-0.5634375028404083,0.7497125028571544,-1.0892829061829938,0.4956923197010231
2024.01.16,000015.SZ,-0.2599849926965153,0.27039620638286416,0.1685328210972082,-0.9889243863935423,-0.8386027146008384,0.8118530547865366,-0.12360543123511755,-0.13875631525299809,0.8725463467040163,0.5718550840298836
2024.01.16,000016.SZ,1.2568694266724536,-1.7255028491117752,0.777503084618565,-0.18616434051655478,-0.7960907143638531,-0.35539171419908155,0.2928104742061172,1.1437587651913923,-0.1369621036203143,0.8895670388225487
2024.01.16,000017.SZ,-1.6539523887859928,0.23883725780701814,-0.9483922211275866,0.5724540175373737,0.6811784933984896,-0.23569855160562556,-0.6941427631410447,0.6096114636566494,1.3936610505530338,0.8211805211173604
2024.01.16,000018.SZ,-0.06802489242075967,-1.1289418397003563,-0.06105252424212983,-2.014909562307966,-2.166700813961254,1.1131037995009714,-0.8985332962945509,-0.20555759377043792,0.7195545287617132,0.33867582677288777
2024.01.16,000019.SZ,0.45470305943513134,-0.7396324217206149,0.3898564254813735,-0.08842763844603391,-0.5479691735505554,-0.14818125375899202,1.4270478975217475,0.7707707610044908,1.1392492229707343,0.15308799051918362
2024.01.16,000020.SZ,-0.11676014975073093,0.3344165329946015,-0.2805884501599843,0.34631536236005467,-1.024946616932043,-0.49481647480481816,-0.794008791312956,-0.396545494191139,1.3571001502794922,0.48174215152593924
2024.01.16,000021.SZ,-0.362986258530328,0.7175202364979691,2.3289269700134665,-0.15343107956507604,-0.7065975920050991,1.1964022410769255,-0.73160312500242,-1.261839869473624,1.41797838739184,0.4817860011165196
2024.01.16,000022.SZ,-0.8087055497825029,-1.5677403451178153,1.7579478237933186,1.374869377131888,-0.5726712235358947,-0.8768554892762856,0.44720826296054245,0.718986903452781,2.227697460179242,1.241471329159448
2024.01.16,000023.SZ,-0.05451949722416877,-0.6789106933504735,1.1930785564967976,-0.7621327307297217,0.1258494743800295,-0.47378178967143203,-2.08842932537949,1.3914237033397452,0.7265521371375806,0.4105005471883478
2024.01.16,000024.SZ,0.4091216446143413,-0.4111957269789525,-0.3768272901888228,-2.514446687815733,-0.7264190433779701,-0.008884854164103485,-1.4875862846808106,-0.6412315043397441,0.6198133843978456,-1.2657065505478229
2024.01.16,000025.SZ,-0.8675217927142598,-0.2741963139821781,0.38028776647826584,0.7800346491516075,-0.7771389010194514,-0.05913655679800304,-0.020170778876612425,0.17667229260526862,0.39747588882081525,1.6221598356905167
2024.01.16,600000.SH,-0.8302326674227457,-0.5880030007839614,-0.6709559011847465,-0.1504866060522922,-0.9909332046179757,0.4295370831101901,-0.2134071494876808,0.0676270355793152,1.3979408748729256,-0.3342218978090185
2024.01.16,600001.SH,0.7917732519743161,-1.1168863384405734,0.3626186874124239,0.7622890731817376,0.5348233521508788,0.012464211483238856,0.819618715539022,-0.9473449139267405,1.6945542624800811,-0.6579026130023127
2024.01.16,600002.SH,0.9388155105944445,-1.6547335797367702,0.1951563414893661,0.7960865238257944,0.413074884843845,1.3033422049671486,-1.0206611772812255,1.2677857467807374,-0.9074772600402662,0.936698446316608
2024.01.16,600003.SH,0.5217221167132414,-1.3101477326650464,0.7029348135411991,0.3486558916741666,1.1882998826076898,-0.38576408607411805,-0.30698872641323527,0.5225459228255278,-0.8402042061482364,-1.3165036227716123
2024.01.16,600004.SH,0.4492073570821467,0.8125936208112128,0.09934496465252393,-0.017047351754381438,1.0014137337227345,0.06042763936624367,0.07429795890902569,0.845437525317893,1.3701547423523153,0.19283097666092672
2024.01.16,600005.SH,-1.679981565815513,0.03314498326626531,1.6383767692265345,-0.5716165279585432,-2.716104389653475,0.694761272073504,-1.675133774065476,-0.3860699893854379,-0.5774540285760612,0.9329979915601596
2024.01.16,600006.SH,-0.08205764892272148,0.48115479732865263,-0.6938448236026227,-2.1525771489997796,-1.1030426802532172,-0.893154018485941,-0.28609215032005003,-1.0811080982845411,0.09161115189312125,-0.2790767209017208
2024.01.16,600007.SH,0.1574225451696222,0.5984916276168126,1.1665999464385284,0.08225414902196863,-0.4113215886274415,-0.6368812609577221,0.09450921437754305,-0.4895502221891871,1.3212211337011608,-0.15574005302425525
2024.01.16,600008.SH,-2.6997149812822543,0.039397008611192205,1.0775759896409711,-0.7616080706413452,-1.084345133820568,-1.0987860110789396,0.15213301532404774,1.235082139770788,0.6976370167673742,-1.5999600156058778
2024.01.16,600009.SH,-0.3590596526255318,-1.0726889867717182,1.0256441541095274,-0.5744390079539614,-1.2894361890273518,-1.1319445852547492,-1.2137602363045727,0.16307585081410067,-0.3922669890679428,1.1813927621383682
2024.01.16,600010.SH,1.0485742589703413,2.167883049184182,1.377908209463976,0.006058231760383474,-1.143262486205067,0.3160237367289792,-2.014063942237376,0.38378908047387267,-0.09439093369317703,-0.03559272658036084
2024.01.16,600011.SH,-0.8459667929633381,-0.045545673878890455,1.873395171116023,-2.370773584448461,-0.37271488254982216,-2.277003110110784,0.06387618463822783,0.2672792748610828,1.2636825955967406,-0.5144058145264797
2024.01.16,600012.SH,-0.6514035264142775,-0.5055616476539679,2.0464033119505514,-0.9668898845842319,0.8706982997040035,-0.24298059552672016,-1.3660772486421686,0.3211185708510606,0.6126925249876699,0.4448337239078465
2024.01.16,600013.SH,-0.2767425157161501,-1.2506546519069726,-0.20867238309676628,-1.5602348982894427,-2.5228310455871132,1.0976238323073977,-2.2505761483216697,1.4166481434737523,-0.2691817017118189,0.8423753635073119
2024.01.16,600014.SH,0.7355590831723672,0.20575179903365373,-1.414262759547639,-2.079366844936555,0.4573541921756158,-0.6392807139502468,-1.160919279270694,-0.24291583606974362,-0.3362807727607044,-0.6187194430821574
2024.01.16,600015.SH,-0.21417738860003382,1.180911223431099,0.22668781116735576,-1.822314477821034,-1.2096931939353774,0.1409853175117802,-1.4099146656322645,-1.1165381381997326,-0.5563485982729943,1.9785114593921405
2024.01.16,600016.SH,0.8199986906978621,0.509011990984275,-0.8632455045381965,0.16018513303473597,0.026980229890153955,-1.3488828348301263,-0.3337618006996997,-0.949445128353652,1.4114977449037462,0.663484201110926
2024.01.16,600017.SH,-0.06149235169206021,0.6976210476300525,-0.9062016675033581,-0.37344689802853165,1.206019134447974,-1.0095481989721016,-1.2979165502949797,-0.5052698794178933,0.5537043695385279,0.2546572378347037
2024.01.16,600018.SH,0.6432647109623805,0.08512883547153206,-0.2650023380001206,0.6090649635984522,-1.9085361736372037,-0.8675483914766553,1.3357992816064956,1.2620524613020851,0.5294260487564545,-0.9764287600995252
2024.01.16,600019.SH,1.719891942071227,0.528945921091334,0.896180664519411,0.46298832054142136,-0.7272728701803616,-0.27769062916001414,0.5237933883422802,1.1360652994257667,-0.05052596302726845,1.5098998134003039
2024.01.16,600020.SH,-0.9165988194698919,0.2170091911736286,-1.9782042918146674,-0.8467324403409626,0.9244259440580317,-0.41518452015636503,1.3119329817808334,0.645638909020841,-0.03914636391108188,0.16109650555553948
2024.01.16,600021.SH,-1.2153221238106067,0.7358800835189927,0.45857476542553804,0.01700984292173119,-0.04287028125977006,-1.4752451247322094,0.22811194207626168,-0.4566962627945345,-1.0953306641352771,0.3542721138453423
2024.01.16,600022.SH,0.5405457324470824,1.8703943142604669,0.7036912450319106,-0.43382855867612324,-1.3509208177714005,0.8899523805978137,-0.5528629814789616,-1.5660409259363697,1.0455396493631164,-1.5528151645421004
2024.01.16,600023.SH,-1.4605186615404813,2.4203715659974177,-0.1421951546177555,-0.9207594246267443,-1.2139116045981528,-1.540170868158599,-1.7586262739603102,0.6178837682174622,-0.13430478503475848,0.22809532965859775
2024.01.16,600024.SH,0.29252302048139245,-1.5405741183970583,0.27823390486517424,0.7626243745924592,1.2721325270860173,-0.5754897858360725,0.010245520739492671,0.2597133293294006,1.1902507627960757,-0.1316027659004752
2024.01.17,000001.SZ,0.7005549182353894,-0.8976321816700199,0.8806631422215843,0.8079347820244503,0.5938614787359104,0.9013307941463189,-0.37684651592466456,-0.8522354052420416,-1.2474030312485642,1.1805626473670126
2024.01.17,000002.SZ,1.13975167131478,-2.2663223723221426,0.7973239315067476,-0.6865462613628138,-0.10383064415314221,-0.2009439762516587,0.512315544832908,0.6284090973738231,-0.64184440168353,-0.6426880549231202
2024.01.17,000003.SZ,-1.3374970372925943,-0.680108544900595,1.0510593890916633,-0.2859137685993241,1.3646450256457137,0.026927227931399157,0.6752121521397635,0.5670593918694429,-0.5879214039036429,-2.741576697159939
2024.01.17,000004.SZ,-0.9766600829042639,-1.083555962833742,-0.48077511229770714,1.2401386614901335,0.8126072197559968,0.11472698542115932,-0.5799564695287895,-0.616089566986085,-0.5776598443293681,-0.15764829415723344
2024.01.17,000005.SZ,-1.036469359071897,0.886911286235381,-1.334999690024213,-2.4352096499410547,-0.6940130606291295,-1.5854150299300258,-2.6381825443195512,-0.8988735552971446,-0.0820277914106328,0.3499730249446937
2024.01.17,000006.SZ,-0.7128705429365958,-0.9843643248802066,1.0122291677752633,0.456754896659697,1.4465927014807538,1.4609668118164865,0.5753245221494874,-1.8387680318210977,0.22323695541834526,1.0615013706512566
2024.01.17,000007.SZ,0.7580229980166514,-1.4200685734870098,-1.494714827393928,-0.2388214219963382,1.1471295347839348,-0.1786232477189642,1.1742701824252502,-1.0232226009200167,-0.22655504371660204,1.1952506755327426
2024.01.17,000008.SZ,0.016905889312364728,-0.7556803961077417,0.9701608089144552,1.6506845063791205,-1.1398625344745288,0.396105526244256,1.1373535336678315,-0.41061254689380455,-0.854141140985869,0.018719431526094833
2024.01.17,000009.SZ,1.332591175001382,-0.3143219452695144,-0.34288219575009027,0.18568060386512777,0.4737314702824645,0.44462139445106275,-1.050104760057322,0.37075734081135875,0.3479765706938426,-0.0093899338048489
2024.01.17,000010.SZ,0.5646988141125295,-2.315243876577651,-0.4964343370834073,0.6642124828386506,0.7097168687416158,1.3343518674576031,-0.9747104351373326,1.0503338251691077,0.28589651675494077,-0.8374118423150848
2024.01.17,000011.SZ,-0.41833448804645884,-1.129355045846067,-0.027018167128486457,-1.8422814460088168,0.08238653258176004,0.26745972644597976,-1.1454674938096563,-2.288243196243498,-0.7509971819620622,-0.07809018422661558
2024.01.17,000012.SZ,-0.73928393908485,0.5229486462244647,-0.882791762509722,1.6675503105434177,-0.18487246790588557,-1.567241165904683,-1.4141982240469009,-0.8606269169031459,0.42238118536197594,-1.7035158724587371
2024.01.17,000013.SZ,-0.3123313603498934,0.4802354948722576,-0.19126225465762145,-1.1100513282263391,0.307419272988205,-0.8936904607085697,0.2950195421936085,0.20628728552004175,0.004129174089054146,0.2555859324258514
2024.01.17,000014.SZ,1.7812404839506366,1.0155670824200143,-0.1911282945726141,0.01931059039023621,-0.36348623537520053,1.3783998868340475,1.1438963117935392,0.951628524112665,-0.4423698117097241,-1.3509406901062853
2024.01.17,000015.SZ,0.29248193696035063,-1.1025961920883747,0.05824698055296952,0.6716049134157154,0.8300119478586061,-0.6329309962763359,1.0041343716538282,-1.0475727322733095,0.12694920459770637,-1.110855750553917
2024.01.17,000016.SZ,0.5266068996899949,0.05005519446074049,-0.8502860879650388,-0.34933923754980434,0.9618743451068703,-0.21419671647578933,0.4730566143659027,0.7033480531949771,-0.531821369333189,-0.9968079359491893
2024.01.17,000017.SZ,0.485243720380669,-0.15884488653657267,-2.0982079828465654,-0.38447048724390426,0.9621030125645574,1.4239334093356946,-0.022844300541428893,1.2015896425218495,-1.040465279215556,1.1097493983352213
2024.01.17,000018.SZ,0.711935412795433,-0.017622864853910368,1.599101271814703,0.07338502114390515,-1.8172370405557745,-0.8637929719543663,0.04979811710036552,-0.056194639311142935,-1.7901251540902463,0.7112877561342472
2024.01.17,000019.SZ,0.3431202940241975,-0.6346931143743987,-0.24660410453472428,0.013220055991408802,0.36593390809478,1.0900453566095922,0.05686560701388806,0.16149963702709227,0.41110054400808105,-0.5274175632910176
2024.01.17,000020.SZ,0.5225870909668303,0.7961736406845163,0.5536745106618084,0.7317366613835158,-0.8832163543250724,0.36541150516305315,-1.0690796545443195,1.600425299051456,0.34583068420023083,1.112599326680379
2024.01.17,000021.SZ,-0.3586959689560307,-0.3521102266011695,1.1364146392122587,-0.4728365716208233,-0.393642947674805,0.17948746173719643,-0.34508185207164416,-0.6923400932957483,0.36601484376254223,-0.2230590158710083
2024.01.17,000022.SZ,0.5291024463482631,-1.2488736514889327,-0.9152334615133348,-1.012800792614126,0.35985547447735644,1.685021206941075,-0.9154744885922613,0.614646024399819,-1.0141714329462235,-2.072451839692818
2024.01.17,000023.SZ,-0.7745694223105514,0.7586631252059294,-1.674154021048328,-0.20633522492040593,-0.04797702025170082,0.298721649910971,-1.9420387450292287,0.7029210370991696,-1.0151338036560478,0.6707762854335144
2024.01.17,000024.SZ,0.45084265362800735,-3.8755232557163413,0.19751414621943503,-0.46374567733227673,0.8054619607865321,1.7545684085809876,1.8334195115296161,-1.1661968755509335,-0.6593871879029356,0.9822853853343134
2024.01.17,000025.SZ,0.9193145924652512,-0.173381691874468,0.016758206046175797,-1.10890527320026,2.5345841272205227,0.2024506399639076,-0.5541816969139327,-0.33933741954634467,-0.7088888166413084,-0.4628481805840832
2024.01.17,600000.SH,-0.44669072826222866,-0.8132215353186043,-0.03540595470567093,1.7364146809372307,0.10781301105372301,0.6688221059185808,-1.0208724593477705,-0.9663640345231159,0.20287967181619873,0.9393895575563527
2024.01.17,600001.SH,-1.8843959038983265,-0.543509713112637,0.2551470684894781,0.37622035851555347,-0.7915467993483867,1.6025271429028045,-0.7256420758322409,-0.11813211636940832,-0.37078188128202616,0.3722555795108841
2024.01.17,600002.SH,0.12330294677683165,1.8937494352978803,1.6751714745895894,-1.3226515530763618,-0.5114225422972796,0.6258014423480607,0.9817258692597798,-0.7107867193909826,-1.180486340671359,2.255586951829896
2024.01.17,600003.SH,0.15234198163810492,-1.7659982154350766,1.356330891827856,0.37365451935692456,0.33477036307007674,0.6426065825162434,1.5926455620430842,-0.08609113884197457,-1.4585536614511503,-1.6269331548775507
2024.01.17,600004.SH,0.4292563309479746,-0.6150042595003109,-1.0256181548811112,-0.09119169770526461,0.05041939179880988,0.2664326666191834,-0.5571378651143656,-0.4003209924185559,-0.5644393333948755,0.26517354663432885
2024.01.17,600005.SH,3.3227202723553657,-1.65117106257758,-0.5433057788424045,0.10312644225759449,-0.10480603193974142,1.5723403860754865,0.2229959828139758,0.4241388475790695,-0.1866841992536966,0.1649439309327277
2024.01.17,600006.SH,-0.4471187413736626,-0.18676659753684835,-0.7272191194908222,-1.1610538375082533,0.02828696920408307,0.4414545084323452,0.6831926894002385,0.25689740098365954,-0.7491820103271538,0.05078587028644889
2024.01.17,600007.SH,0.286955957391873,-0.014881555508656465,0.482362275370548,0.20536052924341985,-0.7469364528764971,-1.269068577896372,-0.2136507026715428,-0.31808736911251,-1.439019836717529,-0.6055256757875654
2024.01.17,600008.SH,0.25903436984203243,-0.6977718176116755,-0.5615782536039499,-0.488568888442731,-1.025825452993402,1.0210154705974264,-0.1638358429661589,2.0069329816383314,0.02442334852334412,1.0254114913948829
2024.01.17,600009.SH,-0.39830777201514356,0.7991140946145412,-0.13496239367058677,0.8974442039510996,0.8520650252913782,1.2041497725152943,1.0519853912459316,-1.7694921313498089,0.8940921211587919,-0.1599342237369412
2024.01.17,600010.SH,0.5066596968539575,1.6215358876486456,-0.6828310987556568,1.379130895215248,0.7470126438825944,0.18843395805821395,-0.8565412665716852,1.2649710750385257,0.12522699172062943,-0.021337041644255636
2024.01.17,600011.SH,-0.7230700071168342,-1.1207284398337671,0.5006389639118971,0.6334793090487068,-0.05988297580873457,0.37916631363467346,0.4466407146515136,1.3716628319191408,-0.8277545091720716,0.5154432797532718
2024.01.17,600012.SH,-1.0609395844254648,-0.7035171318436038,-0.5222526569555608,0.5312476567883445,1.1243106080517087,-0.6374299543268341,1.4828051001612435,-1.0729734163478133,-0.34639562910626504,-0.8649574587041131
2024.01.17,600013.SH,-0.9073181135710096,-0.6244845338853326,-0.320400358594789,-0.4650495802619687,-0.08535373201260732,0.8970353543548514,0.14149432819867436,2.4982435322549637,0.594071085810919,-2.0916687619755203
2024.01.17,600014.SH,0.010342536157811413,-2.05442250345024,-0.7450762978873188,-1.1147649787400935,-1.1455826571968528,0.5996782671692006,-0.17617792366094032,0.4333004035938532,-0.4255077312709608,-0.5813485990702291
2024.01.17,600015.SH,0.3375614496193748,-1.2313467842217447,-0.5387242043074617,0.8187216597741981,-0.8907457146246317,1.5772014743338627,2.3705087595327963,1.4786538789520542,-0.6395533219926097,-0.5594123695497553
2024.01.17,600016.SH,1.6221253018424875,-1.2233874954041746,0.004020755511988781,0.3083847675424846,0.05045732946904685,-0.18932579943270644,0.2958121635073314,1.015061885669687,0.12274250427431505,0.885494723409532
2024.01.17,600017.SH,1.1771242697188729,-0.15360286988375232,-0.49173835845218294,0.14856976855071657,-0.034897903899859806,-0.6559231952644093,-0.4451065202972649,-0.7568563317235444,0.7675074198155499,1.2436961717611823
2024.01.17,600018.SH,1.6321489529479398,-3.951633860712452,-0.8064586491703226,0.9533642289653841,-0.5660159708503528,0.4800144641879935,0.26355690411806787,-0.2621552125483097,0.528560308845358,-0.7806654395029169
2024.01.17,600019.SH,-1.1994161426706305,-0.8611338808299476,0.8473321625305742,-0.2944852560782852,0.07296501380967592,0.6976415403104267,-2.2976240849073855,-0.23479059337054062,1.4781839924850428,0.5452579509993201
2024.01.17,600020.SH,-0.49652622304450117,-0.25345907887569263,0.7783005994866357,1.2558304013932398,0.733784606972853,0.32712962977944643,-0.18000283589081664,0.895997858938633,-0.26645843851758166,-0.6542739582554669
2024.01.17,600021.SH,-0.065884184705266,0.4629437146472042,-1.3309797139664479,0.17145419937313178,0.6374422252069738,0.7254873176465187,0.48964299152574636,-0.40975866841056213,-0.23033867156925486,0.3947786889174283
2024.01.17,600022.SH,2.055049994228748,0.028537129030941952,0.5952187765613371,-0.885366694810639,0.284929056458989,0.3496331190687645,1.0753626615252676,-0.8789355490300107,-0.8564748704970054,0.4802103076418827
2024.01.17,600023.SH,0.197743739416546,-1.7865955823734874,0.7110758816915163,-0.6602612413922667,0.04654972983846429,0.44599059989896894,0.8734330564627885,-0.733302286101586,-1.095421910980866,0.4076952116899657
2024.01.17,600024.SH,0.5076170647636271,-1.8814382707492885,0.41179886174439595,0.8916405055212783,-1.1918991323675525,-0.16938477049826595,-0.8765870100604338,1.517618068906972,-1.589234855569421,-0.09060743379973406
2024.01.18,000001.SZ,-1.415104692974813,0.10111705200429559,-1.1752819907138454,3.224197165453443,0.11542042918611745,0.4589304629047245,-1.356527532323515,1.2014542606465108,-0.02348685375532479,-1.6637609562426994
2024.01.18,000002.SZ,0.627538194290752,1.3728374263538141,0.09059059784247278,0.8619409606467635,-0.9701593541207403,0.7000081726817142,0.892928683240842,0.28582210557515964,1.060572366368563,0.022172775763977068
2024.01.18,000003.SZ,0.19584630631916491,0.8072839720696042,-1.6263236991668517,-0.3363412866155441,-0.7769474236245782,-0.7292404422368428,0.08984780608870097,0.1709504004101322,0.6603614942504382,0.5591415377752009
2024.01.18,000004.SZ,0.3190910786102431,-1.495222877854911,0.8509670948345855,0.5703441739613372,0.11499194251720099,1.704133861535353,-0.8771683132536082,-0.24559772042454397,1.6256741577352432,-1.1473703982352188
2024.01.18,000005.SZ,1.079421815937299,-0.08876728193112143,1.395686577495052,-0.3064292514873054,-0.4295113458820548,-0.3631939606646755,-0.7573015286174176,-0.12623111420540795,0.1514523539107545,-0.9531597530398048
2024.01.18,000006.SZ,-0.8204893212895057,0.41162882968315145,-0.6785774641476867,-1.0289309831523645,-0.5590488348195898,-0.22527471585678283,-0.915125790805534,-2.019361599822147,-0.22130840322580284,-2.207815991982061
2024.01.18,000007.SZ,-0.2944761152075905,0.4159729620962327,0.6675704113086001,-0.8280463301962885,0.6752324739669884,-0.21614511661350885,-0.780543846106561,2.14563968046085,1.275657241374054,1.0771377322838995
2024.01.18,000008.SZ,-1.4441124727800803,-1.1194131757378416,0.3302248431071416,-0.7998939225668613,-0.5293087758072981,-0.08494000394478607,0.5201027971114768,0.46627607607563043,-0.5585632567228304,-0.2853870941168291
2024.01.18,000009.SZ,0.25070412762570654,0.1549550934077187,-0.9113545541774142,-1.0321988841068148,-1.2147311524526037,1.9239767350645443,1.2088516116686463,-0.4102967308362663,-0.4687317133449879,-1.6975840764763612
2024.01.18,000010.SZ,1.8104572855562333,0.27521893529709235,1.0181920234255961,0.4744693853563008,-0.8629555711614577,-0.37539591600567535,1.0281677319060494,-0.4127873711689957,-2.2050934139611322,-0.023450839649876213
2024.01.18,000011.SZ,0.9405935748634167,0.3796635827499122,-0.8037342422113329,-0.7706489848127508,0.8884074042662486,1.5170423110702307,0.4830522919338296,1.4377407167497012,0.606071479216324,0.8702735308639858
2024.01.18,000012.SZ,-0.09410600957056055,-0.03927283633347624,0.08974983231040395,-0.9910400813696445,-2.2433084306219295,0.3383325228350883,-1.202807114912373,-0.27580445779167284,-1.7455343943212038,0.0013892953918500544
2024.01.18,000013.SZ,-0.6511014493242722,0.048636345355507295,-0.441077781101809,-1.356794516433696,-0.5465578367611431,0.5670991440823356,-0.5549184555726984,-1.0955896758659953,0.393060508316716,-0.5543090715816602
2024.01.18,000014.SZ,0.5979961312213565,-0.3708517481130321,0.04407754056137308,0.5875192384274137,-0.329570972109931,-1.2061492025275153,0.7722007912099339,0.3717242661192465,-0.43883254238436314,0.6370885736198527
2024.01.18,000015.SZ,-1.1012750538494502,-1.1171434675791494,0.7393584944804741,1.0116055415324885,-2.2557534554523473,0.2013435405277847,-0.14146517805942357,0.48523974729215763,0.48752422579711974,-1.6123317125673855
2024.01.18,000016.SZ,0.06508414934102993,0.19272864121038083,-0.46636952232673906,-1.2941764449731104,0.7898578389682216,0.2882435458293958,0.6855301055975159,-0.16149327325946458,1.5205941600299822,-0.7678352379576657
2024.01.18,000017.SZ,2.2476448449540136,2.9006157625592937,-2.7073630993562237,0.05403755523137042,-2.004098466867122,0.26558897594612096,0.6550583816118044,-0.4975747161670978,-0.7166837233644514,0.06826906947756481
2024.01.18,000018.SZ,0.12259716158873316,-1.8521574938664478,1.1506712967038248,-0.2576992081769498,-0.9349831589029912,0.8819600420375893,0.7251831118657796,0.7554242935661272,0.26809901769825556,-0.802268501118126
2024.01.18,000019.SZ,-0.6818208042142544,0.6934481609180797,0.7411010980320722,-0.3564294250157475,-0.7647128028502501,-0.09598901875663293,-0.07976552198257932,0.9758440974258639,0.1533179480712302,0.9230062438143949
2024.01.18,000020.SZ,-0.139749372848758,0.47355296472259223,0.7767075726993676,0.9280114282992673,-0.15285732689624454,-1.7555937134843247,-0.4813683028448944,2.0273315803458534,-1.51842118295293,0.5764912692491151
2024.01.18,000021.SZ,0.21932366501522202,0.5613431848777649,0.6531933743184021,1.6239435906095023,-0.5865042085387087,-0.40140091039603454,0.9125514733934735,0.3291196947586958,-0.4594491482380988,0.13460075397274512
2024.01.18,000022.SZ,-0.1290597243433658,0.5114132957451321,0.45643307683717427,0.40241517846191044,-0.24061925594532224,0.37724223214512825,-0.006557459350420266,0.6972966163437044,-0.4447447656658871,0.19404384605865332
2024.01.18,000023.SZ,-0.9436717053954234,0.05762685148302636,-0.48974605362306856,0.47439184990039773,0.1913907196615923,0.5259502064645328,0.45098989323243566,-0.7964250088968245,0.942130242962681,-0.4028733596341113
2024.01.18,000024.SZ,-0.049191975616463865,-1.0834803718798762,0.8662260368386561,0.8533906494487722,-0.3650899635922503,-0.8573782600960826,-1.4336820563943047,-0.9408893776187781,2.041702086650789,1.4244795844332432
2024.01.18,000025.SZ,0.995174331095621,-2.0802420736153193,-1.204330190538459,0.2108344368844153,0.9933536714484558,-0.12047885986574933,-0.6357580642395225,0.4132558176129431,1.3345553889393595,-1.284114542399695
2024.01.18,600000.SH,-0.05456157606916437,1.2759007164356277,1.6872134538410577,-0.3104842452704268,-1.306155505743707,-1.2291330069784907,0.6470706502672242,-0.7810804839445215,1.3897886165159157,1.4554952543832573
2024.01.18,600001.SH,-0.2239046375991467,-0.7365745002661697,0.7922663328847919,-0.05789482532204727,-0.7337065481620141,1.0528752204040435,-0.2132613993516359,-0.8688552936535738,0.195295979515288,1.4712455699825342
2024.01.18,600002.SH,0.7830179696638205,1.4582548506162398,-0.24959576760669586,-0.8713466866116151,-0.37446928985870465,-1.7649719277121838,-0.9887634392415504,-2.099137744287963,0.8120806237635773,-0.6039331890399076
2024.01.18,600003.SH,-0.22688709151051986,0.008138705236045913,-0.11399635547989054,-0.515342652645175,-0.4296215044166624,-1.5302507499108604,0.12529021795967704,-0.03909795200138119,0.06628775669566983,0.19226916394603957
2024.01.18,600004.SH,1.3935744523340718,-0.6110721666975232,0.21717493197780913,-0.840567510199842,-0.055747046763572235,0.6990069880240236,-1.8677841036949852,-1.3206800662371196,-0.6450462852870055,-0.8597606247345634
2024.01.18,600005.SH,0.5990160493927144,-1.286724899357957,0.336000078419904,-2.2958946848698605,-0.17809032748909698,2.3839660421563793,1.7048077177436471,-0.9923108241049372,0.31067380849102577,2.587364067609168
2024.01.18,600006.SH,-0.02180894611085279,1.8449085571633792,-0.10197275610884401,0.4248121146241388,-0.7413593859111941,0.4504361599133975,-1.117231583004724,0.87448765187826,-0.8238268076641869,-1.360572908218855
2024.01.18,600007.SH,0.38422266150612483,0.3271636045488998,-0.6534700994927926,-1.5909792752982512,-0.8081999094185507,-0.28566628854803733,-0.3817156025522186,0.72976606927015,1.3679019077774213,0.303026421325817
2024.01.18,600008.SH,0.15256098974709037,-0.3592923887774177,0.12439867510224124,0.132384517174149,0.7691026376457089,-0.36764659604622,-1.0067324599633636,-0.3128024688084535,0.914890099916635,-0.27918196930349576
2024.01.18,600009.SH,-1.0549578045940426,0.1999699566433607,1.4841898634691446,0.26179120528690014,-0.6743096204847693,-0.25724671912389063,1.2383985313827943,0.0035658766140225454,0.6269779223416624,-0.013078083823881793
2024.01.18,600010.SH,1.2890427463638916,-0.14198300025984972,0.981495557867914,-0.7962008169031186,-0.1441543380246836,-1.0505004313695325,-0.3188807232106319,-1.797946911329976,0.9784167602421304,0.3539855747862961
2024.01.18,600011.SH,1.4556710240950876,0.7785878805984342,-2.971388048609426,-0.5233113919469433,-1.6369156899785522,0.4823295784290955,-0.8069346135177509,-0.8178883292153641,0.288735854353504,-0.3645436003415997
2024.01.18,600012.SH,0.29753883167393935,-1.311967734829691,0.46205874061119206,-1.2541971498721902,-0.20724049471279674,0.33864659829173627,0.31955545423926013,0.7803406078558897,-0.20847378445785872,1.1470384327947794
2024.01.18,600013.SH,0.7293813836852968,0.41652663401815393,-0.27985470721896805,1.7844501537152124,1.6011880314501297,-0.20656622994829169,-1.0245228333754874,-0.13421972576734387,1.397221331278401,0.26696666061276847
2024.01.18,600014.SH,0.27674005121280115,-1.5584846504279837,-0.10725670891977644,0.13886924151441815,-0.942043291839004,-0.36339133534575524,-0.1966424344977315,-1.130208051307203,1.44734736435833,2.2230699530772555
2024.01.18,600015.SH,1.9110198657022415,0.23943494779542518,1.8537069234318209,0.5975810468593863,-0.8175062011112917,-0.04875720922770529,1.3106916301365563,0.9081052275871798,-0.028494098536904496,0.9764140923135403
2024.01.18,600016.SH,2.638288165473359,2.7194930900096024,0.3922092016675041,0.6263164062592317,0.18639428706018066,-0.19722356148523168,1.1493935622423874,0.047000670452600486,0.41396079549921655,-0.789549876758587
2024.01.18,600017.SH,0.6012541087046135,0.17674195115024469,-0.25559701981597144,0.609719894306575,2.308047606631019,-0.037234429228605696,0.4387193233607541,-0.13395084196488571,0.17691617673353974,-0.6649512847937901
2024.01.18,600018.SH,0.9788181921379675,1.6633555761206475,-1.6986084580348313,-0.5681597277490604,0.23131256307646086,0.3768075665478956,0.709950492131516,0.0858345198428123,-0.5598441759849744,0.34812947555259116
2024.01.18,600019.SH,2.3354436021961464,-0.8802994510600131,0.08891392263301724,-1.9457181744003298,1.1621180473463704,-1.1378246054472518,0.41492101849527707,0.4152206721426007,-1.973315048152634,0.2191043805501673
2024.01.18,600020.SH,-0.6530494508378764,0.37191119547800183,0.6550498599079884,1.1852069660876943,0.7669932382134248,-1.478294046267568,0.43300119531866144,-0.658806093491522,0.6872339003915112,-1.5720173070978172
2024.01.18,600021.SH,1.1331607459036879,1.1088278001321776,-0.34346676752794303,-0.2608490652459146,1.7612512447100697,-1.4154345399257429,-0.9838234011945113,0.4681220838558976,-0.9646410597765044,-0.13967867106912576
2024.01.18,600022.SH,-1.6455879643726672,1.6421535223538344,0.14032256773000032,-0.8696736381234512,0.10758992459573195,0.3671480737752082,0.24241802997102907,0.8347707774075114,-0.60341595201334,0.02488630458819938
2024.01.18,600023.SH,0.6758649463576257,0.7955693389482552,0.22232789142649462,-1.5652063642243716,-0.5738348950453142,-0.44694276795541843,0.2875025346417672,-0.26362405013502876,0.4092929053851194,0.05192814081954877
2024.01.18,600024.SH,1.4936497123739232,0.02478562034225626,-0.4721845068376362,0.12730605137690953,0.3003794173269745,-0.442763081628993,-0.3242534143601579,-1.1972240669710656,-0.6781642194020676,0.4877888478448982
2024.01.19,000001.SZ,-1.0097700441676905,0.3470385627742257,-0.5244931087174725,0.9540627895095121,-0.0642903609854196,0.7111691733246566,-0.05014259057310478,0.3751585270506022,0.21065039603999458,-0.5173792799579392
2024.01.19,000002.SZ,-0.36129385173972883,0.7227604588523147,-0.12853487716586845,0.2298188208903795,0.04885396737260659,-0.22176003746822293,0.8942415451155353,-0.2551595601756419,0.31111057195759323,-0.4266660461088866
2024.01.19,000003.SZ,-0.568213336798256,-0.9294452647963627,2.06275838801889,-3.2258876424073124,-1.4113116219945123,3.432931948451017,0.6577992557178137,-1.9269094001534899,-1.2731899083393425,-0.07486565371671022
2024.01.19,000004.SZ,2.186333173625948,0.3106662900337116,1.8270273674847297,-0.886219644768078,-0.7151036114850902,0.11640334930628855,-0.11065773664965288,0.021582437420929527,0.8826676524750057,-0.9281521270958534
2024.01.19,000005.SZ,-0.19141235007405802,1.1744004983530292,0.1740553338442282,-0.20327609282007836,1.335961014930013,0.8760123551950735,-0.3777820785285533,-0.9449635622197369,-1.042401785592719,-1.102064294746669
2024.01.19,000006.SZ,0.22658625024635556,1.442822670377949,-1.6407052799227315,-0.9022578656079151,0.4470417962744645,0.5937286519151186,-0.33706848371810794,1.342139522932471,-0.7535938818818441,0.9804383142669827
2024.01.19,000007.SZ,-1.2632452158051255,0.028980142409562544,-0.807125760050954,-0.05819250407865441,0.5385524561426528,-0.12461561527712199,-0.3567267973632614,2.0491745259844234,-0.9351417706496644,1.8613938453707282
2024.01.19,000008.SZ,-0.981987688001452,0.748952158867323,1.3045779888185194,-0.3526332561418475,0.808492692184276,-0.4122063336502912,-0.11969599497745986,-1.0643873705805051,-0.6529629165300466,-1.722971553634888
2024.01.19,000009.SZ,-0.12828415428299889,-0.6754120791885265,1.4630877568719545,0.8502590690865006,1.1049156559509843,2.085299188109097,0.9704719802405019,1.3775617184912812,2.5786791975733134,0.7592299701888408
2024.01.19,000010.SZ,0.7610300036667895,1.5555864147892051,1.126148657265997,-0.1314521980285195,0.6539792708479072,0.049329474012818314,-0.21021080037103823,1.6502909759424125,-1.8777153765920387,0.1524519761515947
2024.01.19,000011.SZ,1.0514392579230334,1.0307084767791128,-1.0153723702649702,-0.9419746242522464,0.9824698086269436,0.7868155178262427,-0.41769548256156297,-2.4779679167176187,1.9629902655104177,0.7820235220015982
2024.01.19,000012.SZ,-2.104514062696902,0.6958077699131617,1.4624708472448316,0.13392874273762448,0.4162744430002384,-0.029410516462786397,-0.7110704939206839,-1.1943428397665032,-0.8517118352280686,-0.06107297460370756
2024.01.19,000013.SZ,-0.6851677053081449,-1.9569473372219965,1.0101688143350653,-1.061458038180338,1.4259481134178733,0.3682319493257977,0.6545802972650085,1.514562161803517,0.039714528236308236,0.8029320228544531
2024.01.19,000014.SZ,-3.237358522057752,-0.6204066191905271,0.8950399327193738,0.03015730443703553,1.271935033830824,0.4273056906947614,-2.3109866910835715,0.11757978092003378,1.4407404894438889,1.29833063679144
2024.01.19,000015.SZ,-0.21611100456879823,2.2641691226985947,-1.1286254101909394,0.023681437387354197,2.3050052225428597,1.6442301262786312,-0.6327870339212398,-1.5461702479469426,0.1887279290235694,1.1446425649629968
2024.01.19,000016.SZ,-0.9787475923713014,1.1075145700321463,-0.7325569269884256,-0.8703563680787844,-1.9438022924119691,1.9079222272562417,-0.36608860008054367,0.38699377266561563,-1.7192025879462414,-0.8075134043035282
2024.01.19,000017.SZ,0.45272281985315155,-0.5540895413005169,-0.5012373123242938,-0.7263317132891515,0.36705558534603144,-1.0608864758903749,-1.5314287017551365,1.850171288581772,0.0774304788337531,0.44484175567633305
2024.01.19,000018.SZ,-0.6552916755651677,0.7297777010384813,0.5778019780313193,0.9919733218275937,0.4211243288527142,0.3242463243096277,0.8192898247563847,-0.5463141221254163,1.243237265688019,-1.1139501400152192
2024.01.19,000019.SZ,2.2399824790221747,-0.4046374237447539,-0.6934412755140912,0.16748695253703363,-0.7345968621966957,1.4631679011693404,0.7367757374426938,0.11518134745028212,-0.4880951617428313,0.7671278646812991
2024.01.19,000020.SZ,1.0066375125632223,0.3129572610799524,0.1367345436005848,0.9777500511879409,-0.043374824243130175,-0.586485099885543,2.48244368366978,-0.8039926428683237,-0.587125110355381,0.46354832660294837
2024.01.19,000021.SZ,0.7640032302867295,-0.1174300690585694,1.6785474375957943,0.013456152165434354,0.16868866572390076,0.4592394731080761,-0.43300043513387165,1.6565270388387954,-0.3314112444206796,-0.5334139342933445
2024.01.19,000022.SZ,-0.10344187095576597,0.2402001113085597,-0.9739433051357297,-0.31378813322974647,-0.3634223494411662,-1.1393925158290936,-0.8693449858460642,-0.47432548532456026,-1.3678124749254317,-0.9831429820593642
2024.01.19,000023.SZ,-0.17186678943936023,-1.8095247172873394,0.4115609613521374,0.7480321565589778,-1.0456300238650984,0.4378409719103697,-0.4547867974540621,-1.0023287380228645,0.5010080789218111,1.355615655916526
2024.01.19,000024.SZ,0.11148696249990343,0.31400735816647574,0.06577681731598194,-0.21635471198831094,0.6695811649752802,0.03745380467539363,0.5719902993120534,0.9008359094029936,0.5149506012085364,-0.07891863047356384
2024.01.19,000025.SZ,0.4606799706484046,0.893241208111933,-0.19649401397319283,0.21673988774696457,1.3153261170103774,-1.7986103452673132,-0.7008617314510931,0.5067886176313057,0.8604061882163858,-1.2808220033186366
2024.01.19,600000.SH,-2.074518906117651,-0.5239656365019348,0.17294089054371153,-1.1850112940219055,-1.6797118632425225,-1.3999585780905899,0.24671730562532465,-0.9954030690584907,0.9171253213621103,-0.8196317016478989
2024.01.19,600001.SH,0.653493316162972,1.586693582095123,-0.8660213639560663,-0.3797413403724064,0.6277788960796995,-0.04531250510446245,-0.3372091488695532,-0.1544863204480307,-2.210153973071927,1.4984233576883152
2024.01.19,600002.SH,0.697679078045307,-0.24324364603388504,0.5842466809817178,0.11955494354269856,-1.0255105483772435,0.49480428381335295,-0.3514578075847815,-0.21456532499212871,0.1998162578501724,-0.4597021226065992
2024.01.19,600003.SH,0.2170071043193044,0.5166042560263566,0.04397064537615163,-1.1319975738351622,0.6092661608113641,-0.2080601518208659,-0.04871150312599113,-1.6680768372508206,0.13938066107893485,0.9589347311644565
2024.01.19,600004.SH,1.40545709060369,-0.39116967808355807,-0.29854125863417613,0.17578441340545453,0.7842241912642097,-0.9567313120586982,0.5723462616129688,-0.8211217841067063,0.2556604058810943,-0.14179278312791999
2024.01.19,600005.SH,-0.086002808819061,2.501948566745128,1.7866232562031727,0.09755132085599336,-0.2645948522940863,0.16805689751737157,0.38778519797617633,1.5318085872312523,0.5423214638927634,-0.07954922939534513
2024.01.19,600006.SH,0.13179484810155245,-0.6120577646197657,1.2817325800749837,-0.9476745173889367,-1.4230751954167757,1.3374989277842857,-0.08002217110964215,0.5552226565100509,-0.2223756820652808,1.026513940211786
2024.01.19,600007.SH,-2.2625331032845164,0.6033264059828573,-1.1265851486110279,-0.7211489836908999,0.5522062748118325,-1.2823338762167886,0.1031423440543348,0.9788517374089716,-0.1920372799097528,1.1991121505093332
2024.01.19,600008.SH,-0.278791803233177,-0.1314854016460786,-1.0471524504807714,-0.8893277373022789,1.9384555905507563,-1.9829213441141453,-1.1819321998728596,-1.532880676409986,0.6392828036061833,0.17296960415596374
2024.01.19,600009.SH,0.3174598101217347,-1.990115885310771,0.2808078253373414,-0.3315728823633751,-0.7905015547967763,-1.1176355192905048,-1.5382096216924686,-0.5235403711790029,-0.12071838664233406,-0.5183900484710289
2024.01.19,600010.SH,-1.4350080143549035,-1.0925225211052425,0.8108403109537853,1.262020725812567,-0.09755212883196439,1.5268346295899007,-0.32757223960340887,1.282184002563284,-2.1825230328390095,-0.9240250914384592
2024.01.19,600011.SH,-1.2582744467525644,0.9756116052513869,0.6047133204699878,0.57938598811894,1.450557563587309,0.35391843585488714,-0.11968612850425028,-0.4075189999325463,0.9864983905809535,-0.7481405143287518
2024.01.19,600012.SH,-0.38805928058383565,0.7342971598839816,-0.42819575453097075,1.1798489218255015,-0.03323496816897214,0.5854572075191655,2.0322733444981043,-0.022302038822564065,0.4227298936168027,-0.025071572909264775
2024.01.19,600013.SH,0.880879860984079,0.6568792772024602,-0.4608849622775509,-1.3691266660656776,0.1355982288958778,0.2583955193999076,0.5239947216862043,-0.5215017780952204,-1.4909981488510589,-0.1768542573787445
2024.01.19,600014.SH,-0.886899288068409,0.4559269665690476,-0.6681244013015878,0.08833580711906622,1.004977469801291,0.3595243486586167,-0.8034652329127416,-0.40869570906609637,-2.261294900368841,-0.17053952468888958
2024.01.19,600015.SH,-0.4702161361630407,-0.2578097101414003,0.034637731621221295,-0.5277068651404153,-0.38851443805335983,-0.07419154479583914,-0.5799311424504886,-0.32056887292416075,0.22089727250401509,0.0760566731399621
2024.01.19,600016.SH,0.046850181787034026,-2.372320054727762,-0.1458619009493691,-0.34794596941188205,-1.4165108905579689,1.2630719966444663,-1.5839697477724395,-0.8420049461957536,0.06976722536622204,0.5924397182395804
2024.01.19,600017.SH,1.4576133210858253,-1.0179165513957265,0.7551452724172778,-0.10281204638369405,-1.5557252858707604,-0.9269124738736658,0.4300085588400738,-0.509306365013303,-0.35288285191389895,0.09852422651749422
2024.01.19,600018.SH,-1.4998411640192582,-0.1748510842896349,0.4676001411485956,-0.9861920587250893,-0.3607829521831068,-0.3353392587315037,2.4951257918621437,0.9575595563656967,-1.6735524421324572,0.11495466596538516
2024.01.19,600019.SH,0.15751158742344729,0.28591464031873554,0.44238917248771087,0.6947459005488835,0.1676226163372757,-0.8404144587751525,1.2675062201844332,-0.37997523820157464,-0.37173518200900924,-0.3773318487457493
2024.01.19,600020.SH,-0.6144408952249834,1.0187470125452875,-1.087098940722758,0.7266117105068791,-1.1052566993234958,-0.5666902009725927,0.6665047738815452,-0.6211480964023604,-1.4600125824301073,-0.27362271937804356
2024.01.19,600021.SH,-1.237855720192777,1.0106758119370318,-1.4295994203425326,-0.8012443223766181,-0.6046585208420127,-0.2960831563960061,1.3412419058233351,0.760533902736547,-0.6065231388813127,-2.406728525568032
2024.01.19,600022.SH,1.3335860704812528,1.3194062725001432,0.38099514309587146,-0.03977670758694014,2.278291787663178,1.730534754425175,2.431707741675733,0.6860388606407233,1.7045323760155942,0.07057833831027809
2024.01.19,600023.SH,-0.32490845182255457,-0.61208245575479,0.06150125676013187,0.328287216279455,0.8427342802590357,-0.4145783009048758,-0.4786973838318664,0.8521369019865538,1.4636200848676657,0.624048819819138
2024.01.19,600024.SH,1.8323110356655181,0.7541068110392735,1.3095314609560376,0.41050674667422177,-1.9540473040798807,0.9039680000598013,0.6463940497645888,-0.09418194755764304,0.8276560043657095,-1.6309777502225202
2024.01.22,000001.SZ,0.782776732200686,0.5301605409677906,0.5542788133767151,1.5882411751202568,1.0550593194551425,0.5265471289441953,1.9555362285824605,1.3189892660903688,0.6940229661857205,-0.1572023786576051
2024.01.22,000002.SZ,-2.4107636796462537,-0.7393196681191107,-0.8090718132858292,1.0218018753278841,0.6495368276914376,0.2247211337191962,1.3740399894196302,0.6347918351380276,-0.21345662347111946,1.0474544725861805
2024.01.22,000003.SZ,-0.5214485213923377,0.48641098886443945,-0.4916950819983825,-0.7500400548510625,-2.4122814560968853,0.27281795192901276,0.24029331532554796,1.6378685747286648,-0.957194485037277,-1.0902274545998552
2024.01.22,000004.SZ,0.713102609111138,1.2118132002697437,0.14725453331542596,1.5354524160357907,-0.49246460467996006,-0.7087925764559017,-0.6574016939566015,0.8413892444600098,-1.3696203426593672,-0.09738596885640932
2024.01.22,000005.SZ,0.5611319686203681,-0.08294100799912914,-0.727627063547532,0.06085533819266097,0.7477923427819095,0.9091814830692515,-0.6691677219306889,-1.0374064261393603,-1.0119385004712933,-0.16845844146502867
2024.01.22,000006.SZ,0.712603130977761,0.38854913349553916,-3.092414417583433,0.20695850406940175,-0.23664828526884144,0.6240713387548255,2.193153087058842,0.06085822915992981,0.5496019884425244,0.26903487979888535
2024.01.22,000007.SZ,-0.8716805928945848,0.44678808487026184,-0.01896477088108341,0.897696860523885,-0.8781498629473065,-0.3032274235084797,-0.8840637336371188,0.9039865226844387,-0.09683239156906402,0.9095140727537026
2024.01.22,000008.SZ,1.707763032470501,0.5056419471579098,-2.1444445785832653,-0.7660560833437946,-0.0578505769093422,1.2513664298639473,0.3882530345923049,-0.5839244087576956,0.10789660153587398,-1.2660174894724274
2024.01.22,000009.SZ,0.34713274983566,-0.7601055720391057,-0.2580312634315193,0.6927733672598443,0.8476304105191539,0.4670109142922247,0.6093904568829096,0.27740763107654864,0.24558472565404713,0.7556064644057501
2024.01.22,000010.SZ,0.02226781708724864,0.08083371024779272,0.5506870908428136,0.7362583153221502,-0.36333839278294683,0.5598207341291722,1.062953351245947,-0.08426146109654385,-0.5006397750197931,-0.08938908585675182
2024.01.22,000011.SZ,-0.7842430952986448,0.5783634932850674,0.49083387235130843,-0.6209378022744376,0.5623560695003156,-2.241453502242003,-1.2449625061783987,0.5966420657649325,0.18232775106125101,-0.019844442354083183
2024.01.22,000012.SZ,-1.228039703060977,-0.053291532371250026,-0.3013038307216707,0.5035131175517891,-1.6220888905792,-1.2898608490034316,0.4009996325277987,-1.8060706643480673,-0.26448297077757826,0.955755736431998
2024.01.22,000013.SZ,0.811581361679858,-0.447443820655296,-0.8446979941048529,1.5277603663943582,-0.8874296627161913,0.4309388588746954,-0.4648869338889703,-0.578488956064046,-1.0239444742820594,1.1259630141894645
2024.01.22,000014.SZ,0.3436115099533702,0.5482401708602451,0.6903927663750775,-0.5977635959728927,2.6115175968791844,1.4122812861346805,1.2777949439185543,-0.003596493615745341,-1.5269769445637829,2.9600889364014242
2024.01.22,000015.SZ,-0.6643368562448444,-0.3028921035699176,-0.4693319823507101,0.1553598117406041,-0.9530792445225649,-0.5056720830411232,2.589593156275646,-0.6999424605667445,1.0263722969820572,-0.2671839157852866
2024.01.22,000016.SZ,0.31666685354390606,-1.0709072991102173,2.3426408494282285,0.7220159325205237,-0.7638696511215534,-0.04385250713648391,-1.1349915407253066,-1.017448332629833,0.2645850862975881,-0.07604124749042494
2024.01.22,000017.SZ,-0.10627058111699365,1.1233162922518036,-1.0245048980491995,-0.679324909677687,-1.0901026169139572,-1.6416026801943802,-0.6554669670993942,0.39970758801576456,-0.011489008338072912,-0.15239298452633152
2024.01.22,000018.SZ,0.6960167272036378,0.11894286471764166,-0.5446818706091522,0.0832029137023735,0.7002035693829304,-1.3180673742704487,-0.031184138969715457,0.8393643338487378,-0.459022131664023,0.8948607162155555
2024.01.22,000019.SZ,0.536254687879424,-0.9476327163257025,0.3015892286258676,-0.21025772046661584,0.5513448947738778,2.048158751599112,-0.09548968828177197,0.3932527069772799,-0.009577884780791756,0.33322586777976015
2024.01.22,000020.SZ,0.9986415514136976,-0.8104357733027058,-1.8375054712011776,0.10986045775464108,-0.11140630034864316,1.321137261523664,-0.8894730647183596,-1.2100482942332422,0.5096908713737165,0.5910418225633446
2024.01.22,000021.SZ,-0.47400597862415683,-0.6291895023507407,1.1705458121180021,-0.2070298032752243,-0.8392666165432285,-2.7674129199767705,-1.5414822389709792,1.109328904228607,0.3056777390447224,0.02001503526746124
2024.01.22,000022.SZ,-0.5910451858698131,-0.8405841496833477,-1.3542171887833943,0.05526243055111665,-1.0104636998784264,0.47698531930044347,-0.700970652970578,0.6970469724794446,0.9346347100774202,0.32727789815031993
2024.01.22,000023.SZ,1.466870237670387,0.1765663283921909,-0.12161326935963725,-0.9183507792142523,0.10961444106770328,1.2937210474929122,-1.3630384416804282,1.0304177017930927,-0.5696389656517276,1.4480221892617757
2024.01.22,000024.SZ,0.6220545993064511,0.32687100116015216,-2.1011682182157743,2.8391955515626903,-0.4799367453748425,-0.25754573585443685,0.21867566193057672,0.9215980372638466,0.12777803285328956,0.23445829485800634
2024.01.22,000025.SZ,1.2688864447154962,-1.8467165254743538,0.2765811539016255,0.8794505205376401,1.2525885519173636,-1.3735272483552143,0.17400296451465322,-0.33027910098094404,-2.2429944221596347,0.5669034177254734
2024.01.22,600000.SH,0.12231754727646713,0.9240326484294871,-0.2027695944921783,-2.0195282875174945,-0.3737829435396944,-0.7792502165763421,-0.4193028471623918,-0.36263971338607187,-0.5684820430709311,-0.12184187647270281
2024.01.22,600001.SH,-0.7036093753900305,-0.5038723648126958,-2.627331617686872,0.632355126363667,-0.9967302035673634,-0.29464009395935575,-0.08110843083712689,0.7069177074003299,0.20584738668814642,0.18362267755131312
2024.01.22,600002.SH,-0.6380687230665163,1.1646553223239646,-0.3188105077128789,-0.41824372306546437,-0.09772406546715338,0.5623939458987386,0.20789276227157186,0.06735959159049883,-0.7353842912129049,-0.9955016736094382
2024.01.22,600003.SH,-0.08905808061384947,1.274110919505913,-1.2770164826327426,-0.17970974046485386,1.5976538581414799,-0.9818564356135817,0.17314956939164694,-1.4939444812885039,2.118299291920736,0.2955042892597573
2024.01.22,600004.SH,-1.0585870557078627,-0.19801295735848762,0.4302006608405221,-2.135410145308265,-0.15102670964888634,0.18503893336062727,-0.806748755011472,-0.20499125669598406,-0.5960698183939153,0.05883696516125122
2024.01.22,600005.SH,-0.016512247854205454,-0.677211507387445,0.3527370463869845,2.5962732218564013,1.2240664369120198,2.04762103995028,-0.938314478849649,-0.33786106758927376,-0.22390008373424242,-0.13041342125834596
2024.01.22,600006.SH,-0.4846288299420625,-0.7846623567598501,0.042992038724183806,-0.5557776298223304,0.9208525170465183,-1.3893822906714954,-1.894634340720583,0.2576110972356207,-0.1110330518111006,-0.01542604138607752
2024.01.22,600007.SH,-2.0586172121241564,0.8007356677666287,2.006695598634467,0.8267427554205175,-0.7206637203215337,-0.7522209702558853,-0.5457184859060255,0.6381363945777114,0.7079467559147127,0.8007087565640938
2024.01.22,600008.SH,-0.2767030305261167,1.8787527893525457,-0.727067505433611,0.8473452631915236,-0.924234283460857,-0.8314072001996695,-1.024031962613079,-0.09733418704016844,0.485153111001073,0.6474915185094968
2024.01.22,600009.SH,0.27389334666941106,-1.370692897865026,1.460852047267057,0.19628492864705155,-0.7222787799764111,0.46364290033281336,0.6964459113494162,0.05309695865432113,0.15367423127251464,-1.9839890769995125
2024.01.22,600010.SH,0.4849510939322641,-0.17242304633122635,0.9668192117353045,-0.44998272026455766,-0.1677252652365943,-0.10798668026551271,-0.9504508481855468,0.09064527154539523,-0.3989480167431185,0.24148272235305715
2024.01.22,600011.SH,-0.5847003526329037,1.1452040033763708,-1.381214309258268,-0.5403145255171711,1.0291246881754423,-0.09437277981040948,-0.4868979200840943,0.10305413216189743,0.20696408852181075,-0.23253075084713754
2024.01.22,600012.SH,0.6594356416363765,1.882605888414491,-0.3353289659727521,-0.64003114067085,-0.48577860764876496,1.507688664552065,-0.3871071503875779,0.3347073781700739,-1.9131111207157063,1.9188565542101734
2024.01.22,600013.SH,-0.6415801390998167,0.3467001920593257,-0.45953792320426634,0.5429963320960891,0.8327286479688467,-0.9195869994896827,-0.5002854827410461,1.5072359732312275,-0.338695365952652,-1.2556247307518666
2024.01.22,600014.SH,1.5990981485761526,-0.5460156909066635,-0.484773440445,0.9709356730370736,-0.973955184206491,-0.031671413808662376,0.00684552554154474,-0.44637277954900184,0.3869700999866456,-2.3934381018254434
2024.01.22,600015.SH,-0.5700988950360139,1.5583436431707482,-0.8446546196725608,1.773397423737785,0.1615509737303352,0.6809723573930326,0.6589750647993621,-0.9145787042505622,-0.3973133297037288,0.0778052309328366
2024.01.22,600016.SH,-0.5187492094613853,-0.16912839166159402,0.6645019606927611,0.32657658199537076,-0.9228115581211245,-1.2463489429092032,-0.149551813981745,-0.6822817975625242,-0.008254977961792438,2.5091389745417643
2024.01.22,600017.SH,-0.19952141360009915,0.6844887329461509,0.5264372564391733,-0.13285174540728295,-0.35369317953061347,0.04933993806259666,0.22116097038253774,0.18358986420311463,0.013711625083135219,0.29525211725089223
2024.01.22,600018.SH,2.2219443720016683,1.7626127188872733,0.34187077861292425,0.3123985268000344,0.04362000348802405,0.23620963332178746,1.0104157250522638,-0.2119844210624858,-0.8789036382714975,0.030642893155011862
2024.01.22,600019.SH,-0.7650810062059563,1.2630944274566174,-0.87558256860873,-0.3033948508280087,1.3937761418785353,2.274695993227714,0.4561677062064502,-1.246587365544644,-0.030644084555041,-0.37746944695118195
2024.01.22,600020.SH,1.8226936431153027,0.46113378646445063,-0.060936938941252294,-0.4359809269774626,-0.7001691974637031,0.4616015950197194,0.5852382970686735,0.2849952553241283,0.23594914857320137,0.1422819182384287
2024.01.22,600021.SH,0.7526697040390185,1.1595950801406292,-0.09798586077540716,1.358380952589258,-1.3906243768310198,1.297904931213937,-0.992867125402505,-0.33827991832221144,-0.9319496083714928,-0.29812291989838896
2024.01.22,600022.SH,-0.5481317326086207,0.09134193604378275,-0.5934977294042177,0.9043767094515874,0.5060030547194182,-0.7122080985458151,-0.9912382402133433,-1.5313487766625773,-0.8147361149414692,0.00547967676972072
2024.01.22,600023.SH,-0.10170213708419451,-0.040777510157469575,0.48666383224471566,0.575198583336756,-1.1762306699199079,-1.4399649134830983,0.8988362446267092,-1.4649329158535718,0.2955815327297031,0.3343089139881147
2024.01.22,600024.SH,-0.08640100026264844,-0.21911394850384275,0.5345114991569765,0.7316485134583783,-0.7954085480336465,1.8742613895136115,1.4618158953398432,-1.3149385874538346,0.6060841992293097,0.7951114378403857
2024.01.23,000001.SZ,-0.08825590404147748,0.23639191834952353,0.9825445693669438,0.1256005991431385,-0.5323587214931578,-0.6321351031342403,0.4535219290032346,-0.6845042369060345,-1.2581707553128734,-0.9413473888469802
2024.01.23,000002.SZ,1.4109029331281235,0.01472788196313834,-0.34488305607374453,-0.1640825900953076,0.971829028287318,0.03893144205419811,0.8777862666814958,1.8800659712165098,0.09715764716097326,-1.234843100994345
2024.01.23,000003.SZ,-0.3242329125809173,-1.5243477108634187,0.6259094489742577,0.059771386240350076,0.4154812090158812,-0.43354735977652437,-0.2359559331685536,0.19180111230457,-0.1648624685764439,-0.5561082641843133
2024.01.23,000004.SZ,1.8869606359193971,0.5152774310041549,-0.44191810129884623,1.200676488824054,0.39692364224972654,1.629097590038823,-0.12578435959047554,-1.7571068837846422,0.39101013483222635,0.07718375692570792
2024.01.23,000005.SZ,0.2855532794314929,-0.37969929622174503,-0.8377470371321685,-0.6810348057137758,-1.461032207589812,-0.32699899188354326,0.06019708084363099,-0.876056837347733,0.6152388115208203,-0.5288550634942379
2024.01.23,000006.SZ,-0.21336363278340015,-1.7157533496665271,0.9167937545510366,-0.08943167169805322,0.8042394770013368,-0.41736934665979225,0.854193775415089,-1.1301487030306365,0.3620213128357783,0.810503453784391
2024.01.23,000007.SZ,-0.7781434318889207,-0.8773539660787144,-0.7796214369238951,-1.0962179026652077,0.410318494913767,1.2401157896493789,0.5597035553368087,0.7835899238909111,0.584646186459626,2.05690132551218
2024.01.23,000008.SZ,0.3637003576047175,-1.1392870605276804,-0.6006368506081428,0.6281030756990087,-0.7549231153966373,-1.1226144788554855,0.8479202361769167,-0.045354529416382044,-0.14311781184622765,-1.8077426332515825
2024.01.23,000009.SZ,0.3957182251667027,-1.4583235853048446,2.7540796584916345,0.5213888875694683,-1.571718930474264,-0.5660559605581156,1.080275123840382,0.32379753349376145,-1.159504707660058,1.3619582146449118
2024.01.23,000010.SZ,0.07343946881274825,-0.0026569291488966825,-0.7972411334095668,0.6159128810571314,0.1824684696725366,0.28154015657716075,0.46946238170751425,1.4150541331710342,1.1297898395172503,0.7192688728555936
2024.01.23,000011.SZ,-2.695147447127688,1.204099068402243,-0.06361090733977547,-0.07758665155851778,0.0017636560541757693,0.6931874215924679,1.9387298212961823,1.6746555345343268,1.1661825846523732,-0.7708544143186247
2024.01.23,000012.SZ,1.1487272441642653,-1.4607087086735404,-0.5721613781915283,0.8790522026250133,1.270930612246463,-0.0958762139729228,-0.14371330699179616,1.6739422786466895,0.48606940692319894,1.8391727573752725
2024.01.23,000013.SZ,-1.2107824702721024,-0.24487121893949162,-1.1287741711866457,0.32341773999181517,-0.4679696013868059,-0.592653263055274,-0.13310647405548398,1.2365442492696785,2.5224091658782664,-0.2866381234420794
2024.01.23,000014.SZ,0.9094740079967434,-0.12228826347689216,0.7990398272670387,0.8586456393268218,-2.205812507155959,-0.8314574666044374,1.1816552144222694,0.47553874078322017,0.4348742833859067,-0.1870786098875374
2024.01.23,000015.SZ,-1.1159961968787695,0.791526617720533,0.8601933898704583,-1.6651421815805254,-0.8518293628458059,0.507465116983729,-0.5263335374195951,0.5165393037207574,-0.2778076428172633,-0.6119045431188618
2024.01.23,000016.SZ,-0.9526690641010778,-0.14565600857883662,1.463458712653245,0.30794890685659665,0.39907203075659164,0.5850563566712508,0.0420325261725351,-1.8946632127986882,1.0786857288085872,-1.145435386350908
2024.01.23,000017.SZ,0.660986316292971,-0.1647372388146009,-0.12325059030131581,-0.5992469252125421,-0.29884907437545727,0.9528094428578967,-0.10274247502470532,-0.9217968719926587,1.9817115813885255,-1.705257180394065
2024.01.23,000018.SZ,0.44242340300376964,0.6434757771043903,0.4901673955466803,-1.6631778093759237,0.1088891402919099,0.1274989352810928,-0.0630868893543457,0.9743774106827109,0.31834550366611425,0.7474288907794017
2024.01.23,000019.SZ,0.1202719672313448,-2.303139587679019,0.8683602096931684,-1.4206953644807974,-1.2043944291767457,-0.1149607608500735,-0.6118337185579815,-0.7429829525956831,0.9661977222907643,0.829416242814343
2024.01.23,000020.SZ,-1.4535072430533158,-0.4580241158149364,0.22024436838597553,0.09139712300361512,0.14213654051621047,-0.6629319604728722,0.13733443558054134,-0.25551084945012476,1.4516508950443199,-0.2565957810762605
2024.01.23,000021.SZ,2.32612736796287,0.0210718982996756,-0.32623622799093505,0.444709612593717,0.40043718888324764,-0.28219308870427434,-1.264259359252124,0.3634371428507179,-0.41312945345864444,0.522204479834024
2024.01.23,000022.SZ,-0.8558201827386716,0.929084602893374,1.1492380218096618,-1.3133122292869508,1.5316113728255778,1.0458287250795788,1.0050746107743231,0.6926569562899971,0.9130480796682581,-0.5674006569442323
2024.01.23,000023.SZ,-0.8602733025715108,-0.43288291834305864,-1.8627517955749713,0.5535441426741821,0.9184608260095909,0.13985291356460997,0.4068402117962497,-0.7079792554418419,-0.3683321532915467,0.26813514792761006
2024.01.23,000024.SZ,-1.7777110391999533,0.21247969156947205,-0.5539317990013826,-0.12645140257247037,1.219988053149751,-0.017610885297740915,-0.6195294902700424,-0.2121827487523678,1.5926540018201905,1.0641362001432983
2024.01.23,000025.SZ,-1.2644830642182223,-0.9377683801545827,-1.688026579557471,1.543134287562218,0.347431648066352,1.7173006406854583,-0.6155617295485324,1.6310189161717763,-1.1945797639070335,-0.19384036757413733
2024.01.23,600000.SH,-0.052753962705607206,-2.1552083771681705,-0.49404380521230323,2.800288822307605,1.0477722390471553,1.26736119479366,-0.14479675530291616,1.3423488351704553,1.3335756496654891,0.7511822536006864
2024.01.23,600001.SH,0.3155034464579973,-0.4608604275943641,0.6369384720806535,0.3904884684512339,-2.2816293597643553,1.6559433709966376,0.03237207256924398,0.7396015583386721,-1.192973748283011,0.9757082328436556
2024.01.23,600002.SH,0.8659319333868356,-0.49753653181344193,-0.6265107402701157,0.33746854440808716,-0.1863512547553041,1.1030863987763906,-0.2760581384581716,-1.352207943627611,0.402311292038159,-0.9814954365399009
2024.01.23,600003.SH,0.1956172394573094,-0.4230920611614438,-1.16737770626648,-0.362335989262464,-1.7154506703027443,0.31261684560726505,-1.9072878090642051,0.5919302195955798,0.19339074258279135,-0.6767313181065904
2024.01.23,600004.SH,0.26166675916570675,-0.5264274236936708,-0.2577427622407522,-0.019178481261504864,-1.5731082526824458,-0.6258666314361366,-0.1165069417300506,0.7819363386040489,1.236588075981876,0.22901404222422342
2024.01.23,600005.SH,1.0476162357478804,-0.965088572255405,-0.4437563944333515,1.2714309357767375,0.8028031383705047,0.8809878056881414,-1.145296009070784,0.8199358651898663,0.3245057123929127,-0.8672599228874635
2024.01.23,600006.SH,0.691455660146718,-0.7786964803548945,-2.1282980947882346,1.4438045873848295,-0.7344117716072274,1.7849611421292086,-0.4054962633654117,-0.9082200172462244,0.8147483248776962,0.09897619960405964
2024.01.23,600007.SH,-0.5847424490842976,0.07178471057506096,0.8310468190313487,0.7704991545321529,2.404815036525906,1.3538320893253677,-0.5081005383617418,0.9389267469075522,-0.6619281506983139,0.714078233645524
2024.01.23,600008.SH,0.6281353924107718,-1.3653218632502004,-2.2591866034282426,0.6654438758725443,-1.269685293181931,0.8257523720205503,-2.4596982170123702,2.1616722941654514,-0.3772837591954891,0.47174634528133685
2024.01.23,600009.SH,1.5414220935858292,-0.1510574245583429,1.0035007359590045,2.073969311456816,1.1836040938618055,2.7876457363021943,-0.0932251685438127,-1.8398514740332352,-0.8164627836903883,-2.128794327955218
2024.01.23,600010.SH,0.35711007763293967,0.3143831817522558,-1.572356722738376,-0.2829228405149433,-0.7782966110633714,-0.3778019630088679,-1.608489801136941,0.11234564567980643,1.196069675738678,-0.3887090058206523
2024.01.23,600011.SH,0.7055506921114851,-0.9544631376116997,0.9046962769453397,1.242094847605902,1.4088978046877338,-1.3204632288170108,0.22796993040762265,0.05667393336575016,0.040949941218038015,0.4637688823103235
2024.01.23,600012.SH,0.8002037585389534,0.6466346688892992,1.3765395540376422,-0.6487897942721098,-1.0143831833237156,1.652022161877688,1.4258079121267295,1.203183459419847,1.2491093745653912,0.20392107987366648
2024.01.23,600013.SH,-0.1501310470911423,-0.3905105957539751,-1.2610820424081428,1.4306674478538783,-2.165752718767051,0.7016608730711048,2.314861502136174,0.44077119006719817,0.5821018445470723,1.8052825525760916
2024.01.23,600014.SH,-2.036065121178577,0.6712055178370916,0.4120823897410031,-0.07306248325717732,-0.213352868115517,-0.3437591596910494,-0.29494733874491713,0.8731979055478337,-0.32932318001997135,-0.9892047152411205
2024.01.23,600015.SH,0.0595784079990378,0.6796350035027281,-1.0684081461918726,-0.5010832812416333,0.7256452987052406,-2.1653234431844015,0.5821243444727813,0.7314573298829102,-0.6268229641898676,0.24648708668280156
2024.01.23,600016.SH,0.5862975367709685,-1.1333279542118602,0.3900733137959262,-0.6270353366074203,-0.5537238350839414,1.9125279876434527,-0.06983125869564231,-0.9480015302420101,1.0471529430539919,0.6197761501545833
2024.01.23,600017.SH,0.27059758110151255,-0.7243285157923618,0.9616882225538109,2.1069747303462805,0.02367356945148687,-0.43163885470645486,0.7866071736232649,0.5578436404239178,1.639475366425674,-0.9401216902823702
2024.01.23,600018.SH,-0.07729217107672023,-1.073064218214148,0.30835240091259114,0.1293488919356046,-0.27828043730760654,0.6187497955619028,-3.073720270016093,-0.46037973223478096,-2.655090434006273,-0.474648858001995
2024.01.23,600019.SH,1.4620226964357999,1.5244224861203863,-0.39403687015728084,0.9097026797440867,-0.09593166826274717,0.08114818090369301,-0.515803729415064,0.8144984680320057,-0.7931118878635774,-0.474783322760968
2024.01.23,600020.SH,0.26540176252008413,-0.9379597935033996,-1.0810993257713142,0.7405475985049486,0.48998733835048336,0.3057013074954184,0.893438184710313,1.6199799746297932,-1.4259741428825252,-0.006192539527594242
2024.01.23,600021.SH,0.289566643728047,-0.9269293728207072,0.4212659505720037,0.8541180163560147,0.8615566574895182,1.3187166689732395,-0.7748609181091439,-1.0237628595115507,-0.7481678269933029,-0.18569501342159736
2024.01.23,600022.SH,-1.3942647377372757,0.42137877528270057,1.8146337315865009,-0.9107633765601482,0.5496326233693247,-0.3635556524171014,-1.377837173295446,0.5162609477718052,0.16644126993816263,1.6064547335727328
2024.01.23,600023.SH,0.08139995433369376,0.4413696516609596,0.9682964912205717,0.6303419328670739,-0.5863387281028477,-1.541692849093059,-0.42789906492863683,-0.95208797630211,0.8661728517656259,-0.08293212564587246
2024.01.23,600024.SH,-0.48312336848821125,-0.8953700766215837,-0.15810188966486324,-0.9988307070714456,-1.7779520856880953,-0.9435110682051047,0.3043737169867493,0.6819093434911676,0.2557183729955047,-1.8769258705335474
2024.01.24,000001.SZ,0.5020849078043949,0.3448262320059732,0.3744146417713102,1.1072174288950243,0.41382264098856136,-1.1645940381536195,-0.10832054311322813,0.3098984810955408,-0.6435676779498566,0.6675359022324636
2024.01.24,000002.SZ,-0.6907432910955927,-0.2446671491928843,-0.21884302543871262,-0.983935973400216,1.4029498353581442,-0.309224582925112,0.4039898550448978,-0.30573238355712,0.4627288868421355,-0.11509144229428953
2024.01.24,000003.SZ,1.071303568600261,1.2939003197977248,0.09123739091250152,-0.7894722410559122,-1.1443032104441089,0.2661561301234796,-0.2686383928673806,-0.9753300536338798,2.0457115664138223,0.09598967174945008
2024.01.24,000004.SZ,0.6798600001202286,-2.3550045125404107,1.8807857071521148,1.2047929120273817,2.279157926453672,0.7405267222336837,-1.852968705750463,-0.5498916437204757,-0.601249833462984,-1.1469051438349238
2024.01.24,000005.SZ,1.2012120239240298,0.9197751003960926,0.6860989604400995,-0.37580421395697644,0.8986909864189717,-0.272578294038288,-0.2000062671763712,-0.6883967704895445,1.2861706670875337,-0.5550366915759156
2024.01.24,000006.SZ,0.10705243674152871,1.1684311454697918,-0.16505977307040473,-1.1378860609440715,-1.02429587389284,-0.9623682256896412,-0.5573838513483282,0.7363669932911219,1.5406596635727172,-0.5206880054819664
2024.01.24,000007.SZ,-0.6091897405150424,-0.03529751510744646,2.5736746972104285,1.5840743980182868,0.49222625753353166,-0.6755195585030979,1.5642330543297125,-2.2179749847800974,-0.8507139987418677,1.8180774051379034
2024.01.24,000008.SZ,-0.9378552397700365,-1.1499263014213443,-1.7337533136982537,0.3271055806091303,3.67312867038859,0.35279899435066464,0.25906987390562747,-0.5653851174549538,0.434318898192041,-0.1904593736040552
2024.01.24,000009.SZ,1.4005604691348046,-1.0068657231254328,0.5951340840635945,0.8214137709456484,0.05474992040670227,0.716447593884436,0.37097137041743183,1.9536245843581248,0.8909346510255035,0.28231923292287614
2024.01.24,000010.SZ,-0.23490344071832173,-2.3122181823501946,0.5686783819206637,-0.5608894975267719,0.35069334899827026,-1.3505915631157466,0.911321984017045,0.31342803860441354,0.572395192504645,-3.147316011045248
2024.01.24,000011.SZ,-0.3535873856753499,-0.5487649655715633,0.3901407965980152,-0.4697909333435383,2.0160906380510784,2.89871933362337,0.5264305373396438,1.0862554168589384,1.7029137129042353,-1.1261408207624883
2024.01.24,000012.SZ,0.8618106895400562,-1.7623977975990046,0.5914977866482928,-0.23269065329510646,0.0313742114308947,0.7429437194089411,0.6457249374090634,0.18508593406805,0.8977063566242677,0.016823548482309908
2024.01.24,000013.SZ,1.6210317460640165,0.8474265473011139,1.4102594945825817,-0.6138670826044985,1.4544085387807146,0.1909407456338013,1.3306713196119455,0.400936257143598,1.5778685634251064,-0.09749015869219095
2024.01.24,000014.SZ,-1.0317535317083293,-2.9902758835565213,0.01992306160079149,-1.6414365497477965,0.5759597672841316,0.011323811143233544,0.1430944342438577,-0.2563563530685909,0.2901620892726376,0.4401262812772899
2024.01.24,000015.SZ,0.34002119558185634,0.19492879506406813,0.18474108709800632,-1.3957633206332658,0.1524368430465642,2.0262411992573526,0.22210355990519867,-0.12228997097256107,0.24408913878460586,0.700791565433302
2024.01.24,000016.SZ,0.23489937337751376,-0.050308921456012776,0.883501154079535,0.9285534920903429,-0.6531529156274616,-0.9980941724469651,-0.5503434387702728,-0.32185331319552246,0.6606680538247119,-0.38873081157021483
2024.01.24,000017.SZ,0.27054151617131095,-0.9018782993887794,-0.59387008305009,-0.6512561458058299,0.11285715663436592,0.24232441797347612,-1.5560535954407064,-0.37797171471777813,-0.731036089451349,1.006754860832853
2024.01.24,000018.SZ,0.413574310112459,-0.21246805333897711,1.0498439124971992,-1.046661828150412,-0.7477717306935001,-0.09424024657436532,1.3046996764853653,-0.6489943834558706,0.2513968757269779,-1.0007323276209228
2024.01.24,000019.SZ,-0.2879976006249733,-0.14050197775014317,0.31325993644662015,0.396225111303267,0.42962241488388275,0.23252773852240888,-0.6976056931079406,1.8406944757953119,0.5564069714081115,-0.5033093430767531
2024.01.24,000020.SZ,0.301336506524446,2.9590050510703745,0.17189312207314708,-0.21049223871319772,0.1417958538211401,0.4578931127356272,1.6552640386302009,1.8002934091552996,-0.06592103674412578,0.36243825888823017
2024.01.24,000021.SZ,0.21786518213164363,-0.685559289289427,1.6996333159171593,1.2229712430421806,-1.6218353721586416,0.5685199745122329,1.564001414465392,0.6446574487356486,1.1089938728038555,1.0634062022664823
2024.01.24,000022.SZ,0.6197880451339826,0.20661321256962617,-0.5448427230170165,-0.730864809022769,-1.0127166679814918,-0.9364781008613489,-0.19796003822350397,0.06735704682680094,0.7387730598387566,0.5018881837684253
2024.01.24,000023.SZ,2.3902137703287574,0.12350384464258336,0.2851988793810607,-0.27394367123660596,-0.47393929362042947,-0.2858557579819305,0.18251990476379665,0.19551494888229218,-0.3440955629436771,1.3631899020442966
2024.01.24,000024.SZ,1.9590888001573141,1.8478981108676131,0.28982856116177147,-0.0348102277178584,1.6503380164173873,-1.867477344135165,0.9656698461574962,-0.6091981113995322,1.1674978740914062,0.004182436389225845
2024.01.24,000025.SZ,1.54224784346946,0.8189147711285897,-2.2503839914281802,-0.7750633423461633,1.8072620001493662,-0.8485582375974098,0.6232828541544395,1.6283184385942489,-1.8532210713222355,-0.7162452130713771
2024.01.24,600000.SH,-1.2387591760023744,-0.4526930474028624,-1.4128547617453013,1.211589557962539,0.8871001161393685,1.0233377529754832,-1.3222646092237005,-0.008356373397690471,-0.4922268724119856,0.5456408360557451
2024.01.24,600001.SH,-1.0324664710179137,0.0587362662070655,0.3084310640465252,-2.345329612975051,-1.5990937254108308,-0.8134524774342786,0.1346824662204546,-0.9498287593570043,0.9607913268265202,0.8718984504218791
2024.01.24,600002.SH,-0.28612843952661093,-1.2117928727090501,-0.1153706158421595,1.0163934338381324,1.4198355525030883,-0.3524580639847322,-0.916694786433952,0.17376994114082547,0.035481614993423845,-0.46496263896837947
2024.01.24,600003.SH,0.08786868737247414,-0.25898096885167543,0.5089280708342203,-1.6487827026821757,-0.8021448759497134,1.1450387898604408,-0.82296704862424,-0.4615853548605829,0.9584350414807349,-1.1082696534422103
2024.01.24,600004.SH,0.4916613880892029,-0.4552551110827921,0.48032649695865043,0.4026837834727874,-0.9446977881275439,0.4178474028127026,-1.5227360375957257,-0.7047399346478572,0.1535247101733719,-0.3869068533691237
2024.01.24,600005.SH,0.5972037167817732,-0.3087018691845053,-0.27307115010730254,0.09338711440931569,-0.42398059644687464,0.8311891884998278,1.937466976833055,-0.05744325009657113,-0.13464731794850324,0.2267495681460119
2024.01.24,600006.SH,2.238016093803494,-0.14750857609748375,-1.3678372641977805,-0.81272245245509,-0.18094715844210255,-1.0977759561235643,1.8588695022725792,-0.2581541375641819,1.5040388336332695,0.09595323250451707
2024.01.24,600007.SH,0.004782515294775239,0.41247357301794574,-1.2130881137643728,-1.5159817687575627,0.0763296585313595,0.7452405036814554,0.012893898381424422,-1.281509332135663,-0.49027053775962665,-1.449633557259121
2024.01.24,600008.SH,1.7954516534024776,2.3854558279337397,0.9058871832710476,0.045105876285231467,0.7261938470609738,-1.6505351923271172,-0.11961458999300367,1.013482635265934,0.7354177550224056,-1.6702749460341662
2024.01.24,600009.SH,0.34377618257417564,-0.8008939601186136,-1.041027430074829,-1.4165767302631378,0.9623628274639536,-0.22992577321521618,-0.5834625973881493,0.5157395162536335,-1.9825399665461056,0.9476071679351606
2024.01.24,600010.SH,0.5335803710450316,1.3400756617896383,-0.31819190632621225,-0.8996621475983849,-0.8544597103048039,1.6955505349087587,0.5793652664399408,-0.1941021452227988,-1.5742442854162944,1.9226193897944923
2024.01.24,600011.SH,-1.5167838895679369,-1.6625342693473735,-0.37061243560399915,-1.6137562870667248,-0.09870965182952679,0.7599484338820216,0.28056181071410186,-1.6283904022464675,0.9706959696819943,0.411590465066978
2024.01.24,600012.SH,0.7669189342802099,0.5575342938357318,0.16958560118329205,-0.7211806048084606,-0.007488764603283303,0.0052924515572148716,-0.8212294661314343,0.5456502668201629,1.3581441369464147,-0.9707896979817062
2024.01.24,600013.SH,-0.756920576664738,0.1746439752820678,2.01615716002608,-0.46792926460719875,-0.9121734043552359,1.827205983549708,-0.6551255778536509,-1.0788306848693978,0.657498812292248,-0.2248844017824344
2024.01.24,600014.SH,-0.6545904501480335,1.6019310311066453,-0.4078899430867106,0.33880725756809976,0.7418584149227087,0.009439376648521035,0.8499954960399267,-0.4346756720355493,0.4338676109784811,0.15517593118541795
2024.01.24,600015.SH,-1.3425598775178107,0.24531705693387415,-1.6850097854398436,-0.930204136770974,-0.4623685152728498,-0.07465018960128866,0.06401102814531802,0.027252666182808735,0.7825152613222898,0.14395839290439577
2024.01.24,600016.SH,-3.2476390543932605,-0.26064653396583043,1.1355552509835711,0.7934006707569424,0.07309379691394627,-1.3531092777380196,2.008671392822417,0.10466594592691975,0.248073509015676,0.43600035065517
2024.01.24,600017.SH,0.18751276126031466,-0.38373158337731134,1.9114982763570236,0.40765204848068953,-0.507742085030763,2.816709470671263,-0.9080414249344649,-0.849639178852658,1.1596257909630945,-0.887907857890951
2024.01.24,600018.SH,0.4086577804887788,0.6902284742658945,0.4061984978349702,0.5411816860057447,-1.6527900725627176,-0.04901164489684527,-1.5974809668839574,1.307367679249576,-0.8243760448795672,-0.3910253831267646
2024.01.24,600019.SH,1.4829952990119304,-0.09593444585984097,0.4276252568261348,-1.5725870585182573,-0.6788569973581946,0.5563952516690904,0.18444064518092038,-0.4417496654000969,0.6760192813481761,1.9387988526998916
2024.01.24,600020.SH,0.4569072027330363,-0.08206505760924172,-1.9730334735273563,0.9459202525092609,0.03754942718430122,0.34411155532650717,0.5353334387629877,0.3267296960470187,0.3223460571249468,-0.09564988426033372
2024.01.24,600021.SH,0.6592764872940626,-0.4466220438522575,0.8334332990517741,0.32740889162420206,-0.4179653976993983,0.10714318917820839,-1.556540964268516,-0.031137554845046874,-0.22005350511707208,-0.43590135877608116
2024.01.24,600022.SH,1.6276949793818496,-1.3555849932867778,0.1366172804270016,-0.005442740896155393,3.5299043783893755,-0.30485556845055306,-0.3451518771468219,1.0149467802558998,1.0755077159442747,0.15255189026942892
2024.01.24,600023.SH,-0.5380025188708824,0.46644164304123725,0.9123327245184562,-0.16598633058445997,0.017245433601058947,-1.0584584588651038,1.1258235653922355,1.9517442017998516,2.021045001935137,-0.15519757886983035
2024.01.24,600024.SH,1.6755694522038818,0.6035518850149856,-0.8106530995249486,0.2280325978182574,-1.3645144042078887,2.560004470034481,-0.6606466823693742,-0.5708462893865798,2.1316502709879126,1.592325292264913
2024.01.25,000001.SZ,1.188314247148891,2.3241288514950513,0.259210297052304,-2.0744971302911996,0.5073890115493424,0.6540233736620564,-0.8465976931498541,0.3080080048869043,1.7175973038041454,0.6933572924865199
2024.01.25,000002.SZ,0.7675571014448441,-0.1494617109622891,0.07239171547968781,0.7042987843685674,2.3893553511284824,0.6773784204949486,0.5396146786764267,-0.7340130177091029,1.6579091705171165,1.8189647086300174
2024.01.25,000003.SZ,0.015346360873721118,-2.7936100155290617,-0.34899805408827267,0.44608369919761054,-0.008651139162440289,-2.0516101125226336,0.10818950146162536,-0.02800616265579562,0.3649671038816195,0.013482962732345926
2024.01.25,000004.SZ,-1.999975674873295,-0.045654532116496685,-2.951729962518532,-0.8638523241410827,-0.8943356807406094,-1.1294757136682771,0.4882500480411279,-0.27686413504132285,-1.476078860062978,-0.0474970494009517
2024.01.25,000005.SZ,-1.0841569371853381,1.789233071950597,-1.367404752849649,-0.4492799307363143,-1.4317546828207957,0.9116257718305524,-0.6741674906744423,0.11974564594849088,-0.5493946992759354,0.07402013474927874
2024.01.25,000006.SZ,-0.31821179139238004,1.2985595567627046,0.9282531189445329,1.432280339489765,-0.3911753300079077,1.5847930851057623,1.424456185807953,-0.0947026707853339,1.0420145335879942,-1.044347699977949
2024.01.25,000007.SZ,0.016694318681091447,-0.725206135787064,-0.8443386403861025,-1.3156605201258487,1.8208667323061603,-0.19978641101679834,0.2527584867535119,1.3258086404142522,0.8035165184411728,1.7301245862417436
2024.01.25,000008.SZ,0.703251737783657,-2.4842034847194183,-0.8312975861189288,-0.5813737192400174,0.5648865310615818,1.1845437578624916,0.45673277554225367,-0.23632941850794084,0.8033731085404543,-0.42382914158587126
2024.01.25,000009.SZ,-1.816532524269179,0.9224606805307254,-0.032283544319340614,0.07082500567888725,-1.1102072836033408,2.5436910159486725,0.22445678651315346,1.371049334757984,0.3741555445017689,-0.7989986059400664
2024.01.25,000010.SZ,0.6061466782689846,1.2325583471397406,-0.45510772772049357,0.2630830380554495,-1.013940623207282,1.6788521379151227,-0.2395638882702216,-0.458146164381805,1.5870325087732156,-0.7968673815864574
2024.01.25,000011.SZ,-0.43338555722835587,-0.5808774116543668,0.0642677915916245,-1.276184992659153,0.1688448456839599,-0.7293794448588472,-1.5775836159908994,1.2989136291519787,0.3656206031284565,0.016634504200298578
2024.01.25,000012.SZ,-0.25041222674639724,-0.7660436037825091,0.019466861129732282,-0.5144978321679003,0.6695876186497106,-0.31299228270967844,0.40945700721319533,-0.11021768064432222,-0.11636057248648216,-0.13936929595518588
2024.01.25,000013.SZ,1.0878200904714888,-0.8264020254404818,1.011863446953653,-0.14289717080177847,1.1147946389621537,-0.6357573709657319,-0.33383628069287313,-0.40760271902305784,-0.7915971952523804,0.801319359193759
2024.01.25,000014.SZ,0.26479241990679975,-0.5371015941778493,1.4166785954595014,0.10036257499272483,1.9174974892960577,-1.3810223956066154,0.6039834395475696,-1.9869472903522059,-1.353377323975532,-0.495560901452084
2024.01.25,000015.SZ,0.14922875030052932,-0.5364103168060353,0.20631636702898795,0.6080289808679209,1.017094298348809,-0.6194980470356473,1.1438442304228769,0.8166303258621093,-0.7169214174493507,0.15244882336350854
2024.01.25,000016.SZ,-0.6189141358501018,0.12674038345373104,0.7963773860089781,0.3396140645073139,0.9365872218882287,0.0054592870961131116,0.019843445689738753,0.006398159735539647,0.024192914556820787,0.4857952435359678
2024.01.25,000017.SZ,0.09468385953751343,-0.29674555927925866,-0.7887872323650063,0.24596450118522517,-0.5547373977695895,-0.3855702680918,0.3219734703409014,0.06381960189154216,-0.7502640170863875,0.6882667975137211
2024.01.25,000018.SZ,0.3625771636141462,-1.0100853233324765,0.43349110042805855,0.7115124388245861,0.06015053450669265,0.08921500160686258,2.3351319048395096,1.0156454077480424,1.2202630456690253,-0.9974724042325676
2024.01.25,000019.SZ,0.023170115187592114,-0.0661875317184618,-0.4606381034306035,-0.07548724152610209,0.05696099254121473,-0.567604210803629,0.018785547825441243,1.4915561334985656,-1.5092469251248268,1.2679512489189306
2024.01.25,000020.SZ,-0.4363941600522063,1.5567166606699812,-1.3492118215911437,-1.2452626378100087,2.337794854893689,0.2406268664228742,0.4322230422426469,0.5736868176347774,0.12234486663951777,-0.19884849013566333
2024.01.25,000021.SZ,0.30253393388207933,-0.044133027173651376,0.6879483129344999,0.09407180484613202,-0.9530354639496323,0.030845485856996722,-0.4823611843966849,-0.16032164839635638,-0.04659012897741041,-1.4143596363642772
2024.01.25,000022.SZ,-1.5349586077117963,2.062574323457802,1.7874578010931643,0.8579166576570089,-0.026193368646251203,1.3026884379842933,-1.3930774833327757,-0.421478568070564,-1.7485191397352509,-0.5065585798909932
2024.01.25,000023.SZ,-0.5865586581522538,-0.26953632306893593,-0.8234206001528225,0.4822730773942035,-0.76779699460923,0.3474951550406172,0.2795789251801674,0.6082537353920363,0.9415049560561407,0.15264068114834028
2024.01.25,000024.SZ,0.024304844927683356,-0.018892305082194957,1.74992801783653,0.19369584118794367,-0.1521291439278698,-0.3240919853184267,-0.2611924026530146,-0.44885636153633496,-0.18003343886847445,0.5811496506141137
2024.01.25,000025.SZ,0.2814983272002101,-0.905296210935674,1.2303331182031276,0.12666742490630134,0.5554432045906179,0.010369072609462723,0.6711572456186886,-1.278337541401904,-0.8598692644089456,-0.07782561381406151
2024.01.25,600000.SH,2.0235403275556405,0.38870052354061935,0.08697781419167788,-0.8057319106368132,0.5941361865168803,-0.8472936515792863,-0.945368602774934,0.9635006117207566,0.0038305652973798627,-1.6938139916118913
2024.01.25,600001.SH,0.43876917787879643,-0.28401659147748426,-0.024472554124849586,-1.1634254930251495,-0.7191301689118151,0.3553676623155799,-0.011045391259276581,0.4321362339730204,-0.6385618770730677,1.0832817481902728
2024.01.25,600002.SH,0.32994020741661506,-0.07333472296394776,-0.44708435579671013,0.17383762101041253,0.1578927004955383,-0.6592261531333325,0.43892857988618483,0.5010593888131964,0.1067207247294456,0.4980391473423815
2024.01.25,600003.SH,-2.199711526446251,0.9276346449303287,-0.4384433548371137,2.4217811143698396,-1.9592550170589,-0.2973738144288134,1.114562202288851,-0.3946469586676396,0.11002349793463644,-0.9428079868249982
2024.01.25,600004.SH,-0.04916225838404228,1.2815534312528578,0.26492963745941367,2.6504679571674337,0.7936771815865915,0.44897238319633465,-0.5755233983171393,0.42468428799993746,-0.30375241538137243,-0.01828544139673535
2024.01.25,600005.SH,-1.499615567803037,0.0800921219857192,2.452835984266817,-2.3966526919094524,-0.5016217977684468,1.0786007667582977,0.1423543593411933,0.24595148811045905,0.1842700173491005,0.16429781558371287
2024.01.25,600006.SH,2.0392581534642527,-0.6320636573539181,-0.25755038218645715,0.7658551302364903,0.2535211162509317,0.08127159488345786,-0.04095088197659469,1.6722475389617664,-1.4593494524640471,-0.7336153082023568
2024.01.25,600007.SH,0.8257755457133746,-0.6056668173495267,-0.5272670066612871,-1.6494958762002552,-0.8666938203559873,2.3151109207570406,0.5955135394981095,0.2189675289701331,0.523995514173752,-0.5154893107691034
2024.01.25,600008.SH,0.8230337276837989,-0.014565554164556667,1.4729702174318062,1.1184001043428071,-0.2973571566246464,0.9216177965689017,-1.5871900397535812,0.2066051913343703,0.12418385955639294,0.2222962071909601
2024.01.25,600009.SH,0.12978182014349282,1.6416327296887616,0.4186500793282435,-1.1348533016346656,0.33291520534992314,0.5334261531790537,0.13944102092648505,-1.7198843878433583,1.6588723618338788,-0.7647495728310801
2024.01.25,600010.SH,-0.6951498242725972,-0.3745430513480359,0.9357291213730539,0.19514793313116519,0.38721710608494814,-1.0412502966170682,-0.4520760151141491,0.5118354585837489,0.6136000130385518,0.6760200156594202
2024.01.25,600011.SH,-0.12004321456717049,2.082462751756166,-0.9239527919947067,0.7388952219317182,0.5157451728844268,-0.20691327909474405,0.21360079733952414,-0.307807382205977,-2.03667840136905,0.34036276420618555
2024.01.25,600012.SH,-1.0277858353476226,-1.1966378119827021,-0.3852887865749234,-2.3709633595024737,-1.6328908187776394,0.14859855070727807,0.8783421165359192,-1.2093129713757735,1.9448618211345878,-0.4872023553154093
2024.01.25,600013.SH,0.9947675706758232,-0.14131802873551969,-0.2794436094017267,-1.285972191410037,-1.414387902808556,1.5580309839864679,-0.8090283275535304,-2.1099438986535706,-0.9575118879139362,-1.2680012642187377
2024.01.25,600014.SH,-0.7350623505150617,-0.6329790104768862,0.30834301684618143,-0.741335101676797,-0.7623392232264122,0.09959066102376188,-0.5403346419748518,1.5662771539761509,0.3080743097632063,0.5811253699308021
2024.01.25,600015.SH,0.5179350724029025,0.6999960160711427,0.7899537490921045,1.095074444022624,0.08797851797933748,-0.3425947268885215,0.017944542313730306,0.35555878740803165,1.6022383803832594,0.5491447341831255
2024.01.25,600016.SH,-1.1201168059184532,0.3671198871598943,-0.5122612014455673,2.342161458183652,-0.24432697768252387,-0.24273833371768602,1.5163589936642765,-1.1268073485046688,1.3449962063794603,-0.46816747861256475
2024.01.25,600017.SH,0.8904050561345406,-1.3818986333298489,-0.0667663922096558,1.026266458142222,1.1261029604954205,-0.18877947090436165,0.3598967202199112,0.11611419802185144,-0.7753329708392689,-0.8395791311572373
2024.01.25,600018.SH,0.8753521384919316,1.5513765674961735,1.521447707557008,0.8935974531734006,1.484355866482453,1.6590402072907402,-1.0950649814453968,-1.374192101986928,-1.718737886479353,0.5411454496897374
2024.01.25,600019.SH,0.07004354020886024,0.5543805593870809,-0.8688547170934271,-0.812620231989596,-0.35645873501801834,0.4403001315603651,-0.093804862974034,0.28211490370289344,-0.2394437946164281,-0.43859756635496727
2024.01.25,600020.SH,1.7790146285108435,0.010671185785615284,-0.5888815191741082,0.21562948101480664,-0.09002724867003067,0.5879059137066054,0.9906590976212236,2.0387083856720594,0.20000789140798653,1.4295865019257277
2024.01.25,600021.SH,0.2806618219265467,-0.5523415006435761,0.8764145714087945,0.5636090841744276,-1.1111751301816777,-3.1350308671392866,0.9018352369807334,-0.7347015348372381,-0.22057856271695783,0.38522558033567766
2024.01.25,600022.SH,-0.8291604881977435,0.9798962768483256,-1.4425068996021109,0.169674727385961,1.0114618989519137,0.8807759783610947,0.4653798067891817,-0.600564278617341,-0.5000617860253084,0.09756385974308385
2024.01.25,600023.SH,1.4072830649819605,2.5156286378553627,-0.7309005554954291,0.4501506353065855,-0.05436302196811062,-0.7668540550527172,0.33725497109895647,-0.1376275751489096,-0.09947233799484759,-0.42380000923777955
2024.01.25,600024.SH,-0.11328191149718439,0.5953294060809242,-1.3266479363249768,-0.07143704240681714,-0.5052767461554319,-0.026032024514933676,1.1117494225500497,-1.3798945521255863,-0.4897141945507116,-0.8282253893910761
2024.01.26,000001.SZ,-0.37437594185033113,-0.47942557767630395,-0.187192117707446,-1.6154178860423256,-0.4760047070838442,-1.7573459213753229,0.2114435411455379,0.7659974575896726,-0.2008640178836278,1.2451306731461687
2024.01.26,000002.SZ,1.099833387091967,0.1594656518228511,-0.051923764166047756,-0.8451342882449312,-0.9256175047534437,0.7823146961351471,0.28271193735535277,0.6679088973898705,1.4641735171338293,0.7199177597210895
2024.01.26,000003.SZ,0.9969379671114836,-0.6499299531183008,-0.27267369754876136,-2.1857492060100383,0.769818969972036,1.849080360289992,1.2630873548800519,-0.7632787479930382,0.061048029970689914,-0.17654741386759615
2024.01.26,000004.SZ,-1.3284000797148716,2.284053053274957,-0.2578486216414973,-1.0531892989756293,1.1600332098787136,0.8019782495315241,-1.1792992605097288,-0.19026041870195817,0.7470983236033345,0.11663210401950791
2024.01.26,000005.SZ,0.6682405538604361,-1.5060839470398621,0.016863194008936763,-1.4068881792078876,0.8482854730685477,-0.7432115232483056,0.4726460836470875,-0.48511605776902017,0.30733318161673556,-2.649317002169862
2024.01.26,000006.SZ,0.3589805006301604,-1.2869436873414943,0.16068894309642281,-0.48866049188269706,-0.03688481228795514,0.9982530562856797,1.0412585979941629,-1.2828978493741345,-0.3943942969850909,1.2086143477358549
2024.01.26,000007.SZ,2.0554671696535234,0.203601060154066,-1.1850255700801489,0.33100888151677554,0.027495792218251422,0.2527056613353725,0.25208291351555007,2.1645104157730444,1.54197223996471,0.8436698697409772
2024.01.26,000008.SZ,0.6829975765249362,0.005513682461920035,0.12881170031884756,-1.6941702038759465,0.8709537941006437,1.722662254919703,1.11046298155412,-1.0228945692325815,0.40159105564539244,1.1793116360626739
2024.01.26,000009.SZ,1.5674872461789895,1.6772288815213814,-0.8341077558820537,-0.26183224713385583,0.18273573920642458,-0.16228515104787822,-0.6328657471598911,0.08992379921930609,-1.6680281794821763,0.6103764938233343
2024.01.26,000010.SZ,-0.3565435313174886,-0.22983818349919816,-0.3918422660420343,-0.7370946333847384,-0.7860962291686051,1.549964156393365,-0.02351920547985086,-1.0094474573154344,0.15264608675646124,0.030876724600483067
2024.01.26,000011.SZ,0.3144759196630602,-1.3593672335151559,0.5703404932893626,0.00644522433748961,-0.9457774459820464,0.6417330226608288,1.2598243718242093,0.7840565734231368,0.5327374352138016,-0.6505316516203833
2024.01.26,000012.SZ,0.081882173503634,0.5842202782940447,0.29072624017658916,-0.008039104578340246,1.140510364103121,1.139535176572364,-1.1076110544181883,-0.8730607591976423,-1.1741611753212577,-0.3677932397547671
2024.01.26,000013.SZ,1.1299835396862095,0.053413831852477556,-1.4535542041509688,-0.6263870106302105,-1.9527984369366007,-0.20648104222370933,-1.3931910745802571,0.48552994720079906,0.4658776848693108,-0.2947307108716561
2024.01.26,000014.SZ,0.10833422286706254,0.2572519654920417,0.1015838725666876,1.349562823490556,-1.1680087703282238,1.0324247429950868,-1.2553977923252755,0.36170406480710343,-0.8313933706882694,-0.8735869100290922
2024.01.26,000015.SZ,1.1442048345826985,-0.02539882568995689,0.7163488041907168,-1.5264637753584325,-1.8346606163318486,0.07046118772165885,-0.9437640102793838,0.2701614346527627,-1.0022650272006257,-0.23535088929716755
2024.01.26,000016.SZ,0.38339471851528717,0.557353869912351,-0.8006327183577585,-0.767502233518108,0.583367495856272,0.3057364436518469,-0.5944399752003169,-0.6265901823249688,0.02162374583871644,0.9448672685144953
2024.01.26,000017.SZ,0.03386844045481611,1.451947661336586,0.6279274122552922,-1.086447233476087,1.9203706478378066,-0.38001524397526215,1.3628276016996848,0.17362795642727422,-0.7796367405595811,-1.3004917259983175
2024.01.26,000018.SZ,0.5934558822304217,-0.3478692274308567,0.0695885265045826,-1.5885170728730449,-0.5911184755578708,-0.4652716782273475,-0.4892678376555536,-0.44181043856707997,1.4239198231731882,-0.5672720893234551
2024.01.26,000019.SZ,-0.2882586700626462,-0.5130169577473539,0.2946867767593574,0.540069430459183,0.6277831345152262,0.8323879033191394,-0.9373748909822177,-0.32400667776809844,0.8781122639055835,-1.1331001274660073
2024.01.26,000020.SZ,0.5551983560689508,1.142489286480247,1.3687632658494087,1.2457194932889295,0.7259956941229636,3.005365968378451,0.2044304404144278,-0.8129626674444874,-0.004312803955107285,0.395042586295474
2024.01.26,000021.SZ,1.7235800358972457,-0.7354449991939295,-0.07519410237820934,0.02156320421198867,-1.3720336640020316,-0.6511427344585007,-0.3978683894673798,0.34905012911279576,-0.3861456098096847,1.101085413050085
2024.01.26,000022.SZ,0.4021403648394698,1.4546681918719293,0.7040188134350184,0.7346904779702632,-0.8263381813329843,1.106203742396978,-1.7482321384750203,1.4381417403316603,-0.04119987006112817,1.0644818093917165
2024.01.26,000023.SZ,1.4480382060578088,-0.2951103343560709,0.19983757232365587,0.04924970334968683,0.3074880689970251,-0.591417031420055,-0.03125006324486505,0.5659150677222498,-1.2449413382840673,0.5531308209636068
2024.01.26,000024.SZ,-0.34219922637410277,0.40765711618355954,-1.6258236173260796,0.24663127391928596,-0.3037109440569751,-1.9587465871170295,0.09216050998355976,-0.7620020478393758,-0.9985102164974559,1.0996079349692824
2024.01.26,000025.SZ,0.8451236885948846,0.11245197531573722,1.639242881695266,0.9002563126551524,0.19523085047663732,0.17479954599224162,-1.4358795426190827,0.5428019373305825,2.9751006166853413,-0.9578432415124113
2024.01.26,600000.SH,-0.36759776319352594,-0.9368078756667205,-1.2461412475522111,-0.4969307583028606,-0.44961381216377533,1.295861638150725,-0.11702511557513505,-1.0377883332013906,-0.7044980574485764,2.7164635210166703
2024.01.26,600001.SH,1.6096621940716531,0.17919337936838217,-0.4690046229694619,0.49999866966183765,1.0109740781357108,-1.3268067780972825,-1.3886967458521764,0.09473537835453047,0.6979573135507223,0.7729360260254708
2024.01.26,600002.SH,-0.22800323935667663,1.1618521452277952,0.3848254844883933,-0.12827393457284483,0.8655465305159684,0.6853241967469802,-0.4575459009347997,-0.8129540608558825,0.9503613812997466,-0.8535682719923228
2024.01.26,600003.SH,2.500443333566628,-0.15785767120011804,0.31304161437098477,-0.015496200107872168,-1.025075406258221,0.6810700561643226,-1.6218984010190127,-0.1719952015515252,-0.1962073322692767,-0.1885441536795022
2024.01.26,600004.SH,-1.3048130372396598,0.21834417265826778,0.09041947577872417,-0.3071145040020009,-0.6774856431175698,-0.0875061172562975,-0.6775598105674565,-0.6211457674834,-1.3521818630017537,-0.2989908133958953
2024.01.26,600005.SH,0.6176197439761573,-1.0025754583843622,0.5869347541250169,-1.5944623737903851,0.036681522079281687,-1.8088583624067727,0.37273095071858925,-0.3600450551952313,-2.3160151847100052,-0.5835099754048695
2024.01.26,600006.SH,-0.4888385214659471,-0.4243851494636483,-1.910185705265368,-0.3207599526185613,1.0608003818456464,0.2524507173483092,-1.1905717247392757,-0.29769085482498103,-0.11679006812851014,-1.0021585601144787
2024.01.26,600007.SH,0.6238305935662202,-1.5211777321596758,1.0494311077527059,1.298928098336269,-0.7468323629471745,0.16008947762556414,-0.7686198749197498,0.8960474874960109,-0.9766865165946992,1.052183412204228
2024.01.26,600008.SH,0.3318621943625052,-0.15707290208386043,0.18745937289258807,-0.15137112693606689,0.1066288615582435,0.06221161976773929,0.1446189385478514,-0.9238252020761872,-1.166790562073995,-1.5908278174683064
2024.01.26,600009.SH,-0.13451180028496829,-0.18558094026674837,-1.4980614473512506,-1.6130367272423118,-1.9315100473241578,-0.31886031099964635,0.4057795384138246,0.2251589988987225,1.1212334406644855,1.0867636553228242
2024.01.26,600010.SH,-0.1825252424424626,0.9930359980584537,0.515901290860367,-1.074621076118839,1.0983583349574642,0.40790353081279174,-2.4930886283276537,-0.24706754178591625,0.0777613030331733,-0.13352354721542886
2024.01.26,600011.SH,2.415201493405542,-0.9986626489546347,-2.3014412939333577,0.19786238345521645,-1.9345290161909334,0.41890579500798114,-0.9418057082678988,1.1958233147939987,-0.3382830738263938,-0.7645813448132137
2024.01.26,600012.SH,-0.8442269218868145,1.726636834720319,1.6957796006367987,0.11520251585948423,0.3549797467736203,-1.1278303953034865,-0.946987543184068,-2.1514918119725115,0.6097447687376486,-0.22987312353709088
2024.01.26,600013.SH,0.8847401207290747,1.3555702683565665,-0.10820392152199902,-0.44432114742764983,-0.11008166707209285,0.7751428044212668,-0.7672383950277495,-1.4472145020034608,0.5735971259070953,0.40857073971824454
2024.01.26,600014.SH,0.7744899221943162,0.7748375175367813,-0.2986354855550946,-0.8078029377769954,-0.3477550185465664,-0.7944783022351588,0.2615939112119114,-0.6500294566060746,-1.7767241932926634,0.7976430271602744
2024.01.26,600015.SH,-0.13669660480870302,-0.029713746080691314,0.23412441675925205,-1.2477340988173486,-0.4401840232116981,0.2866041021202924,-0.022657678514806517,-1.057169018010311,-0.06692929774831412,0.39681712978229633
2024.01.26,600016.SH,0.594845965484806,0.2832751245790531,-1.4143287243609508,-0.2472126070339398,-0.9518229263251637,0.33855812591634926,1.0209964804312965,-0.3086888934569848,-0.7996199536609999,0.698140927026437
2024.01.26,600017.SH,-1.2357831688901042,0.7742875784624633,0.0978931436225038,0.4947444081012515,-0.19400578198840804,0.8231453293996213,-1.4122199431297144,-0.24719194629835528,-0.0197516798236044,-0.1538188251128489
2024.01.26,600018.SH,-0.5059172083555835,1.39161907668828,-0.4310114512432457,0.3046888119877419,0.40081001659834387,0.06810037696219892,-1.592736028360827,0.01500459006216631,-0.5900533070832154,1.313211404853176
2024.01.26,600019.SH,0.014023597974693481,0.48119880029181916,0.45183021598712797,0.11325511342467796,-0.5108991040778286,-0.33485045977018657,-0.2626144674141792,-1.5375872305079719,-0.23774337616527988,1.1223618842542957
2024.01.26,600020.SH,1.099246515350062,-1.4621508349082666,0.6573455187231886,-0.4058350692590266,0.1573448426589556,-0.020689843079943548,0.3414072907218621,1.043464999218126,1.8968767379470113,-1.107432181044561
2024.01.26,600021.SH,-1.0973534720651787,-0.1931165744755122,-0.746986661626327,0.1345792424791295,1.54552457542132,1.1779509267418744,-1.8577008483564115,3.0471834561973177,0.48491317087893765,0.32474572872710433
2024.01.26,600022.SH,0.398013447578102,-1.1014232881388115,-0.1841519367397446,0.14735284334013793,0.9274686273493911,-0.15805814623321404,1.0105643403211377,-1.4199396596613119,-0.6172764695147357,0.9109325084155682
2024.01.26,600023.SH,-0.20121940732500107,0.533290518470977,0.09255559913241433,0.8157709069259798,0.36669458942695277,1.0050089203696768,-0.19176050081199822,-0.3085265402543824,-0.6586363551036313,1.3945037635304771
2024.01.26,600024.SH,1.7755167478990161,0.8307752618850921,-0.1632438328491576,0.2616480877343137,0.9566926508071818,-0.5543667475401404,0.4883508849438822,-0.41080391108656006,-0.36595532415810444,0.3775967223973625
2024.01.29,000001.SZ,-0.7809296944208852,0.5700204870531227,-1.3527482954737433,1.164232841867522,-0.9216813322392651,-0.35985684148416563,-0.72408532647816,-0.21587193487157458,0.014320662367514508,0.45345449796344106
2024.01.29,000002.SZ,-0.4327045203839106,-1.5348096375581473,-0.00033056568961482337,1.710741986306754,-0.9444485321786568,-0.4341813072485311,-0.36033938517851277,-0.10561635620907023,3.2924355981500097,-0.0047001159853042465
2024.01.29,000003.SZ,0.9056877359671185,0.43307611172283295,-1.4616520274010032,-0.7046396286561155,-1.4138646256231822,-0.2144301924363151,0.5268815547248884,1.5437154238240114,0.385699294527047,1.727058263224029
2024.01.29,000004.SZ,1.6721528730801418,-0.3471634120904955,1.5659140680041326,0.16085137432894053,0.8283922877125867,-0.19446006388900358,-0.9359322529359627,-0.6642871929451017,2.386864140224247,0.20357908417135778
2024.01.29,000005.SZ,-0.7400482753074934,-0.2198068734458689,1.1302289150643317,0.33145418973038027,-0.020494484692756644,-0.22043160282198365,0.022922898903776617,-0.41227825251829714,1.3213745877048721,1.5853465383541336
2024.01.29,000006.SZ,-0.5257398868076539,0.29906869736551145,-1.7888624438238736,0.8113391436440883,0.21716212550149128,1.0271864775943726,0.267302257101529,-0.9021992000147803,-1.6382344953258356,-0.2536920786277038
2024.01.29,000007.SZ,0.21985615751998316,0.01940209472195041,0.9716803432133465,0.22718434652395908,-0.6695930938157206,-0.11070987920040444,-0.3928178843437732,-1.5945376161006204,0.27024296582340596,-0.34927620920459457
2024.01.29,000008.SZ,-0.5026544936431823,-0.4418129489665027,0.22430864642969858,-0.6469064152282602,-0.6386844362524168,-1.186121972499509,2.278211994408338,-0.5713899650150158,0.48089055567521805,0.11013150050021525
2024.01.29,000009.SZ,0.473045315218449,-0.21232688289130502,0.03170727101905238,1.1681018967778312,-0.9737411582412686,-0.7899436385979224,0.731360502695037,-1.1204998355873135,0.19125271911640934,0.717491482688818
2024.01.29,000010.SZ,-1.1965542687546322,-1.1056809346194216,0.4055684025052976,-0.671305079499631,0.3183644612774832,1.235349163191291,-1.7568244391014334,0.698556187006175,-0.6902478913375132,-1.0556713014051948
2024.01.29,000011.SZ,-0.1881742853312585,0.7543635877942216,1.5700939737855049,1.4341120174336137,0.04671217463135738,0.9494941339343979,-0.31092238985591675,-0.9258473344815945,-0.5922087793863616,0.060232486424696655
2024.01.29,000012.SZ,-0.8097051578157806,-1.8909512253626477,0.7157508965911352,1.307878988151487,-1.811833933892758,1.083617013205602,0.4332651111614769,-0.007969867413934847,0.027021031246934498,-1.8171513511783983
2024.01.29,000013.SZ,-1.5277790531583464,0.48019750362554003,-0.7628448681908362,0.12651494933941007,0.7602480947180066,0.9628856380399696,-0.9024038458582014,-0.5842475342635604,-1.2151293179900122,0.674736772818005
2024.01.29,000014.SZ,0.03850262186538096,-0.021024923740922657,-0.4005080248353455,1.3275254064223452,-0.08369082879935816,0.8879448858131369,-0.1539555358963712,0.18388670748987007,-1.3279438450811083,-0.48008157445866007
2024.01.29,000015.SZ,-0.3834569912792703,0.15380395709106587,2.553829206922659,0.5317051433528278,-0.15611927672445,-0.5300259210087025,-1.9025630030442782,-1.479841767459575,0.8400140591508121,-1.1806738835759931
2024.01.29,000016.SZ,-0.2956128963766135,-0.38839494190353885,-0.3848934667580497,-0.07147467234962196,0.054678610762050696,1.7487184814042556,-0.5431744263716,-1.0666272605666034,-1.0539006059737133,-0.3004772083541772
2024.01.29,000017.SZ,0.790662879874677,-1.5460068773249214,0.14609883024200138,0.05255503035345847,-0.6036621569519807,0.5366194015774566,0.5556558764530134,-1.0238158896908616,-0.09691199247390803,-0.16928911451014256
2024.01.29,000018.SZ,1.0812124294416379,-0.5304362950023856,0.596239123868629,-1.749583069437453,1.0892057998866402,-0.21192087354608882,-0.7569308676010553,0.004725334921121144,-1.6244913292313599,0.7123456944110395
2024.01.29,000019.SZ,-1.5893370301789804,-0.9245229498787189,-1.2891393566984217,-1.282733876920701,1.4809616835002568,-0.7275144571946479,-0.9283558946323148,-1.3295380290587269,0.712220551410443,-1.135141010451933
2024.01.29,000020.SZ,-0.2516820554726847,0.9224706419008917,-0.9092768891175738,0.7059593264455319,0.1672751255279318,0.14823307394515695,-2.1548886147604596,0.2899016478101937,-1.1225871031035008,-0.3907909813308027
2024.01.29,000021.SZ,0.15741946801214382,-0.019182801193384544,-1.4334034462856258,-1.024939671121582,-0.919662996062023,1.4675341714446757,-0.3714685896866944,0.7506382098350666,1.0319265253077547,-0.7243100005432626
2024.01.29,000022.SZ,-0.8851514212864372,0.5986084134298502,-2.149474154796562,0.013072796257639617,0.47438818652316905,-0.10869583469569392,-1.5010438326986286,1.3335888711497816,-1.6060907111885545,-0.3338540835905465
2024.01.29,000023.SZ,-1.2593876867707354,-0.6130227457655468,-1.0126801480423386,0.2631960153843375,0.6801882145079706,-0.642151900751896,0.8254750296503007,-0.5623738130143714,-0.8568882050056221,-0.0872286728849372
2024.01.29,000024.SZ,-1.9313881038641507,-0.9260069871122446,1.8373199700292475,-0.9195907416082024,-3.5335902018716507,-0.30091616142290306,0.14968640632640035,0.23205157366464388,0.03815463445674442,0.5976292840992546
2024.01.29,000025.SZ,-0.9538667850122556,0.599673551345602,-0.5351737344545987,0.2450150172261243,-0.07855614538144993,-0.13551682600379122,-0.12750916704887,0.5913552767622358,0.13432358902569044,-0.315238296864934
2024.01.29,600000.SH,0.9963946753737168,-2.911569212761367,-0.7236466499751262,0.07388324325474617,1.321809039884747,-0.22643013467807513,-1.3228376102542498,0.05279144779318134,0.718738768041612,-0.9522463147757042
2024.01.29,600001.SH,-1.8509593616326396,-0.12195693935342845,0.20835095682909155,2.3158371114672263,-1.2069879750641697,-1.312899168397433,-2.6144747347810644,-1.2594818560788341,-1.3391475767715768,0.396232732677305
2024.01.29,600002.SH,-0.01797818293186878,-0.049264261503236324,0.464695411570202,0.9298954353693211,-0.280883512708191,-0.3455138937505172,-1.4461102064177465,-0.4267998391251715,-0.4996629613809278,-1.189354443118326
2024.01.29,600003.SH,-1.633876097982958,-1.5674565157660365,0.3020425273326542,0.24723837523656614,-1.463570571773221,0.3290573550957816,-0.8563044581309186,0.20454365162491892,1.165216923852831,2.2200255619259277
2024.01.29,600004.SH,1.0985690412398874,0.39124350941015196,-0.39519065781051826,-0.025198230201891682,-0.9852751064235572,0.5886309965623668,1.162539473905085,0.41361526960936595,-0.8352877524287555,0.2271858176266308
2024.01.29,600005.SH,-0.39826761066137983,-1.24398616138694,0.8693222289299918,0.7058104366518948,1.9440581264696617,0.4677925968020914,-0.6274470410771666,0.5514879739377604,0.6655656743751541,1.516146938693423
2024.01.29,600006.SH,0.5083084579789352,-0.2833200781539148,0.0077549438749142125,0.23069713619476792,0.0813715556662743,-0.03315786368793046,0.1386623965203828,1.056103783332684,1.9607772821193268,0.4267985320656813
2024.01.29,600007.SH,-1.431712820952507,-0.7723307941674915,0.8100752409521346,0.05812037286884845,-0.9015658027870641,0.5516284259448369,0.6144306619693309,-0.1914959348662199,-0.7450173410358416,1.0598666164475348
2024.01.29,600008.SH,-1.2138408221649075,0.893010233385525,-1.5628886128741566,0.5532779838002956,1.4946114709833886,0.5128172931769075,-1.114708832549403,-0.8295936515362344,-0.4265950533211121,-0.5816650015232878
2024.01.29,600009.SH,-0.21822865593269325,-0.1443497490741544,1.8841535547227273,1.541822544837631,1.177589411571305,1.2812233192863816,-0.4110385669555661,-0.05789109216407052,-0.01231689758561431,0.1657052391551027
2024.01.29,600010.SH,-3.2760084476392435,0.025962922807940964,-0.22452118787669728,3.5201322580497676,-0.9644164832768559,-1.8775352484551895,-0.887715091673724,-1.490407840293423,-0.8901576683785029,0.27705801102300087
2024.01.29,600011.SH,0.477615560677411,0.4078405348833032,0.8570917693828027,0.3622185181098913,-2.174081148625069,-0.4770694861390563,2.1564549295632225,0.3351694845212056,-1.1114792464297991,1.1631285393591093
2024.01.29,600012.SH,-0.5576770912357844,-0.7643766350856761,0.4370054747078613,0.41528252160901036,0.1264049301175677,1.2580625896861648,1.975119952079975,1.3729564388742688,-0.4478956270398431,1.5957527900695376
2024.01.29,600013.SH,-1.728786542048077,0.43781550925483953,-1.2300589181335884,2.2136989247707515,-0.8493636971488733,0.5992266157179275,0.16421413380687203,0.5717729611785399,0.6718087093152587,-0.2291476214151951
2024.01.29,600014.SH,-0.06259475382120347,1.7517663912952097,-0.9478416694661465,0.9513439771567782,0.9152444696906402,0.6690121462267807,2.312466364820695,-0.5171618996448114,1.2774960376603135,-0.4114823740016965
2024.01.29,600015.SH,-1.0443838654252866,0.6765709306526744,-0.14963169651568675,0.20759317521935297,0.6159764215003072,0.5394423900060891,-0.5072478223506132,2.4023361158237777,-0.2993721802987983,0.11970204465654645
2024.01.29,600016.SH,-2.3644656025463515,1.6181458944237304,0.6304860709529617,-0.453632932307982,1.7749475505784509,0.03521074115340664,-0.5025908651357165,1.008427275796461,2.492167830845967,0.5396510398324713
2024.01.29,600017.SH,-0.3179741378266871,0.9081928969217438,0.5750779460870513,1.5821895108970272,0.9689085543083451,0.8277575930446,-0.3628379553960307,-0.6116450981953913,-0.34013644559602557,0.33598780465988576
2024.01.29,600018.SH,-1.9119414152320997,0.7713335748509573,-0.9136218738473122,-0.7502433275310199,-0.9978763049362035,1.5558466244928932,-1.0023588946113264,0.5360412479932584,-0.29423658657435686,1.0139916566822251
2024.01.29,600019.SH,-1.3105568759172364,0.5464233628922301,-1.2862146847447142,1.1039302527340333,2.15928279037883,1.1343623580218753,1.3256659669095678,0.6481916315932266,0.12894185663404942,0.40001630815698147
2024.01.29,600020.SH,-0.9724218861305584,-0.6285254807776481,-0.29204008732264447,0.9902975783962225,2.5827698624706192,1.5887203228929072,0.26893288076142097,1.016053940523485,0.36026268468624284,-0.8506852891871822
2024.01.29,600021.SH,0.03810426623833488,-1.0943983493646163,-1.223616488989105,0.6650983561937178,-0.3747645284210473,0.39793290769717077,-0.6033711313150261,-0.6239905232793552,-0.2646756991112376,-0.37970846364057764
2024.01.29,600022.SH,-0.2936632965790257,-0.050477528556397214,-0.6098540567807252,-1.547443812926992,1.9244131639366289,-1.0692535236714062,-0.4272666598849686,-0.9357082945377895,-1.3048279905817286,1.7773672654570234
2024.01.29,600023.SH,-0.8296851547496009,-2.0708601834645717,0.1446048579369418,0.36473354264548435,-0.08312374731131064,1.7860104808307922,-0.24330069383510863,0.023370547223137347,1.2641763833147095,-0.2847166924178925
2024.01.29,600024.SH,-0.2676322838798936,0.44942240131246003,-1.5623180137612376,0.6542679157604334,1.0205518676020626,-1.613001967204892,0.9241929908543386,0.8230219431402719,-1.477595783144813,1.7658721279458822
2024.01.30,000001.SZ,-0.16390291408906402,0.9695595534768991,1.8309994170396617,1.0606421432679158,-1.1715219774652088,1.5056168240976913,-1.2537092490166137,1.506536205903038,-0.2830838053623372,-0.9938904422045495
2024.01.30,000002.SZ,1.2671341419188658,-0.3201884349146069,-0.8319577449397009,-0.025924428566201137,-0.5200533763385623,0.5724577473104282,0.18088736798501184,-0.12576810756023646,-0.33373257622542446,-1.1193433651757108
2024.01.30,000003.SZ,0.6664760786341539,-1.414091501348958,-0.6520207729050758,-0.11907107006891618,0.27321004835550905,-0.35784029194037253,-1.183519857992893,-0.4622514491423489,-0.11065700723315854,0.30428826497305367
2024.01.30,000004.SZ,1.2048880742008572,-0.8059189111242003,-0.8688144592524234,-0.2021598580721663,0.04667626049419182,0.3078322482721142,-1.992530568372824,1.6837560698349954,0.5404374968062595,0.2045982069026689
2024.01.30,000005.SZ,-0.26735769817639393,-1.8051262549829965,0.3703575761172319,-1.0524084066946917,0.47866717697807054,-0.35389936666797217,-0.1719631260786652,-1.1899530954229236,0.317169797932405,1.189112743282551
2024.01.30,000006.SZ,-0.24104309004629806,-0.3568476753387964,-0.3273208358263352,0.2742692539022688,0.6269765032822082,-1.216503803181259,0.7037419977698033,-0.24546917980470223,0.1208563293978284,1.2133215558005728
2024.01.30,000007.SZ,1.1822235657478009,-0.9996647921957793,0.048529913028139984,-2.096283400546162,0.05583649603753107,-0.9354906721799547,-0.8011871330467811,-0.3417000123488006,-0.09606774879478767,-2.2951781801995117
2024.01.30,000008.SZ,0.25285773658632615,0.14932729667877703,-0.5721561043566101,0.1953370274624038,-0.678466457924811,-0.6951986325163726,0.09636676374962588,-0.5064797575186901,1.137894933817109,0.5776809557544512
2024.01.30,000009.SZ,0.7588150690845678,-1.5831652861529781,-0.9462462815456546,-0.10687598916716834,1.02508100061042,-0.44050002357784085,-0.16909452349493675,0.16270056234897692,1.5426417941221202,-0.6042506887254699
2024.01.30,000010.SZ,0.6574283025278682,-0.6364183643371404,0.8273986063174703,0.11843084590650484,0.5310764642938901,-1.170808384378111,0.001969867601274564,-0.40400537343598925,1.1311146201792288,0.4079422453265261
2024.01.30,000011.SZ,0.5928033915612277,0.39065389412681323,0.9701981373322499,0.04242035417338495,0.9062878640593682,-1.0325428965402497,-0.6171471339465643,-0.42100793575060586,-0.22200567529983653,-1.296121804494673
2024.01.30,000012.SZ,1.1096499355965004,1.4265681212265768,2.4033075942745206,-0.5743826727432392,-0.12294255365010885,-1.4587426807842592,-2.757101837607253,-0.5982868244839951,-0.4728361532166178,0.8706604303520579
2024.01.30,000013.SZ,0.7245831948936929,0.22814437015338124,-0.542316824307389,-0.46240985191220274,-0.27621121440605334,0.23687861121177922,0.36456922622720406,0.45775736052284827,1.1201519508089848,-0.11903898782537721
2024.01.30,000014.SZ,-1.5297014410496204,0.16572497742430053,-0.33574555305486126,-0.8635060520040394,-0.3699088854451713,-0.8106838865878586,-0.4310721869235475,-0.9201848237905339,-1.2410623424797365,-0.9797556083978703
2024.01.30,000015.SZ,0.20083064703699216,-0.800331449071334,0.2962085011967887,-1.6686791656035445,-1.5462061342828415,0.8567039987830213,-0.4201155124928916,0.12476788119913221,-1.3659931548329756,0.26964356612988194
2024.01.30,000016.SZ,2.245808521543662,-0.5211560434154705,-1.0640748998054186,0.6174390631819413,1.6509031144286122,-0.934259199091569,0.9536488242688765,0.07832668638405718,1.0639394190594547,0.897009159749118
2024.01.30,000017.SZ,0.9359138562898374,0.020271515404955705,0.14514230755663052,-0.3501038577421762,0.34741757591270156,1.0604105938102788,-0.13489608855202176,-1.2179479995860245,0.09725725882840798,-0.13559649542747276
2024.01.30,000018.SZ,-1.4545036624659287,-1.6816177467617157,-1.7537311287593005,-0.3688156445184751,-1.5317487871938702,-0.28021852978787287,1.536787790970394,-1.071499772718899,0.18125710030034922,-0.7981813088572862
2024.01.30,000019.SZ,0.7338391638487212,-0.9775156802225151,0.6883627810587154,0.00803641915703997,0.24405898243723848,0.1226634925072869,0.2707107025941959,-0.7159980872635626,0.33101072945505366,-1.425370079141397
2024.01.30,000020.SZ,2.9126944595842716,-0.4734599635515703,0.899437007310212,-0.9909249188790523,-0.8249740504303865,-0.7587050327216214,-0.6607244166709833,1.244951878192965,-0.14658658130607666,1.5338941793824306
2024.01.30,000021.SZ,1.2879453142417816,0.625998316194637,1.5199966303663337,-0.37634766866461705,0.7303005780829964,-0.4469337846477394,-0.8500462347158261,-0.5162840752378711,-0.34894171763123605,-0.18183495630218502
2024.01.30,000022.SZ,0.633469262601404,0.6540855570709585,-0.6668966062153824,0.11234202369125806,0.6497920451854016,1.062832849901155,-0.45500069226008166,0.24536196188222492,0.9513189231543129,-1.4757358448412081
2024.01.30,000023.SZ,0.680626602839171,-1.6683988769436922,1.074862164556203,-0.5154369372578461,-0.7323912485657136,0.9554494239785593,0.3073052080123293,1.0137555187589393,-1.6900173005709005,-0.7788509121335215
2024.01.30,000024.SZ,-0.15162653844071997,-2.1114016028252247,-1.9981420085250352,-0.1830346150568501,0.1775399815226837,-1.9159278341020745,0.02879554365229678,-0.5923151981578986,-0.983207447567562,-0.13162543741482133
2024.01.30,000025.SZ,1.7453370540258883,0.15902155049757785,-0.2907172221591772,-1.0741273063333199,-1.0443192294151804,-0.9537965667253405,0.29040458015009835,-0.3255060724353274,0.6757355133059825,1.0272547433717436
2024.01.30,600000.SH,1.3107572906378475,-0.9732277660991306,-0.24739187597638293,-0.1824316970795656,-0.6503570306506942,-1.043457420125739,-1.1871309703836113,0.7247135340104466,-0.5179947241873278,-0.2694647691521096
2024.01.30,600001.SH,0.5197927777419268,-1.584937900554274,1.1522185162874061,-0.7131861502874564,2.967064996645809,0.17339458534600447,0.2610894804817941,-0.9711732746656209,-0.7898490590632967,1.3148031905093238
2024.01.30,600002.SH,-0.041263620407963955,-0.10760221842044748,0.9161251877691994,-0.41282822565131566,-0.06478226028993815,-0.8571055406867455,-0.2673803360839085,0.10320788358648986,-1.0851960253936341,0.4123016771240239
2024.01.30,600003.SH,-0.2193705452808736,1.2529203883846864,-0.5484021515064464,1.0355823247549507,0.8554260555195278,-0.8284507855220368,-1.3969974210575897,0.06315957772755647,0.3058663282784329,-0.9972815927537667
2024.01.30,600004.SH,1.9298830426192775,0.5251253312152556,0.4163899749511588,-0.2569891763491858,-2.1695236538217233,0.38744012168931585,0.5002781612635168,-0.10034970305334845,0.9292893794725968,1.7605068766931253
2024.01.30,600005.SH,1.353733668284826,-1.3721807137663655,0.6986345499428717,0.9938510631105087,0.3693072884845279,-0.6390263198646157,-0.8951834942307546,1.3366441965894305,-0.8289636406716803,0.448228046564767
2024.01.30,600006.SH,1.1972578082249492,0.9794012218328555,-0.5006372355077484,-1.011779733860237,1.242379924049091,-0.14821812476597127,0.14946249939076128,0.04359432249837985,-1.050585541228629,-0.2633337762837139
2024.01.30,600007.SH,-1.2244438367783737,0.1501369044414342,-0.2858186015926394,-0.24685983679437132,1.279150561425806,1.2175064176928507,-0.9495073723428876,0.6486225407509386,1.102171642057272,1.128141236078038
2024.01.30,600008.SH,0.47895502551046637,0.03116495831423057,-1.002591991023748,-0.5917758115464383,1.4761381224872816,-0.4505281951293983,-1.142836838425569,0.1143641266128495,0.3418641104873445,1.0547282342003923
2024.01.30,600009.SH,1.4354044845374736,-0.04225690228302362,2.302241616863791,2.299193636205251,1.1430063082231252,-0.05944887679285108,-1.1854710305538514,-0.5032631564955364,-0.4673085262286468,-0.10085418545468469
2024.01.30,600010.SH,0.40893146598798275,1.2682959975523167,-0.12118484411081341,-0.4850437442124775,0.8086606131544473,-0.44410100677119224,1.677860759819332,-0.662385166945466,2.1573992021560344,0.3524533706486071
2024.01.30,600011.SH,-1.354016692487782,-0.25198208488816143,-0.3316301443731387,0.40259625095777274,1.8603618917432752,2.5091093972592016,-0.43826501042509686,1.5259743824108223,-0.25054687660810576,0.5845969504058128
2024.01.30,600012.SH,-1.0045167070169936,0.5745171415221637,-0.8245834415392491,1.5734784504586088,-3.144168277858458,-0.49931600124541825,0.8972608397172439,0.34192081679542147,0.10758318866703863,-0.5639578287637523
2024.01.30,600013.SH,0.05966518762317023,2.570244147727012,1.6910617232008434,0.6342509745314157,0.24342443884360496,0.9852839316050561,-0.06747435544873631,-0.9375743355062883,-0.5841435035779865,-0.014307307254562765
2024.01.30,600014.SH,0.4382728200299955,-0.03731552331353005,-0.433400512629272,-1.0567425434017985,-0.11390163178780181,0.48622416531106677,0.023989883067016268,1.1207554233017347,-1.0200344881823544,0.5911949782353568
2024.01.30,600015.SH,-0.7098532186978076,-1.2933039671695,-0.868304168871149,-0.5779702867434435,-0.43856876309869375,-1.0868196014838698,-0.2447204339600276,-0.9344399438796906,1.8793000115922132,1.9098390989260001
2024.01.30,600016.SH,-0.03905171536678598,0.9377172977408724,-1.0855709037201722,-0.38030220121018704,-1.0038680735332595,1.7034823673650696,0.8073778500909885,0.8134494665193087,-0.488611812382848,2.055679176637218
2024.01.30,600017.SH,-0.6729947106281914,-0.27898247671541854,-0.026672586790655126,-1.4026748730702627,0.1494396296466024,-0.6214893714491635,0.4264957011535062,-1.622105593183872,-1.0982428427925195,1.8649628119948751
2024.01.30,600018.SH,-1.0659375692318662,0.30906668595270065,0.42201080258962587,2.8144687296274378,-1.1713066338867126,-2.09550942315678,-0.9901271830401993,-1.4577804007834898,0.2539259874985829,2.1943548873845082
2024.01.30,600019.SH,3.2841040430380826,-0.3789879371012743,0.08573200340422736,-1.318858353847031,0.5491136292676926,0.10972735408574368,-0.3248761795293493,-1.0080864650986356,0.14803097194478934,2.203259168594486
2024.01.30,600020.SH,0.8017787857945387,-0.023668863239606767,-0.34503940505010633,-0.053657320347526974,0.22947465785707083,0.7002684016682575,-0.5157800206668918,-0.6970526492027332,1.0341735689521572,0.6610032389004041
2024.01.30,600021.SH,2.3308287125652716,-0.7861720358190027,0.36631291242831876,0.1674084648764789,0.8538135357786584,0.8368116834445963,-0.28005156414832394,-1.0245196601963567,-1.4172134030704944,0.022379704949259994
2024.01.30,600022.SH,0.9871977484470174,-0.8933360457707884,-0.5712358511488582,-1.9792290043792715,0.6512564032833629,-2.216930558859682,-2.0243623672543816,0.7892530690578003,-0.18423819794889326,-0.34624788405555257
2024.01.30,600023.SH,0.7392882335359637,-1.0847958028136422,0.3156844056219816,0.5511592082982042,-0.6341879768742248,0.07604792712888582,-2.6354206550407424,0.4816626037467248,-0.3743725692815192,0.11074505233040863
2024.01.30,600024.SH,1.5688844458358002,0.7880216908778298,0.8341710487674607,-0.24487809199444158,-0.7125849207780232,0.15034430615535102,0.7063659791241099,0.609350466065715,0.13534994724756966,1.9955920476554871
2024.01.31,000001.SZ,0.21024191506131917,0.20109127878738925,0.08542250995926332,2.038882489397025,0.22703524299957642,-0.06128929149284842,1.130535527149128,0.6177825790489884,0.5621322112286872,1.1855169721603125
2024.01.31,000002.SZ,1.2333830746267032,-0.2225773612881259,0.4489289302472028,0.32336077378334416,0.5904170249403812,-1.9162082715125968,0.0188997532866398,2.1112239597197693,0.7014090113738752,0.881753563324371
2024.01.31,000003.SZ,-0.0710918259504151,0.6980791577586789,0.49992311431005265,3.324340466468903,-0.31307429735408815,-0.3250744761815034,1.3079523950273084,-0.5857746222937518,0.5560433281569352,-0.6480419109680218
2024.01.31,000004.SZ,0.7249119849621202,0.948505001525013,-0.11144228573690418,-0.19038845294974235,-1.1573207240066619,-0.7370809744921523,1.0554537029516031,-0.9697997546341678,0.8362676242985451,-1.7492737591598313
2024.01.31,000005.SZ,0.6225833145821784,-2.3471869414146695,-1.5406403087422071,-0.5407732225535152,0.7229384274324826,-0.12757694338328038,-0.0942880421142609,0.6023304167907438,-0.520877296686512,-2.218523567839302
2024.01.31,000006.SZ,0.13476263562610644,0.5584213301544387,-2.1208956755978576,-0.05763085562704985,-0.7753808960880092,0.8338865353159207,-0.47261734502431857,2.1964830328599696,0.7123713508536004,0.056354648950002174
2024.01.31,000007.SZ,0.11055922491613708,-0.9807970983664108,0.8937132206199293,-0.4845351584950247,0.5737044535883483,-0.8863264406607642,-0.5971337955411742,-0.38574253118928187,-0.6515150869266101,-0.13935394650618924
2024.01.31,000008.SZ,0.9168148522308547,1.7989793538778436,1.2606579315917168,1.2899289812567893,-0.45011006470049214,0.5616298391884288,-0.7280558041559865,-0.8232842785676601,-0.09489666711852163,-0.4685420830124116
2024.01.31,000009.SZ,-0.900676510655993,-0.38658182971835237,0.18292281454343323,-2.0705526579614935,-1.133152146260602,-1.8416277539047332,0.2650150076790243,-0.7881724902036121,-0.5167424161712562,-0.9411976843090009
2024.01.31,000010.SZ,0.7749351458379633,-0.5358570123600127,1.5387681690563946,-0.8885042518074129,-1.3776784750242235,-0.4618897601227298,0.8263925363984078,-0.09776863086428447,0.4728053465862048,0.18577424055372738
2024.01.31,000011.SZ,0.7553606953346649,0.4447936335888897,1.0971036347733218,0.806783722296831,-0.5210984533295161,0.15979457707427702,1.8811044648959576,1.347064984629152,-0.06427016415359353,0.25562876760935077
2024.01.31,000012.SZ,-0.6160707237001083,2.3300734831808447,0.22908391467211908,0.4824556431120351,-0.5451485673659147,0.7604129889632851,0.8273682322339423,1.519425998468405,0.4371330945288067,0.2544720697936604
2024.01.31,000013.SZ,-0.845695312826209,0.10509524167472137,-0.0446971531799359,0.4396300579223776,0.09507538840856429,0.23909894067167764,0.48888305380544084,-0.5700497504304266,0.598377973661427,0.6318177309401368
2024.01.31,000014.SZ,0.3989082158892382,0.07398754791385474,0.8282436203745268,-0.788678775280866,2.742014907842042,-0.31169409270623827,-1.5214223364369028,0.4254332268811806,0.49513513660129244,0.10618680757600867
2024.01.31,000015.SZ,0.29357009938734846,0.7269892303383007,-1.8668994891771555,-0.9560621984603493,-1.8629221538229277,0.9806295289523612,0.1687425830370717,0.0643976610806455,1.0139405897453821,-0.655128653945608
2024.01.31,000016.SZ,-0.09370276080032144,-0.5685985847004646,-1.3663236371556513,0.8002397398954122,0.5710885628311979,0.5636162099259028,0.2841983626000376,-0.5090053571120345,-1.3809331824228444,0.8855704485917553
2024.01.31,000017.SZ,-1.5423782195906937,0.9868576793228894,0.7427649393229632,-0.9766481456592686,1.8335706225117838,-0.41075625128693466,1.126903415960551,2.6411773603766697,0.13337207835061318,-0.22224994080121846
2024.01.31,000018.SZ,0.4651056124034178,1.144944475553622,-0.8147635234123645,0.7101472829094764,-1.7604814227362506,0.8576439178135147,-0.28378770825444033,-0.435899773201971,0.910679238794407,-0.291055643030479
2024.01.31,000019.SZ,-1.1452399453359443,0.4533099675941673,1.0347846472219118,-1.4760904157597121,-0.21633336713838985,-0.5403842172548551,0.5305203500014078,0.39141441189037474,-1.5158690354675073,-1.405714550433452
2024.01.31,000020.SZ,-0.21066340699249278,-1.0020966974708063,0.06991371208906498,-2.0307035018480915,-0.8695599916548223,-1.082282520720136,-0.45766633909108845,2.2676165836971025,-1.8857620529675798,-0.5062394042750212
2024.01.31,000021.SZ,0.7915949111344665,1.2025207820061325,0.09306559293637424,0.9813667075310326,0.6259838841410916,-1.600867024612373,1.1255110735990426,0.09426638798332025,-0.6528294044079592,0.5372396209828446
2024.01.31,000022.SZ,0.3652662247471797,0.6143443948050719,-1.0387823082613976,-0.21911252390538244,-1.103498381016688,-0.1478539910271115,-0.037743375683630884,-1.074654346622341,0.07334746679792131,-0.9258394230539975
2024.01.31,000023.SZ,0.3925455177481664,-0.6832559470687255,-0.7551880187963388,-0.4797179530092076,0.4414436633973324,1.3562330912539464,-0.4346479660493295,0.003695837068913091,-1.0067910748938453,-0.26373619042790863
2024.01.31,000024.SZ,0.33364652527909905,1.8967990177398082,0.5362767909882574,0.43886079221275137,1.8453158179780627,0.40637289281676886,0.27070245678492605,-1.5916337152828266,2.173364200760582,0.9694616830529059
2024.01.31,000025.SZ,-2.703764392030136,0.6118687699662694,-1.1262430751046426,0.11499120052253917,1.1797855613177421,-0.9024106666826347,-1.7526686036887411,-0.8014639343366254,-0.7657896779384961,0.9649202707739638
2024.01.31,600000.SH,-2.0452976744357136,-0.7783538465579667,0.15438999748139612,0.6019464953834623,0.8966252997564403,1.1790774499892214,0.3241219968615534,1.1120766344223876,-1.1315597355641667,1.0473318306924104
2024.01.31,600001.SH,2.950802256245155,2.0885946786357232,0.6132277564279989,-0.5344677209358009,0.8042381320216191,0.5199946430168574,-1.0852824304516784,-0.25921685704930875,0.8209738283476509,0.41361451649209724
2024.01.31,600002.SH,-1.4763515075591316,-1.0719085990546255,-1.5102017361164088,-2.4017973612243297,1.9293517270141134,-0.9822536054351324,0.12730345493315431,0.9542016825067521,-0.6083867521950154,-1.6461847039185207
2024.01.31,600003.SH,-0.33462954008897045,0.5423259571797512,-0.3472204406919658,0.7232680532567602,1.5419267993716481,-1.3068163279024692,0.5521967400561243,0.2595107163279472,-0.7087986354468142,-0.11690470078861899
2024.01.31,600004.SH,-0.38476269985569944,-0.7882971508383563,-0.11257923391632761,2.0228442079693116,0.23329091831161292,-0.41482910563721637,2.434938667696957,1.9110296850053374,-1.3027976393794887,-0.4399465258208817
2024.01.31,600005.SH,-1.1680388825209633,-0.3870971577747496,0.705043807532758,-0.9008582266102291,2.256689417338315,1.997090072497644,0.03705674905274587,-0.6045135008360122,1.8000350284098527,-1.2844788347388854
2024.01.31,600006.SH,0.3497560989777446,1.7984488098171134,1.2527439547196277,0.8380073400918117,-0.5710118582965327,-0.1876259717766049,-1.3553083835088875,0.5385006778861015,-0.6191299383819326,-0.29315614493602454
2024.01.31,600007.SH,-0.7270875674596775,-0.053776763099488624,0.0825106057448297,0.9555719010072439,-0.8043044349122405,0.004052848480894709,0.39809607005354264,-0.2533368835096177,0.24979801963236808,-0.28834481527640243
2024.01.31,600008.SH,-0.32570202119463015,-2.3457836352241297,-1.0942635493124104,2.5887162109930917,1.4329560156904029,0.16404327494049623,-0.1387466188245608,-0.2658169455732831,-0.8981308610266799,-1.0002087760005862
2024.01.31,600009.SH,1.960738224546328,-0.3998734749448939,0.31674679694611557,-0.4682683795384528,-0.4923486733597362,-2.0542852860622913,0.2965285896611069,0.4657637484295266,-0.06726014466144568,-0.20892004519333102
2024.01.31,600010.SH,-0.9483043596168453,-0.07320405961814633,-1.7757885314239086,0.0673223708494642,1.3368567846342758,0.2629920250846503,-1.5673418240214603,-0.7963114604942659,0.023086693294646833,-1.630912216758236
2024.01.31,600011.SH,1.294372455274981,0.04505500768503788,1.3013518461365998,0.2532563561465129,1.1764956652079084,-0.22346655873212762,-1.4318924482848014,0.15375066971066376,0.010366665501052101,0.4202344176138143
2024.01.31,600012.SH,-1.9486338707477504,-0.16343090475710628,-1.5151187274544227,0.887976189932615,-0.37276666794112273,0.19356125301103086,0.8246729911217648,1.0448208010825353,1.072429906369127,0.2155898382063368
2024.01.31,600013.SH,1.085901260644102,0.7686402396568314,0.5719423990073265,-1.3874513194797864,-0.8076207952409461,0.7845644185020927,0.1470459953844292,1.190706399729284,2.079792753140173,1.8235614586699451
2024.01.31,600014.SH,0.2836467104000581,-0.040708312487890544,1.037109204807638,0.8452906836403927,-1.4778545566667498,-0.7294712448124078,0.4206642476307709,-0.05657831931264332,0.2665355474281864,1.62865840376205
2024.01.31,600015.SH,-0.344086444019781,0.21317366060235038,-1.9827276268376766,1.1074331302214608,0.40039967742040095,0.6961347143770865,-0.03911068503820501,0.9218902620771642,-0.24929651549164925,0.00659642580968555
2024.01.31,600016.SH,-1.0123313745766347,0.20039719093629318,-0.5998118910228336,0.3001945981604868,1.5141681331237968,0.06502109535326575,-2.3986701234826033,-0.20957423429253447,0.5912813540081843,0.860455086474121
2024.01.31,600017.SH,-1.7308565972621965,-0.5212661325735873,0.18275030121676494,-0.2806150383465685,-0.12865907297801588,-0.2580001175100852,-0.3435189779244821,0.37425273473086895,0.8014310524536444,-0.2709826120706594
2024.01.31,600018.SH,-0.07141306628809455,-0.24599476542418167,-0.5953672034272475,1.0397815381358102,-0.652345264856494,-0.8324716293900032,1.6139744651451302,2.562786138901262,-0.7732334422720011,2.0920036318337276
2024.01.31,600019.SH,-0.12188178450938864,0.724121235402679,-1.7547422181017704,0.4669667582419871,-0.16569097750681935,0.18882930237067264,0.5209557771624185,0.6212492968236725,0.3509612059664119,-0.0745125080862769
2024.01.31,600020.SH,-0.6976050228319327,0.5745760095223359,-0.46033692719407676,2.327512257147056,-0.2260010621183515,0.559780523030391,-1.1112690504966758,0.04516191951016695,0.8090659159981072,0.4328726264124164
2024.01.31,600021.SH,-0.20687370724789392,0.28573656890675747,-2.2026240403400084,-0.6973084643933284,-0.5754750040741385,1.6311419793209971,-1.7231385188102144,-1.3665072032858585,0.9021562272324246,0.7965708777080918
2024.01.31,600022.SH,0.5996808946640408,0.7617266588351257,0.5621253519571605,-0.10396080529600704,0.4781507124131413,-1.9280739177270192,-0.3326329518800749,0.2775265253527475,-1.745849720371262,0.5337710917505957
2024.01.31,600023.SH,-1.4229074517762872,-0.6757249843199907,-2.646666873110474,2.2874207103603723,1.082431220948751,0.19407756520881864,-0.07887116622315221,0.1255189464110906,-0.10247519773275497,0.7295534404120889
2024.01.31,600024.SH,1.581532962313266,0.6417805808275072,-1.4291598592810515,0.434993990873697,1.417245894901904,1.2062842879380609,-0.8739886997237539,0.006153332441347874,0.03572235678868604,0.3815228453818157
2024.02.01,000001.SZ,-1.9090363504998982,-0.21911742252755584,0.9739095588230847,-0.4936909407255292,0.8547632791624001,0.5729834311151502,0.18522892385023182,-1.0446207027118757,-0.5416465338846493,0.8898208184994033
2024.02.01,000002.SZ,-0.6489626261009113,-1.0003836020434782,-0.7910532883372929,-0.9836485678195189,0.5609675098420166,-0.7928259295964832,1.8415187646116509,-1.9191369374292457,-0.183942298648443,-1.1015614487807386
2024.02.01,000003.SZ,-1.7806108409008625,-0.7296442112694254,0.08431402658169336,-1.042405625173773,-0.6788773032394037,0.9242259413883683,-2.315489646566162,-1.0991288423734118,-0.6234532705109336,-0.6592845936961366
2024.02.01,000004.SZ,-2.5345082237141323,0.2869968055658905,1.40392758343366,-0.7918021271286078,-0.3407866213371793,0.6135157149438315,2.527393712398197,0.008264709896327063,1.0485677549637742,0.6952729007477331
2024.02.01,000005.SZ,-0.8105546491110962,0.687777607744127,-0.5724930388513915,2.2847316808124996,-1.858519934003379,-0.050592135560432246,-0.30852494992204726,0.48304073044053075,0.06258516885676646,-0.34791071169900173
2024.02.01,000006.SZ,1.4648128784919165,0.4089515016506457,0.07563048967809667,-0.44462282001514575,-0.8047922224955607,-0.5521758597875233,0.3843274348634714,-0.45015117414700245,0.6927221669517922,-0.38163869409139856
2024.02.01,000007.SZ,-1.8290757934549933,-0.07738443650780631,0.48279456549290717,-0.07742225899330982,-1.7961504560240311,2.3390421574505402,-0.4861156766700302,-0.3543295038068125,2.134331011291358,0.1458612303084059
2024.02.01,000008.SZ,-2.537483064343887,0.7093829761587882,2.300225579112527,1.4654354132696357,-0.9264163408059763,-0.41962731754021976,-0.8218036855699891,1.0415355173542296,-0.32851466437693716,0.210499551269144
2024.02.01,000009.SZ,-1.6616161214370375,0.11233283324393237,1.092239723046424,0.8253655275889547,2.271995981621785,-1.0091776407748594,-2.1164912588557208,-0.296491527438509,-0.972960820290399,-1.022366639804991
2024.02.01,000010.SZ,1.397881486735281,-0.28231209151213055,0.5505801393065942,-1.4356020255837476,-1.150567524386928,-0.1827035353922433,0.3339920272286471,-1.0189291089202497,0.9870494865927842,0.16253455285200016
2024.02.01,000011.SZ,0.7241107672989068,1.1425038327236772,0.9768726374707434,1.6652360898833396,0.810371933511929,0.5830057484897248,0.09635816909710877,0.45652268475209157,0.7561362568766643,-1.6167395475234092
2024.02.01,000012.SZ,0.05799629866699666,-1.35821078503434,-0.3527881532207077,-0.7096568067888898,-1.920665392343073,0.9330772107373951,-1.6628269240414362,1.248813810546044,0.9100675222802054,1.0586493847022664
2024.02.01,000013.SZ,-1.191808765577831,-1.6175096470528287,-0.17355926913288705,0.5212232667721738,-1.4263125842162785,2.2459386437452262,0.3432884851703111,-1.7446604241873505,1.164169663398782,-1.301705524524856
2024.02.01,000014.SZ,-0.36800833026657426,1.2570036610851938,-0.4248877420205409,0.41217555425569685,-0.5677271579422857,0.5237271105560389,-0.33690319901762134,-0.03196058799819043,0.1356609932241785,0.5437971621135477
2024.02.01,000015.SZ,0.7846375767799828,-1.8414664311504838,-0.7096422506880035,-0.7758669911903598,0.865342119151205,-1.5897996349217511,-0.36081232913148886,-0.74129533151538,-1.0334036494578078,-1.1620016208418122
2024.02.01,000016.SZ,0.6550253361981156,-0.5428498264730216,-0.1174535195552848,1.443978794232216,-0.05552902851107939,0.001749930935071047,-1.0407660269524583,-0.024509196050564928,0.13398798859905095,-1.3724517090680923
2024.02.01,000017.SZ,0.9491068401690591,0.28631135469180014,-0.010055428921906112,-0.6107369668245399,0.6396389093289454,-1.0302542216402246,0.19796165545669298,-1.751173143211292,-0.38761814498288444,0.03881790756519759
2024.02.01,000018.SZ,0.05442769306751599,1.321261519540292,0.8606672214364463,-0.60161905094044,1.8132673646896857,0.8413165175536286,0.5106470637292307,-0.2858313469294966,-0.8415365644540829,-1.1782586913011501
2024.02.01,000019.SZ,0.47475852600655055,1.2993642014200073,0.8805642838760895,-0.38599166711478816,-0.5429621498152821,-0.31111471764531357,-1.7218815836311372,-0.7130964255844242,1.9699655469818136,1.080680654529921
2024.02.01,000020.SZ,0.42625554221375556,0.5722510461101371,-1.679266894265097,-0.16163383523312153,-1.0925038110850582,-0.7935590298484327,-0.9490758032831703,0.41917040430300456,1.034648395042094,-0.5844502198653194
2024.02.01,000021.SZ,-1.2801258218121816,0.11286751008023953,1.141769930918254,0.6417469341455662,-1.0890427246811467,-0.48835250163737676,0.23626809901362095,1.6219433269396764,1.0225825322872948,-0.8136373124611515
2024.02.01,000022.SZ,-1.2985174340714811,-0.04834104951563187,1.2699555180581545,0.7975152164621762,0.7116634326249309,0.8371911769865186,-0.8278286799138015,-1.2968961499804497,-0.4957201041694611,-0.9152073359677687
2024.02.01,000023.SZ,-0.33412389135121084,0.7914643107251753,1.6512966848411157,1.0812589490499558,-0.6678317753211156,-0.2430201543573246,-0.5411913855791645,-0.5899215973672324,-0.7609608301632624,0.3823285477575399
2024.02.01,000024.SZ,0.6423508784364836,0.89845947742691,0.28188900167868053,0.48562225008201737,0.2145387305280141,0.18217067940413945,0.29300569883321714,-2.1826737957715796,-0.7510713827597063,0.7298027892130613
2024.02.01,000025.SZ,0.8585144866387742,0.5713353741635832,-1.3297741633340814,-1.173176221678952,-0.0716992766693496,-0.36562376060133467,-1.481122956591518,-0.6785901081962729,0.08861834879803486,0.3768899478914573
2024.02.01,600000.SH,0.4646260491589626,1.1781553345665146,-0.6000957893688726,0.44674840125999704,0.19284202023156372,0.7370568102750835,-1.7534155862555685,-0.8001112438236444,0.8060059354022497,-1.393022620276118
2024.02.01,600001.SH,-1.0891217713747936,-0.13964504370551467,-0.8667009495967242,-1.005603104094572,-0.6025757905922726,-0.1988189356721846,-0.06296186350301103,-2.068792911735425,1.3025339147494688,-0.8769030075216548
2024.02.01,600002.SH,-0.5899872472400323,0.3242120129383927,-0.983628355902121,0.8512940381251829,-0.10630012986378341,-1.2084512529266487,-0.6607705674592407,-2.0518615007047014,0.05754163930825561,-0.8064504316650367
2024.02.01,600003.SH,-0.1409868503254095,0.6022934399905568,-1.2791157769355395,-0.16985932907480547,1.1888963939140345,1.0495693488060924,0.051295283262265456,-0.28464877498521685,-0.4736868712960425,-0.2988393208882054
2024.02.01,600004.SH,-1.7616147562959323,0.44644696388894284,1.3118090928648056,-2.3708471051132594,1.2342422786916791,-1.1614095365434092,1.2658753068207795,0.5152776335155244,0.2967092592890444,-2.494842845370875
2024.02.01,600005.SH,-0.17105027703207096,-0.3171205440418366,1.7661374407580435,1.0223209917959137,0.35012405000850766,0.3602337441623576,0.7360536871202968,-0.15557983855420215,0.6671265792032486,-2.0443834229302595
2024.02.01,600006.SH,-1.1826292291884517,1.2822990947821096,0.2073275443906354,0.10372699570503008,-0.6040529933050484,1.931241594878431,0.2284063562992905,-0.06963565292440053,-1.9864597292145723,-0.3731530610705407
2024.02.01,600007.SH,0.2695820229731915,0.25167331857446323,-0.33220663926859567,1.0218740224352558,-0.15325970613933057,-1.0971994686485025,1.5682552088101964,0.2952686455711192,-0.34444876207258096,0.2606189338026232
2024.02.01,600008.SH,0.583113866503378,-0.39206317322529743,0.14803726797590855,-0.5919583912636062,-0.8254167915063482,0.8453685894879492,-0.4080488354307003,0.4837772465634477,0.6878288836672833,0.1433430355909529
2024.02.01,600009.SH,2.103948755547375,-2.3079351582641108,-0.16954192291999226,-0.16001005033844937,-0.02194761870094735,-0.60572989591907,0.3627016356779809,-0.0713177699747298,-1.1166523832859498,-0.06923819597583744
2024.02.01,600010.SH,1.1118709760767356,1.3959064033707775,1.8338269534771832,-0.07615057211614573,0.7627914983638661,0.10545620190479181,-1.3862006667148359,-0.7365462294318568,0.33716489434945796,0.5724164716216428
2024.02.01,600011.SH,0.7732992767553611,-0.24738992023696993,1.1095282701933398,0.3925955857930868,-0.1590350195256103,0.7051133872774888,-0.23969415896101534,0.4836995519503086,1.6166031193283243,-1.0130568941937435
2024.02.01,600012.SH,-0.5568019158122687,0.18548064638962578,0.4124277452117739,-0.9285723694913816,-1.566310246028554,0.4538169336906817,-0.6249621756501923,-0.6261773918331718,-1.0374003796160602,-0.4913361241894446
2024.02.01,600013.SH,1.0695526533975401,1.2284496362746573,-0.5453233978596388,0.06775755775034593,-0.820500369153572,-1.205284073293704,-0.617023335307248,0.0638137660396792,0.198794760561671,1.4155336207968294
2024.02.01,600014.SH,-1.4250904796091544,0.21136947295575506,-0.012672815800694313,-0.8469156939413325,0.36896624584952903,1.0451551892991813,0.7067255182220307,-0.4949848780102434,1.2704072003985623,-0.5046564889024555
2024.02.01,600015.SH,-2.269247326497902,-0.17902393198018976,0.5227517446368004,0.9347619746767328,-1.989189645598485,0.2608092702067138,-1.0141347157345184,-1.102873300763377,-1.5909161126885767,-0.9218730905543882
2024.02.01,600016.SH,-0.22584853084389483,1.8136502905802043,-1.4538872842961186,-0.7908434622251752,-0.539274211835366,1.093799267247385,-0.01457154421852368,0.7730513415767324,-1.0473403371545502,1.5239096322627759
2024.02.01,600017.SH,-2.0427399986524066,1.3689058184448735,2.093614108969072,0.47303339896658686,0.12451319458838009,-0.06004741730665569,-1.461814044890971,-0.22335922557294674,1.0696368977084327,-0.42324734101974715
2024.02.01,600018.SH,-1.0549125187424049,2.9818950112570732,-1.1548584727853848,1.369812239467321,-1.3332814892215783,-1.1064943951228543,-0.9008615928307541,0.025059789833694713,-0.11486031831275027,0.5038935699513069
2024.02.01,600019.SH,-0.12122461026986558,1.7565033577534739,1.514329121757221,-1.4390188049246986,-1.578760553269434,-0.7009093208621519,0.2068546165497977,0.8238100141744955,0.3852752756541905,0.8527875001541709
2024.02.01,600020.SH,1.3216972910445732,1.259391527678498,0.9407834726480228,0.349885500769229,0.22155366770602228,0.5863363318869376,0.4698477808409694,-1.3146628660087567,1.387307740001039,-0.4282257014465595
2024.02.01,600021.SH,-1.6972905615111789,1.857133342084253,-0.36195198865007017,0.7319153358623917,0.20950183486611956,-0.793743156595716,0.3685830526672593,0.3938493654095018,0.9303294895459149,0.3267460582057653
2024.02.01,600022.SH,-0.661789197267248,-1.3716540902853394,-0.6969458514380946,1.2254021477903172,0.4879551575583213,0.6809692714754947,0.4903215295835303,2.97249260057062,0.04141979587343395,-0.03095478770675424
2024.02.01,600023.SH,-0.20428376031440387,0.8488158559857435,-0.9242038998257956,0.14273616018508448,-1.0047601601179716,0.49744896723359117,-0.09560466386012265,-0.7649607112124454,-0.0018707787341727153,0.02483942183518035
2024.02.01,600024.SH,0.020910032295801517,0.4513868542627833,-0.7643401892237011,0.7440802065345538,-0.3642228279682262,0.7599347625103867,0.36281867557272174,-0.4888370317970053,-1.4540704028973035,-0.5750162800677763
2024.02.02,000001.SZ,0.7739834919803774,0.16650204622132816,1.0094600288868212,0.09339137966994827,0.29423984549719917,0.31899154242734395,-1.4226372465724224,-0.39334296658795737,-0.46155108062698774,-0.4998278045688058
2024.02.02,000002.SZ,0.04624540341157863,0.14669186606032839,-1.8267939743869985,-0.12363661760304714,-1.7383141160395248,-1.8845635395578246,0.803319231672686,-0.6175491364138517,0.29968959893101343,-0.3724924974792876
2024.02.02,000003.SZ,1.3303481056174642,0.6277808031086352,0.40527051899766553,-1.5625321545605526,1.0472374618420799,-0.7831947259216133,0.6841870589182053,0.03758737255970751,0.7754559622192241,-0.1460192475343694
2024.02.02,000004.SZ,1.1454101558911647,1.4467163577078408,0.16452639764144045,-0.07194554953653245,1.0858068161930583,-1.032245200087051,-0.5319080747578888,-0.3563033960482741,0.2875446340185121,1.415113169034383
2024.02.02,000005.SZ,-0.6660894569419255,-0.05878457762818978,0.4896509993245902,0.41982830417202793,-1.9876057931123121,-1.2456986673468542,-0.22180978267173074,0.7811137053209165,1.4136267091989332,-0.11815764297539538
2024.02.02,000006.SZ,-0.21871350538029063,0.9045165789013582,1.0290611788922808,-1.2981174719052302,1.565515650684172,0.7523760214605582,-0.5489805309908103,1.1005848652312764,-0.07603296317318235,-1.7026144203131501
2024.02.02,000007.SZ,0.9850810314265642,-0.036380882522221214,0.5752632809359934,0.6843462210917077,1.1638044922409967,0.9263610167823315,-0.01144140593208915,-0.4427292403455055,-1.2578009157026364,-0.8317756564636506
2024.02.02,000008.SZ,2.60985370959306,1.595778408712641,0.13777746774135127,0.43796359471861485,1.1261849184383594,-0.29792086425546316,2.2700560623704944,-1.025852407514144,1.1836798760659777,-1.636537159210977
2024.02.02,000009.SZ,-0.241898039829139,0.9549613002919478,-1.9867092996238087,0.039115299790398975,0.8221814315270995,0.8972170934151605,0.5297994404721382,-0.3113841047748846,1.3877305423525816,-0.08905274845661472
2024.02.02,000010.SZ,-1.4416928602828056,-0.4197164606300397,-0.9715941099028682,-1.407307626298621,0.051917611409804054,0.13491100019995822,-0.4005393744691181,-1.0534765682526952,0.1471311898805429,-0.5031715049228556
2024.02.02,000011.SZ,0.8008599255280219,1.25654034243514,-0.8483963059491789,-0.9539316102569468,0.9064973327093524,-1.3371443137138816,-0.24925246896065284,1.028909918961095,0.8761874639619389,-0.15204016567141806
2024.02.02,000012.SZ,0.33482662112374484,-2.6414706371677075,1.5112593032621604,-0.11365572598701022,1.5168268476118152,0.03770061541817007,1.2605313862413654,-0.32719973210459596,0.45324977825791746,0.833587385408267
2024.02.02,000013.SZ,-0.15195172976603483,-0.5039671092438975,-1.653153143009323,0.02082734218775296,-0.00922483712529834,1.4343909443565668,-1.6890142032475528,-0.48187833456351287,0.8640805653024594,-0.9860090818412609
2024.02.02,000014.SZ,0.9958070582884951,-2.0191538998508483,1.0089829853575383,0.055104263748436695,1.1557860729520535,-1.8610067357074587,-0.9946922083527643,0.05307089353916899,-0.48396358303796594,0.4616025570553305
2024.02.02,000015.SZ,1.2388495605217098,1.2942309892975536,0.22044744810878947,0.302873716384856,-0.5552692070753311,-0.7228061943787458,1.2753893868987778,-0.9704735474444358,1.2600199155380492,0.1300488862932996
2024.02.02,000016.SZ,-0.5793587668824092,-1.4315004366592936,0.8219764602680112,-0.11214426902242351,-0.6486217893422671,0.7975967383916224,1.5695417625987913,-0.7412204253883539,-0.6774349131106491,-0.0482876902256336
2024.02.02,000017.SZ,0.07671112200642213,0.7279232239225948,-0.5466598309100509,-1.3342303570451246,1.489604975480302,-0.7698633006222633,2.0082297847999944,0.21829040977598663,0.9251481087037707,-2.7370694007719485
2024.02.02,000018.SZ,2.109022885280724,-0.4134811270680848,0.07687771549299137,-0.5529745518789613,-0.29445672161001835,-0.8876433729529856,-2.472502335036617,-0.505213123761058,-1.35969297397705,0.5812108937715764
2024.02.02,000019.SZ,-0.2123744612943235,-0.07130965272848643,-1.713377328502429,-3.1753101157983434,-0.4301995405303152,-0.42417347625833846,-0.028763294711231905,-0.6270601622102563,-0.3785632307013322,0.009019097994301405
2024.02.02,000020.SZ,0.4062721205418308,-1.057874452385251,0.021193021761110535,-0.5141193185746553,0.4182599630275514,-0.9028816815161562,-0.2698558732519191,0.05000206472760848,-0.838634158351381,-0.5828640910422646
2024.02.02,000021.SZ,1.7673892355673007,-0.2154058148557949,1.3440575749637744,0.9997463253859764,-2.216692692344033,0.8677591747217852,-0.8379758196326375,-0.8558047482054094,-0.9832543664975948,2.894734508847541
2024.02.02,000022.SZ,0.8879629276328012,1.9116116445125457,-0.515711314785301,-0.8032767440350681,0.44534284260152235,-2.0705999437825255,-0.21835956803039128,-1.0003704791757846,1.5648464059136418,-0.6350013033670733
2024.02.02,000023.SZ,0.07424909811484844,-1.1429497996412847,1.2716066002807676,-0.36033998758995,-1.3982787852174712,-1.973506075240353,1.0919801378002507,0.46079717020888955,-1.9587985407912996,-1.4310303390685837
2024.02.02,000024.SZ,-0.035210819799110595,-0.4546001857160398,-0.6476917726010218,-0.7512758828738043,-1.6426339167545396,-0.006546382797927327,-0.597915434173784,1.3286829141047019,-1.0335722293756582,-0.7509210511569051
2024.02.02,000025.SZ,1.0144979711269035,-0.014709070325176472,-0.4588363934497197,0.4027901402232261,1.3255183084776743,0.7011691868674942,0.3706148619965168,0.24540110094717574,-1.2388542807994272,-0.5225839767203662
2024.02.02,600000.SH,0.44856165357014566,0.7953121925719717,1.0713244430742481,-0.7385091840003524,0.8471143489814292,-0.7580267469397823,-0.8884959702554441,0.5477082062997941,0.5244359430619887,-0.7340096077024052
2024.02.02,600001.SH,0.27650381126683776,1.4153801131914898,-0.09856587697861999,2.0438362414030915,0.3422952707928287,0.4556458749742495,-0.541073263721989,0.3309105311145926,0.18731394975207433,-1.393873400129312
2024.02.02,600002.SH,-0.31255320006494136,1.1625917018621696,-1.2876220340537692,-0.6225285841798446,0.40600482837099633,0.2542883149048251,-0.849919517731145,-0.7141965189776397,0.04122930135061149,-0.7503216594457751
2024.02.02,600003.SH,-1.0138179941851941,-0.9890754908187781,0.37357702109672747,1.8702166017260355,1.3871297848832806,-0.5316453632666392,-0.6501327792653347,1.000588114695082,-2.072034128610508,-1.0319324177346576
2024.02.02,600004.SH,-0.5899066446329045,0.20052620930999332,0.9131945131892742,0.14417064938917346,0.687412819083483,0.7988702141747407,-0.73951158450862,-0.6033252323491749,-2.341157797942455,-0.060270441032635035
2024.02.02,600005.SH,1.2919850678291998,-1.6053795927619108,0.308467130793845,-0.9600790056523663,2.744327318043582,-0.37401089190507925,2.1199921280396845,-1.028315298399061,0.2662621468573394,-0.03800625418400526
2024.02.02,600006.SH,-0.5547764671506242,-0.9930661330176878,-0.21604602208190637,-0.5525774303583187,-0.6912062566722665,-0.8596911534422426,0.3965265356439737,-0.19529684100147368,-0.1785557483291891,1.0924568341387715
2024.02.02,600007.SH,2.0749947241049704,0.6600366890861173,1.1451330581079284,-0.12586666259116164,2.5971600132663726,-0.12522105314711512,-0.4311989624610006,0.4834464033617473,-0.5732114125857194,0.3796449639942436
2024.02.02,600008.SH,0.8465152519776893,1.2060506029094256,-0.279294865598038,-0.9006071076641847,0.47043812993637946,1.433092232527312,2.020777825523534,0.8169970893488716,0.611586227892791,1.7521350888139853
2024.02.02,600009.SH,0.39178264902536053,1.7373154981987646,1.1602677196298492,0.2076555528517477,-0.775511436668459,-0.3435527736486113,0.22148617865109332,-0.43818273682708087,0.30269288520582743,-0.6579325604398857
2024.02.02,600010.SH,0.002618058324916377,-0.06286591708612883,0.8042417488605014,-0.3947995793383127,0.5297979442672247,-0.6055333954577803,0.8632124506762944,-0.23599850684457271,0.328199594271701,-0.09857797317337097
2024.02.02,600011.SH,2.4079827202273627,-1.4006283735817489,-1.7528473333652408,1.7511014496250839,1.739637210958214,-0.5582371375960378,-0.17284095542024291,-2.872408023910885,-0.3128933201266015,-0.5073914021011277
2024.02.02,600012.SH,-1.9860104477615648,1.5947164598003236,1.313701761545827,-0.025326482100431653,0.030327766390636036,-0.04049734731545315,0.38544614695138574,0.9329222096844448,-1.4018575153490391,1.7133309482377974
2024.02.02,600013.SH,-0.4593981869960547,0.41102638908537154,-1.0737054733899554,0.5524318268886809,1.6915307818961776,-2.0031848549122353,0.5781539327072276,0.6677023693507629,-1.1450517941589873,-1.1932901341470514
2024.02.02,600014.SH,0.2060221916916759,0.5481462473717394,0.2535385658505472,-0.0740771301620443,0.48518313342622593,-0.24103371299131252,-0.2985385497175657,-0.4234669881909751,0.7763584660903997,-0.13820683807704892
2024.02.02,600015.SH,1.7214442644033698,0.44452929622412357,-0.5428790609174993,-0.40212560548609355,2.576160479824512,-1.2862996862948306,0.5552553085567616,0.49421725577324255,-0.954547810064697,-0.5603944689943985
2024.02.02,600016.SH,-1.5651447619101797,0.1722729423379513,-0.2663548897822033,0.9848930317968553,0.7430877293810778,-0.20148332075659967,0.08681368104189165,1.235635478457024,0.1392088374121439,-1.6252075425048256
2024.02.02,600017.SH,-1.9740010914287216,1.1892960564910042,1.482016600371732,0.34700156124723697,-0.14507307909987993,-0.5812891246642958,0.9856753485952319,0.43679989796342283,0.4621839597187346,-2.988061440048739
2024.02.02,600018.SH,1.109807670344783,0.9934785698782118,-1.3132336732975274,0.6151026560109722,-0.5643530595729523,-0.695987364971856,0.5781783436993996,1.502115783156522,2.6924494896754405,1.3688138001379204
2024.02.02,600019.SH,0.9229710947345994,0.9304097915701722,-0.3994214430121643,0.9110955953362442,0.28242448487384736,-0.2535566861417887,0.8758856380113127,-0.048587759569925754,-0.8185598232981228,-0.3529091293780983
2024.02.02,600020.SH,0.8836881099305006,-0.07103651668216085,0.8806492054224118,0.4763537868925371,0.10512012120649748,-0.3272528647311031,-2.1093439998891736,-0.38010727706145403,0.9538472790800508,-0.932554073693089
2024.02.02,600021.SH,2.1930081620485784,1.5257072621777779,-0.05482973018552693,-2.0390735287064117,0.16022054207196718,0.07942324741522923,0.692999642690878,0.6015407518163665,0.019642634991405776,-0.15743998220483124
2024.02.02,600022.SH,1.767102534039554,-2.0677909417793248,-0.45398982698373824,0.4512928644234706,-0.5329196651333353,-1.0380474769372021,0.2326970390727738,0.5015961992869988,-0.1924011545903194,-1.0985156249721042
2024.02.02,600023.SH,0.5811612944074612,-1.1453067047592813,0.984550235525131,-0.8298712102752508,1.8106700825899065,0.22398272455410695,-1.415331822972832,-0.47846571444236885,0.6845957730630675,-0.12206979519262988
2024.02.02,600024.SH,0.04010262474985602,0.22352804945110596,0.43385171748363355,0.7099507134191185,1.3589210996286785,0.12550434205452807,0.05401571662854831,0.23867628443187958,1.2679472950422515,-0.05035809664211137
2024.02.05,000001.SZ,-1.2803665181222084,0.7749022734425981,-1.945852780571265,0.9538734013298523,-1.7877528948401984,0.6658477579433809,0.29086056673264993,-0.7205637910281648,-0.9432883642337,-0.017341212317395358
2024.02.05,000002.SZ,-1.4657176096490523,1.2479868269119585,0.2724227205826161,0.2611209242379745,-0.41565549984717254,-1.221748495074939,-0.317640467825947,-0.821029099107441,-1.1488118289581344,0.26994500492164014
2024.02.05,000003.SZ,-0.400596597300756,-0.10942384942833099,0.14678165889281475,2.1994826114637513,1.6383052599803483,0.14157619451597192,-1.5584895573943347,1.2025896737105999,0.031930784794114195,-1.234728527428084
2024.02.05,000004.SZ,-0.2535430325182641,0.040899382611584496,0.013176994401261162,-0.5826372128406747,0.16153529320563773,1.6356285763277139,1.492708430348794,-0.7449181872636049,-1.420351121135635,-2.06338632970965
2024.02.05,000005.SZ,-0.5859672314822747,0.001606655230518821,0.10892313608174788,0.6157547520687254,-0.7412634143455187,1.9667845752924777,2.060361551922354,-1.6906545428005415,1.1295919872382307,0.5042792166771362
2024.02.05,000006.SZ,-0.9002749898257167,1.2599483593894885,1.0293671996313738,-1.674964891678344,-0.46085000068269666,0.5428717513423177,-0.7723681481436888,0.450379389166524,0.9404104536236686,0.5319693976021292
2024.02.05,000007.SZ,-0.5841038038811436,-1.0921529744914231,-0.5445432832067449,-0.6222877499387451,-1.2623088531150284,-0.8246956687912209,0.9789785330415358,0.24513531988211287,0.40551388247056613,-0.7932142056737266
2024.02.05,000008.SZ,-1.0924981637804092,-2.205607765915687,0.8863230612368448,0.2405297833952511,0.14882872131114452,0.8815864687699311,0.3988629494186396,-0.9208575484046296,0.20439867186539326,-0.7959996171841464
2024.02.05,000009.SZ,2.835812414781096,-0.8691359501530947,1.0245280280495428,-1.6903479858128378,0.17020317213648617,0.48766030999655674,1.388825687785912,-0.7664494659050398,0.869704766321591,2.1305979309853975
2024.02.05,000010.SZ,0.9297995175813567,-0.2250568239525511,0.6108857114131662,-0.6165915568961366,0.3101709730052771,0.29155223384944556,-0.06270290682256326,-1.4915148191343326,-1.4179888742631375,0.049409164006013626
2024.02.05,000011.SZ,-1.0907232459689635,0.20091437902201706,-1.4888295504151596,0.12143534965715473,-1.955752742220517,0.453755464233063,0.09910153173800194,0.41184487507422285,0.16420483541805872,-0.21956385185087968
2024.02.05,000012.SZ,-0.9309614439462954,-0.42772639637012655,-0.881924215557487,1.833425142845558,-0.12833483483783156,-0.6391262983613507,-0.9086665973978169,-0.6024572255318588,1.6110175541907445,0.4780563776808517
2024.02.05,000013.SZ,0.03499075888535714,-1.2702817630230128,1.0106196077868408,-0.28368934651859606,0.1540593853731184,-0.9014433397645034,-0.8036013066579266,0.0987930124709453,0.9142314489794087,0.3887821784811276
2024.02.05,000014.SZ,0.657029380799683,0.3999529783921334,1.1722458024174063,-1.4080828562171996,-0.08558371664193548,1.9577170707747693,-0.13587000778284006,2.469488975895756,-1.5030568636044617,0.3766579297685198
2024.02.05,000015.SZ,-1.187810803812637,-0.9789367466635606,-0.7107642158285715,-1.0248748463256636,1.3671899415792015,0.3856100825883426,0.11291575844285819,1.2267224809550978,-0.4739505688188385,0.2637627685296389
2024.02.05,000016.SZ,-0.15613237028009253,-2.1096281160765105,-1.0769970071939523,2.0480142609110734,1.112390247398607,1.1486178193887042,-0.6712932147025881,-0.8020952740417344,-0.5356619404879763,0.6497269369785206
2024.02.05,000017.SZ,-1.5631522011890477,-0.617390574148408,1.4138364394847904,0.12190511717081016,-3.412280334638149,1.0946501250217882,-1.7039019309876868,0.05050021038479757,0.6147888151998723,-0.08719455863582824
2024.02.05,000018.SZ,-1.1966713890224467,-0.8974470397041185,0.7569635499548264,-0.656392019677006,-1.0912750415840407,1.496471972558062,0.1848361595071256,-0.4989757823360963,0.37526159423696176,0.25047026160050495
2024.02.05,000019.SZ,-0.2823609036768339,0.08999010991081986,-0.015764398564688586,0.20518328219629192,-1.5388802077026547,0.7914232119472329,2.372998292073934,-1.216682908940628,0.9266153352438786,-0.6417273141768165
2024.02.05,000020.SZ,-1.7081175364138734,0.7547380616266369,0.020740259586203576,-1.8304923251303546,-0.7685635049656598,0.10427102565773905,-0.4132183861057727,-1.0654863972805368,0.6319666421231463,0.31361676223922896
2024.02.05,000021.SZ,-0.6365578529317119,-0.8175783308884988,-0.6990258601592877,1.4246229270784938,-1.3460720975393141,-0.1472780210837863,-0.36264809841129586,1.1860108966491605,-0.9757010610701619,-1.479525200246473
2024.02.05,000022.SZ,-0.7185906674313001,0.9535329965799701,0.17895187333241155,-0.8025201613158314,-0.49895921503948065,0.2233917710254074,1.5003872683824822,-1.2194656729405915,2.802772520576788,0.7964441540079209
2024.02.05,000023.SZ,-1.2780924227572914,-0.27712768099131596,2.3380881748854785,-0.8904276776621602,-0.21107925597807697,-0.6203331271996456,-0.710247683969691,-0.3600549077292617,-0.7981909059895107,1.416355407920025
2024.02.05,000024.SZ,-0.6396283592608313,-0.6091007712393895,-0.23823928019612817,0.5949112685701616,-1.0637534129080963,2.13274528131378,-0.6430555832703692,-1.7919174038515304,1.0895314038335753,-1.7067743582253945
2024.02.05,000025.SZ,-0.9521647792943609,-2.763071184798237,-1.0882798444120443,0.6934702589556324,-0.6251046017586258,1.777450571319199,-2.4444147991548126,1.5360218021662446,0.4585729326987018,-1.6544898722883183
2024.02.05,600000.SH,-1.216697852018125,1.3885561573115746,0.694502778321397,-0.26995861704273183,0.36490108081065586,-0.41559974162204766,-0.23986765980152983,-0.04883563075388889,-0.6804408704122288,0.6116883992731486
2024.02.05,600001.SH,-1.341279272652606,0.4683589833639004,0.7109527081138304,-0.6072871160824955,-1.577305591214523,0.25212425728692023,-0.7503009624181644,-0.4879052633486962,-0.3679703063577463,-0.7521107904118772
2024.02.05,600002.SH,-0.017035837319577505,-0.5251105414222693,-0.29022683399289245,0.02083017136619983,1.1007306638202976,-0.2705007539479056,-1.0274029685952766,-0.5268637753989757,-0.24109991363700423,2.2113583167846897
2024.02.05,600003.SH,0.8116314693053058,-0.8805455321902403,1.4196451727477668,-0.586936066104272,-0.35434782980754814,-0.9013961111806191,0.5362191083153094,0.8393264359699645,-2.3731587633032913,0.2751508557938395
2024.02.05,600004.SH,-0.11471262854694142,-2.0519507644534007,1.8829747808965311,-1.1515546519090192,0.8105463219138473,-1.1133165379914487,0.5286245281133793,0.8342394669940593,0.6282431123540959,-0.39524346084532547
2024.02.05,600005.SH,-1.3759001785577065,-0.8357253517935127,-0.9606487756023312,-0.2553003011653831,-0.4796178321425251,1.073548672080455,1.389712918021881,-0.04318172429657576,1.1704944881829624,0.6796531986323159
2024.02.05,600006.SH,0.3394357772995675,-1.5337494961405767,-0.12162187966782068,-0.2460949810598706,-0.32974348639365986,1.3664555628137043,1.04229278940555,-0.30016168124999937,0.8562823415737957,-1.0227845737465173
2024.02.05,600007.SH,-1.665540051005168,-0.9079129465703988,-1.0520615834641969,-1.73468008475853,0.8339668697334779,-0.4629682253943762,-0.23595185392679394,-0.6233079373419902,0.2770665104815933,0.46353237327767227
2024.02.05,600008.SH,-0.22460524668255916,-0.4501219861113734,2.30828983340381,-1.377947476506209,1.2844039425605702,-0.8008248261722525,-0.3976983973461382,-0.4160310034369614,0.9175795157994227,0.25085772331473044
2024.02.05,600009.SH,-1.9760749536083348,0.3693121152181527,-1.1247817875068349,-0.869434777161767,-1.8104224850300124,-0.07889198492033202,-1.7601908355162856,0.7361098649786424,-0.23524402122069632,-0.7441358434064445
2024.02.05,600010.SH,-1.2781070618459844,-2.167141935797157,0.7835527477484605,1.549284207709144,-0.8125774416774957,0.3620818627789559,-0.6844397813783588,0.06502381030143636,0.345235529150038,-0.7851955988393963
2024.02.05,600011.SH,0.46690991822177147,-0.5382669382712196,0.3940926452363242,-0.7628487542776442,-2.24112062774621,-1.351792385299021,0.8381225898663929,-0.662926935269632,0.21218724494499425,0.6659564562913748
2024.02.05,600012.SH,0.9781771699958641,0.5879198809697025,-1.3523749093314543,-1.675795810925568,0.913666724805791,0.6767905838947564,0.5508675181684677,-0.6567156209861809,0.2777270672012764,1.270926930663808
2024.02.05,600013.SH,0.5647003567960686,-0.10295579970630778,0.29738511605673784,0.17488043524748553,-0.9571035689114268,-1.0055074779269118,1.2333937108217148,-0.05598661306984966,-1.8318457042136085,0.7393116457504063
2024.02.05,600014.SH,0.21440036161272374,0.5667003445036268,1.9808342030722998,-2.080646132415597,-0.13905080862580108,1.9100081617435065,1.3674201003549986,-0.3307408488087135,-0.7084406746066868,-0.03155396479883017
2024.02.05,600015.SH,0.09262975438430307,-0.21015937081932112,-1.1020490701746173,-0.04954272112149451,-0.5376338657802944,0.2582290946169302,0.3414147593465766,0.40247838522586016,0.6524835060152713,-0.46058634734156745
2024.02.05,600016.SH,0.1404165201034582,0.21988880933583035,-1.1494146614117164,-0.8875328590210072,-0.6945921587948853,-0.15392321177436416,-0.2968365588295265,-0.28698771033791676,-0.10103171124848423,-1.1649736505379285
2024.02.05,600017.SH,-0.036879396030616934,0.12133539992428309,-0.1376184357361212,-0.10665216645304298,0.7761180552632418,0.07196099711741731,-0.1910600633480798,-0.6256351961679302,-0.08659109144238898,-0.3329972832822095
2024.02.05,600018.SH,-0.30466894480936335,0.5881285084217102,0.9153967471630697,0.11477383888002522,-1.360983095022636,0.45354311086025206,1.3071791050049353,-0.8822781478499645,1.809583342140406,-0.8427774118606152
2024.02.05,600019.SH,-0.48484194663476915,0.3279517867046037,2.4026096926134084,-0.41133313192118676,0.2610756238986206,-0.8457009273739728,-1.685558926484875,-1.2440802984038408,-0.4859251488744161,-0.019345136277065085
2024.02.05,600020.SH,-0.5023285671652667,-0.5983990484090957,1.66570520884237,-1.980293653819051,-0.3658159604563944,-0.10410586803140527,-0.47498348894798803,-0.8168069949786482,-0.31644531869323983,-1.0863652520544047
2024.02.05,600021.SH,-1.5004198439902758,-0.5557019001547171,0.9140701415663138,0.19059250233571223,-0.00945633020762453,-1.2005760157189929,1.3494200948805204,-1.436343841075118,-0.4865831202395411,-0.6126516760758004
2024.02.05,600022.SH,-0.8263346593314412,-1.1036405892888543,-0.060364429614633716,0.15838747912852955,0.19698625036692544,0.11296059680243303,-1.117135080779709,-0.7438920535226468,-0.5638227441534668,0.05568500485888106
2024.02.05,600023.SH,-0.47070849473758214,-0.8358176282633606,-1.4415816497904528,0.35952639803401165,0.5072015228807624,0.4569510208323313,0.13553255773430392,-1.2839433669483147,-2.215236106157779,0.272254393581595
2024.02.05,600024.SH,-0.26474923309476384,-0.03011122390978004,0.8833040151454211,-0.5054901929076903,0.02298264983802172,1.1323209685051914,-0.23977100055073117,-0.7128030071670493,-1.4646720331836587,0.27007947885667405
2024.02.06,000001.SZ,0.46644593651075505,-0.7620133781637161,0.6313681675650346,0.462843075642332,0.3285477245938546,-1.2633690065178014,1.606875858781624,-1.5108760822590435,-0.7573286659484212,-0.09733574542935242
2024.02.06,000002.SZ,0.3886379608158819,-0.49392916332932557,0.5097855351238408,0.5117539316415685,-0.9464706368636694,-0.20428895543201478,1.2311009070935046,-1.1698541894590482,-0.3433225718108938,0.7443303007739942
2024.02.06,000003.SZ,0.3377469622049097,0.3813369820880337,-0.9191896848040493,-1.0267120921389776,-1.1149900281473304,-0.007918397261903612,-0.10949083760291785,-0.750649430492844,-1.201581393659753,0.19505356356778583
2024.02.06,000004.SZ,0.7382111290577665,0.8867114945302806,-0.5468108317069965,0.32551631717885027,-0.21871952251190332,-0.02923045084441469,-0.6749007693984297,-0.1831421877652009,-0.18503343578605314,-0.39054463446761545
2024.02.06,000005.SZ,1.1587544314763398,-0.2891359723532411,1.4576592800321708,-1.0323492042206492,-0.2035492130537371,-0.6215931619749208,-0.11843369940722738,0.017922616959617808,-1.1101548531994312,0.24378657521068983
2024.02.06,000006.SZ,0.3722808764862323,-1.1251479566435538,-2.0056534075564443,-0.5148739743800651,0.2854781511329723,0.8172262918540251,1.2438849354145736,-1.1850228608145754,-0.547337277554549,0.7996430666384017
2024.02.06,000007.SZ,1.490754237289204,0.6003679808289484,0.5799771749213115,1.11193725731094,1.7461282246836267,0.7321005697050019,-0.2966025852602221,-0.19349858819534177,0.8496075526437223,0.4495825976390345
2024.02.06,000008.SZ,0.5326533473185594,1.0304280542686075,0.39650321380662906,0.07334616238537182,-1.4896079345775604,0.47910299086292507,-0.3959144530477693,0.40286220253313443,-1.3598881327835552,-0.9625349525601813
2024.02.06,000009.SZ,0.42327208217416756,-1.81015383862755,0.7328866691928934,0.22573022387247715,-1.280040253628397,-1.2038646978682326,0.6812506431080918,-2.5374920090417596,0.6748357519070254,-0.5916407011491611
2024.02.06,000010.SZ,-0.35973852912973436,-0.10629257615112832,1.0028382248512284,0.5067769283070359,0.6429522152617368,-1.4279406169398694,-0.558013080985304,-1.2226867608820697,-0.6836483255902362,2.0174454612223682
2024.02.06,000011.SZ,-0.023057326135197388,-0.22745097530798652,-0.8488954589431909,0.8507544884765778,-3.2472286244941877,1.3995053629537613,1.2221997828332618,0.2910029280705738,-0.641537963784899,-2.4703294378186227
2024.02.06,000012.SZ,0.002985931022266076,0.3182205688713706,-1.3343289393118885,-1.3605014769181039,-1.2123337839498418,1.127189912356743,-0.15917130534055826,0.23980405796829127,0.08765203038815349,-1.1043243154855538
2024.02.06,000013.SZ,-0.6636163283512482,-1.0197055386043574,0.2502550066863392,0.5117570668395909,-1.4659335358177354,-0.24172700474910727,-0.13632697846093414,-0.3365584619307934,-0.9717631277849557,0.43615556403613903
2024.02.06,000014.SZ,-0.7170601796095697,0.12678273280247546,0.4143498035554882,-0.14837785674326098,-0.4717653767828246,-1.9654227612562198,0.2109663752342733,-1.2480417701996316,-2.152014780203541,-0.5826591066735385
2024.02.06,000015.SZ,-0.4472045964481992,-1.465194868485127,0.632844051149455,0.8137988459520152,-0.08063289919518331,-0.2974685168154952,0.047740178770464624,-0.7704796210544341,-0.9905195160720277,-0.28294122809783767
2024.02.06,000016.SZ,0.5285165972772997,0.06159385880365608,-1.331645717609353,1.7827386747409524,-0.6235607277439252,0.6636613221713468,-0.78652401350776,-1.02351561529317,-0.5658672408787727,-1.3202374633809721
2024.02.06,000017.SZ,0.939967103680814,0.02371677033583703,1.2748768363313605,0.4142393941930843,0.31527292439224974,0.6006481075323398,-0.9135932524153926,-1.4191405628182514,-0.16869255305110997,-1.071505877899082
2024.02.06,000018.SZ,-2.725388406093417,0.46160706011343283,2.2779841351534937,-0.1797380003162085,1.3600756123106796,2.001609423788508,0.26829855810456954,-0.47093099972027247,-1.487930209216503,1.2457350588325107
2024.02.06,000019.SZ,0.5487010481424922,-0.1509609480413146,0.6380735537325352,-1.1463565275729066,-0.30875203589015643,-0.6935906510576667,-1.2311415967962211,1.5393429582942366,-0.7756693483452501,0.08780219482721488
2024.02.06,000020.SZ,-0.9264012312350228,-1.8712960011642399,-0.19839059724833924,-2.397531257670708,-0.3988916351650635,0.19874343446004553,-0.1344129939692127,-0.29702884998835316,-1.7469937445584651,0.4754772795237108
2024.02.06,000021.SZ,0.107827483221743,-1.255936553890081,0.22248582713071063,-0.755441910739405,-0.22881758531501034,0.3762127126393064,-3.864603379818963,-1.3205053735059364,-0.2357065030951407,-0.7065985216190316
2024.02.06,000022.SZ,2.339101469878348,-0.4389433758881199,2.5752444883682153,1.709862340231206,-0.586704837257952,0.8167314823331476,0.09854767269912641,-1.918915551268839,0.39581437081302695,-1.4402388059578868
2024.02.06,000023.SZ,-1.1089430625616585,0.8501173403144426,0.5772206541862085,-0.259216143522878,-0.4791141671083999,0.3320560043106916,0.6615611462319498,-0.40820658120726355,-1.5747192138761252,0.12129439813630191
2024.02.06,000024.SZ,-1.3495212372236198,-0.3771526421145566,0.3544112051707435,-0.3886029177564566,-0.3311146153251386,0.4801681206339729,-0.21648998407032488,1.860260637914875,0.42066485735994086,0.9039758678853077
2024.02.06,000025.SZ,0.8974441108021655,2.5565911756239434,-0.13225741355555892,0.0019598931779009083,0.8078047181220367,-0.44891535503281754,-0.7808210845526742,1.0432280202577582,1.4287155115203367,0.15253867585350903
2024.02.06,600000.SH,1.3011233210164102,-2.244891163794247,-0.9796424263108637,-0.760312153152018,-0.9710003980127602,0.21843862755548568,-1.1923601099612848,-0.012792860565229068,-1.1021514448469405,-1.2079953494786604
2024.02.06,600001.SH,2.418514444785984,0.3698851480237048,-0.9527886028614541,0.6032781547501326,-0.7837431463464489,0.816299239586685,1.1541710785447352,-0.3170667688998171,-0.3616911224929976,-0.18308946389193984
2024.02.06,600002.SH,2.0139866041449577,-1.7510494850190312,1.0924968982349894,0.3241099921404314,-1.0994388080259325,-2.0045295464581008,-0.614479262096553,0.8070703125770375,-1.2082913670959061,0.50333323740186
2024.02.06,600003.SH,0.32231636204831116,0.6967536671481578,-1.4069002469958425,0.31873460933885556,-0.5908626730480225,-0.5015497904530396,-0.5164023768606999,1.072882538191052,-0.01932283451098162,0.7715042738011946
2024.02.06,600004.SH,0.28137464183177574,0.4509305264255666,-0.06356619257989446,1.535232917035372,-1.3036541953266556,0.709511724487293,-0.7455875639273581,0.7618512097602307,-0.5737480005053825,-0.012935268819503175
2024.02.06,600005.SH,0.09490137720724805,-0.829636064222216,-1.3248811073143885,0.9619444335883721,-1.3989528929853203,-0.06812285939351304,0.5437116802345159,-1.3959752860877568,-0.07012452244243694,-0.37989682790374557
2024.02.06,600006.SH,0.0964382010409357,0.8143136605456711,0.3617355266526953,-0.452605824755925,0.035564967349527556,0.2675124249756552,0.04149087554002379,-0.03799372871089427,0.38516313702289257,-0.9209363884561844
2024.02.06,600007.SH,0.6395884770469016,-0.6168265263521864,0.2955698447507721,-0.013131498835610936,-0.5558295606881398,-0.5990249435634057,-0.12907023649167318,-0.5278184201450657,3.035286727215356,0.9327788948895468
2024.02.06,600008.SH,-0.5666676367713548,-1.1768533244379604,-0.9402984451436145,-0.7111935094212674,0.15435317612701616,0.6682266795917023,0.44208760454021445,-2.312287065581787,-0.846106596593896,0.40054283698051824
2024.02.06,600009.SH,-0.26895802740114416,0.8694711893866585,-0.33349540207286005,0.7487555931821769,0.5317302858286973,-0.47031029978569977,-0.9236360303765898,0.1862663062429989,-0.6094035173594983,0.5198768227140618
2024.02.06,600010.SH,-1.4644707801506063,-0.1406297639365061,0.01755656792046457,1.352985486876515,0.6554867753174213,-0.816553320781697,1.2146517896503284,0.24122006810795865,-1.2151546268489395,-1.3711500509613046
2024.02.06,600011.SH,-0.6890081372212323,-0.3784467598497286,0.5972761735996825,0.8888507092240412,1.3501558391554818,-0.32769265675020604,-1.188480342444938,0.05564341104832141,-0.2632150537551302,-1.373826417043233
2024.02.06,600012.SH,1.2302092435962755,1.473912788851214,-1.4898293147470492,-0.028502699881524807,-0.2930164643986653,2.2694243321032403,0.41577308642274136,-0.31712239105072065,-1.6894384845392882,1.34809352425858
2024.02.06,600013.SH,0.03271513128812926,1.6619808591193481,-0.43797003287738817,0.7529010295656839,-2.7246719231631853,0.9229601470346076,0.4501425342270445,0.20628621746068768,-1.1936282236636495,0.6924391496954224
2024.02.06,600014.SH,0.39297669727576473,-2.089093766925939,1.004002052996634,1.1323591269817228,2.359300395985492,0.9640496924005614,1.3152383719580654,-1.4750715536067307,-0.19844206455994717,1.45622509071312
2024.02.06,600015.SH,0.400715125142569,-1.489583495455312,0.40233308525106815,0.31206161832736085,-0.173828870648981,0.6325999154525822,0.7345109524020312,-0.06379749697176886,-1.3002616210238536,1.1040797760448946
2024.02.06,600016.SH,-0.36115879487672614,-0.43949465342857874,-0.5969253326276733,1.035121282803506,-1.0978375431845828,1.1435110380197708,-0.8488307508856846,-0.23727291586001353,-1.1253802042258179,-0.3986303275651069
2024.02.06,600017.SH,-1.0670029962399947,-1.0158246398450288,1.474118435892114,-0.8469149345354965,-0.912677649987606,1.400723962652357,-0.8868889563874346,-0.9571045513086583,-2.1730173920826465,0.8377757742943583
2024.02.06,600018.SH,0.7411063394693805,0.8222216278424647,0.8271256854790618,-0.205939139704758,0.012898728300308856,0.6582093252343848,-0.7063604682700589,1.845668394872996,-0.5884539154952425,0.18307534622780336
2024.02.06,600019.SH,1.2124492990830227,-1.6739309809787732,0.32168473850886836,1.994649921936073,1.0412324872839591,1.0252039875659469,-0.1280286414928804,1.4333168433640735,0.4987093928555074,0.46719569913541875
2024.02.06,600020.SH,0.20204458962041574,-0.10332619171631043,0.19073558291629605,0.7833737943371478,0.3600780393177644,-0.01306210048056204,-0.9279114465003351,-0.6824241998650774,-0.421864258759131,0.16190855854373717
2024.02.06,600021.SH,-1.4676754292010419,0.90622307597157,-0.20320091240495786,-0.1334281706505715,-0.30423619000731633,1.4993688607422637,-1.4402444725737118,0.30718671299016376,-0.2437611953747162,0.1411642341615428
2024.02.06,600022.SH,0.088199597732705,-0.29920983544415886,-1.0752301443140229,-0.6943479293948889,0.324356894407913,0.5392231286414417,0.9462737836638404,0.4316525576449741,-1.147736301023048,0.1422768833756892
2024.02.06,600023.SH,-2.4909428490863768,-1.0043041703656685,1.6687831731180145,1.3999522295925029,-1.0404300441554029,-0.9187573627891531,0.15713969247941997,-0.3347861494161838,0.7041702024666606,-0.06664972894998442
2024.02.06,600024.SH,-0.4360755056073273,0.07967340070899318,-0.4742027977237114,1.3898055030960148,1.0555870478349176,0.8722570891532591,0.4372244072709551,0.6551508866142709,0.8516519062163543,-0.3194175210433185
2024.02.07,000001.SZ,0.7156790631886677,-0.6947967138885264,-0.9963227442822312,0.5755498409952966,-0.40715518582513294,-0.18163401779816152,0.23978185064532626,0.543168601476009,0.314957748727778,-0.48859528482458114
2024.02.07,000002.SZ,0.27814584180241647,-0.4582892566636311,-2.2833863313105716,-0.6364155799645755,1.0753848175105383,1.9795150298656563,-0.2060978595328869,-0.6203603407643211,1.4135447647341266,-0.5311149031039789
2024.02.07,000003.SZ,-3.413557930964472,-0.6145376350220864,-0.7361305142127171,1.802492967926886,-1.5734926412001362,-0.5247016498408024,-0.6727138980615829,-0.1157788437212645,0.37965982083744565,-0.3665530299124017
2024.02.07,000004.SZ,1.003701931075642,0.024203891769283233,-0.6902406026865773,0.27736289999820746,1.7156559108336464,-0.3086324813489017,-0.03530499048874721,0.24939111234050093,-0.28572919835825616,-0.08620078628583806
2024.02.07,000005.SZ,-1.035530660276118,-0.07701454150091604,-0.38834180986525735,-0.009949847644253272,0.2836390765736873,0.15221952969154431,-1.273535143831748,-0.12142966218957976,0.2285694038331217,-0.8766828031489469
2024.02.07,000006.SZ,1.2212155970061582,0.9040019377458919,-1.05983667043604,-0.31063006687566636,-2.1984242913206766,0.14463515479115807,-1.6287404640244807,-1.0098895497355036,0.46000261473837856,-0.03903192306372823
2024.02.07,000007.SZ,-0.46077428858010167,-1.278919528009632,1.323853558190296,-0.8298265686458769,0.20356338852286432,-1.445561234975554,-1.5844814450843998,-1.269433603019964,0.15245730001613914,-1.5457251642963277
2024.02.07,000008.SZ,-0.1968917274813517,0.17684301612852052,-0.616516182817278,2.369638873813634,-1.9929614430575258,0.6924535938223005,-0.6533578764563731,0.30386747215657045,1.9545598715667805,-0.0032269915131174446
2024.02.07,000009.SZ,-1.1024433602855461,0.8543667458861874,-0.00615763860331282,-0.9745518207400072,0.44643127742448085,-0.5091959665377974,0.3502242800162111,0.13608407532615494,0.16916763211234187,0.21634963277168182
2024.02.07,000010.SZ,0.06410812052750432,-0.9115895703844056,-0.6669930893609987,1.4500566480851032,0.5444306133637479,-0.901359158951596,-1.2352132567907497,0.6841637003196812,0.48626729585814554,-0.046704828751909094
2024.02.07,000011.SZ,-1.7570216527147111,-0.9136234542904355,-0.025000635361026202,-0.6521255593163,1.8085474472672263,1.006436298088817,-0.27423081027126556,-0.7618933161784261,-0.36630110608852073,0.8597194187055103
2024.02.07,000012.SZ,-0.670105119876183,0.8124444271887888,-0.2381340644119758,0.06491145447440523,0.9265609370983808,0.45199083330907847,1.8740217203573672,0.14434795649521148,-0.21378105322801486,0.3145150644445028
2024.02.07,000013.SZ,0.4244583971485149,0.8838771702496488,0.17969406045303768,-2.498650408974292,0.627551754691518,-1.5132037404687937,1.4025885239374478,-0.19603244745654086,0.39143704486393566,-0.5407400466193574
2024.02.07,000014.SZ,-1.2044659961473914,0.7980258184085018,-0.31829374785504433,-0.37781381274908327,-0.7753632335954267,-0.2553241005030168,-1.350002525097841,-1.172212811073834,1.579843205793091,-0.4849052632432852
2024.02.07,000015.SZ,-0.7386125900366295,0.6671093176133196,2.2577257084274405,0.5565129899149335,0.2552747456239819,0.8991273207343542,-1.048647818221834,-1.1290280142043325,-0.42662826175211366,0.37542923450605464
2024.02.07,000016.SZ,1.088794357406766,0.5524968307685056,0.6027474979066257,1.0220407673787242,0.528083831869578,0.1589459564745832,-0.5020364368310866,-1.6111179267769749,0.8453198853117746,0.5279829956774561
2024.02.07,000017.SZ,0.4574237971295607,-0.23847395837428825,1.164839816915123,0.2318323766602044,-0.6899518541555624,-0.12286785745128292,-1.4722260472062387,0.14630618073494153,0.037488405232731996,1.3705833343118867
2024.02.07,000018.SZ,1.5370937968706997,-0.40973396180697197,-0.05548667307152534,-1.1452905356657577,-0.6653359477194692,0.12083894337986699,0.1681524796711474,-0.022217227808791894,-0.9632912983703686,-0.5721654931276445
2024.02.07,000019.SZ,-1.3793995341289695,-0.11818083401713524,0.01189705575886364,1.216432048465927,-0.8981684689367587,-0.048306996302032224,-0.8535366705405966,0.0775530806862557,-0.543690317532451,-0.2401879151229404
2024.02.07,000020.SZ,-0.18937918856747296,-0.20806621608682396,-2.392241323478863,-0.44697702576351644,-1.0633458399519378,-0.8123965437802558,-0.30208888007225615,0.41167050536700905,0.16258681616712808,-0.4119292403079276
2024.02.07,000021.SZ,-0.8493502637664636,-1.3130606901363158,-0.5229131595022731,-0.39590701112960247,-0.46356755694619434,-0.7659145467082059,0.2210216376299444,-0.5422650000578652,0.7748762657533531,-0.7212380090653243
2024.02.07,000022.SZ,0.6958281666876581,0.7692796268150285,0.20972152611121198,0.37484063216406727,-0.8423799075372661,-0.3600582759428416,-0.23839434671797902,-0.313950710798776,-0.08295666820811592,-1.4304536579678826
2024.02.07,000023.SZ,0.8726803732255425,-0.24059519952839728,0.3159917276568211,-0.3495880809638465,2.123127104653138,-1.204644959980095,0.516815432304651,0.26314963113024425,-0.07636021034014766,-0.058005060529306894
2024.02.07,000024.SZ,-1.5068296078365375,-0.3316836035835993,-1.1789195710690032,-0.440445517515271,-0.8348730641580729,-0.2980291284450675,0.20362813914766206,-0.05962105838376933,0.48388296463011365,1.9810297434235558
2024.02.07,000025.SZ,-0.13891360621377263,-1.833106928185632,0.28530814394817783,-0.644084418668398,0.43833893783642663,0.1749835301142451,0.4048496727541273,-1.2073288938121924,-0.1368361105776545,0.2591877056248355
2024.02.07,600000.SH,-0.3585267155614493,0.009179761637184801,-0.7005392447772529,-1.4098486940527857,-0.8272716244096185,-0.18332397838799505,-0.05970728154492425,1.7038419109295555,0.4197814814854655,0.31943851913555193
2024.02.07,600001.SH,-0.8437268253300091,0.13983110455325673,1.2666247115869853,-0.437992133479733,0.40052370570678936,-2.4039216496579012,-0.4255675297975922,-0.28159777254335533,1.3223875132294254,-0.01886449029107667
2024.02.07,600002.SH,-0.48550596549889113,-1.5872741950460463,-0.9634374067008658,-0.027621816871985706,-0.2834758348099852,-0.6952010199181143,-0.2743931025172521,0.3319998812009999,0.6055061015511524,-0.02561937852513169
2024.02.07,600003.SH,-2.0482495207270603,-0.06490956767931831,-0.7225593726940686,1.1768989053080108,0.7590710127576298,0.4113601428229881,0.9389222813555179,0.1537083761407505,0.0919856750764076,-0.46269981229139706
2024.02.07,600004.SH,-0.8400592183495962,1.4267113831937601,-2.7453371979749637,-1.408846560829386,-0.6572497844634966,0.3402538341786247,-0.12043464623447284,0.073170400305984,1.8363585505066697,2.2197302894632043
2024.02.07,600005.SH,-0.29498810720284974,0.053642560791115936,-0.3064448243774152,-0.7392805867637777,0.3060072341419672,-1.6313787610441999,-0.7537701540364216,-1.2337018395440498,-0.4722062616342134,-0.569079148574925
2024.02.07,600006.SH,-0.2678515946742892,0.1691325607087631,0.9458840657564224,1.4714845095778966,-0.24903493868482884,0.9806215808328321,-1.2496885182326916,-0.2545086804086977,2.5011677328316426,-0.6205793207812552
2024.02.07,600007.SH,-1.1293109640088903,0.537647697475938,-0.25088496340232525,0.7076869931763714,1.468117478839885,2.4351360440555037,0.19575986088005684,-0.12315875063580588,-1.3978440870502924,-0.3492059130120094
2024.02.07,600008.SH,0.9369553387800758,1.1737753405875997,1.8975476425940863,-0.5874184481573989,-0.5370006448043259,0.8248531188260163,0.3036725185812819,-0.3369463076038741,1.4199678544622865,-0.4921268222539481
2024.02.07,600009.SH,0.5250803639467476,-0.778529564047477,-0.34303092615989206,0.4145647548791187,0.5279754367337891,-0.15902421683502566,-1.4099835355774961,-0.8423187882327648,0.20507020025383646,-0.2824602510767572
2024.02.07,600010.SH,0.49497861299949975,0.05465476383313632,-1.15699281670032,2.1605467229941193,-0.674979558559283,0.8435510808727897,-0.9059897300034406,0.4489683443659685,0.543702993745975,-1.2948248960382633
2024.02.07,600011.SH,-0.6616652043877754,0.28982024901797554,0.6488975691196318,1.7548753781769217,-0.9006966587928754,-0.39177849005344606,-1.3487718409945373,-0.20103960218570768,1.4579024160287777,0.5433902302275773
2024.02.07,600012.SH,-0.47451032062886417,0.6910694327331233,0.18687934979886772,-0.7224956764132305,-0.48137103801234277,1.0433849560605437,-1.14590982278897,0.9532937378913484,-0.11202403751955994,0.4309788802888174
2024.02.07,600013.SH,-0.47930079929065617,1.1414872596623395,1.4890823872059518,0.646665956184793,0.48901335960610565,1.034967265125215,-2.2634488044649284,-1.976239423689308,0.20589599953972398,0.9254237721200966
2024.02.07,600014.SH,-0.6870627129077915,-0.48001153105103966,-0.6713858430863812,-0.8821363207113933,-1.2840557630964826,1.300979406008158,-0.6806952610125103,0.31896417649117853,2.150189199336589,-0.3795870819287409
2024.02.07,600015.SH,-1.5615762608836548,0.8025245305242291,-0.4338063805707807,-1.005388232395798,0.9536136807115586,1.093639999254229,0.17420019924638167,-1.3912386984590475,-0.34405687802920104,1.0740331016350344
2024.02.07,600016.SH,-1.5034357673081578,-0.09617745496340674,-0.21570169483770366,0.7904476681091008,1.0898091856072547,-0.964642482930759,-0.7618434925629908,-0.8538180046637374,0.6995045962338438,1.1777511497815163
2024.02.07,600017.SH,-0.8607937331917023,0.22672649327054673,-0.30256913007492237,0.2941719096898145,-0.39846682062138644,-0.254182557487997,0.6778057304086712,-1.7080013290644809,1.814186027987426,0.17133736977990413
2024.02.07,600018.SH,0.3038761953544472,0.37555453884962037,-1.1200266540793058,1.1461478408211678,-0.8415754953742595,1.2456548325898635,-0.9626434331099194,-0.4047361614478736,0.40670873064958907,-0.4776635781411425
2024.02.07,600019.SH,0.5239671378931616,1.2687957835668102,-0.07822224861117633,0.4912260246450379,-0.1358220856698141,1.0312458330172227,-0.6537129521568261,0.2739938352752656,-0.42864548244508305,-0.40661523407394057
2024.02.07,600020.SH,-1.1392651623697148,-0.7196478555510969,-1.6806520565523582,0.7763826136465894,-0.5276943219443417,0.08692010486429111,-0.2691372904355485,-0.0033441909214870923,0.6634074100171485,0.8139262721922347
2024.02.07,600021.SH,1.0054536859374834,-0.3343771614755732,-1.3902853019259527,-2.048574015293387,-0.23663275999470842,-0.7419278580009883,-1.6463488211871715,-0.7265581280950462,0.8811878812554097,-3.4320568868750696
2024.02.07,600022.SH,-1.9796103093464488,1.759544928510216,0.29196471982771954,0.8510332645265642,0.1810203102474079,0.29615988196529824,-0.4092895213100167,1.0048704497200869,-0.04743331318150793,-0.36637568811169346
2024.02.07,600023.SH,0.7328027594353572,-0.4048863845893504,-0.7469631163029911,-0.4510837272468956,0.004376277836957626,0.27169898567790446,-2.192658730123803,0.3171710284415633,-0.3993513734792279,-0.6871857846825832
2024.02.07,600024.SH,1.074595741886192,2.6985990485122495,1.3592576094752795,-1.539657348535247,-0.4896980065280727,-1.1754696838238035,-0.6706660496498696,-0.9171149729486362,0.7472460789906098,-0.2403756344505144
2024.02.08,000001.SZ,-1.0932440196557256,0.10595610826746812,1.1836716130767404,-1.6079848898958742,0.2799942324542646,0.7876733998384375,1.6852074464503703,0.6783273757043025,0.0829100201581241,-1.294542592627827
2024.02.08,000002.SZ,0.1225754795933933,1.0683012162515124,-1.061586750277097,-1.6098661991239016,-0.7786098813333633,-0.7204601167984643,-0.6460956167308172,0.18779541548958956,1.0876804361086276,0.2077791976468994
2024.02.08,000003.SZ,1.88149121678906,-0.32338879199724707,0.9123132008151016,0.4766315150055943,-1.0959079450964033,-0.45166116852354743,0.5740274057492959,1.420840773426503,-0.7912092495575976,1.1169534687955138
2024.02.08,000004.SZ,0.21025615329577352,1.8110565564000858,-0.989671191934042,0.12222781057719809,0.6617531603942388,0.9473344258645198,-1.5908159770117167,0.6898740067389731,1.7211916064127732,0.3886867522244038
2024.02.08,000005.SZ,-0.11280577067816676,-1.607023523771602,-1.5218431398167946,-0.7375130333340549,-2.016696958160628,-1.958963468975072,0.004762223763831281,0.6127653320914256,-2.3425474903730743,0.8092031355502431
2024.02.08,000006.SZ,0.32434221030325355,0.473447361356036,-1.2020692186960154,-1.5521196275850697,-1.370006573692476,0.26064666327165203,-0.9133172265749901,-0.19467605808010602,0.0070764707112247515,0.08026260464206073
2024.02.08,000007.SZ,-0.8675076832451181,-0.473961565965885,-0.5243939311420323,-0.8002633846803445,-0.3440325535620476,-1.7872595890726422,-0.9095245262999737,-0.1501453282922978,-0.06017373405321866,0.636766055283354
2024.02.08,000008.SZ,1.3070804937384133,1.4986903748413891,-0.4071125890966059,0.4106964980064766,-0.8011930548769327,-0.8814189964960131,0.6186640763142056,0.4811896856527052,0.10123180069487248,-0.054391895852168005
2024.02.08,000009.SZ,1.9959085950832345,-1.9672617833807575,0.26149457513801333,0.8627577314844279,-0.2963769421911119,0.8061194601148539,1.8979517393606236,-1.916370184531465,-0.7155586743237058,-0.2867329528297397
2024.02.08,000010.SZ,-1.9901571104119122,0.06844067562272789,0.14729311547635301,-0.5013823830264563,-0.25493341267129127,0.5932453390384841,0.25690481306689966,-2.094763084378127,-0.6134869308957968,0.4694933262808831
2024.02.08,000011.SZ,-0.7220772624031364,-0.9619760710116202,0.06261328165193748,-1.5085639450933048,-1.1362506553594836,0.6280241446854162,-0.14285890652271338,1.8249182247823292,-0.49780269591381915,-1.0628955068028696
2024.02.08,000012.SZ,2.317956175986323,0.9449461795890477,1.5467971718532332,0.20688788178655643,0.9421595044836143,1.727725122314763,0.6949788403128556,0.13413891905427985,-0.20434817691008192,-0.704733865375618
2024.02.08,000013.SZ,0.1736783258954276,-1.4848790270842767,-1.9640016578820023,0.16962045009363994,-0.9229428843900548,-0.7113303539787417,0.28237964740248706,0.6894671400219319,1.0218015703652237,-0.07116829985995099
2024.02.08,000014.SZ,-1.0753600694542118,-0.9009357029682085,-0.6843048792634759,1.3137027827772108,-0.7460845590991502,-0.6222483595625057,0.2468834281991772,0.7030965429138158,0.35635732030242995,0.3749367521897811
2024.02.08,000015.SZ,0.28261372334650703,0.03716376021980836,1.5672528795549796,0.975787119716487,0.17928902108272288,0.3098633745338197,2.834852743224173,0.8000585317944782,-0.5273516450902987,-0.870002335567296
2024.02.08,000016.SZ,-0.11244508011139046,0.3050820314559035,-0.7624601449281471,1.1620520424787941,0.38965485260071053,-0.32738345477336683,1.4127485676456961,-0.7192769351393937,-0.676940940626316,-0.31935078532718636
2024.02.08,000017.SZ,1.4750303952775028,-1.4447085340419055,-1.6673201848198564,1.2694758480895156,-1.1107861302152222,-0.4473280674486658,0.7598440025049731,1.4801324941259886,-0.7096582496558285,-1.5537908965944707
2024.02.08,000018.SZ,-0.39786726375308884,-0.21445755981697553,-0.07452270414675212,1.6556707826498576,-1.6932095839252137,-0.6261338789231075,1.4016851899530642,-2.260664275636506,0.655412708458281,0.6833688125251122
2024.02.08,000019.SZ,1.2614849301697135,-2.786019760809468,-0.4494688547420093,0.3689419118643837,-0.06445108844484608,2.2699989900013966,-0.5203041980954634,-0.2143194191494038,-0.4400090912727477,0.9581141051153771
2024.02.08,000020.SZ,1.1402392816466158,-1.2635358710838538,0.28304680593914905,-0.49176699840388916,0.6265064768147937,0.17525509632793063,-0.040250490020196615,-0.5614740314196266,-1.6729076789804969,0.9665684774317157
2024.02.08,000021.SZ,-2.270470230693914,0.6644082729323271,-0.7474267602642811,0.22246927607364253,1.5266262911351853,-0.6104491727604636,1.4196961158777486,-0.347865250766498,0.11249378895186334,-0.9539548567360405
2024.02.08,000022.SZ,0.5400291281560246,0.07947685786226871,-0.4065934067033172,0.18875560349864043,-1.06037332445495,-2.322708464001756,0.22815154239912885,-0.14029275726898288,-0.35841232132457007,-0.3533667922450557
2024.02.08,000023.SZ,0.14842163838195163,-0.08331289123363057,-0.4635863220983481,-0.07778112151368421,-0.10653362406534521,-0.26081375501555415,0.25578526402866986,-0.1400731810422053,0.5629677092271346,-0.9358074775763948
2024.02.08,000024.SZ,0.8384545955588888,0.2259140357197979,-0.29320317893467135,0.8277412961312576,0.8096024346914389,-2.124386064945685,-0.041876921204910274,1.1331803922790225,-0.6453369144686342,0.8385780141623331
2024.02.08,000025.SZ,0.3736239565626757,-2.7535460513279575,0.8463613967601339,-0.3500122476991584,0.0655886491245322,0.7072673666639144,-1.0907089139498163,-1.2311943268809025,-1.0041726656152095,-1.522201394057813
2024.02.08,600000.SH,0.5988809005472756,-0.6436563320310666,-1.3352115726942198,2.7169164084924056,-0.2840998520119312,-1.2259048972008002,1.2343981184539938,-0.5632065789835223,-0.8230384827564564,1.2909569605572417
2024.02.08,600001.SH,-0.25279666218723146,-0.04002372650735769,1.0158555840474255,0.04657588964959784,-0.6116751285279448,1.1893252997487893,1.5789010674584678,0.7674307244993582,-0.4536988534734963,-1.330474891213168
2024.02.08,600002.SH,1.4483114303678488,-0.7381473926313985,1.15171026801443,1.002481645476537,-1.8241425872043615,-0.38840488684401503,0.10382327686373252,0.09414276209352447,-0.28578425895658005,0.8334181300335485
2024.02.08,600003.SH,-0.12745808584881174,0.9259617222288102,0.6543702049492611,0.13805769700361514,-1.1489972425405248,0.1280154903056418,0.5122423782589184,0.4203781524044842,-0.31033396903489757,-0.5512701944255688
2024.02.08,600004.SH,1.575052451216903,0.4649892784835214,-0.9271151822645343,-0.8378248913883309,0.8824979974087636,0.8870337199197361,0.3350013890915534,-0.9095528932302247,-0.04665201305822136,1.1131525532217188
2024.02.08,600005.SH,0.741146066657487,-0.2777341986452665,-0.6799992727893965,-0.35093390253605755,-0.1654128710965818,-0.14252547284266562,-1.6570676245884581,-0.5370285461586728,1.2774841203135159,-0.5221837085080098
2024.02.08,600006.SH,0.6488069076910614,1.7229035049911832,-1.172179611000498,-0.8686950620976183,-0.9759996653548336,1.7557333318266741,1.40681519448504,1.7848783496471516,-0.3456478984521446,-1.9750351858230588
2024.02.08,600007.SH,-0.8345221614945987,2.1876680940193682,-1.1612670158282288,0.8561205204201078,-1.167710142938606,0.14471724530471144,0.6615608950327109,-0.018967950767088,1.1216123180035487,0.9609627918832994
2024.02.08,600008.SH,0.6159634972047585,-0.3256140537441433,-1.4178588361250177,0.6313709296794042,0.31232779135000655,0.8477894901806761,0.7961551492526752,-1.7961741356655871,-0.39506917137958025,-0.5979064925052491
2024.02.08,600009.SH,0.10018769922436795,0.37752179339755854,0.44026253839451995,0.8377678175255455,-0.43094097927853814,-1.0947207355969502,0.34142978207409247,1.543808881163539,1.1389874925855255,-0.2642459075039375
2024.02.08,600010.SH,0.11285679519515676,1.0081134513802792,-0.8954038405279666,2.0182669353759892,-1.4772242407964187,0.15503703993407073,-0.46086223133556614,0.8942183295403633,0.46392138366392144,-0.6786683465981811
2024.02.08,600011.SH,-0.972631522236687,1.0346734944583063,-0.28428072289294043,0.6204023605860287,-0.9582425448469575,0.4290627922001002,-0.5295604781310722,0.6711545158484219,-1.0814996120125846,-0.5263879699890869
2024.02.08,600012.SH,1.6534168647921041,0.5303719322643149,-0.7800703493637228,0.8562908357274852,1.1285483087433057,0.1554643394720303,-0.6654924927891956,1.1162396550193787,0.5852712504472907,1.0067377611512116
2024.02.08,600013.SH,-0.6693639993340648,-0.22584794464157332,-0.09255080853076578,0.05488881669227075,-1.365063589094652,-1.0868432155847643,-0.4380935016515434,0.6113975986854613,0.8456796014419362,0.3747652462156158
2024.02.08,600014.SH,-0.02703259249850541,0.038379543085324,-1.3750384488129963,1.9078849858859612,-0.6091086395686376,-0.8721448035710784,-0.4373517498773322,-1.4861309440857295,0.8532750493818457,-1.0860659457825814
2024.02.08,600015.SH,0.11034840896472096,0.8655270024993543,-1.0022213417677552,0.6230239318706808,-0.49208666172302834,1.0074441806935681,-2.1564936030445274,-0.7702198692803188,-0.6028354677871282,-0.17062543322347434
2024.02.08,600016.SH,0.6773980005314281,0.5757130099358325,0.9433116790286826,-0.40190014875027885,0.2940007844337604,0.6199572271393847,-0.27919038928160095,-0.7828603322327914,-0.07078591877343876,-0.0456790428175931
2024.02.08,600017.SH,-0.5247456624855431,1.60076075254284,-1.065007802581541,-0.5022699489957375,-0.9406451914326365,1.815089893449636,1.497359887476322,-0.08597166555638493,0.7004632863875361,-0.17995078549709756
2024.02.08,600018.SH,0.2711780605843092,-0.20919060219804148,0.6140526417953317,1.2249425524350204,0.31231532632189213,1.1086866357420355,0.8076816634505768,-0.2886061379079982,0.404973867027032,-0.13486869572678697
2024.02.08,600019.SH,0.7416571517394523,-3.178327394213923,1.035417040999675,0.40302059275873936,-1.309259433390821,-0.009995053717807376,-0.4988922532159686,-0.6951689175450937,-1.472620958386757,0.013300769379798903
2024.02.08,600020.SH,-1.659624793124176,-0.511579561835056,1.1507383650178042,0.05055381628242993,0.034630643742187474,0.037687109325733575,0.05507964226017012,0.05134955330129855,0.1537820617614153,0.8268115468475534
2024.02.08,600021.SH,0.7446671178818746,-1.7676606184856845,-0.08304180138024395,0.5230652204834928,-0.4571971352343847,0.6529972294783356,0.24423160176990505,1.0956909037924583,-0.41988500381417165,0.07403269878002444
2024.02.08,600022.SH,1.8164782725738309,0.39773306586554336,-1.20655753444678,0.20443743725937838,-0.8530423791632737,0.07292724302856714,-0.2064194342451665,1.6474363775597862,0.1270521109049948,0.8681707988345609
2024.02.08,600023.SH,-0.11414549255191216,-0.7558689237814638,0.167237457355157,0.9945914348306744,-1.7797754667506513,0.0040091037056271366,0.7289746199610164,-0.41023721151455667,-0.13855256397259316,1.1059592120329171
2024.02.08,600024.SH,-1.125519771989958,-1.0659463152969053,0.8037542195598559,1.3828999301994436,-0.46769382179831154,-0.7418635971679766,0.044939824672941255,1.2358027311566397,-0.19384657918297826,-0.5110655013025844
2024.02.09,000001.SZ,1.6694285907747797,-0.5591442999728216,1.2012918482219361,0.07435583924053181,-0.18404697534166742,-0.7313696958643966,-2.0979828266228004,-1.6273039254200325,0.8288024233832842,-1.164162979068361
2024.02.09,000002.SZ,-0.19259080871287731,-1.1396845505876818,1.4509092093282492,-1.5167466847549225,0.1654537828922286,0.4984095299608245,0.8342371189133624,-0.41411785415008523,0.9564663100289961,-0.23184783223477828
2024.02.09,000003.SZ,0.0546177488245981,1.0994693703953016,-0.12524416399543967,-2.1998149266378024,2.317577472550238,0.6096948607008256,0.4265170989455383,-0.023200815095877615,-0.28042215309726104,-0.13065459871322968
2024.02.09,000004.SZ,0.40637945685676163,-0.47527778805175647,0.18193767231382638,0.2546939676613534,-0.5366198401425738,-0.23808209957253104,1.4506648303758953,-0.575074933291062,0.638688598657657,-1.7034310769469194
2024.02.09,000005.SZ,-1.1632444456730655,-0.5225410995274036,1.0582698211333246,0.07566361570724733,-1.0765786122856316,0.19323082774544972,-0.1738322830922483,-0.11505920971433346,0.26415955056812235,0.10152237661896323
2024.02.09,000006.SZ,1.5091405936874047,-2.0774061727970983,-0.3070537663272469,0.4397537610064786,0.37298057456854045,-2.7895387471674233,0.025162457104854867,-0.9780456002337858,0.4154697578664061,-0.10173322803307754
2024.02.09,000007.SZ,1.6512279677275075,-3.0705550119379796,-0.6396443558973067,0.2543385806666607,-0.29001903872311174,-0.353549710710156,-0.2685295521465723,0.7983611086683755,1.295497820068168,-0.3576936829088393
2024.02.09,000008.SZ,-1.2014006731700337,0.7201790663335108,0.3721263947469624,1.4303564047771444,2.030811933352864,0.7565852563178873,0.935251148449228,0.2395099050101016,-1.6753950607863681,-1.8142511717559573
2024.02.09,000009.SZ,-1.1305568376960617,-0.9675676371546907,-0.05404377609015828,-0.20344937555867298,-0.8070905576936589,1.202567717183185,1.352635097698258,0.5223463984699223,-0.9938481972285944,-1.4886615509576229
2024.02.09,000010.SZ,0.0284772320154155,1.3914382804779661,0.28825650980820217,0.18802606207003042,-0.10081672107340627,1.9599864172865402,-0.7244249251376363,0.5881763357867461,-1.275329713362309,1.294631387599311
2024.02.09,000011.SZ,1.4346893506552905,0.5122573158164769,-1.4585084106453297,0.049570487862510046,-0.680405406573779,-0.2855026673552655,-0.6298856796206673,-1.6288255144659898,-1.004560054005512,-0.29062704649769805
2024.02.09,000012.SZ,0.21794800091648253,-2.185195959266121,-1.0832409600475008,0.1816751795083562,1.0940689194538455,-0.7501781379946922,-1.145685958521112,-0.5562597849110898,-0.346248234690906,-1.9426427067944538
2024.02.09,000013.SZ,0.9036846301294814,0.48326236206451684,-0.17969912963371956,-0.04506990296156196,-0.29623348526496496,-0.27697890939578435,0.4279760109354813,-0.39726180620772905,0.23360989227723267,-1.280778912158066
2024.02.09,000014.SZ,1.4268682993136441,0.004363048463763934,0.08733357079355082,0.5066327085423381,0.9931154257309658,1.4130320815318664,-0.2654507960981602,0.5041974701872667,-1.3685604480435678,-0.543042378863909
2024.02.09,000015.SZ,0.08384989937052902,-0.05679261358039819,1.0238367127889911,0.2630924969333816,-1.5792037936601526,-0.3424800372831361,-0.2886593543058209,-0.8385765356362631,1.5032188642933637,-0.3552093977478302
2024.02.09,000016.SZ,-1.8986425724403708,0.34854032972975946,-0.09906009817212012,-0.9848790105762761,-0.4018285071856398,0.9660846710580767,-1.1905603640148656,-0.5113156731861029,2.1131821717095574,-0.46320214441898394
2024.02.09,000017.SZ,-0.9662438393109792,-1.170470497439527,-1.2003430948494471,-0.3902716224896939,-0.17022573686945122,-0.039140379371065175,0.831236993060709,1.3707797145688216,0.24699683800169647,0.9226323670617728
2024.02.09,000018.SZ,-0.0486302605240532,-0.9187053933378646,-0.30924063685301534,-0.2417198020298173,-0.6875220668689859,0.608185371325763,-0.780122343496014,0.4569186919210809,0.9928634970914985,-1.1108822069204403
2024.02.09,000019.SZ,-1.2069320361848648,-0.1256233241418963,0.4568483522607304,-0.13130101022934113,0.03327709168355436,1.1311257403346535,-0.22723089702239063,-0.03251952383009907,-0.25729399322774027,-1.150660764616238
2024.02.09,000020.SZ,0.6830045983333844,0.263535687650216,-0.7410455839650318,0.4427467716567115,-0.5972819107597895,0.7399482064666035,-0.27729711762355946,-0.5474855934383853,0.3600898417965798,0.6147519673769465
2024.02.09,000021.SZ,0.4486751128799852,0.3672856499461496,0.13071962227353592,-0.9431453263466439,0.09542505300254332,-1.2574370908591914,0.3980399285483426,-0.14433102169345705,0.22985425159991338,-0.7794328363570843
2024.02.09,000022.SZ,-0.7975263840249578,-0.8351758828973982,1.028063802252005,0.6321312433885693,0.2647104170038403,-0.14552968422192228,0.03491285301090968,-0.899175579780504,-1.2434218661902374,-0.9891874618812331
2024.02.09,000023.SZ,-0.32565822186146814,-0.8437327095626129,0.1719413298098542,1.3689868220354786,0.3244529501123759,0.9358370953997235,0.8061043965642657,0.39713881173598803,0.2858484212694785,-2.110770132784197
2024.02.09,000024.SZ,0.5837251790498296,-1.0391822929190269,-0.21076755425254554,1.883547877999768,1.564995933270022,0.9766495602015802,0.29525549962784287,-1.1691545329897695,1.4775689058503665,0.14543643389625238
2024.02.09,000025.SZ,0.1608609095820799,-0.40864662876750957,0.22725859563778142,1.3222252210515026,1.0562279124704017,0.6238839122103234,1.5852310309660937,0.027793852978513837,0.21320412791748622,-1.2356692769048663
2024.02.09,600000.SH,-0.37384918239705417,0.23514404487028495,-0.7009080494625,-1.223015955798373,-0.9324510550530672,-0.2871432850050652,1.8598997192097608,0.43288957158249436,0.6663794271893968,0.49486070715688235
2024.02.09,600001.SH,0.5283697461660568,1.5645419490934904,1.176508106894478,0.19582561290642617,0.8690256309639017,-1.5823537963485987,0.3554056233969982,-2.245479564119803,-0.3576977734276011,-0.36631151337455153
2024.02.09,600002.SH,0.33533311548331707,-0.6759297815808682,-0.8879824191243257,-0.8358652568886035,0.6151322820106406,1.5398086294023434,1.723092962899872,0.3913295767957351,0.554703005635523,0.01612999172080068
2024.02.09,600003.SH,0.39719512881140173,1.251116250986851,0.5930216297995797,0.41075620866533114,0.3016481481211885,-0.656324415243869,-1.0646492224288606,1.3698583011521372,0.6332866429164965,-0.24741094992737206
2024.02.09,600004.SH,1.2812709675627525,-1.1536119571105306,1.1312384057184683,1.1815762619758294,0.17581001277942246,-0.2139414085973871,0.3094193916802038,-0.36263344997295327,0.09038860671623875,-1.4141563317374033
2024.02.09,600005.SH,-0.7323576398208459,-2.0783004488457038,1.0328607349979075,-0.8998857672044174,-0.24252839957743416,1.2927080562951818,0.12995845474110673,-0.5802909716413552,0.41683888845589967,-1.3824803543284208
2024.02.09,600006.SH,0.9705020199380663,0.13652348460751695,1.2471640484761266,0.45193817458060287,-0.9426423512609178,-1.2315596802152686,1.0084376486042002,0.32216320383638386,1.1815068456080042,-1.5436383802911433
2024.02.09,600007.SH,0.30592474354811344,-0.5603243360590592,0.5019729285800915,0.48449574666176126,-1.72796512534118,0.11982617027607186,-0.6355630061179443,1.4578649740491978,-0.13744197452734186,-2.218338256642678
2024.02.09,600008.SH,0.4063834140266334,-0.30063470045263707,0.9446951275539371,-0.9767904203519262,-0.798430031558204,0.7493796019146783,0.3722296124028732,1.9845144607616114,0.5475617077959393,1.137056184285755
2024.02.09,600009.SH,-1.1281896535786549,-0.8840223838597695,-0.009255057285742817,0.6022663795003734,0.052082308561962234,1.5584597997183325,0.39211579612003783,0.06625282484213413,-0.5184205184907633,-0.2300458455186161
2024.02.09,600010.SH,-0.07659494581995559,0.022209484404426535,0.09120728867261918,-1.483898904524735,1.315950295445262,-1.0736790561055638,0.7606805461581615,0.9496322896406182,1.2043133972513655,1.7212996590802252
2024.02.09,600011.SH,-0.40868019274713385,-1.229226030587693,-3.397480062248165,-0.4869110785897668,1.0016113969513238,-0.9659706937701386,-0.7563059789152136,1.0371185888153238,-1.6573832122347958,-0.5983899781128228
2024.02.09,600012.SH,-0.26424807921303356,-1.1133623186099098,-1.4478285313114485,0.13481367075325104,-1.132062908951842,1.1585594773002903,-0.740281252464509,-0.357070618458797,-1.8710845683175008,-0.03397251493876721
2024.02.09,600013.SH,0.42766979382604237,-0.18754718102517537,-0.2642428705988445,-1.044483500324841,0.43780224958268216,1.0703049134495661,0.2129632543661067,-0.9459898849233175,-1.3947467949951218,-0.4162916482432765
2024.02.09,600014.SH,-0.7803472573603991,-1.052311242327828,0.94596078211103,-1.0158784625433126,-0.5522529792398994,0.5888668465615198,-0.6887538538977366,0.6638560095580988,-0.2974389751085183,-0.07214490855086134
2024.02.09,600015.SH,-1.3896776270801234,-1.112301737142298,-1.0953782541332058,2.38764622396563,-0.4552971104843577,0.03773051234973836,0.8977249109839928,-2.2910911687205577,-0.3095815889368827,-0.37219491053797343
2024.02.09,600016.SH,-0.0702423486049091,-1.351374115628227,-0.9246927120707132,1.136424143092218,1.1875501790124579,-0.4595316905705675,-0.09302334464603726,0.8242764122071793,0.6848748773577282,-0.514191278513862
2024.02.09,600017.SH,0.2633148005675307,-0.629284349000331,0.45464764694738036,1.7380643430954157,-0.9127361661099145,-0.29757054498751795,-0.48733389472512,1.3027920761635725,1.0178958145155756,-0.3478991135117931
2024.02.09,600018.SH,-0.8736815241922147,-1.7973610275575764,0.12978633220138414,0.3098451355184134,-0.8903392838853611,-0.18109637417043437,0.7148608062837706,1.4695245514187898,-1.3774107632523587,-2.170028859503293
2024.02.09,600019.SH,-0.9735215505743264,-2.546228186947126,-0.26932762846133695,0.1084728644185837,0.47820258457786874,0.5342913226725803,-0.026231629422453637,-0.3696580586788136,2.7322267282869905,1.5911679521380184
2024.02.09,600020.SH,-0.7367773194693988,-2.4436236795976014,1.3536659724749665,0.14048052814857448,0.8554812799888054,0.16640321572997457,-0.09385920643027076,1.2754075131551517,0.33454817272118037,0.2949122133181779
2024.02.09,600021.SH,0.7091339827267102,0.502986100719966,0.1268837248723894,0.17229310537877515,1.3915905356913503,-0.803144471690031,0.4575300972373511,-1.1742606829828683,0.6855356280976812,-0.3882921866874484
2024.02.09,600022.SH,-0.12175144811551619,-0.1584004879899275,-0.4460470080802418,-0.011478754472062742,0.6217985362540455,1.0559707759844337,0.3049589133819334,1.0361042313135425,1.5078552096319882,-0.9635724843654679
2024.02.09,600023.SH,1.0267431674946428,0.733669928664014,-0.6493267605797562,2.317435710605641,-1.6486963693656875,0.8500041306035656,-0.05201374606035326,-0.07615516151490867,0.009924614704620237,0.6751694728175414
2024.02.09,600024.SH,0.7435505139890548,1.16748248836,1.5624909444315442,0.11475711535087442,0.12347163508371087,-0.1157913274961555,2.333808901968509,-1.40798584618319,-0.11182511492958433,-0.1887866743589429
2024.02.12,000001.SZ,-0.0797031296773029,-0.3070670199497789,-1.303327196801242,1.6737332896688766,-0.621014549300473,-0.5025886752377808,0.18663752448722506,-1.0230665909845875,-0.5675330561442614,0.06801862081163595
2024.02.12,000002.SZ,-1.7086073765594878,-2.202484537525857,1.1133579426335383,0.5526616417568473,-0.5233294104106734,-1.4842191331899364,-0.23950231629047866,-0.07897695390915623,2.0724336605245686,1.2027656033554794
2024.02.12,000003.SZ,0.0030692285943543086,1.116808288894698,-1.1590636699750032,-0.29996696356105024,1.6996252695650067,-2.3936041563810107,-0.4052994089848694,-0.40356406237129155,-0.11771899056181459,-1.3815636032203904
2024.02.12,000004.SZ,-0.4721599290451678,0.646802196754303,0.27565521015205446,-0.11102021999602203,0.2445606779157913,-0.6145536384177563,0.2090349178127619,0.34866094912543133,2.127959251227952,0.5004489205499236
2024.02.12,000005.SZ,-1.250034929446567,-1.6251233672486716,-0.05078375412273008,-1.3894271009703747,0.18098461324046933,-0.16481693243123918,-1.3108231899719311,0.688887313368189,0.3501758488492756,-0.7196734724488556
2024.02.12,000006.SZ,1.0360935705697603,-1.1643779397555032,-0.41579192037953594,1.1577875470610726,-1.2264923006836586,0.0028355169079398363,0.2809018463195032,1.0026551368392516,-0.9722411402579954,-1.6873329686360963
2024.02.12,000007.SZ,-1.3558215051957858,-0.5724565365160716,-0.555057566355365,3.106929732761824,0.6151242206493194,1.960518226058786,0.13277640358546644,-0.7648683187969206,-0.053819344852377056,-0.09103142153527762
2024.02.12,000008.SZ,0.9236993254308918,-0.12881785203596577,0.6846096518743532,-0.43295015735779446,-0.043134445040753845,-0.46103094416607143,0.6026469483425502,1.4492365599665533,1.1693381907724638,-1.5053164324680615
2024.02.12,000009.SZ,-1.8333304222414653,-1.3862027527788603,0.3392115573227868,-1.4945357168397562,0.14172623384324565,-0.7289642265495078,-1.159153024546683,-2.10317476514276,-0.706401067119486,-0.44439625428193297
2024.02.12,000010.SZ,0.6529721464490246,1.121153060438906,-2.0471230998804906,2.224182655566592,-0.0972502158265983,-1.4834107382255128,-1.0375849287585155,-2.454745673953368,-0.3507470371719173,-0.9811719319797046
2024.02.12,000011.SZ,1.512280325864008,-1.3829412234409413,0.24675414871009896,0.1748904969159899,-0.5520217026327856,0.42289658177246325,0.06133262817422532,0.38224362038852305,-1.048970577140344,-0.19372563188306102
2024.02.12,000012.SZ,-0.2537041264492208,0.012068276006838286,-1.027614750586836,-0.8940155828545163,-0.10486814122125071,0.8832806768290672,-0.37579800573571076,0.11964141606711308,-0.37674940244838345,0.5695134605391698
2024.02.12,000013.SZ,0.10880884108100174,-1.8343188790184042,0.6310060727973597,-0.5333888391518746,-0.4350689834943898,-2.5882410751510614,0.9323677218225475,0.47196345327169004,1.214900059862117,0.02622309285150483
2024.02.12,000014.SZ,-0.09072202521334416,-2.066647451809022,1.0386166715567644,0.4261266679676349,1.1691696911335847,-0.5487456176848021,-0.2744765911740636,-0.9507344042134568,-0.009570101601083642,1.7747288540207096
2024.02.12,000015.SZ,-1.540736821435846,0.26957286905042604,-1.0787834124653615,0.3069730831108093,-1.0115761340586626,-1.0701414583522486,-0.5322765261552238,2.0923608824715783,-0.5985289366989177,0.6912507619982762
2024.02.12,000016.SZ,-1.688607558600421,0.3144367757540018,0.09601395819365167,1.1647393833311064,0.7846345625645598,0.03436261308608308,0.4723564842416284,-0.6532967216491513,0.8005349059010539,-0.44106189534307755
2024.02.12,000017.SZ,0.5572593074487232,-1.0340907992664279,0.3216258791895448,1.2142959241572968,-0.8775116523527362,-1.0313977339876277,0.19706561032883047,-0.4795757098173346,0.18273896897886469,0.31917306879017787
2024.02.12,000018.SZ,-1.0564903468057747,-0.46668250228339914,0.3342184864799518,-0.2551237732875717,1.6009899607424534,-1.300183712117575,-2.04477551722931,0.9311815348366633,0.4068070484052338,1.2153802028198903
2024.02.12,000019.SZ,-1.1612880323121633,-0.72878101404764,0.07595792001929455,-0.1612391775036103,0.24829232117359615,-0.24254115746782928,-1.374232273042798,-0.48604938863593405,2.022558986929544,-0.16644860904348002
2024.02.12,000020.SZ,0.49223164760611055,-1.6331716419560658,0.17745018797355214,1.3421634092961374,1.4432536753881708,-0.1293132565194668,-0.5242749231005269,0.8164955192430253,1.5740626699421056,1.0212825081682144
2024.02.12,000021.SZ,0.39130856449490226,-0.6934510316572727,-0.6676562090881221,1.3738022651465613,-0.0022768951185211505,0.2556782834433008,-1.5281836461325873,-1.6165809308368182,-1.122828756371988,1.058460297438719
2024.02.12,000022.SZ,-1.0028251377236599,-1.0557261210610875,-0.25766938170953285,1.28125778394765,-0.3342429595248712,1.359614312141174,-0.8117231243217577,0.5456752404233162,1.3089027220429765,0.2667576979554504
2024.02.12,000023.SZ,-0.13829715071752544,-1.0533676231577305,-2.331112796835429,0.3951723028623226,-1.2002007829800205,0.5050270463396274,1.868370093842953,-1.127052772342167,0.09329584798309754,-0.09985730023522983
2024.02.12,000024.SZ,-0.2781586264393709,0.2671595630460673,-1.7384419017786048,0.7015635860854721,-0.5649375502482299,0.045289060803335945,0.4601808945888271,0.043198745430087046,-0.3399687653371001,-0.4579294697758774
2024.02.12,000025.SZ,1.2707625397579965,0.3224326629873679,1.620631355331189,1.5830100258015503,-0.43896122292434103,-0.7077709481162048,-0.13807441256279845,0.3951652277232542,0.9222869230611618,1.4913791961899727
2024.02.12,600000.SH,0.4015267405145362,0.6320802191933644,2.049691963363274,-0.9841077909394756,-1.2877040947725535,-0.9741510284891819,-0.6467388439706683,-1.2372687654063266,0.9605070426323021,0.37651616901239854
2024.02.12,600001.SH,1.1808931559136324,0.35267029516728987,0.3802553626493578,0.17782003793281698,-0.32736234695462435,-0.700131045003776,0.1548490639217291,0.7820741705605334,-0.6687839826500338,1.0620205148104578
2024.02.12,600002.SH,-0.7672826588030938,-1.637166414520332,-0.2273675110404866,-0.23155045112273628,1.811671446599763,-0.7414269129267996,-0.726660377850066,1.1955581776739115,1.1033752975099498,2.4383761444039536
2024.02.12,600003.SH,-0.33526510405996346,-1.3609579327082635,-0.021918100476471712,0.6831949424828118,1.3865151494240129,-1.4576520333864473,-0.3118672215873532,-0.5873492682970634,-0.4053464729367242,-0.23515373069520415
2024.02.12,600004.SH,2.4674036551661804,-0.004181492407757875,-0.3323613579014418,2.116264267567329,0.7039305825262454,0.48512180505754626,-0.3796231115420913,0.5545135175811426,-0.3764294985723874,1.1087073437114774
2024.02.12,600005.SH,0.1210565382737681,-1.524177549689018,0.436770549048318,0.1544561232024876,-0.672348534044391,-0.296375492418695,-0.03062650754811661,-1.1498429498811344,-0.24592769716760532,1.264923061577128
2024.02.12,600006.SH,-1.164687878217982,0.6856969821561586,0.691514955399444,-1.5602091642764526,0.8031973927414167,0.43123732223414263,-0.3047156205859943,0.9772443689417191,-1.4396616652311887,0.03695991361325437
2024.02.12,600007.SH,0.5550138412370311,0.8551453506560976,0.7905759048356645,0.819781355751429,0.6663076567490536,-0.1423487079986469,0.6684901101517311,0.3227621328827496,0.05496036081327489,0.01789006188046102
2024.02.12,600008.SH,-0.537329645742419,-2.0358597190185055,0.2172366540213191,0.9903614776335808,1.619203688759335,0.46579566459803473,-0.9402535912971527,0.4863139947775127,-0.7378680876534117,-1.5048593608038454
2024.02.12,600009.SH,-0.2070422780675655,-1.0896914822479178,0.7523758197695085,0.26700288126961863,1.9243340042645583,0.6584324819803775,-0.2811598580486248,1.2823046679911156,0.9421584672880252,-0.031596492316370635
2024.02.12,600010.SH,1.3326117229622143,-0.7401913302074723,-0.32009752732255126,0.924150888819085,-0.18152573775504094,-0.8137747035337737,-1.029704634796566,-0.17128588340687867,-2.068929330916725,0.249176818143904
2024.02.12,600011.SH,-0.8073544665420013,0.2856266589188515,0.4967042786791823,-0.7655017498939681,0.014290271780894042,0.1911160445263544,0.5542221321556328,0.050954586767438456,0.43584917302943565,0.11914397844133237
2024.02.12,600012.SH,-0.19530222556717994,-0.8231214557738685,-0.19413367411363555,-0.14230504653140766,0.5852435771822341,2.315413129825903,0.38216399095010617,-1.17451127012316,-1.8351122490872673,-1.4766633585474371
2024.02.12,600013.SH,-0.8264564939691572,-2.6098793859567055,1.1772966378739653,-1.5124255768752815,1.8518280326310506,1.174244348991878,-0.996895005023287,-0.35112689869501357,-1.2826303044213347,-0.19050501174680298
2024.02.12,600014.SH,0.019992894236809947,0.1289910445487916,0.5290233137200689,1.747448109196144,0.6032971637911521,-1.265856751166836,0.8661544065328872,-0.3086340720309968,-0.7551796823651873,0.8185080568687216
2024.02.12,600015.SH,1.3032247131330246,1.2481948307718165,0.5862399105655148,0.9504744903587311,0.6922247716316062,-1.7060765389233603,-0.8102903554993481,0.1646452476774894,-1.2755260664035786,1.2454473578259593
2024.02.12,600016.SH,-0.9053346854182628,-1.7200315973388647,0.3174442827791508,0.6041576444637548,1.7038462596759878,-0.678550605973557,-1.0481210892820485,0.9716371187356329,0.7966338808799681,-0.6634642933315777
2024.02.12,600017.SH,-1.619242628138656,0.1103931579140024,1.6725890115787108,-0.46848231833074244,-1.0614112330041703,-0.44030292132180243,-0.23955736352179732,0.6755957463894806,-0.09337697005292744,-0.7420195332553244
2024.02.12,600018.SH,-0.566154389731209,0.9440089970488099,0.4930457874751701,1.571015086550392,0.27829572779679046,0.17367541985156393,0.09213503659389681,0.8738181252605816,-1.2675957719842554,-1.0659292731279901
2024.02.12,600019.SH,-1.7782189370646617,-2.1776912009490963,0.02667715154541303,1.4813574671282954,0.8458137510951839,-1.0212739943946278,-0.4535102668654699,-0.26356484516931966,0.35123661643993165,-0.3184004931663494
2024.02.12,600020.SH,-0.7923773884824418,-0.490227907568535,0.17732520531613571,-0.6757377196693911,1.0536883272762387,0.571677275687224,0.35992273423821036,0.4799080314057846,-0.7387201496540446,0.4561674525903859
2024.02.12,600021.SH,-1.501692743677181,-1.0171312077135939,0.4417248845032574,-0.17407668979469237,1.7056385069740803,-0.8107306727334026,0.2714789850615783,-0.7489957912360959,0.07555810066596834,-0.3214136393055383
2024.02.12,600022.SH,-2.9546502619882475,0.24752993554451452,-1.6673323280825012,-0.6207278019996496,1.3800004836635287,-0.7258716219948006,-0.4224352209808443,-0.1018631412824637,-0.3875972885475106,-1.1375484875790276
2024.02.12,600023.SH,-0.013985391976487236,-0.795953034540847,-1.6290165962645209,0.37471222870399284,1.3316741170515647,-1.5898342548551763,-1.3607478921495868,0.07109822854573862,-0.12967730703882582,-1.4280832526280978
2024.02.12,600024.SH,0.7755857310416937,-0.9619426519082177,0.3800349057878949,0.9539194950464122,2.9063779585467704,2.6064277097959727,1.1895960095381803,1.3037123442218566,1.159964235197589,-1.5788678832233705
2024.02.13,000001.SZ,1.5248233378605778,-1.4855474051908115,0.6140068349677357,1.0659489446930925,-0.5715046049340071,-0.617157332617865,-0.3399517514685962,0.7824116717081046,-2.006603306729365,-0.6467380579020339
2024.02.13,000002.SZ,0.19199551370803478,0.7226983421629485,0.5341213250805629,0.9068163508570766,0.32579816393350786,1.17592801230535,-0.09675539726196297,-0.0457805336515323,-0.40240471699618485,-0.052887898038714
2024.02.13,000003.SZ,-0.7849476209120959,1.6459085607112454,0.9591223532570073,0.8501102879714355,-0.8047099393218652,-0.4325022500417571,-0.22850512376072535,0.203125807670252,-0.19318603586618388,-0.4213498122390977
2024.02.13,000004.SZ,-0.608956187030206,-1.1134027595619298,1.984524332486307,-0.612623404754848,-0.7499780493268274,0.07899755942794558,-1.8262986736367883,-0.1309958877196355,0.1785451876011421,0.3515451656421477
2024.02.13,000005.SZ,-0.7696115241675844,-1.1874787431421927,-0.09831373898507932,1.339734430208883,-0.054383552982954685,-0.12573719917986362,0.13380130330050755,1.6748026698032499,0.8673570136212674,0.14392181437788812
2024.02.13,000006.SZ,0.1414623605585672,-1.1159110376172807,0.9646934533129782,0.4663051967576443,-0.3114034175626796,0.3389797568245298,-0.40176215425204476,-0.7601977237600833,-0.27091995236307603,1.3716828897505478
2024.02.13,000007.SZ,0.6978116549612965,1.0956361438722273,0.13649169782226547,1.0389084526115748,-0.40126399825721404,-1.2929222822256723,0.4658338727842416,1.019155120505993,0.8303812208450764,0.7882727191374999
2024.02.13,000008.SZ,-0.8910940563863768,-1.0235751242368352,-1.1128102180883355,0.18237638650101548,-0.7838491745330162,0.03822070911181949,0.3258657821236968,0.47859353800408244,-0.3853606777401802,1.209887453353187
2024.02.13,000009.SZ,-0.24253276942412877,-0.03525142740246288,0.3807950144531965,0.6835883444354462,0.9113629122757168,0.04217947100710489,-0.7910196765183951,0.4829629687406813,-0.1983363494007529,0.3284982255870826
2024.02.13,000010.SZ,0.1749733593075285,-0.9651996565517885,-1.1624765880981371,0.2590966133065371,-1.1505387422425606,-0.09354104058746697,-1.3860287951616486,0.42293484936767817,-0.23749674462581077,-0.36232683074250766
2024.02.13,000011.SZ,0.5005318830180833,1.6269485931408814,1.5782705806704602,1.7659600517190759,0.1795736305276304,-0.20480749856645944,-0.2559223484327046,2.053424528749431,-0.9509194836636305,0.9251695729602236
2024.02.13,000012.SZ,-0.6626902567434793,2.0527491160896547,-0.4498613427681129,-0.22365755329916912,-0.2996797940969604,-1.2484886268436657,0.2914200387858608,-0.9089554800011542,-0.702282013798899,0.9158848916699368
2024.02.13,000013.SZ,-0.7400418618396957,0.5404384462199201,-0.13646684752570165,-0.279854515855489,-1.624049456550097,-1.7493883416627054,0.5726801881069935,0.5697378920427835,-0.6111085381078795,-0.5710446465145146
2024.02.13,000014.SZ,-0.8788613503568175,-0.26690935011741584,-1.3940542550545083,0.9130849908093448,-0.5886483609405333,1.8293960493220502,-1.844324836403431,-0.3962581998981854,0.898768473662977,0.7974779629872366
2024.02.13,000015.SZ,0.009126870435950306,-0.37952548803885594,-1.2281789710643976,-1.1069759468673133,-0.1669500001224628,0.10287256506467789,1.6023691655240009,1.0101800277822284,-0.5005830503392743,-0.36441895041050254
2024.02.13,000016.SZ,-1.8961974543046685,0.5254984192319688,0.3227730609189499,0.7325852240438577,0.5273809888805763,-0.8349317822065424,-0.1403789000589857,-1.0879109284937145,-1.4309610003520392,0.41384943677169705
2024.02.13,000017.SZ,1.2323527995460781,-0.19812668079457638,-0.13751211510229672,-1.3894458055254773,-0.5102169098164523,0.1356358649886399,-0.8480596605421952,1.0139824291556154,0.554738495483148,1.940711142410444
2024.02.13,000018.SZ,0.5387855552556367,0.21959546993977688,-0.797174550005082,1.1102254773074898,0.9145605165307038,-1.0701215753294562,-0.06108004570863393,0.4728531294301184,0.1916922354257251,-0.08843992581261557
2024.02.13,000019.SZ,-0.21946718111024352,0.2550851686860535,0.4518978201691776,1.1838647894146102,-1.0714421888656174,0.7789408967086922,0.17072330164244728,-0.8603521548294539,-0.19691283477742302,-0.45423298990977357
2024.02.13,000020.SZ,0.8944624876560558,-0.8760114431434928,-1.2751366366020018,-1.1043635046859666,-0.822609993334788,0.4827017089702476,2.569047858279746,0.7447690757903255,-0.8580789989577176,0.005940295975321401
2024.02.13,000021.SZ,1.15643251622033,-1.2879698388654433,2.2113686990587538,-1.1575429101608088,0.607657238065823,-1.054515501422445,-0.7992693841052739,1.9410329195014735,1.5761322802746829,-0.5308994454276329
2024.02.13,000022.SZ,0.5921854915627712,-0.8787714570595052,-0.18880660416158504,-0.1572954311779873,0.0292283296387133,-2.6036230526829023,0.7448127935293368,-0.9404123387130446,0.9713804346369674,-0.6888951206326657
2024.02.13,000023.SZ,1.8118173142184948,0.9846328801348712,1.7907187896836982,1.2693357126829783,-0.5625575521498288,1.0684356806121782,-1.1924325981090427,0.46035777773881187,0.21392405396282904,0.707205129680347
2024.02.13,000024.SZ,2.0910300538460476,-0.70580340482637,-0.26715980561120983,2.8233407967810447,-0.12473903332766773,1.2517494115243795,1.254807397531476,-0.18468198888241025,-0.07433841699596927,-0.7128817468438632
2024.02.13,000025.SZ,0.7949064124998285,1.9696867373456084,-1.2688254112220583,2.1543269500031976,-0.9279561625778173,-0.5948489062845334,1.3086297414767223,-1.7612537137814244,0.5035588083593234,1.0163136177468464
2024.02.13,600000.SH,-0.7264536195039494,-0.5146744806667288,-0.2752577387540943,1.5920043182003691,0.0028827979771727094,-0.9958430392292548,0.49584920019718326,-0.28888889934975165,0.4945650251107379,-0.7753086756677952
2024.02.13,600001.SH,-0.811538301617368,-1.3189623770780143,-0.2820605392996831,0.812877644998726,0.8723756362232793,0.9036810731324044,2.221975474653931,1.5135254205824085,-1.8482763462236729,0.27425206603448854
2024.02.13,600002.SH,-0.8206330668860429,0.40510570517864175,-0.6376616707258209,0.020758491383792137,0.595691847649089,-1.8248521628410137,0.2814361022962422,0.1561237300562703,0.3044416363313809,-0.7177064894504072
2024.02.13,600003.SH,-0.7725066785950849,0.4941352372722164,0.39112517187561874,-0.005004768333555004,0.0008318200606335901,0.980869353071594,-0.6418798944146976,-0.002415600996467662,-0.3850055876484756,0.6712998775440361
2024.02.13,600004.SH,0.6024067923817394,-0.6788537917618184,0.7508339595885769,-0.40336362225057715,0.676497346800744,2.0966411862570102,-0.055932987250906605,0.5808175445153955,1.1943803491241467,-0.2569818510881794
2024.02.13,600005.SH,0.6498702629316192,-0.8289330309362947,0.39456771021378106,-0.8722186852441556,-0.2629186868406159,0.22463491684923537,-0.8521618317320313,0.6443776683416996,0.2396185278696587,-0.7218825167402589
2024.02.13,600006.SH,-0.5043493621180047,-0.8520752876626588,-0.8563862075259727,-0.365613019716881,0.5109686680804819,0.256113679963369,0.5316670852560855,1.421883793862151,-0.43405059614078867,0.93005412277297
2024.02.13,600007.SH,0.08048935409816659,-0.5951351394527707,0.26842875170817054,0.8830452843264234,0.465660258745257,-1.1031472677094398,-0.332145096947361,0.8975263333404143,2.285977910397371,1.3025295162284354
2024.02.13,600008.SH,0.042242856778126475,-0.3842568109594224,-1.123833992934605,0.42631882151455125,-2.3604761704625163,0.4525559481600141,0.8893968625109338,-0.8057447289372879,0.19267636656196283,-1.070741668314348
2024.02.13,600009.SH,-0.25365080443752397,-0.5240096231571821,0.29682794679825253,0.711382157628084,0.9173195752425253,-1.4191161065142472,0.5255074497781095,-0.6089134607569001,-0.6810193140130487,-0.6483184859021157
2024.02.13,600010.SH,-1.0686595531531982,-1.2876794679550945,-1.6557011110859818,2.7973280701196352,0.7001810048871702,-0.4330298179173602,-0.18695041487032682,-0.6525454020069137,-0.1319076658776329,-1.274130270051114
2024.02.13,600011.SH,0.17871649849993926,-0.4060986958875376,-0.3541219436003714,0.53374275450766,1.0548602161375114,1.848905815156001,-0.9660165632100913,-1.1751479500979947,0.6093079172175634,-0.1238715160539785
2024.02.13,600012.SH,-0.23621587884006587,-1.6695115038259656,-0.793180787313175,2.3164782645750646,-0.2661911295766306,-0.896242200295172,-2.1785985040368896,-1.065781638042829,0.8511418915700745,0.14631938476395312
2024.02.13,600013.SH,-0.8370413483806728,0.12228728080442565,-0.43271526944374467,-0.9093741467752138,-0.7342460143234392,-1.6766914389590426,-0.8030532709501875,0.01762907832900199,-0.4421134129373415,-0.4115570502277749
2024.02.13,600014.SH,0.28249780534194263,-0.41148874078411257,-0.8549131439703882,-0.2794314718865459,-0.4877094139871311,1.083304686493594,0.6614421731727397,1.9955888003620454,-0.7572245083291126,1.409238930114459
2024.02.13,600015.SH,-0.6018813377141993,0.9521473967629023,0.36915247275172275,1.280740651776409,0.31002876063296414,0.3574977720323015,0.16693007634018228,-1.0940497469259867,0.8240351172941173,0.02040658523407275
2024.02.13,600016.SH,-0.7264881906760595,-1.1761185390830995,-0.7410210246672526,1.4568075023394498,0.150505957535949,1.311741198649713,2.9123725487788987,1.1782804649376555,-1.1576818191605982,0.8015860853681039
2024.02.13,600017.SH,1.3685054599196091,-1.458937411647836,1.4055627731306206,1.5142950247598876,0.7822923301418607,-0.7484762892589103,0.8203909318209954,0.03195267256834766,0.166470172730417,1.0982046604110474
2024.02.13,600018.SH,-0.42513564756953115,-0.9169639285199421,-0.818005403145941,-0.16988837141966956,-0.3568094425200943,1.0756164682655425,-1.919103565694442,-1.061025583110765,0.015388624617035253,0.6982710108731643
2024.02.13,600019.SH,-0.15318011953095975,-0.845697295209811,-0.9037537737843796,0.6440061131305299,0.7322686860394311,2.12670606772806,0.703430441938763,1.0565366959338538,0.04181584591385318,-0.9477158098089208
2024.02.13,600020.SH,3.198509721205066,-0.5526799526812923,-0.1727731828307789,0.9544831383309812,-0.12569783140122984,-1.217833566361783,-1.0373900718313154,1.8488747087047017,-0.1703957431964797,-0.7933872914160679
2024.02.13,600021.SH,-0.1968426694336293,0.9122669164210776,0.4261023163822485,-0.4065423436939708,-0.6067200950758364,-0.3190758951256828,2.7348145916325315,0.04144464173773284,-1.7878516097678268,-2.3057812302617173
2024.02.13,600022.SH,-1.263461444336742,-0.40996801651283055,0.4560112028959708,0.6323799599182112,1.3491706474080574,0.8102729129342366,1.4058066441428774,0.8503262368616422,0.21463028165338177,0.5889171693343799
2024.02.13,600023.SH,0.7551593609720979,0.409697302278959,1.389732891913073,1.114062500302236,-1.28986102764495,1.626659455484774,0.4608233309295987,0.2780562522535055,-1.0492827644208444,-0.3500115232750618
2024.02.13,600024.SH,-0.27768856018520666,0.410806049301368,1.1850950675998781,2.7555155705114447,0.5920891875438292,0.6846118952856758,0.03781159815718003,1.3527483880855042,-0.7791687992614938,-0.4214226294407698
2024.02.14,000001.SZ,0.08006345143826941,0.0419616950377845,-1.3651256263030003,0.952250405001956,-0.24579647903492444,0.09735169501970803,-0.4436353240634216,-0.054166444158330336,0.9464278678836482,-0.10463012382636733
2024.02.14,000002.SZ,-0.25344833367701103,-0.3504069417918466,-2.529379332590176,1.013162801155068,0.7428217415223136,-1.8729508861289554,0.633106088500265,0.2382192349683503,-1.0607211369054772,0.1414432042132045
2024.02.14,000003.SZ,0.18028218068874255,1.0781397708741751,-2.593932877415716,-0.3643346712714073,-0.0749037595393612,-0.37140702915481055,0.280461945319925,0.5634129759536023,-1.2005873047009612,-0.2532604796027331
2024.02.14,000004.SZ,1.5496883849243326,0.532331428693299,1.1596207352905616,0.0397934870464123,1.9614786890166822,0.2085186714008567,0.6842108593716227,1.1373143015726135,-1.1212387817293439,-0.27164815343583104
2024.02.14,000005.SZ,-0.6237905683198209,-0.37775142412236323,-0.3408260244450714,0.5633050490493842,1.0879864993389459,0.8846242560181435,0.45204093389330763,0.13137885359809923,-1.845089779866385,-0.9735754781746582
2024.02.14,000006.SZ,1.4714029605166636,1.8960210138682823,2.4921030995170614,-1.8649548304311838,2.3220574301172707,0.5802573774814762,0.49293543076120666,-0.5085618833043245,-0.318616832819954,-0.11060542181997823
2024.02.14,000007.SZ,-0.03292947809152874,0.7091118072174762,-0.17626717297162678,-1.2541670392401458,-1.2204240834209372,0.3139792635919989,1.2852857478030197,1.3664573791431998,-0.4921947339676477,-1.7182619781388901
2024.02.14,000008.SZ,-1.7470516204171125,-2.125970916101484,0.4983804478408522,-0.3179050125123057,-0.4759410150410031,-0.32827992320723315,-0.9338920260029034,-0.7124782366220526,-0.894408755084805,-0.5429673344916932
2024.02.14,000009.SZ,-1.6096448641805188,-0.6075526787132373,1.4308610036417997,0.7794105691401062,0.2144908672313627,0.5776395216137575,0.20278329809112094,-1.96951080286008,0.9405702341432601,0.672961310596879
2024.02.14,000010.SZ,0.44724266919196815,0.33887973677719035,-1.354696058971038,0.18154150570780203,-0.4642069930480896,-0.34468395886643777,-0.8832676882897925,-1.1739224073993348,0.16741961624265306,0.4939833178118469
2024.02.14,000011.SZ,0.689885474619723,0.36096567125165646,1.4803677432480964,0.09460289749908346,-0.5672942376551463,-1.0386706076024006,-0.4396183665862619,0.7143640788837262,0.1271686552327076,-0.16661655439821918
2024.02.14,000012.SZ,0.2845559047340232,2.2104424384377683,-0.1372992454269119,0.1797388536737566,1.0388845666720579,0.9089698440850068,-0.14686367265935527,-0.4936023076992408,-1.0238187277556097,1.1328671983545537
2024.02.14,000013.SZ,1.4862611259098795,2.090818962662709,-0.28558886545679596,0.3333303964897553,0.4654624013888656,1.3133499027584579,-1.9529049631593407,0.9312161168663027,0.22895696714099154,-0.4687662816387556
2024.02.14,000014.SZ,1.2548158932742814,-0.5395890959572957,-1.0096124630951706,2.071094939189402,1.2089175576334745,-1.9067012410656905,-2.2179442924093884,-2.0692915548164135,-1.6453903886867467,-0.6634535528311497
2024.02.14,000015.SZ,-1.7343840397713808,1.920988501695056,1.7402847205221337,0.13350200100987056,1.3901751585855062,-0.6768726390335417,0.13719714295364757,-1.7648783804581536,1.3398922807898122,0.6710565691955052
2024.02.14,000016.SZ,0.04689124430639332,0.11888706452551877,-1.6436444294509025,-0.45085221819310584,1.3590567482460663,0.5052225184337343,0.22992577130415812,-0.2909806476285114,0.724273214090365,0.8428174218687903
2024.02.14,000017.SZ,-0.5193763696005984,-0.9064359344747678,0.4916386396691459,-1.0231890359094449,0.8112608729434991,-0.603496743870783,-1.0157138800654395,-0.6921135250947671,-1.0122517036819716,-0.3736011512011306
2024.02.14,000018.SZ,1.0240302310901597,1.1735018226797411,0.35515244003465346,0.014969425042131754,0.9934105598365033,-1.5021021142685127,-1.310012703282846,0.6705746262125746,-0.5591467682929327,-0.9987559540615948
2024.02.14,000019.SZ,1.002923851608602,-0.313997278557953,-1.2435075221048784,0.9671468864082882,0.9773704067431894,-0.5444210547929589,0.19000105797083727,-0.7313011554378552,0.8046640481207238,0.3537985085264574
2024.02.14,000020.SZ,1.371924299511553,1.589869562013337,1.4790485126236341,-0.15259999398197116,-0.8782869584034141,-1.2831199508204802,-0.6817994297072022,1.7908342894862983,-0.3437757659409832,-1.4331499480466512
2024.02.14,000021.SZ,-0.23947125560172283,0.32638718827047075,0.33918618838628545,-0.6604783913171015,0.6188531138569314,2.1415768964326913,-0.24755198824806124,-0.1334330602935361,-1.3855123838108454,-0.0764432402633067
2024.02.14,000022.SZ,-0.33947629600339796,-0.5011968152157673,0.7131666224603325,0.73122166832616,0.2052867701776646,-0.7497721845498743,-1.828516216095392,0.4934704562296691,-1.5348474235760705,-0.5655061390071109
2024.02.14,000023.SZ,0.5835601593751223,-0.43474641566577105,-0.2522020361325181,-0.8208322941344777,-0.5394002730364778,1.338505251723194,-1.5855717240502205,2.3679922988392192,-1.5838578624032842,-0.31128390399037936
2024.02.14,000024.SZ,0.438512929319168,-0.98321074926098,-0.7916994544112096,-0.5086823560088416,-2.1853551250515446,0.7131555448875186,-1.048591785951153,1.2431401441177234,0.5044666710027621,-1.2811197499207971
2024.02.14,000025.SZ,0.4292008274231918,0.41405777816598704,-0.8631135315748079,0.6176301974966817,-0.02420048493865787,-0.12110596029750718,-1.403778357021595,-0.19611760032421013,0.8535851870804737,1.8572128986626855
2024.02.14,600000.SH,-0.9052952980731396,-0.06819802494437056,0.19218253352808096,0.8745614854970768,-1.0043550810059454,-2.0920467708957893,-0.9910751332926466,0.4220644214733829,-0.6662546818684117,1.6473190751761588
2024.02.14,600001.SH,2.4138012606417023,1.1159064921158277,-2.348597488704732,1.4522065732484366,0.32007974063818107,2.233300112234893,2.29856171893327,-0.826389661576868,1.1510215555068073,-0.09051651988228791
2024.02.14,600002.SH,0.39452149531850245,1.736717550244692,1.3915837168262357,0.3231666149367692,1.07217844916294,0.9335682786577855,0.2503802757969474,-0.3053758293113413,-1.0302838190419623,0.5448906031366135
2024.02.14,600003.SH,0.27215956194863333,0.413276200602076,1.0550900436925987,2.6374213972682714,0.35474638556907795,-1.0434612101161052,0.4491548514712301,0.863532436541345,0.457642884075769,-0.5477744558784604
2024.02.14,600004.SH,0.5974512086202043,0.41051328273629756,1.3600309115413967,0.5312761467119563,-0.4386926326053356,0.17923501201430747,-0.0648995806295872,-0.28515145046056967,-0.4463606114957186,-1.6604828602281445
2024.02.14,600005.SH,-0.14352099670131543,1.5466836644509938,0.8743970428177636,-0.4486114013135422,0.041643841253880626,-0.012170527226892785,0.9370592971591746,0.41841007309405276,2.1216252679054337,0.95877716603719
2024.02.14,600006.SH,-0.4042048474737356,1.4165352193078862,0.09728186348203166,1.4731650121128734,0.30100370235796425,-0.06109064680631222,-0.8228445089084095,0.5004067606850642,-0.5447433618552029,0.22114778357718184
2024.02.14,600007.SH,0.5550338928902773,0.7106956336453022,-1.8114347769704453,-1.459419847875698,-0.5750673573883077,-2.4879538654428286,-0.23181987878425037,-0.4438773629494818,0.6407605450781894,-1.162472428372005
2024.02.14,600008.SH,-1.293725026346218,0.7210280180643741,0.2354156826206669,-1.2587381324901206,-0.6068878699906838,0.08985197948945699,0.09111613818987103,0.824108569800745,1.8115872817068337,-0.8664053050136934
2024.02.14,600009.SH,-0.7137473778559634,0.2564990538983508,-0.5967134426023907,-0.148719544269717,0.8171272623062971,1.0377605908501133,0.45583098377313724,-0.4665293242500053,0.28162061135773436,0.056361435207233045
2024.02.14,600010.SH,0.48447189543732216,-0.7396925105953565,-2.117992084822147,0.7195920929034085,-0.6264085676011083,-3.5329302351929157,0.6732309380360744,0.31158746347079974,-1.28977830429156,1.300540793416126
2024.02.14,600011.SH,-0.7676464271373098,-1.1425763579760608,0.10180959281346218,-0.2629621966530827,0.9906131247218833,-1.0939479455027739,-2.068774595165375,-0.05191287386014686,-0.31932074808638944,0.13171508987826616
2024.02.14,600012.SH,-0.5745938142353229,1.5361339380885246,1.2088525532363272,1.1673726322504587,0.4851003581112235,-0.9693946095908356,-0.08777267188560361,-0.35014933428921624,0.4813155507851325,-1.3240999734179348
2024.02.14,600013.SH,-0.5274016709466977,-1.5082889751855217,-1.1567450377084891,1.3106183212728924,-0.9411510982951679,0.9547282834428301,-1.2348705170962386,-1.4895214255074594,0.035839997176068096,-2.7649118491458236
2024.02.14,600014.SH,0.33593409273369024,-1.2103591675364562,-0.7740161164622352,0.16427492214659284,0.8674458918146909,-0.30341064586982763,-0.46229284714161967,-1.6816327099634043,-0.16925895460686738,-0.8086987590932467
2024.02.14,600015.SH,-0.49982800962464907,-1.4942216491168705,-0.9991763045033213,-1.5873148997757967,-0.6092755152532053,0.48812949155409135,-0.3326064263039938,-0.001920640833278837,0.41986401111980176,-0.5880838891541704
2024.02.14,600016.SH,-1.4360940457454843,0.49414769331067065,-2.0582906729355943,-0.3358301047477759,1.105473418649414,0.6432853428524445,0.5487209748817659,-1.3558206522139744,-0.5418078464795868,-0.007651360817859713
2024.02.14,600017.SH,-0.8756088834764673,1.5500387765743309,1.2467711736390361,-2.380610831784756,0.8550209183067594,1.5054617798926293,1.3320283626816944,-1.7019228059295302,0.27658572257326963,0.681049467056471
2024.02.14,600018.SH,-0.10331245125698248,-0.8119933443007411,0.14530438554908562,1.9956120844133214,-1.5136752792805623,-0.11946859933398268,-0.7136956750591209,-0.3285293599623236,1.270864740154044,-0.41141982810206795
2024.02.14,600019.SH,-1.0748503305278652,-1.1432060552688836,-0.07367242522373095,-0.6189872724663333,0.5450343061748983,2.3989434779297842,-0.39988989136686537,-0.08271589490983318,-0.10366952120125526,-0.26142513676067963
2024.02.14,600020.SH,0.13496589182804827,-0.09212912621541844,-0.45160006734216224,-1.4999678660155624,0.9687928156870831,0.18527297503628037,-0.20348825518191854,-0.9669991607555556,-1.237132963074097,-0.02717177782443322
2024.02.14,600021.SH,0.32650646784690796,-0.20710317604969303,1.4630648238996646,-0.7781082479040277,-0.36398340189585543,-0.17152955941861167,-0.8114231828518105,-0.4818360137130344,-0.24980484632630146,-1.7711392026237756
2024.02.14,600022.SH,-1.525693965272452,-1.023542077354129,-0.07234138309859502,2.537042400155077,0.13161768709323285,1.6583034225241196,-0.4813444566026563,0.6136998409557911,-0.4530270613888032,-1.5827878033999934
2024.02.14,600023.SH,1.1542369387622424,1.1128164807907237,-2.013415691675742,-0.409516761138961,-3.1416756002837016,-0.8125691241909576,0.720099220418427,0.5729592965749782,-0.8607335375853666,-0.3112857988425609
2024.02.14,600024.SH,-0.8028442587230373,-0.5217691188086776,1.8135669957535587,-0.12521546248052065,-1.287696622533084,0.8055446892157861,-0.5880908374646671,0.3262472937336409,0.01732035000385975,-0.23549422998740122
2024.02.15,000001.SZ,-0.8307709099748384,-0.6576053474246369,0.22143844613782107,-0.6218644409743526,0.9111709069158765,-0.26129622358893595,-0.017545426430371863,0.5416741787157722,1.6452307759181377,-1.1072650536329969
2024.02.15,000002.SZ,1.1913740399263326,-0.6016542757010658,-0.6323787214630204,0.6809556920598616,0.63861267535434,0.688021911348577,-0.18365276983061277,0.7770871535742122,-0.38331563552401027,-1.6464094296624456
2024.02.15,000003.SZ,-0.7098012003757939,-0.9311409152577563,-0.8832874044740233,-0.008886192038868064,0.23157278473694395,-1.0519378565452717,0.7208984245011985,0.5426498940914993,-0.12952168684589863,0.8666455904312487
2024.02.15,000004.SZ,0.9294212673107526,0.23105910529891482,-0.48276462783246477,0.7022847288446543,0.3426930623739032,-0.39359620630457587,1.1159340376809044,-2.656323369597127,-1.6400417254174893,0.05105315302802653
2024.02.15,000005.SZ,-0.6625524280501668,0.48380793381473314,0.5631235696397067,0.16958686351014693,0.10821754577852055,-0.4775192283995829,1.8940726367158447,-1.2048822203009404,-1.4153308824206297,0.08667990280455923
2024.02.15,000006.SZ,-0.3099416747305255,0.31053118436911875,0.4843842755503871,-1.9608066345747301,2.585972964074825,0.5062900477347939,1.1716444578622975,-0.75849657771301,-1.2572298465766867,-0.5484286401570707
2024.02.15,000007.SZ,0.6286008047367326,-0.9262150871191183,0.2471707888670839,0.41455480556141605,0.25114514422859885,0.5788026369587743,1.3021282210368932,0.8636139931887579,0.873064605650162,-1.0158276698377988
2024.02.15,000008.SZ,-0.957654704540532,-0.47234063005721766,0.8357387189387709,1.0528616934141908,-2.150762012992522,0.10870193537110773,-0.9914436434974738,0.7582360413907249,1.987891368010026,1.0525210067654869
2024.02.15,000009.SZ,0.9878040733690213,-0.20902145002776698,-1.4808799319513464,-1.6244098487617962,1.303044429609833,-0.4584435020680726,2.7114391139333764,0.9387412815168289,-0.20952290629292042,2.5367748517977584
2024.02.15,000010.SZ,0.6765719869484068,0.5538426960400346,-0.17786894354374916,-0.5144881810774684,0.4355820412554601,0.4939686923765734,0.16965902695479285,0.997168766981597,0.17733172013560533,-0.6274235308737576
2024.02.15,000011.SZ,-0.3256259676508122,-1.6633169421615486,0.1275654729156021,-1.5326966154314843,-0.12617547575862498,0.495060605378861,2.7166617518133274,1.1347147255596262,0.31189776480991577,-0.12263142300552896
2024.02.15,000012.SZ,-1.1633325216829697,-1.0062807321717295,1.268937587298503,-0.848435520891022,-0.9727251465015515,1.653525348491873,0.2794368313771746,-0.709588197973057,-0.8563505101614027,1.2498948589010326
2024.02.15,000013.SZ,0.6360310593506027,0.11184537562791824,-1.0995755511519085,0.7848507535802087,-0.27307055170110045,0.7589341715212086,1.222684813957935,-0.8937189509523741,0.16885374152939142,1.2258339652502226
2024.02.15,000014.SZ,-0.17664803052237513,0.5329128020396801,-1.6997635203608432,-1.4474627503414499,0.5316868250047962,-1.329786883990682,1.1359671103998183,1.7797591832950173,-0.04737879635462322,0.984319661406839
2024.02.15,000015.SZ,1.7610536588928025,2.587196305380918,-1.6589144848614545,2.0099652486859174,-0.10814381718297289,2.06095343777664,1.574372042027719,0.17948890690215438,-1.5448429495546663,0.535662697931761
2024.02.15,000016.SZ,1.7865312009427514,-1.0738985809687511,0.7453275269657947,-1.0617609477449725,2.1774594147507633,-0.1565036791933674,-0.9058903204442108,-0.7318984237064465,0.0009625025020512282,0.5208743335521246
2024.02.15,000017.SZ,2.0881425209004174,0.23410721777831048,-1.5284862216100439,0.6324732197645551,1.2726637421890392,-1.5426262899141998,1.7931009037952697,-0.048978201998152435,-0.16423732573001457,0.6724910466043058
2024.02.15,000018.SZ,0.987524851406774,0.9725143496663898,-0.3308384911928745,-0.3065021458303448,-0.1146341866650852,-0.9395983063582314,-0.7567783763723989,-9.488493089599028e-05,-0.3537945730885087,0.7815609529578085
2024.02.15,000019.SZ,0.5956317742056155,-0.4638652745221215,-1.389324244555972,0.4289354453999091,-0.3508697870406966,-0.3500333873773747,0.8883279983355734,0.9660418424837509,0.7724569219629918,-1.263212798070671
2024.02.15,000020.SZ,0.018466107345738437,0.15711506876641684,-1.2151533451307264,0.723315469600909,0.8463734420156124,-0.9587501703556296,1.5729039742225586,-0.9886669569649693,0.7146475164714595,-1.8182473416009872
2024.02.15,000021.SZ,-0.4745081839814297,0.06840441648177349,-0.12211811071002786,-0.034635994703726185,-0.002639970643277116,0.4113354049127166,1.0749354361515386,0.41048794397468874,-0.7016560458375896,0.05444636170262663
2024.02.15,000022.SZ,1.7966221382718175,-0.7489358982048069,1.0275057817218458,-0.6336574866668963,0.06419860217594464,-0.9614128704788001,-0.35181616573995084,0.24667392658956344,0.4205417880559213,1.217932961122246
2024.02.15,000023.SZ,0.3234131262915888,-0.3035975010189123,-1.6073040918351476,0.40015806694181116,-0.027299334462650118,-0.9389250860815453,0.03672978989289389,-0.6867096673609406,-0.12469940240668495,-0.36391949085070174
2024.02.15,000024.SZ,1.5957638417304123,-0.34092634441892933,-1.1700854551832873,-0.5507716001067169,0.5473917120494927,1.119541820161439,0.26748783093488243,0.13384505440315297,1.505140038157916,-0.2193252436176674
2024.02.15,000025.SZ,-0.8085031440156747,0.32072792714930765,-0.25236965469845085,-1.4955855980075559,-1.0464646358525203,-0.3921541464290869,-1.0976430014819873,0.06007130149109443,-1.1407707694241531,1.534122041197464
2024.02.15,600000.SH,2.09404732232209,1.5363506942200444,0.3136717162630388,-0.02991851107607697,0.05824614860920934,-1.1134297313629564,1.0880927220100833,-0.31558257516661786,1.2671694681387728,0.12469656891703615
2024.02.15,600001.SH,0.7013409725162276,0.6783394266100949,-1.1297504347213347,0.15993768549401582,-0.6904644352986079,1.3215857427961404,-0.05737232583635929,1.0013862251407526,0.1371457217420176,-0.9212627057964431
2024.02.15,600002.SH,-0.4043207602411219,0.43934047900377793,-0.860428866867159,-1.5743649172461234,-0.2923821984517655,0.30380432230840543,-0.31138061074619156,0.8811331421041811,1.3639153431802753,0.813661784049759
2024.02.15,600003.SH,-1.741064767255329,0.044191503122756784,0.688299955795643,0.9797948059676427,0.5800395567597463,-2.0544734504729334,0.8702830782401734,-0.5935675939537192,-0.43467236015444,-1.2994560261241188
2024.02.15,600004.SH,0.43934166286836185,0.7011508540470821,-0.8805589573665021,0.09633948228128002,1.533956104560452,1.1119567307977483,-0.017684686679458595,-1.232642994847847,2.5554270116722337,0.021104744840259978
2024.02.15,600005.SH,-0.19142290210473945,0.5634663743448934,-1.2997706456805165,-0.7630083801365235,-0.5969400850097741,-0.8320748709582451,-1.198631001431847,-1.7019033862605553,-0.8582773777427241,0.5984054517955927
2024.02.15,600006.SH,-0.3447402277839259,0.23427665573400455,-0.7841559820171142,-0.1332957115644603,-0.20476213386384778,0.3458500889157033,0.5592706635495115,-0.06221531995296233,0.5087895183111983,-0.5728580267485212
2024.02.15,600007.SH,0.6978608677072028,-2.500227960903976,-0.5802535440501176,-0.11028044043823,-0.5670063651539407,-1.749176375524851,-0.653790195524502,1.4218406962636891,1.161441957221384,-0.590924962621083
2024.02.15,600008.SH,-2.1704501067006885,-0.5482937984683068,-2.641522568222594,1.017305804158856,0.14290160312777198,-0.2951465377581108,0.01107047832512656,-1.8241970324537429,0.6150016914878851,0.1859957599445855
2024.02.15,600009.SH,0.6539525532597923,1.096199559630539,0.5109627838133812,-1.1476179994948243,0.8236310977957423,-2.2260472887509106,1.0662253491442373,1.4292264985348742,0.05512625846765134,0.11274938534950471
2024.02.15,600010.SH,0.2530329945017474,-0.6237239876667654,-0.7400359351728499,0.9487094736473531,-0.206598109926219,-2.4910409763191477,-0.2638025110467779,0.013748068656142315,-0.00022550592335053896,1.2779669926737192
2024.02.15,600011.SH,0.536210252841388,0.5319375351150581,0.7592018161644878,0.8046620294615706,1.0909022068012044,-0.8137942869950004,0.5304716848462283,-0.20973180233601968,-0.2870533481884937,0.8390675167861779
2024.02.15,600012.SH,0.15905560553103232,2.8343273222481513,0.3210290315717517,-1.067494167102756,-0.5071518006343582,0.3865497913451706,2.7638731918856942,0.7764994620135046,-0.474114349590891,-0.9424981066195411
2024.02.15,600013.SH,0.5920914390296628,-0.7819494527550773,-0.02631762863535843,1.104553771798515,-1.5108821623500162,0.5177544712163675,0.1837319447076799,-0.7208318520264532,0.2803156737981375,0.4725746181044524
2024.02.15,600014.SH,-1.303642092421381,-1.7451575015417045,-0.9811033303984948,0.5973984494410263,-0.23021906934583733,-0.9894887564027256,1.2019949861410382,-0.3357837265381149,1.3660841088371656,-0.13344855707987346
2024.02.15,600015.SH,0.04560027888739536,-0.3823978375512311,2.187592749812721,0.39588656922509596,-0.8322298787647012,-0.7492615014090624,1.0679295673970235,0.5375204451429961,0.3167751757738006,1.4367613661108183
2024.02.15,600016.SH,-0.06744747748668321,-2.1054193477127385,-0.8400763143424608,-0.2694575462927332,-0.10091327970647651,0.8837274532676699,-0.16600397653982638,-0.41355232605074654,0.4607074195628867,-1.476099486695716
2024.02.15,600017.SH,0.08002562291231885,0.7676368758238206,1.2545704733636092,-2.7195038486436496,0.6873863136156855,1.7784689322945617,-0.1081751291077784,0.7634607726523486,0.3552314548613609,-0.7051152183889434
2024.02.15,600018.SH,2.236419897770378,0.18591731673322417,-0.048742187012101826,1.048267374052042,1.0782553087143458,0.6747132164459934,1.8798836903666132,-0.7354506998390913,0.06120879133033001,0.1407231850294693
2024.02.15,600019.SH,-0.2942084842943399,1.1144051344363592,-0.4225935748915756,0.506130594820856,-0.45519477648928763,-1.3026369791140417,0.20078313795892108,-0.11444008981957142,-0.10313240906739059,0.0039473844505178044
2024.02.15,600020.SH,-1.0895237484447147,0.8644631834935053,0.24336347655414983,-0.4306666053179473,-0.5009538201223364,-1.0046825743404524,1.4927406600244217,1.1346805187307103,1.3248843184916053,-0.19995007232826323
2024.02.15,600021.SH,1.0385846522240934,0.6584115736104418,-1.627588782324976,-0.5027413189769827,-0.011482247773459325,0.43530777778630003,-0.317683882083681,-0.7880004228086365,1.6391709041690705,1.2843766461155617
2024.02.15,600022.SH,0.9188833506252363,-0.3362032029103975,1.34629405732091,0.045498405432941605,-1.212883711765849,-0.2012489374915059,-1.4630372306573196,-0.6716652361816674,1.6079751103961861,-2.0575993741948624
2024.02.15,600023.SH,-2.5741921166071156,-2.4951386482183966,1.2857068208853015,-0.3037169644522077,0.048411506817121974,-1.2950685060366403,0.5512391066957728,-0.0534290289878721,-0.5895819599993024,1.8032487112266808
2024.02.15,600024.SH,-0.24889651389252976,-0.5314987434868751,-1.5711286894353707,-0.5328699489263675,0.9415486584511837,-1.0278198040710869,0.407096600194263,0.0014819941567591204,0.3190875991415278,0.9981491801289767
2024.02.16,000001.SZ,-0.28895962777967166,0.4068321486994366,0.49357665357507147,-0.4213327675551732,-0.14725599694008468,-0.22109207508756826,-0.2256637303946224,0.17155089511923893,-0.18776476357055383,1.47179973767294
2024.02.16,000002.SZ,-0.5741487567587639,-1.6201305253077136,-0.11595871146402366,0.3662034070976534,1.8369193986143673,-1.007575690416732,0.21281566387374293,0.16531145254619892,-0.030190358612391197,1.934536848894403
2024.02.16,000003.SZ,-0.9757828351841689,2.095094296687661,-0.2480066286808389,-0.18908836133427825,0.2675352657975818,-0.44842194074765895,0.5304614438739859,1.8542953086870038,-0.2650030991949244,2.044609545993469
2024.02.16,000004.SZ,-1.0672840602828153,-0.19451802166438487,-0.2099896415813683,-0.12678947310022584,0.595512971605597,1.2845151964393569,-0.3668458216135432,0.46279477490775167,-0.033401895226321164,2.2266380003519886
2024.02.16,000005.SZ,2.1729277419385675,-0.7981106851924266,-0.2312741355938231,0.49577880256029144,0.00991258465454329,1.1464563783253423,0.44827950082298573,1.1955006578078209,-0.7460259394750729,-1.9741490156691242
2024.02.16,000006.SZ,0.3730116237764775,1.2751769083467643,-0.17900838351873088,0.7324551932593757,-1.1320110039521885,-0.6484536852121022,0.8748751131964673,-1.0511720803126634,0.4152935900946691,0.3168059887667298
2024.02.16,000007.SZ,-1.0410457430668678,-1.8287087865936142,-1.217480320982047,-1.482404537515361,2.5690293780641325,0.23735087211944658,-1.332494446127514,0.9456513365718823,-0.12262169097372352,-0.557145298410421
2024.02.16,000008.SZ,-0.007176366478178982,0.2783670833928585,-0.11570941653355794,-0.3380228336745384,1.113036203840249,-0.8114463478561139,0.9629236056204137,-1.1128142419091995,0.5295143554888996,0.4318489320321901
2024.02.16,000009.SZ,-0.13178626285193343,2.4407418547812276,1.4844513039916702,-1.2869279828576858,-0.5944594553241404,0.9831292581789619,0.04400801963807509,-0.6555817444146581,-0.6788519506356945,0.26540880883749896
2024.02.16,000010.SZ,1.2244381956240031,-2.8812074714458213,0.37052408068333237,2.5462454675945763,0.5791051121342206,0.9729194704592571,0.28813400205210343,0.13236413180263665,-0.8540842165557186,-0.30415660611834483
2024.02.16,000011.SZ,-0.5035639922989225,-0.08703917522270127,-1.9198091838861344,-1.219782182098748,-0.8704225155133869,-0.24316692969330173,-0.9191946052012062,-0.19168899063013844,0.15086000191716162,2.1709203417996807
2024.02.16,000012.SZ,0.9000031889777453,0.8168214535981038,0.11478141746825396,-0.09661156645350917,-2.050908828060219,1.765623452901372,0.08848359276987051,1.1143573167400744,-0.8941363759428247,0.7380751150312421
2024.02.16,000013.SZ,0.0029113488501369,-1.2339526134682075,0.18177752343166986,0.20438734558436808,0.8491463885232295,0.6038272906868416,-0.13453697109542634,-2.125963032942323,0.5537596081190608,0.5808818925964693
2024.02.16,000014.SZ,-0.4328643024026746,-0.06035391311719886,0.1380318866598517,1.0192635275845399,-1.5802473346859272,0.5607409294450468,0.8541236093922256,0.07178723817736928,-0.3495230521117775,0.3247146617826726
2024.02.16,000015.SZ,0.08178131393881075,0.24309655468517144,0.41404239315207614,0.5047144251274261,0.2758374088668716,0.14289705058190613,-0.08051810810408164,-0.884652791481069,0.2084762467442482,-0.6584132744745159
2024.02.16,000016.SZ,-1.8341664963849333,0.22395498881276119,-1.7345194122390988,0.8177740226419994,0.6660190810057794,-0.23259293406196152,0.41127223269147334,1.6172107886717149,-2.545775956837326,0.8497469948403666
2024.02.16,000017.SZ,-0.05474115047025944,-0.025818863612939502,0.3701061830019926,-0.7905353192911161,0.9516643270351125,0.133433652720341,0.22568106861861517,1.8047702222028363,-1.05999774784253,0.6409376458214533
2024.02.16,000018.SZ,-0.531689047072345,-0.33068588707117647,-1.0079315411292193,1.2033349826620405,0.573511329539524,0.13955463776056495,0.38583811925755096,0.35871656542329605,0.8580921201362733,0.21408383654080188
2024.02.16,000019.SZ,0.1967463762657134,0.9975032004476078,-1.7528558922344666,0.4506396658507541,0.45498608074359576,-1.1988815787790013,0.5905235204516569,0.05383507922038439,-2.2629494358163833,0.5704566012078943
2024.02.16,000020.SZ,1.2411373821164224,-1.0170311923636093,0.9351203571880594,0.5349076592622523,1.674777762425873,-0.21274775440240568,-0.1296270894001491,-0.7902270742141205,0.4971623061162906,-0.2839406026857991
2024.02.16,000021.SZ,-0.5583500723539448,1.0224220218183564,0.004999663336665401,-0.0381846557390806,-0.03882591955517959,-1.3753016962871996,0.32834534758113526,0.9291511194616054,1.593279285893161,1.3400111281680722
2024.02.16,000022.SZ,-0.6469627692524209,-0.524682925964642,2.4084770258421453,-0.8997327202732747,0.3750674286155095,0.4336266718894526,1.7100462189200345,-0.3020160750720669,-0.41838489882783986,-0.34977452457993513
2024.02.16,000023.SZ,0.21816812521662962,1.7087395211954752,1.2189512416976322,0.36283320447316797,0.46983088533778544,-1.3512495121542483,-0.29403683073000664,-1.2637367251835079,-0.906216648955919,-1.3575951837329168
2024.02.16,000024.SZ,0.021430036318885837,0.7557329610190393,-0.15216682238259838,-0.21855583409862236,0.43883694051976047,1.613193165784651,0.673526407561973,0.4684709018569015,-0.9474273272042477,-0.42436624918833293
2024.02.16,000025.SZ,-1.9652848065319966,-0.8484204698958476,-0.7420593316127525,0.11879046392516916,-0.6426537241109086,-0.24117712351177165,0.4394763553588195,-2.404397222439203,0.8343644780547735,0.427320809873991
2024.02.16,600000.SH,-0.7322789162589168,2.192522705120313,0.6599620973328006,0.6117709090950342,-0.02098138390705191,0.40240915663233806,-1.0317537414225382,-0.7319913908624359,-0.18408154702076004,-0.02042332788294306
2024.02.16,600001.SH,0.4105842158873828,-0.36221466051264184,0.886199514569074,0.8144221538446006,-0.14792372088422617,-0.9342495686108486,-1.570977585006697,-2.106326281111545,-2.32124244331604,-1.540170944617492
2024.02.16,600002.SH,0.5061174469517165,0.4454003565706398,0.5675566539731198,0.33100867440472503,-0.39346519499689137,0.3646916167861207,0.5346601005062195,0.9789027744631473,-0.275742641187419,-2.010399625854984
2024.02.16,600003.SH,-0.7451520952239472,-0.6119718365838652,-0.22551676801680481,0.5010571891132939,1.2911495605198868,-0.4065188915496085,-0.6096657825654386,0.9276621561725201,-0.3741990017749791,-1.4686775288637604
2024.02.16,600004.SH,0.6495123872435805,0.8518189146677407,1.944407085652865,0.2349867396141748,-0.17068567205894863,0.5531599063328725,-1.5847859147254837,-0.3616816974402865,-1.3845287642742143,-0.22656637176180291
2024.02.16,600005.SH,-0.9807788780548896,-0.7148168221025206,-0.5376305510308376,1.1290178044167185,0.29230113582964196,0.40665477204458317,-1.1400405654111907,0.9035484531962467,-0.9281441664041647,-0.09668765080059893
2024.02.16,600006.SH,-1.0345653183719048,0.7989270201717192,0.9881225745477276,-1.389134827237713,0.6567786040492494,-0.6778991132724732,-0.42150647552975823,-1.2150932684967897,-0.8402818667824167,1.9118268347122027
2024.02.16,600007.SH,1.3900174887072783,2.429759632764769,-0.37458743676518885,-0.17181323303633705,1.0948157423787774,1.696045985503406,-0.6795211433334846,0.7903163684746007,-0.1586387827590599,-1.488842225259079
2024.02.16,600008.SH,-2.122259339578796,-0.7173358481253137,-2.331002061024991,0.15955853193259986,-0.2211060868837373,-0.5159275027110595,-0.40682684527290486,0.8376029347336905,0.0353433355253102,0.4345654425189201
2024.02.16,600009.SH,1.0492480375112763,-0.17211180642508647,1.0146229933615927,-0.5560778387023836,1.8780809155042932,-1.6685304732349897,-1.1108996141226346,1.4932495681942457,0.907990486605888,-0.7926794152949066
2024.02.16,600010.SH,-0.50831635566353,-0.47899652875301924,-0.4376526547968433,-1.8609359770607585,1.3983497985611588,-0.24054219773264182,-0.6580138329102692,-0.18676606195968254,-0.5448127802573993,-0.5792485661407574
2024.02.16,600011.SH,-0.64307577365941,-2.508410194804099,0.8118553209022479,1.4345950603541215,-0.7708082852647096,-1.2323515434801693,0.39804489301151486,1.468141570328915,0.5943689457637158,0.21248730492711929
2024.02.16,600012.SH,0.39156340155728814,0.09465811250497114,1.183129738750698,0.11212605302658456,-1.066765205097537,-0.5482411201823365,2.754501208321407,-1.4668291271174112,-0.5606157511162172,0.42159922828226004
2024.02.16,600013.SH,0.4137020016350715,-0.07794558758695791,1.1831479325654601,-0.39723609499941936,0.22544799322051734,-0.28349458106893666,-1.0257628343071925,-1.2819259707108897,-0.9946626700041717,-0.417957760691799
2024.02.16,600014.SH,0.03362476155498352,0.29923050818710045,1.288818464050827,-0.41685421524741423,0.4903736115828573,-1.6121764007728845,0.6718674875741629,-1.1836868851009887,-0.7005234149723042,-1.0734673058484614
2024.02.16,600015.SH,-0.21090691995737704,-1.5831657971688942,1.7023245251144514,-0.10194044435524068,1.5502975511463661,0.3403645210309108,-1.750338849875717,0.9312390283626728,-0.030973961688641923,0.3480745232759789
2024.02.16,600016.SH,0.7016334193640423,-0.3835161203614429,1.4156962431861198,1.481514364200469,1.3000145712880726,1.268845726707822,1.030316787427588,-0.3893459688341039,0.7475916197988889,1.5831355646100005
2024.02.16,600017.SH,0.18378975442933093,-1.260518084263112,0.7641309914238166,-2.2248185178013027,-0.18121812323484823,-1.6861290932113868,-1.3193837464097944,2.2342240337961337,-0.643793317851006,-0.7020009133389261
2024.02.16,600018.SH,0.8810797744515422,2.3264183823880384,-1.2154461399639556,-0.9846472403640943,-0.6053030864237999,0.2390713925015035,0.2992373916382863,3.1042529426007435,-0.9477389223155404,-1.3281142265194037
2024.02.16,600019.SH,0.37781132967305575,1.3017150630520788,0.2146496782600166,-1.1707373827884289,0.2826591938104389,-0.3437646578859018,-0.6510814177034274,0.9045075674114386,0.7674041891229212,0.646743298221989
2024.02.16,600020.SH,-0.14841778994232835,-0.5449529773388196,0.48676228049646425,0.1652285729144306,-0.21109647143242702,-0.8227828111994532,0.08995903479117029,0.42193283052187175,0.527537651430154,0.24468355904141628
2024.02.16,600021.SH,1.3111492196470131,-1.0250102824515899,1.582560356766851,0.8524120391233165,-0.20032495495821,0.4021227853576222,-0.7911022129929042,-0.08274920207998179,-1.6827994019149206,2.4417204323768864
2024.02.16,600022.SH,-0.8330526046058581,1.3758844511914339,0.5710742531614853,-0.5950679002649698,1.737401138598898,1.3866911463231466,-1.2696529225595048,0.16742990976895725,-0.1915000974353677,0.062440877692841304
2024.02.16,600023.SH,-0.11536063660691732,-0.5589057635174821,0.5851102098388545,-0.0008175534690466377,-1.4971984481554692,-0.10149504364906364,0.5082551311897914,0.043358494479674194,-2.064989754803802,-0.8625239411021054
2024.02.16,600024.SH,0.2774241434194282,1.5840164445360243,-0.5778899569145168,-0.0002379177991014765,1.848823671913532,-0.6339405125242066,-0.598242131010847,-1.1946622004525564,1.0115562579986823,0.3031604452091237
2024.02.19,000001.SZ,1.1836847680267153,-1.4517356440708309,-0.5784857316333094,-0.8868766342133132,-1.6037403087206041,-1.00261292689983,0.5022652646616705,0.031072697107116472,0.7931533434675507,0.8575655983163789
2024.02.19,000002.SZ,-0.6342005369576685,-0.4906370204033024,0.7576709281842975,0.5327082429634502,0.9502093267023409,-0.7574005641506866,0.9629698908053297,1.5674482129273142,-0.6345823392982564,0.28923761398765885
2024.02.19,000003.SZ,0.11786124905051895,-0.7049783314796294,1.50394308280077,1.197111100282702,0.36202073266987156,0.16771880111800272,0.8720870874776007,1.2480286743232079,-2.337697552243268,-0.8713621675103732
2024.02.19,000004.SZ,1.1896965159716972,1.184980757016536,1.9730684705185777,0.8898408982300369,-1.0363719941806147,1.007996524043779,-0.9750788454538268,0.9889340754567796,0.9488475645044546,-1.1405685529785923
2024.02.19,000005.SZ,-0.10410475437640193,0.3751041307119547,0.02718725306780316,1.7118689081474125,-2.553387051246407,0.6785549146985681,-0.0020435363136041282,1.0049599240427147,0.5565736795438184,0.38091290494837393
2024.02.19,000006.SZ,-0.5421057327668992,-1.2031983114604916,-1.3497000926030174,-0.8912204534314325,0.8573457636766063,1.2094520144275487,0.8647493827368633,0.09053969425582677,1.3766720351837871,-1.5840525009017192
2024.02.19,000007.SZ,0.9964114487114029,1.4549866713438713,0.385342718128054,1.1431558175198817,-1.069778531557992,-1.1007276523309633,2.43780197300078,-0.5258871052036364,0.149765551303254,-1.3572711955307943
2024.02.19,000008.SZ,-0.06334822193394928,0.5903278308065062,-0.1472754156775429,-1.0520559866015395,0.3711559676378145,0.3006943019644772,0.9318964017131539,-0.6189993878531409,1.0350337488897154,0.9279862846056646
2024.02.19,000009.SZ,0.7113760139194087,0.533414890339309,-0.7237046234776986,-0.6000221331430481,-1.245905970329739,1.055312657223124,0.35688328983073364,0.3160404112852376,-0.7301100534841822,-0.23404455480250946
2024.02.19,000010.SZ,-1.9665367452291365,0.5009882011037545,-1.1976849134456864,0.28570987227063016,1.031686816406064,-0.13187032242257452,-0.6599996552479271,0.9920214579870444,0.7152218401760542,1.1620013254597763
2024.02.19,000011.SZ,-1.2759623077724949,-0.13502942640036217,-0.7703052537881729,-0.7629027702128705,1.0643398632684593,0.4099527342152102,-0.8806607645854121,1.0196688815473174,1.0739819553755179,-0.39969011858363335
2024.02.19,000012.SZ,1.1212903877276168,0.019147898823989037,-1.563854656026227,-0.34696932051704177,-0.49995849436659695,-0.6204509536337183,-1.8232384309964174,-0.5044737115856662,1.0473190305604558,-1.0156784262652658
2024.02.19,000013.SZ,-0.44921702882034004,-0.9932951732507099,0.9905704642429646,-0.573354858272878,-0.6852069981403474,1.00018395445901,-0.6127970035471536,1.5758020742725014,-1.667565259538417,0.043618444220125695
2024.02.19,000014.SZ,1.3860827214536677,0.8861101533729373,-0.9574641250831925,-0.5186656678484519,0.9727711529641213,-0.985010076471177,0.5367977351618504,-1.7299851294104072,0.31666066727190273,-0.749789284720439
2024.02.19,000015.SZ,0.8057565515922968,1.327846747926012,-0.8140016691422495,0.2120394751744248,-0.2068337363495986,0.4660822293279545,0.37804435993497,-0.4161602671350516,0.013631129604512956,0.4022144092661033
2024.02.19,000016.SZ,-0.6160436160025042,-0.8391556851339131,1.4993742392404241,0.10042740003102718,0.37773178714889455,-0.9250693337413516,0.1997956031057881,-0.8234633846087913,0.7195044132380952,-0.6860121943113365
2024.02.19,000017.SZ,-0.4131401857496413,-0.9537216483015615,0.5931244528037968,-0.18586245423351846,-0.288112982460727,1.151019581426909,0.7074821344202795,2.888009646626944,-0.43546497534598017,0.44650922843735813
2024.02.19,000018.SZ,0.8204860909400115,0.08164516741229523,-2.2821435218397608,-1.0452265191695107,1.175173839678912,-0.28705894555055705,0.5278138848405842,-0.18698135935850585,-1.8232650308334781,0.48382577402718174
2024.02.19,000019.SZ,1.1028473978331783,1.226869592832549,0.07455140296434938,1.2611436702829208,-0.6408309699059245,-0.8328460074176972,-0.31660334685679586,0.7226795736221991,-1.2382101267480834,0.6195410363666969
2024.02.19,000020.SZ,-0.09745424330349296,-1.1974825236731288,-2.225373526070993,-0.5305927045191925,-1.7818399427781508,-1.9920790537001773,0.7600182545505061,1.793031792944037,0.4067699247534424,1.2641828716111168
2024.02.19,000021.SZ,1.6567844695564367,1.8699096079835387,-0.4215334147829602,0.9211751731450163,0.14897693738688533,-0.34909183968714974,-0.8592680485327441,-1.3616936115376101,-0.05883025242351596,0.08382287672647487
2024.02.19,000022.SZ,0.24765026829409645,0.5946027499662708,-0.05320037102806088,-1.025400970151722,-0.4211780819724177,-1.6901033464427735,0.07052111815474993,1.3991016037731705,-0.9181091097069911,-0.08941781320124569
2024.02.19,000023.SZ,-0.40357156681451034,1.0024364288535346,-0.9834367522816537,-0.4948603435840782,-1.45684672766606,1.1164882180912439,0.8024087642664214,0.6675959430068952,1.6471320879112799,-2.9385775308083977
2024.02.19,000024.SZ,-0.8905958840385697,-0.7801678252921657,1.7735314877470258,1.4897167833981393,0.6189375930615559,0.3368404855513901,-1.3231594698590516,1.849527634115367,1.455075295453335,0.7322745687433548
2024.02.19,000025.SZ,1.6532765356658747,-0.745643632485441,0.7989961490295358,-1.240420588003022,-0.31046280374181184,-0.08813919445674344,-1.033893177495886,0.8757330958640472,1.679135473948214,-1.0974123468904304
2024.02.19,600000.SH,0.9360532814299474,-0.982817026668865,-0.9581332713694182,1.4703666257538317,-0.9049322024464568,-1.3112772545303388,-1.5761504393980486,0.7891465522918591,-0.4626018863470479,0.8518508570187477
2024.02.19,600001.SH,0.48384879792752855,0.009836503239035005,-0.5767951377760515,-0.34461554045328846,-0.8621481316696913,0.47209998977961903,0.8527975890256294,-0.16465453076525302,0.5267873753988945,-1.1841765327650167
2024.02.19,600002.SH,-0.09894492803197164,-2.1806926780019364,-0.9959405534965367,-0.10486033110586022,0.211679005700649,-0.7395047802298569,0.4383136224929301,0.030213916377808417,-0.33213134292839913,-0.4443166604402392
2024.02.19,600003.SH,1.8215606197531327,-0.3678769500198395,-1.814206400650924,-0.034686419722488565,0.5031171548528748,0.09587344758205193,1.842893079523294,0.31587280212003394,0.11489529889372779,1.4272546624638534
2024.02.19,600004.SH,1.6211448692265942,0.7472650548317504,-0.6611919518574283,0.1394846768196363,0.49978113058354456,-0.7704870651959135,0.9218979911039527,-1.393880577692948,0.7863858641245933,-0.5007497014250106
2024.02.19,600005.SH,-1.9562764234282963,0.3112698589978057,-0.5278095838580129,0.9499597779099712,-0.6927104861119389,0.2553087173532398,-1.0997266569572317,-0.5849293473189078,0.06746469046368984,-1.5342371511838044
2024.02.19,600006.SH,2.6349475482426445,1.2403289431574538,-1.499300494304309,-1.8062880374022938,0.6556788871674771,-0.8841543838997751,-0.697312599553891,-0.5332288517194417,-0.6840775711009179,0.8372334225065721
2024.02.19,600007.SH,0.6703871870574547,0.8688314927229579,-0.4510585932306695,1.255640384565252,-0.6926962709006371,1.8450937092359643,0.811201434136072,-0.21474285010662353,-0.635361792175216,0.7420552053903655
2024.02.19,600008.SH,1.3376025379661585,-0.9361246942225856,-0.7366065288438051,0.9540136894837002,-1.160900207074086,-0.13694530031956087,0.4620064024336322,-0.5833277610151345,-0.291508176624352,0.6054584810709677
2024.02.19,600009.SH,0.5443996127055415,-3.015600075472115,0.46371025266523114,-0.4749577154499002,-0.7587739571276478,-1.3842924378327535,1.7013951919191777,1.4945512332267765,-0.4928548079687905,1.3881437810066573
2024.02.19,600010.SH,0.6063384860237546,1.6541022612781824,0.37717288608390287,-1.860891608559232,0.46192720632770234,-0.7457527236342686,-1.222629116457311,1.5445925272998298,1.5535503166127747,-0.6108055728821125
2024.02.19,600011.SH,-0.0709114162459886,0.32474487684520426,-0.5077700917315788,0.47474758023108293,1.143737987066555,-0.34888727100219447,0.5216988930749472,-0.611641857881028,1.559650072465425,-0.6869564281994882
2024.02.19,600012.SH,0.8681200259316335,1.2272031041276958,0.049247780926510894,0.6053312486716761,0.5184299394886432,0.19021925859489636,1.444359397965704,1.7844163052032633,0.7711756054118545,-0.09000756487054731
2024.02.19,600013.SH,0.3531317197112916,0.43626522482144736,-0.6618598539313979,-0.6364495308502687,-0.35549665815195547,-0.15736220607171378,0.8714221743363004,0.03139367513993136,0.6592899411084645,0.6855936134154182
2024.02.19,600014.SH,0.9325848985052458,-1.4009187446793727,0.5711321116811475,1.780184203770968,0.9704299720400024,-1.9648293417175053,0.49895732507918406,-0.13118562325858255,0.7744574439458725,-1.6410250396933976
2024.02.19,600015.SH,-0.48657707412567225,1.143217796616731,-0.5058916905486784,0.04869564419708289,0.6769310046867774,-0.27954536436725436,-0.28921242010788456,-0.17007931785231792,-0.17153872446153676,-0.35357653750067847
2024.02.19,600016.SH,1.6224740242326938,-0.021871107567041404,-1.503878551589196,0.2582514649226913,1.1092871498957741,0.017502262596367193,0.6248666130867099,0.7303874288441535,1.2935397779305589,-0.20347701893580547
2024.02.19,600017.SH,0.16023481098509856,-0.7032033048889895,1.2517556224604953,0.8069834054695412,0.24791296765948284,-0.6273013042251875,-0.2347246844673415,0.33269092506668374,0.8085618738692509,-0.29901733022562027
2024.02.19,600018.SH,0.10034573430132206,0.6913658616808566,-2.7150042368128173,0.7889517840109012,-0.3389480545976364,-2.3175973315114584,-2.236036516333834,-1.5900720408187698,-0.32506621728418755,0.5622988550131921
2024.02.19,600019.SH,-0.22025083914244287,-0.9365016368492988,-1.4932531677219307,-0.20051996483835738,0.8449144191950628,-0.6867175643370964,-0.3444347266095863,0.5467721080426108,-0.6146382164632389,0.48675355828811057
2024.02.19,600020.SH,0.9306125167826977,1.5073701508702482,-0.4358112420857159,-0.3071331556454954,-2.400120038655227,-1.9678162572883293,-1.149173429064865,-0.23057838122408628,2.8445383392697927,1.246441248754937
2024.02.19,600021.SH,0.5252562545984154,-0.2846097890052224,0.4226761554408044,-0.019502643975764185,1.1199931906802305,0.6377919008313869,-0.1894952683391177,-0.6612938105022601,1.1752087839097083,-0.012520015550889314
2024.02.19,600022.SH,-0.6828464863513347,-0.0792355865598985,0.6574356295079377,1.873866250285163,-0.03600174948221586,-0.33398663620883673,-0.6271824461865563,2.485734940370232,0.9962810003877486,-0.3213345900649514
2024.02.19,600023.SH,-0.11556567940957355,0.5002179501062789,-0.17627412464683878,0.6197103162676733,-0.6363940475489125,-1.2355895458090198,-0.3669616572441875,-0.03680921772123261,-0.30397926936163955,-0.5524151540872978
2024.02.19,600024.SH,0.7566958604875504,-0.024998750322790173,-0.5465130777785874,0.8323403345268549,1.7655018488990795,0.8943868698548307,-1.6623767201536246,0.6783733519552286,0.15133070083908068,0.21795770392703587
2024.02.20,000001.SZ,-0.23570160988802344,1.235234368683695,-1.9497162136588406,-1.5266018707322093,0.215704966019353,-1.1431417267113628,-0.13326558698615035,-0.2788267174697467,-0.5878075428448207,1.351570266220419
2024.02.20,000002.SZ,-0.19810582646912733,2.08780729374426,-1.4393890940719452,-0.12845700797432655,-0.341304492645376,-2.6304018085189624,0.6229651193777177,1.914177187102376,0.951512977275173,-1.1396486415203528
2024.02.20,000003.SZ,0.6073440436178827,0.20898430808925572,-1.062883395375995,-0.5677181144087868,0.27686028127674184,2.4217710792346896,0.35586155073062775,-0.024167956457399494,-1.3465930808071558,0.6114614357561298
2024.02.20,000004.SZ,-0.09461526377439529,1.9008162413197058,-1.526726197573362,0.5246813317087864,-1.0547381533022655,0.6239931264207195,2.5591375592283327,0.6178221071249651,0.7509158197472895,2.1164707106541
2024.02.20,000005.SZ,-1.0709256163646577,-0.6923453207473237,1.1712494053145244,0.30561369719308495,0.14823705469992848,-0.8545714799702383,1.703045664564382,-0.6169020450465686,-0.6280972460148204,-0.621514263275995
2024.02.20,000006.SZ,-0.6767191892610177,1.2166556901953356,0.2886257855440331,-0.28533307042451045,0.4991931411074509,-1.6619326330159756,-0.7592972633534673,-0.6533394922476422,-0.8030563303225191,0.9923248548790378
2024.02.20,000007.SZ,-1.2116222991360281,0.7910712834565862,-1.1990800121601592,-1.035758453649081,0.1348450027658334,1.6760813326111628,-0.5144967209014811,0.3412063025425005,-1.3590859886469435,-0.3745089749634828
2024.02.20,000008.SZ,-0.4609187248402402,0.689351776259286,-0.6372129330128417,-1.080662331676454,-1.348280135490557,-0.08119818810058997,-1.039894367430074,-0.9015942606085646,0.7354712684895109,-0.2485641099795727
2024.02.20,000009.SZ,0.6785154452511438,-0.7912847252895957,-1.2787620950041387,0.18747739746751277,-1.8012668890833485,0.4534153718708497,0.27551326706409507,-1.1571838499591685,-0.552125489923093,-0.9597850459575157
2024.02.20,000010.SZ,1.9294283969511248,0.20755083217938966,1.298657872884121,-0.34088913460283693,-0.7063437359919511,-0.26915403185243486,2.402826517066794,0.13904986396155433,-1.237855630412076,0.9520343766345722
2024.02.20,000011.SZ,-0.5237942745472194,1.873259879363297,0.7645216397393654,-1.0387513834761581,-1.7679461752492427,-1.6619177421751548,-0.4515782786066743,-1.5845769046663185,-0.36804938855154334,-0.7349376003751824
2024.02.20,000012.SZ,-0.47231319057828836,-0.8899966995368527,-1.0270062769666746,0.16521472021895076,-1.247414945220751,-0.8407237532671831,-0.48762008149706304,0.1924943362938263,1.1018414358020807,-0.29250438984260557
2024.02.20,000013.SZ,-1.3594508016192495,0.4521981916107376,-0.9681857676188221,-1.1405901995223036,-1.2797512144791559,-0.5406223365393481,-0.010448324456007097,0.6216625969024038,-1.0008418015858302,-0.6013519816375941
2024.02.20,000014.SZ,2.492578373605963,1.1385972026419648,-1.1471263471896098,0.008758518752020734,0.5622439201268935,-0.464244182921374,0.763447492211722,0.5581188170165808,1.1247204251775054,1.207587167972357
2024.02.20,000015.SZ,-1.8753919670474768,-1.0381093599110578,-0.5107734462467791,0.5986395932626767,-1.0902479640784053,0.23589192173214496,1.3123962017767814,0.030287977457441863,-1.2164810557800516,-0.1784382132901327
2024.02.20,000016.SZ,1.943099458289325,-0.488574918686251,-0.3363035257605886,0.19139285757188956,-1.1958674402143876,-1.0342280071842103,-0.14948618436075356,1.2239298386137432,-0.8763731236599162,-0.6749614309428337
2024.02.20,000017.SZ,0.6234353263243643,-0.265737214067088,-0.777593688606672,0.3116897760130916,-0.7853090633322192,-1.6582616338703726,1.3751825217511433,-0.6208633956585959,-0.32556191881208973,-0.7778400318398974
2024.02.20,000018.SZ,1.132515866652355,0.06597731458906411,-0.38380063076959453,-0.191647101704958,-1.0210555617441504,-0.5507516805588399,-0.7334419593258348,1.4131565231617598,0.8144071536702032,-0.7583615579295755
2024.02.20,000019.SZ,0.08107856399366367,0.19629311290758947,0.5188006430519209,0.8691955398804577,1.1194300569599283,0.9476943354883892,0.2707553850033936,-0.4742677873222871,-0.5926915120748696,0.5029603652675122
2024.02.20,000020.SZ,1.2975859025583307,0.5349932602471672,0.5057630355234983,-1.6103525404029004,0.09879620327019654,-0.8457739669065872,-2.2972027685175367,1.202085736600033,-1.371656389788042,2.666210663683649
2024.02.20,000021.SZ,-0.5058147291701441,-0.6770360553568688,-1.5304934773140446,-0.01871235355061219,-0.9986653182689587,-0.24959468124726014,-0.06337845545229921,-0.6728637606036241,-0.16753444577773788,-0.04099184737128548
2024.02.20,000022.SZ,1.7748745220038662,-1.1070343353765044,-1.315505787855716,-0.13657704883737207,-0.3361257571778142,-1.4594502811065277,0.11243729875139036,-0.8694722925585348,-0.22899846842574098,-0.15018482977959907
2024.02.20,000023.SZ,-0.7212673194243387,-1.1992554341361992,-1.8728754967150003,-0.7572841668873499,-1.737989901341717,-0.7062444413387495,1.0873937201123498,0.32374611905723644,0.6347042489458816,0.5386028817999993
2024.02.20,000024.SZ,0.26337152469515723,0.47307690656461193,-2.486650084191691,-0.2179670003507159,0.4011762706384678,-0.6362941580060445,0.06098817542350768,-0.8289862934338155,-1.3206526987983327,0.5766605271327117
2024.02.20,000025.SZ,0.36431761429623766,0.3401272618635243,-1.1998164147270634,1.7154394137331663,0.1413131275723721,0.2877162025996086,-1.2644356409974198,-0.9175792440030298,-1.587345736563461,-0.7295102332706473
2024.02.20,600000.SH,-0.01929576899434227,1.3754584053733294,1.2066178174077893,-0.13032190361414292,0.9261709372015792,-0.6838417640049191,-0.8739259718424564,0.14974045785713305,1.9007443180361148,-2.00331051983467
2024.02.20,600001.SH,1.1140657626245007,0.3014399781301089,1.1083649760944145,0.2241927518249598,0.2777138066947438,0.20156446170065673,1.06589878958881,1.5046307228998246,-0.237792584464912,-0.8888523293423701
2024.02.20,600002.SH,-0.03722064824794859,1.8611918128367404,-0.6783636373903136,-0.5449157685326363,-0.5395956312958885,0.14021207895639431,0.8214467228216878,0.06858273664764747,-0.4107976600708063,0.09601508358205205
2024.02.20,600003.SH,1.4606104381193423,1.0138925090282018,-0.8576087051411848,0.999826414384003,-0.7677995786373929,-1.1235498914855593,-0.7570435626578944,-0.5854557885204186,-0.8116809236655984,0.12716807491485924
2024.02.20,600004.SH,-1.6279869958544249,0.18801584059298296,0.480660016635357,0.4956530395967801,0.6433191799984013,0.9372870975522626,0.050788417026900734,-0.15323814556037804,0.15365547541045646,-0.09904893688361636
2024.02.20,600005.SH,0.2954672513529916,0.34880192735211185,-0.8537568645927921,-0.27819204179549634,-0.4138594855216318,-0.8566158942281987,0.5452093204903439,1.1444977754281487,0.10462808298974467,-0.9455211442281408
2024.02.20,600006.SH,-2.2524197987398935,1.077251228042601,-0.15829175712543078,0.6947774715331404,-0.25426190043698255,-0.5784266075470651,-0.045037511941903266,-1.4953486928762871,-2.6722351636811785,0.46809095469685136
2024.02.20,600007.SH,-0.9632889926003916,1.540714933486145,-0.39615357098654014,-2.5556138315672188,0.9548227156589848,-0.8778018250142983,0.6264775195464842,-0.34852138090581825,-0.3006875619505868,-1.9765047779570848
2024.02.20,600008.SH,-1.3278459812444157,1.5052603095030324,-0.9872162228334517,-0.7186225848389206,0.020869909407770938,-0.03250066844195724,-1.5235875242641335,0.3348900921969482,1.3617543420641263,-0.25266546610325585
2024.02.20,600009.SH,-2.3952024255388906,1.6394469876838529,-0.26312830893279326,0.5201863325197137,-2.157028924486201,0.05418349369583378,0.924807567377931,0.40331380348009555,-1.2319644100204492,0.502015038262272
2024.02.20,600010.SH,-1.5808768427585331,-0.04708525602984284,-0.2613399699000139,0.7329574291992841,-0.4045812794677562,-0.2361077870737027,1.1879509143812799,0.29134422043156943,-0.815905243266649,1.2183927045079619
2024.02.20,600011.SH,0.01859134496919162,1.7970947835304596,1.522909090074027,-1.755534833464421,-1.6506734754673535,-1.2677148187492595,1.6957223340313488,-0.10840842775755935,0.108859869616554,-0.7523685690715695
2024.02.20,600012.SH,-0.8389869058915178,-1.085882214661858,-0.253814556036684,-1.263259285500542,-0.1276399091172331,1.018805827618596,0.5530975998149357,-0.19542344470662487,0.19727086321779824,0.5870183588720681
2024.02.20,600013.SH,0.09053504041610774,1.4083341345797786,-0.1267732060933196,-1.7430462494855663,-0.5920864722371041,-0.0121516078509896,0.6266973610697029,-1.5557192301214384,-0.9317927534379054,-0.5879859947276118
2024.02.20,600014.SH,0.647246167119565,0.34854731228328073,0.4366534930900051,1.9740253134406298,-0.06154069839039421,-0.9365454080454737,0.9204340650433167,-1.3609856618482594,0.7157531538362341,-2.1861813372671284
2024.02.20,600015.SH,-1.0822180043217464,2.3406034990243434,-0.3776671752277858,0.16854389554806967,0.9977436270415384,-1.6395839076209717,0.598827869914052,0.026816399193705136,0.5439070479596373,0.3403024076560642
2024.02.20,600016.SH,-0.08528679331035408,-0.6314248668237448,0.6599054573806684,0.92965391958793,0.7734094849479273,-0.293710859509127,-0.7953692773101895,-0.046660312190650845,1.8201804604686513,-1.1353335250574437
2024.02.20,600017.SH,-0.5983033019439897,1.045665124151213,-0.055855472547158024,0.9251881535484004,0.6069589172027778,-0.6172285941934056,-0.8184275665807957,-0.03609582651141349,1.0837951333535436,-0.4315803182443762
2024.02.20,600018.SH,0.5287311621175272,0.8592003865522165,0.720211507484348,-0.5018604311294286,-0.5425649162668974,0.14325091289719535,-0.816930108606859,0.7414293753466209,-0.42031285278024677,-0.7053765668777762
2024.02.20,600019.SH,2.277797683443207,1.4291975599044895,0.8455702008486501,-0.9677272103594434,0.5088415672170199,-0.06096445000166933,-0.7619845228197307,1.1738909043961145,-1.1852584543468263,-0.9782940016857774
2024.02.20,600020.SH,0.5270466951744132,0.010918855575174313,-1.083994391286402,-1.0850113730804813,-0.6743597175764582,0.9967727127178304,-0.5304963276127406,0.5301549514721409,-0.03744478878006218,-0.6024570035605095
2024.02.20,600021.SH,0.7481817401542271,-0.5922181818845147,-0.35794241626247664,0.5294527075198281,-0.8091765356292568,0.6016327072072398,-0.05088279135874395,-0.09656719926571271,-0.5013392423928409,0.5989925662676423
2024.02.20,600022.SH,-0.12156248909668976,0.6763640765450238,0.18421706241485664,-0.22255629083509693,-0.5324297370949718,0.1883435147728385,-0.1922778258924522,-0.934774859143726,0.3325200791463315,0.07815549586876401
2024.02.20,600023.SH,1.1849614196509137,-0.8798542679005275,-1.653416545606584,-0.8715989604696345,0.23821719161892577,0.17492677451942193,-1.335132339600999,0.5556047366699006,-0.013042604295147772,0.8015203056137822
2024.02.20,600024.SH,1.0071743414565424,0.03464661892444393,1.0535941773360624,-1.9174931392121355,0.5629064725569852,-1.2319393054546655,-1.469097370950789,1.5283973008578675,-0.28070574791295727,-0.012809564165559322
2024.02.21,000001.SZ,-1.2928929773232616,-0.205536475517675,3.062154340185175,0.5016761858519218,-0.4347632144089269,-2.360565397833411,-0.03835846277351888,-1.2732423311378,-0.40835321956594733,0.7317309416608622
2024.02.21,000002.SZ,-0.43372184048849577,-0.31333126243095843,-0.5011294017710178,0.24275581508429298,-0.8430290313630922,0.15950495330501943,0.8592953638225863,-1.7039124112111523,0.6258443165401927,-1.1331811076640763
2024.02.21,000003.SZ,-0.29626052321587465,-0.45659038608405444,0.8650209816949147,0.15162747114689,0.22903224356262167,-1.4463804688229223,-0.9547846699433243,0.3964546565053835,0.9623793483038734,0.18170461519729458
2024.02.21,000004.SZ,0.9265958109492849,-2.283085105061117,1.3226744070431635,-0.2929242414228254,-0.050420001202137,0.6775957534331584,0.22649248585589982,0.6434285364109309,1.6148599913548842,-1.3680739510366111
2024.02.21,000005.SZ,-2.8098532107943397,-0.07191445004817872,-1.1044156084293542,-1.6135718295849053,0.40020398371716787,0.8864466346284882,0.03180229459049151,0.05743496161752315,-0.5846323205661883,-0.5683713986947405
2024.02.21,000006.SZ,0.3717256944486486,-1.0464726070573989,0.29471941166483284,2.0404733885050885,1.696763617354029,-0.5980915944131938,2.2939125844676127,-0.6339650747870079,-0.4597614189767884,2.5771045866592077
2024.02.21,000007.SZ,-0.18928537805348902,-0.7414644304721485,1.265753697270873,0.5184969732683266,-0.5686826671993128,-1.3406031614843,1.215454463640539,-2.635744386909643,0.12376882270465651,-0.032329228776278474
2024.02.21,000008.SZ,0.5317103743558428,1.9187420788593141,0.05142861809246122,-0.6430808188499074,-1.0866958588480384,0.06666769544505781,-1.0700474689504071,-2.489032469077918,-0.09186597763218377,-0.731386774998939
2024.02.21,000009.SZ,0.4814166603341502,-0.12803126634976905,-0.2105946891509333,0.9848223008649031,-0.6122105238851246,-1.1356993562523428,0.6458658363902607,-0.2746228998601099,1.3403994871801677,-0.1744502089637107
2024.02.21,000010.SZ,-0.3141152636107944,-0.02029383537289643,0.7208938272494164,1.1419206245137343,0.3454615358164837,-2.545803036495557,0.26141817355664543,0.36759033962320287,1.2364242469901447,-1.547617828407705
2024.02.21,000011.SZ,0.8162882235663012,0.31680037055859384,-1.636896124269371,-0.6003546507276528,0.548929718427354,1.3599487214999757,-0.3590654374754604,-0.388280420564036,-1.2009508719353645,0.39040622996677266
2024.02.21,000012.SZ,-1.076789509203235,0.20099057389386732,-0.2765908708220343,0.351312699504409,0.30007067093645023,-0.1984881350362911,-1.6082191847363432,-0.7233439315849111,-0.3235842383737571,1.69557812516239
2024.02.21,000013.SZ,0.39368715457152753,-1.2581953808249327,-0.33053952647550017,-0.6646108853379741,-1.102962167399521,1.6665900084282652,0.6416021949632829,-0.47013012002691185,2.095935216069285,0.27244549184668126
2024.02.21,000014.SZ,0.5287077994303834,-0.34208860485558845,0.8138565668327125,0.20546073513365304,-0.6541604792481728,0.020466690002688668,0.39236249877219115,-0.5089706872476911,0.1802031255574085,1.0596015718465177
2024.02.21,000015.SZ,0.29624354128430685,0.8576041389356582,0.7691010116833567,-0.37136497378000777,-0.794072120016879,1.1015373023430164,-0.8635330419842633,0.12765188720938792,2.4433738468562383,0.2250420216130107
2024.02.21,000016.SZ,0.8307158069882847,-1.3322413725058835,2.136847741087688,-0.949494533951205,0.2321999120393893,0.39554659213171944,0.427044496800591,1.4446287904072228,1.7282016434529464,0.04413623670440612
2024.02.21,000017.SZ,0.6488920869132037,-1.7173705016236473,-0.8751200252040587,0.025423251384099486,-0.6226021549447232,-0.20001000968075594,-0.34593667595251104,-0.3147005443426046,-0.5409670368080948,-0.5089050107846357
2024.02.21,000018.SZ,-0.17506828996330315,-0.6501097796584347,-0.739510005453185,-0.6263454211780314,-0.5249877767453407,-0.18450861524251558,1.147009697178527,-0.02360140456344866,-0.4191063884647884,-0.3096934417106162
2024.02.21,000019.SZ,-0.5533556536631727,-0.13419251839477403,0.6387883573725731,-0.32149496479298656,-0.21975762739967444,-0.6643808777605311,-0.2448743584095942,0.7126128407881945,1.284666867584051,0.32570165851398225
2024.02.21,000020.SZ,-0.39005543305957385,1.7809678630289782,2.358350104703044,-0.21246802668461895,1.087056837211683,-0.22206730820556345,0.3169346501894303,2.763754825985511,-1.0777690911286886,1.4007374108742552
2024.02.21,000021.SZ,0.18350059667203827,1.0658134811801583,0.9582212364665493,1.184944403196566,2.456370959472279,-0.9167800822952017,0.8053771812524693,0.5774644451678989,-1.1722424915716239,-0.07983327558467984
2024.02.21,000022.SZ,-0.44683825301428914,0.6019706369640959,1.1306320397810987,-0.8814577408307863,-0.9718487930071419,0.5342091958606515,0.5513455529058048,-0.8164456680075344,-0.37202676082800495,-0.44729889614528806
2024.02.21,000023.SZ,0.7958644896086975,-0.6632447822157336,-0.8920398036636618,-1.109473914216661,0.5784970986072067,0.7766997811275905,-0.8994486081018734,-0.33402417428608,0.1650563654936869,0.41451525559704866
2024.02.21,000024.SZ,-2.174736368973688,0.53412505557128,-0.7514366078033412,-1.3714906966881224,0.3398504305404042,0.5553938259271024,1.0781683916281255,1.124147674437347,2.1158318023384677,-0.29313872205407954
2024.02.21,000025.SZ,0.7344952437911191,0.06401511748824498,-0.601252742765611,-1.6002972571328653,-1.078376624485249,-0.6170566909728658,0.1371952552672614,-1.379392351263678,1.5724917870776733,-0.3625535966240655
2024.02.21,600000.SH,0.33793121639489804,-0.24051103368980448,0.3667142622256232,0.040872525781670326,1.0575659484381328,0.0294580326985758,1.2959875216682828,-0.20342760709656274,2.0043416008476713,-1.478217141506603
2024.02.21,600001.SH,0.9039214397666379,-1.3884698227974606,-0.34641976161893995,0.35972353929879225,0.3225538273074201,-1.9337733996368145,0.07207021818986936,-0.23483982009450666,1.9583292087367514,0.12567281925717735
2024.02.21,600002.SH,0.5248464316189272,-1.253398248479808,-1.1528504717058865,-1.3290218058637455,-0.11387524776628281,-1.7129205721781795,1.955294102157692,-0.7019991829902801,0.9178972106583654,1.0798593553474094
2024.02.21,600003.SH,0.8659697766323201,0.5069808126249299,1.477920683843276,-0.45643813228235147,0.19514410630650106,1.0588922198837514,-0.15970710351342618,-0.8013572390057851,0.4177123032758667,0.8801765857061727
2024.02.21,600004.SH,0.2216742266217085,0.6662141451862333,1.2254258240305458,0.6857856089526739,-0.5377992993426017,-0.1816443314531345,0.8739232549275711,0.3347332816369849,-0.7527087846452774,-0.7690943216979667
2024.02.21,600005.SH,1.4853634532811457,-0.6403936942103027,-0.018311360320666954,-0.6637421937327579,0.8868691469780872,-0.13533931052260215,1.739925071907459,-1.1905884380020613,0.0765811351162233,-1.125728326389989
2024.02.21,600006.SH,-0.14328356038678863,-0.25702485744929277,-0.1429292119533874,1.2827897740353393,-1.0981493933644513,0.042290134408839206,0.529143256922607,-1.6025032217764879,0.538248822314516,0.5787384092232511
2024.02.21,600007.SH,-0.855159056513074,2.0223551504446515,0.5398426800534077,3.0150951755503015,-0.598624977503429,-0.3722125744671714,0.2671674445174112,-0.9614882586459911,0.2501980238806376,0.8711852587552809
2024.02.21,600008.SH,0.21328906233728756,-0.6252773202903913,1.4170209399490952,1.409242847310872,0.9288872462300296,1.6002764752838707,-0.19632474203790107,0.1894312481229836,1.4532580221494893,-0.5184802538301291
2024.02.21,600009.SH,0.47901426631248756,-1.2092066460714663,0.6419728418855848,1.1997308962201148,-0.4480333775535171,-0.49718068636542306,0.5645448884092426,-1.1912004428693754,0.7671453842539481,-0.12004258132200096
2024.02.21,600010.SH,-0.22144999027515216,-0.1462293626126245,-0.5220712181634752,0.9992681142826525,1.644790080972794,1.3205062188993695,1.0589414318717907,-0.2372985635772425,0.03610178139586593,-0.24614574642266077
2024.02.21,600011.SH,0.28667250559747703,0.3647417003259478,0.6405574013934658,-1.274920691921594,-0.06274499376440346,0.49948939176275664,1.3088020314748448,-1.440202039460918,-0.46440029104034036,-0.4765441293153669
2024.02.21,600012.SH,-0.3280909642167393,-0.1953558095919053,-0.9907527368214512,1.3566768218681036,0.2534823395976572,1.5496618816756582,-0.751044005177655,-1.0033505699278336,-0.8999238825349277,-0.27773478865987916
2024.02.21,600013.SH,-0.4031770436892863,0.595916510777358,-0.8869854615511442,1.3147746622039598,-0.3747891676588171,-0.26490279208751577,-0.32533709529811883,-0.22231155428706734,0.14317725099176543,0.016473422807489944
2024.02.21,600014.SH,-1.2414539125770865,0.8019257128050135,0.5176892637508641,-0.6039637008761838,0.6315760205988479,-0.07377409136081345,-0.0895893989857727,0.6657609302061176,-1.081059659040835,-0.42937382028575855
2024.02.21,600015.SH,-0.9546307744538268,0.09578292696094083,0.7640907415283542,-1.5893423244418858,0.23367299989743348,0.06930265128608555,-1.3872296079389594,-0.6109786481638787,0.08177590783164605,0.5812052070933995
2024.02.21,600016.SH,0.5550145950253346,1.896803921150649,-0.07636801683632637,0.5306281880228874,0.23641276663952757,-0.4971163499525399,-0.8910834513475515,0.7880895949970618,0.09007079134977952,-0.12400099325043791
2024.02.21,600017.SH,-0.9448399251726868,-1.938256410277566,1.4246228766857059,0.9237422949109306,-1.3974693819421662,-1.3121985666394365,2.1515335629657226,0.01354832035901402,0.843481511533652,1.6570106414972205
2024.02.21,600018.SH,0.7091650601247763,0.40430978428900965,-0.3019212968905319,-0.06327288221015699,0.08631213731419782,1.043184230801465,-0.4374551164025384,1.3147996039762777,-0.5087928264795037,0.16605705222766093
2024.02.21,600019.SH,0.49402143747997546,0.2983718034894282,0.49906243533601546,0.031051858612407918,-1.514553517476073,-0.19430201955979906,1.8086794553432228,-1.7393737596433316,-0.19032520512810222,0.5123282546215964
2024.02.21,600020.SH,0.07324660584813748,1.5606561971787505,0.805920470321711,-0.17610012714832057,-0.7436301129891223,-0.29335762979449487,-0.31697777049513987,-0.22234110037739313,0.7873244379444789,-0.8206787258550736
2024.02.21,600021.SH,0.1232405629637296,0.9420506989511516,-0.040736094002535896,0.3082315250875958,-0.8721885722285886,-0.5003929863289519,0.4210583422605857,0.29029202233797674,-0.13584399569630798,-0.6374859269259949
2024.02.21,600022.SH,-0.4594281816926456,0.47073012896916383,0.8868471886204252,0.7231683904124399,2.7444577316849674,0.26234767125627606,1.337613436619628,0.32274326654468977,0.4481374437146996,-0.9064055211362549
2024.02.21,600023.SH,1.4601704923309957,0.057795322329122226,1.159262891143635,0.9737695348536042,-0.28830859661657016,0.6349899098035553,-0.7742050292317592,-0.10563324413174528,0.6312206856889764,-0.08427681287340542
2024.02.21,600024.SH,-1.1559467762868878,-0.0829440039663347,1.082978434805823,1.0015106085670489,-0.8500056875171719,-0.7359178487300836,2.4800205302943175,0.0896503410988293,0.7842883223643677,1.4902542343717284
2024.02.22,000001.SZ,-0.6664778248107415,1.893596280504912,-0.42415816434152903,0.03388454094122483,-0.3371877142011271,-0.691831054122563,0.6995307607657477,0.22421785683260362,-0.3503474365716468,1.429724122214589
2024.02.22,000002.SZ,-0.4272276298820115,1.4451280350352984,2.1599162754864327,-0.1865342952536857,-1.5165947521036514,1.0304380184941684,0.48621237626493424,-0.4684795459043433,0.07703788583993099,0.24236829023861906
2024.02.22,000003.SZ,-1.3112282015073327,0.37334186343591835,-0.5118999360261528,-1.922278090626613,-0.10836845450873164,-0.41423512237575816,-0.13009756213531365,-0.11821985131754618,0.6000967873248481,-0.4034431371706646
2024.02.22,000004.SZ,1.991240189411657,-0.913534822603486,1.037343323207686,-0.3091136515711415,-1.0997234020461024,0.6443119820709197,-1.6202184283952519,0.30402290707540724,-0.5856930986555375,0.5398365932361854
2024.02.22,000005.SZ,-1.0634991261266613,-0.30307929930905325,0.5848074046261074,0.5194992734342418,-1.112452192967458,0.6879186515714144,0.8036863943862551,1.1147648990964512,-0.43376296705221096,-0.031316929159416376
2024.02.22,000006.SZ,0.658126609128122,-0.42030669310881424,0.06674933887506022,0.24168873733960736,1.064672151658896,0.5363744465026059,0.5724332156777203,1.3325974853607974,-0.03958568964838194,0.46527766880770133
2024.02.22,000007.SZ,-0.5782359686351699,1.4154180202910889,-1.8198955331544246,-1.6738633983449964,1.8321153416904448,0.5951983125078952,-0.6024449345298388,-1.1189541293863192,-2.4223215519928774,-1.5919575086532958
2024.02.22,000008.SZ,-0.03081180380459661,0.18231287391359383,0.6086803782458163,-1.7351750498493546,-0.6287234481471077,1.1265403428436085,-1.1260874362798379,-0.5698198741513769,0.7299720180427591,-0.3906062544667962
2024.02.22,000009.SZ,-1.7320819946575048,1.7662574218877627,2.203185802118381,-1.0441223574013059,0.6819586705875552,-0.05727729978126516,-0.7671184278584565,-0.34059139244296904,0.7554014910151465,0.7951773913786134
2024.02.22,000010.SZ,-0.10472995734354067,0.041791057533971505,0.8648853244722988,-1.0197110235964186,0.7716161558809155,-1.308847385161947,0.32040049487969835,0.6048518829999315,-0.3693305739854366,1.0513394776634835
2024.02.22,000011.SZ,1.0687254786619174,-0.028681292879725068,2.062114735500982,0.009931189751326557,1.9322555207516974,-0.18870129664761406,0.4203107221719465,0.3586199936687903,-0.5364232387599551,-0.6033042023109392
2024.02.22,000012.SZ,-0.3263304365885208,-1.5587256033104973,1.1792095043846327,-1.6958579787856216,-0.9975669904271155,-0.49246036610060745,1.124607154460744,0.895184801684253,0.8663823837513274,-1.090093540152589
2024.02.22,000013.SZ,0.6314477354932432,0.11426678359511937,1.1365710816011703,-0.11381608140332415,-0.808717071621818,0.868279447545706,-1.028328974969547,0.4140536113161123,0.2486366478848824,0.3155642343474817
2024.02.22,000014.SZ,-1.420084610907323,-0.8166555823783151,2.1793606565808474,-1.8144648404561101,0.6195554146947982,-0.5679959795967173,-0.8182104845478345,0.33878803988828077,-1.122875157262504,0.7311717751738178
2024.02.22,000015.SZ,-0.5605773367405507,-0.4939597436801948,2.599683903828083,-1.4570785666857955,1.0947411501000808,0.13537968276907478,0.4395660201127637,0.4803968733164711,-0.016271787936887806,0.19138605882558898
2024.02.22,000016.SZ,-0.6046335843003039,0.3944740176660705,1.1523251322647932,-1.2616587136896307,0.9306529863882897,1.1739186639245134,-0.02310317962097706,0.40565525446769424,0.3385213994984848,-0.03216383749990948
2024.02.22,000017.SZ,1.0890337497831262,-0.4206816557723713,0.9565576732952792,0.8310023273503918,-1.00619306699752,1.275621833966264,2.199274811263961,-0.5689180894474953,0.03953740173924863,-1.5093150495891636
2024.02.22,000018.SZ,-0.6510414346610224,-0.8007192340689911,1.3409350189905105,-0.14905657628366548,0.49197130326482735,-3.2790507358619316,0.21027234129530759,0.6471552360713849,1.1405502063663338,-1.0466980624708317
2024.02.22,000019.SZ,1.7854744037537214,-1.0110962621905397,0.865347533777822,1.6613088073273443,1.6297913883002397,0.44096964701787955,-0.14471519200288122,0.11756988663097832,-0.5975591357966702,-1.6480008260572592
2024.02.22,000020.SZ,-2.1811607004030056,0.9118125242033516,0.8220126982171827,0.16789915404494543,-1.4159534718010407,0.553636576984244,-0.787601212122828,-1.2863315758137637,-0.6687247736754215,1.8048515957299063
2024.02.22,000021.SZ,0.5187753287177985,2.2708037480792496,0.15586434545612962,-1.653325976688606,0.538473726359802,0.5006965149601671,-0.4616222081570756,0.27889635698953374,1.087415284967356,-1.8884374959942947
2024.02.22,000022.SZ,-0.13589764679304378,0.4926442472604198,1.203820556121077,-1.8304574333167551,0.20710699308087777,-1.0909367537706292,0.07525876230505193,0.7998906519082205,-0.26484530328138,0.3503106266165799
2024.02.22,000023.SZ,-2.772509427720978,-0.8126998857789653,0.011937088644948142,1.4186231170618,-1.5696420051971702,-0.7828974988512467,-0.1684490417786875,-1.116848173302271,1.1041842214370479,-1.148394771984914
2024.02.22,000024.SZ,-0.3520140465193569,-0.17595584748853488,1.3788629756499475,-1.4113232049769153,0.15358221354280324,-0.6978103970933738,-0.4648748681140206,2.966915155441959,-0.6740636661370627,0.9682675581228667
2024.02.22,000025.SZ,0.7547838194389825,0.8799325843549533,-0.2751586786178912,1.4571638775310694,1.3375791635967356,0.2326189494318362,0.3730337959647748,0.792669829972559,0.3685113610223784,2.4401033933177834
2024.02.22,600000.SH,-0.8546748998475384,-0.7516910397221778,3.4532790941560414,1.1521654311766147,0.6270659375053264,-1.3569164894107903,0.7774688763199735,1.6746099993121522,-1.2080545975379213,0.7268193231382283
2024.02.22,600001.SH,-1.3523763236556012,-0.42803088819930235,-0.6139278602061763,-0.37148685727623926,0.05531283067585015,1.4649549109375646,0.6707682990682827,-0.5911525472145959,0.0934937520031842,-0.6444565909605235
2024.02.22,600002.SH,-0.5664417613619374,0.5604347153503534,0.9641048383628297,0.6236992272023164,0.09186327548493464,-0.22540413759981145,-0.3954568889321426,-0.12184297252717138,-0.6751808324030115,-0.07158237550235735
2024.02.22,600003.SH,-1.3475910465883718,-0.04290035986547336,0.0594703433947177,-1.1465826276662217,0.36267052371728137,-2.0508069326727973,-0.8917687709137251,-1.3004293984667281,-1.7710638506936704,-0.4229398324160628
2024.02.22,600004.SH,0.8735319737481706,0.7851929136647838,0.983674990910033,1.1421323738347045,-1.0485508967278225,-0.46053788376813265,-0.9565981799520432,-0.45928179921828394,-0.36514445998474254,-0.3433415442794484
2024.02.22,600005.SH,-1.9518427884780727,1.0306756822887326,0.5376741584320804,-1.3262983261102952,-0.19673177715477463,0.41801142819712983,2.3740141495518414,-0.5954445365351858,1.412911662624364,0.5940663135427374
2024.02.22,600006.SH,-0.29243935289522227,0.8858370090868357,2.2191866114613052,-1.242330420514079,-1.281292606233366,1.9728041198268522,0.7579992643494986,-1.530809526499083,-1.8006673536551117,-0.7298514236043672
2024.02.22,600007.SH,0.15051064764910596,-0.5757827567802818,1.0841005184648482,1.2711956355592169,-1.0246143431785883,0.5533582243433287,0.028023458327702387,0.7080260247821085,0.3351302339967606,0.7670401368255821
2024.02.22,600008.SH,-0.9306983513770886,1.0039887740115379,-0.21671891375679664,-1.1959764203884886,-0.29026072719645657,-0.8581981642674664,2.4804477147431205,0.8827746181939755,-1.513461478641139,3.1274195457524607
2024.02.22,600009.SH,0.6431691766379215,-0.06315479256606064,0.7835942424960127,-2.6841941248623757,-0.7696765034269617,-0.7078675969053078,0.251822800070734,0.39810579885027836,1.2389741174357207,-0.8248193837751375
2024.02.22,600010.SH,0.8888291295335788,1.6177263320016442,0.4954597900278934,-1.4034257902530434,0.13123973582267848,0.04613570763299153,-1.2726546182039113,0.22555190823902568,-0.056995146290363445,0.30775616099213304
2024.02.22,600011.SH,-0.02760522014513169,0.5645439393975403,1.5562105721959365,0.1201638151794048,1.1413208290862282,-1.190367523628118,0.48478754247717665,1.3151868770822905,-0.3931517013363038,0.13264905093951243
2024.02.22,600012.SH,-1.728973625958348,0.30585299516281444,-0.755276694258188,0.20980673568141617,0.050034083424923805,0.712584065156796,-1.8430439084971968,-1.4197245258238607,0.4134732059672465,-0.49179282649575284
2024.02.22,600013.SH,-0.8970335456208977,-0.13753381831746286,1.708172590461151,-0.9369206380687527,-0.7456832502396615,0.33281219969498566,1.3065280050916497,-0.9997679311739455,0.6261050525862394,-0.19393845195952022
2024.02.22,600014.SH,-0.16392559883892668,0.18247968149352883,0.6171216572662805,-0.060085908637795706,0.49961817582034784,0.8722873030608245,0.13764042394424938,0.20852292533164474,1.2868604363693554,0.7488580320478289
2024.02.22,600015.SH,0.13479008742165738,1.0453105890343042,0.831797592877969,-1.2308377832421296,0.9712646014029253,0.5458178541668521,-0.06208500077248114,0.6338441760244453,-0.09966007719269107,-0.9057123999717818
2024.02.22,600016.SH,-0.6611698802421115,-1.9625674526067942,-0.9919693907989965,-0.741660547103501,-0.7201828134078248,-0.2998487485622003,0.44296162348047363,-0.5898507456078452,-0.3396284516256128,-0.15668823944324406
2024.02.22,600017.SH,-0.771445718194656,0.2161815511345881,0.13920433120912104,-1.2915058043520455,-1.5559577454191569,-0.07661304243191916,-0.3023255964964564,0.0059106938302343984,1.0246994369463032,0.8649510152861797
2024.02.22,600018.SH,-1.100720736790417,0.051786442979383646,1.6882226680764763,2.190621351862395,0.9698979798141639,-1.5630677709477752,1.7189246352427474,1.0134778565759504,0.27749689673043304,0.21480536762371638
2024.02.22,600019.SH,0.942623535553333,0.030657964190249527,0.8731907145313828,-1.3068217177162842,0.28300894042532493,0.6029801870150088,0.8853394881438587,1.5092749173692588,-1.277925233820932,-0.8830450483105515
2024.02.22,600020.SH,-0.058153625890224166,0.6548914617556113,2.1388256410320023,-0.16567974438479185,-0.1806959957192458,-0.0570190791574429,0.444655703565762,0.9866430793552575,0.8482169038497818,1.7486689566752034
2024.02.22,600021.SH,-1.7226105495577988,1.6127333542861813,3.890218008034699,2.834480165996945,-0.8042382741489058,-0.5636188921050947,-0.16703867518796714,1.7832988466231543,0.38163765607367095,-0.6681438817322618
2024.02.22,600022.SH,0.8482858087147842,0.466028323561116,1.1699052866136663,1.0537677197830082,0.9408927036175534,-0.7859995134008215,0.1780444419395784,0.4655447241149825,-0.5775559690488911,-0.6363417225216775
2024.02.22,600023.SH,-0.9083056994147386,0.236633185441053,0.8955790866980524,-0.3295310981872698,0.6044702813485126,-0.18473204338496702,-0.8102852474315579,1.2124432382453019,-1.1604188424708415,-0.6678764636456186
2024.02.22,600024.SH,0.12097859611969095,0.08920840642530152,-0.7554881787058464,1.1002473838159919,-0.6831669266009531,-0.4236316589139109,0.0025157972072069007,-1.0605839988154357,-0.16020499141601027,0.12732640175941382
2024.02.23,000001.SZ,-1.0748479089668772,0.8665960142381048,-0.47743088373649234,0.8196221843540145,0.3784541576313993,0.7850707992062195,1.753997571605794,-0.8085922382296682,0.05673542711610174,0.7898919882238064
2024.02.23,000002.SZ,1.8140018876077497,-0.04826773985263304,0.06397373645914901,-0.398799225674845,-0.4656280989319932,-0.7666474515987984,-0.6630513645936013,0.047516129644050054,-1.003487971473701,-0.46538169078578473
2024.02.23,000003.SZ,0.1298371927208649,-0.012734259893144017,-0.8362474917917524,-0.9671291643730956,0.034117872172865285,-1.3807003365199513,1.011143347944129,1.342545036100301,-0.4012538243527605,-0.5153903560272263
2024.02.23,000004.SZ,-0.0974570631549461,1.407349170421744,0.03649379708427171,0.8307078648902028,0.9915394981587201,-1.4573990649202557,-0.027869935002707187,0.49140779547347385,-1.0770945485293593,0.30646322427939
2024.02.23,000005.SZ,1.1971952908500234,-0.27984439377403086,-1.0077937360257856,0.4245902852187205,0.20903196117217399,-1.6683469888861526,-1.1794095763012618,-2.8087724833727115,-0.04166231695680226,0.400774964218254
2024.02.23,000006.SZ,0.1886434343157332,-1.8272335029415736,1.09252547169294,-0.41656951079409105,-1.322305212725726,0.33001746133990806,1.118976959261903,1.5291611315813332,0.593152639241585,0.654233453163842
2024.02.23,000007.SZ,0.41321298314497507,-1.2486518887223925,0.1250274824898571,1.1016673801221186,-0.603684388227684,-0.24593741258229604,-0.49657372751865697,-0.34557596493853315,0.8965814915871432,-1.2732398687255717
2024.02.23,000008.SZ,0.407885935836478,-0.4094594073137464,1.9751381489774809,-3.0389287824161006,0.8613023893007706,0.5401299346213481,-1.833170731552331,-0.431364583785524,-1.0432645743435296,-0.79446880654555
2024.02.23,000009.SZ,-0.1555765535431884,0.7764970646680706,-1.5766965946706724,2.629237380381856,-0.3569000513018382,-0.3842061199223843,-1.7274964066606564,-0.2423893264786144,-0.022894268640066162,-1.0807081541492658
2024.02.23,000010.SZ,-0.29475649338560167,0.8882083170878228,0.7249831308921143,-0.5966548390456841,1.4101608998361983,-1.8674774066887583,-0.15954338303264148,0.4356863516370801,-1.9050493672392952,0.3549644105527572
2024.02.23,000011.SZ,2.114564812133807,-0.9598000156874055,-2.526643466254153,-1.1006122559758493,-0.613556964256726,0.4229128553122956,-1.5621061973952521,0.21247443935534682,0.8825167183286066,-0.39438004461551196
2024.02.23,000012.SZ,-0.7601903949558438,0.18163875648056266,0.36874288655872783,0.21627531454831372,2.0576721458328913,1.3611560784433343,0.05043948144193849,-0.8804459687780243,-1.077593062122872,-0.24184611085389168
2024.02.23,000013.SZ,1.330813686913528,-0.07761810011544949,-1.3776990233108959,-1.1809332033772164,0.13713932547187355,0.6457870505112157,2.0582033822526253,0.7506619934600379,-1.9360067458428303,-0.20473428266641616
2024.02.23,000014.SZ,-0.4284210147776551,0.3791040978170494,-0.28196783672618514,0.49291778766517336,-0.9875681338221342,-1.4884841201760615,-0.06470714313202727,-1.3151310291823417,0.17020601105755997,-0.21405928807902322
2024.02.23,000015.SZ,-0.4664176946584984,0.7182253256480633,1.7054113537856659,-0.9201798579035029,-0.13593599912637389,-0.64760915343659,-0.5301682412053728,-0.7459380081878036,-0.3467565661104113,1.5853011492069693
2024.02.23,000016.SZ,0.16967286128834044,-1.4914143033862952,0.6009739237424538,0.5574376053264332,0.6183581756762788,1.4826623153592813,0.4472370200779769,0.49374984698648267,-0.1861175878459362,-0.814606733931553
2024.02.23,000017.SZ,0.6638001180932067,1.4098161818908308,-0.8883915453436558,0.975701339054687,0.08250973544397512,-0.2640553002307614,-0.24014667549191007,-0.6804748140341039,-0.1154894861103575,-0.8635485342718234
2024.02.23,000018.SZ,1.7542113927207539,-1.6294176125124116,0.8827739689429036,-0.25514361673866465,-0.35524789426635156,0.7536628893992016,1.083378040342212,0.4322215933328382,0.12454803638443897,2.309447425071565
2024.02.23,000019.SZ,-0.524616711339317,0.016002812606763426,0.3402658779575102,-0.5796155839972441,1.0868053546566645,0.0027035816900021145,-0.885580075557809,-0.6039854699089229,0.42380458219109557,0.5780662180444106
2024.02.23,000020.SZ,1.0203270583261417,-0.08897744931153014,-0.5368462720167572,0.6663214698841594,-0.7749916769621457,1.273470158589581,0.5439326187944333,0.6956436621598237,-1.547230106368245,-0.21103837131714487
2024.02.23,000021.SZ,2.3822448660761975,0.39532226948953536,0.004945568701761718,-0.605763945485817,-0.6089209395729825,-0.000189584247028945,-0.1869607139778846,-0.27234689883688906,0.6573999209026344,0.8008994331202675
2024.02.23,000022.SZ,-0.7063492085399239,0.034153203110216176,1.4303004323129775,0.0855745601925134,-0.012031687990804167,-0.9300660421527377,-0.3412403478788516,-0.43928264961906077,-0.19954609707559537,0.2217172137903477
2024.02.23,000023.SZ,2.3301166908268818,-0.93482190376196,0.5947207190944315,1.0359637477034709,1.0624514536378147,0.24263285947458915,0.7755598590144015,-0.0964576828809899,-0.1991904956601526,0.20068418844719496
2024.02.23,000024.SZ,0.4592591805315504,0.4677625382942842,0.42067491534565093,-0.5160544418756646,-0.4457596816050593,1.2058703448516668,0.05545602075097058,1.717386931374449,-1.0420895390398448,-0.37893312420014796
2024.02.23,000025.SZ,-0.16240062758995752,-1.0006814912996282,1.6224334274371552,0.6361415925086683,1.900809094154919,0.6938470846461892,-0.7766550302440584,-0.3903618261009966,-0.10428564691861111,0.8918816035080764
2024.02.23,600000.SH,0.14260179156392974,-0.7545168333646541,-0.42057185394566615,0.7476196893428431,-1.3087879466749255,-1.7137833902894688,-1.0857606518448608,1.4428102588341987,-0.10061033284426679,-0.6745145891879579
2024.02.23,600001.SH,1.6338022346406578,-1.6260334465758413,-1.6675912764532577,1.1160474527850957,0.3965917190700913,2.458494058490364,-1.131684819072065,-1.0595542865289835,1.052641179403128,0.4108039899809526
2024.02.23,600002.SH,0.6933495999752542,-0.9688932215838557,-1.2393269590032474,-1.1475107656199377,-1.168538450171135,-1.1030434700816398,0.3053859435684351,1.2354432610387938,0.1051027979589007,-0.9001608663772125
2024.02.23,600003.SH,-0.19969612795459607,-0.17951889291551573,-1.0733403841193079,-0.272319075439369,0.08399476793302581,0.8038718968134204,-0.7481584002188514,0.45194078344582134,-0.5451070290105422,0.01566975835359708
2024.02.23,600004.SH,0.4141257611428611,0.2145848238458475,-0.8533535323616065,-0.45924671310140863,0.7198887374347646,0.7150804048013298,0.2842679565766457,-0.48125822795407797,0.7970134314105702,0.4361840339941406
2024.02.23,600005.SH,2.6378986749203506,0.5722041185182389,-0.1389734934360884,1.303901722807083,-0.07576873663195904,-0.6724343201229841,0.5204921329126686,-0.9204469739250017,0.19805131636568232,-1.0808969943320659
2024.02.23,600006.SH,2.128766490369273,-0.08016966362651214,1.7434502764695454,0.6070432655875776,-1.3063152120868344,0.5479532102412907,0.3212469357674904,0.1173187131284879,-0.41217200056901054,-0.32439554089613126
2024.02.23,600007.SH,1.6224755261148758,-1.3224836907609494,-1.7196404075611802,-2.7730591329189944,1.9802265340925775,-0.8448042153747701,-0.8289058018242101,1.3506569711219596,0.40078787478137556,-1.3105302112904
2024.02.23,600008.SH,1.002962717795683,-0.36147265359235153,-0.4661301865334431,0.4378511806335939,0.18668311845709723,-0.6989884891021079,0.12476146106018182,0.21269997715729633,0.7951964818101671,-0.9141816544876905
2024.02.23,600009.SH,0.30389217421889225,-0.9721340550337262,-1.1074188301952945,-0.6138759943037345,-0.7881349155772607,-1.063127520521129,0.10575228358516212,-0.6191157337790624,0.7525751859393854,0.036322407753572185
2024.02.23,600010.SH,2.4790948350764292,1.2308659260141537,0.22840454876816207,-0.7145387093190787,0.27519551592621333,-1.0084509692809733,-1.404389728198516,0.8787319499122084,0.36872311331247665,0.7464874226889537
2024.02.23,600011.SH,-0.2309695721548221,-0.9055868915450146,0.12870754501843912,-0.03203299923516558,0.25750174504490014,2.239018755944629,-1.079360935535752,-0.7625633992854752,0.23462215731816422,-0.09734874365668919
2024.02.23,600012.SH,0.513073678249857,0.8642940588424269,1.187681620750879,0.49626891992017713,0.800134516262467,0.4931113036051962,0.8728710639416066,-1.0058456484876726,-0.28569823265375405,1.0472269226770419
2024.02.23,600013.SH,0.5649766932258387,-0.7176624955113478,0.4538088737032128,0.018542998836678256,-0.638463633760588,-0.1476353209208124,-1.2498625765189086,0.5935836120812625,-0.0698934520531453,0.4351840416992747
2024.02.23,600014.SH,1.1102282578301057,-2.086189329142948,1.108918803185945,0.3590306810141418,1.0054110126610658,-0.7351243125856807,-0.751120746833297,0.9582530266361108,0.12166439292732777,-0.48091017027288574
2024.02.23,600015.SH,0.18948661465069708,0.5372897005567951,-1.3776879792146939,-0.3993114002399808,0.9805759860097876,1.2098474844409417,-1.6127679978412768,-0.22945396500506976,0.39130754859193234,-0.5131675889993342
2024.02.23,600016.SH,1.1687039234542655,1.2145218399813744,-0.4077316327157175,0.7402366504745788,-0.9896597963499729,-0.6715880207089082,-0.9468549202250858,-0.5856542938398925,0.031535547168005246,-1.555014863772311
2024.02.23,600017.SH,0.7981521347380126,0.8797936338711482,-1.8093237874566939,-0.4609805031259,0.600400375868147,0.24929144378512147,-2.4459308342281028,-0.18337566570292976,-0.4719337751454649,-0.620321656376838
2024.02.23,600018.SH,0.802584504166045,-0.5476323486097239,1.8633285567586164,-0.72837573902341,-0.32705469040523505,0.4929753695934743,1.1225766736905167,-0.9049137339559072,-0.4662574963375671,0.6661179691824486
2024.02.23,600019.SH,1.78877418057263,0.032318949936728604,-1.9244829434225013,1.7516535577289118,-0.22922153592610506,-0.012625245998439253,1.0887221868807992,0.9241871529962148,-2.5262692340742428,0.6062670885034431
2024.02.23,600020.SH,0.5091375013078481,1.446062726630557,-0.9858657182571452,0.9446787853828958,-0.5319189528936573,-0.872690581061122,-0.3257577573905264,0.5939861578449441,-0.5216107644072108,-0.7950089965681968
2024.02.23,600021.SH,-0.24889310079358024,0.6060362827421921,-0.4163303244363798,0.7045844786019773,0.9651435572795592,0.6485643778606065,-0.04127345394913749,1.4618478424211923,1.1722765693563746,-0.2259522882071232
2024.02.23,600022.SH,0.2404381022804412,1.1381761311176062,-1.0802798122368484,1.2646097396332818,0.8226660393881454,-2.4496756237208546,0.5801046148765915,1.2025733312355267,0.5049925092972921,-0.44893672130420553
2024.02.23,600023.SH,-0.41574722719900586,0.030343272728657045,-0.42650207480405883,-0.9628614012088725,0.8589173522613343,0.08085573302691368,-0.6744714894967421,0.49515141972991905,-0.33160163450769947,0.8607530880084598
2024.02.23,600024.SH,-0.3265344731911291,-0.16817834078601024,-1.184032291413691,0.08930389889499936,1.5682728395236698,-1.6193803461158314,-0.5517864196554015,-0.007104048802714602,1.2868119676624774,-1.222622415080439
2024.02.26,000001.SZ,-0.149039290486571,0.236160397255263,1.1313313005470325,-0.2317125510865287,-0.9075345108844598,0.7814420102069395,-0.9185489065783968,-0.4577890437843438,0.180256378124443,-0.6386025568382852
2024.02.26,000002.SZ,0.7819606690292356,-0.07416248985820181,0.4795121224156411,-0.7453832444905931,-0.2581621690039128,0.22037428599149333,1.820949507698791,1.635118705101626,-0.5140596242307109,-1.5271650249199824
2024.02.26,000003.SZ,0.7275225858355866,0.13510346244896798,1.9906256193750824,0.863895720494455,-0.052039330600916964,-0.4011853355041428,-0.3137376486165058,0.6148637495833085,-0.08907648364220555,0.2690485009282996
2024.02.26,000004.SZ,0.4241167029970852,0.3289796843400378,0.16985436461009104,0.24128946084974803,-0.37779975952794725,-1.2310629800980863,1.1018018402308585,-0.29436151554663975,-0.593902990779947,0.37727167748620444
2024.02.26,000005.SZ,-0.8217480899833962,0.5578860702101505,-2.1836167189281994,-1.738210048575589,0.03868678572685966,0.27983849905393005,0.3076007745946679,1.0185920250401062,0.7557169591350935,-0.5797662234572207
2024.02.26,000006.SZ,-1.402393626556196,0.21533465280953226,-0.3822647194715546,-0.36794174156213033,0.6957341829170889,-1.2496205715106,0.6434263098681363,-0.5461851862532457,0.8944847834370461,-0.7037120881833859
2024.02.26,000007.SZ,0.7334767950005603,-0.9524888952674401,-2.8543998503144046,0.3272175719820528,1.3739199097832966,-0.9681017451618854,0.21490567300332022,0.9061037331045327,1.0476571701962751,1.7794030989393959
2024.02.26,000008.SZ,1.0627599037813034,0.3029279729117992,-0.14192425816781987,1.4862743900145936,-0.09868240771113335,-1.3758678006936702,-0.6022086609969184,0.4615928570620447,-1.2416439116666016,-0.7101762527972094
2024.02.26,000009.SZ,1.587001609338767,-0.9750073271806248,-2.1409512318266324,-0.6180472121538673,-0.3117216968603736,-2.9022530580479,1.2769487096399836,0.24267279322333513,-1.4945661528179461,-0.36484940044351893
2024.02.26,000010.SZ,1.6042138667767427,0.1788492056170863,-0.10882627642044318,-1.623128047968486,-0.07417741375449396,0.3507679741738258,-0.4623283028281679,0.8801317758238357,1.4284239425223961,-1.796060703818538
2024.02.26,000011.SZ,0.0816545138188883,0.09892800115427691,0.07698496559262732,0.6962171693079149,-0.323537883098421,0.20612658762767175,-0.12339435725663185,-0.19412376094456402,-0.63377329368423,1.118407693460464
2024.02.26,000012.SZ,-1.6819178770934455,-1.0988177129130547,1.7532366483177428,-0.9831955026018397,0.5679433886827269,0.26003252895435386,-2.476898104932231,-0.598467764651038,0.5463198367349217,-1.2637117209124227
2024.02.26,000013.SZ,-0.31144681411220304,-0.1563207148541516,0.7963967679031202,0.002972789371546516,-0.42045652269765604,-0.9660585796718455,0.6767969444370342,-0.2318921475964159,-0.3562461096227551,0.9739526567933706
2024.02.26,000014.SZ,-1.7152930352916822,0.35068289625907856,1.9110516939409108,-0.6101163247524581,0.49375370981703165,-0.4739289067579826,0.31354648005188274,1.141577328284976,0.20620860138365152,0.773677364923141
2024.02.26,000015.SZ,-0.8495591275915677,-0.4897025285378355,-0.12389041016122762,-0.2170603975059231,-0.7224221670950282,0.4621597487673061,0.12388489361063257,0.228249170087119,0.2073408791079035,-0.05418710451519086
2024.02.26,000016.SZ,0.8607963756167747,1.055009486657457,0.031075978666725786,0.22125580297160102,0.126869720010285,0.08008177713883727,1.9351100397454226,-0.9078936667182524,0.5657561563967929,0.3559575467898376
2024.02.26,000017.SZ,1.0212096616893576,0.14254124970843748,0.32339508857249055,0.6085137796026843,-0.348151003995828,1.6928970702536237,0.0502509734858987,0.5869368527371146,-1.5174745754360701,0.6825243121347968
2024.02.26,000018.SZ,0.02495078386428798,-0.98651756602911,-0.3043302857973305,-1.3713955913816536,0.18395354887452034,0.2997337031238204,0.41500760296400185,-0.5284021127007545,0.565985464720832,1.4912476850439558
2024.02.26,000019.SZ,1.902399429539646,1.7628426868609013,-0.020871257709769806,0.23664689401371108,0.37882028554389147,-0.8119020258222205,-0.9053974528837578,0.4304078745316878,-0.5626283493094247,-1.1371863142902847
2024.02.26,000020.SZ,-0.3282341311251975,-0.9552927563769245,-1.2843060799898598,-0.7568785293104526,0.48456892656964723,-0.6852361354716009,0.8226669585920481,2.027960358231159,-2.8752058755129517,0.8667522277178468
2024.02.26,000021.SZ,-0.6992993872804701,-0.27935645616352506,0.4307678543972521,-0.22899319783921515,-1.0952147983214133,-0.8537712568890797,-0.9081526851998616,-0.5517531108043978,0.6024756248945131,-0.8763850469446591
2024.02.26,000022.SZ,-0.1052868799841337,1.0125214165816734,-4.118000417953448e-06,-0.4140898605869697,0.06014361071128219,0.10218955230822481,-0.17808050034948503,-0.5485145428406203,1.8998579284727093,-0.6960009442098436
2024.02.26,000023.SZ,-1.2012183467143245,-0.05799015709276633,-1.3758389629949177,-0.9647287975545029,-0.9139415657199933,-0.4982538184208202,0.6837388118462688,-0.9331261420534103,-0.8280886439382946,-0.6121459085410108
2024.02.26,000024.SZ,-0.6696658239540664,0.6401558145741132,0.5106395699803414,-0.49828604947900507,-0.6727093224445483,0.2898891097165051,-0.767416632916523,0.2398021363000766,0.3051764161419066,1.3979304098791019
2024.02.26,000025.SZ,-0.1722607580631862,-1.4279612219802862,1.0801195902935063,0.6746959112873911,-0.7996061660833643,-0.6775318830362096,-0.35248870242464786,-0.025985698597603,0.2322124277189261,1.0368664937513108
2024.02.26,600000.SH,-0.6488676457930352,-0.7268308576828678,1.012630641105062,-0.20900178024819555,-0.32579456417040026,0.38713112666787086,-0.16621687652774567,0.17074449927123636,1.1336113960653327,0.18280708287411995
2024.02.26,600001.SH,-1.6829107306177344,-0.43810760250558084,-0.25349247514834233,0.6424867613805151,-0.9034948530009023,1.8797845511381859,0.24873238088352728,-1.0682803544079826,-0.15029213826151971,1.2605953535591976
2024.02.26,600002.SH,-1.7833291524998434,-2.3568177523679066,0.2044318486198307,-0.6772870713137465,-0.46907584756271736,1.6305821596629657,1.1133337871683586,1.0628267276647372,0.17181093757266727,0.5383975891099019
2024.02.26,600003.SH,-0.0989275362465328,0.5788983707109251,0.7368638124135366,0.48538178933151704,-2.0496974851868193,-0.7463217479764926,-0.46995384605857987,1.3126606501217408,-0.3578654917928288,-0.47560784341914103
2024.02.26,600004.SH,-1.5628478895391378,0.8663836431607554,1.972103609809813,0.11878573285932183,-0.01021447749320866,-1.6894803422825393,-1.0510686428262321,0.36606084011975476,0.2219567492413312,-0.037634526347873176
2024.02.26,600005.SH,-0.22049762938535478,0.14262493689742714,0.7122214533376832,0.2167032847823329,-1.4415944652955957,-1.5018473830195191,-0.5069011146336804,-0.6966353342071864,-0.7822908137011699,-1.5914522526260715
2024.02.26,600006.SH,0.36921661684129997,-1.6674853155842142,-0.17986838429609942,0.8086478684524271,-0.16814097456644636,-1.344923679573827,-0.28072665044722767,1.326164402157882,0.17200146496564622,-0.5904315763434217
2024.02.26,600007.SH,-1.73289811624726,1.9553678504636873,0.4040975603374903,0.9751230822700653,0.3290404295935948,-0.8554951534246011,-0.6805580028750281,0.8294601716238812,-0.3156098011257383,-0.052455873919896104
2024.02.26,600008.SH,-0.3206585587854747,-2.2812804980181047,0.533954075540067,0.8780419301218954,-0.9733765251797682,1.0851075630679143,0.494535891507994,-0.6567306521517783,-0.37511529474565286,-0.11449231416846785
2024.02.26,600009.SH,-0.6872382064130856,0.6451122233312632,-0.6844154090807557,1.8444158148386076,-0.49062112643444494,0.5966709691000268,-0.8008369498801002,-0.6284654008923167,-0.16015366190323949,0.4432005992959056
2024.02.26,600010.SH,-2.327733249216799,-1.031529246577028,-0.8176144568296124,-0.11290002594072568,0.3883267363267284,-0.6419646367989996,1.3709869480477828,0.036149514633081144,0.4890464510790946,-0.29852637034200386
2024.02.26,600011.SH,-1.507784850660683,1.2683113873652554,0.06352519709520392,-0.29978066972898804,0.28957131861300783,1.0677183964180992,-0.48366317934121567,0.49042683624565825,-1.733063309161972,-0.9014273591830168
2024.02.26,600012.SH,0.16265946002309292,-1.4768945520040997,-0.3504972785258827,-1.005470423625214,-0.9562575981025905,-0.8042559666471759,0.544795596964779,1.2888038071350407,-2.0159787974167687,-0.3487187670657847
2024.02.26,600013.SH,-2.139929252334295,-0.1311493594356169,0.542589873271886,0.7924745613542036,-1.5729571447652715,-0.9601132891662577,0.6797655607862889,0.7163968184930737,1.1829042154800233,-1.1617018829111672
2024.02.26,600014.SH,-1.0795072614327332,0.7320185044484747,1.6588970467922128,0.149886466675819,-0.13042347099635007,-0.15645999874103386,-0.13253102450462817,0.6451883856405475,-1.8033496914690386,-0.3397769080618953
2024.02.26,600015.SH,0.2202883815752148,-0.38595238623084116,-0.6185163496490992,-0.23364211135207627,-0.776563649570254,-0.9058499216404603,0.5420519356584049,-0.5813109649363393,-0.01612431672088924,1.4481804890290297
2024.02.26,600016.SH,-0.583245072192295,-0.23348983277894875,0.18027926923717982,1.5678653587044769,-0.692954669403959,-0.47653933760725975,0.5360950883439908,-0.21605951941828785,1.2335366782225066,-0.01403870801935182
2024.02.26,600017.SH,2.9531239830697498,-1.0331371187550635,-1.1819325225281558,0.7370900130254001,-0.396837424049127,-1.3811308062621401,0.6122858343814703,-0.06013481662852142,-0.7264506285212557,1.314861528361198
2024.02.26,600018.SH,-1.4464935736691384,-0.11869084014333496,0.34912117300931506,-0.29696242541368234,1.0939755274108858,0.06017146838439246,0.31821370622619616,3.2723152387645422,0.9632921890974656,0.6356980802237707
2024.02.26,600019.SH,-1.4015361152932753,-1.8878168749750677,-1.9786621142699596,-1.5594309205832824,0.9743227010243066,1.0262918408626147,0.09880496864038953,-0.6168648137810112,-0.6081060146209532,-0.40997333578110084
2024.02.26,600020.SH,-0.7125747322654303,-0.2896472681894599,-1.298117753945199,0.24584961413588063,0.08317905670432127,1.0000217116580918,0.7269925816964924,0.8288829127808939,0.20679827799258513,-2.30011093372916
2024.02.26,600021.SH,-1.6027998924428362,-1.0515245276497158,-1.0772572587426794,-1.257954545401286,-0.3158276356238748,0.49545977037256606,0.6404388306789383,1.075967351332726,-0.549181603608011,0.2961969498020106
2024.02.26,600022.SH,-1.316704056326989,2.941747071788121,-0.44245107382851767,0.40147649673558744,0.5496052666542315,0.471865788335804,2.0550787814595464,-0.37770852206220035,-0.5243199758337408,-0.9274313121421321
2024.02.26,600023.SH,-1.1120450624467084,-0.17188236370808202,-0.6816378486012404,0.7439634031849931,-0.24848818563126815,-0.6077936618559207,0.6509026618406468,-0.09247370684415464,-1.1513199153785953,0.7093143935111142
2024.02.26,600024.SH,-0.1051812778672538,-0.9986947685446745,-0.20797934583063082,-1.4194291498630343,-0.8455853833595043,-0.3131669082897769,-0.7651174798181636,-0.028492807719215064,0.8093550006436369,-0.46647640621979714
