TradingDate,SecurityID,emb_0,emb_1,emb_2,emb_3,emb_4,emb_5,emb_6,emb_7,emb_8,emb_9,emb_10,emb_11,emb_12,emb_13,emb_14,emb_15
2024.01.16,000001.SZ,-0.7990158,0.5059564,-0.8612199,0.6755463,0.56726384,0.71038187,-0.7228111,0.7684125,0.72462595,0.33715874,0.7699982,-0.41528633,0.67189413,0.67123616,0.41868237,-0.8764967
2024.01.16,000002.SZ,0.034373272,-0.079163544,0.027192019,0.005354557,0.1193956,-0.027637433,0.009019853,-0.014678892,-0.12786363,0.008498032,-0.07426352,0.20776424,0.23277955,0.020045698,-0.08296485,0.10565335
2024.01.16,000003.SZ,-0.6998831,0.33711603,-0.7422051,0.55115825,0.5429904,0.60752636,-0.5677577,0.6494051,0.60177505,0.24684241,0.6286986,-0.21194403,0.6542032,0.55149007,0.33784425,-0.76357305
2024.01.16,000004.SZ,0.11005343,-0.0027604946,0.08920603,-0.020150354,-0.03360432,-0.08950173,-0.011979782,-0.093140736,-0.17650005,0.05793044,-0.07871488,0.07353297,0.104839444,-0.009323301,-0.0815911,0.1520178
2024.01.16,000005.SZ,-0.5235661,0.21657786,-0.5675169,0.385742,0.42059886,0.43747094,-0.4062469,0.4798866,0.410769,0.17451599,0.4426161,-0.06571346,0.5523443,0.39924744,0.21282734,-0.56211793
2024.01.16,000006.SZ,-0.7688596,0.5052006,-0.8324642,0.641122,0.5045577,0.6708445,-0.7129715,0.7359015,0.68432975,0.3357968,0.74296176,-0.43122256,0.6219817,0.6499195,0.39723518,-0.8554544
2024.01.16,000007.SZ,0.1257456,-0.09637517,0.122242704,-0.04493492,0.03739231,-0.10128884,0.052722942,-0.09336079,-0.21427803,0.0021175449,-0.15049449,0.20860107,0.1504524,-0.016390499,-0.123791695,0.18938741
2024.01.16,000008.SZ,-0.09649508,0.034885727,-0.12449595,0.12743478,0.1473772,0.062791824,-0.1356186,0.10240655,0.001350986,0.090572506,0.06886962,0.07460515,0.26025522,0.13325934,-0.0063936436,-0.09331885
2024.01.16,000009.SZ,-0.6431471,0.44929174,-0.7186129,0.54758716,0.29025698,0.52619815,-0.6362543,0.58089346,0.55726063,0.29405817,0.6564313,-0.45051712,0.4585047,0.51239663,0.29070693,-0.7408732
2024.01.16,000010.SZ,-0.019442502,-0.05348924,-0.009670703,0.007252351,0.14283957,0.024083218,0.0044346387,0.02033413,-0.060300834,0.008969476,-0.032966156,0.18713404,0.29380387,0.033740044,-0.040458035,0.077426344
2024.01.16,000011.SZ,-0.8932803,0.63090694,-0.9384722,0.77671534,0.69260937,0.8241197,-0.8176181,0.8747838,0.8339909,0.41431263,0.86540645,-0.53300685,0.7643675,0.7850123,0.5436986,-0.9455039
2024.01.16,000012.SZ,0.19127558,-0.11883607,0.19184233,-0.11810156,-0.031792894,-0.15878738,0.1673314,-0.184103,-0.2489759,-0.00067878875,-0.19681178,0.21540636,0.13977599,-0.12207503,-0.12037247,0.33333603
2024.01.16,000013.SZ,-0.6313345,0.33603513,-0.69420314,0.5152885,0.44237518,0.52848345,-0.5667084,0.5937639,0.5286556,0.24425563,0.5888037,-0.24320564,0.55925864,0.5130528,0.2771785,-0.7182525
2024.01.16,000014.SZ,-0.6406184,0.34023568,-0.68509346,0.4962163,0.42290965,0.5297809,-0.5610461,0.5864092,0.5330594,0.22779305,0.6007015,-0.26419738,0.5643746,0.4954489,0.29201272,-0.70596385
2024.01.16,000015.SZ,0.4562623,-0.2618103,0.45937154,-0.268048,-0.16638044,-0.37568763,0.3321891,-0.3836783,-0.47273123,-0.09082562,-0.43652317,0.34177208,-0.06220199,-0.26531115,-0.28022286,0.57350284
2024.01.16,000016.SZ,-0.43520114,0.13856268,-0.44247755,0.29540685,0.39346534,0.35985523,-0.32177585,0.39392167,0.3201775,0.11637671,0.33949655,0.022522861,0.52964747,0.32003722,0.16703174,-0.43601638
2024.01.16,000017.SZ,0.13506426,-0.037892535,0.1506584,-0.11032049,-0.04603058,-0.11862232,0.07018907,-0.14516425,-0.20843816,0.023575425,-0.1150576,0.10395624,0.13961495,-0.07483594,-0.07959755,0.26723462
2024.01.16,000018.SZ,-0.7741277,0.43100065,-0.82257795,0.63832384,0.5792139,0.68452924,-0.67413557,0.73099047,0.69923884,0.27302918,0.7289319,-0.33242267,0.68061066,0.6296538,0.3886453,-0.8479185
2024.01.16,000019.SZ,0.10912668,-0.021966722,0.07156889,0.010894545,0.003989184,-0.09026194,-0.009526911,-0.07569851,-0.17965312,0.06183484,-0.10074053,0.12961109,0.115390114,0.014195922,-0.09952293,0.12514345
2024.01.16,000020.SZ,-0.84270144,0.6167857,-0.90349704,0.72304475,0.5486552,0.7601281,-0.7940751,0.81765306,0.7741202,0.40520614,0.83100665,-0.55830324,0.6713221,0.73142886,0.4789403,-0.9155304
2024.01.16,000021.SZ,0.20344672,-0.074891485,0.17566513,-0.07797742,-0.056581512,-0.17004548,0.07519966,-0.16378236,-0.26760027,0.02358443,-0.18052185,0.16109954,0.07341007,-0.067905836,-0.1370732,0.26580024
2024.01.16,000022.SZ,0.14746527,-0.21139368,0.15176935,-0.118853115,0.1650201,-0.10489756,0.19630612,-0.09469267,-0.21669541,-0.083425656,-0.2340662,0.3932784,0.2816576,-0.075728185,-0.13697797,0.29974836
2024.01.16,000023.SZ,0.44274756,-0.24505284,0.44266656,-0.27482623,-0.17465162,-0.3620203,0.32118312,-0.3771341,-0.4563948,-0.0928072,-0.41101775,0.31331664,-0.045926627,-0.26944172,-0.2652466,0.5697982
2024.01.16,000024.SZ,-0.31322104,0.11665058,-0.37955633,0.28080004,0.3004458,0.24430183,-0.29179397,0.31281763,0.19170463,0.15158126,0.25628915,0.02006685,0.40523314,0.29383183,0.09151209,-0.36615187
2024.01.16,000025.SZ,-0.7514321,0.42374715,-0.8153903,0.63373566,0.55757666,0.6574655,-0.6661547,0.7220823,0.67315865,0.29022095,0.7121174,-0.32168192,0.6491964,0.6198275,0.3684616,-0.83775866
2024.01.16,600000.SH,-0.08962387,0.0082455175,-0.12168025,0.1102734,0.1607477,0.06289194,-0.1051696,0.09750712,-0.01790503,0.09177269,0.05340288,0.10785046,0.29482305,0.1191833,-0.002920351,-0.061994348
2024.01.16,600001.SH,0.3786204,-0.19206494,0.3763328,-0.21255456,-0.18382934,-0.3099105,0.25917792,-0.34476995,-0.39936635,-0.064452805,-0.34020805,0.24589105,-0.05329078,-0.23524736,-0.23998317,0.49821082
2024.01.16,600002.SH,0.29815197,-0.21003714,0.31277165,-0.19537853,-0.020758592,-0.2437074,0.23766665,-0.23993368,-0.36014768,-0.061265673,-0.32563764,0.32960385,0.10088692,-0.14826734,-0.19194221,0.4300664
2024.01.16,600003.SH,-0.7079917,0.48563468,-0.77143323,0.58071715,0.3522626,0.59307784,-0.67911047,0.6430179,0.6244449,0.29584956,0.7126481,-0.48033097,0.53008974,0.5533248,0.3429975,-0.7888004
2024.01.16,600004.SH,-0.7790243,0.46036988,-0.8367246,0.65220666,0.5507637,0.68433034,-0.6832258,0.73377687,0.7057585,0.3059593,0.7444799,-0.39109778,0.6652261,0.6294527,0.39996782,-0.85189325
2024.01.16,600005.SH,0.3338717,-0.1861376,0.33318922,-0.1858745,-0.10069326,-0.2665603,0.2192129,-0.27500805,-0.37099713,-0.049813796,-0.3199179,0.27383605,0.01715007,-0.16668884,-0.21145569,0.43597877
2024.01.16,600006.SH,-0.6432645,0.4184358,-0.70637023,0.5020458,0.32899204,0.5283769,-0.5990612,0.57831085,0.5436985,0.26787138,0.63761795,-0.38640913,0.51521426,0.49542192,0.30103683,-0.71404517
2024.01.16,600007.SH,-0.8352629,0.55024534,-0.8880327,0.7065735,0.60704494,0.75118655,-0.75890744,0.8070271,0.76393414,0.36232048,0.8041229,-0.46186784,0.7031906,0.7150653,0.4668361,-0.9046682
2024.01.16,600008.SH,0.19132897,-0.07423188,0.19398305,-0.109135166,-0.10679142,-0.16984253,0.091904014,-0.19739033,-0.24696158,-0.007267973,-0.15082553,0.11053827,0.050771497,-0.122554846,-0.1345224,0.30502567
2024.01.16,600009.SH,-0.88046175,0.6429977,-0.93323964,0.7741867,0.6442562,0.8087985,-0.8207999,0.8646174,0.8181962,0.43249327,0.86122024,-0.557124,0.7290864,0.77793115,0.52667224,-0.9414585
2024.01.16,600010.SH,-0.67475426,0.32241803,-0.72511494,0.552923,0.5191661,0.58098334,-0.5831379,0.63794196,0.5927684,0.21006717,0.6227634,-0.20987888,0.6186366,0.5342072,0.29788908,-0.7575397
2024.01.16,600011.SH,0.31809098,-0.10303622,0.2776072,-0.105171554,-0.14495191,-0.26336634,0.1157132,-0.25231338,-0.36302063,0.02508833,-0.2690196,0.1729076,-0.06486078,-0.10597722,-0.20535459,0.34618148
2024.01.16,600012.SH,0.0843744,-0.11201729,0.08489589,-0.041655473,0.07960331,-0.07490872,0.06714536,-0.07315328,-0.16613637,-0.025993828,-0.12257408,0.2239889,0.20302014,-0.041595034,-0.108845234,0.19512281
2024.01.16,600013.SH,-0.0692518,0.0068683103,-0.08954481,0.09850622,0.12249338,0.052678123,-0.10040201,0.07098549,-0.03169771,0.0795533,0.04776436,0.091762036,0.2587003,0.101493426,-0.018081088,-0.045392167
2024.01.16,600014.SH,-0.40660203,0.19809557,-0.46605864,0.35073972,0.2711195,0.3116736,-0.37648234,0.36668003,0.3016535,0.17505103,0.373284,-0.121165425,0.4005278,0.32255098,0.13653748,-0.4638421
2024.01.16,600015.SH,0.16628605,-0.0896755,0.14775376,-0.08068794,-0.025277993,-0.13876808,0.09168686,-0.14092864,-0.21637425,0.005897461,-0.14659373,0.16498548,0.1241313,-0.07929624,-0.11701651,0.264066
2024.01.16,600016.SH,-0.13873187,0.06168917,-0.1400155,0.08967382,0.09918051,0.09663373,-0.13776404,0.08788363,0.048489016,0.039139736,0.12324008,0.015237452,0.27728653,0.07756945,0.008610661,-0.06602816
2024.01.16,600017.SH,-0.7116587,0.4576013,-0.79467845,0.61490035,0.45798767,0.6125885,-0.666413,0.6880963,0.622198,0.33302566,0.69199187,-0.37707645,0.56953233,0.6100026,0.3434313,-0.8175075
2024.01.16,600018.SH,-0.3187462,0.11323782,-0.3065874,0.1731732,0.28269604,0.24832667,-0.24632224,0.27332813,0.17627366,0.09959806,0.2470217,0.014155154,0.45218882,0.23867172,0.118638195,-0.2717741
2024.01.16,600019.SH,0.24688168,-0.14120303,0.23528405,-0.13397703,-0.0757677,-0.21099164,0.1624872,-0.2166368,-0.27558744,-0.049909662,-0.22403307,0.20388459,0.063228115,-0.15991482,-0.16908218,0.36717293
2024.01.16,600020.SH,-0.55856204,0.43108493,-0.5822289,0.38116896,0.12670742,0.42476964,-0.5607035,0.42697135,0.45615155,0.24126384,0.59831023,-0.48484766,0.39447674,0.3687662,0.27840868,-0.5807863
2024.01.16,600021.SH,-0.6995302,0.4231653,-0.76824284,0.56185806,0.46349153,0.59691477,-0.6392124,0.66812867,0.5998738,0.2741362,0.6654857,-0.3294059,0.58385754,0.5776394,0.32807845,-0.78786445
2024.01.16,600022.SH,-0.27614027,0.21200782,-0.32883486,0.21257348,0.0978503,0.20940617,-0.297893,0.22111689,0.18051916,0.17192703,0.2975037,-0.17087485,0.3141331,0.21282391,0.11463288,-0.2808513
2024.01.16,600023.SH,-0.79129905,0.4448024,-0.8412934,0.64606726,0.599992,0.7009886,-0.6837737,0.7576138,0.7142601,0.29596472,0.7441794,-0.32559028,0.70569944,0.6451443,0.4157213,-0.8576584
2024.01.16,600024.SH,0.3399036,-0.12875979,0.29270262,-0.10203615,-0.11576887,-0.27314472,0.15469258,-0.25308913,-0.38105544,0.045084324,-0.307046,0.23327927,-0.040205527,-0.09320787,-0.2068769,0.3567839
2024.01.17,000001.SZ,-0.61301255,0.3470386,-0.68583333,0.5164104,0.39914,0.51422393,-0.56334233,0.5732566,0.5173428,0.25242576,0.58847976,-0.26649946,0.52792394,0.49647126,0.26594216,-0.7069433
2024.01.17,000002.SZ,0.13451482,-0.069801055,0.13508196,-0.06516902,-0.02843461,-0.11916658,0.055565804,-0.13056666,-0.209717,0.0044969204,-0.12395936,0.14244026,0.114344455,-0.063016295,-0.114594705,0.22798738
2024.01.17,000003.SZ,-0.62871414,0.23172061,-0.6368737,0.45690686,0.5200677,0.53407615,-0.45983157,0.56573224,0.50875604,0.18023874,0.5226899,-0.08520454,0.6408002,0.4646837,0.28288072,-0.6563751
2024.01.17,000004.SZ,0.25731423,-0.017628847,0.24502021,-0.118070245,-0.19437191,-0.21904129,0.06241931,-0.24230157,-0.30609038,0.053301632,-0.17385954,0.037330292,-0.048383396,-0.1113269,-0.13668974,0.31940672
2024.01.17,000005.SZ,-0.6704553,0.36331892,-0.7331804,0.5330122,0.474949,0.5712993,-0.5723015,0.62469983,0.573238,0.2563124,0.6208447,-0.25377274,0.5981429,0.5301293,0.3119767,-0.74365973
2024.01.17,000006.SZ,-0.5899406,0.35084432,-0.64666796,0.45791137,0.3786013,0.48519734,-0.54938847,0.55071026,0.4731168,0.24862367,0.55301833,-0.25908867,0.5177083,0.49102974,0.2685743,-0.6739807
2024.01.17,000007.SZ,-0.20417401,0.12075613,-0.24569596,0.21618351,0.13106816,0.14553943,-0.2610816,0.18625446,0.09089737,0.12946682,0.19815317,-0.05274908,0.25808337,0.20499535,0.033713717,-0.24972151
2024.01.17,000008.SZ,0.26086205,-0.1521966,0.2382034,-0.10390412,-0.01900635,-0.21685654,0.15569027,-0.19025658,-0.31549668,-0.0038861176,-0.27222207,0.2713108,0.06621892,-0.085395075,-0.17811313,0.32858038
2024.01.17,000009.SZ,-0.22719954,0.17645425,-0.28725854,0.25119302,0.07688491,0.15004356,-0.3070216,0.18900794,0.13780075,0.15106152,0.25807366,-0.15836933,0.21917643,0.19783735,0.053735323,-0.27888077
2024.01.17,000010.SZ,0.019917155,-0.0072095925,0.014148652,0.014632807,0.04938054,-0.015174334,-0.028645856,-0.017523402,-0.088702686,0.046709962,-0.022486517,0.09651012,0.20324701,0.026776796,-0.045844533,0.081091456
2024.01.17,000011.SZ,-0.8349189,0.5401129,-0.8900826,0.70461637,0.6180552,0.75002277,-0.751766,0.8084254,0.7576828,0.36249414,0.8008627,-0.43947926,0.70976037,0.71502894,0.46180114,-0.9031137
2024.01.17,000012.SZ,0.11244662,-0.07948224,0.10461074,-0.051691435,0.009247501,-0.099508,0.10266935,-0.11970943,-0.18718643,0.03228112,-0.13097869,0.18506229,0.17672436,-0.06560864,-0.08926012,0.23575851
2024.01.17,000013.SZ,-0.63236564,0.3449893,-0.69258434,0.51475626,0.4352291,0.5288294,-0.5719167,0.5907628,0.5340237,0.24585816,0.5944408,-0.26064444,0.5561708,0.51139057,0.28251627,-0.71867526
2024.01.17,000014.SZ,0.07886061,-0.08385076,0.091729484,-0.05324401,0.07398355,-0.06768599,0.051014826,-0.062647685,-0.18183482,0.018171638,-0.11235913,0.20078602,0.22142082,-0.007878124,-0.07618242,0.17975177
2024.01.17,000015.SZ,0.39921036,-0.2293334,0.40277332,-0.23881337,-0.1331146,-0.32936406,0.29374227,-0.33837312,-0.4251957,-0.07457621,-0.38502714,0.3120537,-0.01620423,-0.23120944,-0.24369289,0.5238917
2024.01.17,000016.SZ,-0.41917983,0.15884474,-0.42169017,0.27707186,0.3443523,0.33823532,-0.32464927,0.36654887,0.30281523,0.121447876,0.3424843,-0.02629434,0.4980696,0.3028301,0.16419835,-0.41198096
2024.01.17,000017.SZ,0.14050256,-0.027428051,0.14277661,-0.090564325,-0.0631308,-0.12949918,0.051103827,-0.14738908,-0.21143754,0.032503545,-0.11108354,0.08687964,0.109316684,-0.06919384,-0.088926814,0.2521792
2024.01.17,000018.SZ,-0.71934515,0.35630408,-0.757975,0.58056176,0.54418105,0.6254285,-0.6076522,0.66779256,0.63970715,0.22659715,0.6630497,-0.25289553,0.65324086,0.5635855,0.3385826,-0.7897592
2024.01.17,000019.SZ,-0.057814397,0.086923935,-0.13023072,0.16882385,0.06945752,0.033947106,-0.19378379,0.08379647,-0.0312863,0.13606575,0.07282645,0.006879985,0.15853484,0.15318435,-0.028873626,-0.13238083
2024.01.17,000020.SZ,-0.81006384,0.5967626,-0.878893,0.6924226,0.4855175,0.71911305,-0.7732172,0.78155386,0.73509437,0.39458898,0.804442,-0.55101573,0.62248486,0.6982732,0.44354722,-0.8939805
2024.01.17,000021.SZ,-0.30490932,0.18859889,-0.3615198,0.26037672,0.18195854,0.23059839,-0.32300037,0.27046642,0.19574623,0.16688989,0.29827225,-0.11546177,0.34077188,0.2630468,0.105279304,-0.3458882
2024.01.17,000022.SZ,0.033615347,-0.13267085,0.03549451,-0.03030757,0.18904422,-0.023365194,0.07269458,-0.0050486047,-0.1239772,-0.030851327,-0.11503597,0.29929525,0.3070681,0.00615257,-0.08395989,0.14914209
2024.01.17,000023.SZ,0.3632806,-0.18247321,0.3393725,-0.19529344,-0.13467439,-0.29894975,0.22700594,-0.2976508,-0.38792136,-0.04851078,-0.32642144,0.25413352,-0.010783988,-0.19495946,-0.22260454,0.4628002
2024.01.17,000024.SZ,-0.5600623,0.30015,-0.6478089,0.4858082,0.40888214,0.46166542,-0.51737857,0.5414677,0.45116463,0.25220954,0.51869124,-0.18893506,0.5027497,0.48480576,0.22956261,-0.6688365
2024.01.17,000025.SZ,-0.57764477,0.28206885,-0.6470282,0.4910837,0.43414992,0.4798441,-0.51894504,0.5510956,0.4809386,0.21535237,0.5305338,-0.1710024,0.5270673,0.4718485,0.22994053,-0.6746517
2024.01.17,600000.SH,-0.3592184,0.18803486,-0.39286858,0.27676523,0.22433682,0.26758286,-0.3378004,0.30788314,0.24039388,0.16526407,0.33906958,-0.12508227,0.39487302,0.27527735,0.13834555,-0.37496796
2024.01.17,600001.SH,0.4219434,-0.19499862,0.41838107,-0.23881364,-0.23266739,-0.35101885,0.27425164,-0.38488713,-0.43949705,-0.063859195,-0.36913148,0.23521094,-0.10465175,-0.26106113,-0.2600371,0.536445
2024.01.17,600002.SH,0.08910644,-0.1056819,0.07845677,-0.0143133495,0.12104687,-0.067937955,0.045538396,-0.039034784,-0.17901464,0.0145776635,-0.14650908,0.25769296,0.21402206,0.025789987,-0.10470543,0.14384988
2024.01.17,600003.SH,-0.64944994,0.46538424,-0.7116883,0.5340597,0.25439918,0.52264434,-0.6440116,0.5662771,0.5646938,0.28023413,0.671665,-0.49039367,0.44826907,0.4857024,0.30264533,-0.7291582
2024.01.17,600004.SH,-0.5877635,0.23969254,-0.6295952,0.48289636,0.46379367,0.49248573,-0.47861964,0.5418466,0.48900807,0.19449267,0.51741934,-0.12199928,0.57475835,0.45495522,0.24098277,-0.65672874
2024.01.17,600005.SH,0.46775466,-0.19826911,0.46497226,-0.26233298,-0.26597175,-0.38740706,0.281262,-0.41031176,-0.4804703,-0.046039153,-0.40489593,0.23828901,-0.14631873,-0.26019868,-0.2743808,0.56294
2024.01.17,600006.SH,-0.80224603,0.550331,-0.8653235,0.676897,0.51108336,0.70818275,-0.7445982,0.7658933,0.7271962,0.36063552,0.787076,-0.49701267,0.64452094,0.6749593,0.42886144,-0.87952495
2024.01.17,600007.SH,-0.72561896,0.43779907,-0.786042,0.60255694,0.49435097,0.6246216,-0.65973943,0.6880996,0.6352897,0.30254412,0.69246656,-0.3579936,0.6067714,0.6068313,0.3588836,-0.81578976
2024.01.17,600008.SH,0.10997613,-0.028164431,0.10152705,-0.04032496,-0.052528404,-0.10547586,0.015187817,-0.11761348,-0.17773291,0.026962372,-0.077038735,0.07709061,0.095313385,-0.04960849,-0.097496785,0.19081318
2024.01.17,600009.SH,-0.8596068,0.6362679,-0.9198558,0.7528492,0.5832957,0.7790217,-0.80944324,0.8395097,0.7938969,0.4257326,0.8475535,-0.5749558,0.6853924,0.7509047,0.49916244,-0.92852813
2024.01.17,600010.SH,-0.075914256,0.01978717,-0.12751672,0.15221065,0.11896093,0.04260407,-0.15556619,0.09360415,-0.0012717147,0.061254323,0.068213105,0.06595972,0.20666754,0.11142367,-0.04573264,-0.100667626
2024.01.17,600011.SH,0.24589932,-0.07770667,0.20331983,-0.06681405,-0.08781873,-0.20829383,0.069723465,-0.18721777,-0.30725554,0.04113119,-0.21013518,0.1574595,0.0038763166,-0.061037917,-0.16597722,0.27329674
2024.01.17,600012.SH,0.28322643,-0.17489834,0.28422016,-0.16104165,-0.06890179,-0.23622768,0.19280265,-0.2476233,-0.3348694,-0.061086774,-0.28240487,0.26216742,0.046341732,-0.16011663,-0.19957869,0.40185934
2024.01.17,600013.SH,-0.14487612,0.12255615,-0.18531571,0.18241285,0.060565982,0.096449524,-0.22702163,0.121477075,0.043915696,0.14956713,0.17098182,-0.08484792,0.20610762,0.16350958,0.027200276,-0.17781688
2024.01.17,600014.SH,-0.11670656,0.02548802,-0.16184916,0.13355663,0.16766955,0.07541404,-0.12677138,0.11756651,0.013803634,0.09445348,0.07731761,0.0942805,0.28702205,0.13557862,-0.0024868497,-0.09909817
2024.01.17,600015.SH,0.06358315,-0.035252105,0.04047041,-0.0033006405,0.013501479,-0.065056086,-0.0021532145,-0.055669364,-0.13005953,0.035369057,-0.049724426,0.102361426,0.16240342,-0.009631811,-0.075897396,0.13506137
2024.01.17,600016.SH,-0.2305433,0.12791365,-0.25413188,0.17780064,0.13212867,0.16458318,-0.24033837,0.17844066,0.13002759,0.08749351,0.21860039,-0.0568902,0.29766384,0.16203828,0.050141457,-0.21285668
2024.01.17,600017.SH,-0.65800995,0.42567107,-0.7466805,0.5688646,0.39448822,0.5526341,-0.62821525,0.63230205,0.5589521,0.318066,0.6446582,-0.3573982,0.51849407,0.56355333,0.30482674,-0.7695363
2024.01.17,600018.SH,-0.6794476,0.3357811,-0.7041933,0.47725096,0.50001395,0.57860184,-0.55184907,0.6193857,0.56895137,0.20755886,0.61242175,-0.22683753,0.64272195,0.5118986,0.33197254,-0.7179848
2024.01.17,600019.SH,0.29043424,-0.14934531,0.2772976,-0.1520784,-0.11669543,-0.24626417,0.1898088,-0.25503752,-0.31424588,-0.04083946,-0.2584443,0.20492098,0.023145922,-0.18079084,-0.18433793,0.40637174
2024.01.17,600020.SH,0.12830256,0.06700871,0.14815518,-0.1125201,-0.21123572,-0.13885562,-0.0135856625,-0.18163133,-0.18368487,0.06139768,-0.021069054,-0.1239667,0.01551793,-0.10850199,-0.050956987,0.26115647
2024.01.17,600021.SH,-0.70849794,0.43716976,-0.7818276,0.57746154,0.46598014,0.6051338,-0.6568624,0.6810621,0.6119241,0.28013507,0.67812943,-0.34727955,0.581268,0.5908585,0.3310315,-0.80153483
2024.01.17,600022.SH,-0.7928205,0.57994986,-0.86064154,0.66403973,0.44611734,0.69579417,-0.7507716,0.7478851,0.71750015,0.38069877,0.788952,-0.55174184,0.6097987,0.66308874,0.43202862,-0.8728203
2024.01.17,600023.SH,-0.5608141,0.27540508,-0.6158533,0.4512944,0.38859367,0.4620379,-0.48649973,0.52008015,0.46493673,0.20855422,0.5182519,-0.17966543,0.5328186,0.428968,0.2380363,-0.62689376
2024.01.17,600024.SH,0.28498435,-0.11832368,0.22539471,-0.05434493,-0.05413341,-0.2226986,0.12615016,-0.19674265,-0.32839063,0.05559284,-0.26785815,0.24313155,0.018516727,-0.05685444,-0.18146047,0.28916845
2024.01.18,000001.SZ,-0.5095242,0.33020073,-0.578749,0.44269195,0.23521627,0.3987835,-0.51700556,0.4501573,0.41010597,0.23325242,0.52226156,-0.31236196,0.3956497,0.40081546,0.20412552,-0.5994617
2024.01.18,000002.SZ,0.12278372,-0.06168248,0.10193885,-0.029381938,-0.0111553585,-0.10643596,0.033122294,-0.105930224,-0.19049494,0.017171673,-0.11133588,0.14373119,0.114298195,-0.037847426,-0.11527573,0.186442
2024.01.18,000003.SZ,-0.50459194,0.08726875,-0.46896523,0.31485227,0.49442214,0.4186022,-0.2898482,0.44272143,0.36575985,0.09925627,0.34742635,0.102519356,0.6184648,0.3444341,0.19587527,-0.46392787
2024.01.18,000004.SZ,-0.24179034,0.20346643,-0.26919305,0.2173178,0.07262045,0.16933914,-0.30977595,0.18357897,0.14095218,0.1598069,0.27533343,-0.18512005,0.24397504,0.20001477,0.085633695,-0.2668916
2024.01.18,000005.SZ,-0.82692045,0.528338,-0.8803804,0.6900021,0.6022521,0.73989844,-0.734369,0.7912402,0.75420475,0.3460205,0.7917635,-0.4389712,0.70476747,0.6885599,0.4569133,-0.89155626
2024.01.18,000006.SZ,-0.70863795,0.42013606,-0.757791,0.5404066,0.4824651,0.60584635,-0.6334291,0.66522866,0.6059695,0.26779556,0.66740817,-0.323949,0.6163046,0.57564664,0.3521231,-0.7798639
2024.01.18,000007.SZ,-0.18324524,0.13892823,-0.23877631,0.21339849,0.077820264,0.12273541,-0.26677448,0.16185403,0.08028403,0.14192156,0.2053362,-0.097207695,0.21267247,0.18785414,0.027812786,-0.23335621
2024.01.18,000008.SZ,0.14561464,-0.12350705,0.12394751,-0.045679573,0.08825091,-0.11873306,0.09284602,-0.081495166,-0.21540587,0.010679215,-0.186403,0.2685697,0.1778305,-0.011519066,-0.12249589,0.21181615
2024.01.18,000009.SZ,-0.24548249,0.18248533,-0.2820416,0.22550723,0.075065106,0.15823695,-0.30151474,0.18754745,0.14554434,0.14368321,0.27410495,-0.17419527,0.2434536,0.18900327,0.072582446,-0.26317438
2024.01.18,000010.SZ,0.22181693,-0.09970656,0.2247813,-0.125504,-0.0743468,-0.17606485,0.1283184,-0.19414367,-0.26447716,-0.0022171065,-0.20008165,0.17207618,0.076796465,-0.106803544,-0.13705522,0.32335287
2024.01.18,000011.SZ,-0.84344816,0.5366784,-0.8938283,0.70944506,0.63279086,0.7604962,-0.7537921,0.81443906,0.7690655,0.35404992,0.8073542,-0.43500653,0.7256216,0.71796364,0.46997705,-0.90674275
2024.01.18,000012.SZ,-0.3434516,0.08970541,-0.35410947,0.23591964,0.31896234,0.27432954,-0.20718355,0.28971863,0.2181759,0.12994859,0.24265572,0.06887797,0.4783132,0.23569568,0.12422361,-0.29959893
2024.01.18,000013.SZ,-0.7040436,0.3941253,-0.75499135,0.56288147,0.48937854,0.60181326,-0.6217321,0.6550752,0.61670816,0.26070064,0.6649775,-0.31604552,0.6145595,0.5591554,0.34124738,-0.77882063
2024.01.18,000014.SZ,-0.24788299,0.06684888,-0.247393,0.16868216,0.24902013,0.19053103,-0.20240197,0.22012503,0.10953714,0.10303853,0.1795493,0.058725595,0.3982082,0.20655204,0.074041344,-0.2180547
2024.01.18,000015.SZ,0.41315353,-0.2254341,0.41158172,-0.24934398,-0.15027638,-0.33960497,0.30467156,-0.3511525,-0.431411,-0.06602735,-0.38770667,0.30447996,-0.024799582,-0.24302495,-0.2418386,0.53911185
2024.01.18,000016.SZ,-0.37130255,0.12616879,-0.36758572,0.23903093,0.32521197,0.29641634,-0.28186902,0.32378882,0.25221527,0.10176603,0.2902799,0.0116005475,0.4765234,0.26729313,0.13562807,-0.34978914
2024.01.18,000017.SZ,0.09954395,-0.009396852,0.10942587,-0.07613832,-0.028647652,-0.09776315,0.019111088,-0.1103863,-0.18608792,0.038476586,-0.08090644,0.08165439,0.14535819,-0.038855363,-0.06825887,0.20918645
2024.01.18,000018.SZ,0.12010242,-0.119063154,0.12529351,-0.06930502,0.058391195,-0.09453843,0.10214171,-0.10140407,-0.18262023,-0.028551161,-0.15516266,0.2345628,0.18453369,-0.056752957,-0.11538619,0.23343049
2024.01.18,000019.SZ,-0.56724197,0.3225555,-0.63542014,0.48344076,0.3842107,0.47148946,-0.5346696,0.53571236,0.46552053,0.23750347,0.5335553,-0.21581417,0.49571523,0.47613013,0.23172355,-0.6699788
2024.01.18,000020.SZ,-0.8292389,0.6109225,-0.8928904,0.7073125,0.5183746,0.74168164,-0.78664255,0.8024924,0.7586495,0.3951452,0.8201532,-0.5588839,0.6504443,0.71481985,0.46465737,-0.9060283
2024.01.18,000021.SZ,-0.7198944,0.45945033,-0.7852692,0.5830377,0.4400715,0.6143207,-0.65862,0.66800696,0.6330038,0.2990914,0.7019215,-0.41046542,0.58481866,0.58108133,0.35460567,-0.8003533
2024.01.18,000022.SZ,-0.47026896,0.11469358,-0.48351443,0.3391686,0.4505303,0.3923805,-0.334881,0.4358421,0.35984874,0.10962448,0.3668751,0.046582747,0.5630625,0.35046503,0.1674126,-0.48528334
2024.01.18,000023.SZ,-0.056622293,0.056224115,-0.11484555,0.113406084,0.04574352,0.023625737,-0.14166722,0.059509747,-0.019481057,0.09538059,0.07570863,0.004482804,0.19085675,0.09244396,-0.025196541,-0.055972748
2024.01.18,000024.SZ,-0.7189882,0.41200918,-0.78885996,0.592661,0.51888037,0.6191344,-0.63480407,0.6854793,0.62890553,0.2900476,0.67957807,-0.31224632,0.6210383,0.5926828,0.34788007,-0.8040986
2024.01.18,000025.SZ,-0.29443455,0.101690955,-0.3641536,0.2966158,0.28991693,0.22957692,-0.29095066,0.29741585,0.19567578,0.13068153,0.24263942,0.03338345,0.37463883,0.27360243,0.062210564,-0.36267483
2024.01.18,600000.SH,-0.6623881,0.3518356,-0.70814013,0.5120636,0.44906846,0.5537843,-0.5718298,0.6057308,0.5653756,0.2351072,0.623557,-0.27934122,0.5948921,0.505949,0.3123142,-0.7222404
2024.01.18,600001.SH,0.30194202,-0.13811009,0.28079697,-0.14220713,-0.13563783,-0.252851,0.17011726,-0.26807147,-0.33569705,-0.032558903,-0.26453507,0.19885382,-0.014108139,-0.16901676,-0.20155917,0.39414594
2024.01.18,600002.SH,0.09241867,-0.07363658,0.08123784,-0.019091956,0.06593949,-0.07421591,0.020978874,-0.0553623,-0.17353345,0.020622797,-0.1173554,0.19071707,0.17504191,0.0121118445,-0.100191936,0.14637493
2024.01.18,600003.SH,-0.16801801,0.18710262,-0.18772058,0.14948511,-0.03348434,0.090282544,-0.2598824,0.09250155,0.09127107,0.1168792,0.23638085,-0.21768464,0.16352205,0.098205045,0.048132516,-0.14590073
2024.01.18,600004.SH,-0.2029091,0.014447844,-0.22620499,0.19706675,0.24495503,0.15179116,-0.16380243,0.1897477,0.09932431,0.07530676,0.13288762,0.114236936,0.35169452,0.17298472,0.01604239,-0.19441062
2024.01.18,600005.SH,0.3588028,-0.11317024,0.33781022,-0.16494404,-0.22642885,-0.29692036,0.17175314,-0.31871393,-0.38325772,0.010467534,-0.28497186,0.14482662,-0.10195625,-0.17586932,-0.21093884,0.4284074
2024.01.18,600006.SH,-0.71242565,0.47892022,-0.7838918,0.5900043,0.4040583,0.6048427,-0.6703545,0.6652911,0.6208225,0.32682925,0.7042185,-0.4392971,0.55683494,0.58842546,0.3511676,-0.8023383
2024.01.18,600007.SH,-0.112326935,0.020730738,-0.12996927,0.11216392,0.19862384,0.08472428,-0.13471115,0.12523317,-0.00454744,0.086819075,0.0607763,0.12397851,0.31248733,0.1583532,0.002430829,-0.102435455
2024.01.18,600008.SH,0.14856645,-0.04343898,0.13715905,-0.06131417,-0.063551925,-0.13671683,0.038972937,-0.14333937,-0.21305016,0.02104568,-0.11620205,0.100889675,0.07245128,-0.062848166,-0.11643758,0.22753842
2024.01.18,600009.SH,-0.8242215,0.59794265,-0.89364266,0.7144317,0.52423465,0.73190904,-0.77599335,0.79764736,0.7514461,0.40343308,0.8152028,-0.54765767,0.64036465,0.7071374,0.45558032,-0.9027321
2024.01.18,600010.SH,-0.19805324,0.040605586,-0.23423342,0.21297835,0.22201926,0.14664432,-0.21319824,0.20029603,0.107169606,0.06498611,0.15105681,0.069238715,0.31182343,0.18155953,0.0052671465,-0.22414047
2024.01.18,600011.SH,0.13357343,-0.03438282,0.08787979,-0.003988076,-0.027352808,-0.12472531,-0.0019563336,-0.09809137,-0.21137251,0.06353233,-0.1086552,0.11271416,0.08440591,-0.0051794355,-0.11161065,0.16046123
2024.01.18,600012.SH,0.19422601,-0.12822656,0.19530652,-0.106558345,-0.019105874,-0.1656781,0.11929665,-0.17075992,-0.25944138,-0.038474828,-0.20136754,0.22062774,0.102559716,-0.09900603,-0.15604848,0.30200493
2024.01.18,600013.SH,-0.047713686,0.086941324,-0.08833029,0.11799827,0.0004038438,0.0140756015,-0.16289003,0.032701004,-0.042406876,0.12535965,0.08982177,-0.056464773,0.13653453,0.09611775,-0.018922938,-0.06015338
2024.01.18,600014.SH,-0.66267735,0.3281407,-0.727187,0.5400387,0.5101181,0.5634309,-0.56164765,0.6330985,0.56680566,0.24989909,0.59921956,-0.20111793,0.60408396,0.5399209,0.29889563,-0.7457983
2024.01.18,600015.SH,0.0018678341,-0.0023105848,-0.011374245,0.024975097,0.026300507,-0.024533764,-0.05333958,-0.016911361,-0.08212283,0.03644834,0.008375701,0.058190756,0.18075268,0.012604829,-0.05262572,0.075105555
2024.01.18,600016.SH,-0.31602672,0.1670288,-0.34083784,0.22893141,0.18188037,0.2320217,-0.30043432,0.2565638,0.20163615,0.112781815,0.2910241,-0.09211296,0.3515213,0.22338603,0.09412656,-0.31253773
2024.01.18,600017.SH,-0.78701067,0.53929716,-0.8591908,0.6774645,0.51247597,0.69240475,-0.73743004,0.7637388,0.70593166,0.37238163,0.7703507,-0.4685044,0.6241197,0.677849,0.41545668,-0.876809
2024.01.18,600018.SH,-0.7405617,0.3730231,-0.7711644,0.5511852,0.5650052,0.64325035,-0.60874856,0.6882523,0.643846,0.23166579,0.67399377,-0.26252028,0.6864168,0.5723705,0.3751285,-0.78886086
2024.01.18,600019.SH,0.16989528,-0.10176573,0.13703254,-0.04620387,-0.033680215,-0.15269665,0.08888807,-0.14038062,-0.21258515,0.0014223894,-0.1549328,0.16633844,0.092350505,-0.087443136,-0.13537963,0.2517468
2024.01.18,600020.SH,0.07845807,0.07051352,0.09883676,-0.08454186,-0.1534944,-0.09656704,-0.033591446,-0.13375586,-0.13906679,0.0559798,0.009183636,-0.104210675,0.07404263,-0.080357626,-0.031673107,0.21137318
2024.01.18,600021.SH,-0.791819,0.5330079,-0.85985583,0.6658314,0.52240175,0.6960909,-0.73998576,0.76595837,0.71128404,0.33764195,0.77061355,-0.45924908,0.63196814,0.67275107,0.40894628,-0.8761481
2024.01.18,600022.SH,-0.69953066,0.4792875,-0.7618772,0.53655416,0.3482294,0.58818626,-0.64547694,0.62403446,0.6130005,0.29088065,0.6958646,-0.45938405,0.55164605,0.53226244,0.35219443,-0.7635511
2024.01.18,600023.SH,-0.614717,0.3370998,-0.6739726,0.4991499,0.38797793,0.5080599,-0.5462943,0.5660166,0.52675337,0.23560987,0.5872817,-0.27196938,0.5415374,0.4682612,0.275816,-0.6868606
2024.01.18,600024.SH,0.36656615,-0.14899383,0.31898075,-0.1250208,-0.12898979,-0.29203472,0.18909092,-0.28003466,-0.4007678,0.02863275,-0.33206254,0.25308663,-0.046129145,-0.12636183,-0.21942006,0.3957888
2024.01.19,000001.SZ,-0.61805385,0.3827183,-0.6795967,0.5184942,0.32299602,0.50328356,-0.58897144,0.5551587,0.52700835,0.2514288,0.61661124,-0.36113486,0.48437062,0.478535,0.2696732,-0.70480156
2024.01.19,000002.SZ,0.12570222,-0.053896993,0.08869615,-0.0038414963,-0.018051894,-0.107417375,0.019443609,-0.103220284,-0.1896322,0.032705646,-0.1093132,0.13663176,0.091673,-0.02514482,-0.12247524,0.16411382
2024.01.19,000003.SZ,-0.32843718,-0.0562832,-0.27892342,0.1697151,0.44146493,0.26316193,-0.10659232,0.2923418,0.18634929,0.025883261,0.14076713,0.26789165,0.55591816,0.21162763,0.081233315,-0.2191325
2024.01.19,000004.SZ,-0.3574851,0.24043101,-0.38052064,0.2821192,0.15767746,0.26771533,-0.3790371,0.28687364,0.2571729,0.16372703,0.37354022,-0.21649453,0.33272213,0.26481935,0.13878705,-0.38641092
2024.01.19,000005.SZ,-0.81809306,0.49159816,-0.8674208,0.67412937,0.61778873,0.7313093,-0.71095604,0.7818039,0.74277407,0.32647955,0.7735287,-0.38696235,0.7160681,0.6761298,0.44666603,-0.8810909
2024.01.19,000006.SZ,-0.6963333,0.41126758,-0.7473593,0.5303124,0.46544504,0.59300804,-0.61995107,0.6495259,0.5995151,0.26595092,0.65899056,-0.3224513,0.6082471,0.5606332,0.34422883,-0.76603454
2024.01.19,000007.SZ,-0.107292354,0.106246516,-0.17499211,0.1823478,0.034339048,0.061233506,-0.21617822,0.09998941,0.0129881445,0.13929775,0.14012077,-0.06644727,0.16160727,0.14603202,-0.008242846,-0.15595928
2024.01.19,000008.SZ,0.38652986,-0.2775927,0.39901483,-0.25361067,-0.030952448,-0.31206626,0.32700658,-0.30036482,-0.42115974,-0.10622577,-0.41693357,0.40616575,0.07230951,-0.21042337,-0.24252696,0.52803606
2024.01.19,000009.SZ,-0.3298284,0.17754376,-0.35777536,0.27421615,0.19305082,0.23600698,-0.33360845,0.27447444,0.21133138,0.14486323,0.31556892,-0.12787418,0.33859488,0.25305673,0.10441576,-0.35452944
2024.01.19,000010.SZ,0.11294201,-0.00957319,0.09127177,-0.010754532,-0.059879437,-0.09665642,-0.00930088,-0.098742686,-0.1654932,0.056157857,-0.07138626,0.053909678,0.07804217,-0.019906618,-0.0900509,0.15228188
2024.01.19,000011.SZ,-0.7586931,0.44666007,-0.81645507,0.6189975,0.53567356,0.6612587,-0.6697957,0.71990675,0.6667829,0.31151313,0.7206612,-0.35368878,0.65658617,0.62659067,0.38824055,-0.8332287
2024.01.19,000012.SZ,-0.608264,0.21795481,-0.63933486,0.45143864,0.52308434,0.5201955,-0.42671657,0.56155634,0.4926741,0.20503102,0.49241996,-0.028556166,0.6404639,0.45772743,0.27285078,-0.642309
2024.01.19,000013.SZ,-0.5095188,0.18942721,-0.5283922,0.37169367,0.42681095,0.41966802,-0.40313694,0.46685806,0.40302777,0.14552277,0.42487425,-0.053483758,0.55133855,0.38173637,0.20440559,-0.5393861
2024.01.19,000014.SZ,0.013074214,-0.048133194,0.022337737,-0.017395295,0.09148788,-0.017757583,0.01089874,-0.016217077,-0.115222745,0.030188046,-0.049376044,0.15855357,0.25990582,0.013421596,-0.041913427,0.11925828
2024.01.19,000015.SZ,0.40507528,-0.25555637,0.39505336,-0.23789921,-0.079608195,-0.32723048,0.31960428,-0.32243788,-0.42754993,-0.07549116,-0.40348056,0.3686685,0.024810709,-0.22321916,-0.24402007,0.5276232
2024.01.19,000016.SZ,-0.040163267,-0.057360135,-0.02632003,0.01346204,0.1993434,0.037239794,-0.0043261526,0.051407993,-0.06668234,0.019915536,-0.042474102,0.22722103,0.33334485,0.06813684,-0.028525732,0.053398672
2024.01.19,000017.SZ,-0.72929233,0.44078276,-0.77996296,0.57477903,0.49292323,0.6262086,-0.6474088,0.67991924,0.6382599,0.28269598,0.6923673,-0.35746652,0.6254428,0.58340126,0.36988163,-0.79910386
2024.01.19,000018.SZ,0.44625887,-0.28108707,0.47234276,-0.30329537,-0.15665697,-0.3642505,0.36591884,-0.3943274,-0.46661782,-0.11279604,-0.44173768,0.35778594,-0.022666348,-0.2886015,-0.26869532,0.5997153
2024.01.19,000019.SZ,-0.33058935,0.22515565,-0.4111936,0.34591064,0.19769607,0.25206593,-0.39243478,0.31575242,0.22631897,0.2060002,0.33371183,-0.15044181,0.30600947,0.3174795,0.10597855,-0.43907863
2024.01.19,000020.SZ,-0.82874644,0.5985224,-0.8933062,0.71243995,0.53222877,0.7411143,-0.78275156,0.80454814,0.7584122,0.39006886,0.8162666,-0.5391218,0.65404075,0.7152756,0.45848835,-0.9067609
2024.01.19,000021.SZ,-0.710871,0.3799999,-0.7569489,0.55185854,0.5097521,0.6126904,-0.6059512,0.65822154,0.6180543,0.24772938,0.66231596,-0.2869097,0.63872594,0.5589661,0.3442612,-0.7752138
2024.01.19,000022.SZ,-0.61046493,0.23324467,-0.64014924,0.47118154,0.50721467,0.5168978,-0.48601958,0.56822443,0.5123045,0.17429191,0.5347922,-0.10656207,0.6151985,0.4673615,0.26143155,-0.6661248
2024.01.19,000023.SZ,-0.38877904,0.20538853,-0.45581138,0.3256359,0.2526189,0.3020362,-0.375772,0.36055875,0.2930939,0.17015244,0.36814648,-0.12398422,0.4023461,0.316633,0.13515334,-0.4453401
2024.01.19,000024.SZ,-0.7265706,0.39880043,-0.790207,0.59011865,0.5465952,0.6302543,-0.63070494,0.69323915,0.6393077,0.27731842,0.68259275,-0.2857012,0.64706886,0.59564435,0.35564315,-0.8059746
2024.01.19,000025.SZ,-0.384831,0.12135014,-0.45651639,0.360458,0.37158963,0.31189403,-0.3404475,0.38638088,0.28650138,0.148712,0.31210282,0.033655714,0.45158833,0.3382346,0.10670692,-0.4659704
2024.01.19,600000.SH,-0.58958805,0.29061756,-0.62668574,0.45566097,0.40216553,0.4800432,-0.5093504,0.5321216,0.4873019,0.20470992,0.5480315,-0.21913381,0.54882586,0.44336358,0.25947002,-0.6436405
2024.01.19,600001.SH,-0.0831131,0.044940416,-0.107152626,0.10297423,0.08043136,0.049616754,-0.1337194,0.064251214,-0.000787271,0.061467156,0.083911695,0.024547625,0.22735848,0.07792445,-0.017531313,-0.051462572
2024.01.19,600002.SH,0.33806962,-0.17509043,0.34044486,-0.19559276,-0.11666465,-0.27563572,0.21313551,-0.28452224,-0.37907127,-0.04194531,-0.32047328,0.2549133,0.0041566254,-0.17012115,-0.20887779,0.4442946
2024.01.19,600003.SH,-0.23059645,0.1685425,-0.27122235,0.21966316,0.08621455,0.15640183,-0.2803904,0.18208748,0.15463652,0.13096537,0.261928,-0.14737508,0.25385037,0.1675886,0.06676994,-0.24460639
2024.01.19,600004.SH,0.0014289292,-0.14188781,-0.004980458,0.023943977,0.22305503,0.0024380486,0.058326114,0.033805866,-0.09101247,-0.009609947,-0.10204289,0.3112842,0.31728378,0.038564246,-0.07869342,0.09306693
2024.01.19,600005.SH,0.19007778,-0.025249586,0.16358079,-0.05613353,-0.14110607,-0.1581683,0.048811916,-0.1818767,-0.22943969,0.056568075,-0.1222127,0.053106096,0.009096897,-0.07771706,-0.1205849,0.24463336
2024.01.19,600006.SH,-0.75272465,0.4904754,-0.8211761,0.6292422,0.47917673,0.6524727,-0.69162166,0.7126057,0.6678555,0.33741713,0.7330447,-0.43029237,0.60978603,0.62664306,0.38275194,-0.8375441
2024.01.19,600007.SH,-0.14152566,-0.032107785,-0.14556651,0.112213366,0.28693017,0.1161327,-0.101435326,0.16270429,0.015571648,0.056133125,0.037487514,0.21876301,0.38633123,0.17022921,0.0023448202,-0.10927016
2024.01.19,600008.SH,0.007853107,-0.027341595,-0.003239,0.024371048,0.08670529,-0.019528767,-0.032927286,-0.003136036,-0.09357288,0.029650098,-0.028637147,0.13212694,0.21190262,0.032259915,-0.06157441,0.07168621
2024.01.19,600009.SH,-0.87582403,0.6439841,-0.9317736,0.7757634,0.62454003,0.7992295,-0.821022,0.8580656,0.81522876,0.4353548,0.85987705,-0.5737837,0.7107272,0.7714494,0.5154203,-0.93953156
2024.01.19,600010.SH,0.3551164,-0.21742372,0.36285815,-0.20851755,-0.10713306,-0.29598138,0.24743678,-0.299246,-0.38889486,-0.09222006,-0.3518413,0.2978275,-0.00012521818,-0.20436133,-0.23794836,0.47676215
2024.01.19,600011.SH,0.1964054,-0.1071351,0.16609302,-0.07774797,-0.014582586,-0.17238803,0.091691434,-0.1506566,-0.2712307,0.011346051,-0.194325,0.20928979,0.102557324,-0.06233483,-0.14726637,0.27046892
2024.01.19,600012.SH,0.25131124,-0.13171558,0.25481907,-0.14244075,-0.08740105,-0.21720539,0.1446873,-0.22762342,-0.310032,-0.0368455,-0.23630424,0.20019692,0.03820358,-0.13463841,-0.17794213,0.36132944
2024.01.19,600013.SH,0.2267544,-0.04088647,0.19143446,-0.067827016,-0.14170484,-0.20003353,0.050772943,-0.20120722,-0.2805838,0.056737944,-0.16200121,0.07637322,-0.0203711,-0.07867439,-0.14607129,0.26997
2024.01.19,600014.SH,-0.38839903,0.12578169,-0.4392138,0.29537547,0.37914285,0.30989802,-0.3016396,0.378139,0.26412603,0.15494825,0.2967698,0.045337744,0.49002182,0.3328321,0.13937244,-0.41755387
2024.01.19,600015.SH,0.14123079,-0.10971178,0.14680827,-0.09837501,0.015221753,-0.1236555,0.0946515,-0.12343821,-0.21303843,-0.029011555,-0.15169728,0.19890499,0.1629514,-0.07603774,-0.11716414,0.26490057
2024.01.19,600016.SH,-0.7441191,0.44345364,-0.79755193,0.59261745,0.4947954,0.6400443,-0.66004246,0.6937187,0.65435284,0.2658225,0.7069269,-0.36750463,0.6231574,0.5880512,0.36357218,-0.8141615
2024.01.19,600017.SH,-0.7626261,0.50682443,-0.8407948,0.6592444,0.5041754,0.66650945,-0.71586114,0.743787,0.67724395,0.3583195,0.74361974,-0.42600608,0.6095409,0.66066855,0.38700002,-0.86031264
2024.01.19,600018.SH,-0.669929,0.31196827,-0.7005983,0.49661255,0.5118434,0.5677938,-0.5465392,0.6179555,0.5648866,0.20747954,0.59690624,-0.1986195,0.63341683,0.51149845,0.31175077,-0.7193111
2024.01.19,600019.SH,0.19091743,-0.12103714,0.15774071,-0.05995767,-0.033370007,-0.16740608,0.11330825,-0.15519595,-0.23309334,-0.005578583,-0.18019398,0.19094269,0.08872275,-0.09894955,-0.14678608,0.2778946
2024.01.19,600020.SH,-0.44482717,0.25730637,-0.44995648,0.28266987,0.22925113,0.3418548,-0.3882952,0.35264078,0.34750473,0.15267804,0.43420464,-0.22420624,0.44459507,0.27813083,0.201762,-0.41956717
2024.01.19,600021.SH,-0.86178833,0.59584594,-0.9148095,0.7390744,0.62958115,0.7829281,-0.7963423,0.8414695,0.796813,0.3742921,0.836605,-0.507797,0.7176609,0.7458296,0.49163347,-0.9260253
2024.01.19,600022.SH,-0.74917537,0.50018823,-0.8090176,0.58990246,0.43244678,0.6452482,-0.6818962,0.6856012,0.6681989,0.3039739,0.73472935,-0.4634822,0.60514253,0.5881942,0.38621175,-0.81579643
2024.01.19,600023.SH,-0.4000739,0.21160325,-0.45707113,0.34200376,0.24284847,0.3083372,-0.37755784,0.36113822,0.30890423,0.17735676,0.3861075,-0.15440275,0.4048912,0.30273223,0.15375033,-0.4484998
2024.01.19,600024.SH,-0.22854075,0.1662863,-0.34741274,0.33201948,0.17717727,0.17819919,-0.33012375,0.26211822,0.14131975,0.22120868,0.2325799,-0.061619658,0.2534606,0.30159068,0.05090758,-0.38026252
2024.01.22,000001.SZ,-0.34749764,0.21255532,-0.39180723,0.32185864,0.15698574,0.25787613,-0.3742683,0.29581407,0.25322887,0.16772594,0.3578167,-0.18656118,0.3135827,0.26995298,0.110002756,-0.4065858
2024.01.22,000002.SZ,0.0116011975,-0.004885292,-0.035790786,0.08673619,0.050242834,-0.021949058,-0.0783001,0.0018685214,-0.0950401,0.0693796,-0.009887208,0.09095512,0.15219899,0.05904745,-0.07501885,0.013306362
2024.01.22,000003.SZ,0.2305396,-0.26662105,0.26075295,-0.17966312,0.11242952,-0.18516298,0.27096978,-0.17641696,-0.30943576,-0.10593132,-0.32263073,0.42535448,0.21692914,-0.12982199,-0.18044999,0.40296832
2024.01.22,000004.SZ,0.26593003,-0.10421895,0.28136694,-0.17569701,-0.13423008,-0.22330557,0.14979178,-0.2506247,-0.30261752,-0.026539462,-0.22292337,0.14568324,0.023554778,-0.1619554,-0.15652505,0.3917465
2024.01.22,000005.SZ,-0.5321342,0.21973568,-0.5772122,0.41889197,0.44264612,0.44500563,-0.4304345,0.49934572,0.41187847,0.20143947,0.44973883,-0.06370703,0.5515861,0.43508148,0.21698526,-0.59615546
2024.01.22,000006.SZ,-0.6708419,0.37916118,-0.7219798,0.5137151,0.470411,0.5734861,-0.590746,0.62810606,0.57164216,0.26138774,0.62556076,-0.26960877,0.60413134,0.54822654,0.32585067,-0.74523985
2024.01.22,000007.SZ,-0.57329154,0.35305083,-0.6546785,0.5005726,0.31937167,0.46405223,-0.56087804,0.53688806,0.46368557,0.26573402,0.56590647,-0.30451468,0.45056665,0.48089206,0.2343033,-0.6819659
2024.01.22,000008.SZ,0.43781358,-0.2945345,0.44317612,-0.26515934,-0.0675309,-0.35680097,0.345267,-0.3400055,-0.46965683,-0.10494222,-0.45833665,0.41935903,0.014564054,-0.22911924,-0.27643296,0.55965966
2024.01.22,000009.SZ,-0.23807035,0.07920061,-0.24150458,0.18424529,0.21098772,0.17231959,-0.21356633,0.1962561,0.11811793,0.08922461,0.19018576,0.018160634,0.345271,0.18241347,0.050656084,-0.21371266
2024.01.22,000010.SZ,0.39512968,-0.19064043,0.39401284,-0.22191249,-0.17688659,-0.31958556,0.2508379,-0.3380409,-0.41344452,-0.046912033,-0.35552305,0.2505436,-0.054706372,-0.21644133,-0.23486413,0.49824196
2024.01.22,000011.SZ,-0.5224517,0.27370262,-0.56398296,0.3911067,0.33287463,0.41964915,-0.45357534,0.46377042,0.39751726,0.22228529,0.48495486,-0.19258183,0.5044315,0.40535447,0.23153712,-0.5647915
2024.01.22,000012.SZ,-0.7102504,0.29687655,-0.7475069,0.5465295,0.5954978,0.6220676,-0.5328023,0.66861445,0.61373293,0.23529254,0.6085155,-0.111967966,0.6983732,0.54983497,0.34503502,-0.7610938
2024.01.22,000013.SZ,-0.113391444,-0.007451916,-0.12020919,0.09486625,0.20562689,0.08312839,-0.09339338,0.1153687,0.0084728375,0.056428667,0.04811024,0.14359523,0.32832435,0.11988734,-0.0010362488,-0.06079707
2024.01.22,000014.SZ,-0.54551053,0.22617213,-0.5717116,0.3925648,0.41510606,0.4503502,-0.43031132,0.49157512,0.423573,0.17778964,0.4709126,-0.10383023,0.56150305,0.4064638,0.23277378,-0.576709
2024.01.22,000015.SZ,0.010333429,-0.10862555,-0.01750908,0.019266043,0.21768534,-0.005680701,0.034408517,0.03870216,-0.08603124,0.009963764,-0.08097193,0.28158554,0.3115193,0.047468346,-0.06465312,0.08841509
2024.01.22,000016.SZ,-0.3421723,0.053056974,-0.32589903,0.212415,0.38567775,0.28416762,-0.21315488,0.31248114,0.20894507,0.07897936,0.21215822,0.13894698,0.5089774,0.25901285,0.10879957,-0.30514622
2024.01.22,000017.SZ,-0.6565967,0.38760704,-0.7159651,0.5248108,0.43369225,0.54995954,-0.5909056,0.6122403,0.55567014,0.26847625,0.62031734,-0.29740688,0.5641545,0.52835524,0.30991706,-0.7367943
2024.01.22,000018.SZ,0.43502846,-0.25720465,0.46034545,-0.29735282,-0.17357476,-0.35905725,0.33867788,-0.3901475,-0.46175134,-0.09985846,-0.41820386,0.32101798,-0.038026504,-0.2794549,-0.26055536,0.5855466
2024.01.22,000019.SZ,-0.57243866,0.33648136,-0.651154,0.510041,0.37170276,0.47189426,-0.5543312,0.54197526,0.4722009,0.25622755,0.54981595,-0.25259107,0.477296,0.48557103,0.2338377,-0.68703586
2024.01.22,000020.SZ,-0.8248522,0.6028805,-0.88906485,0.70278436,0.50575334,0.73343015,-0.78153116,0.79552776,0.7535335,0.3897676,0.81637585,-0.55837554,0.64221984,0.70540446,0.45835176,-0.9016294
2024.01.22,000021.SZ,-0.4169592,0.16845837,-0.43087336,0.29928094,0.3181776,0.33328506,-0.34286273,0.35953215,0.29648525,0.1354328,0.3596434,-0.06604301,0.46824417,0.30699793,0.1524128,-0.42629486
2024.01.22,000022.SZ,0.0636831,-0.08233491,0.03972685,-0.004101585,0.115818754,-0.05407439,0.022261487,-0.022508396,-0.14405648,0.022045411,-0.094763935,0.21087047,0.21633627,0.024246823,-0.08755373,0.12587516
2024.01.22,000023.SZ,-0.60475385,0.32047746,-0.67732406,0.49845818,0.4204452,0.5055452,-0.5422338,0.5749735,0.51427543,0.23546772,0.56553656,-0.21933916,0.5440603,0.492104,0.25613675,-0.69413924
2024.01.22,000024.SZ,-0.7881356,0.45204583,-0.8446084,0.6548068,0.60305375,0.6985141,-0.6902376,0.75661784,0.71027297,0.30854836,0.74639064,-0.34278843,0.69384724,0.6585194,0.40941182,-0.86283344
2024.01.22,000025.SZ,-0.17772472,0.02065212,-0.24565998,0.2143429,0.25694644,0.1397136,-0.17060232,0.20225902,0.09078349,0.10125091,0.11477496,0.1380634,0.35059956,0.19384487,0.010190596,-0.210549
2024.01.22,600000.SH,-0.45422226,0.1974719,-0.48599663,0.36792526,0.3351652,0.35758427,-0.40100446,0.41057825,0.34592262,0.16954798,0.41006848,-0.1142836,0.4670645,0.35030723,0.173588,-0.5006106
2024.01.22,600001.SH,-0.52596456,0.2769708,-0.5767748,0.4361992,0.31914556,0.4199035,-0.486085,0.46885535,0.43401468,0.1860334,0.5037897,-0.22420503,0.4649257,0.39255956,0.2032184,-0.59469664
2024.01.22,600002.SH,-0.10423232,-0.010056536,-0.123660974,0.119488806,0.21415994,0.0924029,-0.11968636,0.12819749,0.0010563895,0.06154509,0.04348942,0.15571107,0.30946788,0.14800324,-0.018316634,-0.09952542
2024.01.22,600003.SH,0.46423373,-0.20946462,0.45133448,-0.25233912,-0.23957874,-0.38548595,0.29616445,-0.4006682,-0.4704318,-0.047838654,-0.40499413,0.25775772,-0.12150618,-0.2687909,-0.2705557,0.56407076
2024.01.22,600004.SH,0.3317257,-0.25254053,0.33666888,-0.19917984,-0.021698328,-0.26748797,0.28652656,-0.26174492,-0.37092847,-0.08323737,-0.36187592,0.3692703,0.08975017,-0.18294545,-0.21698824,0.46709695
2024.01.22,600005.SH,0.06616159,0.00016391836,0.03553503,0.0267716,-0.026177675,-0.051192395,-0.021212148,-0.06575959,-0.12161407,0.07400674,-0.030670714,0.055646583,0.11919389,0.0038200729,-0.069205,0.1025409
2024.01.22,600006.SH,-0.49454245,0.3206279,-0.57225114,0.41712588,0.26636362,0.39356095,-0.4817322,0.4455993,0.3831419,0.2630777,0.48789698,-0.26416826,0.4171809,0.41437134,0.21279709,-0.58097583
2024.01.22,600007.SH,-0.5965872,0.20960884,-0.62229365,0.4530438,0.5318144,0.5088446,-0.4683553,0.5688813,0.47803804,0.17954214,0.4919936,-0.031791706,0.62389356,0.48157936,0.25384748,-0.6578473
2024.01.22,600008.SH,0.22529997,-0.15924019,0.23008196,-0.13719435,0.01005172,-0.18503325,0.1667188,-0.17886163,-0.29237747,-0.039708737,-0.24906139,0.2801663,0.1260503,-0.10302671,-0.16115282,0.3423877
2024.01.22,600009.SH,-0.83515537,0.57820904,-0.89970475,0.7284908,0.5721944,0.7462046,-0.7737363,0.8098915,0.76662064,0.39872825,0.8171108,-0.5141363,0.67323864,0.7196582,0.46251023,-0.9099371
2024.01.22,600010.SH,0.45747623,-0.25635764,0.47481605,-0.28914425,-0.20367922,-0.38312164,0.32924914,-0.40171453,-0.47602293,-0.10954932,-0.43379575,0.312473,-0.08149907,-0.28671572,-0.28300738,0.5901223
2024.01.22,600011.SH,-0.2514295,0.061615866,-0.3082932,0.23461114,0.2820798,0.193892,-0.2286619,0.25672135,0.12528403,0.119115084,0.1793961,0.08726172,0.3841388,0.24614525,0.04932337,-0.28181067
2024.01.22,600012.SH,-0.109530754,0.04752823,-0.1108905,0.10065755,0.10350181,0.0684689,-0.14221051,0.079526186,0.003941672,0.06310769,0.09531146,0.029179892,0.24381343,0.100986786,-0.008668273,-0.0709552
2024.01.22,600013.SH,-0.12857817,0.14194101,-0.18592143,0.18655325,0.0343576,0.07360355,-0.24202079,0.10724785,0.031433932,0.1633847,0.17081226,-0.11205549,0.16301307,0.16146196,0.016681807,-0.17572543
2024.01.22,600014.SH,-0.5737259,0.2280156,-0.6292255,0.43185744,0.4994194,0.47935662,-0.44870004,0.55513304,0.45194504,0.21001206,0.47687203,-0.046544608,0.6005959,0.47274256,0.25010532,-0.6330937
2024.01.22,600015.SH,0.3676556,-0.23169449,0.3834017,-0.25309268,-0.10785635,-0.30200374,0.28463686,-0.3207644,-0.40817377,-0.10095585,-0.3604888,0.3116792,0.029349016,-0.23142831,-0.22960939,0.516743
2024.01.22,600016.SH,-0.64176327,0.34485358,-0.6985574,0.50268847,0.4246316,0.53439116,-0.5583809,0.5896542,0.5405868,0.22537096,0.59586704,-0.25500533,0.56041473,0.49418786,0.28036785,-0.7111759
2024.01.22,600017.SH,-0.7480244,0.46287522,-0.82247937,0.63371575,0.5248565,0.6536241,-0.6864141,0.72986585,0.65526026,0.33264202,0.7154126,-0.35671455,0.6263553,0.64583737,0.37096807,-0.8434717
2024.01.22,600018.SH,-0.47835308,0.14213319,-0.49045932,0.32557005,0.42742217,0.38754937,-0.34384525,0.43739125,0.3585164,0.12659425,0.3717386,0.010468041,0.55451214,0.34831184,0.18201643,-0.479052
2024.01.22,600019.SH,0.40299556,-0.22103232,0.39103913,-0.22089203,-0.1644386,-0.3356842,0.28720486,-0.34526834,-0.4201833,-0.06502795,-0.37095007,0.28071198,-0.041610587,-0.24425034,-0.24636173,0.5221026
2024.01.22,600020.SH,0.29394546,-0.1017363,0.30517656,-0.19838163,-0.17369035,-0.25253344,0.16888906,-0.27811745,-0.3240907,-0.020146849,-0.23799093,0.12790887,0.001877071,-0.18454331,-0.15988873,0.42934275
2024.01.22,600021.SH,-0.7889787,0.51228255,-0.8523535,0.6564637,0.53524333,0.6940348,-0.7255945,0.758515,0.7082111,0.32102767,0.7631292,-0.4347435,0.6466883,0.6598456,0.40924636,-0.86843485
2024.01.22,600022.SH,-0.8336869,0.55873054,-0.8855568,0.6915639,0.5709667,0.7480609,-0.7544432,0.7901159,0.7663972,0.34715763,0.8089282,-0.49839526,0.6974,0.6916384,0.46295372,-0.8957452
2024.01.22,600023.SH,0.18049861,-0.054932166,0.1438046,-0.04687854,-0.08179334,-0.16478485,0.05071614,-0.14994955,-0.23501088,0.046741128,-0.13847245,0.1023195,0.05976524,-0.06803789,-0.117574185,0.238884
2024.01.22,600024.SH,-0.42715156,0.26551086,-0.541688,0.44910204,0.2905105,0.35008368,-0.4623845,0.4326975,0.33397666,0.266422,0.41449228,-0.15899561,0.37725836,0.42554736,0.15191099,-0.5816177
2024.01.23,000001.SZ,-0.38639385,0.1920599,-0.4234344,0.34453052,0.2431722,0.3039114,-0.37563625,0.34494448,0.29470605,0.15578426,0.36389765,-0.12613381,0.38361925,0.30119225,0.12294942,-0.44638917
2024.01.23,000002.SZ,-0.044125456,-0.014475927,-0.0681287,0.08821611,0.11243227,0.024256276,-0.08037678,0.044382676,-0.054219723,0.05061643,0.013984764,0.1203858,0.22814478,0.0735364,-0.050556008,-0.013996871
2024.01.23,000003.SZ,0.21787225,-0.25550848,0.24662855,-0.17008007,0.11389725,-0.17761056,0.25186333,-0.16713941,-0.3002224,-0.10313729,-0.3076653,0.41156536,0.21355836,-0.121607944,-0.17740624,0.3866782
2024.01.23,000004.SZ,0.15056063,-0.032099374,0.16209505,-0.101203725,-0.09502938,-0.13676853,0.053448416,-0.15773207,-0.19773553,0.012901227,-0.1020377,0.056408443,0.08147946,-0.09464529,-0.09214136,0.26658136
2024.01.23,000005.SZ,-0.52465636,0.2405699,-0.58516043,0.4320509,0.41412356,0.43478766,-0.4501572,0.49532735,0.4141524,0.2135486,0.46240282,-0.10330008,0.52181095,0.43624774,0.2117546,-0.60412526
2024.01.23,000006.SZ,-0.19403681,0.110771835,-0.19819407,0.11773791,0.16643807,0.14936697,-0.19095773,0.1602037,0.074752904,0.11740754,0.16114736,0.0020710684,0.34250122,0.17844582,0.0709724,-0.15660802
2024.01.23,000007.SZ,-0.27939156,0.22993425,-0.3677699,0.30620596,0.0804756,0.19403027,-0.37400538,0.25558078,0.1656276,0.21803117,0.320708,-0.2129241,0.22086617,0.27449843,0.08247981,-0.3769781
2024.01.23,000008.SZ,0.51486224,-0.3250241,0.52891356,-0.32682228,-0.14720374,-0.424939,0.40356508,-0.42084092,-0.53675926,-0.12209813,-0.51667917,0.42852828,-0.054161504,-0.297687,-0.3142953,0.640993
2024.01.23,000009.SZ,0.07090706,-0.10731046,0.0812218,-0.049812283,0.10149917,-0.061698023,0.07052687,-0.0583526,-0.15413715,-0.021815052,-0.11982189,0.23216206,0.22766563,-0.02764176,-0.094255,0.188599
2024.01.23,000010.SZ,0.5236836,-0.24486907,0.5346292,-0.326361,-0.29826927,-0.43453047,0.34926736,-0.46578246,-0.52474886,-0.08099767,-0.46256083,0.27491713,-0.16590995,-0.32547164,-0.30246636,0.6385998
2024.01.23,000011.SZ,-0.75059116,0.48710412,-0.80677015,0.6046669,0.45586938,0.6438239,-0.6823919,0.6961372,0.6583892,0.33015987,0.7326301,-0.44276765,0.61685896,0.6089011,0.39497447,-0.82197064
2024.01.23,000012.SZ,-0.8057261,0.44983754,-0.8533259,0.658662,0.62758356,0.7190163,-0.67882705,0.76984364,0.73022926,0.30784127,0.7483807,-0.32024086,0.7236952,0.655659,0.43293777,-0.86693007
2024.01.23,000013.SZ,0.25834697,-0.15850624,0.27011862,-0.1820871,-0.033396695,-0.21005152,0.19318141,-0.21658435,-0.30994755,-0.046050623,-0.26269394,0.25880155,0.10962313,-0.13846822,-0.15882891,0.3953517
2024.01.23,000014.SZ,-0.6855816,0.3671196,-0.73263097,0.5357451,0.47403196,0.5844269,-0.5889404,0.6329652,0.587573,0.24715286,0.6400963,-0.27595976,0.6122003,0.53615797,0.32668024,-0.75210726
2024.01.23,000015.SZ,0.4597929,-0.30533162,0.46795434,-0.2963119,-0.10226584,-0.37720022,0.37492216,-0.37157857,-0.48153183,-0.11305071,-0.4647848,0.41087022,0.00267337,-0.27022332,-0.27767143,0.59751886
2024.01.23,000016.SZ,-0.5129626,0.21689543,-0.53436583,0.37625924,0.4088383,0.42200777,-0.41709587,0.4638909,0.3931117,0.16822538,0.4349888,-0.08473653,0.53421795,0.39416265,0.20880908,-0.5510203
2024.01.23,000017.SZ,-0.31188354,0.1506829,-0.3563023,0.23708712,0.25335607,0.24172235,-0.28125644,0.2894486,0.18541992,0.14891167,0.2576811,-0.019460808,0.3965661,0.2648214,0.10957946,-0.3277237
2024.01.23,000018.SZ,0.3773677,-0.21307614,0.3962959,-0.25509393,-0.14461483,-0.31329107,0.27693653,-0.33766726,-0.4167418,-0.07443385,-0.35772815,0.27841276,-0.009790022,-0.23007385,-0.22817193,0.520187
2024.01.23,000019.SZ,-0.31865948,0.21042448,-0.39462927,0.33828583,0.17988296,0.23771468,-0.38117224,0.29704243,0.20860898,0.19856128,0.32252163,-0.15106693,0.29041722,0.29966348,0.09484582,-0.41917595
2024.01.23,000020.SZ,-0.7728487,0.55670184,-0.84428793,0.6454128,0.43093586,0.6683166,-0.7379607,0.73482746,0.68825716,0.3633337,0.7686132,-0.5249807,0.58461106,0.6479009,0.40838364,-0.85907143
2024.01.23,000021.SZ,-0.53494817,0.2403506,-0.5604278,0.40361398,0.38976467,0.43857116,-0.44819263,0.47634578,0.42152873,0.18041132,0.4798381,-0.14797162,0.52885264,0.40641135,0.22036475,-0.5793823
2024.01.23,000022.SZ,0.37121084,-0.22731185,0.3752498,-0.23630759,-0.0797888,-0.30243796,0.27793306,-0.30159155,-0.41043296,-0.06966225,-0.36833572,0.32674366,0.034836926,-0.19939536,-0.22591038,0.50108683
2024.01.23,000023.SZ,-0.5824942,0.32005948,-0.65182674,0.4749892,0.38555738,0.48143253,-0.53266335,0.5481748,0.48792332,0.23003128,0.5488084,-0.22838986,0.5193338,0.4732538,0.24419552,-0.66919696
2024.01.23,000024.SZ,-0.34024578,0.093672805,-0.37233916,0.27149168,0.3416414,0.27280006,-0.27827927,0.32401893,0.2161817,0.1355941,0.2691004,0.050309524,0.45579684,0.2858187,0.10918571,-0.35878855
2024.01.23,000025.SZ,-0.39477444,0.099014014,-0.4587551,0.3504646,0.4076305,0.32691082,-0.31092447,0.40021664,0.29856998,0.14495048,0.29851857,0.08407359,0.5020248,0.33820677,0.121194884,-0.456707
2024.01.23,600000.SH,0.13076237,-0.107347,0.12829621,-0.063010305,0.052975997,-0.11445648,0.08067852,-0.09256449,-0.20486592,0.005407385,-0.15377033,0.2129847,0.17312376,-0.03564897,-0.10459444,0.22543487
2024.01.23,600001.SH,-0.6421641,0.32542568,-0.6848521,0.5186089,0.4385264,0.5367278,-0.5619499,0.58877665,0.5516492,0.2144018,0.5991488,-0.24908638,0.57170445,0.49087584,0.28200486,-0.71388555
2024.01.23,600002.SH,0.34591806,-0.17284201,0.35550174,-0.21487838,-0.13120018,-0.2820242,0.2126665,-0.29610354,-0.38741922,-0.05214075,-0.32108897,0.24362868,-0.0056302324,-0.1800603,-0.21186163,0.45904478
2024.01.23,600003.SH,0.27521935,-0.108955905,0.22853637,-0.08576041,-0.09384874,-0.22161269,0.12695488,-0.21550888,-0.3044276,0.020827563,-0.23288749,0.1941401,0.0067169885,-0.10635933,-0.17682944,0.32012102
2024.01.23,600004.SH,0.39617068,-0.24600974,0.40552968,-0.24037096,-0.11831029,-0.32369488,0.30806965,-0.3342522,-0.4261473,-0.07970043,-0.39550048,0.33466062,0.0028226227,-0.228488,-0.243568,0.5269957
2024.01.23,600005.SH,0.33063313,-0.15509604,0.33380535,-0.1923254,-0.15775988,-0.26475555,0.21751548,-0.30083582,-0.36048478,-0.023064615,-0.29049733,0.2077745,-0.012400401,-0.18941186,-0.19435859,0.44703314
2024.01.23,600006.SH,-0.49025342,0.31488767,-0.5621031,0.39612716,0.2654261,0.3887854,-0.46840528,0.43595374,0.37813467,0.24955761,0.4815482,-0.25407994,0.42400268,0.4004449,0.21282424,-0.5629947
2024.01.23,600007.SH,-0.2996082,0.03332539,-0.30056074,0.21270776,0.3693096,0.24410747,-0.20875412,0.29243544,0.15911806,0.09095346,0.1833248,0.15457386,0.4737238,0.2576621,0.08281039,-0.2866944
2024.01.23,600008.SH,0.3380517,-0.20885156,0.3394622,-0.19949049,-0.06641192,-0.27774277,0.24725911,-0.27590686,-0.38629365,-0.066220626,-0.3450361,0.31787926,0.04150009,-0.17715605,-0.21912116,0.4579277
2024.01.23,600009.SH,-0.8348084,0.54720163,-0.89139676,0.7102175,0.60106087,0.7486181,-0.7548558,0.8046327,0.76658446,0.37110355,0.80765903,-0.46658477,0.7039089,0.7098064,0.46672115,-0.90302336
2024.01.23,600010.SH,0.4144416,-0.23458225,0.42894801,-0.25937894,-0.1635229,-0.34668976,0.2930493,-0.35978281,-0.4451856,-0.09776818,-0.39943993,0.30306616,-0.0442825,-0.24915062,-0.25940216,0.5442996
2024.01.23,600011.SH,-0.7437938,0.43753782,-0.81137264,0.6142862,0.5206065,0.64133996,-0.6607142,0.7094738,0.6528962,0.29936373,0.7058853,-0.35295132,0.6285002,0.6108986,0.36603528,-0.8250868
2024.01.23,600012.SH,0.07804148,-0.047054686,0.07463208,-0.016402535,0.022052985,-0.072730586,0.0026859501,-0.07182873,-0.16222586,0.017308291,-0.08135566,0.13391696,0.14169863,-0.009388709,-0.09686046,0.14467993
2024.01.23,600013.SH,-0.2729823,0.1776812,-0.332108,0.2736543,0.1478449,0.19740693,-0.316356,0.23639065,0.17231688,0.17010903,0.28088227,-0.12291573,0.27755326,0.2405976,0.07367449,-0.32952607
2024.01.23,600014.SH,-0.67625797,0.30641723,-0.73190206,0.5132675,0.5645794,0.5818857,-0.5368526,0.65181774,0.56839114,0.24674468,0.5888631,-0.12460661,0.6634588,0.5513997,0.3260439,-0.74031097
2024.01.23,600015.SH,-0.17635497,0.01569061,-0.16990499,0.10096435,0.20605373,0.1283207,-0.13718994,0.14778209,0.05910853,0.028246274,0.115723774,0.09973919,0.35562557,0.11953975,0.01734678,-0.102300905
2024.01.23,600016.SH,-0.69951504,0.39368713,-0.76136124,0.5613261,0.47261903,0.5947617,-0.61172277,0.65389174,0.60652584,0.2633992,0.65748096,-0.30340734,0.6017658,0.5524853,0.3285835,-0.7745988
2024.01.23,600017.SH,-0.7320065,0.47644702,-0.8117085,0.62142414,0.47035044,0.63248587,-0.6849526,0.7076649,0.6396545,0.34183854,0.7123603,-0.40055415,0.590896,0.6290887,0.36194727,-0.83086514
2024.01.23,600018.SH,-0.0011761909,-0.09413533,0.0066152816,-0.022233015,0.17066222,-0.008097278,0.041439287,0.01362673,-0.09905392,-0.008716322,-0.07719088,0.24577135,0.31378976,0.018044315,-0.05562722,0.12610292
2024.01.23,600019.SH,0.40562332,-0.22418089,0.39670774,-0.22539414,-0.15853566,-0.336307,0.29100516,-0.34737405,-0.429869,-0.064843945,-0.3795491,0.29330078,-0.036611553,-0.24037409,-0.24765068,0.52375984
2024.01.23,600020.SH,0.40028492,-0.1772264,0.41740352,-0.27050313,-0.22248197,-0.3395651,0.26765448,-0.3671612,-0.4208334,-0.058252405,-0.34722736,0.20545138,-0.056318253,-0.25900212,-0.22044095,0.54422265
2024.01.23,600021.SH,-0.8158503,0.5598783,-0.8762267,0.687974,0.5381565,0.72310364,-0.7575023,0.78223014,0.741111,0.34976617,0.79650956,-0.5003938,0.6536246,0.6856627,0.440722,-0.8904389
2024.01.23,600022.SH,-0.8377458,0.5623908,-0.88493466,0.69347197,0.56903034,0.751534,-0.75915754,0.7890806,0.7715211,0.34081745,0.8142481,-0.51202923,0.698681,0.6906892,0.46810508,-0.89733326
2024.01.23,600023.SH,-0.31181487,0.20820574,-0.3782524,0.29830948,0.13085829,0.21483183,-0.34933326,0.27074164,0.2162655,0.18891676,0.33253282,-0.19122604,0.29761785,0.24981898,0.11461368,-0.3617852
2024.01.23,600024.SH,-0.5526668,0.35173234,-0.65182483,0.5110333,0.32740808,0.45501515,-0.55245554,0.5279853,0.460013,0.29434928,0.54624075,-0.28261697,0.4427917,0.48932981,0.23087548,-0.68318164
2024.01.24,000001.SZ,0.24838169,-0.10023658,0.22423981,-0.08260606,-0.11737344,-0.20704421,0.10607033,-0.20988728,-0.27939492,0.00290434,-0.21135928,0.15115327,-0.0018454695,-0.10970304,-0.17309926,0.30731064
2024.01.24,000002.SZ,0.09469505,-0.105447926,0.08222666,-0.028666954,0.069481686,-0.07939662,0.063870996,-0.0748193,-0.17181113,-0.011895066,-0.12654668,0.22513461,0.19062683,-0.035415202,-0.1129097,0.18353619
2024.01.24,000003.SZ,0.28332192,-0.28952935,0.3099432,-0.21345764,0.08439747,-0.22660717,0.30958626,-0.22066043,-0.35156423,-0.119871125,-0.3632651,0.44292462,0.18550003,-0.16630098,-0.20493975,0.4581463
2024.01.24,000004.SZ,0.3255464,-0.17436738,0.3450136,-0.22274356,-0.13052516,-0.2691279,0.23094714,-0.29213145,-0.35075477,-0.060418244,-0.29600695,0.22482842,0.023647482,-0.21113594,-0.18986692,0.472843
2024.01.24,000005.SZ,-0.74046415,0.38522884,-0.79617554,0.6090775,0.57736975,0.64927644,-0.62706465,0.7084932,0.6561109,0.28133294,0.6810025,-0.25104392,0.6710945,0.6079592,0.3670311,-0.8192137
2024.01.24,000006.SZ,-0.59302914,0.32383096,-0.6368053,0.43492123,0.41508505,0.49894515,-0.51280767,0.5437466,0.48147753,0.23318677,0.54342663,-0.20446719,0.562941,0.4761058,0.27849516,-0.65309876
2024.01.24,000007.SZ,-0.61260515,0.3852072,-0.7004617,0.5334097,0.35655138,0.507945,-0.5917268,0.5849179,0.5050406,0.28997973,0.60194254,-0.31980416,0.4843007,0.5217624,0.2622155,-0.72540003
2024.01.24,000008.SZ,0.452557,-0.2951016,0.44837025,-0.263626,-0.076616995,-0.36635673,0.35282782,-0.35153207,-0.4841228,-0.09621601,-0.4647399,0.4243381,0.0015361633,-0.2351462,-0.28155664,0.5654513
2024.01.24,000009.SZ,0.3810212,-0.2456306,0.3932157,-0.24237001,-0.09585865,-0.31066832,0.29986435,-0.32457185,-0.41538304,-0.091347575,-0.38360637,0.33927625,0.018683942,-0.22860399,-0.24034856,0.52011013
2024.01.24,000010.SZ,0.40279236,-0.14240323,0.39716125,-0.23734605,-0.26156926,-0.3344327,0.22790873,-0.36725676,-0.41326162,-0.03252989,-0.32200086,0.15492015,-0.10519345,-0.24453396,-0.22410537,0.5116951
2024.01.24,000011.SZ,-0.5251733,0.2823474,-0.5585613,0.3931905,0.31649822,0.41817573,-0.45994997,0.45562947,0.3979577,0.22287174,0.49064368,-0.21518952,0.4898628,0.399497,0.23291719,-0.56564146
2024.01.24,000012.SZ,-0.63470167,0.27991635,-0.6826705,0.5029285,0.5102765,0.5410389,-0.5118514,0.5991934,0.5291888,0.23043275,0.5538854,-0.12659395,0.6177455,0.5064821,0.2874917,-0.70333016
2024.01.24,000013.SZ,0.39719832,-0.2641415,0.4188876,-0.2854277,-0.07862872,-0.3182484,0.33579314,-0.33244073,-0.4310837,-0.10425617,-0.40537757,0.37049475,0.05909837,-0.24197726,-0.23173217,0.55511296
2024.01.24,000014.SZ,-0.6560982,0.32461432,-0.69363844,0.5009716,0.46554977,0.55700237,-0.548837,0.5992633,0.5530919,0.22005095,0.60220146,-0.22256964,0.605967,0.5020833,0.30081648,-0.71325064
2024.01.24,000015.SZ,0.09381874,-0.1656652,0.0898309,-0.056811366,0.19173548,-0.06702716,0.12241367,-0.034782194,-0.17453034,-0.024341239,-0.17717975,0.34534734,0.2856334,-0.0079640215,-0.101883516,0.2065402
2024.01.24,000016.SZ,0.072496764,-0.11086559,0.08669453,-0.066625394,0.13249579,-0.053167414,0.08796094,-0.053638306,-0.16350202,-0.016287358,-0.13543747,0.26747417,0.26456797,-0.018176029,-0.083554685,0.19734778
2024.01.24,000017.SZ,-0.5927629,0.32143694,-0.6629979,0.46391857,0.42538688,0.49680436,-0.5111929,0.5610993,0.47943354,0.24459869,0.5358863,-0.18574555,0.54890174,0.48156506,0.26446208,-0.66877043
2024.01.24,000018.SZ,0.26645374,-0.21249995,0.29677412,-0.22110967,0.00392641,-0.21326791,0.24761255,-0.22816361,-0.32911375,-0.084541276,-0.29463854,0.3253036,0.15079984,-0.16461565,-0.17088108,0.43953466
2024.01.24,000019.SZ,-0.23100062,0.13890147,-0.27867517,0.23759267,0.1441982,0.1641582,-0.28155667,0.20127422,0.11844183,0.13789797,0.22656047,-0.07590633,0.26957986,0.20527296,0.05012716,-0.27013817
2024.01.24,000020.SZ,-0.8511062,0.6081528,-0.9075434,0.7306328,0.57939374,0.7678892,-0.794373,0.8262464,0.78120494,0.39734682,0.83228374,-0.53982043,0.6897119,0.736294,0.48550293,-0.91940457
2024.01.24,000021.SZ,-0.20351477,0.025057547,-0.20421924,0.13873388,0.24710916,0.1584134,-0.14993243,0.18453796,0.09128314,0.06369696,0.13469024,0.10443018,0.38295412,0.1642838,0.03617288,-0.15381978
2024.01.24,000022.SZ,0.24007274,-0.1892854,0.23878545,-0.15593898,0.041800596,-0.19121183,0.19613631,-0.17906623,-0.30521673,-0.048920967,-0.2702157,0.32120857,0.15086025,-0.10714613,-0.16814792,0.36717123
2024.01.24,000023.SZ,-0.4866399,0.25733536,-0.556733,0.40659025,0.33700943,0.3957055,-0.45951477,0.46267837,0.38203287,0.20904148,0.45188904,-0.15318248,0.46679825,0.41075653,0.18819958,-0.5717238
2024.01.24,000024.SZ,-0.6929744,0.32723552,-0.73258495,0.5438043,0.53465635,0.59403014,-0.5761558,0.6486879,0.5940692,0.24230596,0.6325114,-0.20847258,0.6507443,0.54752934,0.33071676,-0.75658447
2024.01.24,000025.SZ,-0.60756785,0.2254481,-0.666585,0.4986112,0.53039694,0.5199334,-0.48035702,0.5918107,0.514373,0.20524591,0.5151209,-0.043865453,0.6231687,0.49105698,0.25199187,-0.6856887
2024.01.24,600000.SH,0.36446768,-0.23933995,0.3751555,-0.23100807,-0.06660605,-0.29935706,0.28467536,-0.2932896,-0.39924788,-0.07416792,-0.37053442,0.33686137,0.051096104,-0.20323372,-0.21883388,0.50043464
2024.01.24,600001.SH,0.24886706,-0.12559457,0.24443844,-0.12547334,-0.079427674,-0.20708041,0.1366848,-0.2119372,-0.29675177,-0.023493484,-0.23343319,0.19657893,0.04623169,-0.12368248,-0.16682836,0.34325758
2024.01.24,600002.SH,0.3319803,-0.13585646,0.33310097,-0.19842315,-0.15473169,-0.2742366,0.18042451,-0.28954667,-0.37323147,-0.025373386,-0.28817242,0.19100632,-0.022412607,-0.16728711,-0.19690827,0.43543673
2024.01.24,600003.SH,0.3226853,-0.13543081,0.27911413,-0.11520401,-0.12638175,-0.26305246,0.1669991,-0.2585711,-0.34643272,0.0041302545,-0.28031805,0.21665373,-0.02988047,-0.14015727,-0.20464903,0.37556562
2024.01.24,600004.SH,0.4191804,-0.24618739,0.42597106,-0.24912359,-0.14797905,-0.34379518,0.31782103,-0.358518,-0.44918472,-0.07132557,-0.4098963,0.32842213,-0.02727405,-0.2405967,-0.2538368,0.54448295
2024.01.24,600005.SH,0.3003616,-0.08691626,0.29756457,-0.16853489,-0.201824,-0.2438664,0.15824153,-0.28974947,-0.3266822,0.014168242,-0.2264717,0.107111216,-0.041401297,-0.1737466,-0.16628785,0.4072742
2024.01.24,600006.SH,-0.6608588,0.42268193,-0.7294277,0.5277891,0.38648042,0.55133796,-0.6006074,0.6054778,0.5578472,0.30424848,0.6407561,-0.3631766,0.5407714,0.5329648,0.32317483,-0.74096435
2024.01.24,600007.SH,-0.21702242,0.012095039,-0.21466711,0.15397115,0.30144462,0.17273748,-0.16202277,0.2148902,0.07874094,0.07209136,0.12151983,0.15810491,0.41394112,0.20147687,0.042166006,-0.1881144
2024.01.24,600008.SH,0.344691,-0.1929436,0.31889176,-0.15999012,-0.056696177,-0.27611998,0.2255309,-0.25966144,-0.39378902,-0.021365765,-0.34760797,0.32080308,0.028119657,-0.13760623,-0.2179344,0.4210652
2024.01.24,600009.SH,-0.5869844,0.26743928,-0.6215645,0.4367057,0.4445242,0.49250236,-0.47925183,0.53600234,0.48382634,0.21190538,0.5316944,-0.16017471,0.59037817,0.4502167,0.27472937,-0.63304055
2024.01.24,600010.SH,0.41009417,-0.23984577,0.42593235,-0.2659526,-0.14448574,-0.3391168,0.30431813,-0.35421035,-0.44336516,-0.098953165,-0.40232122,0.32021663,-0.018159427,-0.24657148,-0.25261575,0.5466949
2024.01.24,600011.SH,-0.82965326,0.5200026,-0.88622385,0.7057411,0.62047625,0.74315274,-0.740541,0.8028109,0.756235,0.3514704,0.79272985,-0.42453486,0.70825577,0.70245427,0.45369738,-0.8989246
2024.01.24,600012.SH,0.41736758,-0.24910374,0.42416897,-0.24236605,-0.12327795,-0.3377437,0.30076346,-0.349577,-0.45385557,-0.08598506,-0.4134063,0.3481661,-0.030776113,-0.22744884,-0.26625174,0.53059363
2024.01.24,600013.SH,-0.08511752,0.041325387,-0.12885019,0.121894985,0.121798724,0.060080003,-0.13076332,0.08616152,-0.005627046,0.095195435,0.07221057,0.06596537,0.2436623,0.116056,-0.015467796,-0.07901814
2024.01.24,600014.SH,-0.84035814,0.5055437,-0.8905071,0.6953604,0.6736656,0.7594694,-0.728032,0.8183791,0.7669706,0.34732592,0.7892471,-0.3613691,0.7509346,0.7142464,0.47710723,-0.90086997
2024.01.24,600015.SH,-0.049055442,-0.06311605,-0.03134676,0.000569803,0.16241984,0.030279482,-0.016855618,0.040241804,-0.059436142,-0.017668968,-0.0134028355,0.18953212,0.3161105,0.029669855,-0.039714307,0.07102621
2024.01.24,600016.SH,-0.70140564,0.358862,-0.7557565,0.5501365,0.5130868,0.6026165,-0.5858871,0.6578374,0.6101016,0.24437375,0.64184195,-0.2383625,0.63873535,0.5469291,0.33203354,-0.76644456
2024.01.24,600017.SH,-0.83034474,0.5829376,-0.89530015,0.72232354,0.5624188,0.7432002,-0.77844113,0.8085541,0.7572085,0.40060642,0.81327236,-0.51538455,0.66661143,0.72398454,0.45777217,-0.9090683
2024.01.24,600018.SH,-0.2372566,0.0054957666,-0.24926594,0.1521399,0.32150182,0.191816,-0.13303861,0.23213021,0.12190279,0.06502027,0.1256819,0.17775297,0.45316976,0.18849103,0.057907477,-0.18256122
2024.01.24,600019.SH,0.39020616,-0.24235944,0.3829267,-0.22732967,-0.10337203,-0.31385544,0.30879372,-0.32348904,-0.4200262,-0.07019014,-0.3847058,0.34023815,0.02609291,-0.22556438,-0.23507911,0.5166952
2024.01.24,600020.SH,0.28283334,-0.1536984,0.2813825,-0.17195833,-0.07476938,-0.23040581,0.20225552,-0.23835255,-0.32175654,-0.03202073,-0.27191886,0.24317025,0.07713656,-0.15533364,-0.16643672,0.40635586
2024.01.24,600021.SH,-0.8177927,0.56205064,-0.8772744,0.6915022,0.5373683,0.7240005,-0.7581787,0.7827042,0.74303657,0.3573664,0.79880816,-0.50762033,0.6543947,0.6868134,0.44516706,-0.8913981
2024.01.24,600022.SH,-0.60323775,0.3209629,-0.62474996,0.44303644,0.38538244,0.5022097,-0.5104901,0.519452,0.50025314,0.19713691,0.5603102,-0.24255297,0.54757404,0.436106,0.27064717,-0.64389235
2024.01.24,600023.SH,-0.13088912,0.061712623,-0.17213482,0.15900464,0.10992637,0.07533205,-0.17230962,0.11878908,0.02531927,0.11739546,0.122973286,0.002445082,0.2526173,0.13459857,0.016269738,-0.12550238
2024.01.24,600024.SH,-0.6553266,0.4054672,-0.73692495,0.56290704,0.4147591,0.5555739,-0.6139554,0.6189401,0.56658477,0.3099837,0.63818175,-0.33624744,0.5383512,0.5546293,0.305681,-0.76223576
2024.01.25,000001.SZ,0.5086024,-0.24201173,0.51190484,-0.2865456,-0.28023708,-0.42436397,0.3288016,-0.4451358,-0.51266915,-0.072989255,-0.45682788,0.2805455,-0.1675332,-0.29921687,-0.3074602,0.6084898
2024.01.25,000002.SZ,-0.26385203,0.07533424,-0.28378126,0.21002437,0.23188895,0.19896793,-0.22033423,0.22522822,0.15694495,0.07909314,0.21196307,0.031391382,0.3731188,0.18437296,0.055571962,-0.24483347
2024.01.25,000003.SZ,0.44413164,-0.33298182,0.480398,-0.33038944,-0.083201736,-0.36595258,0.4095742,-0.38150883,-0.48147368,-0.15259285,-0.4728325,0.4366083,0.043513168,-0.2949405,-0.27502105,0.62179905
2024.01.25,000004.SZ,0.43293422,-0.22486836,0.4575582,-0.29683375,-0.2178956,-0.35841814,0.3161548,-0.39251047,-0.43805093,-0.08919589,-0.39023253,0.2582999,-0.060260955,-0.2938201,-0.24677259,0.5846837
2024.01.25,000005.SZ,-0.5859069,0.19678131,-0.6176008,0.44716653,0.53490233,0.50571305,-0.4390643,0.5574211,0.47141662,0.193103,0.47236785,0.0030883173,0.6304889,0.4763272,0.24965028,-0.644815
2024.01.25,000006.SZ,-0.75531226,0.46197563,-0.8094375,0.6025234,0.5263081,0.66029364,-0.67104447,0.71264505,0.66842175,0.30743438,0.71862835,-0.36554906,0.65192705,0.62185717,0.39463738,-0.8287126
2024.01.25,000007.SZ,-0.6875206,0.42941427,-0.76480734,0.5814286,0.43122467,0.58610684,-0.6445324,0.6601594,0.5851597,0.30381012,0.666762,-0.3508473,0.55644596,0.5820669,0.3162208,-0.7888076
2024.01.25,000008.SZ,0.25525215,-0.18674117,0.21919048,-0.1105717,0.061015185,-0.19548704,0.1888616,-0.1633832,-0.30126226,-0.02638054,-0.28689387,0.3517193,0.14249201,-0.083688214,-0.17658667,0.33265507
2024.01.25,000009.SZ,0.35828942,-0.24518847,0.37117854,-0.22904824,-0.06321949,-0.2899725,0.286732,-0.29970276,-0.39772308,-0.09291305,-0.37057278,0.3473233,0.04718823,-0.21238329,-0.23022889,0.4980644
2024.01.25,000010.SZ,-0.040723674,0.09911872,-0.077367105,0.075565584,-0.048431043,0.009589616,-0.14279464,0.008309509,-0.01317212,0.08279485,0.1028767,-0.0905367,0.14051539,0.035637125,-0.014881525,-0.007852676
2024.01.25,000011.SZ,0.022783548,0.0066268295,0.0419652,-0.018985158,0.0056824633,-0.03733036,-0.021273164,-0.05517435,-0.12923783,0.06362858,-0.018723054,0.05729548,0.19049719,0.0013254388,-0.032751147,0.12544174
2024.01.25,000012.SZ,-0.7009022,0.3632486,-0.7530662,0.5650478,0.5263085,0.60210824,-0.598975,0.6643959,0.6038384,0.26639903,0.6419519,-0.24028373,0.6348675,0.56998324,0.3372689,-0.7778436
2024.01.25,000013.SZ,0.37145686,-0.22520912,0.3901308,-0.2684036,-0.094696835,-0.2990632,0.29851058,-0.3181342,-0.408865,-0.08272767,-0.36537504,0.32027662,0.05700006,-0.22741482,-0.2112853,0.5271758
2024.01.25,000014.SZ,0.1500298,-0.060941275,0.15906654,-0.099749304,-0.06279186,-0.12741241,0.07163771,-0.154935,-0.2177813,0.0030686462,-0.12179515,0.11334376,0.111922726,-0.090180576,-0.10420147,0.26708737
2024.01.25,000015.SZ,0.35481092,-0.28567284,0.3671463,-0.24244161,0.016184708,-0.2806501,0.32704717,-0.27304336,-0.39091432,-0.11398397,-0.39482424,0.42466864,0.120689474,-0.20648883,-0.22572412,0.5106974
2024.01.25,000016.SZ,0.30681062,-0.21300715,0.32257444,-0.2196752,-0.017328817,-0.24356261,0.2598945,-0.25422692,-0.3596628,-0.07680574,-0.33101553,0.34108427,0.11302403,-0.1722643,-0.19119583,0.4558968
2024.01.25,000017.SZ,-0.56941503,0.3154223,-0.65077585,0.44793344,0.40241405,0.47430667,-0.4945087,0.5422322,0.45447358,0.24526218,0.51650417,-0.18212834,0.531198,0.46697584,0.25311622,-0.6471566
2024.01.25,000018.SZ,0.31751314,-0.22158362,0.34837827,-0.25276297,-0.04618289,-0.2594952,0.2730746,-0.2764816,-0.37478003,-0.08929151,-0.3290735,0.32002893,0.103507124,-0.2010634,-0.19102845,0.4903695
2024.01.25,000019.SZ,-0.35591435,0.1912133,-0.38538927,0.2751318,0.21071745,0.26592213,-0.3464148,0.2982595,0.23600225,0.14836009,0.3401387,-0.13597192,0.37259603,0.2605658,0.12518214,-0.37074026
2024.01.25,000020.SZ,-0.808184,0.57891846,-0.87011266,0.6749818,0.48815137,0.7116454,-0.7609307,0.7710929,0.7272104,0.3740999,0.796904,-0.53871214,0.63255197,0.68248284,0.44399962,-0.88441336
2024.01.25,000021.SZ,-0.080930404,-0.030039486,-0.080040514,0.052016534,0.16773863,0.055010464,-0.05475829,0.074818075,-0.020514732,0.031923108,0.027972383,0.14263973,0.30968887,0.07410586,-0.019384496,0.006106271
2024.01.25,000022.SZ,0.44704038,-0.28412172,0.45789868,-0.29283944,-0.10402661,-0.36616582,0.35045582,-0.36524108,-0.48471028,-0.102325685,-0.4500287,0.38988242,0.0022110606,-0.2519041,-0.2713546,0.58293265
2024.01.25,000023.SZ,-0.44854274,0.26165363,-0.5090888,0.35632738,0.2773614,0.3578165,-0.43535978,0.41469446,0.33911946,0.20484444,0.42798895,-0.178578,0.4360934,0.37388316,0.18207744,-0.5151507
2024.01.25,000024.SZ,-0.022656316,-0.01859305,-0.02377711,0.032301527,0.11155053,0.012954047,-0.041142087,0.024837347,-0.082084544,0.06654742,-0.0033749577,0.120781325,0.2570691,0.054707292,-0.022798708,0.049548987
2024.01.25,000025.SZ,-0.58981603,0.23736647,-0.6610058,0.49945125,0.49615318,0.50197464,-0.48127335,0.57809854,0.49610692,0.22209227,0.50974405,-0.070484795,0.5937374,0.48458079,0.24118443,-0.6770547
2024.01.25,600000.SH,0.50225246,-0.2974297,0.5263974,-0.3360024,-0.20033722,-0.4188809,0.38731202,-0.4328689,-0.516374,-0.10980073,-0.4828218,0.36028954,-0.070567176,-0.3171125,-0.2921869,0.6436446
2024.01.25,600001.SH,0.3301316,-0.158221,0.34106115,-0.20467836,-0.140385,-0.27596542,0.2013132,-0.29270202,-0.37616962,-0.045091063,-0.3008699,0.21506555,-0.0035566576,-0.1860371,-0.19895244,0.45023724
2024.01.25,600002.SH,0.37793314,-0.11364377,0.38154647,-0.23489995,-0.25155038,-0.31829056,0.19538751,-0.3512568,-0.40485162,-0.01805397,-0.30142295,0.13183947,-0.099671096,-0.2119655,-0.2114521,0.48813128
2024.01.25,600003.SH,-0.28323844,0.107922524,-0.34064925,0.2885782,0.2540867,0.22378165,-0.26971602,0.27350146,0.19046815,0.15176867,0.24201263,0.009113305,0.36516935,0.25724602,0.07425978,-0.337646
2024.01.25,600004.SH,0.4267753,-0.25501665,0.43542376,-0.2659973,-0.13066767,-0.34452024,0.33229357,-0.36084995,-0.45834237,-0.08001729,-0.42285037,0.35308313,-0.008624667,-0.24320614,-0.25465465,0.5560834
2024.01.25,600005.SH,0.24963813,-0.07656879,0.2513665,-0.14787085,-0.15532307,-0.20462666,0.12486809,-0.2439647,-0.28407896,0.004247666,-0.18792313,0.101455875,0.0058364244,-0.14894131,-0.14615786,0.3623138
2024.01.25,600006.SH,-0.7852269,0.5051961,-0.84416634,0.641706,0.53267825,0.6880034,-0.7043604,0.74482435,0.70001906,0.33975905,0.75464904,-0.43006033,0.6552524,0.6511889,0.41969645,-0.85752654
2024.01.25,600007.SH,0.21496658,-0.17011066,0.22017384,-0.13398261,0.057955742,-0.1697453,0.16158955,-0.15558709,-0.298128,-0.037514478,-0.25530276,0.31809443,0.16667847,-0.07659449,-0.15524176,0.32447183
2024.01.25,600008.SH,0.20563613,-0.11970206,0.16276865,-0.047239747,0.028170487,-0.1653635,0.104173295,-0.13309363,-0.28458688,0.038169984,-0.2306463,0.26331893,0.111319184,-0.026567632,-0.15112233,0.24440408
2024.01.25,600009.SH,-0.7621715,0.41898087,-0.8077709,0.6125785,0.5649092,0.6695589,-0.65575296,0.71665245,0.68682736,0.28674567,0.7224551,-0.3359458,0.68697125,0.61251533,0.40229127,-0.8284307
2024.01.25,600010.SH,0.32521677,-0.18401927,0.33047247,-0.20178485,-0.0936622,-0.26792285,0.22373967,-0.277223,-0.37448677,-0.0638596,-0.32266897,0.27479103,0.03409949,-0.17626958,-0.20803086,0.4473002
2024.01.25,600011.SH,-0.7578147,0.41678318,-0.8140829,0.61844385,0.56770515,0.6615515,-0.65434045,0.72427243,0.67041326,0.28882012,0.7083174,-0.30441302,0.6711474,0.6193445,0.38114506,-0.83154327
2024.01.25,600012.SH,0.3157161,-0.20648958,0.31203723,-0.16609864,-0.05076899,-0.25134763,0.22339277,-0.25940728,-0.3654886,-0.067778915,-0.3258631,0.3166589,0.03999217,-0.162305,-0.22033608,0.4196751
2024.01.25,600013.SH,0.20993769,-0.13839334,0.17515871,-0.07682758,0.028641755,-0.16416799,0.12868926,-0.14965181,-0.2679906,-0.008473309,-0.22551757,0.27391523,0.12476,-0.072628684,-0.15826042,0.2818986
2024.01.25,600014.SH,-0.80436337,0.4589455,-0.8642434,0.6684894,0.64607877,0.7200121,-0.6951385,0.78557056,0.72588867,0.3335261,0.75079596,-0.30718702,0.72231096,0.6838362,0.43374392,-0.877212
2024.01.25,600015.SH,-0.34958547,0.09812645,-0.35572413,0.21575624,0.30106995,0.2703067,-0.26151672,0.30391625,0.2265336,0.069633454,0.27617243,0.024316493,0.45922288,0.22948569,0.10896014,-0.3102106
2024.01.25,600016.SH,-0.66238296,0.34913135,-0.716425,0.5126053,0.45012715,0.55804116,-0.5642168,0.6106705,0.566317,0.23701261,0.61475676,-0.255442,0.59796375,0.5080839,0.3083006,-0.7240718
2024.01.25,600017.SH,-0.7016441,0.45946935,-0.7844285,0.6026856,0.41710114,0.5965787,-0.6635746,0.66441214,0.61407167,0.33409303,0.6916149,-0.41130212,0.55363214,0.5907595,0.3390536,-0.8032712
2024.01.25,600018.SH,-0.43196818,0.07342568,-0.4508998,0.28087592,0.4599483,0.36319438,-0.26245514,0.41589567,0.31693137,0.09464881,0.29156786,0.1380094,0.578968,0.32063192,0.15666696,-0.41927975
2024.01.25,600019.SH,-0.03309309,-0.030269377,-0.058538206,0.059328895,0.122286804,0.02328719,-0.031088263,0.036481664,-0.056470715,0.05629608,-0.0049391296,0.1485991,0.27537334,0.054027155,-0.033080768,0.032752275
2024.01.25,600020.SH,0.27361393,-0.14467308,0.26076955,-0.14691536,-0.073946774,-0.22513522,0.1808746,-0.22776204,-0.31748295,-0.021687893,-0.2597887,0.23391338,0.06808652,-0.144747,-0.16816905,0.3812585
2024.01.25,600021.SH,-0.621335,0.37938353,-0.69049525,0.5032175,0.37188742,0.5127574,-0.57616216,0.5727932,0.5182215,0.26077268,0.59745914,-0.310732,0.508895,0.49962637,0.27539662,-0.7089593
2024.01.25,600022.SH,0.1721895,-0.0742168,0.1887154,-0.10711026,-0.064267956,-0.14089738,0.09865939,-0.17723611,-0.23816891,-0.006168738,-0.16218919,0.14966066,0.09080128,-0.09468337,-0.12414564,0.28579506
2024.01.25,600023.SH,-0.43611157,0.16777495,-0.4725743,0.35637364,0.34706742,0.34300554,-0.37427595,0.4027355,0.31104863,0.16530302,0.3703083,-0.05919807,0.47124574,0.34871012,0.15899245,-0.483205
2024.01.25,600024.SH,-0.5843044,0.34395054,-0.6563814,0.4817174,0.36543992,0.48338014,-0.53992414,0.53758276,0.49383506,0.26239452,0.56612307,-0.27973047,0.5104029,0.47237003,0.26589376,-0.6717496
2024.01.26,000001.SZ,0.49921393,-0.22285154,0.49519172,-0.27592772,-0.2868148,-0.4174189,0.30761674,-0.43769932,-0.50224346,-0.06856904,-0.43741983,0.25538024,-0.17429093,-0.29317468,-0.30132943,0.59447974
2024.01.26,000002.SZ,-0.052104823,-0.034529306,-0.06279427,0.058850374,0.12571996,0.03295507,-0.039849356,0.037704393,-0.034501653,0.021201208,0.016025908,0.14314678,0.2726754,0.033207234,-0.040835097,0.02847269
2024.01.26,000003.SZ,0.37234467,-0.30659205,0.39155114,-0.27021933,0.010046476,-0.2969718,0.3590565,-0.2973876,-0.42104498,-0.1274272,-0.41931087,0.4475994,0.12059335,-0.22263426,-0.23859444,0.5404208
2024.01.26,000004.SZ,0.41211194,-0.22764482,0.43413806,-0.27767736,-0.17775987,-0.33930206,0.30562642,-0.36368757,-0.42430124,-0.086572655,-0.38334176,0.2783878,-0.028347643,-0.26696485,-0.23858622,0.559815
2024.01.26,000005.SZ,-0.36186174,0.0824794,-0.39641482,0.29807436,0.4056487,0.30948824,-0.27016056,0.35835874,0.2389336,0.14819016,0.24413201,0.12478855,0.49764693,0.33347067,0.115332894,-0.40557814
2024.01.26,000006.SZ,-0.6988119,0.40184128,-0.7501359,0.54233456,0.4755542,0.5994531,-0.60433286,0.644566,0.60800874,0.2707759,0.65863293,-0.30796993,0.6169756,0.5509582,0.3478169,-0.76491207
2024.01.26,000007.SZ,-0.7179425,0.48167142,-0.7930032,0.60826486,0.41138598,0.6142337,-0.68548065,0.6835868,0.6224144,0.32121986,0.70972246,-0.4316984,0.5525402,0.6033948,0.3416469,-0.8161221
2024.01.26,000008.SZ,-0.30783224,0.0794523,-0.36578903,0.29211497,0.3500414,0.25269043,-0.26819462,0.32104543,0.22152522,0.12943237,0.23488109,0.08850065,0.43660238,0.28537393,0.080619514,-0.36309847
2024.01.26,000009.SZ,0.27251428,-0.21617356,0.29359037,-0.19690967,-0.0018576586,-0.21627504,0.24019945,-0.23011507,-0.32123056,-0.088961035,-0.2988202,0.32294813,0.12777935,-0.17170574,-0.1838717,0.43066388
2024.01.26,000010.SZ,-0.043565746,0.09355964,-0.101549,0.10454417,-0.03673352,0.0069453195,-0.15344983,0.020361016,-0.005867179,0.08953516,0.10587839,-0.08253709,0.13338834,0.046088003,-0.024211256,-0.030492378
2024.01.26,000011.SZ,-0.38821152,0.17245024,-0.3951257,0.27732757,0.2729189,0.30456057,-0.31653,0.319335,0.2655633,0.14613578,0.33886245,-0.07784928,0.4437267,0.27428356,0.15016198,-0.3812697
2024.01.26,000012.SZ,-0.62601393,0.29276696,-0.67682695,0.50227046,0.49431518,0.531725,-0.53282416,0.59671986,0.5216085,0.23354349,0.5590578,-0.149489,0.6012842,0.51590425,0.28120926,-0.70699996
2024.01.26,000013.SZ,0.0062755435,-0.04537825,0.0064439354,-0.00874888,0.119332805,-0.006845762,-0.00034100562,0.0021280688,-0.100555636,0.028039588,-0.040019494,0.1682074,0.2737674,0.024131902,-0.040139638,0.10313141
2024.01.26,000014.SZ,-0.23496532,0.11198223,-0.24777919,0.17687295,0.15155108,0.1758832,-0.23350373,0.18601325,0.13219985,0.08785493,0.22855148,-0.050559,0.32294264,0.16248715,0.059929762,-0.2093522
2024.01.26,000015.SZ,0.45779452,-0.31226104,0.48044428,-0.31191456,-0.09724205,-0.37145114,0.38317534,-0.3782488,-0.48035523,-0.13417897,-0.4704445,0.42117998,0.012586145,-0.282992,-0.27905825,0.6079902
2024.01.26,000016.SZ,0.15426958,-0.17117219,0.17506742,-0.14196268,0.11119143,-0.11708409,0.17244966,-0.116668224,-0.22810037,-0.061096024,-0.21588066,0.32677612,0.24813382,-0.08025583,-0.12025824,0.3119503
2024.01.26,000017.SZ,-0.7131144,0.44835308,-0.7928405,0.5769526,0.47613645,0.61233425,-0.6366847,0.68153334,0.6150771,0.3070169,0.6755759,-0.34190598,0.5972964,0.5863575,0.35259342,-0.79732484
2024.01.26,000018.SZ,0.18697518,-0.19729792,0.21524368,-0.18143995,0.09216453,-0.14612411,0.20900032,-0.14942573,-0.2629948,-0.07980493,-0.23960882,0.33841455,0.2397574,-0.11656769,-0.13263169,0.36822945
2024.01.26,000019.SZ,-0.013715882,0.026240498,-0.010875402,0.0055706347,0.0017258954,-0.01486747,-0.06628583,-0.024871062,-0.079649575,0.04332591,0.035470743,0.005599198,0.18324393,-0.002618927,-0.030358244,0.08626646
2024.01.26,000020.SZ,-0.778959,0.5397158,-0.8453201,0.6494142,0.47004437,0.67858154,-0.73070395,0.73965764,0.69328135,0.3534538,0.76609814,-0.49586567,0.61243623,0.6517684,0.41160366,-0.8610118
2024.01.26,000021.SZ,0.30670676,-0.22356708,0.32590723,-0.2222583,-0.030944837,-0.25075316,0.25860316,-0.25504306,-0.36101535,-0.08410785,-0.32664406,0.3229362,0.1032825,-0.18038136,-0.19628718,0.46449614
2024.01.26,000022.SZ,0.44648534,-0.2724291,0.44694185,-0.27907014,-0.11374061,-0.3635315,0.34217256,-0.3660805,-0.48016155,-0.09303517,-0.44179422,0.3803805,-0.007516943,-0.25012195,-0.27076244,0.5731373
2024.01.26,000023.SZ,-0.57465553,0.3510628,-0.6396701,0.44822985,0.34494868,0.47338164,-0.5405585,0.5327416,0.46995503,0.24514204,0.555474,-0.27495265,0.50484324,0.46805936,0.25816566,-0.6539768
2024.01.26,000024.SZ,0.31268474,-0.1510443,0.30958226,-0.17524332,-0.11684796,-0.2585097,0.19431691,-0.26642582,-0.35926244,-0.0093425885,-0.2825251,0.21670082,0.021149578,-0.1624741,-0.17831066,0.42177105
2024.01.26,000025.SZ,-0.40814516,0.17104645,-0.503768,0.3867614,0.34374034,0.33772856,-0.36420262,0.4134299,0.31702214,0.19488679,0.35577282,-0.027797123,0.45468637,0.35895333,0.13593836,-0.49848527
2024.01.26,600000.SH,0.46460074,-0.2648919,0.47778115,-0.28961328,-0.1745547,-0.38578412,0.33878264,-0.39279622,-0.48967698,-0.08436926,-0.44666973,0.33858308,-0.059006248,-0.2686805,-0.2748317,0.58959156
2024.01.26,600001.SH,0.32891664,-0.15890041,0.3389375,-0.2138894,-0.13361526,-0.27413592,0.20651992,-0.29313052,-0.3778339,-0.045642693,-0.2979836,0.21817666,0.010904148,-0.18898296,-0.19477217,0.45645526
2024.01.26,600002.SH,0.28294346,-0.060824044,0.282862,-0.17654112,-0.19402124,-0.24341397,0.12346111,-0.26935604,-0.32421505,0.011084479,-0.21257937,0.08518783,-0.025512008,-0.14919826,-0.15644298,0.3895431
2024.01.26,600003.SH,0.0616341,-0.030448258,0.0173173,0.048497345,0.050951667,-0.055730816,-0.018608904,-0.028965728,-0.13378862,0.07861723,-0.06593905,0.13621871,0.15814023,0.042283267,-0.076871276,0.077544786
2024.01.26,600004.SH,0.27756795,-0.14491166,0.26245138,-0.14703225,-0.04754665,-0.2184289,0.18532759,-0.22417341,-0.333265,0.002562644,-0.27402616,0.25948387,0.080028504,-0.11653411,-0.16617666,0.3738198
2024.01.26,600005.SH,0.47778168,-0.2264519,0.49744955,-0.3186099,-0.2740863,-0.39611855,0.32967195,-0.44147632,-0.4835763,-0.080658756,-0.41699046,0.24688078,-0.1261162,-0.31830442,-0.2734298,0.61684453
2024.01.26,600006.SH,-0.7837956,0.4686939,-0.84064865,0.64078975,0.5814285,0.6930742,-0.68768156,0.7512339,0.6993805,0.32258117,0.7389645,-0.35515788,0.683124,0.6544261,0.4139386,-0.8571261
2024.01.26,600007.SH,0.26296636,-0.14724413,0.26084733,-0.14619707,-0.041607335,-0.21788137,0.15821908,-0.21550016,-0.33362395,-0.026163235,-0.26485267,0.25526214,0.07246879,-0.11322639,-0.1770338,0.36091548
2024.01.26,600008.SH,-0.017930964,-0.013636137,-0.07384755,0.095893435,0.15736052,0.013405407,-0.0737354,0.06679157,-0.096770346,0.10484588,-0.036071017,0.17355868,0.25211024,0.13032006,-0.042921383,-0.028217802
2024.01.26,600009.SH,-0.10663532,-0.019224368,-0.112234704,0.07506019,0.20367545,0.08330771,-0.06865109,0.11154857,0.022113845,0.044241473,0.053642895,0.14536427,0.34670675,0.09887081,0.006505323,-0.035110377
2024.01.26,600010.SH,0.11665289,-0.063901365,0.10266229,-0.04917693,0.023128765,-0.09648122,0.045313396,-0.090952605,-0.19345933,0.018716387,-0.12938772,0.17334251,0.16205838,-0.019814331,-0.10094791,0.19258761
2024.01.26,600011.SH,-0.7356724,0.38567573,-0.7882569,0.5945356,0.56006795,0.63929236,-0.63008153,0.7015793,0.64535326,0.26895127,0.68036205,-0.26164472,0.66376656,0.59795797,0.36075518,-0.8102355
2024.01.26,600012.SH,0.31217188,-0.16481628,0.309478,-0.16851144,-0.11046632,-0.25819963,0.19394957,-0.2754643,-0.36310554,-0.04425594,-0.29178345,0.23898481,0.0009720658,-0.1712981,-0.20620258,0.41823667
2024.01.26,600013.SH,0.24674901,-0.1427904,0.21718524,-0.10752587,-0.008166443,-0.1959368,0.14862388,-0.18749014,-0.30173922,-0.014461667,-0.2518646,0.26797357,0.093726255,-0.09767504,-0.17129524,0.32548574
2024.01.26,600014.SH,-0.8171624,0.48934302,-0.87604266,0.6884892,0.6439576,0.7342658,-0.71982163,0.7972857,0.7417591,0.3470221,0.77058864,-0.35207447,0.719899,0.6994254,0.44560075,-0.89063495
2024.01.26,600015.SH,-0.6849013,0.3443518,-0.7217549,0.49856862,0.48724216,0.5799073,-0.5673047,0.62875724,0.585362,0.19741069,0.62813145,-0.24203713,0.62989056,0.5072283,0.32234532,-0.7295887
2024.01.26,600016.SH,-0.68223673,0.3752496,-0.7316928,0.5227671,0.4521547,0.5777333,-0.5876216,0.6260062,0.5930344,0.24111319,0.64343566,-0.2958401,0.6107935,0.52018315,0.3311816,-0.7408162
2024.01.26,600017.SH,-0.7788262,0.52301717,-0.8501929,0.670558,0.4883603,0.6810733,-0.7260142,0.7399885,0.7060464,0.3621404,0.76751316,-0.48140812,0.61928684,0.65469396,0.40435514,-0.86533195
2024.01.26,600018.SH,-0.4671941,0.13092157,-0.50103426,0.31301084,0.43973884,0.3932885,-0.3172238,0.4405726,0.36128044,0.114836715,0.3571754,0.057940163,0.57159954,0.34183484,0.18013433,-0.471432
2024.01.26,600019.SH,-0.64855003,0.33286858,-0.7049978,0.5084624,0.45190567,0.5488996,-0.5467507,0.5985144,0.5535362,0.23562749,0.5992923,-0.23460259,0.5941911,0.50101,0.2950484,-0.7132463
2024.01.26,600020.SH,-0.15272464,0.05931627,-0.20531262,0.16331998,0.16189066,0.113114096,-0.16400585,0.15299667,0.066842474,0.09785335,0.123267904,0.054024056,0.30458453,0.14506066,0.021243714,-0.15005912
2024.01.26,600021.SH,-0.6156101,0.33922443,-0.6838424,0.50055575,0.42429453,0.51764655,-0.55184525,0.5791882,0.5134808,0.24800462,0.57124054,-0.22974592,0.5419794,0.5055325,0.26696944,-0.7064541
2024.01.26,600022.SH,0.30693492,-0.16496934,0.32668716,-0.19789962,-0.11012945,-0.2443799,0.2237817,-0.28163064,-0.35217413,-0.050590955,-0.29965407,0.25038204,0.034974117,-0.17961751,-0.19103412,0.43949744
2024.01.26,600023.SH,0.20918176,-0.1569765,0.20816001,-0.12076347,0.017234493,-0.18016776,0.15143344,-0.1619283,-0.2895141,-0.018237364,-0.23258467,0.26710445,0.14320925,-0.08930433,-0.14444925,0.32423523
2024.01.26,600024.SH,-0.6395271,0.3408417,-0.6947425,0.5014711,0.4404794,0.5384053,-0.5546722,0.588311,0.551803,0.24359575,0.60097545,-0.26343435,0.581776,0.4961957,0.3015475,-0.70737624
2024.01.29,000001.SZ,0.3880446,-0.13153291,0.3611165,-0.18024679,-0.2396786,-0.32672316,0.18783335,-0.33750528,-0.40524364,-0.01039706,-0.31332457,0.15758598,-0.11970433,-0.20117454,-0.23169893,0.4596257
2024.01.29,000002.SZ,-0.6342085,0.28221807,-0.6740812,0.49446866,0.4697204,0.5338062,-0.5176346,0.57925487,0.54091895,0.18900403,0.57571673,-0.17573735,0.60000616,0.46747863,0.27075663,-0.68813515
2024.01.29,000003.SZ,0.20915522,-0.24856423,0.21044602,-0.1517281,0.1541497,-0.15650387,0.24357896,-0.13851911,-0.28185293,-0.08375822,-0.2924369,0.4323783,0.24780281,-0.100054696,-0.166203,0.3607277
2024.01.29,000004.SZ,0.5355099,-0.3019936,0.5691031,-0.37609535,-0.2574904,-0.44383994,0.41443205,-0.47702476,-0.536673,-0.12611829,-0.50498325,0.34979954,-0.10711881,-0.35995466,-0.30846432,0.6835252
2024.01.29,000005.SZ,-0.49656197,0.15280831,-0.53240156,0.39201716,0.49435416,0.43263897,-0.37318116,0.48318288,0.37624002,0.18911996,0.3738908,0.06637413,0.58134365,0.432992,0.19706994,-0.56249
2024.01.29,000006.SZ,-0.62185246,0.35494485,-0.6643616,0.46137857,0.38801286,0.5167878,-0.53587174,0.5504164,0.5232067,0.23601857,0.5894297,-0.28220597,0.5567399,0.46371862,0.29762846,-0.67077357
2024.01.29,000007.SZ,-0.663908,0.46162403,-0.7453367,0.5744248,0.31893474,0.5509825,-0.66073066,0.6216003,0.5604141,0.3129684,0.6718954,-0.44304746,0.47404206,0.55460846,0.29885608,-0.7734146
2024.01.29,000008.SZ,0.041749574,-0.10257164,-0.010060711,0.05152121,0.18570611,-0.021984734,0.027401507,0.023377793,-0.101839714,0.028379824,-0.10167787,0.27832952,0.26368564,0.05025747,-0.087089695,0.07198112
2024.01.29,000009.SZ,0.40822887,-0.22999096,0.42447242,-0.26299095,-0.16254409,-0.3375854,0.29284474,-0.36244684,-0.43508363,-0.09051029,-0.38504195,0.2896689,-0.037910443,-0.25701967,-0.25104716,0.5465667
2024.01.29,000010.SZ,-0.23382618,0.1572043,-0.29132405,0.2158141,0.09930146,0.16251878,-0.26834983,0.187539,0.1663057,0.11941658,0.25873423,-0.124476865,0.27439713,0.16448277,0.060633954,-0.2410528
2024.01.29,000011.SZ,-0.5715596,0.3101816,-0.6113742,0.45547616,0.36587715,0.46794754,-0.50178427,0.50279534,0.46276248,0.23226827,0.5379144,-0.23826483,0.5146772,0.43685475,0.2528715,-0.63284945
2024.01.29,000012.SZ,-0.55306286,0.21159248,-0.5940795,0.43190154,0.49099573,0.47224993,-0.45191604,0.53631884,0.44282344,0.19522552,0.46622878,-0.033961646,0.59574586,0.46344647,0.23544464,-0.6237704
2024.01.29,000013.SZ,-0.33609253,0.11120852,-0.35724092,0.24280731,0.30906576,0.27180222,-0.26521242,0.30694348,0.21843036,0.121824905,0.26837078,0.02566542,0.4547136,0.2600704,0.116277434,-0.33193937
2024.01.29,000014.SZ,-0.04110228,0.037237115,-0.04351158,0.0427458,0.020059602,0.015962861,-0.09551138,0.008251189,-0.043345537,0.049215626,0.06478364,0.00054915244,0.19377106,0.031424135,-0.024378974,0.027667858
2024.01.29,000015.SZ,0.36501187,-0.21715696,0.37383953,-0.23380885,-0.096335806,-0.29779315,0.2725724,-0.30758595,-0.39509273,-0.07904772,-0.35681376,0.3083982,0.024894672,-0.21501788,-0.22187735,0.5009081
2024.01.29,000016.SZ,-0.40186235,0.09422489,-0.3966058,0.26387894,0.39648816,0.32914445,-0.2781354,0.36154166,0.29120904,0.092034996,0.3040484,0.060950387,0.52671075,0.28599235,0.14274348,-0.379662
2024.01.29,000017.SZ,-0.83610964,0.6024472,-0.9035065,0.72360516,0.5669911,0.74887156,-0.77875614,0.814232,0.76334304,0.40563545,0.81592655,-0.5265352,0.66435057,0.7228685,0.4700441,-0.91153127
2024.01.29,000018.SZ,0.17397173,-0.17152701,0.19070736,-0.15239227,0.06683941,-0.13921969,0.18117173,-0.14557287,-0.24239652,-0.065601,-0.21215625,0.29930472,0.21475714,-0.11139492,-0.13027738,0.33983067
2024.01.29,000019.SZ,0.05941374,-0.020732984,0.062038805,-0.04993727,-0.018080812,-0.06751672,0.0056792186,-0.08162648,-0.1387397,0.02145582,-0.03489917,0.061207455,0.16733772,-0.050811216,-0.060407486,0.18074632
2024.01.29,000020.SZ,-0.8016686,0.5520026,-0.8639106,0.6739159,0.5039816,0.7051117,-0.7481968,0.7630939,0.72096807,0.3570238,0.7863846,-0.50717133,0.6370993,0.6729318,0.42868304,-0.87880665
2024.01.29,000021.SZ,0.4272731,-0.2578211,0.44975832,-0.30102015,-0.14890957,-0.35499746,0.33023143,-0.37054938,-0.46114206,-0.10756779,-0.41581038,0.32643107,-0.0102127595,-0.268059,-0.25518265,0.5814115
2024.01.29,000022.SZ,-0.17545827,0.046154086,-0.22188006,0.17504323,0.23542038,0.13771768,-0.18359055,0.18309656,0.06627344,0.097240746,0.12482154,0.10059002,0.33830515,0.18947682,0.020229932,-0.18766317
2024.01.29,000023.SZ,-0.65970224,0.46103787,-0.72985584,0.52749246,0.33713356,0.54928315,-0.63936293,0.60836565,0.5609743,0.3076782,0.66041476,-0.42680436,0.5122484,0.5419088,0.32344618,-0.74973273
2024.01.29,000024.SZ,0.25699013,-0.105960146,0.24684003,-0.1306612,-0.10315083,-0.21291634,0.14083935,-0.2209456,-0.3060251,0.014771784,-0.22378537,0.16815591,0.045729045,-0.12485623,-0.14574774,0.35351965
2024.01.29,000025.SZ,-0.55138534,0.29998228,-0.6525628,0.49354756,0.38077375,0.46205416,-0.50465876,0.53873295,0.46590757,0.25925758,0.52179694,-0.19144593,0.5020047,0.46736866,0.22342592,-0.66012865
2024.01.29,600000.SH,0.3926014,-0.19650088,0.38903302,-0.22408941,-0.13985069,-0.32348835,0.2524607,-0.3225225,-0.42831764,-0.036977936,-0.3665828,0.2754406,-0.024415059,-0.19853579,-0.22701281,0.49638668
2024.01.29,600001.SH,0.13290595,-0.013858624,0.14368571,-0.1004109,-0.08819717,-0.13130556,0.024107866,-0.14564551,-0.22121635,0.034853503,-0.09229264,0.04632228,0.09758282,-0.066130556,-0.08173859,0.24598609
2024.01.29,600002.SH,-0.163811,0.08150411,-0.16676477,0.10962589,0.13706069,0.11937956,-0.15966292,0.12579282,0.062303815,0.09084975,0.1400404,0.009761895,0.3115094,0.1342328,0.039116465,-0.11203636
2024.01.29,600003.SH,0.4532339,-0.25993556,0.4507178,-0.26908332,-0.15563318,-0.36875424,0.34499872,-0.37897798,-0.47086626,-0.07661917,-0.43729457,0.3523086,-0.03966045,-0.258122,-0.2679761,0.5731545
2024.01.29,600004.SH,-0.1935344,0.10773484,-0.22402272,0.15522414,0.1680645,0.14782993,-0.19817424,0.17047553,0.08873062,0.13304439,0.17061672,-0.000532072,0.33205652,0.1828093,0.06432196,-0.17965946
2024.01.29,600005.SH,0.38713515,-0.20163326,0.40855223,-0.2733271,-0.18622904,-0.31823218,0.2806592,-0.36053085,-0.4053694,-0.08365886,-0.34397522,0.23845129,-0.026718097,-0.26791382,-0.22526643,0.5443456
2024.01.29,600006.SH,-0.6503845,0.32551622,-0.708075,0.5000703,0.49816218,0.5568168,-0.5421944,0.61470175,0.5459039,0.24184945,0.5847122,-0.17974672,0.6142592,0.5217677,0.30024165,-0.7193991
2024.01.29,600007.SH,-0.26286343,0.07622231,-0.2905144,0.22251232,0.27635568,0.20702004,-0.23896089,0.25191122,0.14014482,0.106566384,0.19784075,0.06464893,0.39020228,0.23818704,0.059506252,-0.28008193
2024.01.29,600008.SH,-0.5536025,0.25671437,-0.6256556,0.44901827,0.4519898,0.46595052,-0.47588047,0.54198503,0.43410072,0.22801235,0.4750655,-0.093078494,0.5515561,0.4763757,0.22653005,-0.64108944
2024.01.29,600009.SH,-0.009460292,-0.04592387,-0.005161741,-0.00342736,0.12909947,0.00295928,-0.0042050383,0.02014016,-0.06746379,0.017302973,-0.024719376,0.15648697,0.27534428,0.032695327,-0.03523294,0.0891908
2024.01.29,600010.SH,-0.5144591,0.2553544,-0.56594163,0.39676178,0.3654064,0.42330933,-0.450979,0.47528014,0.40781975,0.18796965,0.461843,-0.14117675,0.5021998,0.41235304,0.20285034,-0.57768285
2024.01.29,600011.SH,-0.6714768,0.30371952,-0.7227138,0.5428575,0.5355749,0.57497835,-0.5599235,0.6404203,0.5726662,0.23307993,0.5990304,-0.15858467,0.6345633,0.54118687,0.3023519,-0.7488861
2024.01.29,600012.SH,-0.037808564,-0.015030262,-0.032419402,0.035793643,0.095077075,0.016174076,-0.05107268,0.014264555,-0.066184394,0.029911693,0.008993098,0.10594927,0.2375652,0.03641599,-0.039328612,0.04612135
2024.01.29,600013.SH,-0.24147503,0.10511996,-0.29075176,0.22038452,0.22905028,0.18835588,-0.24786359,0.22763367,0.14014617,0.11743365,0.2032142,0.016643984,0.34878963,0.21733469,0.057228036,-0.26486406
2024.01.29,600014.SH,-0.88269407,0.6125104,-0.93152565,0.770878,0.6817856,0.8112853,-0.80755746,0.86447525,0.8251313,0.41494164,0.85476416,-0.5134887,0.7547085,0.774643,0.5297502,-0.9403857
2024.01.29,600015.SH,-0.666631,0.3592849,-0.7154288,0.51102996,0.44837204,0.5591137,-0.5786379,0.613127,0.5623296,0.22472939,0.6217868,-0.2721161,0.584767,0.51191336,0.30264693,-0.72998214
2024.01.29,600016.SH,-0.751213,0.4327928,-0.79860806,0.5958936,0.506305,0.6491982,-0.6553552,0.6963562,0.6689205,0.27542877,0.7170483,-0.3673494,0.6535011,0.58691883,0.38588995,-0.813078
2024.01.29,600017.SH,-0.81313235,0.5228926,-0.8691669,0.68808436,0.55692726,0.72331053,-0.7363404,0.7712416,0.74730986,0.34628233,0.7907229,-0.46841675,0.68137383,0.6749855,0.43937987,-0.8840208
2024.01.29,600018.SH,-0.77028096,0.4186125,-0.82176685,0.60065925,0.5857321,0.679192,-0.6432616,0.73332524,0.6932837,0.26050177,0.71325403,-0.2883742,0.69818914,0.60868764,0.39763305,-0.8293035
2024.01.29,600019.SH,-0.7337629,0.44132516,-0.7906928,0.5877525,0.46733505,0.62959784,-0.64812595,0.6768832,0.6458671,0.28722173,0.704166,-0.38251895,0.6158763,0.5776876,0.36268353,-0.8025106
2024.01.29,600020.SH,-0.316557,0.15441689,-0.38776428,0.28276026,0.22721267,0.2436516,-0.30514634,0.29655862,0.22250228,0.14262977,0.28651738,-0.05339416,0.37009314,0.25509775,0.093904786,-0.3585294
2024.01.29,600021.SH,-0.6821678,0.36752954,-0.74720347,0.5548438,0.49492157,0.5872414,-0.5933099,0.6476441,0.59042984,0.26151118,0.63126034,-0.2463158,0.6049142,0.55569065,0.31404704,-0.76813066
2024.01.29,600022.SH,0.043637544,-0.05268686,0.05671388,-0.01531486,0.06661652,-0.026156373,0.025428059,-0.04605889,-0.12791719,0.019686937,-0.07348798,0.16485833,0.21236406,0.00028563477,-0.06917666,0.13184927
2024.01.29,600023.SH,-0.14432812,-0.032931693,-0.12692489,0.082448356,0.24383307,0.103549525,-0.08200622,0.13596046,0.007067341,0.047272153,0.051541775,0.17786345,0.38071442,0.12647669,0.012733196,-0.059531465
2024.01.29,600024.SH,-0.38554648,0.13679418,-0.39493725,0.24516812,0.3100433,0.3022546,-0.28574994,0.33131143,0.28343582,0.11007605,0.32206142,-0.03211864,0.48154008,0.25007376,0.1510734,-0.34701782
2024.01.30,000001.SZ,0.16715787,0.013550024,0.11581449,-0.016510285,-0.15525378,-0.15999405,-0.020008117,-0.15107574,-0.20836866,0.06695143,-0.08450933,-0.0056758584,-0.013891377,-0.055264466,-0.11667918,0.19250631
2024.01.30,000002.SZ,-0.028455084,-0.042287063,-0.05691187,0.080926344,0.11597224,0.018966248,-0.036686826,0.031901706,-0.046560504,0.036368072,-0.002715294,0.14590113,0.24410893,0.035433732,-0.052187774,0.023396028
2024.01.30,000003.SZ,-0.14366359,-0.12125248,-0.13683638,0.072083056,0.3682589,0.12347161,0.0004918649,0.16425872,0.02451026,0.0021395166,-0.008550516,0.34315875,0.46351302,0.119407214,-0.0060558845,-0.034523465
2024.01.30,000004.SZ,0.51578265,-0.25949186,0.53309864,-0.3368306,-0.258134,-0.42582083,0.3679303,-0.45258257,-0.51969934,-0.0908369,-0.47334358,0.31226775,-0.12007804,-0.32097748,-0.293823,0.6437738
2024.01.30,000005.SZ,-0.61614615,0.26510096,-0.65264654,0.4700123,0.51979935,0.5325851,-0.49293244,0.5814842,0.50594205,0.22612104,0.5267119,-0.093354106,0.62405825,0.50639904,0.2822392,-0.6829763
2024.01.30,000006.SZ,-0.3764434,0.14558211,-0.3753163,0.2345114,0.30051145,0.30332735,-0.27881134,0.31299764,0.2622392,0.11573678,0.31358156,-0.024360837,0.47515,0.25003493,0.15101199,-0.33991873
2024.01.30,000007.SZ,-0.80107284,0.5747448,-0.8683942,0.6967371,0.4652971,0.7044444,-0.7700019,0.76820254,0.7193023,0.37464097,0.79764307,-0.544872,0.60019636,0.68520266,0.4159255,-0.88824236
2024.01.30,000008.SZ,0.36653855,-0.23074216,0.350409,-0.20453781,-0.062184088,-0.2916338,0.28160417,-0.28373313,-0.38505113,-0.06790517,-0.36298123,0.34377763,0.04998322,-0.1972606,-0.22169459,0.4800565
2024.01.30,000009.SZ,0.3409907,-0.19581285,0.35388994,-0.22362632,-0.1248377,-0.2803494,0.2459277,-0.30768096,-0.37335542,-0.07710586,-0.31960198,0.25435844,0.013129206,-0.22081988,-0.21333769,0.48496503
2024.01.30,000010.SZ,-0.41354966,0.20118333,-0.4667536,0.32644236,0.27408314,0.3229153,-0.37027,0.3634056,0.3350315,0.13879797,0.39234295,-0.129832,0.43074438,0.2903731,0.14605965,-0.4425331
2024.01.30,000011.SZ,-0.05511761,0.021486571,-0.077571966,0.09462601,0.11362923,0.03819429,-0.093132146,0.049693312,-0.042322353,0.09152947,0.038191702,0.08536932,0.2368024,0.09142877,-0.020464238,-0.030419119
2024.01.30,000012.SZ,-0.30096948,0.108082674,-0.34846476,0.26981765,0.3179159,0.2510781,-0.2891176,0.31296045,0.19367686,0.1453561,0.24387708,0.04303569,0.42573795,0.29598948,0.09647538,-0.35743546
2024.01.30,000013.SZ,-0.39634237,0.16841237,-0.43655232,0.3087355,0.30972913,0.31630528,-0.3406975,0.3624115,0.28170475,0.15611988,0.34515473,-0.05499614,0.45386308,0.3083424,0.14572862,-0.42483556
2024.01.30,000014.SZ,-0.5666854,0.32834548,-0.61228395,0.45220527,0.30251336,0.45515084,-0.52837604,0.49553725,0.47213468,0.20574631,0.56267715,-0.30354542,0.47024217,0.41812667,0.23652658,-0.6300967
2024.01.30,000015.SZ,0.4109998,-0.25952905,0.43445846,-0.28185996,-0.12008946,-0.3369581,0.3306428,-0.3536277,-0.4402935,-0.10600466,-0.41001168,0.3466284,0.011095389,-0.25834137,-0.2461978,0.5638292
2024.01.30,000016.SZ,-0.25855234,0.017819937,-0.2581911,0.1746133,0.32378256,0.21109295,-0.16501325,0.24457003,0.15916154,0.060404543,0.16742224,0.13638625,0.44821364,0.19621621,0.064491056,-0.21256733
2024.01.30,000017.SZ,-0.8860186,0.6651947,-0.9385755,0.7769571,0.63433707,0.8117802,-0.82848626,0.8668233,0.82619333,0.4401317,0.8680897,-0.5949713,0.7220303,0.7783171,0.5372096,-0.9437855
2024.01.30,000018.SZ,-0.037343573,-0.11951689,-0.02097965,-0.015410156,0.22607441,0.025465176,0.05055075,0.04523722,-0.06294344,-0.027509421,-0.055379063,0.27654096,0.36531097,0.020870138,-0.044062514,0.10999809
2024.01.30,000019.SZ,-0.14571613,0.08839724,-0.17208132,0.112892225,0.08994434,0.09488641,-0.16843857,0.10676347,0.058234993,0.08618293,0.15839642,-0.038408555,0.27161,0.09666069,0.03110405,-0.091743916
2024.01.30,000020.SZ,-0.73232377,0.4578316,-0.79216766,0.5945962,0.45584804,0.62729657,-0.6702616,0.6818568,0.6429307,0.285886,0.70905644,-0.40483686,0.5980827,0.58708483,0.35722998,-0.8104151
2024.01.30,000021.SZ,0.45126352,-0.25918862,0.46764612,-0.30989054,-0.1757914,-0.3759954,0.3392106,-0.39193693,-0.48158166,-0.106012344,-0.43037015,0.32318997,-0.037286,-0.28176245,-0.26732075,0.5976448
2024.01.30,000022.SZ,-0.14749049,0.053402364,-0.19857377,0.16327894,0.1953346,0.11360958,-0.17697294,0.15761968,0.043814857,0.10070818,0.109607436,0.08428306,0.3061733,0.17490442,0.010262397,-0.16456859
2024.01.30,000023.SZ,-0.70230985,0.49227133,-0.77857554,0.58372086,0.3835728,0.5950719,-0.6796762,0.6607012,0.60790473,0.33525252,0.7003745,-0.45280048,0.5362869,0.58965355,0.3496284,-0.80006623
2024.01.30,000024.SZ,0.22944479,-0.070523866,0.21797165,-0.11282911,-0.11851348,-0.1987249,0.099898115,-0.2043384,-0.2862914,0.036079634,-0.18247443,0.112914644,0.04049845,-0.10617538,-0.12634848,0.31982288
2024.01.30,000025.SZ,-0.57624483,0.38787255,-0.6918497,0.5355153,0.31380817,0.47731215,-0.57634854,0.557651,0.4977936,0.31044182,0.5835314,-0.33299002,0.4457686,0.50109076,0.24522161,-0.70758677
2024.01.30,600000.SH,0.3550246,-0.16541177,0.34837237,-0.20437223,-0.12537472,-0.29225063,0.21423157,-0.28981438,-0.39722803,-0.021863468,-0.3244184,0.24111812,0.0012748272,-0.17329755,-0.20110929,0.45649529
2024.01.30,600001.SH,0.005536978,0.06562483,-0.007008084,-0.006960498,-0.02660163,-0.034922622,-0.096902505,-0.025259404,-0.11029512,0.08478357,0.03393844,-0.026148608,0.16381684,0.033212375,-0.01800449,0.07706029
2024.01.30,600002.SH,-0.41501418,0.185985,-0.42786545,0.28360656,0.3033896,0.33159354,-0.34032798,0.35633612,0.3064149,0.144596,0.3635368,-0.080997095,0.46911675,0.30149478,0.16248275,-0.4153531
2024.01.30,600003.SH,0.1920813,-0.15135731,0.17852297,-0.10813657,0.06541619,-0.15024653,0.15834497,-0.13304,-0.25778788,-0.0063001686,-0.228173,0.29724404,0.18811423,-0.06459286,-0.12844318,0.29988995
2024.01.30,600004.SH,-0.59563625,0.31602454,-0.6489445,0.45843437,0.41660398,0.4989743,-0.5112963,0.54925084,0.49525943,0.239784,0.54910105,-0.20904186,0.5604255,0.4723644,0.2751052,-0.6609595
2024.01.30,600005.SH,0.24902706,-0.08900526,0.26974943,-0.1935725,-0.16011667,-0.21397175,0.14326933,-0.2579192,-0.2827716,-0.039065395,-0.1868977,0.0984517,0.025431424,-0.18670247,-0.1465255,0.40538058
2024.01.30,600006.SH,-0.7869619,0.454347,-0.84253776,0.63670367,0.60479337,0.6994331,-0.6809554,0.75760746,0.70415676,0.30758584,0.7356513,-0.3194015,0.701128,0.6525656,0.41391012,-0.856397
2024.01.30,600007.SH,-0.26505372,0.07175704,-0.29691756,0.23290963,0.29107097,0.21281773,-0.24485344,0.26251096,0.14011641,0.11289518,0.19658335,0.074929394,0.3936692,0.25204718,0.05832156,-0.2945723
2024.01.30,600008.SH,-0.62903214,0.355817,-0.7170617,0.5350093,0.45857504,0.5353373,-0.5745792,0.61587346,0.5222399,0.28785437,0.5797374,-0.22553214,0.5550762,0.5482792,0.27826914,-0.7384337
2024.01.30,600009.SH,0.43702337,-0.2651087,0.459406,-0.29660854,-0.1511831,-0.36102945,0.3417851,-0.37314343,-0.45671365,-0.099181384,-0.4248784,0.3357269,-0.015953911,-0.2712681,-0.25556582,0.58520293
2024.01.30,600010.SH,-0.61213166,0.34921125,-0.66894627,0.47555017,0.39936656,0.51129633,-0.5513235,0.5684952,0.510376,0.23823814,0.5757961,-0.25603673,0.541051,0.4941711,0.27254263,-0.6892166
2024.01.30,600011.SH,-0.31107515,0.10738024,-0.35926056,0.27348477,0.30437082,0.25144047,-0.27429968,0.30685878,0.1930144,0.1489878,0.2395201,0.04301272,0.41751486,0.2858454,0.0948221,-0.35443822
2024.01.30,600012.SH,0.34041053,-0.19152132,0.35536978,-0.226374,-0.12743798,-0.2850875,0.2466131,-0.31117466,-0.38610455,-0.06718008,-0.32131505,0.25666526,0.011577164,-0.21437821,-0.20978534,0.484273
2024.01.30,600013.SH,-0.7537432,0.44169012,-0.8146024,0.62104404,0.54350436,0.6600713,-0.6706974,0.7158011,0.6793145,0.2889042,0.7174751,-0.34944075,0.6493877,0.61507845,0.37499833,-0.8334195
2024.01.30,600014.SH,-0.8035791,0.48684058,-0.8589115,0.6691899,0.60355705,0.717223,-0.7097825,0.77306795,0.73057735,0.3301372,0.76430166,-0.38080314,0.69986707,0.67315274,0.43462673,-0.8759986
2024.01.30,600015.SH,-0.6540852,0.34591454,-0.69671977,0.48653236,0.4363508,0.54526114,-0.55753124,0.59474,0.54882014,0.21206233,0.6077916,-0.2599666,0.58483833,0.489145,0.29875508,-0.70569456
2024.01.30,600016.SH,-0.5732761,0.2938996,-0.58357495,0.39835373,0.34626627,0.45927706,-0.48759246,0.4894425,0.4627473,0.17689204,0.5391583,-0.25044057,0.53584945,0.39397213,0.26316014,-0.58842117
2024.01.30,600017.SH,-0.33997053,0.16513035,-0.363876,0.27020577,0.22489023,0.26411402,-0.31089082,0.28958982,0.25197518,0.13695824,0.31988564,-0.10144253,0.39327535,0.24588837,0.121388964,-0.34966716
2024.01.30,600018.SH,-0.79802763,0.4769063,-0.85391206,0.6453124,0.5856427,0.7082318,-0.6954555,0.7653291,0.7256032,0.29749194,0.7560444,-0.3678618,0.69613886,0.64945483,0.4228299,-0.86366266
2024.01.30,600019.SH,-0.6195076,0.35160643,-0.67076045,0.47121498,0.37181163,0.51254874,-0.54154176,0.55206895,0.51803935,0.23262505,0.5895508,-0.285538,0.5401806,0.46501094,0.28048804,-0.6759554
2024.01.30,600020.SH,-0.6005828,0.32032394,-0.6846052,0.50673264,0.4147393,0.5020887,-0.53799313,0.57176566,0.5090737,0.23357251,0.5604106,-0.21330445,0.53171575,0.4816373,0.24704136,-0.6934272
2024.01.30,600021.SH,-0.744742,0.44205958,-0.8122743,0.6238081,0.53530395,0.6528803,-0.6668794,0.7165696,0.66404426,0.30613333,0.70457584,-0.32977042,0.6358049,0.62495667,0.3667703,-0.8347255
2024.01.30,600022.SH,0.34819382,-0.18505663,0.36432484,-0.22032245,-0.14008974,-0.27609387,0.2545838,-0.31443477,-0.38006288,-0.057064064,-0.3291465,0.26078105,0.009000718,-0.20898134,-0.20826927,0.4810116
2024.01.30,600023.SH,-0.48292488,0.13183926,-0.48266098,0.34241962,0.44018793,0.39536947,-0.35524935,0.44332996,0.34354156,0.13723421,0.368731,0.02593134,0.55953676,0.36948147,0.18194033,-0.4971123
2024.01.30,600024.SH,-0.24649367,0.06954917,-0.23473631,0.11586253,0.22025459,0.1817425,-0.16084549,0.1951771,0.14755458,0.057897367,0.19232701,0.03072124,0.4152679,0.13320749,0.08643807,-0.14019787
2024.01.31,000001.SZ,0.065362014,0.040161714,0.015246776,0.042060222,-0.06885378,-0.0784332,-0.08284054,-0.059052497,-0.12887107,0.07793664,-0.013039355,-0.0064684628,0.071784295,0.013842564,-0.07653628,0.0781266
2024.01.31,000002.SZ,0.05693167,-0.044128567,0.030372256,0.01818592,0.020806938,-0.056368925,0.0045070415,-0.05258739,-0.115261436,0.026483998,-0.051635623,0.111708954,0.16428924,-0.028447412,-0.07747501,0.1280899
2024.01.31,000003.SZ,0.19138452,-0.22124955,0.19150648,-0.14470828,0.14412564,-0.14004609,0.22155969,-0.12603486,-0.2630845,-0.0668869,-0.26273888,0.39794013,0.25902227,-0.09413877,-0.14249684,0.34396222
2024.01.31,000004.SZ,0.4131673,-0.17512815,0.4044509,-0.24472041,-0.20617504,-0.33653936,0.26503903,-0.35664302,-0.42105567,-0.038485583,-0.36013606,0.2312043,-0.061318472,-0.23418044,-0.22949398,0.5250731
2024.01.31,000005.SZ,-0.65864694,0.27603862,-0.6871325,0.49561766,0.560838,0.575533,-0.51057494,0.6193078,0.5568503,0.22520867,0.563528,-0.0980733,0.6661251,0.52869177,0.31480294,-0.7160589
2024.01.31,000006.SZ,0.19279397,-0.09716929,0.20015085,-0.12517583,-0.040063985,-0.15675516,0.12721339,-0.17949437,-0.25386256,-0.007702802,-0.18341173,0.18610905,0.123186,-0.11010586,-0.11898966,0.31486726
2024.01.31,000007.SZ,-0.74232095,0.5323068,-0.813623,0.63562995,0.37172505,0.63144296,-0.725012,0.6939517,0.64881825,0.35380366,0.7501451,-0.52983564,0.5331317,0.6184809,0.36981457,-0.8373519
2024.01.31,000008.SZ,0.3720376,-0.24032071,0.3583109,-0.21220888,-0.06751081,-0.29297146,0.29904217,-0.29496002,-0.3862735,-0.07426413,-0.3678324,0.35095647,0.05203644,-0.21236345,-0.22378303,0.49357948
2024.01.31,000009.SZ,0.21683013,-0.08101853,0.2135965,-0.13699082,-0.13319364,-0.19009578,0.11257636,-0.21974972,-0.24647984,-0.030825654,-0.16112264,0.09587926,0.036661178,-0.16161424,-0.14226103,0.34988898
2024.01.31,000010.SZ,-0.56769323,0.26804116,-0.62132657,0.44833034,0.3987084,0.46736473,-0.47978282,0.5132001,0.49091983,0.17877153,0.5286706,-0.18790706,0.53689027,0.41126654,0.23115277,-0.62249374
2024.01.31,000011.SZ,0.15835387,-0.08535967,0.14448051,-0.058195535,-0.0027932806,-0.12976608,0.085956186,-0.13529022,-0.22287537,0.021055637,-0.15848605,0.18685451,0.11888224,-0.057632666,-0.120474614,0.23949711
2024.01.31,000012.SZ,-0.1442481,0.061460476,-0.18422942,0.1575824,0.19012885,0.11648227,-0.18874793,0.16431086,0.047417205,0.11137578,0.12135822,0.053941704,0.3091719,0.1838004,0.025503043,-0.16683899
2024.01.31,000013.SZ,-0.3468521,0.17045046,-0.39776582,0.29392833,0.24368784,0.2680659,-0.32684097,0.31283563,0.23179106,0.16906391,0.31516463,-0.08019795,0.3889636,0.28166842,0.11982645,-0.3835885
2024.01.31,000014.SZ,-0.013261451,0.04427475,-0.039910212,0.0691296,-0.009224926,-0.013277443,-0.109332435,-0.00089775,-0.0618292,0.077638745,0.051601037,-0.018514039,0.13871026,0.043942664,-0.03981252,0.015427401
2024.01.31,000015.SZ,0.43679067,-0.2734218,0.4556625,-0.29373124,-0.13347018,-0.35776198,0.34962767,-0.37312105,-0.46165422,-0.11066196,-0.4330238,0.36117733,-0.006901963,-0.2719329,-0.2613439,0.5842431
2024.01.31,000016.SZ,0.18276422,-0.16544247,0.18745176,-0.11547744,0.06998832,-0.13788593,0.16416441,-0.13053179,-0.23388667,-0.040651973,-0.2254177,0.30042586,0.18856378,-0.078912266,-0.13483097,0.30538914
2024.01.31,000017.SZ,-0.9135596,0.6980048,-0.95602566,0.80998343,0.6901444,0.84994686,-0.8541375,0.89664114,0.86321217,0.45800817,0.8953358,-0.624671,0.76681626,0.8114919,0.5822646,-0.95956415
2024.01.31,000018.SZ,0.10016947,-0.16486607,0.10409084,-0.08086475,0.12794416,-0.0856078,0.13641988,-0.07224788,-0.17714283,-0.047883686,-0.16209354,0.30116,0.26297247,-0.059818145,-0.10853095,0.24795108
2024.01.31,000019.SZ,-0.32450002,0.199929,-0.37236395,0.25652078,0.1683387,0.23956014,-0.32947317,0.27042142,0.23220414,0.15359376,0.3360338,-0.15784504,0.34535888,0.23531719,0.117238715,-0.33608994
2024.01.31,000020.SZ,-0.7699727,0.49566695,-0.8283478,0.63726044,0.48332036,0.6687192,-0.7068659,0.720934,0.68942297,0.3069616,0.74932456,-0.4493391,0.6209208,0.62391514,0.38824847,-0.8466966
2024.01.31,000021.SZ,-0.025932297,-0.029153824,-0.045706183,0.022524197,0.121376336,0.006679257,-0.037908938,0.03424268,-0.06934895,0.034439087,-0.008501056,0.13772543,0.27443364,0.04929291,-0.03708363,0.05896206
2024.01.31,000022.SZ,-0.73191065,0.41289926,-0.7955548,0.6069384,0.54724944,0.64114887,-0.6453598,0.7027942,0.6491848,0.28444237,0.68557596,-0.28876325,0.6420241,0.60742766,0.3560361,-0.8197189
2024.01.31,000023.SZ,-0.73542154,0.5213899,-0.80659026,0.6043183,0.40185034,0.62891036,-0.702617,0.68889755,0.64668655,0.34125224,0.73319435,-0.48845863,0.5619353,0.6077863,0.37939104,-0.8232199
2024.01.31,000024.SZ,0.3419617,-0.093945675,0.32989937,-0.1825217,-0.23964036,-0.30239582,0.15543632,-0.31412917,-0.38258615,0.019634983,-0.26060796,0.09650615,-0.0847233,-0.18399358,-0.18485835,0.43718475
2024.01.31,000025.SZ,-0.71222234,0.4726987,-0.8109122,0.6405152,0.44487923,0.6173435,-0.67413616,0.6930202,0.641275,0.3549371,0.7031287,-0.40307477,0.55883193,0.6140619,0.33923307,-0.8272382
2024.01.31,600000.SH,0.31744194,-0.11476733,0.29340705,-0.15949158,-0.13498552,-0.26250935,0.15681462,-0.25696275,-0.36178777,0.019198185,-0.26986167,0.17704698,-0.0016665295,-0.13651884,-0.17533387,0.3948015
2024.01.31,600001.SH,-0.6200831,0.41355407,-0.68745804,0.46710414,0.33126405,0.50464034,-0.589712,0.5686341,0.5041635,0.26913217,0.61237097,-0.3610737,0.50117683,0.49689037,0.29546413,-0.69578576
2024.01.31,600002.SH,0.022872789,-0.08071335,0.037050318,-0.03712506,0.15183957,-0.0086640855,0.05050739,-0.0045941076,-0.111198425,0.006264601,-0.08743996,0.23697609,0.30208078,0.021475736,-0.05156951,0.13590461
2024.01.31,600003.SH,0.17687051,-0.14957756,0.18042989,-0.12559035,0.083211854,-0.13800378,0.1571317,-0.12405959,-0.2546833,-0.015502216,-0.22380012,0.30228016,0.21682143,-0.061452277,-0.116143964,0.30274764
2024.01.31,600004.SH,-0.6662383,0.35823676,-0.7181555,0.513085,0.48325413,0.5712774,-0.56889963,0.6239227,0.5725057,0.2579445,0.61653805,-0.24372664,0.61628455,0.53441006,0.32493976,-0.73565114
2024.01.31,600005.SH,0.16869828,-0.028252004,0.1725483,-0.11823252,-0.15549761,-0.1559095,0.06502175,-0.19645278,-0.20113155,-0.0018172505,-0.09151404,0.0150124105,0.03988261,-0.14123274,-0.10703172,0.3048822
2024.01.31,600006.SH,-0.7633493,0.46759832,-0.83024746,0.6251449,0.5411068,0.6689152,-0.6788453,0.7311255,0.68091726,0.31415054,0.7266971,-0.36495152,0.65219986,0.62903297,0.38996246,-0.84035057
2024.01.31,600007.SH,-0.6508232,0.33604717,-0.70729923,0.53914714,0.47785488,0.55275667,-0.5818962,0.61659956,0.5495242,0.24427097,0.6048384,-0.2276871,0.5807467,0.5381728,0.28397322,-0.7429948
2024.01.31,600008.SH,-0.8066982,0.55612874,-0.8758359,0.69186604,0.5461914,0.7165373,-0.74988884,0.78344023,0.7296894,0.38561463,0.7837445,-0.47773784,0.65017825,0.6968732,0.43580547,-0.89003605
2024.01.31,600009.SH,0.5168702,-0.31182432,0.54561615,-0.3569912,-0.2155999,-0.42836028,0.4142381,-0.45258656,-0.52223724,-0.12944648,-0.49889645,0.37296095,-0.07560614,-0.34337902,-0.3022582,0.6664736
2024.01.31,600010.SH,-0.5502069,0.32385466,-0.6132668,0.44209704,0.33985394,0.44975823,-0.51821715,0.50997084,0.44486448,0.23512156,0.5263369,-0.24153318,0.4837379,0.45285478,0.23483098,-0.6351347
2024.01.31,600011.SH,-0.64261955,0.3815433,-0.7124674,0.5312985,0.4133863,0.5384243,-0.58849204,0.6035073,0.54793304,0.27244163,0.61299103,-0.2984863,0.54316115,0.5249453,0.2949557,-0.73441195
2024.01.31,600012.SH,0.10152715,-0.10302757,0.12790272,-0.10103414,0.0362176,-0.095733576,0.093853,-0.11234172,-0.18452713,-0.037648942,-0.12477026,0.19248545,0.19770432,-0.081123404,-0.096264504,0.2567797
2024.01.31,600013.SH,-0.47174576,0.20664148,-0.50735146,0.3604268,0.36296228,0.3860809,-0.40127435,0.42536673,0.37675297,0.15237948,0.41463816,-0.091459714,0.49563712,0.35233954,0.18205614,-0.51118886
2024.01.31,600014.SH,-0.5789288,0.2797448,-0.63416564,0.45777747,0.43920192,0.48409933,-0.49752238,0.5449973,0.47579157,0.21196054,0.52330285,-0.1545151,0.5577636,0.4635763,0.2501623,-0.65284103
2024.01.31,600015.SH,-0.53442925,0.25787333,-0.57949334,0.40344802,0.3585374,0.428429,-0.45801583,0.4812755,0.42296648,0.17442006,0.48645002,-0.16626973,0.50865483,0.39395532,0.21510573,-0.57957023
2024.01.31,600016.SH,-0.2869928,0.13459055,-0.26149857,0.16650331,0.16501378,0.20045802,-0.258019,0.21372858,0.16745497,0.08370241,0.26822108,-0.099919476,0.36116034,0.16957228,0.1023755,-0.22295868
2024.01.31,600017.SH,0.13896655,-0.07223084,0.13834542,-0.08095033,-0.03284313,-0.12095672,0.075927116,-0.12727043,-0.18101688,-0.0011639999,-0.12240964,0.12903209,0.13369709,-0.079777144,-0.09959547,0.2521067
2024.01.31,600018.SH,-0.783395,0.4954485,-0.8439795,0.6363748,0.5372745,0.69195414,-0.7021646,0.74955136,0.70855665,0.3119698,0.7526725,-0.4020111,0.6614794,0.64526135,0.41005337,-0.85736924
2024.01.31,600019.SH,-0.4376445,0.23690611,-0.47883722,0.32545725,0.26188317,0.34962735,-0.3885201,0.37453708,0.32503286,0.17974825,0.41029862,-0.15366516,0.4393208,0.32524335,0.17537437,-0.4661145
2024.01.31,600020.SH,-0.43125662,0.22754,-0.51984215,0.37222156,0.2812449,0.34511042,-0.40547043,0.4036846,0.34289464,0.17479476,0.4095587,-0.13540432,0.42690182,0.33587232,0.14970379,-0.50003946
2024.01.31,600021.SH,-0.78686374,0.4933967,-0.8504807,0.66359895,0.56119436,0.69805104,-0.7104876,0.7581719,0.71572304,0.3300661,0.7544311,-0.39394796,0.66353756,0.66220415,0.40852365,-0.8687472
2024.01.31,600022.SH,0.16345641,-0.019422263,0.14093749,-0.033667367,-0.12357747,-0.13858604,0.030752443,-0.16022973,-0.21875758,0.0650467,-0.107558325,0.05087452,0.024136825,-0.060876764,-0.110793024,0.21429583
2024.01.31,600023.SH,0.18653607,-0.15000154,0.1984303,-0.12667495,0.020262798,-0.15736774,0.15025394,-0.15263955,-0.26153323,-0.028908279,-0.21412344,0.2539289,0.16423826,-0.09242035,-0.13158655,0.3182867
2024.01.31,600024.SH,-0.56899965,0.22330584,-0.5697535,0.34546748,0.43376547,0.46591696,-0.40871313,0.49851325,0.46455187,0.12934127,0.4868075,-0.104215816,0.60632575,0.36801976,0.26002136,-0.5431062
2024.02.01,000001.SZ,-0.20380265,0.120953165,-0.2649939,0.22135821,0.14047828,0.1441816,-0.25661373,0.19258983,0.106096275,0.124097705,0.19357806,-0.039487794,0.2695594,0.19775984,0.03394189,-0.24593095
2024.02.01,000002.SZ,0.18111935,-0.07519311,0.16222028,-0.066555075,-0.08435306,-0.16022079,0.0810455,-0.16845053,-0.22673282,0.0063519035,-0.14999402,0.11966251,0.061544027,-0.1073114,-0.12861162,0.27026254
2024.02.01,000003.SZ,-0.41747448,0.06165783,-0.40505466,0.23228416,0.44569883,0.34444875,-0.23649183,0.3821999,0.28394502,0.08608288,0.28197944,0.135807,0.58112437,0.28603408,0.15955608,-0.35807478
2024.02.01,000004.SZ,0.37769866,-0.17236637,0.37372857,-0.2348179,-0.16367255,-0.30489907,0.25877425,-0.32656196,-0.39496902,-0.041319925,-0.34036812,0.24346927,-0.008789145,-0.21597753,-0.20923233,0.50152683
2024.02.01,000005.SZ,0.079939105,-0.118261404,0.08046801,-0.061614186,0.15044127,-0.05023749,0.109232195,-0.04271337,-0.15704158,0.004177848,-0.14532432,0.29084742,0.28932807,-0.0045004054,-0.07453911,0.19730024
2024.02.01,000006.SZ,-0.7271384,0.37719497,-0.76857907,0.5696434,0.5422023,0.63189644,-0.61116374,0.67838454,0.64129823,0.24425553,0.6721501,-0.26276872,0.6644513,0.5660848,0.3624092,-0.7897501
2024.02.01,000007.SZ,-0.72279817,0.5099863,-0.7952071,0.6194001,0.35851192,0.6064724,-0.70727324,0.6697498,0.62650687,0.34081504,0.73023367,-0.51311064,0.5122372,0.5970809,0.3487204,-0.8194856
2024.02.01,000008.SZ,0.25614926,-0.18979375,0.23035346,-0.1213853,0.023365056,-0.1903906,0.21553075,-0.18734942,-0.28634685,-0.03016077,-0.27275115,0.32453227,0.13989925,-0.12487888,-0.16380884,0.35935327
2024.02.01,000009.SZ,0.37685534,-0.1843582,0.38551053,-0.2500906,-0.20050682,-0.31950507,0.25551686,-0.35292128,-0.39480224,-0.0836761,-0.3253178,0.20808859,-0.045432538,-0.26303297,-0.22751173,0.52538025
2024.02.01,000010.SZ,-0.55604005,0.20407966,-0.58287454,0.41151702,0.44645634,0.4606939,-0.42756024,0.5022911,0.46886986,0.14008799,0.48249212,-0.08961802,0.57642525,0.39175242,0.22160022,-0.5845421
2024.02.01,000011.SZ,0.084401466,-0.055855714,0.06252216,0.004230161,0.025724702,-0.077670544,0.02207241,-0.07454031,-0.15192908,0.026797624,-0.09025143,0.14639838,0.14074512,-0.019523717,-0.09997291,0.14766398
2024.02.01,000012.SZ,-0.007854032,0.01784417,-0.03171956,0.045189586,0.06912256,-0.0009882819,-0.08760308,0.022706188,-0.07702628,0.07240685,0.016785854,0.06212233,0.20669119,0.06931695,-0.032355018,0.023172395
2024.02.01,000013.SZ,-0.14326663,0.100832604,-0.18488383,0.14914967,0.09152576,0.094271965,-0.18846028,0.11829238,0.042110793,0.12808046,0.14761394,-0.035538014,0.25295246,0.13663487,0.031837966,-0.13253434
2024.02.01,000014.SZ,0.3104896,-0.08698952,0.28719455,-0.13643377,-0.20249268,-0.27094352,0.11840969,-0.27490842,-0.34948874,0.025069842,-0.23348515,0.10168924,-0.07920574,-0.14310986,-0.18644813,0.3778673
2024.02.01,000015.SZ,0.38082692,-0.24590744,0.4009049,-0.26821688,-0.08597988,-0.30984786,0.3090393,-0.3244551,-0.42075086,-0.10126034,-0.38663435,0.34681702,0.042861603,-0.23159477,-0.23105189,0.5340043
2024.02.01,000016.SZ,0.4176763,-0.25944555,0.44280106,-0.2844925,-0.12212711,-0.33721864,0.33159235,-0.35372627,-0.43969303,-0.098637186,-0.4175348,0.34927183,0.009238014,-0.25233847,-0.24675445,0.56496763
2024.02.01,000017.SZ,-0.9071195,0.65925395,-0.9483503,0.7935767,0.70310163,0.84203136,-0.83459574,0.88736564,0.8545921,0.42813662,0.88191754,-0.5721088,0.77871305,0.7979524,0.56863904,-0.95324653
2024.02.01,000018.SZ,0.29373127,-0.2345324,0.29414546,-0.19222407,-0.0015774952,-0.23969196,0.26941192,-0.23965603,-0.34017286,-0.08302218,-0.3188953,0.35104913,0.12747543,-0.18003184,-0.19417039,0.4457835
2024.02.01,000019.SZ,-0.4791218,0.2734611,-0.53405523,0.37683874,0.27688494,0.37552205,-0.44647473,0.41997012,0.38436353,0.19597895,0.47245163,-0.22623764,0.43961304,0.35681063,0.1949021,-0.52763927
2024.02.01,000020.SZ,-0.7017529,0.42003298,-0.75935423,0.57085997,0.43520135,0.5959606,-0.63356704,0.64646935,0.6129086,0.26686072,0.6740609,-0.36150205,0.57748663,0.5516669,0.32847875,-0.7805969
2024.02.01,000021.SZ,-0.54557586,0.25534368,-0.5993643,0.40682986,0.3877121,0.4423889,-0.45892185,0.50014794,0.43896058,0.1860293,0.4915022,-0.16044734,0.53311455,0.41198847,0.2248936,-0.59036756
2024.02.01,000022.SZ,-0.6812871,0.37256813,-0.7432658,0.5556052,0.49971926,0.5862753,-0.6038147,0.6492227,0.58569354,0.25935438,0.63111675,-0.24928889,0.6008664,0.5617645,0.3113777,-0.77108276
2024.02.01,000023.SZ,-0.3941076,0.30316603,-0.4649647,0.30959833,0.12149248,0.28940764,-0.42683315,0.32997456,0.29398057,0.21378131,0.4320412,-0.29852712,0.32931244,0.29690593,0.17073956,-0.43877816
2024.02.01,000024.SZ,-0.15502007,0.12922928,-0.18628071,0.16347985,0.053678196,0.084184505,-0.22906868,0.12571989,0.035998438,0.14747359,0.16796187,-0.09752111,0.2205174,0.16049255,0.041289005,-0.16144875
2024.02.01,000025.SZ,-0.76999736,0.51763034,-0.8554447,0.68448275,0.50470316,0.677859,-0.72208613,0.7506607,0.7027857,0.3703838,0.7564793,-0.44779417,0.61029994,0.663362,0.3883899,-0.8703742
2024.02.01,600000.SH,0.07544178,-0.008051179,0.02286703,0.024692489,0.026706964,-0.06583291,-0.033988636,-0.032151878,-0.15190558,0.09374272,-0.059701968,0.09767056,0.16049078,0.04014439,-0.06335242,0.09186526
2024.02.01,600001.SH,-0.8034494,0.55418664,-0.8623621,0.6527712,0.51553625,0.7066547,-0.7412708,0.7666712,0.71831244,0.35206896,0.78411037,-0.49087942,0.65043515,0.672399,0.44044256,-0.8743681
2024.02.01,600002.SH,-0.04731775,-0.05126773,-0.06372933,0.053317025,0.21793284,0.052871134,-0.01680004,0.080045596,-0.036623135,0.04540924,-0.028444216,0.23068574,0.34294608,0.09594621,-0.023567582,0.009585273
2024.02.01,600003.SH,-0.41487512,0.13469538,-0.41828987,0.27869883,0.39583018,0.3404223,-0.3108682,0.3854455,0.28060067,0.14488813,0.31049424,0.037350733,0.52748704,0.33388835,0.16725536,-0.41817153
2024.02.01,600004.SH,-0.47304744,0.20335579,-0.5073886,0.33578467,0.3847257,0.3932647,-0.38522637,0.43864354,0.361261,0.1681386,0.4053046,-0.06178938,0.52822447,0.37267074,0.19820139,-0.5049597
2024.02.01,600005.SH,0.42573756,-0.18831788,0.4386982,-0.27526823,-0.2579527,-0.3593626,0.2765559,-0.39852583,-0.43709585,-0.06982988,-0.36044338,0.19980279,-0.10674076,-0.28519735,-0.24929373,0.5636328
2024.02.01,600006.SH,-0.7592624,0.4756627,-0.828953,0.62211114,0.5227908,0.6631998,-0.6787123,0.7255713,0.6779576,0.31906947,0.7264701,-0.38244247,0.6416874,0.62393063,0.38864186,-0.836818
2024.02.01,600007.SH,-0.47042084,0.24627574,-0.52194685,0.40168765,0.31723106,0.3759589,-0.45666996,0.4327442,0.35719615,0.19396454,0.4433425,-0.1648984,0.43240777,0.3885528,0.17004305,-0.5534433
2024.02.01,600008.SH,-0.75357413,0.49968395,-0.83144414,0.6441645,0.5043212,0.66059065,-0.70078623,0.7314428,0.66936654,0.3588075,0.72766465,-0.40779316,0.6139989,0.651412,0.38497666,-0.8507886
2024.02.01,600009.SH,0.46101224,-0.2855463,0.4773422,-0.31074134,-0.15248513,-0.37554836,0.37151015,-0.39066365,-0.47279233,-0.11055958,-0.45004687,0.3662701,-0.017581714,-0.28935248,-0.26953146,0.6075443
2024.02.01,600010.SH,-0.18062599,0.11194649,-0.21488738,0.16829914,0.1574179,0.13549778,-0.22886954,0.17455998,0.067753665,0.13323893,0.16718383,-0.009585471,0.3003956,0.20274949,0.04739604,-0.20117317
2024.02.01,600011.SH,-0.6824241,0.4024999,-0.74659926,0.5552081,0.457782,0.58265,-0.61186224,0.64349455,0.5890873,0.28185788,0.64492416,-0.30601028,0.58556193,0.55803347,0.32616264,-0.768072
2024.02.01,600012.SH,-0.26589024,0.04347366,-0.22015898,0.113415465,0.24667776,0.19022675,-0.16259427,0.19307175,0.13576627,0.02367952,0.18914022,0.057439543,0.41996485,0.13275878,0.069745824,-0.145403
2024.02.01,600013.SH,-0.42850357,0.19998255,-0.4325006,0.2843121,0.30014476,0.3407448,-0.36024097,0.3607413,0.32338685,0.12770444,0.37994814,-0.10877463,0.46774614,0.29497612,0.17206852,-0.4231633
2024.02.01,600014.SH,-0.38526055,0.167825,-0.43000007,0.30884826,0.30840847,0.306904,-0.3438711,0.358056,0.2686399,0.15221418,0.33052805,-0.041522972,0.43797553,0.31640825,0.13297898,-0.4295449
2024.02.01,600015.SH,-0.5450032,0.2773296,-0.59244865,0.42100617,0.36433288,0.43998605,-0.47907522,0.49760863,0.42539302,0.20053358,0.49715817,-0.18083552,0.5090179,0.42322642,0.22537608,-0.6052025
2024.02.01,600016.SH,0.2246107,-0.11552748,0.2612331,-0.17415851,-0.08763282,-0.1981255,0.1386276,-0.21637076,-0.2878623,-0.038080826,-0.20759906,0.16082284,0.07830053,-0.14255439,-0.13809253,0.37368298
2024.02.01,600017.SH,0.36078954,-0.199503,0.36982015,-0.22489937,-0.14265762,-0.29775485,0.25722864,-0.31378964,-0.37561622,-0.06758658,-0.33651242,0.2569541,0.00094127626,-0.22280692,-0.21712647,0.49581
2024.02.01,600018.SH,-0.8313568,0.5514703,-0.88443464,0.6923238,0.58749354,0.74839276,-0.7564152,0.80315566,0.7613721,0.344274,0.80155027,-0.4561434,0.69695985,0.70591825,0.45668066,-0.9004695
2024.02.01,600019.SH,-0.7624992,0.45534366,-0.8149176,0.6088171,0.51616967,0.6668218,-0.66637844,0.7122338,0.6801738,0.2888778,0.7268697,-0.37068805,0.65526265,0.60662997,0.39048105,-0.8284516
2024.02.01,600020.SH,-0.67932093,0.39162886,-0.756219,0.55554724,0.45180106,0.5799378,-0.60519135,0.64192486,0.5951761,0.25766405,0.6476291,-0.298442,0.586588,0.5372456,0.3094589,-0.76215047
2024.02.01,600021.SH,-0.7847643,0.47879487,-0.84732014,0.66134346,0.5758133,0.6975144,-0.70527375,0.7594182,0.7135174,0.32414725,0.7485517,-0.368494,0.6732688,0.66389257,0.40454027,-0.86727256
2024.02.01,600022.SH,0.2403864,-0.02625347,0.19780917,-0.04855517,-0.18518499,-0.20454109,0.049958654,-0.21538927,-0.28810275,0.08502576,-0.1632644,0.048846394,-0.060439393,-0.078285314,-0.14583004,0.2633948
2024.02.01,600023.SH,0.0540459,-0.08668389,0.060969587,-0.029072922,0.1008597,-0.050286926,0.03868357,-0.032553058,-0.14768235,0.009687475,-0.10272992,0.20365211,0.23977223,0.0036720654,-0.07441793,0.15237144
2024.02.01,600024.SH,-0.07535377,-0.0332247,-0.031369008,-0.04084843,0.14228874,0.054930065,0.006515217,0.03706083,-0.022709122,-0.016580086,0.01878999,0.14651276,0.3588119,0.0021140683,0.00964494,0.10571658
2024.02.02,000001.SZ,-0.19315013,0.085913524,-0.2253735,0.17461568,0.15882435,0.1387862,-0.2121092,0.17064694,0.08080216,0.09589057,0.16419214,0.00814513,0.30252305,0.17123911,0.03059767,-0.19139025
2024.02.02,000002.SZ,0.16503038,-0.049869582,0.13091272,-0.032976072,-0.09149845,-0.15080363,0.048770998,-0.15172198,-0.21214907,0.038112152,-0.12258691,0.08535438,0.04878334,-0.083241776,-0.11796187,0.2309373
2024.02.02,000003.SZ,0.17592879,-0.18202852,0.18602091,-0.15192667,0.10595209,-0.12966973,0.19167519,-0.12946188,-0.2501573,-0.053131815,-0.22431815,0.33504286,0.2551625,-0.09867687,-0.11862132,0.33741763
2024.02.02,000004.SZ,-0.16230579,0.08915275,-0.18849617,0.14026923,0.14424834,0.12533996,-0.16920093,0.1412615,0.07584436,0.11034762,0.14277983,0.006978462,0.31066388,0.15067254,0.04431872,-0.13925964
2024.02.02,000005.SZ,-0.050365765,-0.049689673,-0.05464361,0.035999358,0.20824638,0.049546313,-0.0044426997,0.06678856,-0.043204576,0.049360193,-0.023827747,0.22140978,0.34621257,0.082510054,-0.014730513,0.031431764
2024.02.02,000006.SZ,-0.801992,0.49266377,-0.8479192,0.6544281,0.5525119,0.7060618,-0.7103528,0.7512496,0.7299227,0.29993728,0.77156943,-0.430004,0.682383,0.63932276,0.43002146,-0.86370873
2024.02.02,000007.SZ,-0.71259785,0.4976532,-0.78158253,0.6007423,0.34679604,0.5919893,-0.69094336,0.6502121,0.6181601,0.3293233,0.72064304,-0.5079744,0.50900775,0.5753702,0.3454866,-0.8028332
2024.02.02,000008.SZ,0.23766457,-0.16734727,0.22001688,-0.12066142,0.006193067,-0.17803511,0.19786611,-0.18391328,-0.26888573,-0.02406731,-0.24745364,0.2880482,0.14071397,-0.123824686,-0.14816698,0.34911892
2024.02.02,000009.SZ,0.40782765,-0.16642417,0.40513194,-0.25193748,-0.2579037,-0.3543932,0.2448584,-0.38099772,-0.42630303,-0.057310034,-0.33439344,0.1700919,-0.10887225,-0.26671505,-0.2412173,0.536748
2024.02.02,000010.SZ,-0.19093895,0.003774273,-0.20745037,0.14724016,0.25724873,0.14697553,-0.12763816,0.17966175,0.10288423,0.049025662,0.11959974,0.1313834,0.38276112,0.14175586,0.024789298,-0.13981462
2024.02.02,000011.SZ,0.3741525,-0.22019579,0.3754703,-0.20674302,-0.11195965,-0.30714613,0.27139866,-0.31521446,-0.40719455,-0.064925216,-0.37018892,0.31162208,-0.0061352006,-0.20820849,-0.23847766,0.49057737
2024.02.02,000012.SZ,0.38766292,-0.15938999,0.37923452,-0.21862306,-0.19676004,-0.32418638,0.21834588,-0.33428043,-0.4176502,-0.023648959,-0.33162016,0.20271973,-0.069150366,-0.20488219,-0.22252624,0.48716366
2024.02.02,000013.SZ,-0.36427575,0.23433322,-0.42355007,0.30904528,0.17001076,0.26728937,-0.37748396,0.30793974,0.25909436,0.19186431,0.37074575,-0.19736597,0.34114528,0.28135926,0.13654397,-0.40595585
2024.02.02,000014.SZ,0.4660976,-0.18300222,0.45844033,-0.25575608,-0.28128982,-0.39434052,0.26453295,-0.41169304,-0.484909,-0.027987868,-0.39299864,0.20742212,-0.16625075,-0.2563922,-0.27153507,0.55800307
2024.02.02,000015.SZ,0.25927684,-0.17596051,0.27764276,-0.19719575,-0.019484563,-0.21063231,0.21752906,-0.22615698,-0.322651,-0.05760985,-0.27529404,0.28842422,0.12458245,-0.1495276,-0.16442777,0.41332746
2024.02.02,000016.SZ,0.44204545,-0.24683745,0.46363276,-0.2963565,-0.16894999,-0.35839003,0.32758656,-0.37864247,-0.45819965,-0.09163154,-0.42228743,0.3205074,-0.033541854,-0.26529652,-0.25613117,0.5799658
2024.02.02,000017.SZ,-0.8467128,0.54706866,-0.8994319,0.7219248,0.63836336,0.7664812,-0.7601392,0.81834656,0.780672,0.3666855,0.8134697,-0.45295283,0.7271523,0.72291803,0.47767377,-0.9115666
2024.02.02,000018.SZ,0.07185945,-0.14811356,0.074750125,-0.05461033,0.14753807,-0.061088488,0.11865856,-0.049644113,-0.15665022,-0.025009908,-0.14424367,0.2988685,0.28126857,-0.034466915,-0.09233151,0.21023071
2024.02.02,000019.SZ,-0.41626638,0.23310566,-0.47122666,0.33982217,0.25141627,0.3213723,-0.39341256,0.36502317,0.32656968,0.1851781,0.4110953,-0.17889193,0.4095449,0.3165532,0.16378045,-0.46041608
2024.02.02,000020.SZ,-0.3181878,0.18765035,-0.35592118,0.2409972,0.16254981,0.23851483,-0.30306458,0.25894386,0.21275432,0.1374765,0.3040151,-0.12502027,0.34294143,0.22735515,0.107162744,-0.32391807
2024.02.02,000021.SZ,-0.6397557,0.32096168,-0.6952814,0.4871713,0.45636144,0.53565824,-0.5372299,0.592502,0.5398707,0.2247381,0.58550197,-0.22416683,0.5923402,0.4925599,0.28976858,-0.69777906
2024.02.02,000022.SZ,-0.7025689,0.39013812,-0.76476985,0.5758802,0.52136314,0.6102893,-0.6233474,0.6724596,0.6110618,0.2707483,0.65271276,-0.2617056,0.6173087,0.58380044,0.3271472,-0.7925404
2024.02.02,000023.SZ,-0.7286348,0.5122963,-0.80073357,0.5867499,0.3842775,0.61775786,-0.68653744,0.6740717,0.6415198,0.3277247,0.72886646,-0.48960307,0.5587321,0.5839563,0.3749548,-0.807544
2024.02.02,000024.SZ,-0.6034104,0.34537163,-0.6614757,0.49305344,0.36242908,0.48869094,-0.55373555,0.5530801,0.49151233,0.25165606,0.57366514,-0.28780434,0.50822693,0.48215124,0.2671628,-0.68484545
2024.02.02,000025.SZ,-0.8029654,0.54910016,-0.8783752,0.70989007,0.5350566,0.7134003,-0.75148,0.7815576,0.7372163,0.38071644,0.78817105,-0.48404342,0.63739043,0.6927018,0.42034298,-0.89308363
2024.02.02,600000.SH,-0.4138544,0.27340692,-0.51799905,0.38947812,0.2505545,0.3313723,-0.44439805,0.40991303,0.319848,0.24885553,0.41681415,-0.19325747,0.38476703,0.3863453,0.16438292,-0.52791035
2024.02.02,600001.SH,-0.87944776,0.63996214,-0.9277184,0.756279,0.6292935,0.803869,-0.8183503,0.8566591,0.81651056,0.41198003,0.8599641,-0.5674218,0.7284,0.7674974,0.52679807,-0.93684226
2024.02.02,600002.SH,0.11500199,-0.08235636,0.07874972,-0.020474564,0.07567485,-0.08614468,0.059686575,-0.063513406,-0.17236544,0.030976884,-0.13672009,0.2238427,0.19397047,-0.00075793813,-0.09931463,0.17025116
2024.02.02,600003.SH,-0.128525,0.019347524,-0.12689528,0.08036135,0.22183117,0.10284662,-0.105893075,0.13254917,0.0098053375,0.07684166,0.05692368,0.14123116,0.36515754,0.14453739,0.027538197,-0.07288125
2024.02.02,600004.SH,-0.47318974,0.20319243,-0.5092404,0.34265062,0.37293112,0.38842666,-0.39214855,0.43432897,0.36048523,0.15768479,0.4094903,-0.07695481,0.51309127,0.36404806,0.18920135,-0.5065826
2024.02.02,600005.SH,0.40007183,-0.17485996,0.39005363,-0.22164132,-0.21833716,-0.33435503,0.24167998,-0.3551403,-0.40917438,-0.050957438,-0.34040317,0.20730835,-0.09031608,-0.23908304,-0.24285997,0.50766486
2024.02.02,600006.SH,-0.7349309,0.46954262,-0.80984175,0.59996414,0.47405866,0.6335753,-0.66138715,0.6956371,0.652178,0.31790575,0.71031296,-0.39480397,0.6104192,0.59541065,0.37209007,-0.813985
2024.02.02,600007.SH,0.08956066,0.014575103,0.050462425,0.026247194,-0.043383233,-0.08763545,-0.06801887,-0.071827084,-0.1629788,0.07261837,-0.040940803,0.029210994,0.06339515,0.014241565,-0.09067119,0.096779905
2024.02.02,600008.SH,-0.83369124,0.5816049,-0.89660144,0.72241807,0.5859725,0.75161755,-0.77579767,0.8137189,0.7643042,0.3982725,0.81068885,-0.49452165,0.68246126,0.72785616,0.46416962,-0.91118956
2024.02.02,600009.SH,0.3726868,-0.22043332,0.37380826,-0.24329968,-0.10141425,-0.29469356,0.29362452,-0.30855802,-0.38861224,-0.0687867,-0.3579122,0.31070122,0.04378495,-0.21906973,-0.21226141,0.51112044
2024.02.02,600010.SH,-0.5305824,0.31921312,-0.59844893,0.4465559,0.33046973,0.43183997,-0.5227489,0.49864173,0.42457613,0.24017377,0.5134498,-0.23757172,0.4599274,0.45437256,0.22025356,-0.6319595
2024.02.02,600011.SH,0.00737953,0.05413572,-0.04610438,0.073468976,-0.005418715,-0.0193024,-0.10677001,-0.0038061256,-0.08374572,0.10103704,0.026090771,0.006476301,0.1437313,0.057328723,-0.041649096,0.012609968
2024.02.02,600012.SH,0.010536327,-0.096015185,0.058732986,-0.07502967,0.12571542,-0.026063763,0.056367487,-0.032533642,-0.11282377,-0.05266949,-0.07392303,0.20938118,0.28545487,-0.033904187,-0.061705604,0.1848203
2024.02.02,600013.SH,-0.5173465,0.19302566,-0.5049507,0.3219258,0.41832796,0.42793164,-0.3885053,0.45113254,0.40667492,0.11337762,0.43096823,-0.06294502,0.56870776,0.35095268,0.21855511,-0.50449735
2024.02.02,600014.SH,-0.5589829,0.24466935,-0.61440605,0.45078635,0.44639027,0.4708277,-0.47249597,0.52956545,0.45313382,0.1910899,0.48888293,-0.0973123,0.55155367,0.4509782,0.2225068,-0.6368644
2024.02.02,600015.SH,-0.63120276,0.35128152,-0.6928005,0.5149535,0.42843395,0.5273315,-0.569677,0.59495705,0.5211148,0.2549558,0.5881706,-0.24820256,0.5515797,0.5173056,0.28189528,-0.7200088
2024.02.02,600016.SH,0.39130265,-0.16967647,0.41712603,-0.25973374,-0.21245088,-0.33480048,0.23249492,-0.3568402,-0.43117562,-0.05036534,-0.3398124,0.19642279,-0.069983006,-0.2346306,-0.22198428,0.5236608
2024.02.02,600017.SH,0.3871061,-0.22629258,0.40840694,-0.25934404,-0.14240323,-0.32019714,0.2871344,-0.33576694,-0.4052009,-0.08811882,-0.3709617,0.2885955,0.0011303979,-0.24306811,-0.23222548,0.5343193
2024.02.02,600018.SH,-0.7373762,0.46893847,-0.80078965,0.5970181,0.48006114,0.6429272,-0.68075454,0.70658654,0.6482436,0.29927313,0.70828927,-0.3738315,0.608816,0.6214733,0.3625773,-0.82683825
2024.02.02,600019.SH,-0.390998,0.21997869,-0.4142303,0.26424038,0.2076247,0.30508387,-0.34699678,0.31475148,0.27556515,0.14912434,0.36931175,-0.1511393,0.4093331,0.2685727,0.15552811,-0.3873196
2024.02.02,600020.SH,-0.84511906,0.58035547,-0.90177363,0.7185114,0.5849027,0.7615411,-0.77593267,0.8135885,0.78135455,0.36202535,0.8242371,-0.51083225,0.7000393,0.71171457,0.46966073,-0.9097994
2024.02.02,600021.SH,-0.56857616,0.2998358,-0.6424206,0.4636096,0.416677,0.47998732,-0.51480573,0.54916835,0.48013788,0.22603205,0.5269107,-0.17362265,0.53855234,0.47559094,0.23905557,-0.660208
2024.02.02,600022.SH,0.24611513,0.0027015144,0.19140299,-0.04274567,-0.22690642,-0.2164304,0.032269437,-0.22342847,-0.2891233,0.114337906,-0.14544496,-0.0030790134,-0.08848686,-0.07817948,-0.13677412,0.26065183
2024.02.02,600023.SH,0.2512541,-0.12652883,0.24524517,-0.13425384,-0.06943531,-0.21188849,0.14076799,-0.20647193,-0.30722627,-0.0109029785,-0.23970452,0.20207812,0.06481205,-0.114482515,-0.1591566,0.34834746
2024.02.02,600024.SH,0.12700331,-0.10760713,0.16209576,-0.15002628,0.012333479,-0.10226893,0.13390182,-0.13443206,-0.1984787,-0.056015145,-0.14511392,0.20018828,0.2247533,-0.11849259,-0.08542202,0.31241217
2024.02.05,000001.SZ,-0.3764754,0.17408454,-0.41426843,0.29614747,0.2631085,0.29326516,-0.3488292,0.33520058,0.25659135,0.14039169,0.33503342,-0.079210825,0.40980297,0.29626524,0.12170631,-0.41048864
2024.02.05,000002.SZ,0.06036774,0.013368423,0.021492826,0.036174584,-0.061082177,-0.07881365,-0.039589718,-0.07120069,-0.122805774,0.07679889,-0.01760917,0.006631668,0.09331325,-0.021164121,-0.06543415,0.11240115
2024.02.05,000003.SZ,-0.66513497,0.29349577,-0.7091687,0.50153595,0.5322504,0.5695573,-0.52990556,0.6262543,0.56604755,0.2188754,0.5887761,-0.14764209,0.6504954,0.5141658,0.31233415,-0.7182527
2024.02.05,000004.SZ,-0.41261375,0.25421295,-0.46721578,0.34835058,0.2334784,0.32341963,-0.40727288,0.3638656,0.31748277,0.20482503,0.40371323,-0.19497569,0.39233956,0.33610052,0.16652294,-0.47511497
2024.02.05,000005.SZ,-0.33277848,0.06434104,-0.3367127,0.2256291,0.37038326,0.27463055,-0.21514949,0.3131352,0.21578826,0.1118912,0.22616892,0.11374385,0.50341916,0.26253927,0.118954,-0.30737066
2024.02.05,000006.SZ,-0.15519886,0.03934715,-0.14918637,0.09396846,0.15451394,0.10989278,-0.119015194,0.11586896,0.054457113,0.052481234,0.114183664,0.054878525,0.3291561,0.09015962,0.03131484,-0.07071454
2024.02.05,000007.SZ,-0.2433653,0.1926484,-0.27539152,0.20974304,0.051655266,0.15153515,-0.2956277,0.17267345,0.1336545,0.16399573,0.2792366,-0.20124903,0.2371611,0.18092903,0.0848237,-0.24215472
2024.02.05,000008.SZ,-0.34171933,0.110452466,-0.35837406,0.25952286,0.2898222,0.27606004,-0.2550956,0.29567373,0.25317568,0.11194292,0.28716454,-0.0018874608,0.44801307,0.22733048,0.12313182,-0.3234808
2024.02.05,000009.SZ,-0.14992082,0.08952741,-0.18286838,0.1302048,0.085549995,0.08790295,-0.18264596,0.11397537,0.058379814,0.091355264,0.1576536,-0.040962078,0.2574983,0.11478733,0.023512425,-0.11177736
2024.02.05,000010.SZ,0.30432445,-0.21779093,0.3031595,-0.19451208,-0.02255436,-0.24791293,0.2566147,-0.24436952,-0.33743057,-0.07604314,-0.3179629,0.32654646,0.10352522,-0.18045029,-0.19235381,0.44756827
2024.02.05,000011.SZ,0.35442093,-0.22474606,0.33790922,-0.16767706,-0.07563812,-0.29000545,0.24967542,-0.28378993,-0.38636467,-0.06594814,-0.35793135,0.32728338,0.0041891276,-0.18271552,-0.2436804,0.45102894
2024.02.05,000012.SZ,-0.019246168,0.0530254,-0.044948068,0.051640254,0.0089890435,-0.0077514737,-0.109743126,0.009009214,-0.060375247,0.08324733,0.054678418,-0.016582599,0.17081618,0.050324496,-0.022369333,0.022655722
2024.02.05,000013.SZ,-0.60977614,0.35763684,-0.667053,0.47820544,0.3668029,0.4999921,-0.5520816,0.5500549,0.51327455,0.24408463,0.5866355,-0.2962509,0.526732,0.46835056,0.27745247,-0.67679703
2024.02.05,000014.SZ,0.2547591,-0.088973805,0.22942223,-0.1137147,-0.12437433,-0.21669865,0.112676814,-0.21837673,-0.2993208,0.021426016,-0.20474198,0.13998929,0.0110315075,-0.11062169,-0.15860066,0.32957137
2024.02.05,000015.SZ,0.19480449,-0.20691599,0.21008733,-0.16776238,0.11039704,-0.1508345,0.21684623,-0.1453995,-0.27197212,-0.07205911,-0.25910333,0.36827695,0.24034545,-0.10373524,-0.14278015,0.36104068
2024.02.05,000016.SZ,0.54657835,-0.2881269,0.569129,-0.36324605,-0.28004125,-0.45323646,0.40140873,-0.48291716,-0.5473623,-0.10438126,-0.50502944,0.33255458,-0.13963889,-0.35020345,-0.31412113,0.67658526
2024.02.05,000017.SZ,-0.7259664,0.36036807,-0.7715257,0.57586473,0.56557626,0.6357556,-0.5999946,0.68164146,0.6406396,0.2519315,0.6641961,-0.23302305,0.67525584,0.57624686,0.35824615,-0.79257166
2024.02.05,000018.SZ,-0.62699246,0.21638392,-0.6428536,0.45129952,0.5246702,0.528076,-0.4509782,0.5717844,0.5192764,0.1733719,0.524541,-0.071299925,0.64737976,0.4522931,0.27969798,-0.6490221
2024.02.05,000019.SZ,0.13175641,-0.05382396,0.085756145,-0.014906804,0.010126088,-0.1164886,0.032703497,-0.09180472,-0.19500022,0.06215917,-0.11714571,0.15218519,0.12548478,-0.008807917,-0.10176543,0.17598206
2024.02.05,000020.SZ,-0.48295507,0.29432732,-0.55059725,0.38143733,0.2640373,0.38350922,-0.44885272,0.4287588,0.37572828,0.20868278,0.46349546,-0.2262065,0.4235773,0.37288266,0.19353405,-0.54549336
2024.02.05,000021.SZ,-0.71631837,0.38542,-0.7677268,0.5516744,0.5120955,0.6136979,-0.60719323,0.6688484,0.6233917,0.25598222,0.6648142,-0.29261202,0.64362353,0.56126636,0.35188943,-0.7767551
2024.02.05,000022.SZ,-0.4059444,0.21063708,-0.4663341,0.33904704,0.3054818,0.32923067,-0.3893224,0.37973717,0.29757568,0.17225897,0.36161086,-0.085693434,0.4194156,0.34971496,0.1359656,-0.47795692
2024.02.05,000023.SZ,-0.8434405,0.60638636,-0.90133965,0.71661216,0.5470567,0.75581807,-0.7843523,0.8082527,0.77668476,0.3880431,0.8303041,-0.5616399,0.67447066,0.7136153,0.47938016,-0.90956134
2024.02.05,000024.SZ,-0.63452774,0.3626931,-0.6870614,0.5095604,0.39293584,0.51965183,-0.5755788,0.5831974,0.5229681,0.26043576,0.60086393,-0.3020513,0.538531,0.50874144,0.29288542,-0.7131736
2024.02.05,000025.SZ,-0.82056415,0.57640755,-0.8902693,0.72149444,0.53792703,0.7313071,-0.7706742,0.7958239,0.757437,0.3889099,0.80985016,-0.5246644,0.646746,0.70454764,0.4433781,-0.9033083
2024.02.05,600000.SH,-0.7028226,0.5009921,-0.79351896,0.61008984,0.3829857,0.59823954,-0.6869959,0.6726273,0.6241869,0.35636306,0.7080452,-0.46192965,0.5259655,0.60013986,0.34596375,-0.81241506
2024.02.05,600001.SH,-0.8232414,0.54373974,-0.87733877,0.6817342,0.5787997,0.7346894,-0.7513321,0.7926249,0.7463335,0.35185102,0.7967849,-0.46088266,0.6926829,0.6978308,0.45481434,-0.891831
2024.02.05,600002.SH,0.033786472,-0.035310663,-0.018765677,0.0636103,0.11693243,-0.023260185,-0.022886299,0.012521335,-0.10307323,0.07688909,-0.06198907,0.183152,0.22111543,0.07407336,-0.0659985,0.04199749
2024.02.05,600003.SH,-0.29643747,0.10094982,-0.32158446,0.224638,0.31553844,0.24241121,-0.25444648,0.2932354,0.18027885,0.1218478,0.21908288,0.06602289,0.44197118,0.26761004,0.09787469,-0.30891058
2024.02.05,600004.SH,-0.46024916,0.19269279,-0.4942582,0.3327774,0.36734742,0.37572342,-0.38402432,0.42098907,0.347176,0.14114054,0.39787808,-0.06903694,0.50179195,0.3501788,0.17553096,-0.49115956
2024.02.05,600005.SH,0.41551208,-0.16218874,0.39629194,-0.22079328,-0.2470277,-0.3483657,0.23939799,-0.366941,-0.4159354,-0.03168111,-0.33797154,0.1835327,-0.11694863,-0.24537149,-0.24211486,0.51474065
2024.02.05,600006.SH,-0.81399983,0.55287623,-0.88075507,0.69157577,0.5533622,0.72394276,-0.7429655,0.78407526,0.74480796,0.37135345,0.7911434,-0.4790531,0.6681466,0.68531895,0.44526064,-0.888565
2024.02.05,600007.SH,0.4048892,-0.16292487,0.39637274,-0.22684526,-0.21845955,-0.33634555,0.22499746,-0.35709637,-0.4276108,-0.0393375,-0.34051377,0.20098297,-0.09983432,-0.22603656,-0.24066652,0.5031589
2024.02.05,600008.SH,-0.85679257,0.6064683,-0.9127076,0.74322265,0.6103948,0.7790188,-0.79778945,0.83539873,0.7948946,0.39850587,0.8358135,-0.52595305,0.70673275,0.74634147,0.48899353,-0.9251381
2024.02.05,600009.SH,0.44448015,-0.25122926,0.4565253,-0.2990454,-0.17896472,-0.35959452,0.3481182,-0.38758063,-0.45244834,-0.09549672,-0.41702527,0.3185754,-0.026927933,-0.28565687,-0.2536611,0.590738
2024.02.05,600010.SH,-0.6794523,0.40192038,-0.7348435,0.55387133,0.45139286,0.57844156,-0.6235983,0.6379747,0.58182085,0.28024235,0.6481286,-0.3168112,0.5790734,0.5640715,0.3225391,-0.769264
2024.02.05,600011.SH,-0.64305395,0.40176263,-0.72034365,0.52715683,0.38318217,0.5391393,-0.6002685,0.59935063,0.5483234,0.27951357,0.6264492,-0.33429977,0.5290939,0.5226852,0.29469597,-0.7346449
2024.02.05,600012.SH,-0.1465947,-0.047236394,-0.094963804,0.026202353,0.24634618,0.10169686,-0.05272599,0.113271534,0.018773023,-0.019677676,0.047562085,0.1870677,0.39218953,0.07714741,0.0051394696,-0.0013431079
2024.02.05,600013.SH,0.060324203,-0.061347723,0.09979621,-0.09561931,0.05995212,-0.054018103,0.05035604,-0.06840522,-0.14574616,-0.027595043,-0.09013989,0.1627214,0.23212045,-0.042085614,-0.06276047,0.2104281
2024.02.05,600014.SH,-0.39324006,0.11073402,-0.42140445,0.29830858,0.3727472,0.32382113,-0.30401838,0.3669024,0.27367866,0.110906154,0.30108544,0.051703043,0.4903747,0.30468535,0.12511379,-0.41376826
2024.02.05,600015.SH,-0.70908934,0.4220514,-0.7722515,0.5872631,0.47544336,0.60571533,-0.64391947,0.6731083,0.6118609,0.29028872,0.6735145,-0.33232385,0.59368,0.5842267,0.3389813,-0.79793656
2024.02.05,600016.SH,0.42622256,-0.19344638,0.45020005,-0.271555,-0.23366822,-0.36311045,0.2615032,-0.38802782,-0.46358567,-0.064416125,-0.3785983,0.22472864,-0.101593435,-0.2564728,-0.2504504,0.55217224
2024.02.05,600017.SH,0.4893809,-0.2649069,0.5125616,-0.31622005,-0.23382273,-0.40928477,0.3508038,-0.43135744,-0.49677715,-0.1026038,-0.458456,0.31275985,-0.10255149,-0.31106362,-0.29306978,0.62423176
2024.02.05,600018.SH,-0.7846146,0.54831004,-0.8454551,0.64535594,0.4853336,0.6925546,-0.7396905,0.7535762,0.70221066,0.34624904,0.7665861,-0.47727007,0.6240087,0.67190546,0.41487074,-0.86986595
2024.02.05,600019.SH,-0.6076155,0.37075296,-0.653635,0.44297042,0.3277504,0.4998375,-0.5398961,0.5286971,0.50034094,0.22942875,0.58645,-0.31590143,0.5200583,0.4464037,0.28218716,-0.6556831
2024.02.05,600020.SH,-0.8257963,0.5652859,-0.8856543,0.7012987,0.5368548,0.73638254,-0.76192605,0.7856582,0.7634314,0.35167438,0.8118619,-0.5185017,0.67132074,0.68228126,0.44494012,-0.8942956
2024.02.05,600021.SH,-0.3691284,0.2693696,-0.4474024,0.31603366,0.17436987,0.2838077,-0.4082474,0.3372703,0.28180274,0.2117072,0.38844508,-0.22099423,0.34523317,0.31978732,0.14947371,-0.44206712
2024.02.05,600022.SH,-0.2538948,0.2560586,-0.3616091,0.31583753,0.037684016,0.17528434,-0.37228173,0.23957053,0.15602818,0.26728147,0.31432554,-0.25040275,0.18547669,0.28442514,0.09545454,-0.37632677
2024.02.05,600023.SH,0.24704856,-0.12686937,0.24224102,-0.13863681,-0.05457527,-0.20295945,0.14275773,-0.19900559,-0.30064484,-0.015232897,-0.23858215,0.21166682,0.083793305,-0.111324914,-0.15359226,0.34618953
2024.02.05,600024.SH,-0.28046325,0.14667831,-0.29632494,0.1581577,0.15908977,0.21191412,-0.24263282,0.21866596,0.16917296,0.09686625,0.26186636,-0.07084721,0.37889984,0.17147566,0.10533221,-0.22370577
2024.02.06,000001.SZ,-0.62352633,0.3233962,-0.6730357,0.48858044,0.43731016,0.52444607,-0.54972595,0.58046323,0.51393735,0.2238732,0.574132,-0.21800037,0.5657752,0.5000867,0.27211508,-0.6998404
2024.02.06,000002.SZ,-0.11226351,0.048654012,-0.13676894,0.11734526,0.0841921,0.061622396,-0.118821084,0.07862198,0.022274695,0.093434475,0.10095556,0.00923177,0.25425777,0.07973357,0.013112993,-0.055457015
2024.02.06,000003.SZ,-0.26052028,0.089830235,-0.28778145,0.19168861,0.24689752,0.20395863,-0.21187775,0.23576137,0.15220319,0.11911472,0.21172811,0.030909382,0.40916514,0.20455827,0.09071679,-0.2355393
2024.02.06,000004.SZ,0.22718245,-0.0698398,0.21001562,-0.109199464,-0.096386,-0.18928781,0.11035936,-0.20089065,-0.27598283,0.032406382,-0.19154957,0.1412044,0.053035684,-0.09721504,-0.13074797,0.3136645
2024.02.06,000005.SZ,-0.106926546,-0.07120993,-0.105443805,0.06638426,0.2909261,0.09350426,-0.023747286,0.13077348,-0.0010724752,0.036467455,-0.0034724642,0.2633842,0.4106498,0.11576919,0.0010523346,-0.02204196
2024.02.06,000006.SZ,0.35136515,-0.1923938,0.36155042,-0.22963414,-0.12616554,-0.28928635,0.25776687,-0.31207108,-0.39138004,-0.06452589,-0.3333356,0.2692848,0.021963678,-0.21614526,-0.20844774,0.4910613
2024.02.06,000007.SZ,0.10378117,-0.00068387564,0.0912346,-0.043498807,-0.08588498,-0.114490114,0.00511764,-0.12241473,-0.17752104,0.0637358,-0.055063296,0.021470863,0.08787107,-0.048434656,-0.0736211,0.196711
2024.02.06,000008.SZ,0.29261422,-0.16257109,0.288024,-0.16294895,-0.097689964,-0.24148256,0.20791581,-0.25340822,-0.32063663,-0.03165741,-0.27056497,0.22937843,0.04619956,-0.17482153,-0.17428644,0.41556478
2024.02.06,000009.SZ,-0.26263538,0.10566755,-0.2954862,0.20336534,0.20780803,0.1905272,-0.24045025,0.22882192,0.15712559,0.10836535,0.22992261,-0.014598329,0.36596096,0.20303814,0.07276856,-0.2483771
2024.02.06,000010.SZ,0.2729767,-0.2135518,0.27035764,-0.17586109,0.020855628,-0.21846111,0.24331087,-0.20972757,-0.31335154,-0.06535844,-0.29970092,0.3380229,0.1436528,-0.15154767,-0.17451307,0.41510275
2024.02.06,000011.SZ,0.4582304,-0.27398178,0.46273386,-0.2682227,-0.17218857,-0.38085827,0.34366938,-0.39475688,-0.4741292,-0.11071183,-0.44431823,0.34957498,-0.07007734,-0.28498667,-0.2932766,0.5844569
2024.02.06,000012.SZ,0.011780319,0.050930638,-0.021637361,0.042123385,-0.028153723,-0.033992473,-0.09576692,-0.021629484,-0.079663165,0.08290386,0.039517615,-0.028438771,0.13070323,0.027260737,-0.0383112,0.05302676
2024.02.06,000013.SZ,-0.28319174,0.13662095,-0.31183636,0.22634235,0.21855922,0.21574903,-0.26773486,0.2454153,0.17878994,0.1350462,0.25191376,-0.042182203,0.37325954,0.22382364,0.09622246,-0.28481868
2024.02.06,000014.SZ,0.26346716,-0.14537589,0.22972636,-0.11575079,-0.027877148,-0.20721617,0.1560813,-0.1904808,-0.3083109,-0.0011503058,-0.25514132,0.25734082,0.08321293,-0.09318383,-0.16913621,0.33493635
2024.02.06,000015.SZ,-0.13903348,-0.055832364,-0.12372929,0.049676575,0.29413396,0.11474473,-0.032336876,0.13751577,0.0153821455,0.029224196,0.024441082,0.24845749,0.42675155,0.11918188,0.013023579,-0.02698375
2024.02.06,000016.SZ,0.5166731,-0.2419664,0.52273285,-0.32238853,-0.2785343,-0.42422482,0.353351,-0.45425215,-0.51625943,-0.07281643,-0.45909336,0.28446314,-0.14002657,-0.3162481,-0.2907041,0.631975
2024.02.06,000017.SZ,-0.15519916,-0.001594367,-0.16603693,0.123942874,0.22945027,0.12750022,-0.09122163,0.13886884,0.05845356,0.064384826,0.08580413,0.15048486,0.36982727,0.1255685,0.018108288,-0.09773393
2024.02.06,000018.SZ,0.013688892,-0.15304413,0.028506648,-0.046927623,0.22805192,-0.0040534884,0.11144522,0.0086667305,-0.10847853,-0.031227201,-0.11820451,0.334919,0.36272958,-0.0004193205,-0.062096708,0.16926698
2024.02.06,000019.SZ,-0.04608422,-0.024308123,-0.08710322,0.09778746,0.18021584,0.03205058,-0.06537713,0.077026494,-0.04983463,0.089996204,-0.0013173848,0.17159416,0.28086174,0.117583334,-0.029279493,-0.028998714
2024.02.06,000020.SZ,-0.44600934,0.24715169,-0.52184,0.35974506,0.2808848,0.35332957,-0.40611497,0.40601343,0.33127135,0.1936923,0.41006973,-0.15185879,0.4202691,0.35885942,0.16309628,-0.5083739
2024.02.06,000021.SZ,-0.6689847,0.34977463,-0.7110702,0.48628575,0.45555392,0.5614066,-0.5548723,0.60762733,0.5722121,0.21770082,0.61883885,-0.26645228,0.6128166,0.49457663,0.31948188,-0.71084106
2024.02.06,000022.SZ,-0.1958959,0.08632572,-0.23621649,0.18675953,0.21155615,0.15721555,-0.20999618,0.18781108,0.08985267,0.110176,0.14753544,0.055801697,0.32664478,0.20765257,0.032037266,-0.21803267
2024.02.06,000023.SZ,-0.7851792,0.51738316,-0.85036916,0.65292877,0.507104,0.68741727,-0.71609527,0.7444365,0.7114734,0.33340207,0.7668603,-0.46375442,0.6372067,0.6446215,0.41257605,-0.8608548
2024.02.06,000024.SZ,0.0069767353,-0.020721411,0.012000169,0.011678693,0.082805276,-0.021557791,-0.03431914,-0.0022809913,-0.12490061,0.06938511,-0.038237303,0.122614436,0.2307013,0.05838138,-0.037596714,0.07453219
2024.02.06,000025.SZ,-0.8043576,0.5411365,-0.87274915,0.6990397,0.5410317,0.7124575,-0.7460809,0.77776814,0.7367481,0.36455685,0.78643996,-0.4738028,0.64697105,0.68358445,0.42512965,-0.88829315
2024.02.06,600000.SH,-0.607507,0.4726979,-0.7156431,0.5452905,0.23906632,0.49124205,-0.63833344,0.56876826,0.5319184,0.34525126,0.6450374,-0.4755201,0.40492287,0.51662385,0.28679737,-0.73396397
2024.02.06,600001.SH,-0.66227335,0.3845318,-0.71376157,0.5099936,0.42990023,0.5589876,-0.5951678,0.6118434,0.5583689,0.26446283,0.6309123,-0.3067769,0.58117616,0.5341695,0.31755504,-0.73470104
2024.02.06,600002.SH,0.11564874,-0.050503984,0.05932613,0.018943055,0.047417216,-0.09291218,0.021101806,-0.05958898,-0.17887855,0.08055045,-0.12159073,0.18324386,0.15403637,0.03128215,-0.096178256,0.1286519
2024.02.06,600003.SH,-0.49057037,0.21277985,-0.5376503,0.37985885,0.41647694,0.41001594,-0.42323932,0.47534716,0.3846123,0.17451951,0.4211471,-0.054004718,0.5319447,0.40875664,0.1947187,-0.5545196
2024.02.06,600004.SH,-0.509012,0.22711319,-0.5447579,0.37133026,0.3739679,0.41312197,-0.42565018,0.4579373,0.40537167,0.14553893,0.45648718,-0.12778729,0.5167402,0.37141144,0.20128272,-0.5434458
2024.02.06,600005.SH,0.27255592,-0.13694097,0.24761896,-0.12219889,-0.09768119,-0.22480163,0.16070384,-0.2286425,-0.2962118,-0.013184674,-0.2348577,0.19658124,0.02712963,-0.14470367,-0.17683315,0.36528283
2024.02.06,600006.SH,-0.82851774,0.56059957,-0.8888143,0.6968676,0.5695341,0.74054354,-0.7499048,0.79464775,0.76367706,0.36070853,0.8047339,-0.4893486,0.6883279,0.6893158,0.46078667,-0.8950105
2024.02.06,600007.SH,0.1703662,-0.01501457,0.14036319,-0.056378514,-0.115240976,-0.14933482,0.017526098,-0.15886855,-0.21685755,0.042597156,-0.099213555,0.042912267,0.02874231,-0.072966926,-0.11352688,0.22933538
2024.02.06,600008.SH,-0.8382403,0.5782234,-0.8977725,0.7272984,0.58725035,0.7569799,-0.77871495,0.8137809,0.7770184,0.3829458,0.81852275,-0.5010219,0.68966186,0.7244528,0.4619459,-0.9123268
2024.02.06,600009.SH,0.2887719,-0.1338732,0.28772378,-0.18887646,-0.117534705,-0.23408523,0.19845574,-0.258012,-0.320639,-0.024880974,-0.25455225,0.19830164,0.052988954,-0.16951166,-0.16285849,0.42071456
2024.02.06,600010.SH,-0.6684152,0.39049333,-0.7201564,0.5507419,0.44375128,0.5657664,-0.61716044,0.62501997,0.5720128,0.27407533,0.63758045,-0.31061304,0.5686242,0.5544327,0.3128606,-0.7604068
2024.02.06,600011.SH,-0.5806863,0.3610998,-0.65685016,0.46519563,0.32044977,0.4748786,-0.5484773,0.5287221,0.48711553,0.24654008,0.5747268,-0.30817133,0.4879389,0.4555631,0.25472075,-0.661243
2024.02.06,600012.SH,0.37862715,-0.28047928,0.41386083,-0.28192073,-0.056163214,-0.31327564,0.33106416,-0.32428664,-0.4266179,-0.1321221,-0.40488246,0.38431552,0.06780279,-0.2445847,-0.24048696,0.55127996
2024.02.06,600013.SH,0.32286727,-0.18439677,0.37447694,-0.28126818,-0.11863724,-0.26794443,0.25573635,-0.30703402,-0.37304297,-0.10017481,-0.31419283,0.25066707,0.06288046,-0.22891657,-0.18513986,0.510657
2024.02.06,600014.SH,-0.40541506,0.15004122,-0.43323946,0.31403756,0.33118832,0.32595623,-0.34281462,0.36267528,0.28001118,0.12744452,0.33741954,-0.026154572,0.45664147,0.31063718,0.13117854,-0.43527463
2024.02.06,600015.SH,-0.7785872,0.47946018,-0.8384762,0.6567744,0.54955816,0.6831251,-0.7050633,0.7480857,0.6930095,0.32763153,0.7435712,-0.38680872,0.65232027,0.6538207,0.39920965,-0.86059976
2024.02.06,600016.SH,0.47362384,-0.22253945,0.4896715,-0.29286575,-0.25079083,-0.3982472,0.30600417,-0.42544943,-0.5005991,-0.07957599,-0.42698404,0.267374,-0.1286059,-0.28722578,-0.28152356,0.5927871
2024.02.06,600017.SH,0.5386823,-0.2912755,0.5625676,-0.34961537,-0.27038786,-0.4523259,0.39080003,-0.4751959,-0.54059136,-0.112722084,-0.5043943,0.336568,-0.1418314,-0.34680727,-0.32225385,0.6692682
2024.02.06,600018.SH,-0.7666858,0.5544196,-0.83417,0.63932663,0.4459018,0.669641,-0.7418378,0.7377404,0.6771973,0.3602093,0.7563054,-0.49781042,0.5830483,0.6669003,0.39845112,-0.8627601
2024.02.06,600019.SH,-0.80463463,0.5253865,-0.8550875,0.648213,0.52673936,0.70980674,-0.722051,0.75412714,0.72511107,0.32280847,0.7778342,-0.46433595,0.67050177,0.6521358,0.43509638,-0.8665567
2024.02.06,600020.SH,-0.80160266,0.54556584,-0.86600244,0.6875331,0.49466056,0.70661694,-0.7477852,0.7560206,0.74102294,0.344456,0.7944797,-0.5160063,0.6356196,0.6564634,0.41583902,-0.87829864
2024.02.06,600021.SH,-0.27676955,0.2284972,-0.35864738,0.2679443,0.114363134,0.20446342,-0.34467965,0.2504736,0.18949905,0.20435563,0.30852,-0.18595758,0.28010207,0.2610669,0.10625118,-0.34342372
2024.02.06,600022.SH,-0.38827813,0.31548467,-0.5049842,0.40051258,0.12442533,0.28994936,-0.45868483,0.3647511,0.2855602,0.29331002,0.42967635,-0.3004169,0.27455863,0.37079188,0.15584148,-0.51891553
2024.02.06,600023.SH,0.07617775,0.007950321,0.044986174,0.010922539,-0.015324421,-0.07245317,-0.043815248,-0.05427196,-0.14306468,0.06935422,-0.05029572,0.054326203,0.12703758,0.014749215,-0.06803817,0.1070865
2024.02.06,600024.SH,-0.7619668,0.46580663,-0.8181562,0.5964579,0.5155112,0.6663674,-0.66948205,0.7186278,0.67377883,0.2881927,0.72496563,-0.36825144,0.65775824,0.60903543,0.39398798,-0.82647574
2024.02.07,000001.SZ,-0.73527145,0.443555,-0.7892018,0.59739244,0.48543787,0.6341736,-0.6671744,0.6893874,0.64390695,0.28586426,0.70447695,-0.37154737,0.61383706,0.59928334,0.3593555,-0.8152909
2024.02.07,000002.SZ,0.25689197,-0.12125159,0.25216815,-0.14701085,-0.10766955,-0.22817568,0.16225153,-0.23436329,-0.31082618,-0.0018946655,-0.22992119,0.17639488,0.052587796,-0.14693116,-0.15148912,0.37984866
2024.02.07,000003.SZ,-0.5228244,0.2381593,-0.5617772,0.38072786,0.38749713,0.42965335,-0.42528343,0.4742323,0.41580233,0.18689656,0.4663215,-0.12382954,0.54357547,0.3901119,0.22915098,-0.5555401
2024.02.07,000004.SZ,0.044782035,-0.023665704,0.017188111,0.028741324,0.063056424,-0.04037997,-0.0144962985,-0.027901983,-0.12719631,0.070530444,-0.057955056,0.13432166,0.18907864,0.038263585,-0.06202844,0.08820166
2024.02.07,000005.SZ,0.1424784,-0.14460611,0.13236223,-0.07770173,0.10974841,-0.10925353,0.12806998,-0.08690224,-0.21447171,-0.009381663,-0.1921392,0.29645282,0.22840253,-0.039185748,-0.11085354,0.24886686
2024.02.07,000006.SZ,-0.055074636,-0.010760035,-0.05772289,0.037868783,0.12901938,0.03674174,-0.04596171,0.03966565,-0.043053024,0.034020904,0.01302004,0.13175395,0.28641084,0.049746994,-0.021518491,0.03177984
2024.02.07,000007.SZ,0.23316632,-0.106228136,0.22592306,-0.13902278,-0.09048109,-0.20331566,0.14514104,-0.2127145,-0.28548828,0.0052103414,-0.2046367,0.16588297,0.069846265,-0.1270328,-0.13938044,0.3535513
2024.02.07,000008.SZ,0.41078597,-0.20566097,0.42429048,-0.25776997,-0.21214356,-0.34562218,0.29063088,-0.37413895,-0.4280222,-0.061178606,-0.36797497,0.24033464,-0.06411864,-0.26693434,-0.23499292,0.54969084
2024.02.07,000009.SZ,-0.59027594,0.29854646,-0.6466802,0.46744904,0.40916923,0.48682764,-0.5102522,0.5418635,0.4937388,0.21708538,0.5471287,-0.20585214,0.5464998,0.45792478,0.25456205,-0.65686244
2024.02.07,000010.SZ,0.415835,-0.29637873,0.42887497,-0.28392538,-0.057776064,-0.333751,0.36559132,-0.33555967,-0.43991596,-0.11261244,-0.43317142,0.41142896,0.06493849,-0.25089303,-0.24632795,0.570612
2024.02.07,000011.SZ,0.42019823,-0.24041858,0.41748366,-0.24691367,-0.15934512,-0.34772146,0.31083128,-0.36278582,-0.43723634,-0.09108435,-0.40001842,0.31469315,-0.042740554,-0.25780302,-0.26411235,0.54738826
2024.02.07,000012.SZ,0.387726,-0.19896151,0.38855276,-0.24182403,-0.15158111,-0.31908697,0.26255602,-0.332145,-0.41381094,-0.05921448,-0.35463122,0.26467782,-0.019980982,-0.22351488,-0.22731635,0.51311755
2024.02.07,000013.SZ,-0.25731736,0.13436893,-0.27533737,0.19039482,0.1902389,0.19358893,-0.24610654,0.21570304,0.15720713,0.12558177,0.237689,-0.0518037,0.35966608,0.19752376,0.092894495,-0.23996213
2024.02.07,000014.SZ,0.32198155,-0.1298931,0.2736475,-0.12290832,-0.105334185,-0.25498715,0.15893073,-0.24394357,-0.35785252,0.02473164,-0.2815261,0.2238684,-0.0044977027,-0.11099082,-0.19411287,0.3661872
2024.02.07,000015.SZ,-0.28814125,0.033487994,-0.2824831,0.15818283,0.3423412,0.231547,-0.1604975,0.26092303,0.16165912,0.07972072,0.17929214,0.14407773,0.48678613,0.21289803,0.09276032,-0.21733022
2024.02.07,000016.SZ,0.07009667,0.077980615,0.027508454,0.024567654,-0.10972868,-0.07208571,-0.08520849,-0.07313888,-0.11455565,0.109873764,0.015399416,-0.076161146,0.066534504,-0.0016939996,-0.042192157,0.09199995
2024.02.07,000017.SZ,-0.6227143,0.28571635,-0.66224444,0.49256507,0.46162277,0.5257319,-0.5093025,0.5643047,0.5297653,0.20898455,0.5661476,-0.18733273,0.588028,0.4701368,0.27393615,-0.6824957
2024.02.07,000018.SZ,0.25311247,-0.23820627,0.26115796,-0.192988,0.078289114,-0.19114006,0.26826784,-0.19156225,-0.30727583,-0.08568423,-0.30580124,0.39360693,0.21261269,-0.1461106,-0.16581494,0.4178131
2024.02.07,000019.SZ,-0.34719563,0.10578726,-0.38987607,0.31040767,0.3481328,0.2794331,-0.2890534,0.3373435,0.23402482,0.15915155,0.26701793,0.046399128,0.44437376,0.31345287,0.10955677,-0.39627248
2024.02.07,000020.SZ,-0.75497586,0.4821774,-0.825025,0.6184723,0.4909341,0.6543721,-0.67545384,0.713535,0.668313,0.31268135,0.7240702,-0.40664467,0.61152357,0.6147236,0.37609777,-0.83330446
2024.02.07,000021.SZ,-0.258249,0.06065843,-0.26153666,0.13814762,0.25785393,0.19562916,-0.18608502,0.22673902,0.14154668,0.059719972,0.18982323,0.06431735,0.42904752,0.17575528,0.07556102,-0.18790999
2024.02.07,000022.SZ,-0.6947442,0.3996146,-0.7564384,0.5627299,0.49311286,0.6005736,-0.6220748,0.65480757,0.60875535,0.2665862,0.6536118,-0.29629454,0.602685,0.57133746,0.32529646,-0.78229046
2024.02.07,000023.SZ,-0.7944852,0.50129586,-0.8533629,0.65487075,0.5413102,0.6994708,-0.71091664,0.7530739,0.72331303,0.31668487,0.7692088,-0.43987784,0.6637957,0.6477646,0.41931522,-0.8643419
2024.02.07,000024.SZ,-0.34598556,0.10267854,-0.34309343,0.23109712,0.32233357,0.27305326,-0.26700684,0.3122002,0.20760468,0.12361601,0.25964034,0.03288708,0.46848232,0.27686957,0.12519082,-0.33151358
2024.02.07,000025.SZ,-0.75769264,0.45831165,-0.8223699,0.6362599,0.5309567,0.66245294,-0.6777645,0.72678274,0.67608076,0.32203767,0.7212536,-0.36019838,0.6420189,0.6317011,0.38220766,-0.84140825
2024.02.07,600000.SH,-0.7761568,0.5497675,-0.8547336,0.6736533,0.47743672,0.680728,-0.73801357,0.74877834,0.7050635,0.38405862,0.77033585,-0.49897462,0.6012184,0.66769797,0.4076353,-0.8709299
2024.02.07,600001.SH,-0.59271234,0.3351301,-0.6411588,0.46344665,0.3833979,0.492549,-0.5362581,0.5412528,0.48273522,0.25325412,0.5582248,-0.25610748,0.5342055,0.48266673,0.27289835,-0.6672728
2024.02.07,600002.SH,-0.14851518,0.070113875,-0.22810946,0.21952404,0.19357727,0.11608834,-0.19839533,0.18012679,0.052193794,0.16467898,0.11482308,0.07108076,0.28889456,0.22555837,0.018031036,-0.22123641
2024.02.07,600003.SH,0.13007882,-0.057317626,0.084143266,-0.01567734,0.032582726,-0.10378722,0.019256923,-0.07054162,-0.1933796,0.03773508,-0.12842618,0.17608947,0.14790517,0.003389581,-0.10790882,0.15842985
2024.02.07,600004.SH,-0.3051288,0.10597701,-0.3307583,0.22735983,0.25812808,0.23327897,-0.26242065,0.26978335,0.20547044,0.082534075,0.26083004,-0.0022800209,0.40206856,0.22184694,0.08078269,-0.29947495
2024.02.07,600005.SH,0.38654685,-0.22330676,0.38803613,-0.22300078,-0.1433886,-0.31814134,0.278701,-0.33106214,-0.4051279,-0.06479925,-0.36073744,0.28532535,-0.019894226,-0.23178779,-0.23767447,0.51112217
2024.02.07,600006.SH,-0.8500901,0.5685561,-0.9052189,0.72629744,0.6167142,0.76888007,-0.7672989,0.82040936,0.7887963,0.3691359,0.8222452,-0.48756084,0.7171717,0.7183716,0.48000252,-0.91320366
2024.02.07,600007.SH,-0.092313394,0.05232811,-0.11374559,0.09472976,0.09570668,0.06411521,-0.13537544,0.079007566,0.0049898284,0.07524828,0.09728086,0.021865634,0.2510864,0.08948435,0.0025319776,-0.05550587
2024.02.07,600008.SH,-0.3063744,0.1839334,-0.3779138,0.3050569,0.20137925,0.24659975,-0.33054215,0.28968924,0.22525343,0.17993438,0.30122605,-0.09891428,0.34233156,0.28062254,0.09940268,-0.38042754
2024.02.07,600009.SH,-0.5392511,0.25355563,-0.57474184,0.39979905,0.37754542,0.44135135,-0.4443318,0.48363498,0.43201143,0.19386376,0.48610562,-0.15989272,0.5317429,0.4033671,0.23128106,-0.57744235
2024.02.07,600010.SH,-0.023287874,0.055234693,-0.044596523,0.08673888,0.040606882,0.0034554687,-0.13070834,0.03195439,-0.07050835,0.10336413,0.034578517,0.014862147,0.16442317,0.103699975,-0.029534051,-0.031710546
2024.02.07,600011.SH,-0.73169065,0.45872396,-0.7982211,0.5907654,0.46773183,0.6321252,-0.6654721,0.6862136,0.65062815,0.2937098,0.71138275,-0.38999423,0.6101584,0.58928394,0.3619918,-0.8104723
2024.02.07,600012.SH,0.35107714,-0.25276434,0.37620434,-0.24729644,-0.031966772,-0.28446957,0.29098183,-0.28953466,-0.4079262,-0.104956456,-0.37790036,0.3720027,0.08127699,-0.20195167,-0.223406,0.50280285
2024.02.07,600013.SH,0.41101852,-0.23503117,0.45178553,-0.320492,-0.15323284,-0.33381706,0.32493207,-0.3727425,-0.45123437,-0.112082615,-0.40061444,0.31459022,0.011433066,-0.26879603,-0.23591422,0.5807159
2024.02.07,600014.SH,-0.55547714,0.25450528,-0.5821243,0.41147676,0.38510984,0.45487702,-0.46490917,0.48671195,0.44233742,0.165257,0.50359774,-0.16614808,0.53350896,0.40066573,0.22743513,-0.5931051
2024.02.07,600015.SH,-0.4642071,0.26342982,-0.5306744,0.39172062,0.30277234,0.36791137,-0.45349315,0.43520525,0.34763318,0.21313281,0.43624604,-0.17368397,0.43075565,0.39288086,0.17956062,-0.5483509
2024.02.07,600016.SH,0.38544735,-0.14743698,0.37516263,-0.1941362,-0.20014082,-0.325761,0.19547594,-0.33614886,-0.43020952,-0.025625566,-0.33651185,0.20394501,-0.09375235,-0.19397894,-0.23579463,0.46438578
2024.02.07,600017.SH,0.52964824,-0.27668628,0.5518971,-0.3410957,-0.2639424,-0.44251144,0.37529713,-0.4648833,-0.53642184,-0.10072454,-0.49360758,0.32799062,-0.13963175,-0.32917064,-0.31462246,0.6554418
2024.02.07,600018.SH,-0.73660994,0.52717245,-0.8023659,0.6005707,0.3983633,0.6299759,-0.7140101,0.6960705,0.63612807,0.3338565,0.7269381,-0.48778015,0.54902124,0.6246593,0.369893,-0.83094734
2024.02.07,600019.SH,-0.67186105,0.40818146,-0.71746176,0.49973124,0.3841371,0.5615687,-0.5919737,0.59650236,0.5667524,0.25278008,0.6466769,-0.35864383,0.56582534,0.5027434,0.3258495,-0.72419095
2024.02.07,600020.SH,-0.60248506,0.3681184,-0.6613093,0.49558303,0.31449994,0.49018332,-0.5622629,0.5276187,0.5308789,0.23511852,0.60257035,-0.35335174,0.48772603,0.438335,0.26460043,-0.67229235
2024.02.07,600021.SH,-0.65010166,0.4116614,-0.73052686,0.5415857,0.39883518,0.54737324,-0.61015713,0.61281717,0.56004953,0.2949084,0.6332784,-0.34285712,0.53507245,0.5410993,0.30385134,-0.7484221
2024.02.07,600022.SH,-0.6703291,0.47221753,-0.7711395,0.59522796,0.35284126,0.56252146,-0.65197444,0.64215225,0.57904756,0.36149257,0.67448986,-0.43308505,0.49207008,0.5767494,0.32362658,-0.7881478
2024.02.07,600023.SH,-0.24574411,0.19923413,-0.3046605,0.24814534,0.10093104,0.1734761,-0.32703167,0.2214056,0.15890974,0.17186119,0.27231956,-0.16400409,0.25414804,0.22826587,0.08013307,-0.30363947
2024.02.07,600024.SH,-0.7840698,0.5393148,-0.8415915,0.6246031,0.4591713,0.68550456,-0.71986765,0.73121643,0.7014993,0.32455552,0.7692449,-0.4925192,0.63120776,0.6300453,0.4191107,-0.8505563
2024.02.08,000001.SZ,-0.6738743,0.37496212,-0.7200663,0.53377944,0.45407367,0.5706822,-0.6050787,0.6240854,0.5758649,0.24111769,0.6362341,-0.2930255,0.58350646,0.53610176,0.30927083,-0.75076294
2024.02.08,000002.SZ,0.10691871,-0.06215591,0.106498115,-0.06558478,-0.010141457,-0.11268324,0.060474258,-0.10802873,-0.18614163,0.025512652,-0.106597155,0.13312235,0.16720697,-0.05743358,-0.079469234,0.22883515
2024.02.08,000003.SZ,-0.66405475,0.36873236,-0.725139,0.53223157,0.45302734,0.5619766,-0.58222556,0.6202835,0.57512045,0.26295418,0.6287944,-0.2813412,0.59001374,0.5247606,0.3166268,-0.73959565
2024.02.08,000004.SZ,-0.6418425,0.28954294,-0.6747331,0.50243396,0.5002574,0.54681575,-0.5252021,0.59116924,0.53837574,0.21712537,0.5683098,-0.16443674,0.61484045,0.5001466,0.29074028,-0.70405096
2024.02.08,000005.SZ,-0.08177863,-0.04875108,-0.096984535,0.07675088,0.24050021,0.06741808,-0.052175093,0.109926745,-0.018194683,0.045943625,0.00466987,0.2126804,0.35321414,0.10914752,-0.012534796,-0.024767853
2024.02.08,000006.SZ,0.12424396,-0.053805515,0.120611325,-0.07640077,-0.021474522,-0.11202123,0.062497877,-0.12719902,-0.19788188,0.011817199,-0.11684186,0.1401223,0.14767165,-0.06756022,-0.094642855,0.23606265
2024.02.08,000007.SZ,-0.6713053,0.33809718,-0.7160336,0.53084517,0.48248398,0.5690892,-0.5625457,0.61403215,0.58607537,0.24310043,0.6250397,-0.25678807,0.6162772,0.5137175,0.31934497,-0.7323695
2024.02.08,000008.SZ,0.38202512,-0.23961283,0.41606426,-0.27864495,-0.14038393,-0.31942633,0.3139865,-0.3467824,-0.41043645,-0.10176162,-0.3732442,0.29813886,0.017761292,-0.2641682,-0.22487076,0.55382025
2024.02.08,000009.SZ,-0.59206355,0.26711705,-0.6368999,0.46472096,0.45424557,0.49626207,-0.49241734,0.5497063,0.4897713,0.21090867,0.5286515,-0.14354536,0.5799386,0.46815044,0.2583025,-0.6570327
2024.02.08,000010.SZ,0.3639772,-0.23605417,0.38679832,-0.2675764,-0.07379592,-0.29354858,0.3042389,-0.30733788,-0.40070832,-0.08563647,-0.3675785,0.33401307,0.07337448,-0.22091334,-0.20772123,0.52522254
2024.02.08,000011.SZ,0.15502337,-0.14065345,0.13703643,-0.07378709,0.05685714,-0.1285443,0.122704715,-0.115217626,-0.2107788,-0.035398655,-0.18809536,0.26637876,0.17259829,-0.069289155,-0.13937284,0.2607072
2024.02.08,000012.SZ,0.32391515,-0.15914416,0.31710112,-0.19056447,-0.10475862,-0.2646007,0.19946402,-0.26991096,-0.36270922,-0.034160826,-0.29650253,0.23770218,0.020296102,-0.16440162,-0.19488072,0.4323938
2024.02.08,000013.SZ,-0.6571063,0.3757994,-0.70753205,0.51829326,0.43872935,0.5531584,-0.58790654,0.6048544,0.5713479,0.25617996,0.6288821,-0.3040453,0.5793523,0.5176095,0.31720978,-0.72991836
2024.02.08,000014.SZ,0.086211376,-0.014287254,0.020635974,0.04438624,0.030928943,-0.06619607,-0.035665154,-0.0354128,-0.15227705,0.089195475,-0.06995666,0.1235972,0.13822547,0.05539268,-0.08640089,0.073522165
2024.02.08,000015.SZ,-0.48623693,0.124226116,-0.49888203,0.3242207,0.47394428,0.40810066,-0.32631585,0.45471805,0.36517385,0.13619195,0.36682403,0.06652572,0.59512746,0.36977392,0.19621678,-0.48779875
2024.02.08,000016.SZ,-0.19703287,0.23636752,-0.25605163,0.21062225,-0.026715055,0.12743203,-0.31392902,0.14466473,0.13438997,0.19075046,0.2816303,-0.26190722,0.1726251,0.16358578,0.08329864,-0.23583457
2024.02.08,000017.SZ,-0.1294722,-0.053563934,-0.13421056,0.10189611,0.2515929,0.10508139,-0.04778181,0.1252031,0.03442627,0.03212575,0.037191004,0.2129594,0.37137628,0.10675826,-0.009957938,-0.05620327
2024.02.08,000018.SZ,-0.018291852,-0.09750766,-0.014465111,-0.007954875,0.2165092,0.026167206,0.042129673,0.037534446,-0.07375115,0.0020747415,-0.061653048,0.27109286,0.35399845,0.0394225,-0.03885369,0.097606346
2024.02.08,000019.SZ,-0.22140643,0.006030425,-0.23923717,0.18474394,0.32610098,0.17977819,-0.14700384,0.22886461,0.100291416,0.1034514,0.115337454,0.17918709,0.42434528,0.22004935,0.04843197,-0.20751166
2024.02.08,000020.SZ,-0.75323546,0.49018243,-0.8288219,0.6206957,0.4932361,0.65284,-0.6777875,0.7175062,0.6662733,0.33180463,0.7253144,-0.41119033,0.6112117,0.6237147,0.38338253,-0.8356076
2024.02.08,000021.SZ,-0.7077303,0.36180088,-0.7544899,0.5367506,0.52984095,0.6111835,-0.5889569,0.66483825,0.6158686,0.2382069,0.6476742,-0.24175718,0.6554199,0.55285573,0.34455383,-0.7665228
2024.02.08,000022.SZ,-0.5248526,0.26468804,-0.5719491,0.41955042,0.38687655,0.43657905,-0.46843615,0.48043904,0.42897192,0.19572388,0.4742034,-0.15312417,0.5071664,0.42540747,0.21351652,-0.5989222
2024.02.08,000023.SZ,-0.6731099,0.3622352,-0.73785824,0.5482939,0.47338492,0.5734091,-0.591929,0.6335351,0.588805,0.24547832,0.6392034,-0.2789366,0.5918345,0.53742707,0.3107585,-0.7564777
2024.02.08,000024.SZ,-0.33042094,0.11135277,-0.33222958,0.22279601,0.3089784,0.25862858,-0.2745547,0.3035677,0.19421034,0.12414096,0.25757927,0.019529784,0.4509706,0.27292725,0.120689034,-0.3227811
2024.02.08,000025.SZ,0.09539137,-0.0058513773,0.048708912,0.0063885725,0.002933788,-0.08260102,-0.013473522,-0.062899075,-0.17066178,0.091338255,-0.08133078,0.104209036,0.1434337,0.026203793,-0.07354633,0.12268464
2024.02.08,600000.SH,-0.79843676,0.5403667,-0.8682033,0.6870806,0.5367447,0.70816994,-0.73875237,0.77093315,0.7295762,0.37442,0.78090286,-0.4722501,0.64864933,0.6821261,0.42694408,-0.8826764
2024.02.08,600001.SH,-0.66995376,0.42485535,-0.7285395,0.54493576,0.38988465,0.5621389,-0.62249404,0.6116935,0.57861793,0.2966243,0.6545031,-0.38474154,0.54536676,0.54320496,0.3258387,-0.7548408
2024.02.08,600002.SH,-0.3255051,0.1270403,-0.39827353,0.3148209,0.32280147,0.2678084,-0.30352318,0.3388632,0.21206713,0.18907672,0.25740266,0.039921287,0.4214833,0.33619106,0.10287294,-0.4098032
2024.02.08,600003.SH,-0.29691306,0.19290093,-0.38476357,0.3029053,0.19486347,0.22767426,-0.35469443,0.30354086,0.20450427,0.17672491,0.29565033,-0.10496235,0.31885797,0.29618356,0.08718217,-0.3925935
2024.02.08,600004.SH,-0.45963305,0.17666352,-0.49411106,0.35091,0.35193762,0.36480635,-0.38112098,0.41340622,0.3567272,0.12303563,0.4032025,-0.07438498,0.4844704,0.33274123,0.15678087,-0.49294594
2024.02.08,600005.SH,0.44031927,-0.24417952,0.4409564,-0.24859557,-0.18139715,-0.36344004,0.31117988,-0.37489444,-0.4530805,-0.064558804,-0.4086669,0.30296823,-0.0682621,-0.25661957,-0.26669407,0.55562437
2024.02.08,600006.SH,-0.825391,0.5468223,-0.88581026,0.70652086,0.58023363,0.7398757,-0.7515766,0.792572,0.76193,0.35609436,0.80120575,-0.47436035,0.68343806,0.69576377,0.4469979,-0.8981612
2024.02.08,600007.SH,0.08378691,0.020250278,0.060545884,-0.0065986905,-0.0753686,-0.0895293,-0.046321068,-0.08857015,-0.14868996,0.06024658,-0.023666842,-0.0019441372,0.08114755,-0.024996355,-0.0716412,0.13886498
2024.02.08,600008.SH,-0.012544029,0.10805089,-0.070293136,0.10578507,-0.043827273,-0.002944893,-0.15114602,0.0065094656,-0.04324314,0.13732931,0.08394463,-0.08568949,0.1132948,0.07204731,-0.013036511,-0.03087961
2024.02.08,600009.SH,0.27027217,-0.16544329,0.27572882,-0.18530573,-0.04432136,-0.22098291,0.20766853,-0.22734338,-0.325487,-0.039059915,-0.27400804,0.26609138,0.111095496,-0.14411668,-0.16411346,0.4087847
2024.02.08,600010.SH,0.39954543,-0.17669962,0.3878016,-0.19335474,-0.16586345,-0.32981402,0.22539592,-0.32207566,-0.43164295,-0.012886608,-0.3679191,0.25508764,-0.06963014,-0.17340682,-0.23760106,0.47094086
2024.02.08,600011.SH,-0.8658338,0.61214024,-0.91712373,0.74319845,0.6070318,0.78759867,-0.80215394,0.8359932,0.8076055,0.38563666,0.8478228,-0.5498594,0.71692514,0.74217826,0.49885938,-0.9266486
2024.02.08,600012.SH,0.40333742,-0.25496984,0.4306606,-0.2818079,-0.10105882,-0.32869524,0.31007567,-0.34578583,-0.45476022,-0.11101277,-0.40738884,0.35439208,0.018137306,-0.24140616,-0.247887,0.55017847
2024.02.08,600013.SH,-0.20857173,0.07665795,-0.18937269,0.087876216,0.18574576,0.15746282,-0.16402018,0.16260323,0.08245051,0.05798703,0.15367399,0.038794033,0.3737929,0.14407794,0.061894137,-0.124598965
2024.02.08,600014.SH,-0.6644266,0.32529798,-0.6945655,0.50316864,0.46537396,0.5608404,-0.5577746,0.59564286,0.5677429,0.19787382,0.6173497,-0.24821602,0.60799694,0.48969203,0.30427817,-0.71386755
2024.02.08,600015.SH,-0.30916992,0.20092976,-0.37912723,0.28894597,0.17975633,0.2289797,-0.3523847,0.28774673,0.20106713,0.18070437,0.30848417,-0.13093267,0.31965113,0.28224653,0.10069671,-0.3767484
2024.02.08,600016.SH,-0.21889496,0.19282053,-0.27517554,0.2218295,0.077909045,0.1456505,-0.30911854,0.18879266,0.10989761,0.16112429,0.23832755,-0.14431152,0.2223669,0.21183005,0.05902117,-0.27124512
2024.02.08,600017.SH,0.39181784,-0.18299323,0.39002863,-0.20689489,-0.16772313,-0.32715717,0.22906384,-0.32550758,-0.420123,-0.03602372,-0.3585913,0.24896885,-0.064851634,-0.19248877,-0.23923549,0.48275962
2024.02.08,600018.SH,-0.632784,0.47231314,-0.7030895,0.50543964,0.2582376,0.5099114,-0.6444198,0.57390743,0.5160599,0.30179128,0.6429712,-0.4675082,0.4374223,0.5222455,0.2970885,-0.73209137
2024.02.08,600019.SH,-0.6695799,0.40852875,-0.7229526,0.517517,0.3886521,0.5613577,-0.6000942,0.6025714,0.5688394,0.25948644,0.6457571,-0.3557046,0.5567435,0.5140176,0.31837404,-0.7355394
2024.02.08,600020.SH,-0.012366868,0.061481066,-0.038290776,0.056025207,-0.030240763,-0.0132818455,-0.09402124,-0.01426644,-0.040039632,0.076121196,0.056470644,-0.045816634,0.14216858,0.017472122,-0.025648916,0.040649682
2024.02.08,600021.SH,-0.71748,0.46250167,-0.7913497,0.5998144,0.45093614,0.6151223,-0.66397953,0.67634577,0.633906,0.31932306,0.6984107,-0.40145296,0.5799024,0.5936816,0.35438922,-0.8091827
2024.02.08,600022.SH,-0.76426226,0.52574307,-0.846532,0.66304266,0.48235625,0.6678394,-0.716681,0.7418334,0.6796542,0.37968364,0.7502942,-0.45727283,0.5979297,0.6603811,0.39605573,-0.8617459
2024.02.08,600023.SH,-0.4769298,0.35773674,-0.54916763,0.40986586,0.18902566,0.36784914,-0.52035326,0.42915174,0.3908486,0.2531971,0.5064929,-0.34425825,0.35950544,0.39493772,0.20763475,-0.57368195
2024.02.08,600024.SH,-0.8281677,0.57476366,-0.885617,0.69495296,0.53755826,0.7410852,-0.76488096,0.79114646,0.7564374,0.36117032,0.8095288,-0.51456356,0.67268723,0.695763,0.4558118,-0.8972971
2024.02.09,000001.SZ,-0.60570705,0.3314771,-0.6552492,0.48806164,0.3978512,0.49983388,-0.5598979,0.558614,0.5076901,0.21796432,0.5756654,-0.2614856,0.52463657,0.48079428,0.25832987,-0.6876309
2024.02.09,000002.SZ,-0.4260135,0.12433101,-0.44228998,0.29287952,0.37975466,0.33689594,-0.30406016,0.38713437,0.30095407,0.13254376,0.3279016,0.0221876,0.52530926,0.3111722,0.1660733,-0.41624302
2024.02.09,000003.SZ,-0.6573792,0.36101267,-0.71081907,0.5166548,0.44849718,0.55524284,-0.5720757,0.6095963,0.56724536,0.24749422,0.6187554,-0.2705269,0.58799005,0.5133419,0.3102965,-0.7275399
2024.02.09,000004.SZ,0.25144824,-0.15338147,0.2604875,-0.15865727,-0.047185432,-0.20369066,0.19498187,-0.22185355,-0.30778325,-0.03242903,-0.26178336,0.25436997,0.09622152,-0.13639215,-0.16143264,0.38285506
2024.02.09,000005.SZ,0.35484716,-0.22800468,0.34465215,-0.20860417,-0.04813944,-0.28769097,0.27101338,-0.27481264,-0.3927415,-0.056623932,-0.3575359,0.3397362,0.0664358,-0.18206471,-0.21213561,0.4752767
2024.02.09,000006.SZ,-0.64900154,0.38025898,-0.7113042,0.50520444,0.40951505,0.540532,-0.57051104,0.59203607,0.549984,0.2553561,0.61628884,-0.30491188,0.55816454,0.5012362,0.30490732,-0.71762985
2024.02.09,000007.SZ,-0.30927175,0.04247568,-0.31169018,0.20699747,0.35448763,0.25243953,-0.19050953,0.28933227,0.20769957,0.08737693,0.2107754,0.119787276,0.4888777,0.23039159,0.09880721,-0.26743555
2024.02.09,000008.SZ,0.39153904,-0.25918213,0.4332833,-0.29336202,-0.12993708,-0.32745406,0.329935,-0.3526772,-0.4252439,-0.12004082,-0.39530498,0.3258566,0.02335376,-0.26853284,-0.23616135,0.56767714
2024.02.09,000009.SZ,-0.7425656,0.39617088,-0.78978944,0.60092556,0.5496543,0.6465325,-0.6347872,0.69789195,0.65998644,0.28036204,0.6949075,-0.2998862,0.6696635,0.5994631,0.37652373,-0.8127585
2024.02.09,000010.SZ,0.35732138,-0.22475177,0.37011325,-0.24605353,-0.07053399,-0.2873978,0.2836107,-0.29392996,-0.3983085,-0.062463634,-0.35595173,0.32409227,0.06789086,-0.19757953,-0.20359486,0.5012087
2024.02.09,000011.SZ,0.37535203,-0.24447499,0.37821668,-0.24241418,-0.09126558,-0.30870602,0.30279964,-0.31816563,-0.40216014,-0.1087413,-0.37803087,0.34274986,0.03452233,-0.23313124,-0.24127308,0.51949936
2024.02.09,000012.SZ,0.3358024,-0.15951382,0.33504653,-0.20818266,-0.12518993,-0.27566504,0.20887215,-0.28804767,-0.3725295,-0.043690387,-0.3036265,0.23059694,0.0074107596,-0.18209668,-0.1994407,0.45287442
2024.02.09,000013.SZ,-0.66325706,0.35044017,-0.7035825,0.5144532,0.48006558,0.56172997,-0.574854,0.6143768,0.576526,0.23659934,0.61956674,-0.2589366,0.60871136,0.5174222,0.32151365,-0.728646
2024.02.09,000014.SZ,-0.54482144,0.30909452,-0.6284032,0.47257185,0.37312892,0.4534609,-0.5168423,0.5253331,0.4494332,0.24502066,0.5180823,-0.20705365,0.4851788,0.4725775,0.22263895,-0.6559946
2024.02.09,000015.SZ,-0.4424888,0.071802095,-0.4405283,0.27682883,0.48456204,0.37870032,-0.26878786,0.41908163,0.3203547,0.10383896,0.3059332,0.14252944,0.6025851,0.33571643,0.17088446,-0.42240182
2024.02.09,000016.SZ,-0.56547385,0.4095006,-0.636032,0.46536762,0.22511442,0.4541254,-0.57406265,0.49730784,0.49180627,0.27299014,0.59594846,-0.40613818,0.42616165,0.4349286,0.2643838,-0.65061986
2024.02.09,000017.SZ,0.3156451,-0.24139223,0.31749296,-0.19493216,-0.014663045,-0.25020763,0.28432164,-0.25498858,-0.3540557,-0.08043137,-0.34596395,0.36533237,0.10233783,-0.17937496,-0.20856693,0.45597
2024.02.09,000018.SZ,-0.46434113,0.13138585,-0.4689129,0.30914438,0.4431354,0.39390117,-0.32700887,0.42598596,0.3491443,0.12633434,0.36424974,0.04295691,0.57252806,0.3492036,0.18715614,-0.46556005
2024.02.09,000019.SZ,0.4100212,-0.279192,0.40735012,-0.25515512,-0.03973623,-0.32503152,0.34339166,-0.3164389,-0.44660535,-0.082243,-0.43121597,0.4188117,0.06053912,-0.20999928,-0.24572909,0.53741646
2024.02.09,000020.SZ,-0.78084975,0.5069216,-0.85077363,0.6396396,0.5351741,0.68358666,-0.69742286,0.74838424,0.69641924,0.3397948,0.7497056,-0.4195782,0.64781755,0.65034115,0.41239092,-0.8560867
2024.02.09,000021.SZ,-0.78780097,0.46859926,-0.8380495,0.63127846,0.5650171,0.6943586,-0.68922186,0.74664813,0.71050733,0.29706427,0.74836564,-0.38128203,0.6849349,0.63658094,0.4149706,-0.85172963
2024.02.09,000022.SZ,-0.7708668,0.44453853,-0.8205049,0.63218343,0.5667197,0.6804929,-0.6768867,0.7257143,0.7016179,0.28937304,0.7298447,-0.36221927,0.67464423,0.6261117,0.3994733,-0.84449756
2024.02.09,000023.SZ,-0.67648953,0.34655854,-0.7358055,0.5499413,0.49352506,0.57921314,-0.5855945,0.637411,0.59179085,0.23876429,0.6369249,-0.25499973,0.60750157,0.5405802,0.31241614,-0.75811553
2024.02.09,000024.SZ,-0.65821284,0.3189025,-0.6917442,0.49967167,0.4997523,0.55797416,-0.55610305,0.61612594,0.55001086,0.22962771,0.59448534,-0.20047782,0.62242204,0.52383167,0.31379038,-0.72109157
2024.02.09,000025.SZ,-0.4787059,0.2868987,-0.5642545,0.4099966,0.31633636,0.390265,-0.46403486,0.4579847,0.3730171,0.24587782,0.45230508,-0.1806814,0.44954723,0.42405653,0.19544567,-0.5762847
2024.02.09,600000.SH,-0.71374667,0.48658168,-0.79626054,0.6111658,0.42266613,0.60870945,-0.6781717,0.6794748,0.63304365,0.34536916,0.7084564,-0.43972906,0.55340797,0.60189724,0.35601118,-0.8153094
2024.02.09,600001.SH,-0.33231062,0.21551108,-0.36101443,0.27069184,0.17399313,0.2485076,-0.34065166,0.27687588,0.22483744,0.18383816,0.32529458,-0.16571186,0.34406397,0.27437326,0.13235363,-0.3628601
2024.02.09,600002.SH,-0.11302423,0.031234605,-0.19063547,0.17793313,0.2180153,0.09928832,-0.14906362,0.16304927,0.007924903,0.14870757,0.059848513,0.13962963,0.31450424,0.21224816,0.0073140375,-0.1689788
2024.02.09,600003.SH,-0.6375296,0.41586906,-0.7252671,0.5511667,0.37462494,0.5335922,-0.6172129,0.6110521,0.54906577,0.2958286,0.62847877,-0.35151318,0.50262594,0.5414603,0.28576177,-0.75064135
2024.02.09,600004.SH,-0.5629664,0.19412829,-0.59054625,0.41762817,0.46678793,0.4659576,-0.4334279,0.51869416,0.4567626,0.13891385,0.47850737,-0.057913363,0.5844188,0.41171658,0.2180782,-0.6005312
2024.02.09,600005.SH,0.30650628,-0.14196533,0.27971208,-0.12516063,-0.1350149,-0.25612998,0.17317724,-0.25565806,-0.32321367,0.00087263784,-0.25932792,0.1863412,-0.018445725,-0.1541287,-0.1904051,0.3880563
2024.02.09,600006.SH,-0.6799767,0.36955932,-0.7374085,0.5511509,0.48199445,0.58400327,-0.59465927,0.6320236,0.59682393,0.24886794,0.6389323,-0.27788785,0.60059935,0.5386823,0.31607038,-0.76017123
2024.02.09,600007.SH,0.1532857,0.020904776,0.12160063,-0.026464116,-0.15291077,-0.15110345,-0.031093916,-0.14937,-0.2110826,0.072999835,-0.06755918,-0.026500909,-0.009707746,-0.05142678,-0.10249684,0.19048062
2024.02.09,600008.SH,-0.30244282,0.21967125,-0.3671325,0.30077004,0.13737825,0.23173773,-0.35099053,0.2618808,0.22090836,0.19471037,0.33137545,-0.18293647,0.29689476,0.25949278,0.113006935,-0.36991045
2024.02.09,600009.SH,-0.2998372,0.12805775,-0.3366718,0.22389087,0.23817866,0.22702135,-0.26421037,0.27133724,0.18998964,0.13291834,0.25673687,-0.022679016,0.39767236,0.24298391,0.09970236,-0.29750836
2024.02.09,600010.SH,0.40921673,-0.1887279,0.40071687,-0.20777638,-0.16285402,-0.33491662,0.24471347,-0.33051768,-0.43600827,-0.027055088,-0.38106683,0.27251717,-0.06306462,-0.18738134,-0.24290316,0.48892274
2024.02.09,600011.SH,-0.8236983,0.5437907,-0.8779367,0.69034505,0.5573226,0.7341318,-0.7513338,0.78290373,0.7626286,0.33902067,0.80486655,-0.4916923,0.68529224,0.68015397,0.44794372,-0.890338
2024.02.09,600012.SH,0.22169958,-0.10274353,0.23198633,-0.13919266,-0.06497243,-0.186143,0.10835145,-0.19987275,-0.30291346,-0.027031371,-0.21035562,0.18450524,0.07197806,-0.11012995,-0.15256578,0.32833692
2024.02.09,600013.SH,-0.35366875,0.18673198,-0.367615,0.22527018,0.20990022,0.26534772,-0.32233003,0.29233873,0.22204557,0.12390606,0.3156309,-0.10502623,0.39358804,0.25726238,0.12704058,-0.34308735
2024.02.09,600014.SH,-0.4992546,0.19202077,-0.49028295,0.33499447,0.36067048,0.40305826,-0.38586807,0.41813776,0.38912845,0.11445754,0.43881604,-0.108283356,0.5249548,0.32220763,0.19801289,-0.488744
2024.02.09,600015.SH,-0.5984325,0.36745787,-0.67961025,0.50635856,0.3720211,0.49471065,-0.5737859,0.56823313,0.49761686,0.26880407,0.58031446,-0.28742272,0.4976199,0.50412714,0.26089552,-0.70349103
2024.02.09,600016.SH,-0.71740776,0.48842818,-0.78815705,0.59896624,0.4150156,0.6103407,-0.6839335,0.6758457,0.62266773,0.3207905,0.70329696,-0.43318245,0.54500425,0.59719896,0.34675878,-0.8129819
2024.02.09,600017.SH,0.4560722,-0.23917474,0.47508436,-0.2756473,-0.19236459,-0.38119075,0.30362475,-0.38734692,-0.4843036,-0.07357199,-0.43433675,0.30797046,-0.08832152,-0.24958028,-0.27646643,0.5697529
2024.02.09,600018.SH,-0.8068403,0.58289856,-0.86818564,0.676814,0.4867409,0.7079909,-0.76968,0.7713742,0.7181585,0.37191355,0.7926551,-0.5420798,0.61596644,0.69093,0.43316987,-0.8877941
2024.02.09,600019.SH,-0.53014505,0.32785267,-0.5739258,0.39320695,0.25170878,0.4183895,-0.49190795,0.44851318,0.41988072,0.21131453,0.5231619,-0.29701373,0.44929388,0.38457954,0.22907804,-0.57431173
2024.02.09,600020.SH,0.44638002,-0.20932545,0.4497428,-0.26628175,-0.23386064,-0.37255132,0.2984691,-0.3946699,-0.4507559,-0.059073254,-0.39827904,0.2495063,-0.0972218,-0.2739226,-0.25706762,0.5685109
2024.02.09,600021.SH,-0.7430259,0.50343806,-0.8147992,0.625011,0.44720456,0.6392108,-0.69303703,0.6954634,0.66528636,0.3378698,0.731425,-0.46070218,0.5800189,0.6113181,0.37872648,-0.8313085
2024.02.09,600022.SH,-0.8140368,0.5685775,-0.88669884,0.71133024,0.54653925,0.7251705,-0.7589832,0.7950217,0.73811126,0.4042869,0.79684407,-0.4955896,0.6489978,0.7097082,0.44406673,-0.8992063
2024.02.09,600023.SH,0.12244499,0.117120914,0.05600212,0.02675434,-0.18568422,-0.1307876,-0.12652212,-0.10574904,-0.1614106,0.1442842,0.009882043,-0.15001225,-0.040433187,0.006078514,-0.058806404,0.09832403
2024.02.09,600024.SH,-0.84927714,0.6148029,-0.90367013,0.7245735,0.5379605,0.76465225,-0.79509735,0.811216,0.78340155,0.38678008,0.8370245,-0.5756772,0.67648804,0.72053367,0.4801361,-0.91494226
2024.02.12,000001.SZ,0.09632971,-0.016683111,0.08042967,-0.02644866,-0.024917867,-0.095060445,-0.016712792,-0.08219894,-0.16001922,0.025067296,-0.06995966,0.07559782,0.111566365,-0.018321028,-0.0910289,0.15562911
2024.02.12,000002.SZ,-0.38722655,0.09608941,-0.40632904,0.2768246,0.37913507,0.3097182,-0.27342033,0.3615952,0.26161563,0.12949467,0.2824832,0.06775159,0.51444614,0.30006692,0.14389655,-0.38295472
2024.02.12,000003.SZ,-0.76383597,0.46699739,-0.8216612,0.63274986,0.52886975,0.6664863,-0.6877718,0.7266496,0.6871345,0.3094846,0.7332976,-0.38947868,0.6458189,0.62853706,0.3917568,-0.8428406
2024.02.12,000004.SZ,0.20994866,-0.14715339,0.2171871,-0.13924919,-0.011129766,-0.16928993,0.17971791,-0.1842418,-0.26621655,-0.03446326,-0.22927426,0.25411418,0.14277785,-0.121129096,-0.14105742,0.34945488
2024.02.12,000005.SZ,0.31007662,-0.17065518,0.3009626,-0.18447061,-0.06813704,-0.26176065,0.20105363,-0.2479297,-0.36202967,-0.03073925,-0.2960999,0.26062575,0.05784927,-0.15190692,-0.1849801,0.42346692
2024.02.12,000006.SZ,-0.79825777,0.50580734,-0.85741884,0.6621861,0.5606195,0.7044539,-0.7120256,0.7598678,0.72166795,0.33084074,0.7647593,-0.42353716,0.6706774,0.6581876,0.4249898,-0.8698808
2024.02.12,000007.SZ,0.38890445,-0.26816544,0.39406678,-0.25377154,-0.04429318,-0.3085809,0.3311916,-0.3028997,-0.4162206,-0.08456208,-0.40546632,0.39027077,0.07667644,-0.21213195,-0.22926791,0.5297098
2024.02.12,000008.SZ,0.3712369,-0.26357323,0.40421525,-0.26937407,-0.08252534,-0.30781513,0.31724542,-0.31826618,-0.4068747,-0.12344309,-0.39026168,0.3520096,0.054914087,-0.23964147,-0.23336777,0.5383733
2024.02.12,000009.SZ,0.12670994,-0.12519711,0.117970705,-0.062470898,0.08164758,-0.09885135,0.11184125,-0.083568804,-0.19503216,0.012751853,-0.16029412,0.24994208,0.21737117,-0.03523207,-0.09324875,0.2295209
2024.02.12,000010.SZ,0.33014616,-0.20707004,0.33681414,-0.21710566,-0.053800352,-0.26351285,0.25364256,-0.26589695,-0.37728164,-0.043298654,-0.3305508,0.3103162,0.08060106,-0.16680256,-0.19020455,0.46162692
2024.02.12,000011.SZ,0.31717792,-0.20775494,0.31015432,-0.19547957,-0.04605537,-0.2588582,0.24883917,-0.26157585,-0.35549083,-0.080720074,-0.32789117,0.32521206,0.075620234,-0.17839266,-0.21137011,0.44697085
2024.02.12,000012.SZ,0.30714968,-0.15793598,0.30670154,-0.19257185,-0.09610871,-0.2535758,0.19761851,-0.26225725,-0.3490765,-0.04612899,-0.28491578,0.23438966,0.03945345,-0.16969295,-0.18694787,0.42912576
2024.02.12,000013.SZ,0.2858879,-0.13454488,0.28161076,-0.16649263,-0.08430723,-0.23907432,0.17484316,-0.23767489,-0.3294553,-0.015893476,-0.26126558,0.21409698,0.048369706,-0.14442421,-0.16574672,0.39653233
2024.02.12,000014.SZ,-0.52054465,0.28936246,-0.60334915,0.45893076,0.3596357,0.4303887,-0.4965423,0.5013677,0.41823414,0.24418305,0.49199456,-0.1868204,0.46887928,0.45673385,0.20755598,-0.6321227
2024.02.12,000015.SZ,0.057070065,-0.13521458,0.05173982,-0.044382464,0.19524865,-0.03043318,0.09006339,-0.00900686,-0.13781825,-0.013472714,-0.13045843,0.3142749,0.3201109,0.009691289,-0.07652567,0.16753706
2024.02.12,000016.SZ,-0.2986453,0.27805468,-0.35990906,0.27457044,0.038770903,0.21153489,-0.38305238,0.23830059,0.24109098,0.19968222,0.37108204,-0.30083278,0.24350096,0.2233408,0.13169621,-0.34832922
2024.02.12,000017.SZ,0.32154274,-0.22895867,0.32417813,-0.2077134,-0.031635366,-0.25799507,0.2774504,-0.26145986,-0.3597685,-0.07623186,-0.34019184,0.34423855,0.095213406,-0.18483377,-0.2032995,0.46525633
2024.02.12,000018.SZ,-0.4783925,0.17043783,-0.48911393,0.33004004,0.41249952,0.40005088,-0.3684596,0.43305647,0.37048078,0.13608272,0.4036412,-0.02981536,0.5479787,0.356684,0.19445442,-0.49305007
2024.02.12,000019.SZ,0.25495815,-0.23041989,0.24706048,-0.16458113,0.109653905,-0.1878757,0.24571507,-0.16807736,-0.32130113,-0.05052625,-0.31702644,0.41288656,0.20822044,-0.09677493,-0.16925158,0.38093093
2024.02.12,000020.SZ,-0.8933138,0.6460472,-0.94164467,0.7823848,0.6806175,0.8229498,-0.822029,0.87608814,0.83564585,0.43133724,0.86870915,-0.55897415,0.75356215,0.78690886,0.5463404,-0.9468234
2024.02.12,000021.SZ,-0.5605351,0.2541499,-0.6035366,0.42014217,0.43009356,0.46526054,-0.46969706,0.5214766,0.4571333,0.18685597,0.4980754,-0.13417453,0.5592322,0.43716025,0.23677899,-0.6143805
2024.02.12,000022.SZ,-0.66024923,0.26488844,-0.67934567,0.50399214,0.55472434,0.57146966,-0.5138726,0.61299044,0.5731674,0.19956174,0.5687144,-0.12154028,0.66189766,0.5079604,0.3119364,-0.711425
2024.02.12,000023.SZ,-0.23418914,0.02919878,-0.27252513,0.20780478,0.29354644,0.18941338,-0.19821036,0.24016118,0.13340761,0.084600426,0.17083104,0.119298846,0.39893946,0.21724966,0.039033607,-0.24474701
2024.02.12,000024.SZ,0.11590175,-0.084877804,0.119044065,-0.0749551,0.061977666,-0.09643739,0.060761802,-0.080425955,-0.20441914,0.013683609,-0.13595305,0.19998637,0.2008282,-0.023244534,-0.08637422,0.21377145
2024.02.12,000025.SZ,-0.7970348,0.533787,-0.8647996,0.6799133,0.54983103,0.7079087,-0.73696727,0.77186316,0.7200273,0.37003964,0.77264863,-0.4439749,0.6539529,0.687518,0.42236033,-0.88133913
2024.02.12,600000.SH,-0.6740909,0.41810498,-0.761245,0.58301896,0.44527057,0.57379055,-0.6257046,0.6498478,0.5887508,0.31493315,0.65135497,-0.3324261,0.5555966,0.57418233,0.31642357,-0.78199524
2024.02.12,600001.SH,0.27334854,-0.11746653,0.27438948,-0.16549103,-0.101380125,-0.22770888,0.16533093,-0.23716897,-0.32305476,-0.005673139,-0.2511497,0.19366205,0.045228515,-0.12883636,-0.15917076,0.38385215
2024.02.12,600002.SH,-0.62651753,0.33418983,-0.7131153,0.5404992,0.48141408,0.537655,-0.5630511,0.61967814,0.52412707,0.29259682,0.57331616,-0.18504055,0.57433826,0.55840296,0.2802456,-0.7408705
2024.02.12,600003.SH,-0.48586994,0.33092988,-0.597811,0.4705131,0.25899825,0.38747036,-0.5255642,0.47560954,0.39489096,0.2662703,0.49497342,-0.27386656,0.37122723,0.4420682,0.1825144,-0.6284589
2024.02.12,600004.SH,-0.55773544,0.19390622,-0.58605194,0.4142254,0.45040002,0.45810252,-0.43006516,0.5091756,0.45342523,0.14005628,0.4767732,-0.06691873,0.57420784,0.40023077,0.21318926,-0.5900479
2024.02.12,600005.SH,0.49009883,-0.22878088,0.49188828,-0.2785599,-0.28172117,-0.41495937,0.32284227,-0.43434092,-0.48797783,-0.05813613,-0.42914483,0.24763143,-0.15729341,-0.3041961,-0.2862483,0.60296047
2024.02.12,600006.SH,-0.5117336,0.20242193,-0.5337926,0.37410584,0.4028438,0.42159376,-0.4063463,0.4539606,0.4131391,0.13960236,0.44096202,-0.087478325,0.5349699,0.365167,0.19835702,-0.5384368
2024.02.12,600007.SH,0.31538913,-0.09458669,0.29872534,-0.14906582,-0.19483092,-0.27081588,0.13523906,-0.28368708,-0.35574377,0.009732155,-0.2478952,0.12276991,-0.065585814,-0.15903576,-0.1870599,0.39357054
2024.02.12,600008.SH,-0.40427804,0.2929506,-0.46033502,0.36043724,0.14408481,0.30459863,-0.4366767,0.33190322,0.3146862,0.22130558,0.43962908,-0.2938771,0.32295084,0.30986577,0.16824788,-0.47160098
2024.02.12,600009.SH,0.15695602,-0.06066174,0.121976,-0.05850318,-0.02373799,-0.13743018,0.055748284,-0.121152446,-0.21968152,0.03870264,-0.14022985,0.15173192,0.12442778,-0.037477367,-0.11222956,0.22659326
2024.02.12,600010.SH,0.45586073,-0.22783387,0.45398402,-0.2500943,-0.19044179,-0.37688518,0.29598933,-0.3754848,-0.4750206,-0.058630884,-0.42737275,0.30418566,-0.08631207,-0.23798431,-0.27150992,0.55133784
2024.02.12,600011.SH,0.04624355,0.03358368,0.015348904,0.017700935,-0.04708378,-0.060593195,-0.061914098,-0.048243493,-0.10447512,0.07274601,0.0012840994,-0.0057263365,0.12029636,0.0067636254,-0.05310236,0.09541478
2024.02.12,600012.SH,-0.5357937,0.30306563,-0.5900354,0.40407914,0.32422605,0.4289126,-0.50129414,0.48568264,0.41408297,0.18848233,0.505628,-0.22147635,0.47112355,0.41398993,0.21401685,-0.600339
2024.02.12,600013.SH,-0.53204983,0.29040554,-0.57645506,0.38431278,0.32470265,0.42543772,-0.47643232,0.47467873,0.40885964,0.18621305,0.49079916,-0.20740868,0.4861582,0.40540332,0.21922871,-0.58064127
2024.02.12,600014.SH,0.24424623,-0.15152538,0.27476016,-0.17734191,-0.0790627,-0.20772266,0.18396646,-0.23463355,-0.2914618,-0.05858618,-0.23796366,0.20889787,0.078533046,-0.17041726,-0.15878119,0.39965862
2024.02.12,600015.SH,-0.7168504,0.47105902,-0.7955555,0.6149161,0.44539312,0.61321425,-0.6821474,0.68693364,0.6317094,0.32334414,0.7033415,-0.40454158,0.5634361,0.6071341,0.34474328,-0.8195667
2024.02.12,600016.SH,-0.5478416,0.38552332,-0.6346507,0.4801498,0.2699445,0.4368536,-0.57036984,0.508661,0.441781,0.27801877,0.5516972,-0.33710584,0.39959753,0.47040695,0.22711527,-0.6663387
2024.02.12,600017.SH,0.47171512,-0.26579362,0.49598938,-0.29533958,-0.19144225,-0.395111,0.334753,-0.40274993,-0.4981755,-0.09037247,-0.45663768,0.33416644,-0.08413216,-0.271687,-0.28683785,0.5961053
2024.02.12,600018.SH,-0.794233,0.5486835,-0.85375875,0.65662235,0.49077046,0.69221354,-0.7461959,0.752588,0.7050019,0.34229758,0.7752222,-0.50554097,0.6213112,0.6644417,0.41730237,-0.8715775
2024.02.12,600019.SH,-0.6646793,0.41205487,-0.7200875,0.521483,0.3652064,0.5524467,-0.60573906,0.59497654,0.5704901,0.25977275,0.6510642,-0.37565967,0.5407179,0.50732064,0.31055275,-0.7330412
2024.02.12,600020.SH,0.45819622,-0.19270742,0.46228406,-0.27318355,-0.26491898,-0.38455465,0.2862518,-0.4080432,-0.46400684,-0.048684455,-0.39756888,0.22174065,-0.12956212,-0.27468127,-0.26051423,0.5727485
2024.02.12,600021.SH,-0.6423278,0.35800454,-0.6912617,0.4922381,0.43434167,0.54041445,-0.5508575,0.5844895,0.54697084,0.24583744,0.5999514,-0.26765352,0.57811403,0.49642166,0.30688444,-0.704652
2024.02.12,600022.SH,-0.87193185,0.6335695,-0.92962223,0.77508384,0.6312349,0.7970273,-0.8153838,0.8575218,0.8095302,0.4396062,0.85350645,-0.55434674,0.7120132,0.7739499,0.5111892,-0.9389916
2024.02.12,600023.SH,0.07223999,0.11697965,-0.00046692972,0.06320628,-0.118268386,-0.086454004,-0.14991535,-0.04874609,-0.12032079,0.15087259,0.03593029,-0.12269417,0.022456607,0.048689112,-0.03874421,0.035021603
2024.02.12,600024.SH,-0.8450503,0.6048344,-0.89866215,0.72129107,0.5341629,0.75865114,-0.7906405,0.80294997,0.7808508,0.3771754,0.83364064,-0.5734483,0.67125237,0.7122857,0.47221768,-0.9112388
2024.02.13,000001.SZ,0.38357037,-0.18703416,0.38593686,-0.23359512,-0.17013818,-0.3206702,0.24613862,-0.3329624,-0.40872997,-0.06571103,-0.34660724,0.24408168,-0.04167121,-0.22157444,-0.2323638,0.5023824
2024.02.13,000002.SZ,-0.75560296,0.37544316,-0.79914224,0.59902865,0.5940962,0.66192484,-0.62248695,0.716562,0.66867286,0.2644426,0.68885255,-0.24288961,0.6995706,0.6045164,0.38634834,-0.8179707
2024.02.13,000003.SZ,0.044782016,-0.008956079,-0.006582698,0.049820367,0.06670782,-0.04036416,-0.048996154,-0.0034667263,-0.11883243,0.07936562,-0.045911375,0.12425393,0.18328682,0.06214346,-0.06473219,0.052922443
2024.02.13,000004.SZ,-0.33210537,0.074295044,-0.33874166,0.2374536,0.3270368,0.2699828,-0.22642222,0.29351392,0.22203343,0.09264,0.23621954,0.078518525,0.4629957,0.23633888,0.09741492,-0.30663005
2024.02.13,000005.SZ,-0.1397962,-0.001655918,-0.16355531,0.11372649,0.24655335,0.10331782,-0.11799118,0.15859474,0.029852647,0.0711336,0.074183024,0.15227555,0.36900604,0.15218319,0.01905709,-0.10170839
2024.02.13,000006.SZ,-0.7862274,0.46467286,-0.839973,0.63820153,0.5732835,0.691,-0.68101835,0.745426,0.7035258,0.30989024,0.7397297,-0.36333525,0.6818223,0.6385685,0.4132446,-0.85246927
2024.02.13,000007.SZ,0.2974172,-0.21717444,0.28296947,-0.17032897,0.02178331,-0.22905873,0.24888557,-0.21187147,-0.3328666,-0.044617083,-0.3210457,0.35467193,0.13287307,-0.13477796,-0.18384872,0.414294
2024.02.13,000008.SZ,0.37490782,-0.24355985,0.40237677,-0.2642176,-0.108206555,-0.31058517,0.30285984,-0.32456288,-0.40495843,-0.11632207,-0.38143587,0.32537878,0.030708538,-0.23950042,-0.23501287,0.5334734
2024.02.13,000009.SZ,0.16654491,-0.15163898,0.1539504,-0.081011675,0.07354127,-0.12720904,0.14678173,-0.112986356,-0.22571236,0.0017373135,-0.19941999,0.28086635,0.19675827,-0.056165986,-0.11601531,0.2700217
2024.02.13,000010.SZ,0.31884176,-0.20292212,0.33878845,-0.22862181,-0.05640964,-0.25457677,0.2536705,-0.26455998,-0.37125865,-0.048452105,-0.32254198,0.30057895,0.095998034,-0.17029293,-0.17923646,0.46465725
2024.02.13,000011.SZ,-0.19409487,-0.014028529,-0.21756183,0.14616321,0.29825813,0.15344234,-0.11515153,0.19472554,0.09447675,0.043169394,0.09117368,0.19294989,0.412391,0.1604073,0.019867301,-0.14824727
2024.02.13,000012.SZ,-0.17745951,0.09932172,-0.19333223,0.14415464,0.12289894,0.122842856,-0.19771177,0.13863109,0.07605423,0.098720156,0.16859014,-0.03406061,0.28267235,0.14054368,0.03812493,-0.14780852
2024.02.13,000013.SZ,0.35575962,-0.21470985,0.3608632,-0.22970898,-0.08020076,-0.29368427,0.27383077,-0.29272044,-0.39205584,-0.06521291,-0.350075,0.3098387,0.053398788,-0.20533042,-0.20663938,0.4949039
2024.02.13,000014.SZ,-0.4626518,0.23934998,-0.539991,0.41422,0.3432023,0.38010103,-0.44441342,0.44932917,0.35127544,0.22573829,0.42633802,-0.12229164,0.44910738,0.4189468,0.17228515,-0.5682632
2024.02.13,000015.SZ,-0.73830897,0.34801835,-0.77570146,0.5762867,0.5920269,0.6490214,-0.6025201,0.69548583,0.6581868,0.23285283,0.6746773,-0.22038317,0.6997643,0.579229,0.37129325,-0.79827756
2024.02.13,000016.SZ,-0.43659094,0.33256224,-0.49856356,0.37438002,0.13538693,0.3288706,-0.47820154,0.3674609,0.37106824,0.22569351,0.4839964,-0.34855327,0.33317685,0.32173103,0.19336379,-0.505373
2024.02.13,000017.SZ,0.2687306,-0.20889872,0.26022792,-0.1585252,0.020844324,-0.21212514,0.232342,-0.20463048,-0.3179174,-0.057230186,-0.30113262,0.3420027,0.1342081,-0.13482131,-0.18307298,0.3950059
2024.02.13,000018.SZ,0.09800489,-0.11065713,0.11018506,-0.08916298,0.10907081,-0.06960494,0.09044685,-0.0660901,-0.1706442,-0.022264892,-0.13663444,0.24795169,0.2484594,-0.031313237,-0.08524221,0.22202823
2024.02.13,000019.SZ,0.14221846,-0.18729728,0.14372231,-0.11368996,0.17575394,-0.097227894,0.16968626,-0.07825561,-0.22447746,-0.04113527,-0.22253737,0.37641189,0.28850293,-0.0400988,-0.1172869,0.27608064
2024.02.13,000020.SZ,-0.8948044,0.6302198,-0.9400142,0.77874374,0.69564015,0.8251629,-0.8154281,0.87629104,0.836789,0.41848704,0.86660117,-0.53447306,0.768547,0.78406864,0.5488766,-0.9455683
2024.02.13,000021.SZ,-0.30902275,0.1150871,-0.3423309,0.23956136,0.28708586,0.23959161,-0.27755752,0.29567358,0.19775926,0.12740067,0.25217018,0.011144192,0.41952044,0.27148566,0.097673915,-0.3267994
2024.02.13,000022.SZ,0.322546,-0.2494802,0.34777722,-0.23625425,-0.009836922,-0.25860646,0.30404544,-0.26022726,-0.35834605,-0.09767809,-0.36220786,0.37172052,0.12671609,-0.19017711,-0.19647723,0.48804665
2024.02.13,000023.SZ,-0.13268922,-0.037553728,-0.15894803,0.1201476,0.25623244,0.107362054,-0.095926695,0.15008555,0.03953381,0.041355558,0.06257107,0.19304311,0.36270535,0.13723698,-0.012684782,-0.09630739
2024.02.13,000024.SZ,-0.26651156,0.14846155,-0.29512239,0.21573994,0.18965271,0.19960536,-0.27786934,0.23930797,0.15472177,0.14502557,0.24886894,-0.06475291,0.34748375,0.22753179,0.09437957,-0.27957037
2024.02.13,000025.SZ,-0.8160104,0.5578545,-0.8797029,0.69901156,0.56068474,0.72972006,-0.7563914,0.78830063,0.74580044,0.3818854,0.7957632,-0.4801489,0.6687121,0.70409274,0.44345975,-0.89506525
2024.02.13,600000.SH,-0.70832205,0.42546856,-0.78382653,0.5953377,0.48883098,0.60886395,-0.6408621,0.67939216,0.6193684,0.30598104,0.67404324,-0.32913658,0.5941949,0.595274,0.33827788,-0.8036955
2024.02.13,600001.SH,0.32528833,-0.1871819,0.34162855,-0.22452459,-0.10369573,-0.26699963,0.25657806,-0.28872144,-0.36643323,-0.057354383,-0.3201308,0.27123648,0.051463462,-0.19432688,-0.19122203,0.47397816
2024.02.13,600002.SH,-0.7273823,0.43001935,-0.80550826,0.623637,0.5326339,0.6357888,-0.65745026,0.7116909,0.6350779,0.3347117,0.6864073,-0.30450505,0.6265908,0.63467693,0.35703865,-0.8287206
2024.02.13,600003.SH,-0.6903677,0.44367263,-0.78511894,0.6203483,0.44022197,0.5924412,-0.66081905,0.6735215,0.61138546,0.3221688,0.67491555,-0.36501375,0.5379503,0.59742415,0.31234035,-0.81174195
2024.02.13,600004.SH,-0.13068894,-0.012178091,-0.15357846,0.12212843,0.20174122,0.09827512,-0.10511953,0.1279508,0.029304527,0.051032707,0.06991819,0.13983157,0.32627207,0.11353873,-0.007950608,-0.08567298
2024.02.13,600005.SH,0.4797587,-0.26552904,0.4883398,-0.2884632,-0.21659078,-0.39994884,0.35450685,-0.41536924,-0.48075807,-0.084772915,-0.44622028,0.3147781,-0.09106725,-0.30135816,-0.28246468,0.60781074
2024.02.13,600006.SH,-0.5330781,0.18413046,-0.544257,0.37971687,0.45112735,0.44561306,-0.39954233,0.477685,0.4353157,0.12535489,0.44281426,-0.047803394,0.5724832,0.37713268,0.20849063,-0.5525587
2024.02.13,600007.SH,0.13544124,0.0009034609,0.10722872,-0.016666139,-0.10198617,-0.1300549,-0.011224749,-0.13084246,-0.19891039,0.06412774,-0.08211628,0.029927513,0.03825302,-0.040471546,-0.10021411,0.17806225
2024.02.13,600008.SH,-0.26592612,0.18906987,-0.28820407,0.2224378,0.086516246,0.1874011,-0.2897624,0.19142002,0.17445742,0.14945965,0.29687947,-0.18384796,0.27758715,0.17823395,0.09845467,-0.2598124
2024.02.13,600009.SH,-0.5882112,0.291742,-0.6513767,0.46383235,0.4348579,0.49355188,-0.5037495,0.55671215,0.4882036,0.22654198,0.5345865,-0.16766703,0.564215,0.47619864,0.2560546,-0.6620835
2024.02.13,600010.SH,0.41200927,-0.21685667,0.4073583,-0.22744827,-0.15250921,-0.3365273,0.28291887,-0.34155494,-0.4339851,-0.057427354,-0.39154774,0.30027556,-0.037251513,-0.22129636,-0.24751875,0.5179655
2024.02.13,600011.SH,0.2699036,-0.047511023,0.22590472,-0.10013336,-0.17662898,-0.2339611,0.08577102,-0.23100227,-0.29821068,0.051524214,-0.19089022,0.07604789,-0.03745466,-0.11008841,-0.1553488,0.32384503
2024.02.13,600012.SH,-0.6871399,0.40191048,-0.7465454,0.53504694,0.46391732,0.5862506,-0.61999214,0.64797986,0.5811978,0.25004107,0.6465251,-0.2949834,0.5901796,0.55598694,0.31937987,-0.76636493
2024.02.13,600013.SH,-0.6625482,0.3694318,-0.71014786,0.4919311,0.4322938,0.5566253,-0.57608765,0.6068244,0.5521139,0.23156255,0.6175708,-0.28024653,0.5820841,0.5149352,0.30712706,-0.72284037
2024.02.13,600014.SH,0.15550834,-0.10534241,0.18232533,-0.11734987,-0.023922235,-0.13675158,0.10826769,-0.15249233,-0.21668321,-0.027347006,-0.15452857,0.16513714,0.1320604,-0.1025303,-0.114518486,0.29676446
2024.02.13,600015.SH,-0.6500422,0.40875688,-0.72644395,0.54543185,0.3993436,0.5461594,-0.6182761,0.61701864,0.5598741,0.28731805,0.6351154,-0.33372432,0.5333706,0.5423318,0.30131605,-0.752532
2024.02.13,600016.SH,-0.8132639,0.58004755,-0.87712353,0.69728583,0.5185652,0.7213436,-0.7695515,0.7828904,0.74053794,0.37680086,0.8007148,-0.52207106,0.6330931,0.6963196,0.4377115,-0.894787
2024.02.13,600017.SH,0.45870554,-0.28917456,0.4843439,-0.29191732,-0.13733713,-0.38162738,0.34732202,-0.38090396,-0.4912574,-0.102826945,-0.46367273,0.37809983,-0.038835067,-0.25982657,-0.28419834,0.5898496
2024.02.13,600018.SH,-0.7983491,0.5361736,-0.8538724,0.6566018,0.5039028,0.6965002,-0.7389655,0.7519504,0.71451116,0.32863477,0.7761294,-0.49607098,0.6374561,0.656118,0.42086783,-0.86967826
2024.02.13,600019.SH,-0.7489551,0.44678378,-0.7951281,0.58917516,0.48778203,0.6476651,-0.6613543,0.69182175,0.66581297,0.27719784,0.72027767,-0.38516408,0.6408934,0.5885217,0.37855485,-0.81162965
2024.02.13,600020.SH,0.4052256,-0.18599774,0.42017928,-0.2610833,-0.19676253,-0.33773884,0.26615152,-0.3564155,-0.42665812,-0.050635338,-0.36507553,0.2348484,-0.049653806,-0.23738547,-0.22696419,0.53491074
2024.02.13,600021.SH,-0.5806121,0.27625608,-0.6144368,0.43039766,0.4304664,0.48417106,-0.47022527,0.5238503,0.4757818,0.20478451,0.5167161,-0.15625799,0.56949586,0.44102567,0.25951472,-0.62600356
2024.02.13,600022.SH,-0.87508875,0.6258505,-0.9310428,0.7771867,0.6474365,0.80140644,-0.81441414,0.8605037,0.816579,0.42712814,0.8546228,-0.54256785,0.72414863,0.7729085,0.51190495,-0.93989253
2024.02.13,600023.SH,-0.62921107,0.44618443,-0.71227205,0.5427232,0.32255095,0.5165194,-0.6370799,0.5932638,0.5457209,0.31775403,0.64151794,-0.41792342,0.46908864,0.5360894,0.29957414,-0.74434596
2024.02.13,600024.SH,-0.5999752,0.36080626,-0.641028,0.46484786,0.31215978,0.48930025,-0.5477411,0.5121369,0.51519287,0.21065891,0.5931699,-0.3416706,0.4943221,0.42794284,0.26439777,-0.654448
2024.02.14,000001.SZ,0.34802714,-0.16687395,0.34440678,-0.2078105,-0.14574394,-0.29203063,0.22136785,-0.29883474,-0.37941468,-0.044248,-0.3129217,0.22811002,-0.009362718,-0.19398516,-0.20675795,0.46358526
2024.02.14,000002.SZ,-0.6873777,0.2949254,-0.72098327,0.5307188,0.55693156,0.59106517,-0.5482769,0.64578056,0.5846878,0.22770944,0.604705,-0.15188828,0.66740936,0.5413378,0.3297208,-0.7458218
2024.02.14,000003.SZ,0.26485538,-0.13364944,0.2298703,-0.10494809,-0.03439776,-0.21224177,0.14334011,-0.19528455,-0.31831253,0.0026042887,-0.26011392,0.25701454,0.07047829,-0.08800724,-0.17576398,0.32581112
2024.02.14,000004.SZ,0.34429452,-0.24032249,0.3592751,-0.23056723,-0.05433012,-0.27352312,0.29949984,-0.29071468,-0.3845808,-0.09399245,-0.36549723,0.3556182,0.08177882,-0.20911235,-0.21479131,0.49468148
2024.02.14,000005.SZ,-0.46766898,0.14548633,-0.5015249,0.34883466,0.44148877,0.38351664,-0.36477673,0.45301506,0.35344437,0.14208263,0.37458295,0.019274246,0.55009663,0.37441608,0.17931785,-0.50431514
2024.02.14,000006.SZ,-0.80775636,0.4721093,-0.85612386,0.65238273,0.61305517,0.7181188,-0.6924272,0.7701211,0.7296248,0.31043196,0.756135,-0.35405082,0.7137021,0.65907705,0.43613046,-0.86784345
2024.02.14,000007.SZ,0.44479367,-0.24396095,0.44420066,-0.26902658,-0.1602963,-0.36455858,0.32147405,-0.3683222,-0.4607533,-0.07027501,-0.41920412,0.32230446,-0.03861706,-0.25264952,-0.25789315,0.5650854
2024.02.14,000008.SZ,0.45312884,-0.2856423,0.4786777,-0.3108146,-0.15900466,-0.37463564,0.36351877,-0.39352217,-0.47123075,-0.13928537,-0.4503288,0.36262387,-0.027962858,-0.29453728,-0.28165644,0.6060474
2024.02.14,000009.SZ,0.28572,-0.2133972,0.29010266,-0.17750698,0.0011186632,-0.22512135,0.24337876,-0.22149971,-0.33082524,-0.045708127,-0.30712244,0.32899147,0.12480236,-0.14312454,-0.17531446,0.4163346
2024.02.14,000010.SZ,0.243129,-0.15188551,0.25879887,-0.17624536,-0.009286565,-0.18824434,0.1822591,-0.1942862,-0.3094113,-0.018460706,-0.25266126,0.26258823,0.1441412,-0.10735178,-0.13801537,0.37284586
2024.02.14,000011.SZ,-0.44157308,0.13120842,-0.47835878,0.3187356,0.40791783,0.35944116,-0.32641816,0.4125819,0.33661422,0.1129379,0.34413618,0.033699512,0.52539486,0.3271815,0.15239242,-0.45782557
2024.02.14,000012.SZ,-0.07453739,0.056773707,-0.09734245,0.08657249,0.056884732,0.038057387,-0.12299306,0.047976825,-0.00922446,0.07596543,0.08234128,0.0023765743,0.21434262,0.06602511,-0.008721258,-0.02751826
2024.02.14,000013.SZ,0.4421405,-0.26325116,0.44729328,-0.2838576,-0.12898229,-0.3662433,0.34115204,-0.36525568,-0.4708824,-0.08801256,-0.4294876,0.35657072,-0.0041193916,-0.25942993,-0.25622952,0.57762975
2024.02.14,000014.SZ,-0.4741258,0.2791352,-0.5519573,0.42065004,0.29318556,0.37902203,-0.4738502,0.44720656,0.36774588,0.2374712,0.46126565,-0.20078029,0.42066732,0.4150098,0.18263349,-0.5770438
2024.02.14,000015.SZ,-0.58540446,0.20601436,-0.60943913,0.44451183,0.4990142,0.49606577,-0.45194927,0.54476213,0.4894485,0.15982328,0.50151193,-0.06509607,0.61400694,0.43960026,0.24782339,-0.6308184
2024.02.14,000016.SZ,0.14374015,0.03964907,0.10724783,-0.030425375,-0.1370621,-0.13285802,-0.03272798,-0.12854692,-0.16591214,0.07092209,-0.04969139,-0.038272027,0.0246474,-0.049633738,-0.07777252,0.1814526
2024.02.14,000017.SZ,0.15642735,-0.1685618,0.13371307,-0.07132523,0.11337173,-0.120386876,0.14259015,-0.09302722,-0.22672954,-0.023143347,-0.21305503,0.32341367,0.21535854,-0.047575753,-0.13485993,0.25645947
2024.02.14,000018.SZ,0.145971,-0.09217658,0.15628839,-0.10814122,0.019309932,-0.1156567,0.09316247,-0.12194575,-0.21098444,-0.010413244,-0.1512572,0.19243802,0.16765454,-0.060933817,-0.10483691,0.26304054
2024.02.14,000019.SZ,-0.2880275,0.0062806713,-0.28537256,0.18047914,0.39999065,0.2471515,-0.17342328,0.2875502,0.16185941,0.07099634,0.16199884,0.20123728,0.5079493,0.24281062,0.08085811,-0.25186053
2024.02.14,000020.SZ,-0.87776905,0.5876412,-0.92576426,0.7593111,0.6925142,0.8052954,-0.79241544,0.8602039,0.81448233,0.39786756,0.84332985,-0.46977738,0.7615105,0.7680704,0.5214064,-0.9352589
2024.02.14,000021.SZ,-0.4655125,0.20137382,-0.51284534,0.3661465,0.37740725,0.37518403,-0.4089957,0.44296622,0.35769364,0.17519346,0.40696847,-0.07828179,0.49942404,0.38682395,0.18012732,-0.5253324
2024.02.14,000022.SZ,0.38716483,-0.28544572,0.41967925,-0.28446624,-0.0530314,-0.3151394,0.35209307,-0.3176729,-0.41901493,-0.11758262,-0.41858312,0.39484438,0.08343739,-0.23571202,-0.23004413,0.55611694
2024.02.14,000023.SZ,0.046780072,-0.103782564,0.023280608,0.0030373358,0.1456564,-0.03529851,0.033104904,-0.004557034,-0.12301603,0.0052855527,-0.094697304,0.2467078,0.2511412,0.025508108,-0.09002899,0.11526907
2024.02.14,000024.SZ,0.3598628,-0.14258991,0.36073717,-0.21954153,-0.18070589,-0.29764873,0.21058272,-0.31813794,-0.39394104,-0.029207494,-0.30970493,0.19222987,-0.03181661,-0.20410927,-0.19979009,0.47300288
2024.02.14,000025.SZ,-0.74783397,0.50178844,-0.82496977,0.65009385,0.47831312,0.65238816,-0.70798945,0.7160819,0.6758388,0.35587072,0.7372518,-0.44017634,0.5953939,0.6427671,0.37549028,-0.8483913
2024.02.14,600000.SH,-0.41553003,0.21758997,-0.49181634,0.35652357,0.29943836,0.32984772,-0.39443335,0.3940159,0.30035385,0.20071761,0.37781152,-0.10630135,0.4218019,0.36186346,0.15201782,-0.49254596
2024.02.14,600001.SH,0.10731361,-0.15320207,0.12924224,-0.10779371,0.12627608,-0.080788545,0.14733408,-0.07866919,-0.18121062,-0.05289409,-0.18084905,0.3080022,0.27236217,-0.053617906,-0.10026609,0.26189098
2024.02.14,600002.SH,-0.75076383,0.46314234,-0.8275271,0.6456849,0.5383943,0.65993065,-0.6843776,0.7334005,0.6635554,0.34915048,0.7165347,-0.35025287,0.6362801,0.65324765,0.37971067,-0.8481897
2024.02.14,600003.SH,-0.7036157,0.45120013,-0.794236,0.6251626,0.446616,0.60388976,-0.6693713,0.68228316,0.6250011,0.3193674,0.6894256,-0.38014022,0.54775095,0.6007652,0.32235226,-0.8183634
2024.02.14,600004.SH,0.13241163,-0.093392864,0.090596944,-0.012101283,0.03463374,-0.10226816,0.059339628,-0.090333514,-0.19365911,0.020580154,-0.14137854,0.20224573,0.14377925,-0.033621266,-0.120571844,0.18541834
2024.02.14,600005.SH,0.5668772,-0.34128532,0.5930164,-0.37471315,-0.25241277,-0.4738967,0.4518209,-0.4963323,-0.565263,-0.13174504,-0.54513055,0.3973674,-0.124286465,-0.37793362,-0.33567607,0.70400107
2024.02.14,600006.SH,0.089294955,-0.13163072,0.09318382,-0.07209838,0.12150436,-0.072297186,0.10198382,-0.064595096,-0.15841223,-0.05139319,-0.14741679,0.27799165,0.24457078,-0.043693494,-0.108373836,0.21932548
2024.02.14,600007.SH,-0.010013322,0.024238434,-0.03311425,0.062452663,0.029009385,-0.009990635,-0.083708785,0.0028948553,-0.07294144,0.069170736,0.018297536,0.03957155,0.17625618,0.04374575,-0.041010827,0.02701321
2024.02.14,600008.SH,0.289995,-0.12182359,0.29361454,-0.17852862,-0.1562713,-0.24539816,0.17872226,-0.27304274,-0.3177185,-0.022864992,-0.23841615,0.1516172,0.004117775,-0.18630368,-0.16797821,0.41997975
2024.02.14,600009.SH,-0.80592555,0.4750614,-0.8598298,0.66812766,0.61401135,0.7205818,-0.70604414,0.7779769,0.73183393,0.32040426,0.76157874,-0.35565588,0.709876,0.67401,0.42981246,-0.8758679
2024.02.14,600010.SH,0.35800594,-0.15890685,0.3223304,-0.15536562,-0.12674347,-0.2898905,0.19879006,-0.2776661,-0.38015145,-0.013864955,-0.32373342,0.2462583,-0.025300452,-0.15566604,-0.21832213,0.421983
2024.02.14,600011.SH,0.17870897,-0.05454646,0.14150043,-0.059940353,-0.04507908,-0.15173511,0.061132163,-0.1346412,-0.22822213,0.04988743,-0.15004876,0.13665418,0.09913338,-0.044744503,-0.11235757,0.23774105
2024.02.14,600012.SH,-0.682775,0.44617498,-0.7503755,0.54001343,0.39789066,0.5788806,-0.6402893,0.6353707,0.5796085,0.28204286,0.66440445,-0.37496293,0.54693204,0.5545578,0.32267815,-0.7685175
2024.02.14,600013.SH,-0.8332575,0.54727775,-0.88423985,0.68941784,0.58625305,0.745363,-0.75228924,0.79823357,0.7584219,0.34419888,0.80299824,-0.47024834,0.6989464,0.6982734,0.46195912,-0.8967959
2024.02.14,600014.SH,0.45345917,-0.2607251,0.4904984,-0.31651956,-0.20687725,-0.38028538,0.3441663,-0.41103053,-0.47248384,-0.10629697,-0.429828,0.30278322,-0.06077114,-0.304605,-0.26719344,0.61034465
2024.02.14,600015.SH,-0.7106304,0.4497461,-0.7836527,0.60035783,0.45614758,0.6120986,-0.66686153,0.67948216,0.6322518,0.30272776,0.693004,-0.36912954,0.58024865,0.5947175,0.34161887,-0.8099792
2024.02.14,600016.SH,-0.73168415,0.4870189,-0.80839545,0.6352549,0.46431667,0.63236505,-0.69863224,0.703918,0.6513245,0.33771884,0.71820897,-0.414577,0.5743764,0.62806064,0.35665065,-0.83643353
2024.02.14,600017.SH,0.519763,-0.33102825,0.5471927,-0.3369179,-0.17535037,-0.4338324,0.40477908,-0.43767002,-0.5395732,-0.13307273,-0.52230704,0.41549426,-0.07862226,-0.31526673,-0.32357863,0.6527073
2024.02.14,600018.SH,-0.847573,0.56934696,-0.89598054,0.71317923,0.5906925,0.7600597,-0.7743835,0.80872345,0.780078,0.34590635,0.8214013,-0.5149569,0.70224243,0.7065203,0.47293967,-0.9083509
2024.02.14,600019.SH,-0.5401783,0.26784024,-0.5828724,0.42517692,0.36518607,0.44136336,-0.48470604,0.4933453,0.4462848,0.18641229,0.50725,-0.19013825,0.5101099,0.41383967,0.21787255,-0.6012739
2024.02.14,600020.SH,0.4499615,-0.22231176,0.46051058,-0.2805656,-0.20523629,-0.3728384,0.30489007,-0.38676366,-0.46651202,-0.066758916,-0.41381812,0.2805652,-0.07386788,-0.2605858,-0.25896025,0.57228345
2024.02.14,600021.SH,-0.5315917,0.19429299,-0.55401325,0.395319,0.4613735,0.44642726,-0.40398124,0.4887409,0.41839525,0.17212853,0.43522772,-0.030508267,0.5765655,0.41260538,0.21878618,-0.57135606
2024.02.14,600022.SH,-0.82254547,0.5614549,-0.8907708,0.71961164,0.5681206,0.7349397,-0.7649704,0.801097,0.7561325,0.37710196,0.80393285,-0.48973912,0.66276616,0.70661885,0.44131604,-0.90322435
2024.02.14,600023.SH,-0.36037877,0.28716967,-0.439563,0.3372066,0.14520575,0.26552767,-0.43717843,0.33384308,0.27082485,0.23071288,0.39582154,-0.2631875,0.2985833,0.32642728,0.14835215,-0.45791787
2024.02.14,600024.SH,-0.24013689,0.14978327,-0.26739478,0.21568891,0.11382132,0.17744875,-0.26302844,0.18361722,0.16799116,0.104976125,0.2534709,-0.11197832,0.2795467,0.16644423,0.060244527,-0.24505883
2024.02.15,000001.SZ,0.35934544,-0.2025958,0.35337368,-0.21990271,-0.09443675,-0.29069436,0.25867403,-0.2914811,-0.39095396,-0.05694298,-0.34578577,0.2994016,0.034386676,-0.19135033,-0.21268511,0.478692
2024.02.15,000002.SZ,-0.29701957,0.0049136314,-0.2817629,0.1866866,0.39048603,0.24708156,-0.16491503,0.28917524,0.16234674,0.0790436,0.16464366,0.19271383,0.51479393,0.23651484,0.096892014,-0.24931978
2024.02.15,000003.SZ,-0.33656058,0.14922729,-0.40952015,0.3149739,0.30680382,0.27645746,-0.32334527,0.3400412,0.2245846,0.17276204,0.28196928,0.0023573593,0.40869346,0.32498136,0.10425697,-0.41721532
2024.02.15,000004.SZ,0.34222704,-0.19107515,0.34478337,-0.20636219,-0.11194726,-0.27785936,0.25218415,-0.29855895,-0.38183168,-0.056854773,-0.33302894,0.28120157,0.025588484,-0.19848318,-0.20929517,0.4687255
2024.02.15,000005.SZ,-0.0059108995,-0.07026229,-0.023191154,0.017150337,0.19049498,-0.0043105665,-0.0210942,0.047661792,-0.09744095,0.020784495,-0.053040314,0.22573061,0.30205905,0.0692331,-0.053226158,0.060682777
2024.02.15,000006.SZ,-0.5704483,0.22173847,-0.6019325,0.39031914,0.48050424,0.48201028,-0.41823015,0.52699816,0.44847277,0.18566622,0.46925813,-0.047043703,0.61106336,0.43491945,0.25471777,-0.5938383
2024.02.15,000007.SZ,0.4706212,-0.25508848,0.47226736,-0.29050204,-0.18457288,-0.38755924,0.34221303,-0.3958196,-0.48344842,-0.08325214,-0.4408442,0.32918945,-0.059771825,-0.27839047,-0.27266476,0.5939381
2024.02.15,000008.SZ,0.45151806,-0.2870743,0.46506518,-0.2944455,-0.14139284,-0.3720889,0.35820556,-0.3826734,-0.4703521,-0.13310027,-0.44917515,0.37478587,-0.02237249,-0.28326678,-0.28342542,0.59354955
2024.02.15,000009.SZ,0.40669978,-0.22724119,0.41987237,-0.25872403,-0.16007486,-0.3361922,0.30297717,-0.35276133,-0.42730644,-0.06263837,-0.38144386,0.28763348,-0.020547142,-0.24560529,-0.2321076,0.54350907
2024.02.15,000010.SZ,0.09987473,-0.022734918,0.094681695,-0.048928548,0.015057059,-0.079503976,0.012739789,-0.07272341,-0.18521947,0.06847138,-0.094689414,0.1185781,0.17223194,0.012693117,-0.06074937,0.16517867
2024.02.15,000011.SZ,-0.57173955,0.22906223,-0.6241355,0.43314183,0.4840873,0.48323768,-0.4517349,0.5437049,0.47276002,0.1755224,0.48467368,-0.060939036,0.5902539,0.4461095,0.23643689,-0.6298446
2024.02.15,000012.SZ,0.040414423,0.017295653,0.014650573,0.015538657,-0.011579191,-0.049329992,-0.041271854,-0.04815696,-0.11039842,0.06875225,-0.012837524,0.040525652,0.14866772,0.0029608447,-0.050492547,0.102064
2024.02.15,000013.SZ,0.35130173,-0.23920509,0.3438373,-0.22142342,-0.020136688,-0.28564423,0.29019502,-0.2702538,-0.39903092,-0.06622962,-0.36738384,0.3742738,0.103070214,-0.18511721,-0.20978338,0.48584083
2024.02.15,000014.SZ,-0.62008727,0.3522368,-0.68955743,0.51600444,0.4147455,0.5189626,-0.5759741,0.5901894,0.5223205,0.2621277,0.59230137,-0.26001504,0.53830606,0.5194813,0.2723471,-0.71837187
2024.02.15,000015.SZ,0.031517472,-0.081985265,0.009723653,0.02169797,0.12740849,-0.028824184,0.010820979,0.0016495645,-0.10681542,0.01749406,-0.068444274,0.20420954,0.23946902,0.02882947,-0.076169685,0.09548018
2024.02.15,000016.SZ,0.41443765,-0.16077347,0.40851703,-0.23833166,-0.22903836,-0.34278145,0.24063763,-0.35810557,-0.41340485,-0.035077628,-0.34673986,0.19586775,-0.08780772,-0.23759416,-0.22825879,0.5187215
2024.02.15,000017.SZ,0.1501535,-0.15404285,0.13578615,-0.094262004,0.11057503,-0.11289376,0.14140877,-0.09048749,-0.22151875,-0.021805542,-0.19846323,0.30675173,0.24151053,-0.051027272,-0.11364899,0.26809096
2024.02.15,000018.SZ,0.30082887,-0.14946735,0.29951686,-0.17884919,-0.09357757,-0.24286586,0.18949923,-0.25252175,-0.34438938,-0.022921195,-0.277348,0.23020346,0.037706885,-0.14721945,-0.181908,0.41047332
2024.02.15,000019.SZ,-0.35793602,0.09733031,-0.3640367,0.23672356,0.3705504,0.2965321,-0.2702191,0.33593622,0.24150419,0.10807188,0.27221596,0.06492428,0.50117177,0.281896,0.12920995,-0.34765196
2024.02.15,000020.SZ,-0.82286143,0.5093162,-0.8784371,0.6876177,0.63113594,0.7389933,-0.7286188,0.79936486,0.74505514,0.35292813,0.78056735,-0.38265702,0.7190779,0.7038912,0.45538074,-0.8925003
2024.02.15,000021.SZ,-0.1479109,0.03112439,-0.18991409,0.14784014,0.23525397,0.11515045,-0.15891379,0.17372547,0.047755737,0.09931578,0.09687409,0.11755442,0.34906566,0.18640335,0.02125612,-0.15268517
2024.02.15,000022.SZ,0.49017414,-0.3244652,0.5229101,-0.34485695,-0.153334,-0.4066666,0.41409826,-0.41663477,-0.5087183,-0.13469173,-0.4973484,0.40770265,-0.020018362,-0.3113708,-0.2891605,0.6468087
2024.02.15,000023.SZ,0.28862005,-0.21746913,0.2778915,-0.16639596,0.0068561477,-0.22805902,0.22743317,-0.21435557,-0.33569247,-0.06566732,-0.31128615,0.34192258,0.11064616,-0.13643076,-0.19880398,0.40229192
2024.02.15,000024.SZ,-0.2812773,0.1640333,-0.32925126,0.23514202,0.1912315,0.21363899,-0.3036408,0.258557,0.18181965,0.14249343,0.2719918,-0.08390518,0.3465563,0.23466936,0.09516097,-0.30832753
2024.02.15,000025.SZ,-0.7354453,0.45860693,-0.80289507,0.6212164,0.4853232,0.6389212,-0.6743911,0.6944761,0.66772574,0.31350222,0.7180695,-0.39451128,0.6146885,0.60603935,0.3663093,-0.82435364
2024.02.15,600000.SH,-0.6295864,0.3106921,-0.69222176,0.4974614,0.48169893,0.53479,-0.5302644,0.59960264,0.52124256,0.24181253,0.5630182,-0.16873015,0.5940433,0.5150436,0.2846029,-0.7079623
2024.02.15,600001.SH,0.3183313,-0.24858615,0.33084473,-0.22162156,0.004702884,-0.24829492,0.29055288,-0.25027674,-0.35971186,-0.10374146,-0.35636902,0.3844122,0.12988761,-0.18190794,-0.2046954,0.46919364
2024.02.15,600002.SH,-0.70572686,0.44812018,-0.78223795,0.58694154,0.45154938,0.604898,-0.65267146,0.67509717,0.61173064,0.32236373,0.6848434,-0.3720753,0.5870014,0.5954579,0.3497431,-0.79940486
2024.02.15,600003.SH,-0.7100167,0.44942963,-0.7957844,0.62295663,0.45858082,0.61087644,-0.67041296,0.6861266,0.63208604,0.31157446,0.694055,-0.37620437,0.5617388,0.6012107,0.3279227,-0.8194945
2024.02.15,600004.SH,0.2499159,-0.13212314,0.22671126,-0.11771109,-0.048821494,-0.19141713,0.15685934,-0.20340966,-0.2963068,-0.007596369,-0.23812388,0.22919817,0.08088076,-0.11917928,-0.1597813,0.33982018
2024.02.15,600005.SH,0.5106253,-0.3099323,0.527036,-0.33383346,-0.19608232,-0.42322066,0.4079616,-0.4373306,-0.516976,-0.11301308,-0.49191898,0.37885442,-0.065253906,-0.32777017,-0.29572004,0.65112966
2024.02.15,600006.SH,0.23946978,-0.19913352,0.24284951,-0.16401304,0.030267423,-0.19171068,0.21650426,-0.19356157,-0.28916365,-0.085845776,-0.2741668,0.33089185,0.1517317,-0.14309168,-0.17571315,0.38609788
2024.02.15,600007.SH,-0.28049263,0.15608849,-0.3156679,0.24948908,0.1619756,0.20230997,-0.29120564,0.23580976,0.17460948,0.1419948,0.26671892,-0.097984314,0.31590146,0.21931954,0.08261746,-0.30187348
2024.02.15,600008.SH,0.29939044,-0.17737679,0.33006394,-0.22380188,-0.11107084,-0.2499808,0.23822895,-0.28421375,-0.33911127,-0.06669998,-0.28388003,0.23190808,0.055653017,-0.21000645,-0.1788938,0.46829805
2024.02.15,600009.SH,-0.7023418,0.38258833,-0.7659293,0.5817623,0.5217597,0.60958266,-0.6221803,0.6740384,0.6176861,0.2719044,0.658897,-0.26427174,0.62731653,0.5825892,0.33096284,-0.79169655
2024.02.15,600010.SH,0.394639,-0.17836858,0.36644775,-0.19303253,-0.16549832,-0.32656336,0.22965729,-0.3178105,-0.41731918,-0.03182741,-0.3534484,0.24821776,-0.05187638,-0.19477352,-0.2371677,0.47405368
2024.02.15,600011.SH,0.14543122,-0.05269231,0.09954828,-0.028895754,0.009398124,-0.11980108,0.037896305,-0.09071357,-0.20105213,0.055964127,-0.13240698,0.16047621,0.14191578,-0.009567752,-0.099759586,0.18636808
2024.02.15,600012.SH,-0.7465269,0.50434,-0.8096338,0.59395546,0.4466899,0.6481998,-0.69356453,0.69985294,0.6552645,0.31330612,0.7291817,-0.43666705,0.5972606,0.6116133,0.3781537,-0.82568467
2024.02.15,600013.SH,-0.85035986,0.56737185,-0.90084225,0.7201009,0.61753273,0.7687507,-0.77466035,0.82173157,0.7840247,0.36338645,0.82232356,-0.48578975,0.71587193,0.72666186,0.4814451,-0.914578
2024.02.15,600014.SH,0.5080301,-0.2897412,0.5392499,-0.3432641,-0.23779364,-0.42266205,0.3883704,-0.45572457,-0.5169526,-0.115469955,-0.48024234,0.33707434,-0.10050083,-0.33867872,-0.2998708,0.65395015
2024.02.15,600015.SH,-0.46059415,0.2710949,-0.52509135,0.38868803,0.28999132,0.37391552,-0.45963702,0.43160573,0.3648831,0.21068335,0.44612557,-0.18454428,0.43165025,0.390628,0.1852106,-0.5498309
2024.02.15,600016.SH,-0.7581064,0.47270748,-0.82449293,0.65049106,0.5251832,0.66404575,-0.7015996,0.73027736,0.6836498,0.31880766,0.7333339,-0.38247263,0.6281739,0.64111793,0.375446,-0.85085785
2024.02.15,600017.SH,0.5379573,-0.34342745,0.5706039,-0.3608516,-0.19532634,-0.44903642,0.42674017,-0.46104923,-0.5545092,-0.14573061,-0.5381603,0.42200974,-0.08893045,-0.34011242,-0.33249733,0.676915
2024.02.15,600018.SH,-0.69318825,0.36073917,-0.7302714,0.5297547,0.49433556,0.5895627,-0.59333515,0.6378194,0.6069024,0.20955285,0.6405846,-0.27187175,0.62329906,0.5227233,0.32339552,-0.7510091
2024.02.15,600019.SH,0.100751705,-0.02874608,0.07638288,-0.022985954,-0.015515312,-0.08844453,-0.0035433099,-0.07645421,-0.15160005,0.0369077,-0.069141276,0.08106737,0.12588038,-0.020401902,-0.08545442,0.15853882
2024.02.15,600020.SH,0.47172713,-0.25485682,0.4814923,-0.29587147,-0.19117878,-0.3865383,0.34215897,-0.4006626,-0.48800862,-0.07990895,-0.44501385,0.32703495,-0.06387174,-0.27526015,-0.27377126,0.5968949
2024.02.15,600021.SH,-0.2331239,-0.031993356,-0.24246973,0.18201932,0.36880255,0.1978457,-0.11612373,0.23827706,0.12032211,0.065486155,0.096829616,0.24326912,0.4641293,0.20745775,0.037416156,-0.20225817
2024.02.15,600022.SH,-0.76369154,0.5018587,-0.84283614,0.66548276,0.50250804,0.66670686,-0.71374047,0.7380907,0.69234425,0.33861828,0.74829185,-0.43236822,0.60688525,0.642402,0.37936634,-0.8581684
2024.02.15,600023.SH,0.0038729173,0.054637734,-0.038822968,0.047165286,0.02733909,-0.01712362,-0.1049599,0.014955977,-0.07921286,0.097699255,0.021816414,0.015985684,0.17814806,0.0698919,-0.024061445,0.022463975
2024.02.15,600024.SH,0.31276622,-0.16134971,0.31444582,-0.17816535,-0.12781538,-0.25775605,0.2039747,-0.276778,-0.33650365,-0.055067796,-0.28775564,0.22302964,0.0052802223,-0.18541467,-0.20185484,0.4296147
2024.02.16,000001.SZ,-0.17070256,0.0034959305,-0.19225612,0.12652452,0.26146683,0.1378124,-0.11558725,0.17941731,0.08134588,0.063327596,0.09490849,0.1549565,0.39840266,0.15239127,0.030948646,-0.12383997
2024.02.16,000002.SZ,-0.6161066,0.24083693,-0.6344828,0.4531618,0.51067156,0.5206025,-0.48089957,0.57300097,0.50336343,0.18971801,0.5270963,-0.09238577,0.6326174,0.4726455,0.28170595,-0.6588457
2024.02.16,000003.SZ,-0.61953574,0.32903424,-0.6954073,0.52100927,0.44850856,0.52324486,-0.5493833,0.5947844,0.5185946,0.25317344,0.5694665,-0.20695806,0.55347264,0.5156555,0.2678146,-0.7177498
2024.02.16,000004.SZ,-0.5077096,0.24109705,-0.5505395,0.40004334,0.35663998,0.4185825,-0.42866966,0.45292893,0.41105038,0.18370745,0.45835721,-0.1397563,0.50475335,0.38253602,0.20417494,-0.55821437
2024.02.16,000005.SZ,0.14926992,-0.13659559,0.12251794,-0.06793215,0.10788093,-0.121665135,0.0927964,-0.081554785,-0.22959033,-0.005835303,-0.18394747,0.28812468,0.21018922,-0.023191324,-0.12530804,0.22853242
2024.02.16,000006.SZ,-0.5995805,0.27276585,-0.6469108,0.43615386,0.47262943,0.5086837,-0.4745105,0.55560267,0.48601395,0.21478498,0.5226737,-0.12197641,0.60233235,0.46937293,0.2729285,-0.6466605
2024.02.16,000007.SZ,0.20424736,-0.10867048,0.16041912,-0.06872928,-0.00940817,-0.16496623,0.1116887,-0.14407223,-0.24521366,0.020788234,-0.19323067,0.21208186,0.1147644,-0.070002064,-0.13426302,0.27159134
2024.02.16,000008.SZ,0.35903278,-0.24725436,0.36126837,-0.23555225,-0.05750267,-0.28956756,0.30016595,-0.2946747,-0.3837402,-0.112728685,-0.3707492,0.35905656,0.07253565,-0.22220254,-0.2292883,0.505506
2024.02.16,000009.SZ,0.3373774,-0.21879931,0.36979643,-0.25282535,-0.10151236,-0.27952403,0.2864401,-0.30297354,-0.36839244,-0.08000773,-0.33035117,0.283151,0.066002935,-0.23139916,-0.19158626,0.5118644
2024.02.16,000010.SZ,-0.028609067,0.098677486,-0.06805654,0.07885432,0.013669437,0.009121947,-0.15156043,0.03653979,-0.064613886,0.14526187,0.059141587,-0.03586826,0.16785692,0.117933586,2.8438866e-05,-0.040269215
2024.02.16,000011.SZ,-0.7909162,0.44385496,-0.84394014,0.6426234,0.61672944,0.7028162,-0.67921984,0.76023537,0.7156972,0.28958392,0.7376819,-0.31470487,0.70633036,0.6491756,0.41342378,-0.8592303
2024.02.16,000012.SZ,0.34820116,-0.14466676,0.33824462,-0.19459939,-0.17057659,-0.28584015,0.21311575,-0.31021592,-0.37823844,-0.021528054,-0.3007816,0.20350684,-0.026060676,-0.19584,-0.20017062,0.45579514
2024.02.16,000013.SZ,-0.49522457,0.16139488,-0.5320187,0.3676469,0.44784164,0.4067008,-0.3642591,0.46887946,0.36758673,0.17555395,0.3878288,0.009692939,0.5653056,0.39185205,0.20220895,-0.52750176
2024.02.16,000014.SZ,-0.5886004,0.33552235,-0.6650625,0.50271034,0.39242333,0.4898481,-0.55809516,0.56698513,0.4914756,0.26501065,0.56424075,-0.24279206,0.51416343,0.50410676,0.25228396,-0.69565916
2024.02.16,000015.SZ,0.353638,-0.21120352,0.3621618,-0.2152157,-0.11176034,-0.29472175,0.25235844,-0.30210468,-0.39104527,-0.075962566,-0.34297538,0.28601035,0.009153911,-0.2055747,-0.22566384,0.48209515
2024.02.16,000016.SZ,0.4671358,-0.19321826,0.4734971,-0.28440577,-0.27116305,-0.38902628,0.28965962,-0.41241425,-0.46624976,-0.05293539,-0.39939356,0.2213794,-0.129055,-0.2826611,-0.25872013,0.58114916
2024.02.16,000017.SZ,0.11239143,-0.1151789,0.083824,-0.05213191,0.10615338,-0.08737546,0.08447994,-0.05898917,-0.18949051,0.0034354902,-0.14886472,0.25839284,0.23969288,-0.02128281,-0.0961154,0.20661311
2024.02.16,000018.SZ,0.13430499,-0.05077059,0.1210075,-0.06080146,-0.011592852,-0.11584993,0.03935294,-0.10512405,-0.20769143,0.040447623,-0.11830714,0.13143718,0.12950447,-0.02662464,-0.09547911,0.20950556
2024.02.16,000019.SZ,-0.52570677,0.19506626,-0.5558749,0.39131534,0.46172988,0.4441914,-0.42309752,0.4967605,0.42718524,0.161395,0.44951153,-0.042018678,0.5771498,0.40880406,0.21817729,-0.57128346
2024.02.16,000020.SZ,-0.73977023,0.42612135,-0.8076249,0.6040138,0.5477634,0.64754194,-0.6489595,0.7114844,0.6479027,0.31109977,0.6953574,-0.30343625,0.6528226,0.6193548,0.37373993,-0.8221653
2024.02.16,000021.SZ,-0.49545613,0.23660016,-0.5500822,0.3979974,0.3883197,0.4074979,-0.44156924,0.47190064,0.39501476,0.20375846,0.44889534,-0.11684277,0.5127597,0.41710463,0.20662032,-0.56880003
2024.02.16,000022.SZ,0.39408123,-0.29254746,0.42278007,-0.28703412,-0.05360822,-0.32186902,0.3591126,-0.32146364,-0.4280033,-0.1197688,-0.4246448,0.4011954,0.08532808,-0.24053004,-0.2343562,0.5627217
2024.02.16,000023.SZ,0.122667015,-0.1498477,0.097064435,-0.046799928,0.12224926,-0.08969055,0.10758419,-0.06440544,-0.18801863,-0.019285135,-0.17327677,0.2988307,0.22583741,-0.027736956,-0.12265888,0.21044908
2024.02.16,000024.SZ,-0.54998976,0.3137837,-0.6223532,0.4515442,0.3576775,0.45044807,-0.5197007,0.51607424,0.45447242,0.22665069,0.52671224,-0.23092185,0.49277878,0.44209388,0.23087583,-0.6353309
2024.02.16,000025.SZ,-0.23604758,0.1660981,-0.29290435,0.23701118,0.12159823,0.17509218,-0.28368297,0.20987661,0.16371949,0.15424584,0.2576162,-0.12168766,0.28124776,0.20137508,0.0778297,-0.27231345
2024.02.16,600000.SH,-0.72871464,0.39649886,-0.7903143,0.5896931,0.54285944,0.6318223,-0.62754345,0.69680786,0.63221645,0.28358427,0.6741098,-0.27498174,0.6473509,0.59875107,0.35819003,-0.80748814
2024.02.16,600001.SH,0.12132241,-0.14990915,0.12521388,-0.08686143,0.09488624,-0.09084854,0.13332497,-0.09023712,-0.18104774,-0.056662634,-0.17591137,0.2878042,0.23223439,-0.06853696,-0.118244685,0.2539399
2024.02.16,600002.SH,-0.78045994,0.52344775,-0.84895116,0.65814805,0.49860704,0.6827475,-0.7235033,0.7468764,0.6984684,0.35572714,0.7648925,-0.46716574,0.63073707,0.6578941,0.4108291,-0.8629581
2024.02.16,600003.SH,-0.71693534,0.4387611,-0.7984695,0.6288644,0.47982186,0.61814207,-0.6714582,0.6933545,0.6391364,0.3049637,0.6962466,-0.36197388,0.5772506,0.60611373,0.32986134,-0.82407653
2024.02.16,600004.SH,-0.31162542,0.21352373,-0.35796702,0.25081047,0.12795779,0.23525044,-0.33109644,0.24634245,0.22031182,0.1598942,0.33096153,-0.18164146,0.32265425,0.22374222,0.115308575,-0.32474542
2024.02.16,600005.SH,0.37689683,-0.22287288,0.38006258,-0.24084182,-0.10208507,-0.30803016,0.29325578,-0.31287456,-0.4069287,-0.053470176,-0.36361444,0.311033,0.038662747,-0.21809486,-0.20856753,0.51455754
2024.02.16,600006.SH,0.2487468,-0.20999648,0.24794263,-0.16276118,0.033881743,-0.19909652,0.22861423,-0.19739433,-0.29893476,-0.083686195,-0.28705838,0.34555164,0.15378335,-0.14604276,-0.18030892,0.39370406
2024.02.16,600007.SH,0.024954634,0.015661912,-0.0030962373,0.041355707,0.0045043263,-0.043869622,-0.05736652,-0.027599543,-0.11010125,0.0775457,-0.013861775,0.04831777,0.1503108,0.028975878,-0.053963177,0.069139116
2024.02.16,600008.SH,0.39689624,-0.22912955,0.4267254,-0.27959022,-0.16824038,-0.33070803,0.31067038,-0.36415797,-0.42311323,-0.089599885,-0.3744949,0.27992445,-0.013110348,-0.26923543,-0.23260966,0.55941373
2024.02.16,600009.SH,-0.46212938,0.21342759,-0.5301534,0.41429687,0.3732695,0.38305712,-0.4362042,0.4521718,0.36469647,0.18981391,0.4161353,-0.08446276,0.47319445,0.40422192,0.16260324,-0.56243455
2024.02.16,600010.SH,0.20388459,-0.0672272,0.12898518,-0.017281301,-0.051593155,-0.17758031,0.03879405,-0.12645121,-0.24916387,0.052436803,-0.17070647,0.14941496,0.05762344,-0.036634613,-0.14205411,0.21157204
2024.02.16,600011.SH,-0.38881662,0.22182411,-0.46914062,0.35191905,0.2805999,0.31139743,-0.39742243,0.38593575,0.29388383,0.20961879,0.3690996,-0.11358795,0.41142318,0.3616171,0.14793684,-0.48144498
2024.02.16,600012.SH,-0.7981632,0.57439566,-0.8596722,0.6571462,0.463773,0.7026356,-0.75238395,0.75217927,0.71950895,0.3573017,0.7889562,-0.532212,0.6164476,0.6639177,0.42783216,-0.8740991
2024.02.16,600013.SH,-0.76363957,0.4432408,-0.8167233,0.6220441,0.5539371,0.67000264,-0.6774742,0.7271899,0.6847233,0.29012203,0.7251413,-0.3477705,0.66239595,0.6300206,0.3889366,-0.84058213
2024.02.16,600014.SH,0.47889423,-0.25384882,0.5009641,-0.31605008,-0.23531148,-0.39803064,0.34904996,-0.4290944,-0.48932737,-0.09413434,-0.43895602,0.29475513,-0.093954295,-0.3118102,-0.27827913,0.61926603
2024.02.16,600015.SH,-0.69805515,0.44192496,-0.7614795,0.5773569,0.42040992,0.5949517,-0.65108645,0.65114236,0.61616004,0.29533097,0.68351054,-0.38463464,0.5653406,0.5687233,0.3376853,-0.7880791
2024.02.16,600016.SH,-0.14488342,0.10431976,-0.23663938,0.24590187,0.14693263,0.11288078,-0.24563111,0.17886569,0.07941393,0.1531521,0.15576127,-0.0066410126,0.23639327,0.20356558,0.011409048,-0.24207768
2024.02.16,600017.SH,0.49474317,-0.32252598,0.5240993,-0.33335978,-0.15758367,-0.40935278,0.3986412,-0.42191786,-0.51472694,-0.13789646,-0.49841422,0.40806317,-0.046098884,-0.31246248,-0.3042916,0.6404938
2024.02.16,600018.SH,-0.15684058,0.036525577,-0.17082049,0.112161055,0.18107665,0.112776496,-0.14376356,0.1393621,0.07906025,0.034354284,0.11747737,0.06766798,0.33116922,0.10708581,0.014135067,-0.099990785
2024.02.16,600019.SH,0.28968972,-0.07139861,0.25385225,-0.12350514,-0.18049647,-0.24504851,0.10368204,-0.24542731,-0.30115908,0.02362312,-0.20464191,0.08599951,-0.04603928,-0.13857548,-0.16671924,0.35463226
2024.02.16,600020.SH,0.39276698,-0.18388462,0.369815,-0.19859591,-0.14496292,-0.31894735,0.23731205,-0.3149297,-0.42060274,-0.020335747,-0.35460237,0.26427606,-0.037784193,-0.18491429,-0.2305024,0.47662604
2024.02.16,600021.SH,-0.2824534,-0.029266216,-0.28784046,0.2038102,0.41506603,0.24314673,-0.1292348,0.28388008,0.17352356,0.06817617,0.1323716,0.252883,0.5131418,0.23222344,0.06504179,-0.2465719
2024.02.16,600022.SH,-0.7357374,0.45245683,-0.810834,0.6313031,0.504512,0.64006996,-0.6750818,0.7070468,0.66132325,0.30782542,0.71167564,-0.36458868,0.60941184,0.6114124,0.35434854,-0.8302154
2024.02.16,600023.SH,0.087517194,0.022937326,0.039905824,-0.0008785246,-0.031129422,-0.08790973,-0.050212678,-0.058521166,-0.15424499,0.083179966,-0.044276897,0.03748237,0.119142465,0.016475044,-0.06339893,0.11929179
2024.02.16,600024.SH,0.43626162,-0.23209664,0.45033288,-0.2678784,-0.20889977,-0.36318108,0.30882424,-0.38944468,-0.44904566,-0.08790331,-0.40486258,0.28053388,-0.07941076,-0.27571133,-0.26770303,0.5666715
2024.02.19,000001.SZ,-0.2895969,0.04857013,-0.31588587,0.21401286,0.3358437,0.23558305,-0.20484547,0.28728217,0.19210048,0.09018928,0.19912376,0.117013246,0.46579647,0.23241372,0.08574307,-0.27382267
2024.02.19,000002.SZ,0.10186714,-0.07748429,0.096834995,-0.044709682,0.053289384,-0.08655175,0.054157984,-0.07266707,-0.18377472,0.027164796,-0.120214894,0.18593779,0.19322605,-0.01917824,-0.08312506,0.18922153
2024.02.19,000003.SZ,-0.6777526,0.39850682,-0.7586436,0.57764727,0.47064173,0.5784224,-0.6178594,0.6557857,0.5823752,0.2888197,0.6395724,-0.2899167,0.5700238,0.57253295,0.3107709,-0.7819868
2024.02.19,000004.SZ,-0.21236739,0.060122125,-0.2384913,0.1839737,0.2225894,0.17401451,-0.17640722,0.1928109,0.12262155,0.08928106,0.16172569,0.067318425,0.36782476,0.17277063,0.047351632,-0.19707613
2024.02.19,000005.SZ,0.10700714,-0.092215,0.061036095,-0.014251336,0.10306363,-0.086155064,0.034266707,-0.04638805,-0.1809903,0.025419291,-0.12551402,0.23501086,0.20537145,0.010154462,-0.10563345,0.15252955
2024.02.19,000006.SZ,-0.75804865,0.4277987,-0.8081495,0.58423805,0.55861795,0.663629,-0.6411633,0.71258414,0.6684446,0.28556255,0.7071235,-0.31540364,0.68277925,0.6073868,0.39778972,-0.8168167
2024.02.19,000007.SZ,0.08704165,-0.068933204,0.035412896,0.017219596,0.079827026,-0.072168484,0.024209023,-0.035848968,-0.14781542,0.048637163,-0.100347176,0.19090925,0.19621944,0.011496321,-0.08655226,0.12884143
2024.02.19,000008.SZ,0.29149795,-0.1888255,0.2726565,-0.16399975,-0.019429283,-0.2369703,0.20426235,-0.22129439,-0.3295455,-0.06622464,-0.29656568,0.30836734,0.0927649,-0.14730418,-0.19583042,0.40025088
2024.02.19,000009.SZ,0.42185205,-0.27232343,0.4577361,-0.3105811,-0.14547196,-0.34875157,0.35486266,-0.3733295,-0.4435957,-0.10759519,-0.41147915,0.3329204,0.0149232205,-0.28708112,-0.23997007,0.5948538
2024.02.19,000010.SZ,-0.23629734,0.22754328,-0.29650062,0.21801993,0.06890133,0.16456276,-0.32830268,0.20887043,0.1343797,0.20354262,0.27205628,-0.19367172,0.24575634,0.24317683,0.09680786,-0.29093117
2024.02.19,000011.SZ,-0.66553324,0.3152105,-0.7227823,0.5097003,0.52931017,0.57297635,-0.5487218,0.63438416,0.5725341,0.21214665,0.5977907,-0.16618274,0.63546395,0.52472574,0.3050816,-0.73297435
2024.02.19,000012.SZ,-0.2869301,0.14407773,-0.3225422,0.23228757,0.21142383,0.22621337,-0.27348387,0.25074524,0.1846363,0.13081732,0.25654426,-0.038751718,0.3663969,0.23212864,0.092505,-0.30168885
2024.02.19,000013.SZ,-0.5371329,0.16131428,-0.569806,0.3924274,0.49075156,0.44688788,-0.3856055,0.5094425,0.4084726,0.1722827,0.41845256,0.022463178,0.60257,0.41912287,0.22096454,-0.5695463
2024.02.19,000014.SZ,-0.55651087,0.3183585,-0.63041306,0.46987772,0.3689381,0.46044698,-0.5330117,0.5356743,0.45684743,0.248309,0.53060186,-0.22289199,0.49369526,0.47697678,0.23264064,-0.659922
2024.02.19,000015.SZ,0.37808177,-0.2020543,0.37420407,-0.20996991,-0.14443932,-0.31493163,0.24467884,-0.32072335,-0.41031173,-0.06444266,-0.35130596,0.27056357,-0.037587762,-0.20870174,-0.24027282,0.4860363
2024.02.19,000016.SZ,0.3688367,-0.094826356,0.3557931,-0.18861681,-0.24416313,-0.30924714,0.16723424,-0.32376656,-0.37910062,0.009300876,-0.2837701,0.11445651,-0.10316345,-0.19057707,-0.19741231,0.44904363
2024.02.19,000017.SZ,-0.18136673,0.092265315,-0.23793612,0.14835773,0.16565524,0.12995721,-0.19976228,0.18067725,0.075722195,0.113939084,0.16852745,0.0063899183,0.3305905,0.1729989,0.050857786,-0.1674759
2024.02.19,000018.SZ,0.47755894,-0.23887002,0.483474,-0.29241738,-0.22105017,-0.39630833,0.32542193,-0.41223434,-0.50240725,-0.07235329,-0.43888485,0.3007497,-0.09836983,-0.27674785,-0.27994713,0.5943702
2024.02.19,000019.SZ,0.24828401,-0.12760656,0.23146659,-0.13647296,-0.038521692,-0.1996987,0.14622404,-0.19241747,-0.28722712,-0.01904171,-0.23165236,0.22156589,0.09118972,-0.11614511,-0.15264162,0.34685302
2024.02.19,000020.SZ,-0.742294,0.43961114,-0.8099737,0.6034207,0.5321411,0.6483877,-0.6555366,0.708475,0.65220165,0.3093063,0.703987,-0.33447793,0.64542085,0.61312973,0.37609214,-0.8217257
2024.02.19,000021.SZ,-0.30663198,0.088461,-0.37117392,0.30066353,0.35426286,0.2610226,-0.27696905,0.32870692,0.20643586,0.15639341,0.2332205,0.08929312,0.44035313,0.3125244,0.09003848,-0.38063878
2024.02.19,000022.SZ,0.489116,-0.3212296,0.51615095,-0.34451175,-0.15120086,-0.4053576,0.41035482,-0.41335547,-0.50734603,-0.1374559,-0.4906411,0.40410796,-0.01376387,-0.31357813,-0.28723586,0.6456722
2024.02.19,000023.SZ,0.28423813,-0.16042858,0.26593474,-0.15110932,-0.060451157,-0.22833753,0.18949272,-0.2302319,-0.3261345,-0.032216385,-0.27440527,0.25747553,0.063999854,-0.14112094,-0.18409042,0.38655177
2024.02.19,000024.SZ,0.0540627,0.05676541,0.006200638,0.026476907,-0.06757208,-0.06711182,-0.07993888,-0.05701564,-0.107498445,0.08224248,0.006747893,-0.03438309,0.09975218,-0.0070815952,-0.04869388,0.092867374
2024.02.19,000025.SZ,0.12363079,-0.006866185,0.09596461,-0.029146554,-0.058096565,-0.10874318,-0.00023691356,-0.103259444,-0.17450027,0.060815305,-0.07723059,0.052693915,0.094250925,-0.029873231,-0.079323575,0.17904027
2024.02.19,600000.SH,-0.8000907,0.48289716,-0.85653985,0.6605159,0.58791494,0.70777667,-0.7063363,0.7683492,0.7185365,0.32243922,0.75888807,-0.3834762,0.6893858,0.66566426,0.42673415,-0.8710917
2024.02.19,600001.SH,0.10381554,-0.14813164,0.11242727,-0.08615009,0.10705564,-0.075062186,0.13072236,-0.07893628,-0.1674218,-0.057568867,-0.16193555,0.28540146,0.25233075,-0.06664267,-0.107852615,0.24604315
2024.02.19,600002.SH,-0.77588123,0.5225032,-0.8441732,0.65402496,0.47553682,0.6735953,-0.7220811,0.7363026,0.6948135,0.35096347,0.7657481,-0.48639613,0.6170364,0.6447408,0.40540022,-0.8570124
2024.02.19,600003.SH,-0.749117,0.43990165,-0.8145386,0.6393524,0.52770835,0.6530644,-0.6798374,0.71831715,0.67235285,0.29380155,0.7180458,-0.35532832,0.6276723,0.6206996,0.35983348,-0.8396523
2024.02.19,600004.SH,-0.5063261,0.30291247,-0.55381495,0.38229167,0.25712085,0.4046092,-0.46654987,0.4248694,0.41466668,0.19794789,0.5019392,-0.26772192,0.4538401,0.35503635,0.21631975,-0.5428047
2024.02.19,600005.SH,0.20570427,-0.14859936,0.20436771,-0.13721229,0.04653277,-0.16310914,0.1638227,-0.14826034,-0.27070996,-0.01050206,-0.2279228,0.2793184,0.18379234,-0.08358858,-0.12114208,0.3289361
2024.02.19,600006.SH,0.36265802,-0.2582858,0.36532563,-0.23367994,-0.044262175,-0.2897888,0.31076354,-0.29891947,-0.39663923,-0.113372415,-0.38341492,0.38287088,0.07222687,-0.22058333,-0.2373576,0.5083896
2024.02.19,600007.SH,0.12296922,-0.066919476,0.10030621,-0.03523948,0.014838143,-0.11543728,0.046910476,-0.09532768,-0.20418973,0.033591937,-0.13359527,0.16891944,0.14615016,-0.027990561,-0.10291067,0.19774634
2024.02.19,600008.SH,0.48953936,-0.28986797,0.5127111,-0.33087313,-0.19317915,-0.4045805,0.3853054,-0.42729178,-0.5038354,-0.11061258,-0.46936652,0.35666522,-0.05823439,-0.31378788,-0.2860967,0.63591266
2024.02.19,600009.SH,-0.6558432,0.37772667,-0.7333748,0.58012116,0.45217618,0.55758786,-0.6163258,0.6304835,0.5733474,0.27941054,0.6321057,-0.29359993,0.5519657,0.55629337,0.2876985,-0.76888156
2024.02.19,600010.SH,-0.21088521,0.16243437,-0.33434594,0.27244785,0.138643,0.1486162,-0.3074374,0.24791896,0.12946321,0.18228447,0.22600713,-0.08112581,0.26037186,0.25316456,0.051806778,-0.3160978
2024.02.19,600011.SH,-0.37727118,0.19727121,-0.46165717,0.3583512,0.30438948,0.30514336,-0.39248365,0.3866539,0.2749695,0.20127112,0.34648558,-0.070404276,0.41057625,0.36850244,0.12893073,-0.4836536
2024.02.19,600012.SH,-0.8471032,0.61979324,-0.9012065,0.71172225,0.5388012,0.7629237,-0.7921275,0.8081293,0.78277135,0.3861171,0.834964,-0.57316047,0.6768884,0.71593523,0.48499608,-0.9113858
2024.02.19,600013.SH,-0.5755889,0.27590284,-0.60500443,0.41612,0.42972428,0.47830167,-0.4898313,0.52916735,0.47247207,0.1899817,0.5227985,-0.16741817,0.5660207,0.44920796,0.256235,-0.6259412
2024.02.19,600014.SH,0.5047147,-0.2617659,0.52233195,-0.32991496,-0.25744033,-0.4214301,0.363294,-0.4505544,-0.5122351,-0.09695271,-0.45737228,0.29931644,-0.11884087,-0.3284822,-0.2926308,0.6394972
2024.02.19,600015.SH,-0.23863855,0.1951885,-0.26948452,0.20646642,0.09069177,0.16830969,-0.30851093,0.19917376,0.14266177,0.15411691,0.27018273,-0.16856523,0.26549512,0.20660956,0.09055929,-0.26614445
2024.02.19,600016.SH,-0.28180373,0.19246253,-0.36225596,0.3172911,0.17468123,0.21709555,-0.35242128,0.27938616,0.20858403,0.18625714,0.30177063,-0.12842646,0.29308435,0.27212796,0.085520804,-0.37969235
2024.02.19,600017.SH,0.4164635,-0.24767064,0.44580957,-0.28701413,-0.14899433,-0.3468861,0.31553835,-0.36491027,-0.4483189,-0.0998196,-0.4056949,0.31710193,-0.01744906,-0.26173624,-0.249245,0.5676477
2024.02.19,600018.SH,0.34291914,-0.19330421,0.33635992,-0.21280101,-0.09457048,-0.27670205,0.2431356,-0.28536227,-0.3631716,-0.08231456,-0.3278892,0.28391647,0.035867997,-0.20333539,-0.21394703,0.4689606
2024.02.19,600019.SH,0.45146757,-0.1639461,0.43337035,-0.24357979,-0.2754212,-0.3789352,0.2445147,-0.39187407,-0.44981214,-0.021949101,-0.36476013,0.17759864,-0.15103193,-0.25363842,-0.2548756,0.54167366
2024.02.19,600020.SH,0.35935625,-0.15435281,0.32542282,-0.16084611,-0.1421624,-0.29556662,0.19302177,-0.2883542,-0.39441505,-0.0006887688,-0.31299654,0.22652076,-0.03792895,-0.16022727,-0.21533918,0.42849198
2024.02.19,600021.SH,0.30080414,-0.23745103,0.2786395,-0.1608249,0.04982611,-0.22765897,0.2636989,-0.20749654,-0.3416655,-0.055622336,-0.34194773,0.4012695,0.14346895,-0.12819524,-0.19759227,0.408731
2024.02.19,600022.SH,-0.5953732,0.35482937,-0.68052477,0.5325929,0.38309315,0.49531057,-0.5766306,0.56508553,0.51512647,0.2546224,0.58256495,-0.2780246,0.48756027,0.4945813,0.24139771,-0.71107703
2024.02.19,600023.SH,-0.40797544,0.24554968,-0.47903284,0.32308632,0.25714058,0.31562075,-0.40800357,0.3842495,0.30495435,0.188107,0.39331207,-0.16559987,0.4083968,0.34121335,0.16476566,-0.4688371
2024.02.19,600024.SH,0.40536603,-0.22749309,0.42016867,-0.25089145,-0.17168973,-0.33493993,0.29316393,-0.35843605,-0.42193872,-0.08984077,-0.38327765,0.28655612,-0.04249225,-0.25409958,-0.2532538,0.5389262
2024.02.20,000001.SZ,0.14047725,-0.13397275,0.11217545,-0.06325063,0.09134129,-0.10938077,0.11763828,-0.081323124,-0.1989801,-0.002674335,-0.17532502,0.27509317,0.22350365,-0.041671805,-0.10847769,0.23742439
2024.02.20,000002.SZ,0.19088598,-0.0978671,0.17551972,-0.08943682,-0.03048253,-0.15963925,0.10677195,-0.15403834,-0.24889204,0.01584376,-0.17721112,0.1809229,0.11524837,-0.084434114,-0.120801985,0.28378442
2024.02.20,000003.SZ,-0.77574235,0.463387,-0.8382024,0.64737207,0.5717421,0.6838054,-0.68740964,0.7502891,0.6884758,0.31406045,0.7305416,-0.3432371,0.6641291,0.65119326,0.39626747,-0.8569081
2024.02.20,000004.SZ,-0.5761588,0.29629844,-0.6215246,0.46278834,0.38263556,0.47747916,-0.50356233,0.5185085,0.48274025,0.21146382,0.5376996,-0.21663481,0.52961415,0.44028655,0.24569532,-0.642241
2024.02.20,000005.SZ,-0.70326483,0.37152296,-0.7713988,0.58697957,0.54366624,0.6106408,-0.62011063,0.68131644,0.61641824,0.27488193,0.6570942,-0.24735239,0.63371927,0.59079885,0.33221072,-0.79707336
2024.02.20,000006.SZ,-0.8367196,0.5301766,-0.88569593,0.6845859,0.6191469,0.75225765,-0.73683107,0.7990642,0.768628,0.34130913,0.80191576,-0.44200596,0.73020226,0.69446176,0.47672915,-0.8938819
2024.02.20,000007.SZ,0.19178224,-0.08101602,0.13808484,-0.043609083,-0.033522744,-0.16203213,0.078389965,-0.1408673,-0.23380522,0.037595525,-0.16666834,0.1705705,0.08967307,-0.061421644,-0.13229597,0.24326605
2024.02.20,000008.SZ,-0.5326905,0.20249477,-0.57170635,0.41080388,0.44122624,0.43951854,-0.43802387,0.50124115,0.43702158,0.14419135,0.4592366,-0.068537824,0.5561407,0.40546718,0.20374586,-0.5856101
2024.02.20,000009.SZ,0.47296596,-0.30186918,0.5001543,-0.32530215,-0.1554316,-0.38768578,0.38547707,-0.40470216,-0.48921812,-0.11782737,-0.46519256,0.37866116,-0.021682432,-0.30189183,-0.27600867,0.62487763
2024.02.20,000010.SZ,-0.4274382,0.33679983,-0.5100081,0.3670767,0.16747743,0.32600096,-0.48355886,0.39177296,0.32208133,0.26064748,0.45184267,-0.30356488,0.3390527,0.38327533,0.18662311,-0.52758247
2024.02.20,000011.SZ,-0.5794192,0.2634305,-0.64244926,0.44190598,0.45303723,0.48833743,-0.47818455,0.54893786,0.47913173,0.18714198,0.5173823,-0.12287832,0.5744488,0.450807,0.24435943,-0.6415621
2024.02.20,000012.SZ,-0.51177394,0.24327748,-0.5545123,0.3841572,0.36803156,0.42573106,-0.43035573,0.46136522,0.4085259,0.17554037,0.45820993,-0.12215935,0.51315665,0.38902944,0.20777407,-0.5598203
2024.02.20,000013.SZ,-0.7116481,0.30593064,-0.75293106,0.54610854,0.5904103,0.61765885,-0.5586352,0.6776036,0.6097176,0.23358071,0.62035775,-0.13764799,0.69093126,0.56341255,0.3440317,-0.76908404
2024.02.20,000014.SZ,-0.2483981,0.18489523,-0.328212,0.2648783,0.1559999,0.18856029,-0.3242544,0.25662804,0.15207195,0.19835965,0.25720012,-0.11057125,0.29211682,0.27439344,0.08627141,-0.33502543
2024.02.20,000015.SZ,0.46383187,-0.26645088,0.4822986,-0.30198526,-0.19094129,-0.38484186,0.34300306,-0.4051916,-0.48674983,-0.1143257,-0.44275573,0.33258665,-0.06848436,-0.28945452,-0.2837066,0.59949106
2024.02.20,000016.SZ,0.37627012,-0.1564528,0.3770044,-0.2091164,-0.17852388,-0.30723548,0.22274868,-0.32017735,-0.39641607,-0.027520385,-0.33338863,0.21924564,-0.04581619,-0.19575357,-0.21297786,0.47528157
2024.02.20,000017.SZ,-0.63685066,0.38388583,-0.7197378,0.5107675,0.39977485,0.5307776,-0.5779485,0.60285455,0.538546,0.27099782,0.6151142,-0.30631942,0.5482791,0.5140901,0.29701498,-0.7196038
2024.02.20,000018.SZ,0.3132035,-0.11672017,0.28251627,-0.1369766,-0.13783321,-0.2606463,0.15397747,-0.25667918,-0.36262804,0.02079084,-0.27194282,0.18807483,-0.011354875,-0.13054799,-0.18654159,0.3810014
2024.02.20,000019.SZ,-0.35351095,0.20959684,-0.41660085,0.3137317,0.23201516,0.27306646,-0.37165517,0.3332643,0.26346084,0.1802514,0.34658858,-0.1347582,0.3665644,0.3020471,0.12886572,-0.41897193
2024.02.20,000020.SZ,-0.83857477,0.56524295,-0.89765805,0.71384734,0.59719753,0.75366104,-0.7637096,0.80903554,0.77058715,0.3764806,0.8145714,-0.4908111,0.7010828,0.71194553,0.4721509,-0.90609556
2024.02.20,000021.SZ,0.16706643,-0.107272565,0.124481335,-0.03433183,0.06213209,-0.1217625,0.08588265,-0.0964608,-0.23295964,0.042632088,-0.18546866,0.25319088,0.15915467,-0.0092586335,-0.12196257,0.20779507
2024.02.20,000022.SZ,0.40885043,-0.2733736,0.41001642,-0.2663924,-0.07248764,-0.3302115,0.33666235,-0.32122865,-0.43370363,-0.09943086,-0.41593814,0.38389868,0.055188514,-0.22971316,-0.2426975,0.5474467
2024.02.20,000023.SZ,-0.07448503,-0.008040456,-0.1110512,0.08818554,0.16208278,0.059066936,-0.06953703,0.08145646,-0.0006851888,0.049949925,0.03112733,0.14040072,0.29721192,0.083039485,-0.020704402,-0.026733262
2024.02.20,000024.SZ,-0.6767382,0.45573002,-0.7544821,0.56515,0.3579557,0.56213385,-0.64939654,0.6224819,0.5918543,0.30173784,0.6760512,-0.4325891,0.5152388,0.5392712,0.31870037,-0.7676783
2024.02.20,000025.SZ,0.25029847,-0.09194291,0.25577936,-0.15438077,-0.12504214,-0.2114565,0.13344435,-0.2284339,-0.29757518,0.0023122425,-0.2094593,0.133794,0.04124752,-0.1341916,-0.13955128,0.36566716
2024.02.20,600000.SH,-0.8482319,0.5420585,-0.8976507,0.71354765,0.63623565,0.76449865,-0.7569331,0.8197116,0.77994215,0.35279155,0.8129153,-0.4507617,0.731793,0.7158321,0.48383373,-0.909239
2024.02.20,600001.SH,-0.10401142,-0.032097995,-0.10244213,0.055554602,0.1747048,0.081378356,-0.03950148,0.08290355,0.025895966,0.0030521245,0.040827118,0.1534232,0.3394246,0.04823323,-0.011099017,0.0037996063
2024.02.20,600002.SH,-0.77374774,0.4847869,-0.83789706,0.6483285,0.51548487,0.6741956,-0.7013456,0.7353584,0.69479704,0.3241078,0.75168556,-0.4278777,0.64228487,0.6351157,0.3975361,-0.85104674
2024.02.20,600003.SH,-0.6163916,0.3328038,-0.68834937,0.5417206,0.42465317,0.51468515,-0.57559216,0.58842516,0.5291787,0.24193913,0.5851412,-0.24674451,0.5264056,0.5103137,0.25256428,-0.7255463
2024.02.20,600004.SH,-0.76333445,0.5025096,-0.81562,0.6077601,0.44845736,0.66178817,-0.6970355,0.6943238,0.69107264,0.30099905,0.7514349,-0.4753751,0.62288743,0.59571743,0.39599857,-0.8273126
2024.02.20,600005.SH,-0.016363787,-0.06256409,-0.020819362,0.009265148,0.20341557,0.020613492,0.0048800395,0.052913435,-0.081648104,0.047798805,-0.05005295,0.22980328,0.33610034,0.07583514,-0.02065796,0.066904925
2024.02.20,600006.SH,0.16731705,-0.16501278,0.15460835,-0.08467396,0.08722423,-0.1279744,0.14630584,-0.11975029,-0.23827727,-0.044917446,-0.22069468,0.3223348,0.19479838,-0.067524366,-0.149097,0.2735134
2024.02.20,600007.SH,0.07643478,-0.053837035,0.05447957,-0.017161759,0.04134571,-0.079603784,0.025310786,-0.060663864,-0.15941231,0.029647134,-0.09839585,0.16066414,0.18614426,-0.012559828,-0.08397646,0.16003948
2024.02.20,600008.SH,0.40246084,-0.23295729,0.4132153,-0.268373,-0.12468546,-0.32830358,0.30946103,-0.34261006,-0.42564064,-0.085724466,-0.38493058,0.31820896,0.013547128,-0.24685296,-0.23281147,0.54595953
2024.02.20,600009.SH,-0.18874681,0.13478146,-0.2719167,0.266497,0.10677278,0.13060167,-0.27400014,0.18852553,0.111057535,0.16375753,0.21183585,-0.08593099,0.22000477,0.20566718,0.02933998,-0.2721445
2024.02.20,600010.SH,-0.6953034,0.44935066,-0.7915569,0.60419136,0.44820505,0.5929277,-0.6574263,0.6853704,0.6097733,0.32074374,0.6744138,-0.35965478,0.55760413,0.5955879,0.32874697,-0.8066598
2024.02.20,600011.SH,-0.29760385,0.21377273,-0.40673178,0.34859785,0.1939157,0.23112766,-0.3867678,0.3160824,0.21063067,0.22301729,0.3125157,-0.13045551,0.2960634,0.3314739,0.091509715,-0.4355479
2024.02.20,600012.SH,-0.8336257,0.59590137,-0.8901743,0.70137864,0.53199095,0.7461773,-0.77809155,0.79195726,0.77126765,0.36791277,0.82174075,-0.55515385,0.66502815,0.69911104,0.46503648,-0.9018382
2024.02.20,600013.SH,-0.050055902,0.011175161,-0.05686703,0.033217143,0.14687598,0.036683533,-0.07708477,0.063959934,-0.044265296,0.06453779,0.021409232,0.11487148,0.2876666,0.09901133,-0.0077741146,0.0049708746
2024.02.20,600014.SH,0.46257928,-0.20103356,0.45422816,-0.2678146,-0.2500841,-0.38922578,0.29011214,-0.40186512,-0.47295707,-0.047130223,-0.39683795,0.23541112,-0.11831009,-0.27267098,-0.26060024,0.5701206
2024.02.20,600015.SH,0.1264613,0.044617597,0.107555114,-0.03659598,-0.12794475,-0.12283574,-0.04883227,-0.12155861,-0.18714677,0.0803698,-0.0432621,-0.039757118,0.035199825,-0.025661534,-0.07226961,0.16619124
2024.02.20,600016.SH,0.25875,-0.014033138,0.19111161,-0.042286184,-0.19123018,-0.2208128,0.028612468,-0.20936446,-0.27091122,0.07417345,-0.15361835,0.024560243,-0.08113819,-0.091158934,-0.15026604,0.2611643
2024.02.20,600017.SH,0.44439822,-0.27240074,0.47816566,-0.31260058,-0.1616296,-0.37261483,0.3458182,-0.3908491,-0.47538936,-0.11774025,-0.43634635,0.33956453,-0.030474491,-0.2875818,-0.267718,0.6013972
2024.02.20,600018.SH,-0.33465624,0.17827061,-0.39736235,0.28551838,0.23334908,0.2591263,-0.33587524,0.31110397,0.25979227,0.13281704,0.3178637,-0.09117859,0.3720608,0.2627306,0.104579814,-0.378333
2024.02.20,600019.SH,0.32494265,-0.05079621,0.27782354,-0.12956613,-0.25028148,-0.2841504,0.09727446,-0.2848053,-0.3297677,0.039364792,-0.20877643,0.03407238,-0.11963137,-0.16439214,-0.17993666,0.38205457
2024.02.20,600020.SH,0.029886814,0.058071047,-0.040589463,0.094271176,-0.039125014,-0.053906906,-0.12266823,-0.014466647,-0.10469785,0.124601975,0.026499256,-0.027624518,0.08537526,0.059958234,-0.053732567,0.011048605
2024.02.20,600021.SH,-0.25604838,-8.843467e-05,-0.27953973,0.20858327,0.36340457,0.22181937,-0.15222661,0.26370206,0.1574085,0.08846489,0.14140995,0.19932973,0.4672451,0.22666657,0.059216034,-0.24323152
2024.02.20,600022.SH,-0.6836097,0.39920196,-0.7571923,0.599989,0.46229535,0.58327204,-0.6369527,0.6484816,0.6116359,0.26963222,0.6620453,-0.3231746,0.5610077,0.559185,0.29932785,-0.7883678
2024.02.20,600023.SH,-0.31262612,0.1591577,-0.3680612,0.23585363,0.24224415,0.23484151,-0.30634436,0.29825005,0.20213468,0.13569133,0.2808348,-0.055817805,0.3924254,0.2655935,0.11127723,-0.33411723
2024.02.20,600024.SH,0.4129894,-0.23308977,0.4246722,-0.24712713,-0.17665426,-0.3420987,0.29838592,-0.36322808,-0.4265753,-0.090231076,-0.3918144,0.2918556,-0.050748058,-0.25801185,-0.25940278,0.542556
2024.02.21,000001.SZ,-0.21395142,0.03565921,-0.2574456,0.18278772,0.27602124,0.170926,-0.16714677,0.2257784,0.11450216,0.099957645,0.14180094,0.12129369,0.40660456,0.19946162,0.05399905,-0.20334329
2024.02.21,000002.SZ,0.020601597,-0.0023972122,-0.027660802,0.07193289,0.05325321,-0.026689555,-0.057353925,0.004755394,-0.097526066,0.08839643,-0.015657643,0.09029947,0.1824341,0.05015641,-0.050802864,0.03676239
2024.02.21,000003.SZ,-0.6955664,0.39774558,-0.77212834,0.58653265,0.4969177,0.59760153,-0.6228528,0.67345816,0.5941901,0.2870539,0.648324,-0.27427772,0.5924123,0.5863942,0.3199733,-0.79385006
2024.02.21,000004.SZ,-0.15885182,0.079863146,-0.17566028,0.14980286,0.11704106,0.1174043,-0.17376307,0.12459302,0.067272164,0.094549604,0.14635994,-0.009896963,0.2762057,0.12818025,0.02746091,-0.13474777
2024.02.21,000005.SZ,-0.6977148,0.3744953,-0.7700056,0.59424317,0.5340189,0.6046655,-0.62648064,0.6774889,0.615845,0.27471244,0.65719545,-0.2586205,0.61924964,0.58788794,0.32374132,-0.798266
2024.02.21,000006.SZ,-0.8285776,0.49030235,-0.8728041,0.6741158,0.63481545,0.74527264,-0.71632653,0.78966117,0.76108485,0.3149776,0.7862515,-0.39091662,0.74126834,0.68211365,0.46515197,-0.8857757
2024.02.21,000007.SZ,-0.096800655,0.0046336134,-0.16323237,0.15428698,0.19321898,0.07459126,-0.11735093,0.12639803,0.01889343,0.090723515,0.05841946,0.13401178,0.29920417,0.134035,-0.014156647,-0.105612315
2024.02.21,000008.SZ,-0.18693912,0.034307048,-0.21658553,0.17301308,0.23191768,0.13713683,-0.18129417,0.19022518,0.08831489,0.07078852,0.13371235,0.09069489,0.3500938,0.17040329,0.024203505,-0.1793607
2024.02.21,000009.SZ,0.40587872,-0.24435215,0.42217213,-0.26379585,-0.1321725,-0.32979837,0.3106137,-0.34862807,-0.43157005,-0.08648567,-0.39162633,0.3219223,-0.003932113,-0.246732,-0.24128601,0.54576963
2024.02.21,000010.SZ,-0.61844057,0.42667547,-0.702199,0.51011616,0.33768654,0.5134648,-0.60811687,0.5837834,0.5231525,0.30031818,0.61389184,-0.36531353,0.49079233,0.52551806,0.29134512,-0.7235175
2024.02.21,000011.SZ,-0.6284596,0.35025483,-0.702963,0.50470865,0.42214695,0.52654,-0.55657893,0.5894769,0.52976125,0.24595746,0.59461325,-0.25780794,0.5519695,0.50096935,0.2794428,-0.7099215
2024.02.21,000012.SZ,-0.2377317,0.14495635,-0.26617095,0.17915046,0.14261557,0.17918657,-0.24366437,0.19086866,0.13156335,0.12446955,0.22599818,-0.06447697,0.31725183,0.1888106,0.075486116,-0.22938725
2024.02.21,000013.SZ,-0.7509173,0.34485722,-0.7932125,0.5890927,0.61762345,0.66051805,-0.601096,0.7172121,0.65929264,0.25286216,0.6675304,-0.18046205,0.7135674,0.60105914,0.37702963,-0.81112117
2024.02.21,000014.SZ,-0.20986271,0.22022977,-0.29529905,0.2402589,0.04425852,0.13954625,-0.32617906,0.19663802,0.122802034,0.20973594,0.26213476,-0.20100887,0.2095334,0.22777982,0.07997708,-0.2860195
2024.02.21,000015.SZ,0.43905032,-0.25538385,0.458544,-0.29055887,-0.1716188,-0.36224392,0.32817978,-0.38673496,-0.4677682,-0.11544627,-0.42347682,0.32864878,-0.04477843,-0.27609214,-0.27084506,0.57847744
2024.02.21,000016.SZ,0.47362968,-0.2170246,0.48069865,-0.27554843,-0.24401571,-0.3912802,0.3066514,-0.4109525,-0.48837644,-0.055006493,-0.42720386,0.27147025,-0.120161764,-0.2680953,-0.2729373,0.5794969
2024.02.21,000017.SZ,-0.82984793,0.5691705,-0.89320385,0.7063982,0.56942624,0.74014723,-0.76332974,0.8038241,0.7577942,0.37453076,0.80952156,-0.5013607,0.6801907,0.704894,0.46098477,-0.90078694
2024.02.21,000018.SZ,-0.5786383,0.31772912,-0.6601313,0.47977304,0.4047082,0.4825052,-0.52103823,0.55987203,0.47256088,0.2564449,0.5351674,-0.2010684,0.5308743,0.4879949,0.25228274,-0.67283124
2024.02.21,000019.SZ,0.27511925,-0.07445574,0.24257672,-0.121469855,-0.14209917,-0.23063892,0.10816871,-0.2283477,-0.306602,0.020425746,-0.21382666,0.12400168,-0.003510051,-0.12502979,-0.15811288,0.34406185
2024.02.21,000020.SZ,-0.84179485,0.572509,-0.89884025,0.71614766,0.58701545,0.7551946,-0.76645225,0.80846584,0.77599645,0.37297282,0.81927073,-0.51159817,0.6987267,0.7077291,0.47628775,-0.9066526
2024.02.21,000021.SZ,0.19899642,-0.13003281,0.1667283,-0.06355738,0.027472101,-0.15319242,0.11880681,-0.13664299,-0.26339856,0.016210608,-0.21554731,0.2607563,0.1318916,-0.051765524,-0.143062,0.2610882
2024.02.21,000022.SZ,-0.24298215,0.0073922235,-0.2795806,0.21045136,0.34086612,0.20052105,-0.17549494,0.26646325,0.13470171,0.09595905,0.14401668,0.17042379,0.4459431,0.23766807,0.054717857,-0.24918315
2024.02.21,000023.SZ,-0.25743115,0.08071967,-0.30184928,0.21015558,0.25611332,0.20322298,-0.2055543,0.23873909,0.16996168,0.100316815,0.1977215,0.052575957,0.3957257,0.20046301,0.06979941,-0.24662878
2024.02.21,000024.SZ,-0.7133548,0.47843626,-0.7849096,0.5881164,0.39408046,0.6022451,-0.6696868,0.6580264,0.6357885,0.3083774,0.70796376,-0.45190084,0.5563743,0.56394666,0.3518582,-0.7957978
2024.02.21,000025.SZ,0.42778695,-0.19011892,0.43875092,-0.2813101,-0.22523531,-0.35585612,0.28054124,-0.38117906,-0.4489097,-0.050947662,-0.3721826,0.22631447,-0.06817756,-0.25814664,-0.2321412,0.5588246
2024.02.21,600000.SH,-0.77983093,0.43864667,-0.8259275,0.62747353,0.5724443,0.68198705,-0.67618513,0.7405418,0.69078815,0.28781188,0.7300881,-0.3430091,0.6847161,0.6316595,0.40566525,-0.8454767
2024.02.21,600001.SH,0.2707569,-0.18183053,0.26633132,-0.16902822,-0.044500556,-0.21480624,0.21973205,-0.23139895,-0.30572778,-0.069913685,-0.27653897,0.28079075,0.101132184,-0.16766876,-0.18119493,0.40532672
2024.02.21,600002.SH,-0.55003273,0.3152871,-0.61896724,0.45984253,0.32140273,0.43999916,-0.51136845,0.4987242,0.4474075,0.23450726,0.5337508,-0.26568958,0.4679969,0.42760998,0.22927468,-0.6288412
2024.02.21,600003.SH,0.2525489,-0.117923334,0.19553258,-0.04892793,-0.057297442,-0.20885198,0.09764121,-0.1766165,-0.29225844,0.014807085,-0.23346561,0.213622,0.021917773,-0.07071496,-0.18520015,0.27189162
2024.02.21,600004.SH,-0.6592484,0.40487397,-0.6976391,0.49799055,0.34973267,0.5489846,-0.5881685,0.5642902,0.58134377,0.23768748,0.6500611,-0.38869396,0.5506,0.4665392,0.31814975,-0.70451134
2024.02.21,600005.SH,0.14277586,-0.11777928,0.13055077,-0.076372206,0.099680744,-0.10724556,0.10552154,-0.0834348,-0.22211684,0.021270847,-0.1810067,0.27111626,0.21988806,-0.014863272,-0.09913651,0.23352021
2024.02.21,600006.SH,-0.03231385,-0.05485166,-0.058752816,0.06273955,0.17364115,0.027888143,-0.03314916,0.05211494,-0.06806544,0.028821936,-0.032519884,0.21434586,0.28600445,0.07611756,-0.055815786,0.015142289
2024.02.21,600007.SH,-0.3790736,0.16449626,-0.43976748,0.31136408,0.2993105,0.29688823,-0.33051208,0.3515229,0.26999477,0.15324412,0.3187519,-0.041742597,0.42942247,0.30444056,0.12505904,-0.41846505
2024.02.21,600008.SH,0.3651353,-0.21636084,0.36439958,-0.22890146,-0.08329417,-0.29787835,0.27480805,-0.30003774,-0.39741325,-0.07304091,-0.3577033,0.31883967,0.04404081,-0.20913747,-0.21775584,0.49635938
2024.02.21,600009.SH,0.20955186,-0.079825446,0.14780901,-0.01955744,-0.0730588,-0.18114536,0.061907906,-0.15641762,-0.2524207,0.04602208,-0.17139204,0.14719014,0.026234679,-0.06058831,-0.15389486,0.2324479
2024.02.21,600010.SH,-0.8128058,0.5696328,-0.8851242,0.7031474,0.5432138,0.72124535,-0.7605432,0.7963819,0.74025524,0.3829915,0.7944797,-0.49347335,0.64792615,0.7001572,0.4416664,-0.8961945
2024.02.21,600011.SH,-0.6167376,0.3825846,-0.7048459,0.5467486,0.3919852,0.5159972,-0.6015105,0.59531665,0.52808183,0.2907962,0.60444665,-0.30713648,0.5051812,0.53614295,0.26968396,-0.73791116
2024.02.21,600012.SH,-0.7118686,0.44485733,-0.77470237,0.5850449,0.44636187,0.6095441,-0.65326023,0.65727794,0.63818693,0.28008235,0.6954513,-0.3993325,0.5820514,0.56697166,0.34713548,-0.7952652
2024.02.21,600013.SH,0.3841519,-0.19009984,0.37778622,-0.23265217,-0.11507673,-0.3090516,0.2567321,-0.3095986,-0.41780046,-0.030489655,-0.3596068,0.28891578,0.006207811,-0.18347451,-0.21448825,0.49109527
2024.02.21,600014.SH,0.045013744,-0.038049173,0.0014534489,0.037840974,0.08169546,-0.04493769,-0.022715364,-0.005867533,-0.111354016,0.05519242,-0.05183623,0.14457932,0.20691353,0.03424032,-0.06442786,0.079618305
2024.02.21,600015.SH,0.22059578,-0.024258131,0.2040785,-0.09426757,-0.14128634,-0.19098593,0.040815115,-0.19201079,-0.2744765,0.05056358,-0.15248746,0.057645887,0.0022881513,-0.07406271,-0.12468773,0.27359116
2024.02.21,600016.SH,0.39609864,-0.10292821,0.34683496,-0.14984241,-0.26531896,-0.33218262,0.1651362,-0.33638033,-0.3945471,0.027346984,-0.2948456,0.115462944,-0.15733536,-0.196164,-0.22383069,0.43964034
2024.02.21,600017.SH,0.42998967,-0.27863815,0.4605088,-0.29695508,-0.13645616,-0.3609835,0.34684014,-0.37426877,-0.4630962,-0.12095606,-0.43345323,0.35522655,-0.008092737,-0.27814737,-0.2640642,0.5882919
2024.02.21,600018.SH,0.03739179,0.00011871196,-0.011333109,0.027105058,0.041186392,-0.040067736,-0.04219269,-0.014000589,-0.09307208,0.04593501,-0.030962164,0.096334845,0.18298908,0.021883734,-0.060559165,0.0804212
2024.02.21,600019.SH,0.3488073,-0.1051774,0.3147995,-0.15807512,-0.20147598,-0.29427335,0.15449917,-0.29478446,-0.36654964,0.013753184,-0.2693983,0.13431717,-0.0789261,-0.17130251,-0.1980334,0.41968313
2024.02.21,600020.SH,-0.07773398,0.07993738,-0.14798075,0.15453002,0.04886377,0.030457767,-0.17721133,0.079907216,-0.019202992,0.1374694,0.09945107,-0.026951151,0.17479591,0.12505461,-0.010645606,-0.10206465
2024.02.21,600021.SH,-0.21765599,-0.036790375,-0.23344399,0.16810323,0.35419798,0.19448377,-0.09938863,0.23077428,0.12275493,0.066193774,0.09626421,0.2361937,0.46554565,0.18831854,0.043081786,-0.17555985
2024.02.21,600022.SH,-0.3487643,0.18506177,-0.43139908,0.3769072,0.26090682,0.27351648,-0.38975802,0.34357795,0.2752158,0.16469069,0.33725742,-0.09285915,0.33922362,0.31569985,0.08517712,-0.46438897
2024.02.21,600023.SH,-0.804385,0.5281973,-0.8648556,0.65994275,0.5548013,0.71038115,-0.72610843,0.77100396,0.73096997,0.33556485,0.7758312,-0.45236453,0.6712689,0.6671981,0.4383609,-0.8743841
2024.02.21,600024.SH,0.4166924,-0.2450663,0.43136638,-0.2554706,-0.16345984,-0.34227863,0.31156057,-0.36332923,-0.43388987,-0.094344616,-0.40310752,0.3126983,-0.03643263,-0.25713593,-0.2607656,0.5502275
2024.02.22,000001.SZ,0.08634807,-0.08979331,0.056103054,-0.019798486,0.10609153,-0.06990724,0.052268617,-0.03744847,-0.1698733,0.03485389,-0.1209276,0.23113172,0.239032,0.011445946,-0.07872103,0.15921354
2024.02.22,000002.SZ,0.020752093,-0.01221308,-0.038608402,0.08934685,0.065532416,-0.029610299,-0.06599909,0.01460429,-0.10171019,0.0892771,-0.02243477,0.10509466,0.17824847,0.06378804,-0.061646193,0.019529065
2024.02.22,000003.SZ,-0.8200678,0.5276422,-0.8802663,0.6992848,0.59231305,0.7330774,-0.7380935,0.7944411,0.7424921,0.35128224,0.7846751,-0.42507944,0.68435085,0.69633484,0.4392681,-0.8941375
2024.02.22,000004.SZ,0.24786685,-0.12700014,0.25466093,-0.15039995,-0.08697672,-0.20311838,0.15965565,-0.22558731,-0.2941741,-0.03012246,-0.23153336,0.19437756,0.061720777,-0.14371863,-0.15818018,0.37050566
2024.02.22,000005.SZ,-0.755764,0.4218053,-0.81878054,0.64024174,0.57207394,0.6633663,-0.67396843,0.7287106,0.6828926,0.28699964,0.7187209,-0.3232547,0.65901446,0.6276834,0.3717839,-0.84307283
2024.02.22,000006.SZ,-0.7204969,0.34805936,-0.7590138,0.56653893,0.5495439,0.62648505,-0.59030944,0.6698043,0.6380182,0.23938037,0.66341215,-0.23775458,0.67421365,0.559229,0.35599628,-0.77976274
2024.02.22,000007.SZ,-0.57598925,0.29098222,-0.646918,0.48388243,0.40520242,0.47385165,-0.50884736,0.5372941,0.49152046,0.21666732,0.53930676,-0.20554124,0.5259199,0.44689947,0.23815027,-0.6572692
2024.02.22,000008.SZ,-0.2776028,0.05582327,-0.30433646,0.23689568,0.30717614,0.21775095,-0.23316842,0.2723738,0.16605353,0.09708846,0.20033123,0.0868711,0.4145493,0.2387775,0.06635797,-0.28888986
2024.02.22,000009.SZ,0.45055068,-0.26107076,0.4707123,-0.3051381,-0.17666243,-0.3683187,0.3470936,-0.39513656,-0.46790397,-0.10211851,-0.425105,0.32590625,-0.0376434,-0.2889724,-0.26148385,0.5975328
2024.02.22,000010.SZ,-0.5812654,0.3875019,-0.6602839,0.4669606,0.32365322,0.48064396,-0.5642635,0.5420025,0.48459858,0.26947993,0.57446754,-0.31942692,0.4850055,0.48261562,0.2669168,-0.675235
2024.02.22,000011.SZ,-0.8216327,0.5108696,-0.8774502,0.6823084,0.6068616,0.73442954,-0.72656024,0.7902335,0.7499694,0.3259754,0.7850788,-0.41574273,0.7066758,0.6826222,0.4455668,-0.8873966
2024.02.22,000012.SZ,-0.50721097,0.2932724,-0.5581782,0.37486097,0.30779266,0.41189206,-0.45690182,0.4518436,0.39724666,0.20552051,0.4782354,-0.20470935,0.47416133,0.39315665,0.21857588,-0.5597908
2024.02.22,000013.SZ,-0.7695582,0.4064715,-0.81944263,0.6173235,0.5982729,0.6776327,-0.64928603,0.7351875,0.6872521,0.27834976,0.7098545,-0.2765283,0.70080316,0.62370723,0.39556974,-0.8356808
2024.02.22,000014.SZ,-0.56609493,0.42482802,-0.663586,0.49036783,0.22839244,0.44877747,-0.5907631,0.5225841,0.4743752,0.30868688,0.59269077,-0.41755056,0.4026786,0.47447678,0.26166436,-0.678989
2024.02.22,000015.SZ,0.122769296,-0.116108194,0.12936062,-0.07637775,0.0507932,-0.10217531,0.090688266,-0.10420378,-0.19696368,-0.04128557,-0.15699878,0.23123628,0.18650074,-0.06562019,-0.11853546,0.23805702
2024.02.22,000016.SZ,0.4377168,-0.19292028,0.42311254,-0.22046673,-0.2053649,-0.35887805,0.26142213,-0.36516255,-0.45926645,-0.029951856,-0.39153877,0.26120514,-0.10091058,-0.2208629,-0.25688732,0.5178946
2024.02.22,000017.SZ,-0.86213315,0.60232764,-0.9185548,0.74721795,0.61989015,0.78113794,-0.7936428,0.8400018,0.79862845,0.3961103,0.840712,-0.5289355,0.7159103,0.74257845,0.49877048,-0.92535627
2024.02.22,000018.SZ,-0.44431612,0.27788174,-0.5477419,0.4032469,0.27284405,0.35319984,-0.44861904,0.43546385,0.3346817,0.24787702,0.42629832,-0.18711913,0.40689954,0.40304255,0.17558041,-0.552236
2024.02.22,000019.SZ,0.23145655,-0.04959509,0.19772224,-0.09479042,-0.13202071,-0.19742998,0.07700509,-0.19845282,-0.26935735,0.033153526,-0.17001504,0.09434681,0.023677055,-0.105994895,-0.1345451,0.30036753
2024.02.22,000020.SZ,-0.7094896,0.43324047,-0.7778656,0.5724152,0.4361901,0.5989932,-0.6275436,0.6579258,0.6233201,0.287748,0.6850831,-0.38013607,0.5877481,0.55161333,0.3481579,-0.7806178
2024.02.22,000021.SZ,0.04906374,-0.034185294,0.0119645465,0.040369324,0.06519892,-0.04006786,-0.019635083,-0.021335544,-0.13286108,0.06598165,-0.06399286,0.14814445,0.18594502,0.040672023,-0.07349618,0.07763525
2024.02.22,000022.SZ,-0.1558787,-0.008683153,-0.1981111,0.16157033,0.26134792,0.1225753,-0.12948057,0.1835383,0.049381625,0.092838556,0.08224251,0.1629223,0.37005046,0.18190613,0.015206848,-0.15119295
2024.02.22,000023.SZ,-0.28200823,0.07412044,-0.31537166,0.20212795,0.29822373,0.22420609,-0.20368044,0.2629081,0.18645686,0.08727998,0.20304495,0.08142617,0.4378873,0.21254839,0.0838969,-0.25627583
2024.02.22,000024.SZ,-0.655176,0.4244046,-0.72858405,0.5328977,0.3502266,0.5424724,-0.60933524,0.594044,0.5813451,0.26970118,0.6517136,-0.39530757,0.5228095,0.49630138,0.3078975,-0.73200965
2024.02.22,000025.SZ,0.30338332,-0.10678679,0.31129062,-0.20288324,-0.15964516,-0.25866926,0.17069177,-0.27590647,-0.34965762,-0.0070373486,-0.25419152,0.14801657,0.014583847,-0.16739911,-0.1594548,0.4289369
2024.02.22,600000.SH,-0.5782959,0.25228062,-0.6062877,0.4253277,0.4314265,0.47417042,-0.47607952,0.5309732,0.45549,0.1893898,0.50373304,-0.14010502,0.5705769,0.44285542,0.24897759,-0.6231423
2024.02.22,600001.SH,-0.028276345,-0.031797644,-0.04107419,0.015804706,0.096791044,0.016575547,-0.007077516,0.011073047,-0.032121494,-0.0013378478,-0.00071054406,0.13414855,0.27274552,-0.0013540975,-0.040338527,0.08215447
2024.02.22,600002.SH,-0.4448157,0.2458039,-0.5044844,0.36963183,0.25043097,0.33962458,-0.4169065,0.38898435,0.33583045,0.1933883,0.42807233,-0.19424549,0.40448877,0.33578587,0.16639657,-0.49832013
2024.02.22,600003.SH,-0.049092546,0.011825884,-0.11741557,0.15169531,0.11511271,0.030744346,-0.12876129,0.08576624,-0.027348477,0.09370348,0.031475056,0.09453188,0.20995677,0.12400331,-0.047964826,-0.08831386
2024.02.22,600004.SH,0.13531493,-0.019038621,0.14129765,-0.09544483,-0.118078955,-0.12017151,0.06332897,-0.16272923,-0.16280359,0.009440194,-0.08131302,0.031797852,0.08995793,-0.11341905,-0.082489036,0.26873332
2024.02.22,600005.SH,0.296681,-0.17127287,0.2883208,-0.1786776,-0.030190606,-0.23783696,0.21115138,-0.23053697,-0.34861904,-0.024013624,-0.2983811,0.29211527,0.09599123,-0.13375705,-0.17448406,0.41050145
2024.02.22,600006.SH,-0.6972638,0.33626574,-0.7541559,0.5627333,0.543055,0.60392755,-0.58585954,0.66636217,0.6025257,0.23131444,0.6300984,-0.18615718,0.6388326,0.5615503,0.31314418,-0.7761294
2024.02.22,600007.SH,-0.666314,0.32310304,-0.7244282,0.52528423,0.50970536,0.56714624,-0.5518047,0.62952495,0.56658053,0.23455593,0.5934721,-0.19032331,0.6203717,0.52639246,0.3021735,-0.73543197
2024.02.22,600008.SH,-0.049716756,0.007771859,-0.09202848,0.09296487,0.14757127,0.03045732,-0.09533536,0.07578803,-0.03450194,0.07638818,0.024446175,0.12022007,0.2669371,0.096841626,-0.019645965,-0.030311914
2024.02.22,600009.SH,0.2551006,-0.12262896,0.20113786,-0.057514776,-0.08136501,-0.2191752,0.1122481,-0.19692652,-0.29940355,0.01667495,-0.22597061,0.1959285,0.011143223,-0.09695578,-0.18408988,0.29650515
2024.02.22,600010.SH,-0.8377434,0.59629124,-0.9046692,0.7318001,0.5744956,0.7512364,-0.7844796,0.82265824,0.76758367,0.40467477,0.81942546,-0.5212814,0.67043793,0.7300858,0.46881557,-0.914923
2024.02.22,600011.SH,-0.7758196,0.49541512,-0.8462512,0.67754215,0.5364462,0.68380874,-0.72056305,0.7491576,0.70487714,0.34573317,0.7555045,-0.42107457,0.6348591,0.6652382,0.39230368,-0.869536
2024.02.22,600012.SH,-0.6423242,0.3631835,-0.69383395,0.5141578,0.40884298,0.53676605,-0.5742272,0.5805733,0.56504846,0.22553463,0.618822,-0.310535,0.55329615,0.4856972,0.29484382,-0.7141514
2024.02.22,600013.SH,-0.11087323,-0.008081521,-0.13504705,0.09836937,0.2471528,0.09697118,-0.0891108,0.13793646,0.011385754,0.08364532,0.042997826,0.18048535,0.36364284,0.15176523,0.013745433,-0.07831742
2024.02.22,600014.SH,-0.13162248,0.044297162,-0.18680888,0.17397423,0.1617498,0.09160016,-0.16554432,0.14545168,0.054854713,0.105614826,0.11402939,0.052585535,0.28783292,0.15134695,0.010795413,-0.1480028
2024.02.22,600015.SH,-0.038838014,0.08273928,-0.06749019,0.08956858,0.01370593,0.009724564,-0.1545025,0.038252246,-0.047426805,0.10942083,0.07484248,-0.039885614,0.1626167,0.09671233,-0.011529672,-0.041424107
2024.02.22,600016.SH,0.33625832,-0.08130981,0.28031275,-0.11056097,-0.22399153,-0.2816677,0.12952119,-0.28551814,-0.33436507,0.031044856,-0.24038084,0.09690374,-0.10691165,-0.16855414,-0.19383268,0.38009804
2024.02.22,600017.SH,0.3457426,-0.23795724,0.36253214,-0.22691019,-0.07139725,-0.28918177,0.27667075,-0.29288676,-0.3893329,-0.09564686,-0.35786834,0.3274236,0.04842815,-0.21036127,-0.22593191,0.493878
2024.02.22,600018.SH,0.019660411,0.002382924,-0.036544997,0.04502907,0.058485027,-0.026410982,-0.05237714,0.004351417,-0.08760117,0.057964295,-0.023266418,0.104245946,0.1973536,0.043147072,-0.055349477,0.053778924
2024.02.22,600019.SH,0.4375501,-0.16059977,0.41117403,-0.22176321,-0.25080672,-0.36777258,0.23688833,-0.37490442,-0.4507301,-0.011666194,-0.3592273,0.19157074,-0.13245231,-0.23509172,-0.24775454,0.52079076
2024.02.22,600020.SH,0.013415961,-0.001143781,-0.035651512,0.066662796,0.049303155,-0.034923077,-0.06279685,-0.0012835257,-0.11311822,0.09198257,-0.01737442,0.088096544,0.17634147,0.058412742,-0.055686228,0.04148265
2024.02.22,600021.SH,0.25225043,-0.16373116,0.24272346,-0.14320959,-0.032114647,-0.1987098,0.19141756,-0.20389464,-0.29181263,-0.030751908,-0.25321114,0.26040536,0.10585311,-0.13265367,-0.1602759,0.36981013
2024.02.22,600022.SH,-0.4229575,0.21678308,-0.49800238,0.41945708,0.3048257,0.337984,-0.4336827,0.4047183,0.35247412,0.17719547,0.40799218,-0.13172926,0.39287966,0.354833,0.12841421,-0.53285766
2024.02.22,600023.SH,-0.74760693,0.45085534,-0.8083511,0.58734816,0.5140723,0.6442415,-0.6593149,0.70925605,0.6617138,0.28108457,0.7107505,-0.36589086,0.6410813,0.59925383,0.38301706,-0.81650954
2024.02.22,600024.SH,0.47997728,-0.237116,0.48060492,-0.27448806,-0.2562922,-0.40115976,0.32173923,-0.4244119,-0.4824477,-0.08254423,-0.43089807,0.2754092,-0.13582554,-0.2976801,-0.29298213,0.5932674
2024.02.23,000001.SZ,-0.5351914,0.27050447,-0.5998776,0.42135358,0.3858955,0.4379602,-0.46547535,0.50789714,0.42634717,0.22310686,0.4868411,-0.15714726,0.52705866,0.43813255,0.23580126,-0.6045679
2024.02.23,000002.SZ,0.35674718,-0.14783883,0.31122485,-0.13688782,-0.16032238,-0.30205393,0.18188083,-0.28886825,-0.38878244,0.0046054544,-0.30649197,0.21022232,-0.05425946,-0.16406071,-0.21845588,0.41409612
2024.02.23,000003.SZ,-0.7820129,0.48415104,-0.85117203,0.67100734,0.5669858,0.693317,-0.7049607,0.7602852,0.6965613,0.3369001,0.7423194,-0.36520013,0.65325093,0.66934574,0.39547133,-0.8704682
2024.02.23,000004.SZ,0.3966116,-0.22410674,0.41308862,-0.2625079,-0.16088802,-0.32470256,0.29561526,-0.35371113,-0.42172444,-0.08698514,-0.37406862,0.2847094,-0.016398637,-0.25382864,-0.23630683,0.5412701
2024.02.23,000005.SZ,0.3170069,-0.17843932,0.2746335,-0.13454863,-0.056606878,-0.25739264,0.18666933,-0.23805778,-0.345338,-0.041426938,-0.2985494,0.28368488,0.026961759,-0.14399983,-0.21563485,0.3883177
2024.02.23,000006.SZ,-0.14247751,0.006347461,-0.15134506,0.123550355,0.18017031,0.11379938,-0.099934176,0.124178566,0.05190489,0.06911824,0.097443044,0.103335015,0.33351853,0.11186927,0.015615602,-0.08830862
2024.02.23,000007.SZ,-0.2452191,0.07846413,-0.3006753,0.2334829,0.2293958,0.18322742,-0.22106892,0.2271814,0.16777891,0.098221265,0.20694183,0.030813409,0.3584128,0.18935728,0.050774008,-0.25358635
2024.02.23,000008.SZ,0.30120173,-0.18077128,0.28633592,-0.15514587,-0.04141528,-0.24773139,0.19754669,-0.23311444,-0.35091367,-0.032110386,-0.30165595,0.28897172,0.058389403,-0.13455096,-0.19285773,0.39706302
2024.02.23,000009.SZ,0.40342054,-0.23065677,0.41464788,-0.25883535,-0.13297065,-0.32776514,0.29554954,-0.3462447,-0.43846953,-0.07646533,-0.38611567,0.31385967,-0.010099775,-0.23397562,-0.23980552,0.53494644
2024.02.23,000010.SZ,-0.8207097,0.5793356,-0.8832054,0.6948728,0.5392429,0.7328005,-0.76600844,0.79076076,0.7511923,0.3774468,0.8039547,-0.5140622,0.6617948,0.7015106,0.45322743,-0.89637
2024.02.23,000011.SZ,-0.818557,0.521619,-0.8739088,0.67750853,0.5800704,0.72807974,-0.7298296,0.78232414,0.7462485,0.3289599,0.7878669,-0.44561383,0.69264144,0.6754524,0.44423953,-0.88359237
2024.02.23,000012.SZ,-0.7420711,0.46851516,-0.8041157,0.5999401,0.49296218,0.6443366,-0.67177826,0.70181066,0.652481,0.3123366,0.7118119,-0.3819597,0.6193446,0.61415404,0.37785545,-0.82374305
2024.02.23,000013.SZ,-0.62687963,0.26311702,-0.66599524,0.46841863,0.507994,0.53471774,-0.49728286,0.58703077,0.524433,0.19564654,0.5451924,-0.11565915,0.62748146,0.4846043,0.2810492,-0.6793295
2024.02.23,000014.SZ,-0.6130941,0.44976532,-0.70473,0.5161709,0.26418737,0.4956898,-0.6143491,0.56218207,0.521259,0.31867325,0.6317609,-0.43791905,0.44497907,0.50434816,0.29271424,-0.7164115
2024.02.23,000015.SZ,-0.42440978,0.16096483,-0.43824887,0.30649933,0.3371601,0.34130198,-0.35203508,0.37506628,0.3084705,0.1127665,0.3543531,-0.04280633,0.4742808,0.30751586,0.14634518,-0.43925774
2024.02.23,000016.SZ,0.47232637,-0.2054072,0.45595407,-0.24250163,-0.23396437,-0.38916928,0.28520718,-0.39817291,-0.49241275,-0.031728804,-0.4197602,0.27031827,-0.13208325,-0.24409789,-0.2760156,0.55203086
2024.02.23,000017.SZ,-0.7999719,0.5340488,-0.86763203,0.6766569,0.52839816,0.7036273,-0.73237604,0.7662464,0.72019917,0.3570656,0.7800415,-0.4746139,0.64782834,0.6689536,0.4257466,-0.8761849
2024.02.23,000018.SZ,-0.75298935,0.503005,-0.83969057,0.659556,0.49697763,0.6569342,-0.704013,0.7353883,0.6680594,0.3680337,0.7305272,-0.41846138,0.5977738,0.6532127,0.37838936,-0.8553319
2024.02.23,000019.SZ,0.18990755,-0.0626117,0.14880687,-0.05400678,-0.056605663,-0.15608317,0.060546637,-0.14521347,-0.2395761,0.030936673,-0.1603979,0.14616849,0.08528281,-0.06292751,-0.12725629,0.24022973
2024.02.23,000020.SZ,-0.6954918,0.39784065,-0.7628762,0.5587505,0.45631817,0.58678186,-0.60316485,0.6519199,0.6039264,0.26974133,0.6569962,-0.3174601,0.59544,0.54461926,0.33067697,-0.767349
2024.02.23,000021.SZ,-0.4246204,0.20713511,-0.47610462,0.34632853,0.29826826,0.3414492,-0.38313454,0.38629436,0.3139069,0.18066387,0.38394853,-0.105785996,0.4403253,0.34202316,0.15633014,-0.47801533
2024.02.23,000022.SZ,0.3089736,-0.18928477,0.28239194,-0.15617006,-0.04118962,-0.2531525,0.21331134,-0.23397493,-0.35990265,-0.02207028,-0.30655596,0.30062383,0.071081296,-0.13347727,-0.19501312,0.40492895
2024.02.23,000023.SZ,-0.4035558,0.14620106,-0.44249478,0.28876182,0.35292828,0.32372665,-0.3077491,0.36954698,0.3033138,0.12533544,0.32631895,0.00047991608,0.49182236,0.29833984,0.14840831,-0.4090164
2024.02.23,000024.SZ,-0.122527346,0.12137221,-0.17316341,0.12632897,0.030274933,0.072610565,-0.18147102,0.08645381,0.06412973,0.09811426,0.16262674,-0.0877737,0.22113672,0.08071372,0.027699573,-0.09064561
2024.02.23,000025.SZ,-0.08079435,0.09821382,-0.07473502,0.040518146,0.0067877136,0.02811348,-0.1396207,0.035547815,-0.02810114,0.09763217,0.09809369,-0.06735019,0.21728356,0.07265325,0.02556657,-0.0044289166
2024.02.23,600000.SH,-0.16230342,-0.021365792,-0.15502286,0.11180183,0.26412335,0.12497447,-0.10608517,0.16463703,0.032294344,0.05241507,0.060804572,0.18000048,0.39364627,0.15550613,0.01639319,-0.10624024
2024.02.23,600001.SH,-0.48999313,0.23144472,-0.5329816,0.35291573,0.31931007,0.39284757,-0.3965287,0.42176023,0.40510637,0.14698079,0.44772547,-0.15079996,0.49266237,0.32588667,0.19522578,-0.5038942
2024.02.23,600002.SH,-0.4152029,0.22393732,-0.48258653,0.3662067,0.24850646,0.31632638,-0.3948808,0.36848462,0.30378604,0.19654277,0.39298555,-0.15638977,0.3853293,0.32842267,0.14598168,-0.4794465
2024.02.23,600003.SH,-0.06263718,0.05624507,-0.14215949,0.1768009,0.07395856,0.035312314,-0.16781706,0.09047473,-0.013735419,0.1292272,0.06956085,0.02259568,0.1774621,0.14025773,-0.031330068,-0.12240743
2024.02.23,600004.SH,0.3620799,-0.16590454,0.37310803,-0.23862424,-0.20300262,-0.30084372,0.2524902,-0.3385305,-0.3669364,-0.06138264,-0.31427127,0.19444154,-0.030892903,-0.246224,-0.2071457,0.5091695
2024.02.23,600005.SH,0.38587007,-0.21979061,0.38113564,-0.23552123,-0.091693014,-0.3132624,0.2811137,-0.3128877,-0.42567348,-0.057332337,-0.37667945,0.33014885,0.027772967,-0.20177786,-0.22677779,0.5053887
2024.02.23,600006.SH,-0.5073549,0.24517153,-0.57034785,0.41800374,0.37158328,0.41799945,-0.4565437,0.47824523,0.38823637,0.2033293,0.45456564,-0.12083052,0.48745263,0.42683765,0.192732,-0.59174865
2024.02.23,600007.SH,-0.67292017,0.32413954,-0.73472095,0.54039925,0.52356577,0.57825,-0.55676216,0.6398459,0.5788308,0.24295655,0.6009037,-0.18355961,0.62884676,0.53806454,0.30722052,-0.7480068
2024.02.23,600008.SH,-0.15861216,0.05760427,-0.21203257,0.18375044,0.2103298,0.11787571,-0.19364682,0.17847157,0.057157643,0.11131456,0.12118152,0.075600624,0.31581113,0.18413106,0.024124708,-0.18475026
2024.02.23,600009.SH,0.32486105,-0.15279333,0.27896687,-0.11620116,-0.12565722,-0.27563223,0.17219757,-0.26217067,-0.36379802,0.00032399967,-0.28712797,0.22373809,-0.028650375,-0.1459905,-0.21345139,0.38480324
2024.02.23,600010.SH,-0.84449893,0.60761344,-0.9109467,0.7438644,0.57985324,0.75961155,-0.79320073,0.8298961,0.77543765,0.42052716,0.8278963,-0.53765094,0.6730541,0.74165463,0.47790277,-0.92118865
2024.02.23,600011.SH,-0.7110758,0.4263825,-0.78245246,0.6216363,0.47529757,0.6109987,-0.6574146,0.67469496,0.63332117,0.310465,0.6918235,-0.36962488,0.5852179,0.5952581,0.33976448,-0.81229895
2024.02.23,600012.SH,0.018596552,-0.053964768,0.008292949,0.0018413553,0.10770964,-0.015286961,0.00242545,-0.0048678652,-0.08014286,-0.00016136095,-0.045761432,0.17156333,0.24384274,0.01056919,-0.063222535,0.10197903
2024.02.23,600013.SH,0.17164023,-0.1251741,0.1548576,-0.09861279,0.07678271,-0.125927,0.12935002,-0.11112877,-0.23395708,0.008073527,-0.19623409,0.2763582,0.20063527,-0.04115692,-0.111069016,0.2677701
2024.02.23,600014.SH,-0.10617176,0.022696547,-0.15930432,0.15931648,0.14690222,0.06840189,-0.13919811,0.11914633,0.03060923,0.09460762,0.08837486,0.07031932,0.2672162,0.12916914,-0.008214997,-0.11346473
2024.02.23,600015.SH,0.32006034,-0.12186484,0.30848593,-0.15989074,-0.15549214,-0.27147657,0.1564411,-0.271678,-0.36497995,0.0009449755,-0.2738341,0.17489551,-0.029942298,-0.14474736,-0.18984468,0.40104118
2024.02.23,600016.SH,0.2341729,-0.0027483334,0.15411909,-0.0109250685,-0.19759421,-0.20726462,0.0147297755,-0.19615857,-0.23971298,0.082075045,-0.12444097,-0.0020340485,-0.082892604,-0.09348072,-0.14134827,0.23557495
2024.02.23,600017.SH,0.39826667,-0.25355688,0.40780893,-0.24569269,-0.1145832,-0.334559,0.30169508,-0.33429688,-0.43516707,-0.08885594,-0.3969173,0.33291015,-0.0038235001,-0.23219353,-0.25247195,0.5329169
2024.02.23,600018.SH,-0.5427193,0.29326132,-0.6296698,0.44537473,0.38646045,0.45054746,-0.48927516,0.5234299,0.4483335,0.21910927,0.4984105,-0.16900168,0.50609165,0.44635674,0.22245231,-0.6312778
2024.02.23,600019.SH,0.42289862,-0.14916936,0.3935463,-0.20397824,-0.2468561,-0.35580358,0.22385302,-0.36760372,-0.44453618,-0.0056710416,-0.3490578,0.18755427,-0.13007623,-0.22407325,-0.24466261,0.5007452
2024.02.23,600020.SH,-0.5299148,0.2633274,-0.59953886,0.4357266,0.36739546,0.4265324,-0.461742,0.4897542,0.4140852,0.22437008,0.48045972,-0.16846867,0.4955329,0.42331526,0.21560504,-0.60132676
2024.02.23,600021.SH,0.3988779,-0.24485254,0.40625975,-0.25298053,-0.11768973,-0.31912774,0.31329605,-0.33562183,-0.42458484,-0.08008763,-0.39248115,0.33426362,0.015547174,-0.23347276,-0.23637505,0.5335089
2024.02.23,600022.SH,0.447793,-0.2203713,0.426236,-0.20876324,-0.18450433,-0.3677865,0.27639502,-0.36513296,-0.453902,-0.055848505,-0.41282764,0.30088115,-0.106358744,-0.23263893,-0.28323522,0.52428526
2024.02.23,600023.SH,-0.8092515,0.5131555,-0.86732805,0.6649559,0.58198494,0.7173468,-0.7223239,0.7789049,0.7354568,0.3254536,0.774803,-0.42317176,0.68790907,0.6721217,0.439213,-0.8778068
2024.02.23,600024.SH,0.49754643,-0.23610903,0.50133413,-0.29473707,-0.28433454,-0.4155598,0.33644354,-0.4481392,-0.49966842,-0.081320316,-0.4416941,0.26792186,-0.15384239,-0.31520864,-0.29718977,0.6146824
2024.02.26,000001.SZ,-0.7419651,0.44715148,-0.8080572,0.61173326,0.5078667,0.6399814,-0.66452813,0.70907956,0.6548903,0.30659828,0.7088102,-0.36351383,0.62846315,0.61233956,0.37465695,-0.82409006
2024.02.26,000002.SZ,-0.255051,0.17526004,-0.35496733,0.3042985,0.13758451,0.17860225,-0.32803386,0.24998045,0.16563658,0.18770677,0.2711728,-0.12612106,0.25965914,0.25264174,0.06658686,-0.34869865
2024.02.26,000003.SZ,-0.83446604,0.5515233,-0.8957114,0.7238869,0.61348474,0.7521301,-0.76286024,0.8153385,0.76143277,0.3697941,0.8024502,-0.44674346,0.69395274,0.7231841,0.45383406,-0.9104183
2024.02.26,000004.SZ,0.32317016,-0.13815187,0.3315405,-0.2062027,-0.17611323,-0.2705831,0.19668844,-0.3031407,-0.36020792,-0.039692443,-0.27613407,0.17141123,-0.01983124,-0.2011886,-0.19220145,0.45305175
2024.02.26,000005.SZ,0.023802852,-0.04695336,-0.040758815,0.0784271,0.11535243,-0.025252266,-0.048686165,0.020685859,-0.08110925,0.035926204,-0.035398357,0.16789676,0.2010192,0.049659587,-0.08571405,0.030783402
2024.02.26,000006.SZ,0.21849379,-0.13395417,0.21951033,-0.12340736,-0.0538306,-0.17484719,0.15700984,-0.19574107,-0.262799,-0.024308128,-0.20886561,0.20963824,0.09403179,-0.12625998,-0.14784181,0.33708838
2024.02.26,000007.SZ,0.03386674,-0.07284622,-0.005412805,0.03659425,0.115710534,-0.033408538,0.011941022,-0.008537025,-0.09685002,0.016003065,-0.070626415,0.20959388,0.22956188,0.017806888,-0.085656136,0.09013183
2024.02.26,000008.SZ,0.039486527,-0.08507872,0.04737174,-0.03041546,0.14513844,-0.038325276,0.03484756,-0.011690352,-0.1450966,0.020791443,-0.09723946,0.2260117,0.26923427,0.028856896,-0.058826122,0.13977718
2024.02.26,000009.SZ,0.37143415,-0.19148418,0.3868139,-0.245985,-0.14332801,-0.30564776,0.25801307,-0.32901523,-0.41848993,-0.052165903,-0.3473496,0.26477173,-0.0044435007,-0.21135174,-0.21500446,0.50456023
2024.02.26,000010.SZ,-0.8248262,0.5635058,-0.8862524,0.70436794,0.5694727,0.73938835,-0.7611697,0.7977893,0.75834435,0.37295794,0.80338895,-0.4892265,0.68084365,0.70529205,0.45613122,-0.89955276
2024.02.26,000011.SZ,-0.72589415,0.41664517,-0.78840697,0.58621746,0.49886915,0.62164134,-0.63718235,0.6826634,0.634509,0.27664965,0.6880441,-0.3351286,0.6190995,0.58024424,0.3503949,-0.8003894
2024.02.26,000012.SZ,-0.7555431,0.4793054,-0.8079824,0.5924205,0.4905499,0.6542659,-0.67883444,0.70490396,0.66325283,0.2993327,0.72553855,-0.40686253,0.6277366,0.61062616,0.38906798,-0.82443076
2024.02.26,000013.SZ,-0.66284704,0.32402438,-0.7091776,0.50759774,0.49813893,0.5650423,-0.553956,0.6180839,0.56509537,0.22453809,0.60230386,-0.20906271,0.6218602,0.5175177,0.30878937,-0.72492915
2024.02.26,000014.SZ,-0.63462585,0.44662395,-0.72102135,0.5270935,0.30509323,0.51755023,-0.61883134,0.5844575,0.5370646,0.31803438,0.6410831,-0.42154825,0.47900984,0.52121216,0.30602235,-0.7324874
2024.02.26,000015.SZ,-0.7255299,0.4010666,-0.771011,0.5835485,0.5014958,0.62520593,-0.63863903,0.6711361,0.64076024,0.24381328,0.68487406,-0.32575157,0.6232883,0.56887656,0.3450529,-0.7977469
2024.02.26,000016.SZ,0.30517957,-0.08105345,0.2511502,-0.0913627,-0.17208435,-0.25564623,0.108221546,-0.25130773,-0.33926925,0.04902555,-0.23332106,0.12724337,-0.06257424,-0.11715886,-0.18361181,0.33578914
2024.02.26,000017.SZ,-0.78586894,0.51122236,-0.8540367,0.6574573,0.51954275,0.6883484,-0.711203,0.74795693,0.7059838,0.34028998,0.763612,-0.4500266,0.64336747,0.64798295,0.4110652,-0.8615403
2024.02.26,000018.SZ,-0.82027775,0.5790581,-0.89294606,0.7229911,0.5507126,0.73118466,-0.768531,0.8010072,0.7457691,0.4082106,0.8015577,-0.50880504,0.6458593,0.7164386,0.44521117,-0.90519005
2024.02.26,000019.SZ,-0.3196273,0.19981602,-0.39740172,0.29162624,0.18520294,0.24663444,-0.34555927,0.29915473,0.22752424,0.17207259,0.31891358,-0.123783104,0.34817332,0.27597958,0.10931059,-0.38176566
2024.02.26,000020.SZ,-0.7153885,0.40578496,-0.7855109,0.58617157,0.49011812,0.6112736,-0.6225225,0.6808297,0.62403816,0.2820558,0.6729649,-0.3113754,0.613535,0.5758352,0.34173122,-0.7943723
2024.02.26,000021.SZ,-0.36773047,0.21650192,-0.42179707,0.30806962,0.20787841,0.2820587,-0.36458975,0.32003564,0.25957432,0.18036655,0.35441202,-0.15017962,0.3664267,0.29618746,0.1310727,-0.41500872
2024.02.26,000022.SZ,-0.09424916,-0.03009631,-0.12152908,0.10011796,0.20491272,0.0659886,-0.07226865,0.10843845,-0.019756421,0.07538499,0.029542686,0.17322907,0.33034807,0.12418369,-0.01074237,-0.049494434
2024.02.26,000023.SZ,-0.7473122,0.4162415,-0.79936343,0.58506036,0.54774916,0.64985406,-0.63299906,0.70218396,0.66718614,0.26490578,0.69708616,-0.3119966,0.66541994,0.5868893,0.3796018,-0.8093087
2024.02.26,000024.SZ,-0.7147233,0.42590135,-0.77907205,0.5747346,0.47018147,0.61251056,-0.6318518,0.66690767,0.6404664,0.2629136,0.6867459,-0.3521265,0.60908085,0.55373293,0.34694654,-0.78627
2024.02.26,000025.SZ,-0.60123825,0.3781187,-0.64083785,0.43135518,0.31849664,0.48091233,-0.55146956,0.5293792,0.4829254,0.2461621,0.58099306,-0.3368623,0.5120105,0.45947117,0.28958875,-0.65004456
2024.02.26,600000.SH,0.07776895,-0.09574159,0.07039764,-0.024783468,0.10292864,-0.07006644,0.043008424,-0.036797024,-0.17282166,0.015443241,-0.12868425,0.22793318,0.22935598,0.016772522,-0.09079017,0.1535903
2024.02.26,600001.SH,-0.7517829,0.45231265,-0.81009984,0.60000443,0.48961422,0.64851046,-0.6581443,0.69298947,0.68470937,0.26804516,0.72540736,-0.39982137,0.63389343,0.5721539,0.37763992,-0.8137806
2024.02.26,600002.SH,-0.5499934,0.2948954,-0.6210945,0.4657965,0.35424605,0.44134617,-0.497029,0.5051907,0.43832925,0.23786047,0.51291674,-0.21652137,0.47789893,0.44079152,0.22311318,-0.6348445
2024.02.26,600003.SH,0.14003079,-0.029689051,0.076758236,0.024179718,-0.04096342,-0.123405494,-0.005668401,-0.092453346,-0.19883642,0.080570035,-0.1100492,0.10433849,0.07113187,0.0037173615,-0.11202278,0.13893506
2024.02.26,600004.SH,0.2825757,-0.11197816,0.29548803,-0.18871766,-0.17118502,-0.23844205,0.18066527,-0.2768335,-0.30195296,-0.037098385,-0.23555148,0.13737002,0.0066772006,-0.1930569,-0.16523653,0.42574137
2024.02.26,600005.SH,-0.24711388,0.0801801,-0.27185264,0.1977966,0.26145014,0.19166023,-0.21661347,0.23175952,0.13053995,0.11467043,0.18502063,0.058657173,0.39190686,0.22092526,0.06929528,-0.2441601
2024.02.26,600006.SH,-0.71699125,0.44697684,-0.7862593,0.60032797,0.46172127,0.61572915,-0.6633657,0.6781364,0.6228372,0.30621076,0.6916789,-0.37148172,0.5772159,0.601231,0.3416407,-0.8123838
2024.02.26,600007.SH,-0.6986931,0.37165776,-0.76079786,0.56712836,0.5100566,0.6008066,-0.5953715,0.65872693,0.60693383,0.26685333,0.6418754,-0.2580219,0.6239732,0.55930555,0.33068666,-0.7761267
2024.02.26,600008.SH,-0.011385549,0.0025246257,-0.069722936,0.1011145,0.13240892,0.0061817425,-0.09511432,0.059357047,-0.07613977,0.089246295,-0.007227715,0.1329906,0.23284447,0.10270647,-0.037894286,-0.02672153
2024.02.26,600009.SH,0.05692854,-0.061342195,0.001306088,0.06283966,0.065679945,-0.0641213,-0.012868554,-0.023674883,-0.14311944,0.06613985,-0.07301775,0.1635468,0.16817121,0.03407077,-0.09320608,0.07868883
2024.02.26,600010.SH,-0.87205637,0.641932,-0.93071336,0.7743341,0.62406206,0.7957881,-0.8203786,0.8596352,0.8115253,0.43896666,0.8554581,-0.5678558,0.7072493,0.77430165,0.51436347,-0.93950176
2024.02.26,600011.SH,0.39996356,-0.19671495,0.3933835,-0.2179528,-0.17561902,-0.33502355,0.25778997,-0.34076056,-0.42895755,-0.039395515,-0.36443,0.25698748,-0.05813795,-0.21535845,-0.23837094,0.50396127
2024.02.26,600012.SH,0.40156287,-0.24265046,0.41385463,-0.26008505,-0.12962618,-0.32522112,0.30991006,-0.34441835,-0.41969243,-0.10192935,-0.3917511,0.327618,-2.7395785e-05,-0.24758525,-0.24590467,0.5400182
2024.02.26,600013.SH,0.240204,-0.16321853,0.22830075,-0.14741094,0.041200794,-0.18369113,0.1834472,-0.16902123,-0.29730424,-0.016408378,-0.260457,0.30882475,0.16138192,-0.08713462,-0.14560413,0.3485191
2024.02.26,600014.SH,-0.19289984,0.05350817,-0.24327117,0.21760336,0.19534147,0.13790862,-0.19495478,0.19294429,0.11514577,0.10943152,0.16275479,0.03834012,0.3198834,0.17858875,0.03039829,-0.21311145
2024.02.26,600015.SH,-0.014423708,0.027869595,-0.039198585,0.07982716,0.042514283,-0.0065197693,-0.10236744,0.01656363,-0.08432938,0.09436069,0.018889144,0.043638665,0.1673507,0.08416137,-0.042783543,-0.0046352264
2024.02.26,600016.SH,0.33809912,-0.084301986,0.28851554,-0.12301849,-0.22975358,-0.28846866,0.13751122,-0.29367614,-0.34224483,0.026119582,-0.2453087,0.09636521,-0.107481405,-0.1764534,-0.19464381,0.39410818
2024.02.26,600017.SH,0.44785738,-0.28609702,0.46522683,-0.2867671,-0.13991246,-0.37378973,0.35101187,-0.38077816,-0.48255903,-0.1039221,-0.44710448,0.3669962,-0.029057061,-0.2682049,-0.2780415,0.5873884
2024.02.26,600018.SH,-0.61411,0.37591445,-0.6955267,0.49124664,0.38162518,0.5116592,-0.56140524,0.5762966,0.51804626,0.25608575,0.5856592,-0.28655648,0.52272844,0.49596798,0.27579534,-0.70015585
2024.02.26,600019.SH,0.015714772,0.03704625,-0.054558318,0.084679864,0.010178166,-0.02741735,-0.09202377,-0.003233958,-0.09037522,0.100504085,0.010371352,0.03919282,0.1411434,0.05719689,-0.054578755,0.015780235
2024.02.26,600020.SH,-0.7755923,0.44738865,-0.8329119,0.63737226,0.56554693,0.6793909,-0.67090946,0.7365076,0.68984324,0.3080004,0.72743237,-0.35242057,0.67184705,0.6328926,0.3991615,-0.8466627
2024.02.26,600021.SH,0.35900757,-0.21933006,0.36253893,-0.22726434,-0.092508666,-0.28557178,0.27279618,-0.29984435,-0.3915074,-0.07170004,-0.3527106,0.3120042,0.04098255,-0.20485014,-0.21715547,0.49009156
2024.02.26,600022.SH,0.46607003,-0.22639734,0.44739938,-0.22304893,-0.20314717,-0.38408455,0.28655058,-0.38214618,-0.47318903,-0.057787016,-0.42811424,0.30254734,-0.12551749,-0.2417308,-0.29326358,0.54202217
2024.02.26,600023.SH,-0.8066464,0.48952192,-0.86526966,0.6688745,0.60767376,0.71829265,-0.7138958,0.78217936,0.7308,0.32423255,0.76519,-0.37683532,0.69932455,0.6781917,0.43225777,-0.8787237
2024.02.26,600024.SH,0.42442837,-0.13742302,0.3902166,-0.19449627,-0.27828717,-0.35742965,0.21454163,-0.374743,-0.43221408,-0.004192719,-0.33811212,0.15651906,-0.16038214,-0.22871208,-0.24853782,0.49525613
