TradingDate,SecurityID,emb_0,emb_1,emb_2,emb_3,emb_4,emb_5,emb_6,emb_7,emb_8,emb_9,emb_10,emb_11,emb_12,emb_13,emb_14,emb_15
2024.01.16,000001.SZ,-0.016953573,-0.13961026,0.20747302,0.016922766,-0.07019427,0.0050103506,-0.037122514,0.04004307,0.085986674,-0.3242994,0.0046440326,0.038177732,0.14755304,0.03090479,0.00023669936,-0.0749681
2024.01.16,000002.SZ,0.026952626,-0.12937057,0.22616823,0.1475532,-0.19402753,0.025983103,0.024429034,-0.023145726,0.12351684,-0.28559414,-0.027899161,0.042652935,0.18394917,-0.038341835,-0.040969927,-0.045868613
2024.01.16,000003.SZ,0.01858365,-0.16987053,0.20636345,0.030445559,-0.13260031,0.0072759967,-0.088502906,-0.031893242,0.092279635,-0.2912068,-0.06115345,0.10344452,0.15228651,0.0634744,-0.02533206,-0.0574088
2024.01.16,000004.SZ,-0.11784521,-0.18755141,0.2702972,0.035937227,-0.05627533,-0.0039484054,-0.030107455,0.06501457,0.18730764,-0.34623122,0.0016337768,0.06492326,0.19096439,0.015252272,0.02939974,-0.075000755
2024.01.16,000005.SZ,-0.016182486,-0.13992023,0.20753086,0.016386034,-0.069557354,0.0052018226,-0.03705909,0.039395753,0.085237175,-0.32299033,0.0049783327,0.036950536,0.14643805,0.031005306,-0.00046207567,-0.0744438
2024.01.16,000006.SZ,-0.015759451,-0.14078164,0.207635,0.017280549,-0.070003666,0.0046326364,-0.036418524,0.03881743,0.08709306,-0.3240771,0.0043644477,0.036310747,0.14714336,0.030530747,-0.0003462918,-0.074261054
2024.01.16,000007.SZ,-0.026599368,-0.15199837,0.22603889,0.08133289,-0.062824205,0.017181762,-0.02053364,0.07221885,0.13410603,-0.34184387,0.020155396,0.14344917,0.13262257,0.010220097,0.015906377,-0.09171637
2024.01.16,000008.SZ,0.04598917,-0.1301977,0.19234864,0.060743846,-0.06560618,-0.012036141,-0.009563542,0.00067011255,0.046835683,-0.33128917,-0.039524414,-0.014454077,0.17545205,-0.0057832925,-0.020695126,-0.019332534
2024.01.16,000009.SZ,-0.06351359,-0.18641934,0.25267923,0.013816062,-0.15320255,0.025629435,-0.057268787,0.0425139,0.19120343,-0.2608928,0.02040255,0.1423029,0.122027196,0.10539173,0.028586913,-0.046798237
2024.01.16,000010.SZ,-0.016059672,-0.14018743,0.20771736,0.016215028,-0.06949379,0.004390052,-0.037180398,0.038377773,0.085717306,-0.3229959,0.003939325,0.037666358,0.1472433,0.02941596,-0.00017702207,-0.07408286
2024.01.16,000011.SZ,-0.005653977,-0.11957667,0.2561515,-0.0026271022,-0.106847465,-0.024645608,-0.011875563,0.027893871,0.047089685,-0.20444562,-0.015814401,-0.029557962,0.13467333,0.10195734,-0.057963613,-0.005743388
2024.01.16,000012.SZ,-0.034416713,-0.17587136,0.15199137,0.054301098,-0.05134661,0.053294327,-0.01499895,0.035356414,0.11125753,-0.3485539,0.021357767,0.19741158,0.051995706,0.05947118,0.12928812,-0.115892276
2024.01.16,000013.SZ,-0.016758557,-0.14128907,0.20741586,0.017192509,-0.07051673,0.00507815,-0.036222115,0.040318724,0.08509907,-0.3226256,0.006100147,0.03788191,0.14651485,0.032211214,-0.00090221106,-0.074300766
2024.01.16,000014.SZ,0.0041081747,-0.111104675,0.26488847,-0.014630486,-0.07207716,-0.048496585,-0.05437708,0.03876679,0.081095524,-0.31345254,-0.025354449,-0.11418046,0.24591625,0.0057340083,-0.13657118,-0.034684666
2024.01.16,000015.SZ,-0.005394757,-0.119844265,0.25776154,-0.0045079915,-0.10642277,-0.025789997,-0.011324666,0.026963308,0.047740288,-0.20379789,-0.018696796,-0.029792244,0.13634434,0.10247897,-0.05815612,-0.0060317977
2024.01.16,000016.SZ,-0.03117276,-0.17278305,0.15126729,0.051874902,-0.056850404,0.050786175,-0.009317054,0.033853833,0.106921606,-0.34674647,0.02439488,0.19345951,0.049678903,0.06180021,0.121500485,-0.11390053
2024.01.16,000017.SZ,-0.017599411,-0.13967209,0.20854126,0.015556116,-0.07170559,0.0033020563,-0.038144313,0.0392197,0.087445945,-0.32544672,0.0032627913,0.03805946,0.14913213,0.029101005,-0.00096805923,-0.073151276
2024.01.16,000018.SZ,0.017126964,-0.15618424,0.12064171,0.06946746,0.086403936,0.004577786,-0.044630587,-0.006606129,0.085852,-0.35112712,-0.022016142,0.037710063,0.14556631,0.024115795,0.030014448,-0.10762891
2024.01.16,000019.SZ,-0.057676226,-0.14409727,0.14824325,-0.022499785,-0.1425988,0.00036040132,0.005226475,0.012811537,0.067879304,-0.34591076,0.021813061,0.09545967,0.09323476,0.10395491,0.014465464,-0.051520895
2024.01.16,000020.SZ,-0.01916976,-0.13994217,0.20689565,0.01806234,-0.07083996,0.0038045675,-0.040610794,0.040370546,0.089797154,-0.3286786,0.0023431885,0.041508224,0.15067148,0.028380783,0.0009276827,-0.075489365
2024.01.16,000021.SZ,-0.01942887,-0.14847133,0.1899477,0.030771313,-0.021805894,0.010744218,-0.007826213,0.0840934,0.08817319,-0.3413473,0.0481389,0.09559985,0.11196302,0.047719974,0.009014789,-0.047733836
2024.01.16,000022.SZ,-0.021492643,-0.1403459,0.23811795,-0.017809534,-0.16641812,-0.029756332,-0.15492578,0.06336193,0.08362452,-0.26944497,-0.05417343,0.043760516,0.1971952,0.08981089,-0.14159259,-0.009864606
2024.01.16,000023.SZ,-0.05771239,-0.11454234,0.2755001,-0.0011895852,-0.1463729,-0.039078552,-0.030853922,0.061742157,0.1288313,-0.33600882,-0.0027686139,-0.031699568,0.25680628,0.003519312,-0.12486784,-0.029250612
2024.01.16,000024.SZ,-0.04088585,-0.1448043,0.18084617,0.02007855,-0.016722871,0.011333785,-0.08300714,0.04055514,0.10566064,-0.31436446,-0.01574355,0.030202573,0.18183589,0.039308388,-0.02739356,-0.065109
2024.01.16,000025.SZ,0.045406383,-0.13164763,0.19197387,0.060756363,-0.06494072,-0.01104788,-0.011649052,0.0010060255,0.04737101,-0.3321485,-0.03856011,-0.012335865,0.1741715,-0.003995613,-0.019850362,-0.021136377
2024.01.16,600000.SH,-0.041150574,-0.17788981,0.15977447,0.05472344,-0.045320276,0.058061197,-0.018939614,0.036844328,0.11679514,-0.33797964,0.022155361,0.19320776,0.050550155,0.060003385,0.13272037,-0.11885307
2024.01.16,600001.SH,-0.029370725,-0.13483387,0.20965277,-0.06431246,-0.13841031,-0.055712447,-0.034265287,0.013129672,0.044201814,-0.28760758,0.00367458,-0.023993995,0.15755546,0.08202562,-0.070307456,-0.011650899
2024.01.16,600002.SH,-0.06329641,-0.18808812,0.25342533,0.015074404,-0.15208246,0.025738696,-0.056665793,0.045429718,0.18800342,-0.25603884,0.02329113,0.1386659,0.12073406,0.10379842,0.027396409,-0.044709753
2024.01.16,600003.SH,0.015870688,-0.17067702,0.20662546,0.030807339,-0.13411056,0.006493723,-0.09257457,-0.031709205,0.09583465,-0.29597878,-0.063020416,0.10900183,0.15447693,0.062694706,-0.023488464,-0.05661723
2024.01.16,600004.SH,-0.066279024,-0.2114893,0.14366344,-0.059811097,-0.034953047,-0.059574574,-0.03013461,-0.0034911118,0.12886854,-0.31417856,0.013376406,0.021207059,0.17128709,0.08950272,0.0419345,-0.058286708
2024.01.16,600005.SH,-0.016867595,-0.141062,0.2064603,0.017739942,-0.06969353,0.004841412,-0.037182763,0.03945066,0.08546362,-0.32300383,0.0046334234,0.039349854,0.14756791,0.029834284,-0.0006836838,-0.0750758
2024.01.16,600006.SH,-0.018621765,-0.14023772,0.20810446,0.017325612,-0.0706966,0.0037127172,-0.039274078,0.040413547,0.088077866,-0.32711318,0.003559306,0.039694376,0.14974128,0.028024642,0.00091091706,-0.07414662
2024.01.16,600007.SH,-0.02050248,-0.1772483,0.13418399,-0.0155516155,-0.020653045,-0.041230906,0.039555352,-0.0034619283,0.055375148,-0.32410252,0.058185924,0.13253057,0.048085123,0.15398851,0.01203751,-0.099576786
2024.01.16,600008.SH,-0.01885815,-0.14061154,0.20808125,0.016845167,-0.07048608,0.0039427867,-0.03846993,0.041207667,0.08542426,-0.32546142,0.005095065,0.040688448,0.14843668,0.029634383,-0.0010908949,-0.07425162
2024.01.16,600009.SH,-0.017427536,-0.13990147,0.20582238,0.018476313,-0.0710362,0.0049154195,-0.03902555,0.04169494,0.08734033,-0.32652527,0.004915168,0.039016485,0.14932656,0.030601548,0.00012909435,-0.075407356
2024.01.16,600010.SH,-0.080211364,-0.15296292,0.22033556,0.011427915,-0.068559095,0.012697387,-0.14894374,0.040794432,0.15303618,-0.36091876,-0.028340898,0.13779032,0.14959292,0.06740504,-0.038144536,-0.05533857
2024.01.16,600011.SH,-0.034546494,-0.17823721,0.15394531,0.05703887,-0.046705216,0.055471525,-0.012445835,0.034741737,0.11416994,-0.3460043,0.020908222,0.19990405,0.049650595,0.05995487,0.13110612,-0.11870207
2024.01.16,600012.SH,-0.03600386,-0.17885102,0.15420075,0.056529675,-0.048593048,0.0550048,-0.012938657,0.036290567,0.11344452,-0.34567976,0.02307888,0.19899572,0.04932244,0.059017427,0.12976816,-0.117456324
2024.01.16,600013.SH,-0.024157286,-0.1787974,0.13627772,-0.016685251,-0.023404079,-0.038633253,0.037726063,-0.0019902524,0.057227537,-0.32294434,0.058775093,0.13918066,0.047512524,0.15686151,0.014328008,-0.10071039
2024.01.16,600014.SH,-0.032676294,-0.17482637,0.15179144,0.0532357,-0.05453763,0.051966324,-0.010877329,0.035108916,0.1089927,-0.34741998,0.023560842,0.19526488,0.050352544,0.061187096,0.124871254,-0.11514546
2024.01.16,600015.SH,-0.018197665,-0.14040752,0.20793097,0.015886124,-0.07201627,0.0041190805,-0.038908903,0.03965793,0.08630337,-0.32366583,0.0038233362,0.039671812,0.14860402,0.030357184,-0.00037079302,-0.07392824
2024.01.16,600016.SH,-0.035802573,-0.18399438,0.14080644,0.06039822,-0.011470077,0.051994417,-0.020639796,0.025673427,0.11622782,-0.34852445,0.011994122,0.18921682,0.054078754,0.049816947,0.1535116,-0.12466244
2024.01.16,600017.SH,-0.0046963943,-0.10350268,0.28338307,-0.009447699,-0.094974756,-0.049806815,-0.046421472,0.051864,0.08216512,-0.313347,-0.021698078,-0.11076742,0.25641647,-0.004089586,-0.15197594,-0.034084093
2024.01.16,600018.SH,0.027054906,-0.1299022,0.22704978,0.14718471,-0.19561477,0.025147865,0.023946542,-0.02372733,0.124575846,-0.28623012,-0.029005883,0.04208455,0.18517883,-0.03988194,-0.04098108,-0.044594437
2024.01.16,600019.SH,-0.017598711,-0.13953114,0.20961265,0.014580628,-0.071398325,0.0041157873,-0.037906297,0.0396437,0.08499868,-0.32313004,0.004376294,0.039514516,0.14740594,0.031467225,-0.00087940856,-0.073742926
2024.01.16,600020.SH,-0.019200841,-0.14001177,0.20982654,0.015648153,-0.072066694,0.0014888541,-0.04041521,0.039047707,0.09031918,-0.32897383,0.0016807897,0.04015901,0.15151487,0.026341677,-0.00019453093,-0.072692946
2024.01.16,600021.SH,-0.0353234,-0.17857023,0.15329847,0.05735411,-0.048816178,0.05462569,-0.013616674,0.035813265,0.11398663,-0.34748673,0.022635669,0.20014174,0.04975338,0.059140638,0.12978268,-0.118454985
2024.01.16,600022.SH,-0.01797676,-0.13974836,0.20779867,0.01689015,-0.07091525,0.0035012753,-0.03993099,0.03864055,0.088903755,-0.3263409,0.0019495612,0.039164677,0.15015547,0.0274556,0.0012699992,-0.07416659
2024.01.16,600023.SH,-0.03587337,-0.17803678,0.1541336,0.056606386,-0.04915533,0.0550424,-0.015848175,0.036402006,0.114408426,-0.34739974,0.022562213,0.19981137,0.05105367,0.05914692,0.13058135,-0.11793555
2024.01.16,600024.SH,-0.01837406,-0.15265931,0.27879274,0.017986622,-0.03686036,-0.0006236387,-0.035463594,0.044115394,0.14367056,-0.32971102,-0.0040561333,-0.037837602,0.21953262,-0.015428041,-0.007969559,-0.08987272
2024.01.17,000001.SZ,-0.016878275,-0.13980238,0.20780273,0.016798463,-0.0705848,0.0049088406,-0.036853187,0.04000077,0.0856231,-0.3236574,0.0047786916,0.038324308,0.14770599,0.030799346,0.00013690442,-0.07479423
2024.01.17,000002.SZ,0.026824754,-0.12925678,0.2271962,0.14765233,-0.19406849,0.02543764,0.023194369,-0.023279885,0.12472142,-0.28652582,-0.028854674,0.042402074,0.18581483,-0.040301148,-0.040385395,-0.04515988
2024.01.17,000003.SZ,0.018137071,-0.17012027,0.20635262,0.030592235,-0.13169277,0.007386835,-0.08801262,-0.03152119,0.09129017,-0.29061458,-0.0604761,0.10263108,0.1518328,0.063786305,-0.025518786,-0.05775983
2024.01.17,000004.SZ,-0.1176504,-0.187637,0.2714714,0.035999455,-0.05669429,-0.0045997226,-0.030491792,0.06559452,0.18809542,-0.347278,0.0010283139,0.06435482,0.19238394,0.014085956,0.029093236,-0.07452184
2024.01.17,000005.SZ,-0.016401809,-0.13958716,0.20791681,0.016229538,-0.069968976,0.0051121563,-0.0368332,0.039939027,0.085292086,-0.3234801,0.005160122,0.037197232,0.14679082,0.03136321,-0.00036070307,-0.07454463
2024.01.17,000006.SZ,-0.015665248,-0.14087258,0.20764367,0.017048238,-0.07049637,0.004328944,-0.03632541,0.03863922,0.08718008,-0.32380348,0.004343363,0.036034595,0.1473419,0.03053113,-0.0009613481,-0.07389424
2024.01.17,000007.SZ,-0.0270207,-0.15128745,0.22651121,0.081292175,-0.063655235,0.016937979,-0.020659398,0.07265626,0.1349345,-0.343086,0.019314703,0.1439163,0.13363925,0.010222377,0.016358022,-0.09189134
2024.01.17,000008.SZ,0.046462335,-0.13028042,0.19253288,0.06054472,-0.064700514,-0.01168269,-0.00862948,0.00030704215,0.04607303,-0.32939425,-0.038909435,-0.015276544,0.1746335,-0.0054354356,-0.019610953,-0.019584348
2024.01.17,000009.SZ,-0.0630826,-0.18717086,0.25278324,0.013045733,-0.15238109,0.025307637,-0.056024775,0.043463863,0.18910201,-0.25899535,0.02207597,0.14174427,0.12052323,0.10692881,0.028144207,-0.046561822
2024.01.17,000010.SZ,-0.015987152,-0.1398256,0.20823967,0.015924765,-0.07029471,0.003787357,-0.037587866,0.037958223,0.087060146,-0.3238615,0.0030302461,0.037936315,0.14845356,0.028577322,0.00026826933,-0.073911816
2024.01.17,000011.SZ,-0.0052640177,-0.11938861,0.2564235,-0.002054424,-0.10750475,-0.024956757,-0.011940866,0.028207771,0.04718731,-0.20457557,-0.016508272,-0.029544571,0.13578439,0.1014834,-0.057919413,-0.0057005263
2024.01.17,000012.SZ,-0.03442442,-0.17567681,0.15226364,0.05473624,-0.05034277,0.05335872,-0.014346673,0.035725467,0.11104575,-0.3481859,0.021325924,0.19688165,0.051868506,0.0592835,0.12979843,-0.11608525
2024.01.17,000013.SZ,-0.01664726,-0.14082804,0.20793793,0.016679807,-0.070967205,0.0046297987,-0.03635809,0.04003375,0.08561931,-0.32311907,0.005338499,0.037618987,0.14706752,0.031799458,-0.001300528,-0.07401025
2024.01.17,000014.SZ,0.0045869327,-0.11127038,0.26438093,-0.014743644,-0.0717258,-0.048618738,-0.054023128,0.038713258,0.08042378,-0.3128807,-0.025131967,-0.1141758,0.2455466,0.0058279047,-0.1369573,-0.034626316
2024.01.17,000015.SZ,-0.0054942933,-0.119783066,0.25777864,-0.004515144,-0.10631487,-0.026097013,-0.011371689,0.026892692,0.047527052,-0.2038675,-0.018419178,-0.030396858,0.13642703,0.10230266,-0.058255598,-0.0056245704
2024.01.17,000016.SZ,-0.031584036,-0.1729719,0.15078941,0.051763754,-0.056816787,0.05079315,-0.010036623,0.033755932,0.10718289,-0.34761012,0.023950005,0.19401336,0.05008514,0.061558213,0.12209965,-0.11376023
2024.01.17,000017.SZ,-0.01728142,-0.13932097,0.20866978,0.015430522,-0.07134893,0.0036850804,-0.037279442,0.03905984,0.086868085,-0.32497016,0.0034788111,0.038103413,0.14845616,0.02995304,-0.0006838291,-0.073570214
2024.01.17,000018.SZ,0.017127706,-0.1559062,0.12095044,0.06914903,0.0864846,0.0043115127,-0.04454979,-0.0067883804,0.085640125,-0.35112268,-0.022324905,0.0372136,0.14579837,0.024090836,0.029699327,-0.10741055
2024.01.17,000019.SZ,-0.057539366,-0.14397413,0.14887446,-0.023048123,-0.1423781,0.00019986276,0.006215127,0.012965843,0.067754194,-0.3454757,0.022323148,0.09526813,0.09289219,0.10511149,0.013887919,-0.05161669
2024.01.17,000020.SZ,-0.018667571,-0.1396612,0.20763363,0.017792232,-0.07119661,0.0036463018,-0.040049028,0.040140577,0.0898806,-0.32856855,0.0022100771,0.040920824,0.15084097,0.02829526,0.0010796818,-0.075201735
2024.01.17,000021.SZ,-0.02009236,-0.14834276,0.1896136,0.030986512,-0.022145748,0.010697829,-0.008822301,0.08421779,0.08869713,-0.34264153,0.047709804,0.09584623,0.11293155,0.04679554,0.009562449,-0.047747653
2024.01.17,000022.SZ,-0.021679506,-0.14022079,0.23800856,-0.017351,-0.16624057,-0.029272838,-0.15417773,0.06397744,0.0836006,-0.2694326,-0.054337572,0.04397385,0.19746412,0.089490294,-0.14065291,-0.009925256
2024.01.17,000023.SZ,-0.057816185,-0.114711665,0.275486,-0.00088766194,-0.14602996,-0.038729884,-0.030400516,0.061820038,0.12896603,-0.33562633,-0.0027038539,-0.031785823,0.25649124,0.0038050378,-0.12418168,-0.029456578
2024.01.17,000024.SZ,-0.040155258,-0.14401959,0.18125083,0.020005407,-0.01619124,0.01147091,-0.08189881,0.040155828,0.10560012,-0.31445646,-0.016186656,0.029359272,0.18194792,0.03986913,-0.027418965,-0.065644324
2024.01.17,000025.SZ,0.045447864,-0.13141353,0.19250527,0.06031559,-0.065083936,-0.011546395,-0.011397107,0.0011406722,0.047139354,-0.33183527,-0.038429383,-0.012951643,0.17432968,-0.0038018564,-0.02032119,-0.020528628
2024.01.17,600000.SH,-0.04135919,-0.1784124,0.15950447,0.05381154,-0.04612113,0.05725702,-0.020946687,0.036663577,0.11776084,-0.3398847,0.022133192,0.19437973,0.05157741,0.05992492,0.13337456,-0.11838235
2024.01.17,600001.SH,-0.029543323,-0.13474512,0.20993228,-0.064415425,-0.13868926,-0.055766743,-0.033933017,0.013148719,0.044363756,-0.28753412,0.0036143502,-0.023945395,0.15774152,0.08210857,-0.070097975,-0.011523735
2024.01.17,600002.SH,-0.06213615,-0.18725444,0.25371307,0.0153108975,-0.15078235,0.025864761,-0.055237025,0.04534256,0.18774708,-0.25561452,0.023362214,0.13780303,0.12032514,0.103865355,0.028354416,-0.04524406
2024.01.17,600003.SH,0.016086375,-0.17049761,0.2069756,0.030528711,-0.13398394,0.0063141864,-0.0926055,-0.031866077,0.09613846,-0.295981,-0.06335632,0.10924539,0.15461951,0.06258324,-0.02325509,-0.056332443
2024.01.17,600004.SH,-0.065865815,-0.21118416,0.14401755,-0.0592298,-0.03424251,-0.058758445,-0.028306251,-0.003238052,0.12735978,-0.3122808,0.013733731,0.020408344,0.17039405,0.089615844,0.041261926,-0.058496922
2024.01.17,600005.SH,-0.017251546,-0.14044213,0.20711115,0.01742129,-0.07056927,0.0041502365,-0.03757977,0.03906687,0.08684553,-0.32435605,0.003153999,0.040186517,0.1492354,0.028630067,-1.8374994e-05,-0.07500894
2024.01.17,600006.SH,-0.01779904,-0.1397141,0.20753483,0.01731715,-0.07090092,0.0041233413,-0.03857627,0.039899714,0.088305846,-0.32653737,0.0031542524,0.038855232,0.149658,0.028830314,0.001338021,-0.07458241
2024.01.17,600007.SH,-0.020518672,-0.17731462,0.13395597,-0.015619345,-0.020722577,-0.041234042,0.03944429,-0.0036479444,0.055225797,-0.3240315,0.057821102,0.13298066,0.048397474,0.15421738,0.012317744,-0.0993384
2024.01.17,600008.SH,-0.018133463,-0.14034887,0.20825118,0.016595941,-0.07086965,0.0041145207,-0.037819058,0.04069877,0.08556633,-0.32505608,0.0046840413,0.039914485,0.14831652,0.030013459,-0.0014651165,-0.074214995
2024.01.17,600009.SH,-0.018083606,-0.13955449,0.20702441,0.01748931,-0.07204018,0.0040512104,-0.03956933,0.04140031,0.088186465,-0.32741687,0.0040965,0.039621376,0.1501178,0.030322019,0.00010013208,-0.07482354
2024.01.17,600010.SH,-0.080491796,-0.15289058,0.22085759,0.011425996,-0.06854952,0.012749935,-0.14857574,0.040967274,0.15246023,-0.3608214,-0.028235245,0.13817355,0.1498087,0.067790166,-0.03746361,-0.05534239
2024.01.17,600011.SH,-0.03473532,-0.17831983,0.15413444,0.057045553,-0.04747432,0.05555216,-0.012872239,0.034959625,0.114287,-0.34611577,0.02140289,0.19969554,0.04965482,0.05985683,0.13078,-0.11858887
2024.01.17,600012.SH,-0.035531398,-0.17858872,0.15422213,0.05648562,-0.048049267,0.054999825,-0.012264114,0.03567623,0.11309298,-0.3452056,0.022421155,0.19903083,0.049098175,0.059411336,0.12974176,-0.11766734
2024.01.17,600013.SH,-0.024092147,-0.17875807,0.13556807,-0.01629092,-0.023779554,-0.038558234,0.037360564,-0.002167743,0.057919808,-0.32397726,0.05790465,0.13992044,0.048073526,0.15691167,0.014673012,-0.10046481
2024.01.17,600014.SH,-0.032121304,-0.1742406,0.15187676,0.05244924,-0.055586584,0.0519153,-0.010506437,0.034965586,0.1089155,-0.34741482,0.023928536,0.19486624,0.050283235,0.061940044,0.12387072,-0.11502906
2024.01.17,600015.SH,-0.018230133,-0.14082146,0.20729627,0.016591962,-0.07150439,0.004627718,-0.038653538,0.039577175,0.08602583,-0.3232992,0.0040140087,0.039715733,0.14810202,0.030652622,7.058494e-05,-0.0743674
2024.01.17,600016.SH,-0.035148464,-0.18361314,0.14083038,0.060518175,-0.0114802765,0.05181993,-0.020068469,0.025737163,0.11601411,-0.34827718,0.012288302,0.1890122,0.053991336,0.050242346,0.15308696,-0.124885
2024.01.17,600017.SH,-0.004688184,-0.10325908,0.28298733,-0.009188194,-0.09505658,-0.049178515,-0.046473157,0.05238638,0.08205514,-0.31267008,-0.02210488,-0.110209174,0.25661018,-0.0037520276,-0.15126064,-0.033950835
2024.01.17,600018.SH,0.026913833,-0.1299962,0.2268606,0.14721428,-0.195241,0.02517835,0.023764642,-0.023659559,0.12415742,-0.28633136,-0.028799227,0.04216568,0.18488756,-0.039699614,-0.041328046,-0.044477142
2024.01.17,600019.SH,-0.017154515,-0.13941708,0.2096882,0.014715287,-0.07147059,0.004200148,-0.03818806,0.039263994,0.085381955,-0.32292116,0.0038741187,0.03893303,0.14795232,0.030571517,0.0002912786,-0.07364264
2024.01.17,600020.SH,-0.019411681,-0.13986479,0.20992655,0.014965773,-0.07327492,0.0015873151,-0.040582795,0.039273143,0.08969061,-0.3281635,0.0021892453,0.04043799,0.15158606,0.02705742,-0.00054658385,-0.072421
2024.01.17,600021.SH,-0.035186153,-0.1786155,0.1535749,0.057457186,-0.048577286,0.054665815,-0.012946433,0.035607316,0.11381255,-0.34691238,0.022799533,0.19997929,0.04915651,0.05950443,0.1295457,-0.118607305
2024.01.17,600022.SH,-0.01808812,-0.13903055,0.20864086,0.016629713,-0.07103269,0.00315613,-0.0400052,0.038334094,0.090262465,-0.32792467,0.0010709162,0.038892206,0.1508452,0.026996607,0.0021138177,-0.07421545
2024.01.17,600023.SH,-0.035692364,-0.17797883,0.15404953,0.056398205,-0.04948481,0.0549993,-0.016257433,0.036109347,0.11424893,-0.34786797,0.02198884,0.2002171,0.05144454,0.059427258,0.13059193,-0.117726974
2024.01.17,600024.SH,-0.018331515,-0.15240625,0.27896693,0.017376246,-0.037165843,-0.0008794775,-0.03562657,0.044243775,0.14319289,-0.3295083,-0.0035377445,-0.038356975,0.21949592,-0.015138416,-0.008050683,-0.08956765
2024.01.18,000001.SZ,-0.017572777,-0.14002478,0.20803429,0.017164929,-0.07028387,0.0045311325,-0.037258863,0.03992866,0.086322315,-0.32464972,0.004144779,0.039373618,0.14856605,0.02978748,0.0008311158,-0.075007886
2024.01.18,000002.SZ,0.027247328,-0.12911361,0.22724074,0.14722341,-0.19365934,0.02541498,0.023418518,-0.023953576,0.12500812,-0.286347,-0.029305603,0.0426613,0.18578596,-0.04009397,-0.039921008,-0.045527995
2024.01.18,000003.SZ,0.018546443,-0.17043768,0.20641825,0.030217757,-0.13169532,0.0074206735,-0.08814582,-0.03177974,0.090878114,-0.28975597,-0.06025126,0.102305055,0.15144399,0.06369591,-0.025700277,-0.05759656
2024.01.18,000004.SZ,-0.118203945,-0.18774569,0.27059227,0.036511723,-0.05652906,-0.0039603943,-0.030716231,0.06575282,0.18770424,-0.3468413,0.0012285406,0.06519574,0.19205871,0.014686974,0.0297091,-0.07482716
2024.01.18,000005.SZ,-0.016202575,-0.13975199,0.20764464,0.01647427,-0.07033658,0.0051848944,-0.036521174,0.04041955,0.085398704,-0.32374772,0.005638778,0.03642284,0.14676361,0.031643614,-0.0007893572,-0.07430804
2024.01.18,000006.SZ,-0.016590154,-0.14115426,0.20771444,0.016689695,-0.07077093,0.0035084956,-0.037368488,0.039226692,0.08748241,-0.32485762,0.0045890934,0.03677163,0.14766367,0.030311422,-0.0021594525,-0.07342256
2024.01.18,000007.SZ,-0.027512735,-0.15096186,0.22645493,0.08149312,-0.064207196,0.016795397,-0.021535628,0.07316191,0.13573192,-0.34429967,0.018516026,0.14518352,0.1345263,0.009742145,0.016756909,-0.09230962
2024.01.18,000008.SZ,0.04652856,-0.13036208,0.19251572,0.06024921,-0.06542303,-0.01168149,-0.008962167,0.00033437833,0.046477444,-0.32980847,-0.039017394,-0.015023282,0.1747614,-0.0056294426,-0.019948835,-0.019432958
2024.01.18,000009.SZ,-0.06374299,-0.18754916,0.25267383,0.012898777,-0.15366633,0.024995185,-0.057253532,0.04354353,0.18995188,-0.25981537,0.021786535,0.14206982,0.12151248,0.1061525,0.02746541,-0.04577985
2024.01.18,000010.SZ,-0.01649943,-0.14011174,0.20798585,0.016368808,-0.07045736,0.003633335,-0.038070925,0.038413543,0.087347314,-0.32437724,0.0029820264,0.038631327,0.14921127,0.02800258,0.00031203404,-0.07393505
2024.01.18,000011.SZ,-0.0050665527,-0.11947754,0.25628847,-0.0016457796,-0.10727986,-0.025056127,-0.012220803,0.028284317,0.047013205,-0.20474249,-0.016308025,-0.029501837,0.13573249,0.101150475,-0.0582127,-0.0055912226
2024.01.18,000012.SZ,-0.03417879,-0.1756732,0.15272973,0.05504751,-0.050442856,0.053460017,-0.013933815,0.03612082,0.110861145,-0.3475522,0.02224783,0.1960922,0.05158965,0.058718722,0.12935264,-0.116201125
2024.01.18,000013.SZ,-0.016666843,-0.14048766,0.20836721,0.016069653,-0.071182795,0.0041761287,-0.03700747,0.039640285,0.08614384,-0.32372376,0.004799657,0.037348747,0.14735565,0.031109417,-0.0014223726,-0.07355952
2024.01.18,000014.SZ,0.0041491822,-0.11146999,0.26418954,-0.014589027,-0.07161575,-0.048442375,-0.05397688,0.03892571,0.080745995,-0.3129592,-0.02525457,-0.11403058,0.24556589,0.0062762047,-0.13682252,-0.03485605
2024.01.18,000015.SZ,-0.00615589,-0.11923842,0.25837967,-0.005292005,-0.10667783,-0.026521998,-0.012340887,0.026821122,0.04833889,-0.20472299,-0.019794576,-0.031253148,0.13783395,0.101666234,-0.058579803,-0.0057246583
2024.01.18,000016.SZ,-0.03153834,-0.1729408,0.1508331,0.051680755,-0.056617968,0.050744165,-0.0098808175,0.033751592,0.1071302,-0.34751076,0.02403735,0.19400358,0.049961902,0.061802223,0.12196751,-0.11386473
2024.01.18,000017.SZ,-0.017019454,-0.13935715,0.20882505,0.015329438,-0.07146087,0.003407589,-0.03679018,0.039257824,0.08708219,-0.32550603,0.0037801533,0.037871867,0.14823489,0.030146338,-0.0018860806,-0.07339395
2024.01.18,000018.SZ,0.016578149,-0.1558379,0.12141091,0.06862685,0.08525459,0.0044772625,-0.045299888,-0.006239985,0.085635655,-0.35124996,-0.022595001,0.03761631,0.14582275,0.023803,0.029228333,-0.10716941
2024.01.18,000019.SZ,-0.057472594,-0.14400281,0.14834559,-0.022939103,-0.1424011,6.4202584e-05,0.005544576,0.013132938,0.06767413,-0.34602904,0.022530684,0.09518546,0.092973135,0.10490401,0.013669707,-0.051294256
2024.01.18,000020.SZ,-0.018216569,-0.13975428,0.20821457,0.017168384,-0.071381085,0.0034283395,-0.03973608,0.039544214,0.090057865,-0.32817373,0.0021830017,0.040018074,0.15023166,0.028515916,0.00078023766,-0.07454626
2024.01.18,000021.SZ,-0.02078624,-0.14835404,0.18945561,0.031073978,-0.022070535,0.010693572,-0.009564749,0.08436105,0.08907734,-0.3438301,0.04755416,0.096243404,0.11326208,0.04618141,0.009740829,-0.047784653
2024.01.18,000022.SZ,-0.021847563,-0.14010629,0.23760335,-0.017572066,-0.16637789,-0.029219242,-0.15420687,0.06375055,0.08396426,-0.2694168,-0.05464037,0.044341642,0.19762205,0.08983767,-0.14049073,-0.010347965
2024.01.18,000023.SZ,-0.057671268,-0.11438727,0.2751611,0.00014332682,-0.14467491,-0.03854283,-0.030050704,0.062322546,0.1290801,-0.33571613,-0.0028350872,-0.032005303,0.2562707,0.0032244213,-0.12321034,-0.029926227
2024.01.18,000024.SZ,-0.040815495,-0.14348406,0.18165337,0.01957558,-0.016299637,0.011214412,-0.08332723,0.040511392,0.10568851,-0.31605342,-0.016718768,0.02903037,0.1826221,0.03908095,-0.028490692,-0.06537412
2024.01.18,000025.SZ,0.045588512,-0.13119687,0.19223085,0.06043432,-0.06477406,-0.011363916,-0.010872815,0.00075986964,0.04714209,-0.3314228,-0.038872894,-0.012560296,0.17422284,-0.0039545093,-0.019959206,-0.02091281
2024.01.18,600000.SH,-0.041122098,-0.17818548,0.1597818,0.05341237,-0.046095796,0.057227977,-0.020357553,0.036276586,0.11758885,-0.33931312,0.022270663,0.19426362,0.051006667,0.060476586,0.1329849,-0.11857354
2024.01.18,600001.SH,-0.029458364,-0.13492312,0.21036687,-0.06454706,-0.13803867,-0.055629417,-0.032727648,0.013372209,0.043763462,-0.28662944,0.004611966,-0.025034478,0.15687929,0.08263902,-0.0696528,-0.011071259
2024.01.18,600002.SH,-0.062862076,-0.18714646,0.25360224,0.014888643,-0.15174566,0.02564215,-0.056447875,0.04478308,0.18912351,-0.2573338,0.022454323,0.13882716,0.12159024,0.103446305,0.027915701,-0.045427784
2024.01.18,600003.SH,0.016061537,-0.17077124,0.20656271,0.03009609,-0.13457188,0.006241887,-0.09318993,-0.03232713,0.095959514,-0.29579762,-0.06378544,0.109843545,0.15461594,0.06259631,-0.023867594,-0.05611744
2024.01.18,600004.SH,-0.065832965,-0.21129633,0.14427313,-0.059520517,-0.034221087,-0.059262525,-0.028496014,-0.0027518463,0.12727033,-0.31294608,0.014147604,0.021415599,0.17065996,0.089794084,0.040859357,-0.05870139
2024.01.18,600005.SH,-0.017306708,-0.14024065,0.20703231,0.017582593,-0.0701771,0.004043533,-0.03790701,0.039552506,0.08690224,-0.32494465,0.0032427495,0.040060744,0.14972499,0.028297259,0.0005074236,-0.07516425
2024.01.18,600006.SH,-0.017944377,-0.1400581,0.20694348,0.01794267,-0.07098122,0.0043092663,-0.038154162,0.040160425,0.088129304,-0.3265246,0.0032889873,0.038981188,0.14976111,0.028986366,0.0008535364,-0.07476406
2024.01.18,600007.SH,-0.020254703,-0.17746986,0.13416453,-0.016665492,-0.021532511,-0.041659176,0.039476447,-0.0039748005,0.055289038,-0.32411963,0.058038745,0.13334697,0.048315927,0.1545187,0.011166759,-0.09901885
2024.01.18,600008.SH,-0.017272796,-0.13994905,0.2087887,0.015982458,-0.0708219,0.0041508866,-0.036815833,0.04014368,0.08560144,-0.32461074,0.004419596,0.03884273,0.14790374,0.030540338,-0.001653463,-0.07411821
2024.01.18,600009.SH,-0.01842501,-0.13966903,0.20722203,0.017316448,-0.07211,0.0038168244,-0.039548665,0.04149587,0.08787903,-0.3273818,0.0041711833,0.03988188,0.15024287,0.030156607,7.312186e-05,-0.07464443
2024.01.18,600010.SH,-0.0803505,-0.15311238,0.22065301,0.011792962,-0.06794391,0.012844446,-0.14851813,0.040618796,0.15238664,-0.3604005,-0.028204752,0.13766442,0.1496336,0.067447074,-0.0374686,-0.055513285
2024.01.18,600011.SH,-0.03545901,-0.1785555,0.1540296,0.05687929,-0.048260953,0.055547833,-0.014022668,0.035532147,0.11462864,-0.34691772,0.021729602,0.2001108,0.05017211,0.05964832,0.13084492,-0.11832998
2024.01.18,600012.SH,-0.03552113,-0.17868423,0.1539939,0.056574013,-0.04818582,0.05497838,-0.012519615,0.035454385,0.113185525,-0.3453991,0.022268435,0.19939098,0.04921639,0.05933627,0.12965171,-0.117759265
2024.01.18,600013.SH,-0.024012277,-0.17874543,0.1360433,-0.017038343,-0.024062924,-0.03892196,0.03803766,-0.002310745,0.05837629,-0.32407477,0.058293413,0.13999704,0.047945928,0.15747878,0.014301392,-0.10028307
2024.01.18,600014.SH,-0.03151457,-0.17370161,0.15253945,0.052368283,-0.054847132,0.05220896,-0.008815224,0.03472873,0.10847102,-0.34577754,0.024607688,0.19369937,0.049079612,0.062359396,0.123398595,-0.11563195
2024.01.18,600015.SH,-0.018466124,-0.14093496,0.20799178,0.01643296,-0.070929386,0.0042862743,-0.038816966,0.040337186,0.08560113,-0.32415894,0.0046829386,0.040029146,0.14781585,0.03075519,-0.0006369631,-0.074270606
2024.01.18,600016.SH,-0.035231695,-0.18393345,0.14071147,0.061094884,-0.011038471,0.051696993,-0.020024842,0.026455408,0.11589528,-0.34827402,0.012939119,0.18865238,0.053898595,0.049447257,0.1533831,-0.12482448
2024.01.18,600017.SH,-0.0047988896,-0.1033146,0.2833382,-0.009539974,-0.09523089,-0.05004433,-0.04716823,0.051590096,0.08288533,-0.3135603,-0.022198979,-0.11134085,0.25710323,-0.0045006494,-0.15179577,-0.033825625
2024.01.18,600018.SH,0.027017796,-0.12978816,0.22609429,0.14713943,-0.19480537,0.025775049,0.024851918,-0.023678385,0.12316541,-0.28553978,-0.028156465,0.042476386,0.18359964,-0.03835896,-0.040857058,-0.04522152
2024.01.18,600019.SH,-0.017489534,-0.13984467,0.20868379,0.015702805,-0.07110508,0.005021365,-0.037249357,0.03996173,0.08452119,-0.3220493,0.0047767693,0.038933106,0.14741042,0.031681072,0.0008567178,-0.074331425
2024.01.18,600020.SH,-0.018822987,-0.13942976,0.21044831,0.014020764,-0.07330239,0.0015152467,-0.04015534,0.038885128,0.08943472,-0.32794505,0.0023677752,0.040042847,0.15091513,0.027826566,-0.001246189,-0.07230209
2024.01.18,600021.SH,-0.035361383,-0.17845146,0.15323712,0.057218324,-0.048895065,0.054554638,-0.013665407,0.035620846,0.114053994,-0.34772718,0.022521434,0.20058823,0.049602352,0.059783418,0.12967011,-0.11863518
2024.01.18,600022.SH,-0.018270679,-0.13971566,0.20870936,0.01623616,-0.07041374,0.003091983,-0.040299423,0.038241975,0.08932139,-0.32732135,0.0016689583,0.038874526,0.14984527,0.026848638,0.0014872205,-0.073634334
2024.01.18,600023.SH,-0.03587261,-0.17800659,0.15391195,0.05613728,-0.04968608,0.05492838,-0.01688959,0.03598841,0.11431406,-0.34835824,0.021734435,0.20052952,0.05169273,0.05952215,0.13089512,-0.11765072
2024.01.18,600024.SH,-0.018502664,-0.15247597,0.2791034,0.017676072,-0.036617752,-0.00078715367,-0.036186043,0.04448344,0.14319254,-0.3299615,-0.0037832228,-0.038139958,0.21961057,-0.015514634,-0.008152733,-0.08960202
2024.01.19,000001.SZ,-0.01766465,-0.1403457,0.20806862,0.017209206,-0.06993616,0.004489344,-0.037767127,0.039651748,0.08662218,-0.32465148,0.0039907186,0.039583314,0.14858148,0.029267466,0.0013080009,-0.07492102
2024.01.19,000002.SZ,0.027487872,-0.1289397,0.2267494,0.14737079,-0.19285767,0.02570736,0.023855966,-0.024298508,0.12490444,-0.28631493,-0.029543875,0.0428834,0.18572198,-0.039903883,-0.0391432,-0.04623154
2024.01.19,000003.SZ,0.018245338,-0.17038922,0.20645238,0.030063434,-0.13146242,0.007583445,-0.08774536,-0.03143985,0.089946955,-0.28900042,-0.059686013,0.101822674,0.15118746,0.064394206,-0.026114186,-0.057755593
2024.01.19,000004.SZ,-0.11839387,-0.18785572,0.27095875,0.03607877,-0.05659092,-0.004375388,-0.031110883,0.06567686,0.1879407,-0.3470427,0.0011605914,0.06538997,0.19211482,0.014586442,0.029296862,-0.07474964
2024.01.19,000005.SZ,-0.01583014,-0.14038607,0.20677859,0.016725564,-0.07002027,0.005531926,-0.035836753,0.03995589,0.08509913,-0.32251984,0.0063036294,0.036107704,0.1460071,0.032377087,-0.00076873397,-0.074429035
2024.01.19,000006.SZ,-0.016816476,-0.14090757,0.20758045,0.016399859,-0.07103106,0.003471883,-0.038107097,0.038436938,0.08813585,-0.32482624,0.0036719723,0.03736613,0.14810893,0.029532433,-0.0013601492,-0.07341941
2024.01.19,000007.SZ,-0.027401017,-0.15091099,0.22581378,0.082036,-0.06431826,0.017215298,-0.021125883,0.073018216,0.13572182,-0.3440348,0.018386139,0.14571379,0.13436861,0.009851569,0.0177522,-0.09276925
2024.01.19,000008.SZ,0.04646136,-0.1309316,0.1927714,0.058765996,-0.06569794,-0.011859608,-0.009178932,-0.00014364347,0.046313073,-0.32894465,-0.038316198,-0.014706277,0.17363103,-0.0052733454,-0.02042948,-0.019022107
2024.01.19,000009.SZ,-0.06381286,-0.18781953,0.25253975,0.012767854,-0.15273212,0.024745757,-0.05631146,0.045025393,0.18848117,-0.2593115,0.023647571,0.1414235,0.120859765,0.10713551,0.027009802,-0.045745548
2024.01.19,000010.SZ,-0.01680204,-0.14006042,0.20809685,0.016860608,-0.07030514,0.0037562596,-0.038223427,0.039014306,0.08733029,-0.32486337,0.0030914447,0.0394232,0.14954521,0.028298235,0.000556061,-0.074550174
2024.01.19,000011.SZ,-0.0052834256,-0.11892013,0.25679827,-0.0023005044,-0.10809608,-0.025221527,-0.012558366,0.028275881,0.047694683,-0.20461279,-0.01778263,-0.029790822,0.13712575,0.10091845,-0.057745654,-0.0056501473
2024.01.19,000012.SZ,-0.033475164,-0.17535192,0.15363732,0.05516549,-0.04993494,0.05366424,-0.012232811,0.036356755,0.11040594,-0.34581384,0.02314216,0.19447081,0.050715394,0.058618218,0.1288914,-0.1163696
2024.01.19,000013.SZ,-0.015758894,-0.14031512,0.20843475,0.015449163,-0.07070498,0.004449555,-0.03625609,0.038767878,0.085344054,-0.3222767,0.0049559367,0.036512036,0.14610977,0.03180742,-0.0016648642,-0.0734697
2024.01.19,000014.SZ,0.0039461944,-0.11112073,0.26504993,-0.015328853,-0.07185144,-0.048594937,-0.05510955,0.037973065,0.08111003,-0.31265822,-0.025690429,-0.1143371,0.24587356,0.005320074,-0.13658687,-0.034550887
2024.01.19,000015.SZ,-0.006128227,-0.11974472,0.25788572,-0.005815958,-0.10685651,-0.026103321,-0.011492477,0.026595268,0.047959793,-0.20373605,-0.018580489,-0.030530505,0.13623327,0.10260402,-0.05785552,-0.005718981
2024.01.19,000016.SZ,-0.031014394,-0.17268614,0.15135089,0.051936775,-0.055718087,0.051003136,-0.008649729,0.033942748,0.1064716,-0.34610102,0.024317417,0.19273539,0.049412847,0.06135692,0.12200535,-0.114026345
2024.01.19,000017.SZ,-0.015950393,-0.1391926,0.20857722,0.0155821685,-0.07054853,0.0039457856,-0.03619296,0.038981423,0.087092236,-0.3250075,0.004142201,0.036462717,0.14732085,0.03086698,-0.001348748,-0.07381208
2024.01.19,000018.SZ,0.016124122,-0.15620473,0.12108274,0.06877585,0.08400807,0.0047068116,-0.046439137,-0.0055979723,0.0858553,-0.35122284,-0.022721015,0.038194075,0.14635447,0.02279182,0.029166657,-0.1068931
2024.01.19,000019.SZ,-0.05779544,-0.14379102,0.14875396,-0.023818681,-0.14298978,-0.00037661006,0.0056493576,0.013199066,0.06807831,-0.34626588,0.022397356,0.09519002,0.09353347,0.1054331,0.013897368,-0.05123018
2024.01.19,000020.SZ,-0.017904202,-0.14012991,0.20788474,0.01762954,-0.07077239,0.004288746,-0.038912397,0.039930683,0.08869429,-0.32692018,0.0031794799,0.039474625,0.14913055,0.029522931,0.0010488942,-0.07487261
2024.01.19,000021.SZ,-0.019957537,-0.14920667,0.18942694,0.030881766,-0.021211889,0.011078014,-0.008482238,0.08436556,0.08818673,-0.34198865,0.04912667,0.0955267,0.11128508,0.046356548,0.00933501,-0.047702458
2024.01.19,000022.SZ,-0.02205278,-0.1400315,0.23763263,-0.017737033,-0.1672489,-0.029291568,-0.15451898,0.063929364,0.084389985,-0.2702153,-0.054433044,0.04464514,0.19843304,0.09001097,-0.14057079,-0.01022713
2024.01.19,000023.SZ,-0.057572592,-0.114271194,0.27496374,3.644824e-05,-0.14474554,-0.038535375,-0.030086836,0.061953716,0.1294024,-0.3357018,-0.0029090412,-0.032688517,0.25604922,0.0030786074,-0.123441845,-0.029771758
2024.01.19,000024.SZ,-0.040840242,-0.14305407,0.1818219,0.018905781,-0.016914535,0.011110402,-0.083415665,0.0401448,0.106140174,-0.31642398,-0.01734862,0.028918147,0.18274952,0.038828444,-0.029147081,-0.06531266
2024.01.19,000025.SZ,0.045787267,-0.13125949,0.1917629,0.060787532,-0.06436299,-0.010944025,-0.01049559,0.00035611537,0.047009353,-0.33079028,-0.038927037,-0.012191414,0.17380318,-0.0039814576,-0.019303864,-0.021524308
2024.01.19,600000.SH,-0.04091097,-0.1780218,0.16003735,0.05351505,-0.04571177,0.057384066,-0.019679122,0.036168158,0.11707656,-0.338671,0.022159867,0.19377743,0.050672498,0.060489494,0.13298148,-0.11855216
2024.01.19,600001.SH,-0.029375779,-0.13490039,0.21079424,-0.06498382,-0.13941073,-0.056210488,-0.03297282,0.013692741,0.044391558,-0.28745365,0.0049728192,-0.025885394,0.15776141,0.081700645,-0.07014082,-0.009809954
2024.01.19,600002.SH,-0.06320804,-0.18714845,0.25355345,0.014798287,-0.15252994,0.025605423,-0.057346135,0.044058535,0.18980214,-0.25780183,0.021497454,0.13932446,0.122257076,0.10287867,0.027935278,-0.045436546
2024.01.19,600003.SH,0.016909355,-0.17049246,0.20659629,0.029731508,-0.13467014,0.006443573,-0.09271021,-0.032335322,0.095266536,-0.2946668,-0.06355327,0.108837195,0.15450072,0.062898226,-0.024100313,-0.0559344
2024.01.19,600004.SH,-0.06605161,-0.2118277,0.14413446,-0.05950856,-0.03468243,-0.059046898,-0.028098412,-0.0023113335,0.12705663,-0.31212676,0.014822783,0.02119085,0.17016369,0.08999614,0.03977911,-0.058291566
2024.01.19,600005.SH,-0.017362004,-0.1400236,0.20699067,0.017135652,-0.07003103,0.0034452223,-0.03915532,0.039291367,0.08751834,-0.32561243,0.002671012,0.040155172,0.1502671,0.027316047,0.00085893064,-0.074831575
2024.01.19,600006.SH,-0.017662,-0.13985085,0.20683551,0.017516349,-0.07094411,0.0046166303,-0.03757586,0.040353585,0.08727546,-0.32569775,0.003973627,0.03834478,0.14895739,0.030268617,0.00034918077,-0.07480278
2024.01.19,600007.SH,-0.020078762,-0.17753606,0.13481383,-0.016226413,-0.019810654,-0.041147523,0.04084175,-0.004004021,0.05419975,-0.32179815,0.058582474,0.13245726,0.04665218,0.15438588,0.012011116,-0.100047946
2024.01.19,600008.SH,-0.016349759,-0.14004937,0.20879933,0.015680946,-0.07057597,0.004554212,-0.03585638,0.03975204,0.08504524,-0.32324994,0.004925792,0.037491534,0.14680174,0.03148988,-0.0018075517,-0.07390452
2024.01.19,600009.SH,-0.017096404,-0.13983461,0.20708893,0.017209347,-0.07163073,0.0044566165,-0.037812807,0.041011795,0.08693912,-0.32528934,0.0050023524,0.03788035,0.14879538,0.031431496,0.00026912987,-0.07461821
2024.01.19,600010.SH,-0.080513075,-0.15331665,0.22069222,0.01150053,-0.06799884,0.012757448,-0.14874636,0.040156994,0.15224233,-0.36026022,-0.02858115,0.13768329,0.14953032,0.067178555,-0.037581258,-0.055113886
2024.01.19,600011.SH,-0.035957996,-0.17907636,0.15422061,0.057349246,-0.047978476,0.055735916,-0.013716359,0.035535168,0.114703536,-0.34617022,0.021995587,0.19990025,0.049614195,0.059229616,0.1309127,-0.11832331
2024.01.19,600012.SH,-0.03568203,-0.17881213,0.1536466,0.056768548,-0.048213333,0.054948416,-0.012905373,0.035659827,0.11334406,-0.34599644,0.022149084,0.19976474,0.049590062,0.059071887,0.12986717,-0.11763594
2024.01.19,600013.SH,-0.023700433,-0.17858481,0.13614778,-0.017080516,-0.024058478,-0.038751535,0.038548157,-0.0025823952,0.05829944,-0.32354632,0.05814138,0.1398289,0.047810417,0.15762854,0.014416785,-0.10017231
2024.01.19,600014.SH,-0.03132909,-0.17344405,0.15213744,0.051674485,-0.05607407,0.05198652,-0.009431023,0.03452377,0.10854477,-0.34655753,0.024768956,0.19399998,0.04943121,0.06264175,0.122823685,-0.1151954
2024.01.19,600015.SH,-0.01824403,-0.14165236,0.20746599,0.016721318,-0.07089418,0.0044902503,-0.03855285,0.04027965,0.08527716,-0.3232512,0.0052394536,0.039438248,0.14714095,0.031100804,-0.0013404723,-0.07395455
2024.01.19,600016.SH,-0.035511285,-0.18433742,0.14125007,0.061698377,-0.009944732,0.05186359,-0.019470913,0.026895596,0.1157435,-0.3474412,0.013635833,0.18785398,0.052995935,0.049040675,0.15386496,-0.125113
2024.01.19,600017.SH,-0.0045784167,-0.103285566,0.2828611,-0.009427259,-0.09515293,-0.04978063,-0.046735816,0.051395282,0.08267027,-0.31271946,-0.02201924,-0.11098887,0.25671756,-0.0040137256,-0.15126878,-0.034004208
2024.01.19,600018.SH,0.027244529,-0.12938309,0.22619168,0.1470925,-0.1944037,0.02585799,0.025061,-0.024007414,0.123457916,-0.2856082,-0.028497353,0.042757872,0.18380223,-0.038172092,-0.040320173,-0.045719694
2024.01.19,600019.SH,-0.017719336,-0.13987783,0.20820953,0.015927685,-0.07093328,0.005231294,-0.037287746,0.04027118,0.08421339,-0.32192218,0.00503877,0.03908378,0.14729427,0.032061208,0.0010034085,-0.074615955
2024.01.19,600020.SH,-0.01794121,-0.13916463,0.2097579,0.014256391,-0.07256673,0.0025835473,-0.03904821,0.038253866,0.08857593,-0.32580358,0.0023075747,0.038699217,0.14946073,0.02872461,-0.0005715172,-0.072638325
2024.01.19,600021.SH,-0.035328582,-0.17835376,0.15339981,0.057258144,-0.048776515,0.0545434,-0.013433751,0.035862017,0.11387469,-0.3472439,0.023054158,0.20010182,0.049320396,0.059646577,0.12932041,-0.11879921
2024.01.19,600022.SH,-0.018139116,-0.13986333,0.208152,0.016278714,-0.070083685,0.0034560517,-0.039339628,0.038493115,0.08844989,-0.32664895,0.0024120612,0.038631596,0.14885955,0.028068116,0.00061026023,-0.07391382
2024.01.19,600023.SH,-0.035884947,-0.17813504,0.15366952,0.055967323,-0.049900524,0.054967374,-0.016983008,0.035621457,0.11444266,-0.34834325,0.021270717,0.20058961,0.051783055,0.05964374,0.13097325,-0.11748256
2024.01.19,600024.SH,-0.018502574,-0.15248604,0.27955055,0.017854093,-0.03681211,-0.001019362,-0.03589771,0.044593934,0.14370193,-0.33030814,-0.0033284153,-0.038227525,0.21971902,-0.015166043,-0.008231152,-0.0898177
2024.01.22,000001.SZ,-0.017420363,-0.14030263,0.20795324,0.017265027,-0.069723815,0.004616515,-0.03765527,0.039426528,0.08654055,-0.3243685,0.0038004036,0.039694805,0.14861968,0.029022248,0.0014350275,-0.07507326
2024.01.22,000002.SZ,0.02730893,-0.12912041,0.22616018,0.14773738,-0.19320376,0.026136331,0.024366122,-0.024187777,0.12428691,-0.28568015,-0.028956229,0.04312886,0.1849913,-0.03905636,-0.039117966,-0.04663961
2024.01.22,000003.SZ,0.017856447,-0.17063175,0.2063231,0.030412078,-0.13119659,0.007689773,-0.08699076,-0.03127012,0.08925095,-0.28821856,-0.059443466,0.101541236,0.15099186,0.0654192,-0.027178342,-0.058199406
2024.01.22,000004.SZ,-0.118400216,-0.18811354,0.2713936,0.035216916,-0.056835663,-0.0050662896,-0.031542756,0.06527818,0.18771812,-0.34648842,0.0011030282,0.06569772,0.1919536,0.014791319,0.02863521,-0.07428357
2024.01.22,000005.SZ,-0.015186714,-0.14046162,0.20680265,0.016827678,-0.07015755,0.005502151,-0.035225175,0.039554752,0.084868304,-0.32180983,0.006110637,0.03614729,0.14607798,0.03226459,-0.001141719,-0.07455905
2024.01.22,000006.SZ,-0.016007531,-0.14038804,0.20715672,0.016525082,-0.07081892,0.0036607203,-0.03753915,0.038280483,0.08795764,-0.32459918,0.0035247954,0.03692249,0.14816886,0.029464334,-0.0015053421,-0.07373949
2024.01.22,000007.SZ,-0.027962107,-0.15119798,0.2255812,0.08236739,-0.06477225,0.017501881,-0.021434644,0.073685,0.13632432,-0.34478268,0.019035244,0.14598614,0.13417652,0.009783023,0.017803432,-0.09283021
2024.01.22,000008.SZ,0.046521675,-0.13108632,0.1933207,0.058324594,-0.06500377,-0.011587091,-0.008500848,-4.97289e-05,0.04614488,-0.32789135,-0.03768374,-0.0150937,0.17316294,-0.004587432,-0.019546518,-0.019448606
2024.01.22,000009.SZ,-0.06349176,-0.18757199,0.25249314,0.013197356,-0.15162744,0.025017822,-0.05576229,0.044825085,0.18778422,-0.25874445,0.023924517,0.14096746,0.12007527,0.10675854,0.027077846,-0.045897495
2024.01.22,000010.SZ,-0.016836766,-0.140088,0.2085267,0.016413871,-0.07069813,0.0037264838,-0.03813586,0.039300162,0.086620316,-0.3242694,0.0035521388,0.03946019,0.14914231,0.029074106,-0.00036135313,-0.07435846
2024.01.22,000011.SZ,-0.005063647,-0.11854257,0.25701836,-0.0023024676,-0.10833322,-0.02568559,-0.013041845,0.02818499,0.047837347,-0.204464,-0.01858801,-0.030348418,0.13824956,0.100208335,-0.057693128,-0.0056021297
2024.01.22,000012.SZ,-0.033148166,-0.17517939,0.15441933,0.055257674,-0.048780087,0.053851206,-0.010836073,0.035835788,0.10972333,-0.34406596,0.023217529,0.19337413,0.04961101,0.058503784,0.12911524,-0.11662155
2024.01.22,000013.SZ,-0.016058264,-0.140407,0.20775892,0.016117508,-0.070683666,0.0048617376,-0.035615128,0.039482307,0.084643215,-0.32183868,0.0055364105,0.036869667,0.14629354,0.032367032,-0.0013727947,-0.074003994
2024.01.22,000014.SZ,0.0037867022,-0.11113277,0.26454177,-0.014897782,-0.071228035,-0.04808583,-0.054463413,0.038427215,0.08085543,-0.3127767,-0.025355179,-0.11422539,0.24535976,0.0058871796,-0.13625373,-0.035031714
2024.01.22,000015.SZ,-0.006545182,-0.11999314,0.2575604,-0.0058636516,-0.10703391,-0.025703847,-0.011123004,0.026518544,0.04811943,-0.2035214,-0.017795516,-0.02990059,0.13525055,0.10292085,-0.057449054,-0.0058226003
2024.01.22,000016.SZ,-0.031123893,-0.17291252,0.15170443,0.05256098,-0.054915056,0.05105693,-0.007986749,0.03450703,0.1063121,-0.34539244,0.024855731,0.19220294,0.04902578,0.060763624,0.12210684,-0.11429725
2024.01.22,000017.SZ,-0.016081892,-0.13899165,0.2083966,0.015900314,-0.07058957,0.004196472,-0.036420397,0.03940232,0.08692915,-0.32508385,0.0042994055,0.036930922,0.14756243,0.031124474,-0.00095516787,-0.07430687
2024.01.22,000018.SZ,0.015584306,-0.15664102,0.12125341,0.06927328,0.08359234,0.004834537,-0.04716774,-0.004693418,0.08632065,-0.3521876,-0.02262799,0.03909121,0.14639248,0.022498885,0.028712159,-0.10711354
2024.01.22,000019.SZ,-0.05798962,-0.14411657,0.14865685,-0.023590077,-0.14216663,-0.00049724145,0.005416787,0.0133423,0.06789017,-0.3460641,0.022690075,0.09537754,0.09313883,0.10547079,0.013951084,-0.051516414
2024.01.22,000020.SZ,-0.01882776,-0.1404472,0.20802012,0.017584978,-0.07125005,0.0039944574,-0.03998733,0.040185753,0.08912276,-0.32760045,0.002955279,0.040191423,0.14969982,0.029045695,0.0010676809,-0.07459502
2024.01.22,000021.SZ,-0.01989322,-0.14928098,0.18930224,0.030985774,-0.020874083,0.011188422,-0.008292172,0.08422592,0.08806067,-0.34170052,0.04882253,0.0957815,0.11137097,0.04627039,0.009640564,-0.04795967
2024.01.22,000022.SZ,-0.02208209,-0.13996913,0.23784205,-0.018363582,-0.16798696,-0.029454464,-0.15487747,0.063702084,0.0848996,-0.27099764,-0.054698966,0.044976443,0.19934699,0.08993774,-0.14046174,-0.010224999
2024.01.22,000023.SZ,-0.05695123,-0.11391842,0.27494517,-0.00010114163,-0.1440917,-0.03831474,-0.029060196,0.0617558,0.12894124,-0.3349625,-0.0025380945,-0.033682868,0.25551304,0.0034863062,-0.123104066,-0.029977754
2024.01.22,000024.SZ,-0.040516574,-0.14333604,0.18107364,0.01946301,-0.016286163,0.011326848,-0.08295862,0.040026907,0.1059874,-0.3159745,-0.016794741,0.0288954,0.18250325,0.038648106,-0.02849756,-0.06562215
2024.01.22,000025.SZ,0.045930967,-0.13095975,0.19134966,0.061466,-0.0653278,-0.010784813,-0.010200474,-3.003329e-05,0.047530778,-0.3311858,-0.040033348,-0.011770368,0.1745155,-0.0047706747,-0.019501522,-0.021374479
2024.01.22,600000.SH,-0.04019994,-0.17722581,0.1602234,0.053323463,-0.045791797,0.057542756,-0.01875571,0.03608502,0.116374075,-0.33783567,0.021831544,0.19318007,0.050578974,0.061143413,0.13248636,-0.11861551
2024.01.22,600001.SH,-0.029027948,-0.13487919,0.21053441,-0.06426304,-0.1386835,-0.055594,-0.032533888,0.013478807,0.044339262,-0.2865079,0.004619774,-0.02583923,0.15681665,0.08170674,-0.068996385,-0.010645181
2024.01.22,600002.SH,-0.063125476,-0.18720187,0.25338233,0.014978689,-0.15176058,0.025680337,-0.056704886,0.04510229,0.18862434,-0.25718924,0.022987355,0.13889079,0.12120431,0.10425718,0.027514357,-0.045800216
2024.01.22,600003.SH,0.017151305,-0.16989169,0.2064051,0.029423801,-0.1347306,0.006469683,-0.091983505,-0.032296363,0.094162755,-0.29368535,-0.06361722,0.108302616,0.15465282,0.06376859,-0.025161343,-0.05584282
2024.01.22,600004.SH,-0.065931685,-0.2119493,0.14409195,-0.060032383,-0.03510812,-0.059369233,-0.02900755,-0.0029617238,0.12780513,-0.31239706,0.0142412465,0.021318477,0.17084287,0.08982409,0.040302586,-0.05807657
2024.01.22,600005.SH,-0.01722596,-0.13995776,0.20668642,0.016959852,-0.069948204,0.0035962232,-0.03899256,0.03940578,0.08685502,-0.32500193,0.0030522102,0.039891265,0.14974074,0.028035494,0.00048459877,-0.07489366
2024.01.22,600006.SH,-0.017453492,-0.13950671,0.20681438,0.017298117,-0.07100575,0.004573878,-0.03700887,0.040395495,0.08691361,-0.32547283,0.0038654015,0.03840541,0.14912666,0.030554365,8.763745e-06,-0.07500802
2024.01.22,600007.SH,-0.020403882,-0.17766735,0.1353232,-0.016633114,-0.020200893,-0.04141761,0.040716805,-0.0034732344,0.054623548,-0.32223475,0.05912856,0.13250364,0.0468325,0.15476792,0.01166758,-0.10011157
2024.01.22,600008.SH,-0.016078465,-0.1405214,0.20826441,0.01620654,-0.07069002,0.0049201394,-0.03542167,0.039964907,0.084524475,-0.32253888,0.0055161007,0.037045047,0.1464906,0.031687517,-0.0023244373,-0.07377335
2024.01.22,600009.SH,-0.017616892,-0.14037591,0.20708534,0.01714684,-0.07207997,0.004480332,-0.038109925,0.041130893,0.08639317,-0.3244797,0.0052141077,0.038451217,0.14882816,0.03155875,0.0002491437,-0.07438516
2024.01.22,600010.SH,-0.08061744,-0.15322912,0.22023983,0.011297289,-0.06824816,0.012617056,-0.15008627,0.039765816,0.1524709,-0.36104274,-0.02918118,0.13855469,0.14980295,0.06687373,-0.037411842,-0.05478138
2024.01.22,600011.SH,-0.035997022,-0.17915794,0.1549317,0.05855816,-0.046620555,0.055973195,-0.012226643,0.036284488,0.11427833,-0.34454364,0.022861818,0.19867876,0.04871327,0.058518115,0.13095689,-0.118742995
2024.01.22,600012.SH,-0.035386115,-0.17857751,0.15314354,0.05654476,-0.04860116,0.054744437,-0.013702772,0.035522748,0.11370309,-0.3469849,0.021725103,0.20016643,0.050311934,0.058931977,0.13003905,-0.117659405
2024.01.22,600013.SH,-0.023737285,-0.17860359,0.13608299,-0.01708635,-0.024515983,-0.03885129,0.038342528,-0.0024038432,0.058870394,-0.32422185,0.058100015,0.14007065,0.0482024,0.15778579,0.0142703075,-0.10014354
2024.01.22,600014.SH,-0.031230021,-0.1734896,0.15234604,0.051966194,-0.05590527,0.05203548,-0.008949815,0.035079136,0.10838052,-0.34608382,0.025843214,0.19336386,0.04895508,0.062118605,0.12258727,-0.11525481
2024.01.22,600015.SH,-0.01820915,-0.14178063,0.2073987,0.016762244,-0.07061524,0.0046521155,-0.038246118,0.040538803,0.08441458,-0.32273144,0.005789096,0.039454434,0.14668782,0.031393897,-0.0015993123,-0.073958606
2024.01.22,600016.SH,-0.035656277,-0.18450195,0.14112525,0.06170831,-0.009920991,0.05192319,-0.019849285,0.027039971,0.11586638,-0.3476407,0.013423054,0.18787597,0.053442933,0.04875474,0.15403675,-0.1249068
2024.01.22,600017.SH,-0.0042325975,-0.103842705,0.28223264,-0.0091255065,-0.0950592,-0.049518898,-0.046552766,0.052086562,0.08199379,-0.3114441,-0.021385806,-0.110534,0.25610447,-0.0035546944,-0.15160476,-0.033184312
2024.01.22,600018.SH,0.027277503,-0.12925594,0.22646876,0.14667681,-0.19471197,0.025781065,0.024443116,-0.024039611,0.12347018,-0.28534278,-0.02843406,0.043092255,0.18391238,-0.038253915,-0.04034549,-0.045571357
2024.01.22,600019.SH,-0.01783462,-0.13949417,0.20812681,0.015566124,-0.07134543,0.00491688,-0.037644442,0.04001336,0.084541,-0.32225838,0.0044362405,0.03941218,0.1478588,0.031720433,0.0008651761,-0.074568704
2024.01.22,600020.SH,-0.017260194,-0.13951792,0.20956951,0.014797077,-0.07230205,0.0031252066,-0.03835634,0.0379938,0.08787612,-0.32473308,0.0023962362,0.03864421,0.14901072,0.028934812,-0.00032412447,-0.072933264
2024.01.22,600021.SH,-0.035350233,-0.17806996,0.15334727,0.057184536,-0.048964784,0.054637723,-0.013636876,0.03580455,0.113546945,-0.34732038,0.02267343,0.19999799,0.049641747,0.05953245,0.12937492,-0.11853123
2024.01.22,600022.SH,-0.017386077,-0.13996947,0.20696868,0.016989738,-0.06873698,0.004419188,-0.03808369,0.038676735,0.08711643,-0.3253512,0.0033863802,0.037634145,0.14771356,0.028830843,0.00066584523,-0.074584305
2024.01.22,600023.SH,-0.0358783,-0.178475,0.15369135,0.056541987,-0.049530435,0.05511551,-0.016340038,0.035911478,0.114365585,-0.34800407,0.021497915,0.20048103,0.051566247,0.059390146,0.13086715,-0.11745259
2024.01.22,600024.SH,-0.018455422,-0.15236886,0.2796413,0.017863356,-0.036571633,-0.0011361144,-0.03633151,0.04478199,0.1435919,-0.33081606,-0.0035013265,-0.03854544,0.22012858,-0.015550731,-0.00821964,-0.08989218
2024.01.23,000001.SZ,-0.016208496,-0.14029922,0.2080132,0.017099364,-0.06916513,0.0049232463,-0.037129864,0.03858593,0.086423196,-0.32322127,0.0037346308,0.038442407,0.14791942,0.028909411,0.0018380152,-0.07489027
2024.01.23,000002.SZ,0.027141944,-0.12958062,0.22618365,0.14787245,-0.1934478,0.025902325,0.02401877,-0.02373669,0.12375652,-0.2854936,-0.028521296,0.043101046,0.18476754,-0.038978234,-0.04001211,-0.046032373
2024.01.23,000003.SZ,0.017140882,-0.17079933,0.20628399,0.030593442,-0.1314281,0.0077257557,-0.086849436,-0.031090345,0.08945202,-0.28846902,-0.059491485,0.102001026,0.151102,0.066113435,-0.027467018,-0.05839676
2024.01.23,000004.SZ,-0.11854784,-0.18821189,0.27158666,0.035338588,-0.057444654,-0.0052725137,-0.032404575,0.06520778,0.18835291,-0.3470286,0.00027391315,0.06618042,0.19273438,0.014105762,0.029014226,-0.07420327
2024.01.23,000005.SZ,-0.015510306,-0.13970701,0.20703654,0.016370622,-0.07052925,0.005201779,-0.03533623,0.039411157,0.085253924,-0.32238805,0.005164294,0.03674955,0.14657299,0.0324094,-0.0012413313,-0.07482179
2024.01.23,000006.SZ,-0.016143484,-0.14019144,0.20747672,0.016422717,-0.07081093,0.003474662,-0.037694022,0.038444325,0.08771019,-0.3249013,0.0035128002,0.037224934,0.1484178,0.02905781,-0.001548926,-0.07362017
2024.01.23,000007.SZ,-0.028352236,-0.15112212,0.22563978,0.08244669,-0.065583624,0.017595125,-0.021894934,0.074184105,0.13702267,-0.34571204,0.018850977,0.14655408,0.13497202,0.009413783,0.018180316,-0.093045674
2024.01.23,000008.SZ,0.046122476,-0.13121091,0.19344333,0.0581873,-0.066036515,-0.011831879,-0.009284558,0.00021916628,0.046583466,-0.32884684,-0.038236696,-0.014446077,0.17401467,-0.004524729,-0.020501355,-0.019380087
2024.01.23,000009.SZ,-0.06324805,-0.18771006,0.25254917,0.012894695,-0.1513016,0.025035536,-0.05585316,0.044193823,0.18767042,-0.2582388,0.023847744,0.14110024,0.11944669,0.10671255,0.026603434,-0.04584381
2024.01.23,000010.SZ,-0.017571094,-0.14008161,0.2094586,0.015795028,-0.071757995,0.0029779528,-0.039389558,0.038861793,0.08780952,-0.32511872,0.002487714,0.0402901,0.15013403,0.028167257,-0.0002743546,-0.0737784
2024.01.23,000011.SZ,-0.0054544266,-0.11778963,0.25789112,-0.002343658,-0.10876274,-0.026332332,-0.013815075,0.028631961,0.04836962,-0.20564087,-0.02001507,-0.03170721,0.1404593,0.09963833,-0.05876089,-0.0050582155
2024.01.23,000012.SZ,-0.033161324,-0.17548834,0.1539878,0.054820824,-0.049484424,0.053808052,-0.010934781,0.035597958,0.11027221,-0.3448752,0.023604635,0.19428213,0.04935783,0.05914018,0.12860213,-0.11674206
2024.01.23,000013.SZ,-0.016381497,-0.14031406,0.20826823,0.015377181,-0.07130872,0.0037696303,-0.03708378,0.03877109,0.08624929,-0.32322806,0.004147819,0.03756575,0.1474079,0.03066354,-0.0018781159,-0.07330479
2024.01.23,000014.SZ,0.0039962614,-0.11056421,0.2653035,-0.014715896,-0.07134124,-0.048487667,-0.054733954,0.03825753,0.081561245,-0.313825,-0.025897285,-0.11454016,0.24627306,0.0046423636,-0.13661927,-0.03520326
2024.01.23,000015.SZ,-0.0057544,-0.12035499,0.25738594,-0.005621441,-0.10755979,-0.025577657,-0.010856649,0.026662292,0.047391295,-0.20225815,-0.017241007,-0.029349672,0.13476983,0.103060946,-0.05716542,-0.0054454934
2024.01.23,000016.SZ,-0.03122417,-0.17290784,0.15120095,0.051922347,-0.05559139,0.051049665,-0.008599456,0.034371424,0.10693653,-0.34673458,0.024597622,0.19317192,0.049577333,0.061593488,0.12222584,-0.114197046
2024.01.23,000017.SZ,-0.016287787,-0.13963324,0.20804927,0.016402408,-0.07068614,0.004618379,-0.03654223,0.03987536,0.086172506,-0.32448503,0.004985634,0.03675337,0.14709212,0.03151186,-0.0014353832,-0.074126564
2024.01.23,000018.SZ,0.015477047,-0.15696871,0.12150928,0.06950872,0.08348616,0.004796135,-0.04722348,-0.004431286,0.08665545,-0.3523114,-0.02250622,0.03942731,0.1463447,0.02268422,0.028838044,-0.10716404
2024.01.23,000019.SZ,-0.058549203,-0.14468102,0.14879389,-0.0231692,-0.14146343,-0.0007680625,0.005000922,0.013843214,0.06793339,-0.34599215,0.02296809,0.09570186,0.09338811,0.10473902,0.014497991,-0.051841628
2024.01.23,000020.SZ,-0.019080447,-0.14070192,0.20804225,0.01768253,-0.071183264,0.0038929842,-0.03966257,0.04067926,0.08861076,-0.3274501,0.0035762487,0.040250495,0.1496499,0.029352255,0.0007991435,-0.07454381
2024.01.23,000021.SZ,-0.019766914,-0.1495548,0.18940566,0.03102265,-0.020978576,0.011623291,-0.007665335,0.084246844,0.088463224,-0.34117773,0.048871066,0.09603742,0.11121823,0.0460328,0.010450353,-0.048373427
2024.01.23,000022.SZ,-0.022289459,-0.14011893,0.23777395,-0.018912783,-0.1691102,-0.029698316,-0.15573327,0.063390955,0.08552562,-0.27162665,-0.05486974,0.045301236,0.1998961,0.08974537,-0.14111033,-0.009801394
2024.01.23,000023.SZ,-0.056908913,-0.11373301,0.27510232,-8.1159174e-05,-0.14382154,-0.038699333,-0.02896735,0.061768603,0.12900993,-0.33568224,-0.0025724266,-0.034007322,0.2558542,0.0029688764,-0.12335458,-0.029844025
2024.01.23,000024.SZ,-0.041007567,-0.14356926,0.18108751,0.019940851,-0.016918907,0.011503979,-0.08339545,0.040607605,0.10578712,-0.31603003,-0.01674716,0.029704021,0.1828894,0.037982512,-0.028013099,-0.06557046
2024.01.23,000025.SZ,0.046371046,-0.1309438,0.1909093,0.061891615,-0.06505964,-0.010381437,-0.0094394265,-0.00046600398,0.047266614,-0.33017817,-0.039914165,-0.012183313,0.17394152,-0.005155391,-0.018638084,-0.021441028
2024.01.23,600000.SH,-0.03974461,-0.17715986,0.1604598,0.053051744,-0.046201456,0.057511352,-0.018181212,0.036181338,0.115776084,-0.3369516,0.022405213,0.19219221,0.05034109,0.060998797,0.1318565,-0.118349925
2024.01.23,600001.SH,-0.028423304,-0.13468863,0.21048783,-0.06383357,-0.13825853,-0.05554574,-0.032272454,0.0140669495,0.043658335,-0.28608418,0.0050400067,-0.026731972,0.15636924,0.08157234,-0.068771996,-0.0104881255
2024.01.23,600002.SH,-0.06372922,-0.18729705,0.2538557,0.014182202,-0.15346076,0.024997234,-0.058560748,0.044180445,0.1902307,-0.25869292,0.02162217,0.13966268,0.12293579,0.10315772,0.026442336,-0.044935726
2024.01.23,600003.SH,0.017957203,-0.16974103,0.20637688,0.02991481,-0.13435455,0.0067618187,-0.09090365,-0.03244186,0.094264865,-0.29297978,-0.06323739,0.10732307,0.15406226,0.06363776,-0.025375932,-0.056416016
2024.01.23,600004.SH,-0.06576035,-0.21164206,0.14389832,-0.060395416,-0.035239764,-0.06008547,-0.030277338,-0.0029615003,0.12855993,-0.31398824,0.013740598,0.021745699,0.17219508,0.08928496,0.04082322,-0.058052026
2024.01.23,600005.SH,-0.018095164,-0.140568,0.20659992,0.017199086,-0.070267275,0.0033846488,-0.03910887,0.040283352,0.08635195,-0.3251661,0.003759277,0.040510476,0.14987703,0.028086761,-0.00043324564,-0.07451661
2024.01.23,600006.SH,-0.017668115,-0.13948603,0.20713067,0.016794346,-0.07121182,0.0041723857,-0.03756516,0.040201433,0.08723719,-0.32594922,0.0035156612,0.038763214,0.14915943,0.030433329,-0.0006804372,-0.0747499
2024.01.23,600007.SH,-0.020874783,-0.17754945,0.13521975,-0.016996538,-0.02091571,-0.041565187,0.040240593,-0.0032168627,0.054581817,-0.3233457,0.05911466,0.13279319,0.047679804,0.1549064,0.011384444,-0.099740595
2024.01.23,600008.SH,-0.015879555,-0.14022253,0.20825548,0.016123258,-0.07043755,0.005209221,-0.034898363,0.039745916,0.084054455,-0.32212645,0.005537438,0.03696451,0.14601356,0.032244004,-0.0019500268,-0.074069984
2024.01.23,600009.SH,-0.017177062,-0.14073639,0.20757231,0.016427195,-0.0725737,0.0039987965,-0.0383736,0.040632904,0.08655732,-0.32394892,0.005109757,0.037780955,0.14863768,0.031180818,-0.001088941,-0.07345268
2024.01.23,600010.SH,-0.08041224,-0.15332188,0.22031265,0.01145382,-0.06792092,0.012516404,-0.14935882,0.04022447,0.15248789,-0.36096945,-0.028518958,0.1378753,0.14985566,0.06688763,-0.037473187,-0.054907873
2024.01.23,600011.SH,-0.036799457,-0.17938401,0.15420684,0.058472287,-0.047364537,0.05584677,-0.0138376765,0.036428712,0.11504815,-0.34642068,0.022942472,0.20000352,0.049300425,0.058499556,0.13128932,-0.11886201
2024.01.23,600012.SH,-0.035156358,-0.17862631,0.15298869,0.056466695,-0.048668902,0.05456856,-0.013624332,0.03560548,0.11380455,-0.34700346,0.02184407,0.20040251,0.050344262,0.059155405,0.12957989,-0.11781425
2024.01.23,600013.SH,-0.02374249,-0.17806572,0.13628025,-0.017144544,-0.02405362,-0.038618416,0.038200468,-0.0024657685,0.058405213,-0.32401413,0.058040313,0.13973978,0.047873758,0.1577736,0.0138696125,-0.10039444
2024.01.23,600014.SH,-0.031191815,-0.17330937,0.15203318,0.05182358,-0.056332294,0.051839616,-0.00956767,0.034933545,0.10851273,-0.34654257,0.025667364,0.19344658,0.04937347,0.061990175,0.122570455,-0.115078226
2024.01.23,600015.SH,-0.018235652,-0.1420734,0.20731042,0.017336553,-0.06984759,0.004672171,-0.038249124,0.040724542,0.08480203,-0.32351133,0.0061065243,0.03962587,0.14640705,0.031344455,-0.0017976946,-0.07434784
2024.01.23,600016.SH,-0.035578717,-0.1844082,0.14093488,0.060990512,-0.011016846,0.051728543,-0.020704543,0.027374985,0.116197444,-0.34840512,0.013819641,0.18795325,0.053869676,0.049100857,0.15392095,-0.1244193
2024.01.23,600017.SH,-0.0047284234,-0.103525355,0.28294152,-0.009500357,-0.095528744,-0.049935896,-0.047817614,0.05184048,0.08278825,-0.31226975,-0.022598144,-0.110811,0.25741804,-0.0047176727,-0.15186521,-0.033008955
2024.01.23,600018.SH,0.02721162,-0.12947108,0.22605829,0.14698116,-0.1946933,0.025989024,0.024521485,-0.024113402,0.12324271,-0.28496584,-0.028474364,0.04318427,0.18388118,-0.03842547,-0.04001992,-0.045726337
2024.01.23,600019.SH,-0.017401861,-0.13984416,0.20766012,0.01629417,-0.070602894,0.005243232,-0.036800805,0.040047254,0.0842192,-0.3218636,0.0050016968,0.03875979,0.14735971,0.031767357,0.0010657829,-0.074818976
2024.01.23,600020.SH,-0.01760797,-0.14007716,0.20954883,0.015027565,-0.07260433,0.0032019021,-0.03885132,0.038561717,0.08744551,-0.32442552,0.0029934705,0.038809486,0.14898631,0.02900302,-0.00047003847,-0.07271508
2024.01.23,600021.SH,-0.03523426,-0.17757194,0.15318865,0.05680187,-0.048747923,0.05452941,-0.013898521,0.03559273,0.11346667,-0.34785172,0.02204254,0.2001803,0.050067842,0.059776593,0.1297691,-0.11862825
2024.01.23,600022.SH,-0.017202312,-0.13999024,0.20729741,0.01697301,-0.06832392,0.004185387,-0.03792213,0.0387871,0.08698777,-0.32571095,0.0035198336,0.0376291,0.14777628,0.028408175,0.00031443313,-0.07451852
2024.01.23,600023.SH,-0.03618803,-0.17822412,0.15354209,0.056113467,-0.04992525,0.055045962,-0.017050432,0.03585693,0.114595495,-0.34886116,0.021340668,0.2007253,0.051859833,0.05975493,0.13131557,-0.1173576
2024.01.23,600024.SH,-0.019214999,-0.15232645,0.2800423,0.01843231,-0.036445726,-0.0010160372,-0.037959315,0.04502134,0.14369453,-0.33192676,-0.003992432,-0.038185433,0.22057852,-0.016630793,-0.007891679,-0.08977471
2024.01.24,000001.SZ,-0.01619076,-0.1401079,0.20819333,0.017092492,-0.06894622,0.005203135,-0.036532305,0.038788997,0.085589625,-0.3227111,0.0039516483,0.038821544,0.14766422,0.029529143,0.0019148882,-0.07528873
2024.01.24,000002.SZ,0.02723888,-0.12936053,0.22659715,0.14717148,-0.19347191,0.025793012,0.023817899,-0.023657652,0.12351021,-0.28533593,-0.028372733,0.04309577,0.18444479,-0.03877877,-0.04032508,-0.04575426
2024.01.24,000003.SZ,0.017170638,-0.17061229,0.2062024,0.030166613,-0.13200274,0.00765291,-0.08734484,-0.030981367,0.089386046,-0.28855518,-0.059628684,0.10235417,0.15140289,0.06629791,-0.027788201,-0.058196887
2024.01.24,000004.SZ,-0.11893813,-0.18822187,0.27141923,0.03502609,-0.057951402,-0.0052052,-0.03254407,0.06555266,0.18766499,-0.3462636,0.0006216466,0.06681387,0.19250703,0.015262417,0.028271915,-0.0739581
2024.01.24,000005.SZ,-0.014826552,-0.13998531,0.20657994,0.016416308,-0.070020914,0.00549857,-0.035671305,0.03903729,0.084957644,-0.3214327,0.005525205,0.03581987,0.14602067,0.03230195,-0.00067535776,-0.07461705
2024.01.24,000006.SZ,-0.016017014,-0.13991073,0.2074156,0.01635504,-0.07105431,0.003361221,-0.037818626,0.038737413,0.08793519,-0.32528389,0.0035483092,0.037003726,0.14871928,0.029118897,-0.0018508302,-0.07358193
2024.01.24,000007.SZ,-0.027930206,-0.15077135,0.22560728,0.08203889,-0.065298244,0.017575927,-0.021149298,0.0738908,0.13690606,-0.34543112,0.018985642,0.14600268,0.13436653,0.010017328,0.017965326,-0.09299868
2024.01.24,000008.SZ,0.04611024,-0.13112031,0.19321597,0.058581546,-0.06550587,-0.011744891,-0.009653715,0.0004653707,0.04638211,-0.329246,-0.038158238,-0.014307826,0.1740754,-0.003886762,-0.020518271,-0.019859325
2024.01.24,000009.SZ,-0.063286036,-0.18771997,0.25249353,0.012223957,-0.15148886,0.02479216,-0.055822916,0.044175655,0.18753734,-0.2583862,0.02386257,0.14182284,0.11978937,0.107059725,0.026540175,-0.046273533
2024.01.24,000010.SZ,-0.018289851,-0.14027725,0.2093325,0.016091973,-0.07148843,0.0029797615,-0.0407721,0.03915757,0.08830544,-0.3261393,0.0023229378,0.04078404,0.15038799,0.027460974,0.00031790137,-0.07375683
2024.01.24,000011.SZ,-0.004986446,-0.11871919,0.25724414,-0.0017722305,-0.10850619,-0.02602142,-0.0129536595,0.028626312,0.047525663,-0.20491765,-0.018359013,-0.03034489,0.13848482,0.10045036,-0.058660742,-0.005179091
2024.01.24,000012.SZ,-0.033018585,-0.1757274,0.15379661,0.054902393,-0.049484823,0.053733725,-0.010897488,0.035749868,0.110372305,-0.34511098,0.023766534,0.19468947,0.049406838,0.05928879,0.12838541,-0.11662447
2024.01.24,000013.SZ,-0.016544761,-0.14043517,0.2083167,0.015167384,-0.07192983,0.003755086,-0.037340038,0.03955258,0.08552683,-0.32288063,0.00494044,0.03757697,0.14739864,0.030933939,-0.002710615,-0.07283789
2024.01.24,000014.SZ,0.0038998898,-0.11046493,0.26493478,-0.014453125,-0.07069834,-0.04796759,-0.054223914,0.03855508,0.081034034,-0.31370533,-0.02581577,-0.11434961,0.24587037,0.0049362453,-0.13630322,-0.035681292
2024.01.24,000015.SZ,-0.005438073,-0.12030122,0.25711697,-0.004830781,-0.10692841,-0.025854575,-0.010652869,0.027013043,0.046949748,-0.20286958,-0.016294409,-0.030066287,0.13469833,0.10290302,-0.057773836,-0.005072692
2024.01.24,000016.SZ,-0.031060878,-0.17319973,0.15111811,0.05159388,-0.056423556,0.05082418,-0.008986916,0.034294363,0.10697933,-0.3467164,0.024506735,0.19332069,0.050010536,0.061489854,0.12166547,-0.1137659
2024.01.24,000017.SZ,-0.015953185,-0.13925894,0.20804207,0.016384276,-0.070524655,0.0047641997,-0.036880568,0.039921775,0.08619521,-0.32463738,0.004927789,0.03630406,0.14721581,0.031411678,-0.0011462863,-0.07422464
2024.01.24,000018.SZ,0.015376552,-0.15761988,0.12102385,0.06916227,0.08290761,0.0047138217,-0.047798406,-0.0044360952,0.08690218,-0.35186735,-0.02171047,0.039503206,0.14568776,0.022877797,0.028451933,-0.10648615
2024.01.24,000019.SZ,-0.059197724,-0.14539771,0.14867797,-0.023260588,-0.1412524,-0.0011312696,0.0045743263,0.014000876,0.06776665,-0.34622303,0.023547022,0.09666921,0.09318179,0.105118,0.013899931,-0.05174525
2024.01.24,000020.SZ,-0.018000826,-0.14089555,0.20755897,0.018102255,-0.07032275,0.004558039,-0.03859868,0.04090094,0.08744994,-0.3262144,0.004668455,0.03878996,0.14853762,0.029973444,0.00059540005,-0.07464547
2024.01.24,000021.SZ,-0.019548794,-0.14933525,0.18966588,0.03065494,-0.021027286,0.011732509,-0.007676197,0.08388893,0.088231534,-0.3408108,0.048505493,0.09603457,0.11092762,0.04639137,0.010237323,-0.048406087
2024.01.24,000022.SZ,-0.02249797,-0.13989949,0.23708726,-0.017911095,-0.16785501,-0.02893755,-0.15459877,0.06413085,0.08478975,-0.2707085,-0.054496158,0.045220766,0.19889747,0.08986168,-0.14080678,-0.010315186
2024.01.24,000023.SZ,-0.05693434,-0.11360651,0.27518177,-0.0002280809,-0.1438328,-0.038778383,-0.02855645,0.062270623,0.12892456,-0.3357788,-0.002191406,-0.03392362,0.25618684,0.003160496,-0.12324042,-0.029847687
2024.01.24,000024.SZ,-0.0415385,-0.1436285,0.1808127,0.020599017,-0.016391434,0.0113838315,-0.08394853,0.040741436,0.10582675,-0.31680423,-0.016706059,0.029261865,0.18361282,0.03735768,-0.027709702,-0.0653748
2024.01.24,000025.SZ,0.046252016,-0.13109018,0.1905866,0.062165454,-0.06452818,-0.010353842,-0.010018878,-0.00015529245,0.04719053,-0.33082134,-0.039785847,-0.012029608,0.17405449,-0.0052566715,-0.018641979,-0.021865504
2024.01.24,600000.SH,-0.039364498,-0.17713767,0.16050309,0.052199848,-0.046871245,0.057303045,-0.018365284,0.035588708,0.11594235,-0.33681196,0.022577196,0.19225974,0.05029309,0.06141287,0.1311503,-0.11809321
2024.01.24,600001.SH,-0.028414207,-0.1348485,0.2107225,-0.06430946,-0.13863663,-0.056036405,-0.03236007,0.013974818,0.043690838,-0.28621787,0.0052349684,-0.026509805,0.15696529,0.08153824,-0.06932175,-0.009971474
2024.01.24,600002.SH,-0.06396484,-0.18699932,0.25403303,0.013634787,-0.15441343,0.024705917,-0.05927694,0.04374716,0.19114147,-0.25972947,0.021118883,0.14010869,0.12379482,0.10330448,0.026009323,-0.044885464
2024.01.24,600003.SH,0.018359892,-0.16967651,0.20681873,0.029941332,-0.13360466,0.006828988,-0.090194434,-0.032670707,0.09404411,-0.29220992,-0.062941134,0.1067226,0.15348575,0.063513175,-0.02498519,-0.056473292
2024.01.24,600004.SH,-0.06612147,-0.21155897,0.14374562,-0.059671436,-0.035238322,-0.059838656,-0.030124607,-0.00259337,0.12836519,-0.3141095,0.013648035,0.02166676,0.17250682,0.08903834,0.04119025,-0.05816032
2024.01.24,600005.SH,-0.018356064,-0.13958536,0.2076286,0.016349569,-0.070828564,0.0024496901,-0.039880957,0.039662424,0.08814812,-0.3269833,0.0020363154,0.04089503,0.1515141,0.02675443,0.000108707696,-0.07426418
2024.01.24,600006.SH,-0.017643983,-0.13993442,0.20708598,0.017095719,-0.07123273,0.0040936456,-0.038310617,0.0403513,0.08761608,-0.3260578,0.0037048438,0.038388327,0.14962953,0.029538753,1.48732215e-05,-0.074342124
2024.01.24,600007.SH,-0.021162895,-0.17786622,0.1349647,-0.016856885,-0.020664562,-0.04171666,0.039674554,-0.0031405436,0.05481035,-0.32384288,0.05898205,0.13336106,0.047756158,0.15467367,0.011554601,-0.09974165
2024.01.24,600008.SH,-0.014764443,-0.13956194,0.20811214,0.016159965,-0.07062525,0.005408685,-0.03443993,0.03937583,0.08461296,-0.32184708,0.0050907293,0.03623213,0.14653507,0.032249983,-0.0012203151,-0.07447581
2024.01.24,600009.SH,-0.017595032,-0.14093086,0.20789033,0.015727278,-0.07327559,0.0033365625,-0.038988978,0.040059637,0.08701816,-0.3237408,0.0043555223,0.038223147,0.14940968,0.030164566,-0.001547529,-0.07273207
2024.01.24,600010.SH,-0.080265,-0.15318416,0.22006756,0.011337778,-0.06818621,0.012477138,-0.14979845,0.04021091,0.15261793,-0.36118683,-0.028542915,0.13769995,0.14993006,0.066760644,-0.03762018,-0.05474611
2024.01.24,600011.SH,-0.036148146,-0.1786547,0.15463005,0.05840062,-0.04674852,0.055780523,-0.013106966,0.036685377,0.11445088,-0.34555945,0.023215346,0.19875322,0.049164712,0.058335893,0.13136968,-0.11888334
2024.01.24,600012.SH,-0.034491137,-0.17839581,0.15380707,0.056651548,-0.04812887,0.054707415,-0.012022706,0.035722155,0.11311286,-0.34506106,0.022307696,0.19891918,0.04959826,0.05914753,0.12902752,-0.11774343
2024.01.24,600013.SH,-0.023344463,-0.17800805,0.13636382,-0.017474428,-0.024671996,-0.038618643,0.038216468,-0.002679442,0.058524475,-0.32390893,0.05814035,0.13950597,0.047579076,0.15760301,0.013003468,-0.100235276
2024.01.24,600014.SH,-0.031128688,-0.17326607,0.15210177,0.051909752,-0.05624941,0.051895518,-0.009222976,0.035107188,0.10860135,-0.34628862,0.02605874,0.19323118,0.04920575,0.06199313,0.12232316,-0.115267925
2024.01.24,600015.SH,-0.018402094,-0.14236964,0.20740822,0.017343909,-0.07019879,0.0047560963,-0.03860643,0.04097805,0.08445084,-0.32320347,0.006594972,0.039610475,0.14615484,0.03147002,-0.0020999338,-0.07399122
2024.01.24,600016.SH,-0.035216924,-0.18416567,0.14126472,0.060251392,-0.011242835,0.05163475,-0.020384364,0.027253848,0.11565691,-0.3476093,0.014019644,0.18716592,0.053417254,0.049303744,0.15376763,-0.12400164
2024.01.24,600017.SH,-0.004922142,-0.10351278,0.28348404,-0.009820067,-0.09556962,-0.050409306,-0.04783638,0.05165487,0.08295854,-0.31251183,-0.022315433,-0.11139183,0.25755766,-0.0046801004,-0.15148976,-0.032836616
2024.01.24,600018.SH,0.027648192,-0.1293403,0.22623456,0.14673364,-0.19479842,0.02553551,0.024255576,-0.024445409,0.123937346,-0.28522816,-0.029004155,0.043313675,0.184742,-0.039003246,-0.040073708,-0.045593515
2024.01.24,600019.SH,-0.017078087,-0.14028837,0.207,0.016700737,-0.0707667,0.005413686,-0.037288908,0.039799575,0.08440403,-0.3213412,0.00503053,0.038273085,0.14737092,0.03127298,0.0010851189,-0.0744968
2024.01.24,600020.SH,-0.016280107,-0.14001362,0.20888281,0.015321192,-0.07175258,0.0040437956,-0.038259715,0.0384488,0.08662149,-0.32299334,0.00359033,0.03757012,0.14807074,0.029676814,-0.00023132004,-0.07315849
2024.01.24,600021.SH,-0.03522158,-0.17756979,0.1530795,0.056888588,-0.048666988,0.054447208,-0.01434797,0.0357961,0.11339148,-0.34795308,0.022177858,0.20000707,0.050435994,0.05928889,0.13003743,-0.118446864
2024.01.24,600022.SH,-0.01639956,-0.13957042,0.20796427,0.016244998,-0.06891873,0.0038178442,-0.03727114,0.038708862,0.086613566,-0.32519004,0.003634094,0.0373011,0.1479876,0.028313063,-0.0005115121,-0.07416545
2024.01.24,600023.SH,-0.03624501,-0.17863357,0.1541355,0.0570167,-0.04915371,0.05525764,-0.015711088,0.03662268,0.11411967,-0.34742665,0.022392634,0.19967231,0.051052995,0.058825582,0.13086809,-0.11738324
2024.01.24,600024.SH,-0.019744728,-0.15238968,0.28045285,0.018236712,-0.037369486,-0.001224913,-0.03938785,0.045221515,0.14381275,-0.33277366,-0.0042092702,-0.03797744,0.22083108,-0.017113155,-0.00878496,-0.08933752
2024.01.25,000001.SZ,-0.016192839,-0.14012851,0.20866197,0.016828688,-0.069796,0.0050257524,-0.036476307,0.03844566,0.085813686,-0.3223334,0.003511623,0.039144255,0.14806637,0.029490735,0.0017314461,-0.07511138
2024.01.25,000002.SZ,0.027113719,-0.12918033,0.22728348,0.14706379,-0.19362395,0.02549578,0.023496311,-0.023855813,0.1242113,-0.2858224,-0.028805688,0.04289182,0.1852284,-0.039374236,-0.040172633,-0.04535983
2024.01.25,000003.SZ,0.01667202,-0.17072293,0.2059032,0.02963178,-0.13305867,0.0073657325,-0.08892787,-0.031435944,0.0899979,-0.2898039,-0.06057216,0.10405122,0.15193382,0.065634765,-0.02756324,-0.057500336
2024.01.25,000004.SZ,-0.11878403,-0.1881201,0.27189094,0.0346468,-0.057465304,-0.0059532835,-0.033080544,0.064460926,0.18871832,-0.34691054,-0.0006907134,0.06715432,0.19307314,0.014083549,0.028921306,-0.074396215
2024.01.25,000005.SZ,-0.014670266,-0.14062397,0.2063949,0.016644923,-0.069802284,0.005403926,-0.03557274,0.039120477,0.08441968,-0.32089362,0.0063124057,0.035520885,0.14567937,0.032038394,-0.001255586,-0.07426057
2024.01.25,000006.SZ,-0.016338116,-0.13988504,0.20768331,0.016390748,-0.07129844,0.003473646,-0.038021643,0.039224654,0.087766916,-0.32543883,0.0038205944,0.037109047,0.14871684,0.029552693,-0.0017897803,-0.073588856
2024.01.25,000007.SZ,-0.027962768,-0.15105304,0.22591724,0.0817304,-0.06524194,0.017394146,-0.020996807,0.07388591,0.13673124,-0.34495005,0.01948288,0.14531372,0.13389657,0.010113036,0.017404145,-0.09245574
2024.01.25,000008.SZ,0.04646257,-0.13052505,0.1924024,0.0598683,-0.0664312,-0.011630726,-0.009745275,0.00021959096,0.04729042,-0.33046898,-0.03953044,-0.013495787,0.1748761,-0.0048303823,-0.021324463,-0.019801285
2024.01.25,000009.SZ,-0.063263744,-0.18803051,0.25275165,0.01199506,-0.15127718,0.024589326,-0.055617813,0.04464862,0.18727958,-0.25809336,0.0243884,0.14158204,0.11961541,0.10736765,0.026584668,-0.046190318
2024.01.25,000010.SZ,-0.017714823,-0.13994494,0.20954338,0.01578806,-0.07065982,0.0033220463,-0.04051994,0.038583826,0.08829576,-0.3259729,0.0021391627,0.040209595,0.14953563,0.02777841,0.00064256217,-0.074000366
2024.01.25,000011.SZ,-0.0049769096,-0.118679166,0.25777215,-0.0022120962,-0.10780902,-0.026116252,-0.0126567725,0.028486898,0.047340054,-0.20514503,-0.018561972,-0.03084824,0.1385499,0.10058954,-0.059117176,-0.0047767097
2024.01.25,000012.SZ,-0.033207584,-0.17609745,0.15347588,0.055352043,-0.048905227,0.053685255,-0.011011304,0.035710145,0.11060502,-0.3454309,0.02382475,0.1952282,0.04919018,0.05911588,0.12866439,-0.116861895
2024.01.25,000013.SZ,-0.017164467,-0.14020471,0.20834717,0.015204126,-0.07206306,0.003603889,-0.037894394,0.039413575,0.08625106,-0.32378417,0.00429267,0.038135733,0.14803924,0.030283412,-0.002080812,-0.07290696
2024.01.25,000014.SZ,0.0032683047,-0.11009555,0.26600608,-0.014749409,-0.071439646,-0.048176352,-0.05492878,0.038386654,0.08156218,-0.314654,-0.027003324,-0.11398581,0.24713957,0.0035474673,-0.13667907,-0.035469998
2024.01.25,000015.SZ,-0.005923932,-0.12044534,0.25734654,-0.005622354,-0.10664013,-0.026000353,-0.010967262,0.02652264,0.047248114,-0.20328657,-0.016489813,-0.030388683,0.13437176,0.10271604,-0.0580463,-0.005162789
2024.01.25,000016.SZ,-0.030998763,-0.17336643,0.15126482,0.05111336,-0.056799844,0.050989132,-0.008905473,0.03384435,0.10695058,-0.34650263,0.024267787,0.1932525,0.049906444,0.061644375,0.12170377,-0.11348677
2024.01.25,000017.SZ,-0.015971465,-0.13945712,0.20800576,0.016281128,-0.07092195,0.004713776,-0.03723519,0.039809525,0.086306445,-0.3242721,0.0049260156,0.03617201,0.14732228,0.031377025,-0.00093744666,-0.07393437
2024.01.25,000018.SZ,0.015172461,-0.15730657,0.12170169,0.068832524,0.0822207,0.0047471975,-0.04788462,-0.0041481056,0.08700494,-0.3522151,-0.021849448,0.0390616,0.14575014,0.023108682,0.028138876,-0.10626207
2024.01.25,000019.SZ,-0.060331915,-0.14624956,0.14818342,-0.02356853,-0.14333029,-0.0013053531,0.002633953,0.014188883,0.06898156,-0.34796643,0.02361596,0.09818747,0.09435721,0.104686916,0.013838575,-0.051326
2024.01.25,000020.SZ,-0.018573368,-0.14109465,0.20818077,0.017772874,-0.07122183,0.003889759,-0.039512854,0.040519256,0.08845044,-0.32692647,0.003883968,0.03924526,0.14938796,0.028918158,0.00057958433,-0.07395434
2024.01.25,000021.SZ,-0.01980308,-0.14969112,0.18943153,0.030878447,-0.021175783,0.011803062,-0.008010708,0.08413679,0.08848147,-0.3408617,0.04864193,0.0964807,0.11079084,0.046347667,0.0110959755,-0.048609182
2024.01.25,000022.SZ,-0.022452358,-0.13978784,0.237273,-0.017907847,-0.16769938,-0.028674968,-0.15356968,0.064002484,0.0844841,-0.2701344,-0.054264758,0.044470653,0.19871466,0.089889556,-0.1404573,-0.010260207
2024.01.25,000023.SZ,-0.057326347,-0.11361517,0.27492657,-2.9802322e-05,-0.14458023,-0.039253306,-0.029520992,0.062286884,0.12968351,-0.3366625,-0.0027294836,-0.033747196,0.25687647,0.0023755461,-0.12368527,-0.029374648
2024.01.25,000024.SZ,-0.041866172,-0.14337173,0.18134955,0.021056017,-0.016877888,0.011169854,-0.084377944,0.040826194,0.105818816,-0.3174923,-0.01766988,0.029157916,0.18481275,0.036312442,-0.028143512,-0.06509982
2024.01.25,000025.SZ,0.045976754,-0.13124368,0.1901131,0.06314061,-0.06416572,-0.009937107,-0.010355981,1.8347055e-05,0.0475012,-0.33162707,-0.04030793,-0.011347148,0.17452876,-0.005568536,-0.017999629,-0.022712504
2024.01.25,600000.SH,-0.0396657,-0.1776077,0.16004899,0.052032147,-0.047020935,0.05704433,-0.019544482,0.03534232,0.11656156,-0.3379668,0.022263974,0.19336061,0.05093258,0.060964987,0.13157532,-0.1177738
2024.01.25,600001.SH,-0.028927695,-0.13488697,0.21046859,-0.06451637,-0.13961978,-0.05641305,-0.032756437,0.014539197,0.04388995,-0.28744403,0.0052670795,-0.02627501,0.15786482,0.081831545,-0.06985033,-0.009492835
2024.01.25,600002.SH,-0.063668296,-0.18584391,0.25434798,0.013455052,-0.15472475,0.024692675,-0.060138687,0.041968614,0.19265908,-0.26119095,0.018912943,0.13999362,0.12525783,0.1016466,0.0262127,-0.044966254
2024.01.25,600003.SH,0.018301448,-0.16977587,0.20664358,0.030198196,-0.13350978,0.0069374577,-0.09045272,-0.03212239,0.093634024,-0.2924682,-0.06234223,0.10599384,0.1535619,0.063299686,-0.024960639,-0.05675651
2024.01.25,600004.SH,-0.06536558,-0.21126276,0.14405,-0.060856976,-0.03567475,-0.060411908,-0.03057437,-0.0026381067,0.12838891,-0.31438684,0.013941018,0.02100816,0.1724392,0.08941577,0.04051562,-0.05760832
2024.01.25,600005.SH,-0.01849748,-0.1397845,0.2080628,0.016123116,-0.07082292,0.0025651306,-0.03934091,0.039867617,0.08783717,-0.3266395,0.00265474,0.04090733,0.1506698,0.027779255,-0.00052294874,-0.074159406
2024.01.25,600006.SH,-0.017592864,-0.14055759,0.20681264,0.01732782,-0.07102445,0.0044692,-0.038059723,0.040346187,0.08728306,-0.3252023,0.004486337,0.037992526,0.148517,0.030507665,-0.0005352236,-0.07429547
2024.01.25,600007.SH,-0.020771392,-0.17765482,0.13492478,-0.016897913,-0.020361854,-0.04154399,0.04018781,-0.0035701504,0.05463987,-0.32331222,0.058812957,0.13304062,0.04744977,0.15442818,0.011537496,-0.099611804
2024.01.25,600008.SH,-0.014543082,-0.13967833,0.20744435,0.016966373,-0.06954871,0.006158477,-0.033823278,0.039300777,0.08409756,-0.32123125,0.005647316,0.03572526,0.14591524,0.03284146,2.7809292e-05,-0.07518093
2024.01.25,600009.SH,-0.017506436,-0.1408341,0.20763303,0.015792,-0.0728836,0.0034683524,-0.038954742,0.039901648,0.08720449,-0.3237138,0.0042067966,0.038276512,0.1492848,0.030319756,-0.0013085951,-0.07307802
2024.01.25,600010.SH,-0.08045041,-0.15331568,0.21977477,0.011992882,-0.06771357,0.012609685,-0.149434,0.040425345,0.1529016,-0.36145046,-0.02847493,0.13759427,0.14994356,0.06663747,-0.0373526,-0.055161793
2024.01.25,600011.SH,-0.035999775,-0.17867738,0.15421058,0.057870578,-0.047580846,0.055578653,-0.013778217,0.036340054,0.11446229,-0.34613255,0.022972073,0.19924703,0.04960386,0.0583452,0.13106473,-0.1184588
2024.01.25,600012.SH,-0.034996726,-0.1785157,0.1541875,0.056888156,-0.047564704,0.054747988,-0.012148989,0.036004223,0.1129878,-0.34483215,0.022538867,0.19879554,0.04933214,0.059089713,0.12933704,-0.117999956
2024.01.25,600013.SH,-0.022764228,-0.17781313,0.1374455,-0.017926244,-0.024026243,-0.038504425,0.040582217,-0.0029814565,0.0578789,-0.3215669,0.058794558,0.13797821,0.046651382,0.15790525,0.013433924,-0.10019986
2024.01.25,600014.SH,-0.0310888,-0.17344208,0.15213549,0.051614013,-0.05659331,0.051918164,-0.009266051,0.03498254,0.10884374,-0.34634137,0.025830764,0.19353995,0.04921606,0.06258203,0.122364864,-0.11518237
2024.01.25,600015.SH,-0.018588345,-0.14191099,0.20776232,0.017032217,-0.070741765,0.0047136354,-0.038902234,0.04105249,0.08476685,-0.323696,0.0063437265,0.03949605,0.14632316,0.031555843,-0.0020064106,-0.073816314
2024.01.25,600016.SH,-0.035416573,-0.18451929,0.1410243,0.060370807,-0.011790251,0.05168374,-0.02073782,0.027263392,0.1159511,-0.34815088,0.014017275,0.18767126,0.053527147,0.049249303,0.15379083,-0.12370229
2024.01.25,600017.SH,-0.0052096522,-0.10350312,0.28448564,-0.010587054,-0.09610653,-0.051086877,-0.04813764,0.050919373,0.083013974,-0.31256303,-0.022628542,-0.11119728,0.25787675,-0.0054272776,-0.1517174,-0.032558493
2024.01.25,600018.SH,0.02790403,-0.1296952,0.22605301,0.14644162,-0.19442566,0.025570335,0.024529573,-0.024890933,0.12343074,-0.28458932,-0.028890377,0.043502666,0.1840605,-0.038617156,-0.040298257,-0.04556657
2024.01.25,600019.SH,-0.01745294,-0.14061299,0.20673278,0.01720931,-0.07038769,0.005255671,-0.037822124,0.039831925,0.08521557,-0.3222557,0.004938771,0.038358234,0.14752194,0.030759348,0.0013584803,-0.074589565
2024.01.25,600020.SH,-0.01682931,-0.14015266,0.2090105,0.015699117,-0.07162128,0.0041584163,-0.038478963,0.039614256,0.08615254,-0.32344043,0.0044048293,0.038239405,0.14813554,0.030180626,-0.00044829954,-0.07347642
2024.01.25,600021.SH,-0.035003483,-0.1777705,0.15277758,0.05675327,-0.04875597,0.054414134,-0.014219995,0.03553258,0.11343558,-0.3479225,0.02175193,0.200106,0.050769337,0.059173174,0.12998986,-0.11810682
2024.01.25,600022.SH,-0.016324,-0.13969588,0.20782673,0.016705535,-0.0683924,0.0043196063,-0.03649989,0.038962312,0.08566182,-0.32438558,0.004007169,0.03781074,0.1477257,0.028617006,-3.150478e-05,-0.07468223
2024.01.25,600023.SH,-0.035604157,-0.1786504,0.15498663,0.05778167,-0.04774135,0.05546859,-0.013480547,0.036435083,0.11348622,-0.34527412,0.023023022,0.19826588,0.049548637,0.058367994,0.13057292,-0.11790537
2024.01.25,600024.SH,-0.020362237,-0.15248242,0.28105813,0.017693104,-0.038505893,-0.0017252035,-0.03981008,0.045056812,0.14407192,-0.33298197,-0.0042448533,-0.03803231,0.22104529,-0.017576523,-0.008990953,-0.08867988
2024.01.26,000001.SZ,-0.016595792,-0.13998918,0.2091121,0.016402435,-0.06993597,0.004709641,-0.03694689,0.038409248,0.08608555,-0.32290232,0.0033148406,0.03939661,0.14789124,0.029748037,0.0012948227,-0.074987486
2024.01.26,000002.SZ,0.027117923,-0.1289069,0.22778189,0.14672881,-0.19383575,0.02523612,0.022894584,-0.023612607,0.12446486,-0.28600717,-0.028817436,0.042703167,0.18578625,-0.040114455,-0.04021611,-0.04499542
2024.01.26,000003.SZ,0.017100925,-0.17048581,0.20590074,0.029744975,-0.13359724,0.007495628,-0.088721685,-0.03153834,0.09053114,-0.28985703,-0.0607507,0.10403972,0.15211867,0.065774955,-0.027509697,-0.057483867
2024.01.26,000004.SZ,-0.11852094,-0.1883401,0.27130744,0.035116464,-0.057601437,-0.005249721,-0.032328334,0.064472795,0.18816675,-0.34596175,0.00016848743,0.066662915,0.19239275,0.014539767,0.029388357,-0.07423949
2024.01.26,000005.SZ,-0.014311298,-0.14018337,0.20647687,0.01678335,-0.069384925,0.00557616,-0.034912102,0.03871381,0.08437535,-0.3208427,0.0057119853,0.035596635,0.14568916,0.03213889,-0.0008775757,-0.07474904
2024.01.26,000006.SZ,-0.016567212,-0.13949655,0.20821616,0.01571111,-0.07139124,0.003459234,-0.038497604,0.03908102,0.087313004,-0.32513598,0.0036906283,0.037344106,0.14866531,0.029425476,-0.0011897677,-0.073410064
2024.01.26,000007.SZ,-0.028170165,-0.15070042,0.22613147,0.08161962,-0.06481122,0.016899543,-0.021102052,0.07371747,0.13702412,-0.34577668,0.018787974,0.14548133,0.13471024,0.009871125,0.017752811,-0.09259449
2024.01.26,000008.SZ,0.04622768,-0.13056283,0.19194107,0.060486894,-0.06658893,-0.011292052,-0.009836103,0.00013894215,0.04816404,-0.33128747,-0.0400444,-0.01228882,0.1751086,-0.0049438816,-0.021071771,-0.02050639
2024.01.26,000009.SZ,-0.06404821,-0.1883852,0.2525964,0.011837957,-0.15207896,0.02467142,-0.056711838,0.04432605,0.18823016,-0.2588325,0.023912191,0.1422173,0.119998395,0.10714643,0.026038304,-0.04595167
2024.01.26,000010.SZ,-0.017941419,-0.13978685,0.20965873,0.015572414,-0.070845045,0.0037278938,-0.04000173,0.038829915,0.08751884,-0.3251047,0.0026100369,0.04043003,0.14899273,0.029168915,0.0008807441,-0.07432121
2024.01.26,000011.SZ,-0.0051546087,-0.11878516,0.25765452,-0.0029739686,-0.10639395,-0.026411166,-0.012090466,0.027355032,0.047349,-0.20474866,-0.018453306,-0.0316495,0.1377704,0.10098929,-0.058634903,-0.0050177453
2024.01.26,000012.SZ,-0.032848153,-0.1759081,0.1531321,0.05476509,-0.049348716,0.05349154,-0.011361751,0.0352665,0.11066371,-0.34572035,0.023426136,0.19570263,0.04945154,0.05972135,0.12824142,-0.11681648
2024.01.26,000013.SZ,-0.01734345,-0.14027344,0.20821063,0.015747594,-0.07168594,0.0038506468,-0.037752066,0.040006258,0.08610667,-0.32406822,0.0046972884,0.038367722,0.14800063,0.030619174,-0.0018441675,-0.0733711
2024.01.26,000014.SZ,0.0031820429,-0.11019306,0.26613674,-0.01452387,-0.071700096,-0.047926217,-0.054708384,0.038428303,0.08146168,-0.31486383,-0.026651105,-0.11346332,0.24671717,0.0038668767,-0.13689506,-0.035790905
2024.01.26,000015.SZ,-0.006055579,-0.120480545,0.25790408,-0.005636379,-0.10605874,-0.02629664,-0.010860136,0.026437324,0.04759774,-0.20394243,-0.016968796,-0.030918581,0.13485278,0.10229687,-0.058596812,-0.005317712
2024.01.26,000016.SZ,-0.031367358,-0.17384946,0.15122196,0.051033277,-0.05719564,0.05106694,-0.009278031,0.033803165,0.10722263,-0.34659943,0.024387686,0.19356075,0.049821507,0.06150977,0.12168921,-0.11342587
2024.01.26,000017.SZ,-0.01611521,-0.13940133,0.20806876,0.016341565,-0.07016008,0.0047159693,-0.037211023,0.03988302,0.08625289,-0.32478264,0.0050193393,0.036356583,0.14703913,0.031388827,-0.0006123706,-0.074209616
2024.01.26,000018.SZ,0.015310182,-0.15728578,0.12141236,0.0683199,0.08205091,0.0048677553,-0.04780181,-0.004639734,0.08712323,-0.35165435,-0.02160152,0.0390268,0.14525802,0.023541346,0.028341522,-0.10618433
2024.01.26,000019.SZ,-0.0613365,-0.14694545,0.14764288,-0.023583168,-0.14385392,-0.0016275621,0.0013160846,0.014307316,0.069365405,-0.34913844,0.023472467,0.099879734,0.09487857,0.10490239,0.013685324,-0.0512604
2024.01.26,000020.SZ,-0.017979711,-0.14073831,0.20794171,0.017734319,-0.07076665,0.0043436163,-0.038574025,0.040369496,0.08758052,-0.32600093,0.0042236196,0.038671117,0.14875576,0.029483447,0.00064761925,-0.07428954
2024.01.26,000021.SZ,-0.019676015,-0.15025036,0.1896744,0.030466624,-0.02158204,0.012094165,-0.007816319,0.08435976,0.088300504,-0.34002727,0.049412843,0.096562736,0.109712325,0.04628869,0.010491581,-0.04845558
2024.01.26,000022.SZ,-0.022215704,-0.13973372,0.23765221,-0.018205632,-0.16797209,-0.029158127,-0.15431623,0.063627094,0.08460635,-0.2706053,-0.0544557,0.044710875,0.19878939,0.090058655,-0.14053732,-0.01029128
2024.01.26,000023.SZ,-0.057801943,-0.11361162,0.27504182,-0.00041310486,-0.14527635,-0.039586514,-0.030080346,0.06231316,0.13015907,-0.33798265,-0.0026454416,-0.033469085,0.2573709,0.0023999615,-0.124358736,-0.02924876
2024.01.26,000024.SZ,-0.04199983,-0.14324018,0.18161573,0.02100112,-0.017188324,0.011085743,-0.08427448,0.04055679,0.10556235,-0.31683797,-0.018207774,0.029216403,0.18512392,0.036366537,-0.027510546,-0.064945824
2024.01.26,000025.SZ,0.045792233,-0.13104174,0.19014013,0.06353674,-0.06461953,-0.010261218,-0.010842629,0.0003747381,0.048001487,-0.3329408,-0.041124277,-0.010836506,0.17549631,-0.0056202193,-0.01889514,-0.022670034
2024.01.26,600000.SH,-0.039774112,-0.17739037,0.16004455,0.053492658,-0.045303464,0.057640824,-0.018358715,0.036214285,0.11598669,-0.33716592,0.022352153,0.19290449,0.050517622,0.060606055,0.1321197,-0.118621595
2024.01.26,600001.SH,-0.029481374,-0.13497414,0.21015769,-0.06497483,-0.14007352,-0.0563999,-0.033486404,0.014663058,0.043905016,-0.288053,0.005386807,-0.02587185,0.15807405,0.08233694,-0.07024829,-0.009589482
2024.01.26,600002.SH,-0.06354822,-0.18588054,0.25441784,0.01340722,-0.15516926,0.024709193,-0.060500715,0.041718792,0.19313908,-0.26122543,0.018625317,0.13997063,0.12532575,0.10161536,0.026067276,-0.044738043
2024.01.26,600003.SH,0.018344605,-0.17017215,0.20670448,0.030451983,-0.13370435,0.006987646,-0.09057431,-0.03227479,0.09379189,-0.29238635,-0.062418524,0.10598977,0.15354733,0.06324617,-0.025020927,-0.056719825
2024.01.26,600004.SH,-0.06516542,-0.21080615,0.14417416,-0.061481915,-0.036646597,-0.060875952,-0.03105933,-0.0027356117,0.12936337,-0.3154421,0.013629867,0.021139452,0.17332792,0.08957861,0.040764,-0.057549063
2024.01.26,600005.SH,-0.01905773,-0.13996708,0.20874147,0.015113398,-0.07204104,0.0020212792,-0.03971226,0.039979674,0.087812506,-0.32701653,0.0028704773,0.041798905,0.15092891,0.028338647,-0.0017643608,-0.073594436
2024.01.26,600006.SH,-0.01658395,-0.14013463,0.20692965,0.016807634,-0.07065415,0.004796254,-0.037413202,0.039879844,0.08663741,-0.3239662,0.004785427,0.0371025,0.14764376,0.03138832,-0.00077505206,-0.074434236
2024.01.26,600007.SH,-0.02115553,-0.17760986,0.13446559,-0.01681398,-0.019773468,-0.04156995,0.039807864,-0.0036454897,0.054692514,-0.32402256,0.058523417,0.13386308,0.047586758,0.15463898,0.012101725,-0.09983234
2024.01.26,600008.SH,-0.014717783,-0.140116,0.20730338,0.017201805,-0.06970961,0.006020995,-0.034009077,0.03924704,0.08468647,-0.32138628,0.0057466887,0.035529986,0.1460022,0.032836996,-4.8613176e-05,-0.07499629
2024.01.26,600009.SH,-0.01693399,-0.14052622,0.20833625,0.015172521,-0.07229412,0.0035433406,-0.038302198,0.03917331,0.08637647,-0.32276982,0.0041134423,0.03828643,0.14842075,0.030549256,-0.0014188783,-0.073102556
2024.01.26,600010.SH,-0.07990232,-0.15273902,0.21902387,0.0120746065,-0.06767179,0.012743584,-0.14992636,0.039810114,0.15332839,-0.3620022,-0.029222436,0.13766828,0.14994255,0.066560976,-0.037117958,-0.05533892
2024.01.26,600011.SH,-0.0354429,-0.17844595,0.1541404,0.057560686,-0.047523566,0.055395745,-0.01333396,0.035972405,0.1142651,-0.34600997,0.022916209,0.19919986,0.049421843,0.058591094,0.13071671,-0.11854018
2024.01.26,600012.SH,-0.035634235,-0.17866418,0.15367602,0.05647268,-0.049050607,0.05464906,-0.013970211,0.036343917,0.11372815,-0.34684554,0.022541117,0.19986996,0.050353818,0.059205864,0.12939844,-0.117586344
2024.01.26,600013.SH,-0.022698356,-0.17789632,0.13753696,-0.017772982,-0.023659794,-0.038572285,0.040945172,-0.0031450174,0.057781927,-0.32125556,0.058808636,0.13762403,0.04650226,0.15774363,0.013745982,-0.10014002
2024.01.26,600014.SH,-0.030848777,-0.17325063,0.15259886,0.051888216,-0.05546521,0.051971857,-0.008298445,0.03503555,0.10828975,-0.34563982,0.025772518,0.19303444,0.048745986,0.062385328,0.12264227,-0.11536376
2024.01.26,600015.SH,-0.018042834,-0.14167318,0.2078733,0.01690532,-0.07043494,0.0046706707,-0.038635414,0.04023405,0.08562354,-0.32404044,0.005767252,0.038519472,0.1462118,0.030987255,-0.0015662356,-0.073646
2024.01.26,600016.SH,-0.03505453,-0.18441042,0.14071175,0.059465952,-0.012766741,0.051470354,-0.021183748,0.026296694,0.11594626,-0.34828812,0.013445945,0.18814373,0.053551286,0.05006534,0.15365122,-0.123328805
2024.01.26,600017.SH,-0.005613551,-0.10320014,0.285209,-0.011302196,-0.09633098,-0.051592298,-0.048995588,0.05026071,0.0833977,-0.31313646,-0.022992805,-0.11151737,0.258376,-0.006061942,-0.1516867,-0.032650944
2024.01.26,600018.SH,0.027949909,-0.12930878,0.22718218,0.14596374,-0.1941289,0.024857257,0.023819255,-0.02517282,0.124593474,-0.28553718,-0.029635986,0.043111946,0.18527898,-0.03970366,-0.040195808,-0.045072302
2024.01.26,600019.SH,-0.017705921,-0.14064266,0.20650016,0.017406452,-0.069795825,0.0049863528,-0.03865153,0.039495703,0.08632477,-0.32357377,0.004323977,0.038478773,0.14772178,0.029872997,0.0014442512,-0.074703336
2024.01.26,600020.SH,-0.016396372,-0.13975811,0.20892866,0.015632167,-0.07092065,0.004296622,-0.038691226,0.039045922,0.08666376,-0.3235979,0.0039119073,0.038112115,0.14789715,0.030148242,0.00026109628,-0.07393437
2024.01.26,600021.SH,-0.034476735,-0.17774367,0.15332006,0.057035815,-0.048437186,0.054567434,-0.013419419,0.03533477,0.11301331,-0.3465615,0.021805838,0.1991047,0.050371863,0.05887719,0.12975103,-0.11811323
2024.01.26,600022.SH,-0.016009893,-0.13976897,0.20734712,0.0169861,-0.068210065,0.004701906,-0.03617912,0.038868062,0.085311495,-0.32367635,0.0041692164,0.03761029,0.14757597,0.028628169,0.0003883708,-0.07480325
2024.01.26,600023.SH,-0.035904195,-0.17901169,0.15488024,0.057686683,-0.048742875,0.055558745,-0.013982815,0.03655176,0.113666125,-0.3455415,0.023191443,0.19836502,0.049829625,0.058002993,0.13016997,-0.11743288
2024.01.26,600024.SH,-0.020499934,-0.15265496,0.28082645,0.017258458,-0.038378187,-0.0016796777,-0.04003738,0.044661216,0.1435704,-0.332446,-0.0036063038,-0.037835427,0.2202108,-0.017213007,-0.00879448,-0.08845031
2024.01.29,000001.SZ,-0.017158695,-0.1400458,0.20866841,0.016726427,-0.070392594,0.004798127,-0.037591945,0.03891981,0.086518206,-0.3236335,0.003273401,0.039264124,0.1482886,0.029741967,0.0013851533,-0.07488625
2024.01.29,000002.SZ,0.027268123,-0.12873107,0.22731529,0.14699955,-0.193571,0.025406156,0.023476958,-0.023776868,0.124484934,-0.2860807,-0.028855447,0.042602163,0.18577091,-0.040233415,-0.039690234,-0.045296766
2024.01.29,000003.SZ,0.016879627,-0.17017308,0.20599282,0.029864823,-0.13369396,0.0073647024,-0.088795826,-0.031341165,0.09086402,-0.29026967,-0.060875837,0.10451616,0.15248194,0.066155404,-0.027669393,-0.05772832
2024.01.29,000004.SZ,-0.117972866,-0.18818806,0.27189207,0.034419004,-0.057899483,-0.005582485,-0.03184508,0.06370438,0.18859036,-0.3459105,-6.7323446e-05,0.0658957,0.19227172,0.013798449,0.029250383,-0.074098855
2024.01.29,000005.SZ,-0.013644802,-0.1399167,0.20655802,0.016541947,-0.06973672,0.005479268,-0.03469015,0.038440697,0.084681414,-0.3206842,0.005498473,0.03470141,0.14590181,0.032074984,-0.0013508975,-0.07450825
2024.01.29,000006.SZ,-0.016969131,-0.13946813,0.20882662,0.015207422,-0.07167207,0.0028355352,-0.039212078,0.039015397,0.08778905,-0.32580066,0.0032191165,0.037779894,0.14931704,0.028585106,-0.0011345348,-0.07296387
2024.01.29,000007.SZ,-0.028362071,-0.15064694,0.22592196,0.08244848,-0.064310215,0.016994487,-0.021274619,0.07412367,0.13654517,-0.34605518,0.018917046,0.14591092,0.13478659,0.009634145,0.018483868,-0.09306423
2024.01.29,000008.SZ,0.046328917,-0.13050993,0.19170791,0.060562402,-0.065859325,-0.011506144,-0.00958622,8.5271895e-06,0.04751848,-0.33088586,-0.03993071,-0.012486636,0.17489335,-0.004715013,-0.021158045,-0.02068369
2024.01.29,000009.SZ,-0.06413761,-0.18797562,0.25292316,0.011632097,-0.15243113,0.024583302,-0.05673756,0.044027634,0.18888335,-0.25970048,0.023187108,0.14279656,0.12101443,0.10705807,0.026485758,-0.046300672
2024.01.29,000010.SZ,-0.01785111,-0.13978635,0.20942572,0.015399736,-0.07088478,0.0036988873,-0.039936554,0.038657438,0.08750561,-0.3249424,0.0025621895,0.040156357,0.1488143,0.029304251,0.0006119776,-0.0741609
2024.01.29,000011.SZ,-0.0051903035,-0.1182651,0.25775364,-0.0030563825,-0.105948955,-0.026027298,-0.011595132,0.02764496,0.047555286,-0.20572776,-0.018908765,-0.031926125,0.13824221,0.10117044,-0.05867992,-0.0055207424
2024.01.29,000012.SZ,-0.03247625,-0.17589933,0.15281612,0.05446955,-0.049941286,0.053375777,-0.011553369,0.03480122,0.11071869,-0.34560335,0.023272863,0.1957107,0.049544968,0.05970549,0.12784195,-0.11661796
2024.01.29,000013.SZ,-0.01696628,-0.14012477,0.20799877,0.016034037,-0.07121512,0.0041897795,-0.037685912,0.039958123,0.08604736,-0.32389852,0.004663672,0.03788211,0.14800608,0.030462058,-0.0011430341,-0.07364729
2024.01.29,000014.SZ,0.003074003,-0.11019461,0.26623023,-0.014484534,-0.071702786,-0.0478809,-0.05489489,0.038449064,0.08152895,-0.31502777,-0.027048113,-0.11317627,0.24699266,0.003589041,-0.13688996,-0.03582727
2024.01.29,000015.SZ,-0.0064525157,-0.11955533,0.2582361,-0.0052959947,-0.105936944,-0.02601228,-0.01158506,0.02653899,0.048299078,-0.20505229,-0.018592406,-0.031202372,0.13632016,0.101675615,-0.05827159,-0.0060416395
2024.01.29,000016.SZ,-0.031312805,-0.17351255,0.1510409,0.05074749,-0.057187635,0.05094925,-0.009404561,0.033655196,0.10746608,-0.3471629,0.024083426,0.19381697,0.04990738,0.062117063,0.1221158,-0.113519624
2024.01.29,000017.SZ,-0.015679333,-0.13922298,0.20795043,0.016864453,-0.06961799,0.005006235,-0.037012126,0.03981609,0.08651779,-0.32489577,0.0049620313,0.03612661,0.14722808,0.031269576,0.0005768183,-0.07484071
2024.01.29,000018.SZ,0.015270525,-0.15639938,0.1217493,0.06843144,0.082584485,0.0051422943,-0.047601774,-0.004935161,0.08672305,-0.352066,-0.022428669,0.03902979,0.14583747,0.023340665,0.028796984,-0.10667077
2024.01.29,000019.SZ,-0.0616764,-0.14722976,0.14737363,-0.023641756,-0.14465581,-0.0016269353,0.00037719306,0.014210903,0.06985268,-0.34960288,0.0232965,0.10057083,0.0953428,0.1046926,0.0138198,-0.051304206
2024.01.29,000020.SZ,-0.018067643,-0.14085615,0.20757677,0.018005075,-0.07004081,0.0045512733,-0.03818645,0.040535558,0.08705648,-0.3257525,0.0046296534,0.03881233,0.1483433,0.029652677,0.00061541045,-0.07465727
2024.01.29,000021.SZ,-0.020159768,-0.15013778,0.18987878,0.030247213,-0.022217909,0.011979642,-0.008314343,0.08422206,0.08862383,-0.340542,0.048724357,0.09704679,0.11026534,0.046106257,0.010592082,-0.048321076
2024.01.29,000022.SZ,-0.022496585,-0.13967726,0.23789814,-0.018107641,-0.16740742,-0.029247127,-0.1541554,0.063818745,0.08466956,-0.27138534,-0.054326847,0.044433914,0.19878767,0.09046963,-0.14048201,-0.010443278
2024.01.29,000023.SZ,-0.058315415,-0.11331634,0.27496704,-7.900223e-05,-0.14582554,-0.0398386,-0.030727753,0.06249372,0.13111903,-0.33941987,-0.0033570402,-0.033124503,0.2584842,0.00168301,-0.12430795,-0.029323572
2024.01.29,000024.SZ,-0.042092495,-0.14268757,0.18180268,0.020667758,-0.016582448,0.010904854,-0.08405894,0.039457355,0.10537113,-0.3165524,-0.019086977,0.028333426,0.18544292,0.03656849,-0.027149694,-0.06491082
2024.01.29,000025.SZ,0.04545124,-0.13106361,0.18967037,0.06432685,-0.06482575,-0.0099225985,-0.011227285,0.00025200844,0.048796415,-0.334227,-0.042164657,-0.009825817,0.17620261,-0.0064951833,-0.018652214,-0.023249943
2024.01.29,600000.SH,-0.039348785,-0.17695986,0.16017066,0.05282016,-0.04571191,0.057154432,-0.018809916,0.035895195,0.11645963,-0.33792537,0.022007756,0.19296977,0.051014993,0.06113903,0.13256153,-0.11841838
2024.01.29,600001.SH,-0.029527431,-0.13452163,0.21016122,-0.06478005,-0.14119148,-0.056798633,-0.034415714,0.015089845,0.04478674,-0.28935614,0.004822336,-0.025729464,0.15915789,0.08154708,-0.07045909,-0.009222171
2024.01.29,600002.SH,-0.063672975,-0.1863024,0.25372484,0.014531298,-0.15377997,0.025578752,-0.059793986,0.042575687,0.19180034,-0.26017895,0.019604867,0.13984983,0.12391495,0.10218445,0.026389385,-0.045478392
2024.01.29,600003.SH,0.018783234,-0.16985895,0.20676176,0.02942718,-0.13388552,0.0068324525,-0.09020576,-0.032833654,0.09308571,-0.29142848,-0.06249378,0.10584227,0.1530349,0.06337705,-0.02536596,-0.05620984
2024.01.29,600004.SH,-0.06486685,-0.21087451,0.14401439,-0.06290494,-0.03749556,-0.061909877,-0.03287022,-0.0035261738,0.13101754,-0.31703356,0.013145315,0.02152236,0.17405276,0.089651845,0.041230135,-0.05711045
2024.01.29,600005.SH,-0.019222708,-0.14025937,0.20863597,0.01500292,-0.07198668,0.0024982928,-0.03967974,0.04043251,0.0867832,-0.32606876,0.0037411575,0.041331347,0.14965841,0.029547064,-0.002279505,-0.07335746
2024.01.29,600006.SH,-0.016563682,-0.13968529,0.20756145,0.01633672,-0.07050681,0.004568941,-0.037816275,0.03982521,0.086424395,-0.32425475,0.0045641493,0.037491374,0.14780098,0.030907782,-0.0007884985,-0.07432081
2024.01.29,600007.SH,-0.02095893,-0.17743218,0.13425414,-0.016888535,-0.019245815,-0.041448444,0.039862398,-0.0036743528,0.0547245,-0.32387334,0.05860942,0.13377406,0.047370367,0.1546661,0.012674519,-0.10022411
2024.01.29,600008.SH,-0.015028224,-0.14040525,0.20685914,0.017053075,-0.06903975,0.0060576727,-0.03447824,0.0387635,0.08496752,-0.32124558,0.005730715,0.035537783,0.14522964,0.03323894,0.00014896691,-0.07509641
2024.01.29,600009.SH,-0.016988706,-0.14038208,0.20834455,0.015121842,-0.07200144,0.0033977963,-0.037954524,0.03903189,0.08656651,-0.3234261,0.0039009105,0.03819804,0.14824168,0.030580992,-0.002091701,-0.07320341
2024.01.29,600010.SH,-0.080077074,-0.15277907,0.21837968,0.012714755,-0.067261055,0.012986384,-0.1498418,0.039698124,0.15387307,-0.36245787,-0.029592946,0.13778816,0.14983632,0.06637384,-0.03693424,-0.05579984
2024.01.29,600011.SH,-0.03547277,-0.17833775,0.15470742,0.05768071,-0.046979364,0.05548978,-0.012834604,0.036370542,0.11394398,-0.34533378,0.02327588,0.1985593,0.049192164,0.058591977,0.13079378,-0.11858194
2024.01.29,600012.SH,-0.03581265,-0.17865875,0.1538324,0.0566395,-0.049186315,0.05473481,-0.0141322445,0.03624619,0.1136015,-0.34683847,0.022618147,0.19950955,0.050246794,0.058724556,0.12968536,-0.11751867
2024.01.29,600013.SH,-0.02307786,-0.1778606,0.13725838,-0.017709754,-0.024364075,-0.038812235,0.040264573,-0.0032191277,0.058326304,-0.322633,0.058642905,0.1379805,0.04696637,0.1577323,0.012965737,-0.09976994
2024.01.29,600014.SH,-0.031188011,-0.17313154,0.15214446,0.052253094,-0.055313066,0.051893454,-0.009242539,0.034986712,0.10852231,-0.3465444,0.025026526,0.19368291,0.049406923,0.06210245,0.12330309,-0.11542381
2024.01.29,600015.SH,-0.017630456,-0.14146413,0.20735368,0.017714517,-0.069830135,0.005034002,-0.037375048,0.04069077,0.085242726,-0.32409132,0.006041453,0.038473815,0.14649163,0.031310234,-0.0012085357,-0.07443766
2024.01.29,600016.SH,-0.03547039,-0.18475367,0.14092672,0.059887536,-0.01285533,0.05156303,-0.021259516,0.027301682,0.11617082,-0.3485468,0.014341809,0.18801714,0.053622685,0.049585957,0.1534424,-0.12324881
2024.01.29,600017.SH,-0.0055077337,-0.10354739,0.28517428,-0.011686412,-0.09585665,-0.052040566,-0.049043633,0.049719397,0.08314512,-0.31288737,-0.022303771,-0.1120816,0.25771448,-0.0064650546,-0.15204188,-0.032227848
2024.01.29,600018.SH,0.02753828,-0.12899159,0.2276852,0.14627655,-0.19394153,0.02467929,0.023199903,-0.024969723,0.12556192,-0.28681082,-0.029801691,0.04291726,0.18596828,-0.04056838,-0.040291287,-0.044934206
2024.01.29,600019.SH,-0.018686466,-0.14092913,0.20640461,0.018174456,-0.06967862,0.004681532,-0.03930254,0.04048239,0.08669235,-0.32539263,0.004398094,0.039350543,0.14861538,0.028979106,0.0012296358,-0.07477881
2024.01.29,600020.SH,-0.016704421,-0.13984624,0.20889665,0.016021468,-0.07016874,0.004557429,-0.03875977,0.03938054,0.086371936,-0.3238533,0.004149577,0.038550127,0.14762273,0.030264806,0.0006585511,-0.07433815
2024.01.29,600021.SH,-0.034743156,-0.17773747,0.15353972,0.056778334,-0.048745174,0.05460809,-0.013748078,0.035615332,0.11300257,-0.34650797,0.022027237,0.19896582,0.050486732,0.058911316,0.12977633,-0.117943734
2024.01.29,600022.SH,-0.016119067,-0.13996138,0.20703898,0.017334688,-0.06853632,0.0046388204,-0.036437586,0.03938826,0.08561434,-0.32406333,0.0044173906,0.03767304,0.14791244,0.028663326,4.1291118e-05,-0.07478077
2024.01.29,600023.SH,-0.036483306,-0.17965841,0.1544343,0.058362402,-0.048336465,0.055624843,-0.0140848085,0.036926687,0.11412613,-0.34587827,0.023441497,0.19880228,0.04973173,0.057240438,0.13037926,-0.11769015
2024.01.29,600024.SH,-0.020935858,-0.1526005,0.28074244,0.016835243,-0.03838018,-0.0016290587,-0.040511418,0.044484477,0.14298894,-0.33218,-0.0033092825,-0.037529208,0.21974184,-0.017095778,-0.008591843,-0.08823644
2024.01.30,000001.SZ,-0.017295476,-0.13966571,0.20901583,0.016067393,-0.07063507,0.0044346796,-0.03808607,0.038547825,0.0872275,-0.32440656,0.0027671834,0.039085854,0.14830635,0.029803723,0.0014154306,-0.074645296
2024.01.30,000002.SZ,0.027589172,-0.12863179,0.2274429,0.14659616,-0.19344781,0.025530824,0.024121633,-0.024025716,0.12393285,-0.28514743,-0.028786318,0.042448163,0.18543066,-0.039722126,-0.038987987,-0.045479216
2024.01.30,000003.SZ,0.016535623,-0.17002502,0.20615093,0.02970218,-0.1340008,0.0071607386,-0.089325555,-0.031122116,0.091179475,-0.29089546,-0.06086565,0.105029665,0.15272993,0.06621166,-0.027481,-0.057646755
2024.01.30,000004.SZ,-0.11758605,-0.18772,0.27171418,0.034804825,-0.057701446,-0.005052075,-0.030751826,0.06349305,0.18871713,-0.34593835,-0.00016374886,0.0651997,0.19213596,0.013947447,0.029856078,-0.074546926
2024.01.30,000005.SZ,-0.015082266,-0.14019619,0.20693246,0.016498655,-0.07082789,0.004773195,-0.03595234,0.038987458,0.08586348,-0.32247806,0.00486826,0.035662644,0.14710514,0.031292934,-0.0020947724,-0.07395539
2024.01.30,000006.SZ,-0.016830688,-0.13967146,0.20881324,0.014871481,-0.07148727,0.0028605876,-0.038885154,0.039294977,0.086931914,-0.32512915,0.0039043825,0.037683785,0.14868404,0.029050995,-0.0019311042,-0.07276921
2024.01.30,000007.SZ,-0.028597647,-0.15063265,0.22606383,0.082207225,-0.06471551,0.016794164,-0.021787519,0.07436318,0.13691354,-0.34706083,0.01913469,0.14618897,0.13501954,0.010005319,0.018342886,-0.09311149
2024.01.30,000008.SZ,0.04565236,-0.13098119,0.19153588,0.060621746,-0.06743837,-0.011884308,-0.010810193,1.14403665e-05,0.04797217,-0.33231267,-0.040845275,-0.0114331525,0.17583513,-0.005114183,-0.022384724,-0.020285185
2024.01.30,000009.SZ,-0.06464285,-0.18810609,0.25270674,0.011959907,-0.1530524,0.024839427,-0.057720922,0.04378094,0.18951213,-0.2602426,0.022692539,0.14337264,0.12124735,0.10702202,0.026376136,-0.046372842
2024.01.30,000010.SZ,-0.017570982,-0.1398169,0.20929429,0.014852042,-0.071197785,0.0036414561,-0.039030906,0.03865209,0.08715847,-0.3242524,0.0030680501,0.039625656,0.14798056,0.030536205,-0.00058352755,-0.07386294
2024.01.30,000011.SZ,-0.005074435,-0.11865019,0.25773805,-0.003568772,-0.10578929,-0.02561216,-0.0109306695,0.027551342,0.047484398,-0.20516025,-0.018582558,-0.031279206,0.13739757,0.10159098,-0.058388628,-0.0058064107
2024.01.30,000012.SZ,-0.03227711,-0.17611057,0.15236005,0.054137334,-0.05046812,0.053248934,-0.012003248,0.03432064,0.11112542,-0.34624413,0.022807308,0.19668262,0.049981907,0.0603944,0.12757136,-0.11655423
2024.01.30,000013.SZ,-0.017282166,-0.14009048,0.208075,0.016169818,-0.07124366,0.004263215,-0.03751046,0.040249776,0.0860848,-0.32406047,0.00481876,0.03816608,0.14806773,0.030838996,-0.0007895602,-0.07387414
2024.01.30,000014.SZ,0.0031803814,-0.11014211,0.2664899,-0.014261944,-0.07185343,-0.04796437,-0.054992273,0.03844569,0.082123354,-0.31518525,-0.027259493,-0.11313732,0.24737151,0.0035033454,-0.13659638,-0.036011092
2024.01.30,000015.SZ,-0.0057337177,-0.11993311,0.25801045,-0.004867191,-0.106327645,-0.026202252,-0.011917459,0.02664749,0.047481403,-0.20393856,-0.01796033,-0.031060962,0.1360356,0.10155997,-0.05835216,-0.005369649
2024.01.30,000016.SZ,-0.031400234,-0.17369969,0.15088429,0.050822333,-0.056835167,0.05097614,-0.009572988,0.033547476,0.10757664,-0.34710085,0.023777502,0.19399425,0.049871296,0.06204881,0.12269619,-0.11369209
2024.01.30,000017.SZ,-0.016494201,-0.13966146,0.20745555,0.017091252,-0.06972082,0.0048330105,-0.037954018,0.03995229,0.08709063,-0.32549623,0.004699777,0.036819052,0.14752147,0.030987404,0.0003895871,-0.07478552
2024.01.30,000018.SZ,0.015320514,-0.1572853,0.121002994,0.06852334,0.082017966,0.0052477918,-0.04761471,-0.004498269,0.08678218,-0.3509639,-0.02111355,0.03967724,0.14501989,0.023926534,0.029721163,-0.106406376
2024.01.30,000019.SZ,-0.060777266,-0.14614187,0.14736241,-0.024223687,-0.1451255,-0.0012652467,0.0011503543,0.013214247,0.07003577,-0.34921768,0.02229672,0.09990887,0.09520078,0.10530328,0.014207243,-0.051433407
2024.01.30,000020.SZ,-0.017440382,-0.14089695,0.20736666,0.017893018,-0.06876633,0.0049178503,-0.0371179,0.0397543,0.08632801,-0.32466036,0.004772627,0.038492545,0.14711797,0.029984722,0.0005313325,-0.0749839
2024.01.30,000021.SZ,-0.020229,-0.1501946,0.18985586,0.030474372,-0.022282915,0.011869102,-0.00838953,0.08421234,0.08876167,-0.34059322,0.048591625,0.09730267,0.11045849,0.046200614,0.01088566,-0.048355624
2024.01.30,000022.SZ,-0.022256097,-0.13973615,0.23841277,-0.018188376,-0.16720599,-0.029569846,-0.15453453,0.06335463,0.08500326,-0.2711827,-0.054800436,0.044367556,0.19881131,0.09026053,-0.14019066,-0.0104266945
2024.01.30,000023.SZ,-0.058342442,-0.11328141,0.27519178,-4.2986125e-05,-0.1457349,-0.039538614,-0.030371828,0.063036315,0.13083854,-0.3392766,-0.0029005029,-0.03279284,0.2585235,0.0023834289,-0.12391844,-0.029692763
2024.01.30,000024.SZ,-0.04240805,-0.14313157,0.1818377,0.020727083,-0.017363159,0.010775274,-0.08460133,0.039953236,0.10588996,-0.31704378,-0.019172018,0.02859723,0.18566394,0.03645964,-0.02736115,-0.06461645
2024.01.30,000025.SZ,0.045509398,-0.13050576,0.18985856,0.06485102,-0.06551964,-0.010014168,-0.011011826,0.0004888549,0.0498009,-0.3353388,-0.043288905,-0.009667838,0.17746852,-0.0071481145,-0.018968506,-0.023070317
2024.01.30,600000.SH,-0.03969797,-0.17737606,0.15976276,0.05271276,-0.046204645,0.05696002,-0.019716538,0.03601296,0.11713905,-0.33898902,0.022209233,0.19373368,0.051403936,0.06111886,0.13266772,-0.118325315
2024.01.30,600001.SH,-0.02975655,-0.1347089,0.21028218,-0.06529899,-0.14264356,-0.057372663,-0.034799315,0.014642045,0.045799226,-0.29009843,0.0049878093,-0.025614146,0.160051,0.08149296,-0.07099841,-0.00854721
2024.01.30,600002.SH,-0.063689604,-0.18625933,0.25389,0.014155232,-0.1542845,0.025306813,-0.060113713,0.04265191,0.19198598,-0.26068354,0.019782852,0.13972549,0.124195985,0.102340855,0.02583201,-0.04509227
2024.01.30,600003.SH,0.018292487,-0.17022765,0.20654415,0.029736027,-0.13420907,0.007100489,-0.089710355,-0.032488756,0.09299592,-0.29143578,-0.06187939,0.105271034,0.15276176,0.063884765,-0.025407413,-0.056353502
2024.01.30,600004.SH,-0.06524789,-0.21109587,0.14367373,-0.062412344,-0.037215114,-0.061522078,-0.03265032,-0.0035873796,0.13110502,-0.31673995,0.013154329,0.02143272,0.1735768,0.089604706,0.041437108,-0.057249412
2024.01.30,600005.SH,-0.019569721,-0.14034915,0.20852779,0.014843383,-0.07215911,0.002252413,-0.040035415,0.03990925,0.08793708,-0.32720953,0.0031233625,0.041659024,0.15003526,0.029142024,-0.0022690312,-0.07335774
2024.01.30,600006.SH,-0.016677972,-0.13973017,0.20770384,0.016291115,-0.07084787,0.004538638,-0.03801523,0.040001757,0.08662113,-0.32435498,0.004730547,0.037406914,0.1476883,0.031270638,-0.0011683063,-0.074211985
2024.01.30,600007.SH,-0.020924859,-0.17785749,0.1343003,-0.016845247,-0.01900329,-0.041581746,0.040085908,-0.0034715394,0.054761827,-0.32353392,0.05883644,0.13403621,0.047167107,0.15478832,0.012951389,-0.10052228
2024.01.30,600008.SH,-0.015078363,-0.13990198,0.20696223,0.017302705,-0.06927643,0.0059905453,-0.034505192,0.038971208,0.08537709,-0.32182565,0.005226326,0.035978008,0.14606732,0.03299136,0.00053434627,-0.0755134
2024.01.30,600009.SH,-0.017029934,-0.14036694,0.20828733,0.014914349,-0.07226822,0.0034736544,-0.037610646,0.03878082,0.08604203,-0.3225942,0.0038489061,0.03831808,0.14811891,0.03074086,-0.0021139798,-0.073107935
2024.01.30,600010.SH,-0.080155075,-0.15275106,0.21797243,0.012631501,-0.06798945,0.012799901,-0.15018144,0.03974336,0.15453431,-0.36354345,-0.02986215,0.13830812,0.15021263,0.06636889,-0.03732583,-0.055596888
2024.01.30,600011.SH,-0.035200834,-0.17804717,0.15423849,0.05731121,-0.047436636,0.055433903,-0.013431129,0.03588684,0.11412541,-0.34604016,0.022345616,0.19889511,0.049879044,0.058744337,0.13092947,-0.118425876
2024.01.30,600012.SH,-0.03604562,-0.1788443,0.15354551,0.056128226,-0.050342277,0.054736305,-0.014811297,0.0360901,0.11382976,-0.34737217,0.022407893,0.1998804,0.050702717,0.058773078,0.12946284,-0.11688025
2024.01.30,600013.SH,-0.023284592,-0.17780851,0.13676862,-0.017605074,-0.024839107,-0.038787454,0.03976244,-0.0033866558,0.058739718,-0.32341623,0.058623355,0.13842393,0.04665369,0.15774912,0.012509809,-0.09986587
2024.01.30,600014.SH,-0.031664513,-0.17349088,0.15179059,0.052090593,-0.055551067,0.05186257,-0.010165639,0.03460616,0.108621314,-0.34711078,0.024212142,0.19439253,0.049840044,0.06183894,0.12366969,-0.11510413
2024.01.30,600015.SH,-0.018071897,-0.1413028,0.20764919,0.017281529,-0.070430465,0.0046157,-0.038071476,0.040844955,0.08566973,-0.32476398,0.0056873094,0.038660657,0.14700262,0.030681584,-0.001501369,-0.07393246
2024.01.30,600016.SH,-0.03561933,-0.18495105,0.1405765,0.06032605,-0.012756096,0.05166756,-0.02111516,0.02689736,0.11619084,-0.3486839,0.013947112,0.1883973,0.053632163,0.049138222,0.15359943,-0.12319955
2024.01.30,600017.SH,-0.0053212587,-0.10352822,0.28540426,-0.011882615,-0.09554876,-0.052233808,-0.047898773,0.048669484,0.083043985,-0.31267926,-0.0225495,-0.11221644,0.2574304,-0.00669713,-0.1520603,-0.032425728
2024.01.30,600018.SH,0.027273629,-0.12891158,0.22782074,0.14670351,-0.19412744,0.024873016,0.023454573,-0.02478124,0.12602173,-0.2871492,-0.029636478,0.042830463,0.18591654,-0.040578436,-0.039989196,-0.04516926
2024.01.30,600019.SH,-0.018551009,-0.14066446,0.20690195,0.017573616,-0.07004259,0.004076781,-0.039320495,0.04011604,0.08719723,-0.32589275,0.0039896904,0.03954462,0.148858,0.028678318,0.00028880872,-0.074503765
2024.01.30,600020.SH,-0.016686961,-0.13961539,0.20872149,0.0161933,-0.06956204,0.0049297214,-0.0382296,0.039784927,0.08575896,-0.32356945,0.0046800333,0.038726505,0.14712048,0.031135553,0.0008250492,-0.07497069
2024.01.30,600021.SH,-0.0340937,-0.17729369,0.15355493,0.056459915,-0.04841563,0.054614812,-0.013209901,0.03487724,0.11298511,-0.34632835,0.021477912,0.19889165,0.050290737,0.059655543,0.12995073,-0.11820443
2024.01.30,600022.SH,-0.01664966,-0.13991085,0.2070571,0.017181989,-0.06906057,0.004365255,-0.037384275,0.039309327,0.085994035,-0.32442322,0.0038957398,0.03863882,0.14857414,0.027940402,0.0005381405,-0.07462945
2024.01.30,600023.SH,-0.03587592,-0.17950216,0.15479948,0.059000596,-0.046729445,0.055602442,-0.012899682,0.036798883,0.113704,-0.34471712,0.023303112,0.19818808,0.049212,0.056892984,0.13081342,-0.1182081
2024.01.30,600024.SH,-0.02149399,-0.15258983,0.28069308,0.016811583,-0.038572174,-0.0016762906,-0.040497776,0.04429167,0.14330146,-0.3325066,-0.003326657,-0.037330817,0.21984233,-0.017453924,-0.008012978,-0.088235386
2024.01.31,000001.SZ,-0.016884368,-0.13992564,0.20878762,0.01619462,-0.070014015,0.0047052368,-0.037383158,0.03852233,0.08673344,-0.32399997,0.0032674107,0.038538154,0.14739859,0.030401247,0.0008353496,-0.07475347
2024.01.31,000002.SZ,0.027600879,-0.12839714,0.22867434,0.14585699,-0.19399333,0.025014095,0.023760896,-0.024333056,0.124870785,-0.2854996,-0.0293193,0.04203373,0.18608375,-0.04018749,-0.038903244,-0.044911463
2024.01.31,000003.SZ,0.01689732,-0.1700332,0.20611839,0.029565359,-0.13443483,0.007019855,-0.090004675,-0.03157121,0.09187117,-0.29149535,-0.06143465,0.105688415,0.15291387,0.06546906,-0.027045213,-0.057194218
2024.01.31,000004.SZ,-0.11775128,-0.18743396,0.27084416,0.035306964,-0.05729652,-0.0046609165,-0.030781526,0.063004896,0.18901584,-0.34617585,-0.000620678,0.06582613,0.19195443,0.013952594,0.031210976,-0.07529804
2024.01.31,000005.SZ,-0.014605527,-0.13972144,0.20691767,0.016010446,-0.07074428,0.0047533237,-0.03576527,0.038398944,0.08587064,-0.32208124,0.0044544493,0.03503686,0.14704138,0.031005295,-0.0016621113,-0.073794916
2024.01.31,000006.SZ,-0.016581275,-0.1396771,0.20925994,0.015016664,-0.07135743,0.0030699621,-0.03824393,0.03952145,0.086335525,-0.32466063,0.0042120717,0.03795291,0.14854485,0.029372608,-0.001621623,-0.073020175
2024.01.31,000007.SZ,-0.028869845,-0.15090166,0.22597007,0.082027145,-0.06615857,0.016420862,-0.022849247,0.074315935,0.13772342,-0.34742987,0.018506285,0.14613803,0.13647391,0.009420191,0.018149527,-0.09242108
2024.01.31,000008.SZ,0.04563166,-0.13095653,0.19106357,0.060966812,-0.06743231,-0.011984492,-0.0113950055,-3.40119e-06,0.047706176,-0.3329771,-0.041327897,-0.011027916,0.17607377,-0.0050795088,-0.022794086,-0.020431804
2024.01.31,000009.SZ,-0.064549,-0.18724544,0.2532601,0.011137531,-0.1549518,0.024474327,-0.05951383,0.04156678,0.19174406,-0.26199636,0.020599766,0.14434598,0.12229137,0.10672629,0.025766648,-0.04606263
2024.01.31,000010.SZ,-0.017424056,-0.13962829,0.20864755,0.01511585,-0.07073215,0.0041413573,-0.03840626,0.038909752,0.0863932,-0.32377648,0.003481702,0.039535236,0.14755043,0.030996544,-0.00039103624,-0.07431138
2024.01.31,000011.SZ,-0.005123019,-0.118699364,0.25780994,-0.003960507,-0.10500139,-0.025671827,-0.010930804,0.026886214,0.047489356,-0.20485066,-0.01886594,-0.031555247,0.1370944,0.10155203,-0.057936843,-0.006156568
2024.01.31,000012.SZ,-0.032775763,-0.1768705,0.15189542,0.054428,-0.050932217,0.05333595,-0.012792963,0.03413979,0.11166719,-0.34700918,0.022397855,0.19766656,0.050386537,0.06023284,0.12774609,-0.11642387
2024.01.31,000013.SZ,-0.017576829,-0.14006376,0.20769212,0.016911797,-0.07095191,0.0046457183,-0.03725208,0.040826976,0.08577127,-0.32422727,0.0050878683,0.038477816,0.14833045,0.030939998,-0.00017787144,-0.07443296
2024.01.31,000014.SZ,0.0032099003,-0.110630564,0.26626384,-0.014247342,-0.07229932,-0.047739055,-0.054326266,0.038542908,0.08195079,-0.3141108,-0.027018586,-0.11247445,0.2468435,0.0042906064,-0.13621579,-0.035878763
2024.01.31,000015.SZ,-0.0056902375,-0.12013024,0.25795048,-0.0051123686,-0.10638918,-0.026214125,-0.01192768,0.02644532,0.047519855,-0.20344937,-0.018032681,-0.030863214,0.1357903,0.10169641,-0.05805307,-0.0054652966
2024.01.31,000016.SZ,-0.030718748,-0.17310543,0.15087393,0.050860316,-0.056425437,0.05090329,-0.009178336,0.03325787,0.10704538,-0.34669048,0.023350226,0.19360307,0.049989868,0.062020764,0.122536756,-0.11364782
2024.01.31,000017.SZ,-0.016631136,-0.13985263,0.20715885,0.016805293,-0.06958424,0.0045553874,-0.038792655,0.03975779,0.087259874,-0.32551917,0.0045647454,0.03692587,0.14748411,0.030585928,7.075444e-05,-0.0745281
2024.01.31,000018.SZ,0.015536146,-0.15734476,0.12062686,0.068936795,0.08228057,0.005344813,-0.04739745,-0.0044473973,0.08638018,-0.35047725,-0.020981377,0.040079392,0.1451161,0.023985978,0.030559612,-0.1065315
2024.01.31,000019.SZ,-0.060383655,-0.14564851,0.14722626,-0.024347026,-0.14566018,-0.0010868288,0.0012948804,0.012970137,0.07029429,-0.3494146,0.021715118,0.099700786,0.09570578,0.105249725,0.014310543,-0.051354382
2024.01.31,000020.SZ,-0.017634254,-0.14064792,0.20739621,0.018001389,-0.06836153,0.0048756325,-0.03758263,0.03985558,0.08648762,-0.3252469,0.004449845,0.039015174,0.14744696,0.029560039,0.00089789904,-0.075350784
2024.01.31,000021.SZ,-0.019987298,-0.15003616,0.18968914,0.030935144,-0.021791436,0.011809412,-0.0081416955,0.08420598,0.08905231,-0.34077972,0.04877335,0.09736517,0.11044142,0.04643506,0.011441743,-0.048741553
2024.01.31,000022.SZ,-0.02201906,-0.13970928,0.23876487,-0.018303841,-0.1665908,-0.030119803,-0.15519604,0.06347675,0.08501673,-0.27204162,-0.054467898,0.043721847,0.19876237,0.09038842,-0.14101253,-0.010417121
2024.01.31,000023.SZ,-0.05858713,-0.11355315,0.2753454,-9.790808e-05,-0.14640222,-0.040007498,-0.03155855,0.063064516,0.1310183,-0.3402296,-0.0029801936,-0.03241926,0.25896668,0.0022795608,-0.124920614,-0.02936413
2024.01.31,000024.SZ,-0.04291671,-0.1436951,0.18184778,0.021243908,-0.017576452,0.010801983,-0.08510851,0.040718578,0.106004655,-0.31747228,-0.019202912,0.029571503,0.18580829,0.03639812,-0.027036056,-0.06464482
2024.01.31,000025.SZ,0.046162914,-0.13018517,0.18940143,0.06507888,-0.06548245,-0.009799391,-0.010511443,0.000110093504,0.04954356,-0.33476204,-0.043524556,-0.00989635,0.17710675,-0.0071930094,-0.01861829,-0.023169646
2024.01.31,600000.SH,-0.040056117,-0.17772615,0.15933436,0.052952565,-0.046138193,0.0568666,-0.020788014,0.03596526,0.1178107,-0.34005055,0.021771507,0.19453849,0.052024595,0.060845047,0.13334507,-0.11835
2024.01.31,600001.SH,-0.029670438,-0.13454993,0.20970295,-0.064483404,-0.14234859,-0.057414487,-0.034564294,0.015244372,0.046058428,-0.29092914,0.005026343,-0.025561264,0.1604597,0.08146908,-0.071056195,-0.008897562
2024.01.31,600002.SH,-0.06304677,-0.18669233,0.25400728,0.014629922,-0.15323119,0.025591457,-0.058969278,0.043190494,0.19052604,-0.25878483,0.02075135,0.13861772,0.12279707,0.1021868,0.026255025,-0.044795465
2024.01.31,600003.SH,0.018055588,-0.17058054,0.20654823,0.029850567,-0.13452806,0.007216466,-0.08954402,-0.03238958,0.092986256,-0.29139814,-0.061616555,0.10500974,0.15252466,0.06404778,-0.025599742,-0.05634045
2024.01.31,600004.SH,-0.06514441,-0.21128386,0.14361118,-0.06317109,-0.03777087,-0.061998215,-0.033361312,-0.0035956793,0.13149545,-0.31704235,0.013374977,0.021335805,0.17361715,0.089810446,0.04094819,-0.056861732
2024.01.31,600005.SH,-0.019690828,-0.13989091,0.20859173,0.014622399,-0.07205205,0.0024297542,-0.040925357,0.039689507,0.08815246,-0.327492,0.0027150593,0.042241935,0.1505021,0.028525062,-0.0007353331,-0.07361614
2024.01.31,600006.SH,-0.017133504,-0.1392064,0.2082868,0.016138032,-0.070923045,0.004314448,-0.03866068,0.03962798,0.08729674,-0.32518137,0.003719864,0.038405582,0.1483479,0.0306397,-0.0002226308,-0.07446616
2024.01.31,600007.SH,-0.021209285,-0.17791457,0.13401267,-0.016978845,-0.019538807,-0.041856162,0.039521087,-0.0033764376,0.055566825,-0.32473087,0.05860273,0.13487338,0.047771685,0.15505224,0.012827042,-0.10034777
2024.01.31,600008.SH,-0.015780019,-0.13938127,0.20730343,0.017399287,-0.069752984,0.00531414,-0.03631209,0.038658563,0.08753004,-0.32426098,0.0034216957,0.03677535,0.14787957,0.030658264,0.0015538862,-0.075298995
2024.01.31,600009.SH,-0.016568694,-0.13983218,0.209002,0.01409095,-0.07203539,0.0031509202,-0.03788771,0.03796135,0.08607524,-0.32246864,0.0032201596,0.03826115,0.14811403,0.029952962,-0.0016327132,-0.07285901
2024.01.31,600010.SH,-0.08001519,-0.15243807,0.21822487,0.012341942,-0.06834096,0.012758027,-0.15028581,0.039877027,0.15416916,-0.36345473,-0.029512579,0.13847011,0.15026578,0.0666779,-0.037246663,-0.055485144
2024.01.31,600011.SH,-0.035610124,-0.17783523,0.15328856,0.056249876,-0.048141975,0.055068593,-0.015219228,0.035119563,0.114857085,-0.34823248,0.021238143,0.20089401,0.050708253,0.059908185,0.13132817,-0.11868286
2024.01.31,600012.SH,-0.036093216,-0.17888644,0.15382664,0.055783935,-0.050491825,0.05465495,-0.014933206,0.035969213,0.11379062,-0.3472741,0.022828903,0.19984436,0.050401498,0.05899101,0.12920122,-0.117058106
2024.01.31,600013.SH,-0.023084376,-0.1775025,0.13693686,-0.017490951,-0.02462983,-0.038578264,0.039746672,-0.0036324437,0.05783377,-0.32248503,0.058324475,0.13786973,0.046562545,0.15746905,0.012479683,-0.09953288
2024.01.31,600014.SH,-0.03200547,-0.17389488,0.1515997,0.05197832,-0.05569117,0.05177187,-0.010645106,0.034521293,0.10874948,-0.3474912,0.024075884,0.19509508,0.049905624,0.062002216,0.123562254,-0.115024574
2024.01.31,600015.SH,-0.01766775,-0.14083236,0.20799509,0.016675789,-0.07030449,0.004815072,-0.03759394,0.040551357,0.085074455,-0.3239052,0.0058099423,0.03856631,0.14643522,0.03136732,-0.0008633097,-0.074052975
2024.01.31,600016.SH,-0.03544202,-0.18477431,0.14045267,0.060151596,-0.013073525,0.051564578,-0.020859225,0.026746593,0.11623136,-0.34879553,0.013911422,0.18887205,0.05364917,0.049618106,0.15302251,-0.12334401
2024.01.31,600017.SH,-0.0058390056,-0.10375071,0.28575763,-0.012206401,-0.0961474,-0.05235931,-0.04827676,0.04856144,0.08319054,-0.3130088,-0.022800948,-0.111739635,0.2574748,-0.007026363,-0.15249299,-0.032236125
2024.01.31,600018.SH,0.027289556,-0.12866014,0.22839133,0.14692737,-0.19403315,0.024317179,0.02314196,-0.025001565,0.12733094,-0.28835616,-0.030415092,0.04222794,0.18734832,-0.04161741,-0.039806586,-0.04494551
2024.01.31,600019.SH,-0.017817423,-0.14005536,0.207238,0.017039843,-0.07030506,0.0037087516,-0.03902714,0.039745323,0.087374404,-0.32577756,0.003648533,0.039143976,0.1492321,0.02842876,5.987473e-05,-0.0743828
2024.01.31,600020.SH,-0.016992863,-0.1395087,0.2089593,0.015842736,-0.06988534,0.004516272,-0.038588397,0.03913673,0.0865213,-0.32383448,0.0037556263,0.039280083,0.14762324,0.030497434,0.0010795365,-0.07473734
2024.01.31,600021.SH,-0.03411918,-0.1769148,0.15313357,0.055569563,-0.048945963,0.05444041,-0.014096518,0.034400567,0.11324304,-0.34731898,0.020884056,0.19945471,0.050743543,0.060350787,0.13025476,-0.11806551
2024.01.31,600022.SH,-0.017372336,-0.13968652,0.2067785,0.01810385,-0.06948268,0.0045920243,-0.03802718,0.040267218,0.086424835,-0.32562223,0.003829535,0.03970424,0.14968604,0.027739644,0.0015119265,-0.07531113
2024.01.31,600023.SH,-0.036294628,-0.17950402,0.15415317,0.05790623,-0.04816781,0.055441078,-0.014747728,0.03647742,0.11420035,-0.3463867,0.022715244,0.19956493,0.05030732,0.057406902,0.13095453,-0.1175523
2024.01.31,600024.SH,-0.021658393,-0.1529154,0.28052825,0.016801188,-0.037963875,-0.0018529918,-0.0409459,0.044404853,0.14323238,-0.33313352,-0.0028743516,-0.037344266,0.21940416,-0.017668152,-0.008494512,-0.08824245
2024.02.01,000001.SZ,-0.016065937,-0.140172,0.20835295,0.016494,-0.0690035,0.005430074,-0.03593131,0.038617324,0.08550514,-0.3225386,0.0044199238,0.037406035,0.14592391,0.03164987,0.0008441804,-0.07507332
2024.02.01,000002.SZ,0.027601069,-0.12841469,0.22886358,0.14597523,-0.19376726,0.024726305,0.023908313,-0.024475304,0.124807976,-0.28563574,-0.029644385,0.04168995,0.1864802,-0.04019305,-0.038946576,-0.044630535
2024.02.01,000003.SZ,0.016074946,-0.17047635,0.20588446,0.029887334,-0.13502185,0.0068975524,-0.091491446,-0.031144902,0.09271809,-0.29335788,-0.061537508,0.106488265,0.15354703,0.06472538,-0.026496418,-0.057124976
2024.02.01,000004.SZ,-0.11773473,-0.18753047,0.27014062,0.03547488,-0.05709304,-0.0042961747,-0.030559618,0.06295629,0.18840373,-0.34571534,-7.557869e-05,0.06564816,0.19136786,0.014150018,0.03152505,-0.07517965
2024.02.01,000005.SZ,-0.015308011,-0.13950694,0.20776698,0.015200763,-0.07122998,0.004198682,-0.036973957,0.038196072,0.086069986,-0.32242242,0.0037469838,0.0364593,0.14766213,0.03028918,-0.0012487408,-0.07344051
2024.02.01,000006.SZ,-0.016099358,-0.13986705,0.20871821,0.01547514,-0.070610605,0.0037667516,-0.037684288,0.039714802,0.08593866,-0.3240753,0.005038323,0.03698722,0.14737359,0.030432975,-0.0015558588,-0.073402986
2024.02.01,000007.SZ,-0.028609423,-0.15089138,0.22595142,0.08222949,-0.06548562,0.017177438,-0.021837652,0.074154556,0.13696648,-0.3461731,0.018945804,0.14585392,0.1352206,0.009708285,0.018327879,-0.092785686
2024.02.01,000008.SZ,0.04601248,-0.13060234,0.19090833,0.061178256,-0.067044266,-0.012038423,-0.010950947,6.727502e-05,0.04722752,-0.3326164,-0.04123171,-0.011898568,0.17613465,-0.005131073,-0.022451647,-0.020411167
2024.02.01,000009.SZ,-0.06466449,-0.18774198,0.25319308,0.011181336,-0.15492228,0.024421392,-0.059414167,0.04219508,0.19091849,-0.2614962,0.021302473,0.1442986,0.121918656,0.10718952,0.025496736,-0.045842007
2024.02.01,000010.SZ,-0.01709525,-0.14033194,0.20815597,0.015651781,-0.07038129,0.0045795147,-0.03776098,0.039308842,0.085263744,-0.32280564,0.004521384,0.038738318,0.1466551,0.03132201,-0.0010073982,-0.07407465
2024.02.01,000011.SZ,-0.005000527,-0.11902069,0.25746885,-0.0037670627,-0.10438168,-0.025432585,-0.010416905,0.026203083,0.04725792,-0.20409177,-0.018583646,-0.031043518,0.13594796,0.10218148,-0.056811754,-0.0065832753
2024.02.01,000012.SZ,-0.033707213,-0.17763016,0.15149811,0.054463368,-0.05185372,0.053361572,-0.014121041,0.03453642,0.11238089,-0.3483628,0.022315761,0.1988507,0.051066235,0.060010474,0.12786461,-0.11618922
2024.02.01,000013.SZ,-0.01780645,-0.13977675,0.2081877,0.01638578,-0.07132795,0.004161016,-0.03762367,0.040364746,0.08646174,-0.3248,0.0044054403,0.038782958,0.14874037,0.030496633,-0.00017093495,-0.07418232
2024.02.01,000014.SZ,0.0031290324,-0.11080116,0.2660036,-0.013839775,-0.07286135,-0.04769455,-0.05369413,0.03898337,0.08231817,-0.31390637,-0.027472988,-0.11187204,0.24726574,0.004609187,-0.13619715,-0.036027905
2024.02.01,000015.SZ,-0.0058527514,-0.12015086,0.2579141,-0.004944869,-0.106066234,-0.025840161,-0.011994591,0.026720997,0.047372498,-0.20403405,-0.017481096,-0.030826608,0.13540551,0.101542234,-0.05841812,-0.005452512
2024.02.01,000016.SZ,-0.030896923,-0.17319727,0.15038075,0.05086926,-0.056940947,0.050884984,-0.009951859,0.03333998,0.10722364,-0.34758866,0.023255743,0.19431083,0.05047212,0.061818328,0.12243126,-0.11344878
2024.02.01,000017.SZ,-0.01600231,-0.14033447,0.2066846,0.016936857,-0.06944673,0.0050282017,-0.037714913,0.039506014,0.08618923,-0.32369998,0.0051547876,0.036162067,0.146515,0.031159548,-0.00042173077,-0.0743242
2024.02.01,000018.SZ,0.015808677,-0.15654926,0.121019274,0.068488136,0.082102425,0.005323394,-0.046946116,-0.004592368,0.08582623,-0.3502122,-0.02109231,0.039303984,0.1452509,0.024448603,0.030554717,-0.10644288
2024.02.01,000019.SZ,-0.060243696,-0.1457237,0.1474774,-0.024100713,-0.14530234,-0.0008837709,0.0018023084,0.0131250275,0.069880605,-0.34877792,0.022113688,0.09916767,0.09525544,0.1051178,0.014062247,-0.05134567
2024.02.01,000020.SZ,-0.017405204,-0.14053188,0.20753424,0.01773179,-0.06859482,0.004935353,-0.037945043,0.03998266,0.086254604,-0.3249713,0.004535286,0.038735077,0.14755121,0.029586172,0.0007933004,-0.07520267
2024.02.01,000021.SZ,-0.020110555,-0.1499867,0.18941137,0.03147468,-0.021207837,0.011839645,-0.008159934,0.08403035,0.089118645,-0.34116042,0.0487399,0.09747249,0.110530116,0.046286523,0.011945359,-0.048993364
2024.02.01,000022.SZ,-0.022035474,-0.13971908,0.23881237,-0.017522115,-0.16571096,-0.029652437,-0.15447673,0.06397889,0.084713176,-0.27128327,-0.054470096,0.04339773,0.19836459,0.08991702,-0.14040841,-0.010412987
2024.02.01,000023.SZ,-0.05895797,-0.11411844,0.27513278,-0.0002562441,-0.14723752,-0.040146288,-0.032250796,0.06301905,0.13110502,-0.34009996,-0.0031992982,-0.031232147,0.2590721,0.0024070768,-0.12521866,-0.029070864
2024.02.01,000024.SZ,-0.04188087,-0.14464943,0.18076675,0.021367703,-0.01619663,0.010627938,-0.08338101,0.039589755,0.10577393,-0.31533855,-0.01752811,0.028785547,0.18434158,0.03747349,-0.026195224,-0.06449667
2024.02.01,000025.SZ,0.04600294,-0.13039048,0.18986034,0.06442112,-0.06556863,-0.009986752,-0.010212797,0.00016022846,0.049264345,-0.3339392,-0.042514075,-0.010565846,0.17633653,-0.006872963,-0.01825104,-0.022611199
2024.02.01,600000.SH,-0.04030296,-0.1776954,0.15926823,0.053730816,-0.045822527,0.057331376,-0.020084735,0.0364832,0.1176194,-0.3395505,0.021990813,0.19427015,0.051656514,0.06073442,0.13317132,-0.11877837
2024.02.01,600001.SH,-0.02931374,-0.1342687,0.20952381,-0.06395232,-0.14176914,-0.056890156,-0.03466528,0.015412767,0.04576977,-0.29050398,0.004818134,-0.025830358,0.15979767,0.081063055,-0.07055009,-0.009489795
2024.02.01,600002.SH,-0.06199828,-0.18608409,0.25415263,0.014040918,-0.15343258,0.025826853,-0.058050115,0.042179253,0.19057778,-0.2577126,0.020344572,0.13816182,0.12189203,0.10326321,0.026761796,-0.044977076
2024.02.01,600003.SH,0.018445576,-0.17071918,0.20650916,0.030501371,-0.13426517,0.007531506,-0.088881895,-0.032202847,0.09339859,-0.29149565,-0.061329294,0.10414542,0.15236004,0.06373637,-0.02514335,-0.056581024
2024.02.01,600004.SH,-0.06539363,-0.21158838,0.14366205,-0.06276623,-0.037175152,-0.061713602,-0.032947563,-0.0033904295,0.13099511,-0.3164376,0.013670495,0.021425245,0.17293695,0.08973244,0.040811367,-0.056993186
2024.02.01,600005.SH,-0.019175012,-0.13982758,0.20839396,0.01553,-0.07139142,0.0031287428,-0.039210577,0.0403056,0.086675726,-0.3260446,0.0033663532,0.041817043,0.14960079,0.02902919,-0.00090937666,-0.07417126
2024.02.01,600006.SH,-0.017061515,-0.1392218,0.20826496,0.016228763,-0.07082393,0.0044217855,-0.038659368,0.039013002,0.08768157,-0.32505372,0.003110801,0.03822027,0.1483885,0.030302793,0.00044613887,-0.074493885
2024.02.01,600007.SH,-0.021584183,-0.17791079,0.13385686,-0.017155511,-0.020018287,-0.042116314,0.039190393,-0.003420131,0.05579915,-0.32570913,0.058361176,0.1354835,0.048463292,0.15529111,0.0126688685,-0.099962376
2024.02.01,600008.SH,-0.014811565,-0.13918045,0.20728162,0.01736133,-0.06962573,0.0053159622,-0.036048297,0.03782714,0.08791347,-0.3236465,0.0028278157,0.03633921,0.14819436,0.029928103,0.002105449,-0.07529619
2024.02.01,600009.SH,-0.017021501,-0.13996346,0.208371,0.014622294,-0.07198791,0.0036546947,-0.03795845,0.03831243,0.086004935,-0.32235962,0.003411995,0.038431495,0.14798394,0.030599132,-0.0013705577,-0.07333259
2024.02.01,600010.SH,-0.080004305,-0.1526498,0.21839567,0.012099357,-0.06907293,0.012634428,-0.15015621,0.040132493,0.15406778,-0.3631431,-0.029190158,0.13829324,0.1505591,0.066624075,-0.03779471,-0.054996148
2024.02.01,600011.SH,-0.035503983,-0.17781837,0.15317789,0.056369416,-0.047851082,0.054994278,-0.015297918,0.03502985,0.114794604,-0.3481137,0.021058924,0.20077944,0.050790768,0.0594807,0.1315915,-0.11874082
2024.02.01,600012.SH,-0.036338974,-0.17910224,0.15382758,0.05593778,-0.0502304,0.05471311,-0.014504697,0.036106855,0.11399456,-0.3473723,0.023329927,0.19988987,0.04993341,0.058934517,0.12917437,-0.11728864
2024.02.01,600013.SH,-0.023593457,-0.17771877,0.13653187,-0.017211797,-0.02509655,-0.03883477,0.038242493,-0.0035576783,0.057995096,-0.32402542,0.058023576,0.13798818,0.047461502,0.15653014,0.012217649,-0.09899105
2024.02.01,600014.SH,-0.032237478,-0.17416683,0.1516882,0.052644286,-0.054736845,0.051794447,-0.010623458,0.034772716,0.108473204,-0.3472435,0.023954576,0.19497581,0.04984635,0.061180238,0.12409047,-0.11511632
2024.02.01,600015.SH,-0.017068747,-0.14104383,0.2073846,0.017552048,-0.0700092,0.0051306444,-0.03666759,0.040643543,0.085265964,-0.32379314,0.0059318147,0.037735514,0.14672852,0.031042827,-0.00049276085,-0.07424935
2024.02.01,600016.SH,-0.034550633,-0.18446794,0.14046198,0.0602831,-0.0127781145,0.05138364,-0.019809382,0.026589274,0.11568628,-0.3479445,0.014053894,0.18852192,0.05330507,0.049702045,0.15256657,-0.123452224
2024.02.01,600017.SH,-0.0057268785,-0.10386291,0.28566852,-0.012183574,-0.09609565,-0.052129127,-0.047488067,0.04842545,0.082684554,-0.31277934,-0.022411438,-0.11136383,0.25675407,-0.006611802,-0.1524892,-0.032518927
2024.02.01,600018.SH,0.02715413,-0.12898742,0.22710586,0.14812145,-0.19301698,0.024809975,0.023957592,-0.024504729,0.12636721,-0.28851864,-0.029732075,0.042065173,0.18639995,-0.04083876,-0.040101957,-0.045457356
2024.02.01,600019.SH,-0.01800762,-0.14029716,0.20708546,0.017250584,-0.06964452,0.0037427845,-0.04008869,0.039936446,0.087328546,-0.3262317,0.003912533,0.039190233,0.14902726,0.027944682,0.00040116158,-0.07434088
2024.02.01,600020.SH,-0.0170709,-0.13957404,0.20914792,0.015768241,-0.07008923,0.0042568888,-0.03880649,0.039246175,0.08688245,-0.32427934,0.0037849215,0.03903696,0.1478353,0.030023329,0.0010482181,-0.0743714
2024.02.01,600021.SH,-0.033931747,-0.17686072,0.1529932,0.0556609,-0.048836663,0.054407265,-0.013786053,0.034267873,0.11328017,-0.3471348,0.020927427,0.19932234,0.05050963,0.060403537,0.13025144,-0.11809153
2024.02.01,600022.SH,-0.016816506,-0.13951072,0.20666611,0.018566828,-0.06943217,0.0051695867,-0.037090268,0.0403031,0.08614545,-0.32516536,0.0039163777,0.0391749,0.14954153,0.028502163,0.0019968126,-0.07582609
2024.02.01,600023.SH,-0.03581029,-0.17918903,0.15439224,0.058195814,-0.04703967,0.05545693,-0.0136594325,0.036286905,0.11396267,-0.34580386,0.022740124,0.19915704,0.049768616,0.057522565,0.13133632,-0.11795805
2024.02.01,600024.SH,-0.02165391,-0.1529813,0.28024533,0.016893847,-0.03735268,-0.001972725,-0.04114747,0.044514704,0.14297704,-0.33327338,-0.0031984637,-0.0375213,0.21961069,-0.018206656,-0.008280623,-0.088134244
2024.02.02,000001.SZ,-0.016967844,-0.14098985,0.20754357,0.017413149,-0.06900817,0.0055167414,-0.036358356,0.039789487,0.08499026,-0.3229787,0.005262818,0.038043614,0.14617647,0.031160044,0.00034921803,-0.0748806
2024.02.02,000002.SZ,0.0275149,-0.12830947,0.22881187,0.14622103,-0.19442521,0.025052825,0.02382734,-0.024359837,0.1249644,-0.2856274,-0.029696403,0.04199599,0.18670145,-0.040299647,-0.038469404,-0.04484987
2024.02.02,000003.SZ,0.015872438,-0.17051047,0.20587571,0.029691773,-0.13552433,0.0067619397,-0.091920264,-0.031453565,0.09285345,-0.29355597,-0.06215158,0.107237436,0.15384056,0.06483973,-0.026746655,-0.056763574
2024.02.02,000004.SZ,-0.117844135,-0.18780623,0.26950663,0.036124922,-0.056804307,-0.003625088,-0.030260367,0.063429855,0.18778533,-0.34545183,0.0008015482,0.065152936,0.19073598,0.014402251,0.03158983,-0.07513265
2024.02.02,000005.SZ,-0.015269307,-0.1393756,0.20832478,0.015033189,-0.07144767,0.00396991,-0.03715028,0.038454093,0.08636964,-0.32294452,0.0037217713,0.036562745,0.14804666,0.030124119,-0.0012645938,-0.07333118
2024.02.02,000006.SZ,-0.017406687,-0.14002903,0.20895498,0.01589868,-0.0705051,0.0037217424,-0.0388014,0.040416554,0.08622243,-0.3254026,0.005018073,0.03816647,0.14790905,0.030012963,-0.0007977428,-0.07362572
2024.02.02,000007.SZ,-0.028527735,-0.15106232,0.2263804,0.08138287,-0.06633249,0.016574949,-0.022483328,0.07385575,0.13742729,-0.34633163,0.01857444,0.14560528,0.13589339,0.00988826,0.017474536,-0.09211285
2024.02.02,000008.SZ,0.046007056,-0.13049155,0.19081587,0.061518684,-0.06712589,-0.012108861,-0.010842688,-0.00014181808,0.04720032,-0.332672,-0.04169678,-0.012187882,0.17639828,-0.005880556,-0.02222162,-0.020027231
2024.02.02,000009.SZ,-0.06504397,-0.18806453,0.25273278,0.011833704,-0.15471642,0.024835968,-0.058866017,0.04272563,0.19081277,-0.2610597,0.021179205,0.14439704,0.12222177,0.1069388,0.026548298,-0.046326544
2024.02.02,000010.SZ,-0.016623016,-0.13989927,0.20852283,0.0151718315,-0.070728675,0.0045256466,-0.036829703,0.03934128,0.08473276,-0.3221721,0.004704083,0.037924107,0.14663719,0.031991333,-0.0010599006,-0.07395886
2024.02.02,000011.SZ,-0.004655447,-0.11967599,0.25730202,-0.0042220512,-0.10452155,-0.025463847,-0.009933935,0.025770705,0.046900824,-0.20251627,-0.017901042,-0.030469058,0.1348665,0.10264332,-0.056276016,-0.006539244
2024.02.02,000012.SZ,-0.033943214,-0.17754145,0.15170941,0.054298595,-0.05192118,0.05343122,-0.0144073535,0.034625553,0.11218935,-0.34858662,0.022038184,0.19887674,0.051322415,0.06008354,0.12824404,-0.11594293
2024.02.02,000013.SZ,-0.018216576,-0.13980083,0.20828824,0.0163479,-0.07118117,0.0040190583,-0.037836436,0.040361464,0.086647436,-0.3251228,0.004320371,0.039248865,0.14889467,0.030451674,0.00028541125,-0.074287385
2024.02.02,000014.SZ,0.0033352848,-0.110453025,0.26640564,-0.01388106,-0.07309411,-0.04800366,-0.053515933,0.03873324,0.082309574,-0.31407282,-0.027593639,-0.112099625,0.24755043,0.004204323,-0.136489,-0.0359777
2024.02.02,000015.SZ,-0.005694298,-0.11963893,0.25790423,-0.004260723,-0.10605976,-0.025892468,-0.012829971,0.027214931,0.04736785,-0.20473716,-0.017890347,-0.03108414,0.13637282,0.100981586,-0.058933485,-0.0054074447
2024.02.02,000016.SZ,-0.0312994,-0.1733613,0.14979474,0.05092579,-0.057390653,0.050919104,-0.011085041,0.033184703,0.10773844,-0.34881473,0.02279138,0.19551502,0.05111666,0.06206657,0.12256395,-0.11349993
2024.02.02,000017.SZ,-0.016247228,-0.14004168,0.20645913,0.01709796,-0.07004878,0.00526049,-0.036828052,0.039873417,0.08553775,-0.32295257,0.005127966,0.036981057,0.14708866,0.03170702,-0.00025998615,-0.07483939
2024.02.02,000018.SZ,0.015990507,-0.15672812,0.120740354,0.06892639,0.082836695,0.0050148275,-0.046744574,-0.004837654,0.08581582,-0.35026413,-0.02095753,0.03881499,0.14555153,0.024293954,0.030576587,-0.10638999
2024.02.02,000019.SZ,-0.059803423,-0.14524706,0.14743553,-0.024521269,-0.14600426,-0.0008459313,0.001809595,0.012615473,0.06995042,-0.3486345,0.021548385,0.09862141,0.09549286,0.105106875,0.014162508,-0.051151063
2024.02.02,000020.SZ,-0.01739375,-0.14010926,0.2082948,0.016774034,-0.06937349,0.0044892845,-0.038647927,0.03972734,0.08654864,-0.32532686,0.004131696,0.038487785,0.14794786,0.029066818,0.0004476681,-0.07449022
2024.02.02,000021.SZ,-0.020001397,-0.14976269,0.18941307,0.031398717,-0.021237085,0.011983266,-0.007842439,0.08395398,0.08906602,-0.34104842,0.04884404,0.09704991,0.11047616,0.046332072,0.011965272,-0.04905427
2024.02.02,000022.SZ,-0.021909418,-0.13971147,0.23897262,-0.017757293,-0.16567457,-0.029882142,-0.15446521,0.063836135,0.084730916,-0.2713867,-0.0543468,0.04297549,0.1984238,0.08989416,-0.14050649,-0.010304496
2024.02.02,000023.SZ,-0.059435856,-0.11440853,0.27477401,-7.621199e-05,-0.1472921,-0.040054213,-0.032823287,0.06314333,0.13163973,-0.34072286,-0.0032314248,-0.030512825,0.2590862,0.0024120463,-0.12526554,-0.02929667
2024.02.02,000024.SZ,-0.04159357,-0.14464246,0.18042175,0.021371918,-0.0152039705,0.010582183,-0.08342317,0.039464094,0.10515674,-0.31510237,-0.01691706,0.028529353,0.18380535,0.03775524,-0.02634061,-0.06468718
2024.02.02,000025.SZ,0.045821417,-0.13037948,0.1899736,0.06442367,-0.0647245,-0.010223801,-0.010562116,0.0005789287,0.048608117,-0.33389604,-0.041638248,-0.011256922,0.17603034,-0.007057788,-0.01799084,-0.022431774
2024.02.02,600000.SH,-0.039500087,-0.17692786,0.15951537,0.05234959,-0.046663754,0.056691848,-0.0210117,0.035194684,0.11840815,-0.34037122,0.020779561,0.19503173,0.052388806,0.062157527,0.13338111,-0.11860349
2024.02.02,600001.SH,-0.028820414,-0.13403474,0.20943394,-0.06337558,-0.14087397,-0.0564294,-0.034093484,0.01550336,0.04525418,-0.2896674,0.005083815,-0.026547475,0.1588838,0.08103329,-0.0699771,-0.009973642
2024.02.02,600002.SH,-0.062101003,-0.18585208,0.2543792,0.013594762,-0.15401345,0.025725868,-0.05821582,0.041900255,0.1909746,-0.25853834,0.020060552,0.13916837,0.12232933,0.10387705,0.02662886,-0.045254983
2024.02.02,600003.SH,0.018698212,-0.17057803,0.20654905,0.03030561,-0.1344879,0.007409495,-0.089177005,-0.032629926,0.094022505,-0.29182458,-0.061877266,0.10489837,0.15245427,0.06331736,-0.024930805,-0.056313742
2024.02.02,600004.SH,-0.06603054,-0.21206574,0.14396012,-0.0617661,-0.03648961,-0.06104393,-0.03205262,-0.0028428545,0.1299876,-0.31568345,0.014301986,0.02171504,0.17186736,0.08999097,0.040505536,-0.057272498
2024.02.02,600005.SH,-0.01766711,-0.13949454,0.2081188,0.015602544,-0.070497505,0.004070687,-0.03754604,0.03908491,0.08618321,-0.3240205,0.0031176556,0.040607125,0.148439,0.030056667,0.0002507288,-0.07488755
2024.02.02,600006.SH,-0.017823692,-0.13940781,0.20850874,0.016166084,-0.07144764,0.004080051,-0.03940039,0.039367456,0.088108994,-0.32566714,0.002946994,0.038773183,0.14912213,0.029710747,0.00068189006,-0.07420483
2024.02.02,600007.SH,-0.021712124,-0.17811821,0.13366547,-0.017297175,-0.020737235,-0.04226375,0.038548566,-0.0036174906,0.05617889,-0.3261683,0.05785997,0.13657312,0.048813425,0.15558435,0.012601042,-0.09971259
2024.02.02,600008.SH,-0.014789792,-0.13910012,0.20746465,0.017281637,-0.06949944,0.0051032486,-0.036302254,0.037862338,0.08829325,-0.3241587,0.0026877755,0.036467,0.14832196,0.029752735,0.001953577,-0.07532553
2024.02.02,600009.SH,-0.01720468,-0.1394856,0.20847423,0.014368935,-0.07226213,0.0033884523,-0.039100207,0.03794815,0.08717906,-0.32335165,0.0024351727,0.03860562,0.148903,0.029750334,-0.0006358921,-0.07336553
2024.02.02,600010.SH,-0.079440124,-0.15200122,0.21867648,0.011953608,-0.06835355,0.012605551,-0.1494263,0.039766636,0.15395108,-0.36324117,-0.029280426,0.1381847,0.15026173,0.06691809,-0.03770164,-0.055535927
2024.02.02,600011.SH,-0.035822745,-0.17833711,0.15315573,0.056618452,-0.047898147,0.055152446,-0.015643021,0.035199225,0.1149213,-0.34826428,0.020686721,0.20135508,0.051224537,0.059453987,0.13178758,-0.118385404
2024.02.02,600012.SH,-0.035695206,-0.17891677,0.15431449,0.055913217,-0.04975442,0.054763906,-0.013443092,0.035680003,0.11351848,-0.34628114,0.023437751,0.19920433,0.049308315,0.059078027,0.12884457,-0.11745538
2024.02.02,600013.SH,-0.023877895,-0.17790313,0.13703896,-0.017476832,-0.024951464,-0.039058313,0.038279973,-0.0033224474,0.057787735,-0.32398117,0.058657274,0.13774705,0.0470217,0.15644896,0.011418448,-0.09923338
2024.02.02,600014.SH,-0.031841766,-0.17396922,0.15215845,0.052787054,-0.05372446,0.05179422,-0.00942028,0.034564834,0.10804822,-0.34592628,0.02384933,0.19427037,0.049182065,0.061324958,0.12404993,-0.11544492
2024.02.02,600015.SH,-0.015852114,-0.14055493,0.20778969,0.017208233,-0.07024243,0.00504708,-0.035530224,0.040450897,0.08548387,-0.323539,0.005911818,0.036709912,0.14678448,0.031483393,-0.0008447634,-0.07424658
2024.02.02,600016.SH,-0.033854768,-0.18390784,0.13982551,0.060156602,-0.0138460575,0.05104565,-0.01989555,0.026714237,0.11612331,-0.34908557,0.014272003,0.18918711,0.053917352,0.05042688,0.15180309,-0.123574704
2024.02.02,600017.SH,-0.0059474227,-0.10430502,0.28518355,-0.011929374,-0.096597515,-0.051846527,-0.04665203,0.048764355,0.08244859,-0.31256258,-0.022201734,-0.11089416,0.25621253,-0.005865723,-0.15313332,-0.032232866
2024.02.02,600018.SH,0.027057234,-0.12917557,0.22724363,0.14830548,-0.19358467,0.0253018,0.024271555,-0.024434438,0.12649323,-0.28826064,-0.029755106,0.04222634,0.18591028,-0.040399812,-0.039842058,-0.045752935
2024.02.02,600019.SH,-0.017608901,-0.14025933,0.20803638,0.016723862,-0.06978048,0.0035038195,-0.03940033,0.039485067,0.08721823,-0.3260475,0.003771928,0.03869736,0.1487199,0.027908321,-5.801581e-05,-0.073862374
2024.02.02,600020.SH,-0.017868904,-0.13931344,0.20966409,0.01545543,-0.07029584,0.003671203,-0.039631132,0.03944102,0.087802984,-0.3259498,0.003324839,0.039502088,0.14849445,0.029275795,0.0010208093,-0.07417102
2024.02.02,600021.SH,-0.03379936,-0.1767948,0.15273604,0.05490853,-0.049978245,0.054267228,-0.013898565,0.033799656,0.11342556,-0.34762305,0.021061681,0.19982727,0.05040846,0.061134536,0.1294619,-0.11786327
2024.02.02,600022.SH,-0.01730948,-0.13944721,0.20665553,0.018514208,-0.07011962,0.004991039,-0.038218692,0.040174216,0.087123856,-0.32582372,0.0031693918,0.039695967,0.15048343,0.027793825,0.002853425,-0.07566389
2024.02.02,600023.SH,-0.035554837,-0.17885369,0.15403512,0.05769475,-0.047379795,0.055354774,-0.01397702,0.0357395,0.11421264,-0.34664774,0.022224804,0.19994481,0.050032903,0.058459923,0.13140634,-0.11802665
2024.02.02,600024.SH,-0.021659555,-0.1530367,0.28011122,0.016909307,-0.036965594,-0.0019701982,-0.040983893,0.04453791,0.14285478,-0.33318803,-0.002981177,-0.03729719,0.21927747,-0.017883949,-0.008396862,-0.088210985
2024.02.05,000001.SZ,-0.017221618,-0.1413813,0.20708556,0.017843736,-0.0688678,0.005516912,-0.0365568,0.040002808,0.085057855,-0.32314068,0.005470579,0.038343083,0.14634922,0.03078614,0.0004626475,-0.074884325
2024.02.05,000002.SZ,0.027282216,-0.12824844,0.22894895,0.14631872,-0.19512686,0.025236871,0.023495015,-0.024254354,0.12516743,-0.28585878,-0.029778719,0.042174213,0.18691134,-0.04041756,-0.038145114,-0.044747114
2024.02.05,000003.SZ,0.016855566,-0.17040844,0.20638701,0.030266292,-0.1344953,0.0070420736,-0.0908066,-0.03148935,0.09319807,-0.29301998,-0.061628282,0.10591421,0.15340528,0.06426069,-0.02546076,-0.056907084
2024.02.05,000004.SZ,-0.11768337,-0.18763867,0.26993558,0.036115,-0.056837223,-0.0036620963,-0.030052073,0.0635247,0.18797407,-0.3457952,0.0006549357,0.064704254,0.19086131,0.0144622,0.03134242,-0.07523773
2024.02.05,000005.SZ,-0.01566545,-0.13978085,0.20828907,0.015049927,-0.07200032,0.004133195,-0.037061963,0.038948208,0.086186334,-0.3226396,0.0043078694,0.036399566,0.14774397,0.030973895,-0.0014440425,-0.0730708
2024.02.05,000006.SZ,-0.017390845,-0.14012928,0.20925543,0.01537822,-0.07118821,0.0036525498,-0.038886793,0.040022094,0.08592107,-0.32450205,0.0048831166,0.03819908,0.14780581,0.030066969,-0.0011151689,-0.073119074
2024.02.05,000007.SZ,-0.028072162,-0.15112148,0.22652443,0.080578096,-0.06679975,0.016166147,-0.022677734,0.0732823,0.13732481,-0.34543622,0.018132659,0.14514948,0.1361314,0.009987782,0.016938722,-0.091462985
2024.02.05,000008.SZ,0.04548748,-0.13070627,0.19076554,0.061764807,-0.067447945,-0.012226589,-0.011360782,-9.6518546e-05,0.047550693,-0.33364975,-0.04194033,-0.011720076,0.17666686,-0.0059457095,-0.02241802,-0.019900532
2024.02.05,000009.SZ,-0.06452048,-0.1881099,0.25237387,0.012642053,-0.15437438,0.025191527,-0.058360614,0.043221384,0.19055642,-0.2601552,0.021723973,0.14345741,0.121389255,0.10694747,0.026574155,-0.04613786
2024.02.05,000010.SZ,-0.016526341,-0.1398183,0.20901653,0.014177639,-0.07203536,0.004003007,-0.03686494,0.039144557,0.08474534,-0.32162347,0.004780554,0.03737898,0.14677976,0.032190986,-0.0018337832,-0.072991535
2024.02.05,000011.SZ,-0.004545635,-0.120007366,0.2566818,-0.0038792407,-0.104491174,-0.024472201,-0.009370499,0.025508787,0.04679391,-0.20146744,-0.0173774,-0.028686102,0.13309157,0.10376362,-0.055099588,-0.007375345
2024.02.05,000012.SZ,-0.03447678,-0.17753713,0.15160598,0.053821664,-0.052240733,0.05334296,-0.015195362,0.034812834,0.11253086,-0.34938645,0.022181567,0.19923617,0.051524386,0.060330845,0.1286618,-0.115891926
2024.02.05,000013.SZ,-0.01723752,-0.13986963,0.20879793,0.015782807,-0.07115877,0.0035473844,-0.037745163,0.03942026,0.08749436,-0.32497725,0.0038823886,0.038096596,0.14868484,0.029822474,-0.00014695153,-0.07356917
2024.02.05,000014.SZ,0.003483557,-0.11045346,0.26626065,-0.014467558,-0.072774135,-0.048150346,-0.055032816,0.038269777,0.082300276,-0.3140395,-0.02750832,-0.112943195,0.24740598,0.0039916867,-0.13689305,-0.03565738
2024.02.05,000015.SZ,-0.005633414,-0.12018432,0.25723296,-0.0044127377,-0.107206315,-0.025202248,-0.012858606,0.027230447,0.04691941,-0.20309979,-0.016662128,-0.029517116,0.134643,0.101880066,-0.058145087,-0.0051844623
2024.02.05,000016.SZ,-0.031603508,-0.17356965,0.14945386,0.051088803,-0.057714976,0.05088224,-0.012323307,0.033263866,0.10799774,-0.34973636,0.022242893,0.19604449,0.051834248,0.061714485,0.12333105,-0.11328293
2024.02.05,000017.SZ,-0.016141577,-0.14008759,0.20698294,0.016639935,-0.07025267,0.0050512934,-0.03725303,0.039555497,0.08509275,-0.32250792,0.0049937996,0.037143692,0.14702581,0.031179719,-0.0007938331,-0.07437541
2024.02.05,000018.SZ,0.015739605,-0.15688583,0.12040704,0.06936152,0.08299787,0.0050119488,-0.047375757,-0.0044762865,0.08643467,-0.3512118,-0.020955192,0.03893493,0.14591047,0.02399262,0.030458082,-0.10660131
2024.02.05,000019.SZ,-0.059001688,-0.14484675,0.14816739,-0.024487982,-0.14481144,-0.0006859376,0.003664507,0.0128128445,0.068764135,-0.3467296,0.022380175,0.09700512,0.0943799,0.10511926,0.013609547,-0.051356226
2024.02.05,000020.SZ,-0.016957363,-0.13965318,0.20794256,0.016806848,-0.069376715,0.004836378,-0.03786734,0.039671075,0.086565,-0.32531416,0.004049845,0.037961338,0.14784396,0.029913908,0.0004296228,-0.07489251
2024.02.05,000021.SZ,-0.020115634,-0.15006307,0.18952005,0.031206254,-0.021564988,0.011624437,-0.008202562,0.08423859,0.08901899,-0.341071,0.04919779,0.0967194,0.110622436,0.046295,0.011649184,-0.048496928
2024.02.05,000022.SZ,-0.021907013,-0.13965437,0.23911428,-0.01799934,-0.1660247,-0.029943475,-0.15467589,0.063601434,0.084770426,-0.27162832,-0.05465371,0.043307718,0.19856001,0.08973101,-0.14020889,-0.010197338
2024.02.05,000023.SZ,-0.058781248,-0.11432283,0.2746597,0.00015634671,-0.14619705,-0.03960752,-0.032515235,0.06313402,0.1308678,-0.33965844,-0.0028780173,-0.03111309,0.25802767,0.0028039515,-0.1248683,-0.029700743
2024.02.05,000024.SZ,-0.041663058,-0.14499438,0.18033671,0.021388773,-0.015446281,0.010170947,-0.0836781,0.039422415,0.10561816,-0.31528857,-0.017066475,0.02846118,0.18413302,0.03758197,-0.02680685,-0.06433825
2024.02.05,000025.SZ,0.045322046,-0.13037077,0.19010969,0.06418067,-0.06568164,-0.010802726,-0.011545503,0.0011237594,0.049170934,-0.33545277,-0.04179738,-0.010724494,0.17680234,-0.007015374,-0.019290464,-0.022037797
2024.02.05,600000.SH,-0.039824393,-0.17697796,0.15925878,0.0516041,-0.04681478,0.056080267,-0.022872705,0.034155358,0.119444974,-0.34211752,0.019390186,0.19655956,0.05327532,0.06252148,0.13463752,-0.11848867
2024.02.05,600001.SH,-0.029116675,-0.13434517,0.20970675,-0.06390216,-0.14092974,-0.056315344,-0.033540968,0.01488065,0.04504966,-0.28891465,0.005262073,-0.026485806,0.15852611,0.081264436,-0.06993572,-0.009902064
2024.02.05,600002.SH,-0.06168991,-0.18564261,0.25420332,0.014105524,-0.1536147,0.02590202,-0.057634424,0.042228132,0.19053811,-0.2580955,0.020307453,0.13890298,0.122069,0.10397524,0.027189467,-0.045486707
2024.02.05,600003.SH,0.01904475,-0.17043605,0.20665592,0.030380404,-0.13418272,0.007599761,-0.08847524,-0.03304354,0.094391964,-0.2912927,-0.061987203,0.10507062,0.15208988,0.063494965,-0.024678383,-0.056428753
2024.02.05,600004.SH,-0.06583357,-0.21190944,0.14426488,-0.061650686,-0.036268674,-0.060830414,-0.031138513,-0.0024981447,0.12926148,-0.31515637,0.014719846,0.021928245,0.17123704,0.090289034,0.03966069,-0.057559382
2024.02.05,600005.SH,-0.017874617,-0.13884369,0.208686,0.014586599,-0.07180659,0.0033098077,-0.038632393,0.038667466,0.08726372,-0.3246862,0.0021699632,0.04107323,0.14975987,0.029368907,0.00043549013,-0.07442407
2024.02.05,600006.SH,-0.016888674,-0.13926862,0.20852539,0.016128128,-0.07100655,0.004362866,-0.03896919,0.038843647,0.088167116,-0.32505524,0.0028056577,0.03786509,0.14879374,0.029647324,0.0014435787,-0.074332066
2024.02.05,600007.SH,-0.021582305,-0.17798401,0.13300395,-0.017744303,-0.021296876,-0.042252213,0.037581734,-0.0042705126,0.056199722,-0.32687294,0.057293426,0.13732232,0.048917897,0.1552328,0.012432301,-0.099506274
2024.02.05,600008.SH,-0.015289211,-0.1389491,0.20785694,0.016688515,-0.06921062,0.0046148896,-0.0367332,0.037711933,0.088502586,-0.3247707,0.0024641703,0.03713012,0.14804304,0.029768245,0.0015420157,-0.07532086
2024.02.05,600009.SH,-0.017497526,-0.13961968,0.20868286,0.014486868,-0.07179259,0.0034533546,-0.039746135,0.037932094,0.08685037,-0.32359138,0.0023408788,0.03903636,0.14882204,0.029193403,-9.2595816e-05,-0.073385574
2024.02.05,600010.SH,-0.07917015,-0.1522067,0.21792598,0.012502331,-0.067871965,0.012585402,-0.14934425,0.039736617,0.15365887,-0.36290652,-0.028839247,0.13709776,0.15058967,0.06631907,-0.03736575,-0.055288024
2024.02.05,600011.SH,-0.036408566,-0.1785905,0.15270051,0.056583673,-0.048493728,0.055074908,-0.017079718,0.035346266,0.115610145,-0.34952196,0.020592527,0.20222244,0.0518088,0.059440028,0.13214166,-0.11841634
2024.02.05,600012.SH,-0.03545033,-0.17906326,0.15421195,0.0562818,-0.04953886,0.05478062,-0.012787361,0.035819583,0.11365179,-0.34600058,0.023700425,0.1989561,0.04899571,0.05892842,0.12864709,-0.11762559
2024.02.05,600013.SH,-0.02395512,-0.17798735,0.13723427,-0.017334305,-0.024907544,-0.038926058,0.038608126,-0.0033825657,0.057826817,-0.3237262,0.058599398,0.13773815,0.046941366,0.15643328,0.011846806,-0.09914636
2024.02.05,600014.SH,-0.03203314,-0.17428534,0.15240125,0.052924134,-0.05368021,0.051766586,-0.009121269,0.034806807,0.10787997,-0.34547263,0.024397343,0.19385093,0.048772406,0.060875755,0.12405012,-0.11529284
2024.02.05,600015.SH,-0.015811928,-0.14054851,0.20787612,0.017378597,-0.06992829,0.0051636803,-0.035793014,0.040417906,0.085553,-0.3236652,0.0058354074,0.036869336,0.14679503,0.03130109,-0.00046093573,-0.07442857
2024.02.05,600016.SH,-0.034063835,-0.18402205,0.14043325,0.061169863,-0.012291327,0.051363565,-0.018989246,0.027220516,0.115667395,-0.34817433,0.014473456,0.18859777,0.053406734,0.04970457,0.1521509,-0.12404357
2024.02.05,600017.SH,-0.0054412396,-0.104155645,0.28541183,-0.011736776,-0.09606091,-0.051759087,-0.04534893,0.04826672,0.08179517,-0.31241283,-0.022031229,-0.111034885,0.25561866,-0.0055660554,-0.15292193,-0.032720488
2024.02.05,600018.SH,0.027113622,-0.12885818,0.2279057,0.1481683,-0.19343272,0.024690965,0.02420667,-0.025075883,0.12765178,-0.28930497,-0.03087256,0.04156614,0.18740772,-0.04128137,-0.039348725,-0.04533346
2024.02.05,600019.SH,-0.01787878,-0.14019983,0.2081283,0.016745456,-0.06979636,0.0033708161,-0.039731216,0.039651252,0.08758571,-0.3268422,0.0035684702,0.038703557,0.14903915,0.02763174,-1.6517937e-05,-0.07382595
2024.02.05,600020.SH,-0.018201115,-0.13886486,0.20999292,0.014997523,-0.07059768,0.0034488079,-0.039639715,0.03905897,0.088015474,-0.32610577,0.0027042115,0.039684482,0.14905,0.028840067,0.0018274355,-0.07410187
2024.02.05,600021.SH,-0.03464081,-0.17703848,0.15173702,0.054882057,-0.05098814,0.054226473,-0.016000262,0.03371337,0.11413163,-0.34992233,0.020196998,0.2013738,0.051533367,0.06090323,0.1301799,-0.117554784
2024.02.05,600022.SH,-0.017256416,-0.13970214,0.20606855,0.019014157,-0.070897624,0.0052620247,-0.038158998,0.040447265,0.08782034,-0.32579648,0.0031783325,0.039557345,0.15073429,0.02861991,0.0024409618,-0.07590826
2024.02.05,600023.SH,-0.035345174,-0.17885047,0.153768,0.057524752,-0.04774826,0.055263042,-0.014215674,0.035353526,0.11432596,-0.34683388,0.022064121,0.2003061,0.050073437,0.05860206,0.13114439,-0.118093066
2024.02.05,600024.SH,-0.021708013,-0.15290628,0.28048095,0.018033274,-0.03670613,-0.0018104034,-0.041066725,0.04511994,0.14362754,-0.33427453,-0.003643139,-0.03729882,0.22022241,-0.018499298,-0.008312631,-0.088608354
2024.02.06,000001.SZ,-0.016740568,-0.1415823,0.20698142,0.017820222,-0.069217265,0.005214209,-0.0362567,0.039874274,0.08570358,-0.3233755,0.005605162,0.037924994,0.14647697,0.030819356,-0.00038414818,-0.07467251
2024.02.06,000002.SZ,0.027371218,-0.12852827,0.22798198,0.14652024,-0.19527702,0.025458273,0.023754032,-0.024360312,0.12449761,-0.2855254,-0.029619372,0.042349648,0.18655148,-0.0403272,-0.038021147,-0.04467851
2024.02.06,000003.SZ,0.017002359,-0.17039204,0.20641917,0.030030338,-0.13485865,0.0067285793,-0.09208384,-0.03170168,0.093682565,-0.2939299,-0.062351983,0.10681529,0.15410335,0.063408405,-0.024956768,-0.056238975
2024.02.06,000004.SZ,-0.11750374,-0.18753985,0.27004144,0.035669245,-0.057133,-0.003936961,-0.030110776,0.06384601,0.18758859,-0.3454222,0.00064389396,0.064722344,0.19126807,0.014674162,0.030786276,-0.07483723
2024.02.06,000005.SZ,-0.015558813,-0.14024039,0.20810406,0.01516102,-0.07191378,0.004495166,-0.036128182,0.039350882,0.0851287,-0.3214583,0.00532561,0.035928838,0.14681368,0.032124925,-0.0018145217,-0.07300485
2024.02.06,000006.SZ,-0.017388953,-0.14026457,0.20862845,0.015915193,-0.07115456,0.0040952046,-0.037946355,0.0399678,0.08547983,-0.3238601,0.0047668153,0.0383306,0.1476873,0.03054272,-0.0013531289,-0.07349589
2024.02.06,000007.SZ,-0.027859027,-0.15106432,0.22649309,0.080167346,-0.06744532,0.0159476,-0.023168724,0.073113695,0.13736762,-0.34536567,0.01786331,0.14520691,0.1364881,0.010131795,0.016782215,-0.091212645
2024.02.06,000008.SZ,0.044944387,-0.13138418,0.19122887,0.061280183,-0.066876784,-0.012088003,-0.01143945,-0.00021350011,0.04734587,-0.33300194,-0.041648764,-0.011441886,0.17646301,-0.0056377053,-0.021690566,-0.02030484
2024.02.06,000009.SZ,-0.064192295,-0.1880177,0.25199732,0.012933591,-0.15357365,0.025358045,-0.05764763,0.043373324,0.18975969,-0.25926256,0.022255903,0.14262147,0.120620094,0.10705137,0.026561543,-0.046191245
2024.02.06,000010.SZ,-0.016310459,-0.13980459,0.2085415,0.014252692,-0.07217721,0.0040557766,-0.036565356,0.03917613,0.08465096,-0.32133353,0.0049950215,0.036887046,0.14679636,0.03241192,-0.0018879339,-0.072966084
2024.02.06,000011.SZ,-0.0053213406,-0.11986123,0.25721255,-0.004330213,-0.104449734,-0.024730943,-0.010143558,0.02522823,0.047393512,-0.2024082,-0.018267164,-0.029217478,0.13362665,0.10337943,-0.055349335,-0.007428629
2024.02.06,000012.SZ,-0.034650687,-0.1771179,0.15152805,0.053244036,-0.052162744,0.05334588,-0.015195809,0.0346221,0.11248328,-0.3497385,0.021613227,0.19933456,0.05176119,0.060842834,0.12915792,-0.11573879
2024.02.06,000013.SZ,-0.01654249,-0.13962676,0.20870686,0.015557222,-0.07108221,0.0038914327,-0.036509953,0.039469488,0.08629844,-0.3236622,0.0045429007,0.037394665,0.14807287,0.030680789,-0.00036308725,-0.07362846
2024.02.06,000014.SZ,0.003965439,-0.11104608,0.26554453,-0.014852776,-0.072981365,-0.048145726,-0.053808715,0.037472073,0.081971124,-0.31224948,-0.026270572,-0.11345607,0.24587762,0.0051733986,-0.13664101,-0.035312463
2024.02.06,000015.SZ,-0.0058467914,-0.119718954,0.25720593,-0.0043887473,-0.10675074,-0.024982525,-0.012960901,0.027285041,0.04733037,-0.2037772,-0.017180242,-0.029769095,0.13513556,0.10154388,-0.058076773,-0.005746972
2024.02.06,000016.SZ,-0.03143903,-0.17329808,0.14926928,0.05120267,-0.05761422,0.050579336,-0.012737747,0.033412237,0.108272165,-0.35034606,0.022017965,0.1964409,0.05235302,0.062053397,0.12346941,-0.11339264
2024.02.06,000017.SZ,-0.016559755,-0.13987586,0.20768242,0.015989356,-0.07086454,0.0045534335,-0.037660096,0.03935222,0.0852578,-0.32274377,0.0043398165,0.037934203,0.14768192,0.030603446,-0.0007951463,-0.07402201
2024.02.06,000018.SZ,0.01590249,-0.15666637,0.120783426,0.06860247,0.08255738,0.0048323884,-0.04718017,-0.0048707,0.08627781,-0.35077068,-0.021123441,0.038538232,0.1455963,0.024017453,0.029584406,-0.10627013
2024.02.06,000019.SZ,-0.058448773,-0.1447328,0.14877641,-0.024023322,-0.14362483,-0.0004409961,0.0048816563,0.013121388,0.06771162,-0.34512967,0.023435622,0.09535868,0.09309818,0.10474755,0.013210599,-0.051427398
2024.02.06,000020.SZ,-0.016677808,-0.14019065,0.20704734,0.017677223,-0.06866095,0.005893052,-0.036727056,0.040147286,0.084950455,-0.3238786,0.00533832,0.037691757,0.14647798,0.031428337,0.0003638882,-0.07549667
2024.02.06,000021.SZ,-0.021032317,-0.14966689,0.18958905,0.03098567,-0.021956926,0.011252742,-0.009772034,0.08419679,0.08918642,-0.34264493,0.04816928,0.097148255,0.1117359,0.045962363,0.011191897,-0.048072994
2024.02.06,000022.SZ,-0.021601997,-0.13964835,0.23912759,-0.017653076,-0.16525939,-0.02979608,-0.15419547,0.063616775,0.08415588,-0.27061903,-0.054725975,0.04283503,0.19782428,0.089353,-0.13994132,-0.010251535
2024.02.06,000023.SZ,-0.05825355,-0.114735484,0.27493966,-0.0003019236,-0.14608458,-0.039203405,-0.031818643,0.06291946,0.13002944,-0.33774653,-0.0025510136,-0.03166737,0.25722095,0.0031940157,-0.12460304,-0.02933724
2024.02.06,000024.SZ,-0.04120176,-0.14532158,0.17998339,0.021403803,-0.015832651,0.010238837,-0.08352296,0.039679505,0.10549273,-0.31480303,-0.01646717,0.028702945,0.1839316,0.03717444,-0.027299102,-0.06421976
2024.02.06,000025.SZ,0.045802046,-0.12998828,0.19057214,0.06346273,-0.065162405,-0.011200767,-0.010629864,0.0011369507,0.048780195,-0.33445284,-0.040973123,-0.011913013,0.17628406,-0.006689963,-0.019471897,-0.021430414
2024.02.06,600000.SH,-0.03981331,-0.17688686,0.15947865,0.050711516,-0.04728251,0.055761717,-0.023662709,0.033114187,0.11980947,-0.34275776,0.018511394,0.19723156,0.053568464,0.0631344,0.13490349,-0.118102945
2024.02.06,600001.SH,-0.029036509,-0.13444005,0.20977022,-0.0639906,-0.14085275,-0.056368325,-0.03344434,0.014602045,0.044962823,-0.28863764,0.0047991653,-0.026288932,0.15851632,0.08084131,-0.06998631,-0.009895411
2024.02.06,600002.SH,-0.06176636,-0.18557364,0.25393373,0.014219462,-0.15416782,0.025843062,-0.057708863,0.04217496,0.19108213,-0.25824136,0.01995823,0.13901006,0.12256999,0.103665344,0.027472878,-0.045446895
2024.02.06,600003.SH,0.0186118,-0.17042965,0.20627093,0.030622672,-0.13420072,0.0077151316,-0.088566706,-0.03323517,0.09484817,-0.2916147,-0.062353037,0.10598078,0.1521982,0.06382395,-0.024761721,-0.056839615
2024.02.06,600004.SH,-0.065803334,-0.2121951,0.14425668,-0.061705187,-0.035885204,-0.060825773,-0.031353403,-0.003101108,0.12943956,-0.31496847,0.014418661,0.022402545,0.17093466,0.09025654,0.040072355,-0.057697117
2024.02.06,600005.SH,-0.017806122,-0.13924882,0.20777363,0.015260782,-0.07145279,0.0039875195,-0.037858684,0.039694045,0.08571902,-0.32350445,0.0036933701,0.040522426,0.1489047,0.030371793,5.6667253e-05,-0.07458019
2024.02.06,600006.SH,-0.017108738,-0.13945234,0.20907693,0.01539286,-0.07084966,0.0038391424,-0.03968453,0.03876462,0.08820731,-0.32537872,0.0028766165,0.03807775,0.14855734,0.02922709,0.0009858772,-0.073811084
2024.02.06,600007.SH,-0.0216105,-0.17753153,0.13251084,-0.017954746,-0.022180414,-0.042394646,0.036449555,-0.0039861924,0.05653175,-0.32806012,0.05692466,0.13768004,0.0498201,0.15510708,0.012219821,-0.0990056
2024.02.06,600008.SH,-0.015716711,-0.13847558,0.20806928,0.016159205,-0.06980003,0.0042751404,-0.03721144,0.03778421,0.0885689,-0.3250396,0.0020509632,0.037787735,0.14860599,0.029513167,0.0016062804,-0.07522541
2024.02.06,600009.SH,-0.017734881,-0.13990979,0.2084625,0.015247683,-0.07167856,0.0036164746,-0.04002567,0.038222052,0.08751593,-0.32452452,0.002214145,0.03895413,0.14924893,0.028607018,0.00037831065,-0.07353767
2024.02.06,600010.SH,-0.07867278,-0.15201321,0.21813554,0.012107232,-0.067620635,0.012402839,-0.14920765,0.039494224,0.15338467,-0.3626719,-0.028735414,0.13685125,0.15053238,0.06640856,-0.03737119,-0.055203512
2024.02.06,600011.SH,-0.03687756,-0.17891195,0.15251471,0.05627168,-0.049607214,0.055073436,-0.018289791,0.035214882,0.11598141,-0.35031718,0.020408582,0.20272198,0.052266132,0.05944028,0.13216467,-0.11795014
2024.02.06,600012.SH,-0.03483215,-0.17867328,0.1547763,0.056156337,-0.049364235,0.054875977,-0.011575614,0.035852335,0.112919115,-0.34455013,0.024255963,0.19770609,0.048329987,0.059010003,0.12807506,-0.11737915
2024.02.06,600013.SH,-0.024524322,-0.17820452,0.13692585,-0.017326338,-0.02541316,-0.039112147,0.03722632,-0.0032164268,0.057904497,-0.32514617,0.05859065,0.13822268,0.047487237,0.15586475,0.011268625,-0.098968565
2024.02.06,600014.SH,-0.032373153,-0.17483607,0.1521745,0.05349584,-0.053448636,0.05172022,-0.009429414,0.035665974,0.108048886,-0.3460538,0.024796795,0.19437043,0.049123995,0.060274806,0.124055535,-0.1153053
2024.02.06,600015.SH,-0.015956061,-0.14055616,0.20750484,0.017562378,-0.06990834,0.00540831,-0.035704732,0.040757585,0.085300446,-0.32338342,0.006345902,0.03695467,0.14669845,0.031981863,-0.00036143695,-0.07475246
2024.02.06,600016.SH,-0.033470143,-0.18310906,0.14098217,0.06057408,-0.012236322,0.05148075,-0.018419089,0.026651451,0.11518793,-0.3475189,0.013913665,0.18809503,0.05329958,0.0505477,0.15186615,-0.12422274
2024.02.06,600017.SH,-0.005271252,-0.10416985,0.28545505,-0.01205347,-0.096152544,-0.051879972,-0.04499355,0.04771812,0.08164625,-0.31201577,-0.02194611,-0.11115429,0.255344,-0.005429073,-0.15272303,-0.03278649
2024.02.06,600018.SH,0.027038714,-0.12875675,0.22788617,0.14820611,-0.19397657,0.024826208,0.024792828,-0.024786538,0.12756196,-0.28927395,-0.030651607,0.041349214,0.18699947,-0.040296152,-0.03967013,-0.045464676
2024.02.06,600019.SH,-0.018357495,-0.14100575,0.20718443,0.017632836,-0.06972068,0.0040203915,-0.039572306,0.040154524,0.08719547,-0.32631204,0.0042314576,0.038607884,0.14854896,0.028356638,0.00016615726,-0.0740125
2024.02.06,600020.SH,-0.017702056,-0.1385834,0.21024013,0.014603936,-0.070799336,0.0034351298,-0.038884692,0.038621835,0.08781572,-0.3255455,0.002484525,0.039181266,0.1490101,0.029185401,0.0018753797,-0.07412326
2024.02.06,600021.SH,-0.034735758,-0.17690964,0.15201563,0.055165205,-0.0508923,0.05429454,-0.015817009,0.03437627,0.11382111,-0.34950018,0.020637518,0.2006647,0.051546164,0.06053977,0.13009487,-0.11736346
2024.02.06,600022.SH,-0.017826978,-0.13977921,0.20592664,0.019151779,-0.07078351,0.005488674,-0.038376637,0.041091986,0.0873764,-0.32587305,0.0036034875,0.04009037,0.15068562,0.029179666,0.0027160484,-0.076162435
2024.02.06,600023.SH,-0.03508303,-0.17830823,0.15334022,0.057028733,-0.047779225,0.0551198,-0.014449738,0.03501659,0.11452998,-0.34767604,0.02136806,0.20089528,0.05045019,0.05940354,0.13146079,-0.11823869
2024.02.06,600024.SH,-0.021164266,-0.15291843,0.28007925,0.018411951,-0.035961855,-0.001656148,-0.040426634,0.044940908,0.14379704,-0.33416542,-0.0034386083,-0.037458926,0.22018419,-0.018351827,-0.0075440635,-0.089065336
2024.02.07,000001.SZ,-0.017013963,-0.14132261,0.20723152,0.017895453,-0.069432884,0.0050504683,-0.036424875,0.040091585,0.086103044,-0.32415998,0.0052611344,0.038014993,0.14709796,0.03053031,-0.00013603084,-0.074677885
2024.02.07,000002.SZ,0.027254885,-0.12895301,0.22796042,0.14660664,-0.19610591,0.025207616,0.02351594,-0.024087353,0.12449541,-0.28542006,-0.029448917,0.042258535,0.18656294,-0.040236406,-0.038760748,-0.044303585
2024.02.07,000003.SZ,0.017207712,-0.17055775,0.20642665,0.030112414,-0.13483194,0.0068049775,-0.0921375,-0.031770688,0.094001934,-0.29401052,-0.062302656,0.10671036,0.15393446,0.06300852,-0.024645265,-0.056282442
2024.02.07,000004.SZ,-0.11758486,-0.18738791,0.2690188,0.036092192,-0.05706737,-0.0028546404,-0.029168481,0.06455589,0.18612704,-0.34398696,0.001910252,0.064752154,0.19044052,0.016465412,0.030463358,-0.07487874
2024.02.07,000005.SZ,-0.015711036,-0.14025158,0.20811789,0.015332697,-0.07171589,0.0044872104,-0.036142603,0.039399292,0.08503133,-0.32156911,0.0051109344,0.03642831,0.14701495,0.03198817,-0.001457882,-0.073237166
2024.02.07,000006.SZ,-0.016697688,-0.14009723,0.20844647,0.01586811,-0.0702304,0.0043111728,-0.037340466,0.039733987,0.08530691,-0.32369193,0.005029502,0.037474595,0.14681907,0.030957593,-0.0014678695,-0.0737559
2024.02.07,000007.SZ,-0.027395798,-0.15099095,0.22648305,0.08007501,-0.067024104,0.016003018,-0.02261691,0.072358705,0.13693365,-0.34395453,0.017460844,0.14461559,0.13610971,0.010217721,0.016894761,-0.09102544
2024.02.07,000008.SZ,0.044603016,-0.13140514,0.19141322,0.06132383,-0.06654422,-0.012320207,-0.011843187,-1.6007572e-05,0.047343466,-0.3336568,-0.041959178,-0.011385542,0.17702208,-0.005919112,-0.021867964,-0.020255053
2024.02.07,000009.SZ,-0.063006565,-0.18700188,0.25238195,0.013098616,-0.15317687,0.025267325,-0.057162978,0.042699758,0.18961132,-0.25899234,0.021872817,0.14132632,0.12047754,0.106661014,0.027124636,-0.046033256
2024.02.07,000010.SZ,-0.01609953,-0.14006239,0.20801724,0.014328661,-0.07259201,0.0039952993,-0.03656375,0.038982872,0.08460005,-0.32089767,0.004969705,0.03675251,0.14687942,0.032177307,-0.0024815747,-0.07270022
2024.02.07,000011.SZ,-0.0061336807,-0.119645685,0.25764543,-0.0048417854,-0.104988165,-0.025264217,-0.011356223,0.02523103,0.04809898,-0.20294647,-0.01913542,-0.029714286,0.13483573,0.10276643,-0.05554609,-0.0072539444
2024.02.07,000012.SZ,-0.033887904,-0.1770074,0.15196592,0.0531504,-0.05230458,0.05343807,-0.013867696,0.034249075,0.11200576,-0.34832478,0.022064516,0.19840176,0.0510186,0.060789764,0.12816618,-0.11567016
2024.02.07,000013.SZ,-0.01692599,-0.13964024,0.2088865,0.015280849,-0.07164883,0.0033565364,-0.037558865,0.039306074,0.087164976,-0.32458657,0.0037401293,0.0379371,0.14890784,0.029702611,-0.00064353074,-0.07326324
2024.02.07,000014.SZ,0.0043904274,-0.11048718,0.26576757,-0.014523367,-0.07292524,-0.04825127,-0.053939003,0.037793096,0.082095206,-0.31281385,-0.026788648,-0.11374973,0.24666508,0.0047517135,-0.13669814,-0.035752885
2024.02.07,000015.SZ,-0.0061509726,-0.11944266,0.2575008,-0.0044809207,-0.10730557,-0.025398767,-0.013472219,0.027290141,0.047840998,-0.20403183,-0.018086726,-0.030012844,0.1362206,0.1012594,-0.058098968,-0.0056521813
2024.02.07,000016.SZ,-0.031885035,-0.17334469,0.14883982,0.051368915,-0.057722878,0.050451957,-0.013740062,0.033557866,0.10905453,-0.351661,0.021861669,0.1974438,0.052891728,0.062404513,0.12394818,-0.113672756
2024.02.07,000017.SZ,-0.016870836,-0.14024204,0.20731032,0.01666692,-0.07055732,0.0047558253,-0.037546784,0.03988817,0.08518903,-0.32306236,0.0046237526,0.038369734,0.14773464,0.030781915,-0.0008890943,-0.074442334
2024.02.07,000018.SZ,0.016102893,-0.15653302,0.121207066,0.06798429,0.082135275,0.004395928,-0.04674377,-0.0052868417,0.08644282,-0.35036513,-0.021680132,0.03837232,0.1455848,0.024131067,0.028975511,-0.105954126
2024.02.07,000019.SZ,-0.057829954,-0.14436296,0.14885889,-0.023463592,-0.1424111,-0.00016077142,0.005543488,0.012996318,0.06710924,-0.34434003,0.023290168,0.094480336,0.0923315,0.10467423,0.013483548,-0.05170694
2024.02.07,000020.SZ,-0.016814554,-0.14036854,0.20656969,0.017827243,-0.0684217,0.00575128,-0.03734227,0.04031289,0.08539278,-0.3246623,0.0053540105,0.03786582,0.14646102,0.031360324,0.00019481778,-0.0755444
2024.02.07,000021.SZ,-0.020702168,-0.15006286,0.19001788,0.03045531,-0.022244196,0.011322999,-0.00918966,0.084512934,0.08886013,-0.34159106,0.048901472,0.09709165,0.11070773,0.046541,0.010254119,-0.047855634
2024.02.07,000022.SZ,-0.02177269,-0.13984701,0.2393434,-0.018227734,-0.16601755,-0.030258419,-0.15494436,0.06305193,0.08477333,-0.27091977,-0.055013712,0.042208258,0.1982717,0.08937827,-0.14067383,-0.009630561
2024.02.07,000023.SZ,-0.058398146,-0.11527731,0.27472186,-0.0005259513,-0.14529912,-0.03875633,-0.0314401,0.062988624,0.12966245,-0.3365355,-0.0021637196,-0.03144598,0.25621602,0.0033488967,-0.1241836,-0.029313069
2024.02.07,000024.SZ,-0.0414749,-0.14565212,0.17990822,0.020958513,-0.015898572,0.009910328,-0.084048994,0.039434765,0.10574851,-0.31469637,-0.016428005,0.028828729,0.18365441,0.037322894,-0.027826268,-0.06384085
2024.02.07,000025.SZ,0.045899067,-0.13010463,0.19011872,0.06377736,-0.06401365,-0.010891728,-0.010421361,0.00091373525,0.04777449,-0.3336924,-0.04048141,-0.012506043,0.17570156,-0.0071975538,-0.018682709,-0.021731785
2024.02.07,600000.SH,-0.039730545,-0.17674907,0.15945862,0.051670205,-0.046556138,0.056387886,-0.0221509,0.03413295,0.11886551,-0.34110984,0.01938072,0.19578084,0.05284389,0.06238376,0.13459234,-0.11860465
2024.02.07,600001.SH,-0.028331302,-0.13421826,0.21009907,-0.063723154,-0.1402206,-0.056137435,-0.03287062,0.014548918,0.044457003,-0.2874613,0.004840351,-0.027002301,0.15786609,0.080638275,-0.06929038,-0.010136004
2024.02.07,600002.SH,-0.061916,-0.18587495,0.25330928,0.015137052,-0.15327704,0.02627546,-0.056985814,0.043314468,0.19037619,-0.25754482,0.020739948,0.13907829,0.12209206,0.104039125,0.0283865,-0.046153825
2024.02.07,600003.SH,0.018471234,-0.1705576,0.20636156,0.030814344,-0.13383403,0.007589442,-0.089359574,-0.033058114,0.094670035,-0.2919307,-0.06254546,0.106320076,0.15254812,0.06353168,-0.024579208,-0.056868035
2024.02.07,600004.SH,-0.06545774,-0.21209818,0.1441839,-0.061736453,-0.035647392,-0.060926437,-0.031462774,-0.0032948696,0.12946932,-0.31508026,0.014131224,0.022907343,0.17124783,0.089975424,0.040247586,-0.057954766
2024.02.07,600005.SH,-0.018056784,-0.13976,0.20764953,0.015611151,-0.07171578,0.004069905,-0.037721265,0.04055681,0.084752984,-0.32309738,0.0046888245,0.04060173,0.1487231,0.030740047,-0.00073604647,-0.07435857
2024.02.07,600006.SH,-0.016825778,-0.13985316,0.20796512,0.016235285,-0.069985144,0.004811243,-0.038515504,0.039362106,0.08663831,-0.32410908,0.0041255867,0.037718803,0.1474086,0.030262688,0.00084653666,-0.074418575
2024.02.07,600007.SH,-0.021439068,-0.1774115,0.13295513,-0.017863326,-0.022306355,-0.042164676,0.03692129,-0.0038306862,0.056018256,-0.32753983,0.05746856,0.13650577,0.04956289,0.15481979,0.011735602,-0.099012814
2024.02.07,600008.SH,-0.015495289,-0.13898742,0.20787038,0.016371625,-0.06991078,0.0043731416,-0.03705494,0.037991486,0.08730833,-0.32394707,0.0025571678,0.03778676,0.14848705,0.028990896,0.0013500146,-0.07474277
2024.02.07,600009.SH,-0.017877007,-0.14075316,0.20719671,0.016847197,-0.07120014,0.004705653,-0.0387003,0.039712265,0.086442746,-0.32386342,0.004144153,0.038257938,0.14824072,0.030258419,7.8793615e-05,-0.074198134
2024.02.07,600010.SH,-0.07905804,-0.15239342,0.21858922,0.012183358,-0.067877196,0.012424762,-0.14958294,0.039824545,0.1531948,-0.36273775,-0.028925365,0.13766098,0.15096647,0.06610194,-0.037333008,-0.055024736
2024.02.07,600011.SH,-0.03656884,-0.17880476,0.15263073,0.055889413,-0.050014015,0.055017777,-0.017997691,0.034866057,0.11601324,-0.35016444,0.02051824,0.20249836,0.05201915,0.05973213,0.13173562,-0.117990926
2024.02.07,600012.SH,-0.034347847,-0.17838389,0.15441512,0.056474537,-0.048850544,0.05467487,-0.0114986,0.035850327,0.1129828,-0.34467748,0.02413958,0.19773845,0.048438597,0.05892107,0.12820518,-0.11775223
2024.02.07,600013.SH,-0.023961099,-0.17796429,0.13677815,-0.016822,-0.024521858,-0.038678013,0.037768837,-0.0034509127,0.057654984,-0.32419375,0.0580732,0.1376386,0.04720144,0.1554535,0.011948417,-0.09940491
2024.02.07,600014.SH,-0.032928336,-0.17521985,0.15127948,0.05334966,-0.054176427,0.05135937,-0.011146694,0.035692062,0.10856342,-0.34762043,0.024340551,0.19554515,0.05012864,0.05990748,0.124391556,-0.11492489
2024.02.07,600015.SH,-0.016301582,-0.14010295,0.20815746,0.016806722,-0.07062583,0.0047522425,-0.036047406,0.040481616,0.085878,-0.3239907,0.0054427,0.03744404,0.14746088,0.031442832,-0.000803707,-0.074380375
2024.02.07,600016.SH,-0.033142254,-0.18298553,0.14166488,0.061308302,-0.01100193,0.051651556,-0.017423296,0.026781542,0.114989705,-0.34651685,0.014099722,0.18740468,0.052795414,0.050496276,0.1520881,-0.12481997
2024.02.07,600017.SH,-0.004988368,-0.10426759,0.28514758,-0.0115619255,-0.095834225,-0.051833417,-0.044762958,0.04820898,0.081655726,-0.31265005,-0.021958442,-0.11121202,0.25550893,-0.005574489,-0.15346754,-0.0329852
2024.02.07,600018.SH,0.026796563,-0.1290901,0.22730167,0.14852063,-0.19361795,0.02498971,0.024766082,-0.024330214,0.12619019,-0.2886155,-0.029961377,0.041287277,0.1863785,-0.039744575,-0.039874136,-0.045202717
2024.02.07,600019.SH,-0.018767247,-0.14121157,0.20735388,0.017555423,-0.07022644,0.0037330189,-0.039613888,0.040683053,0.087090105,-0.3263872,0.004489168,0.03906173,0.1491037,0.028162027,-0.00019816682,-0.073815845
2024.02.07,600020.SH,-0.017214498,-0.138773,0.21012759,0.014413323,-0.071016945,0.0033986606,-0.03823006,0.0380877,0.087536335,-0.32466945,0.002421732,0.038365006,0.14886788,0.029015303,0.0016458113,-0.07367486
2024.02.07,600021.SH,-0.03468384,-0.17702813,0.15262567,0.05581305,-0.04994304,0.054358963,-0.014485687,0.034852512,0.11347106,-0.34821883,0.021472715,0.19964464,0.05067234,0.06003222,0.13000089,-0.117634304
2024.02.07,600022.SH,-0.017570281,-0.13955607,0.20650075,0.018371813,-0.07104932,0.0050703664,-0.03948158,0.040719137,0.0879809,-0.32616296,0.0031469509,0.03992487,0.15078948,0.028952064,0.0029430324,-0.07569077
2024.02.07,600023.SH,-0.034944143,-0.17797318,0.15305749,0.056338567,-0.04833482,0.05493258,-0.014899924,0.034774814,0.1148,-0.3485673,0.021003218,0.20152438,0.050813124,0.060261004,0.13138363,-0.11823612
2024.02.07,600024.SH,-0.022115596,-0.1530633,0.2808763,0.01946078,-0.03587093,-0.0018606705,-0.041108645,0.04554921,0.14489697,-0.33606339,-0.0050562336,-0.03689646,0.22185254,-0.020209452,-0.0075261774,-0.08910671
2024.02.08,000001.SZ,-0.016878149,-0.14104451,0.20759778,0.017408177,-0.06985778,0.004830453,-0.036406826,0.040097672,0.08593584,-0.32408822,0.005235058,0.0378291,0.14715178,0.030724404,-0.00079325197,-0.07441506
2024.02.08,000002.SZ,0.02728171,-0.12906373,0.22801983,0.14644183,-0.19616379,0.024868095,0.023322286,-0.024211152,0.124708146,-0.2854657,-0.029447712,0.042208996,0.18664995,-0.04036823,-0.039066497,-0.044010404
2024.02.08,000003.SZ,0.017141763,-0.17035261,0.20645946,0.030338585,-0.13505334,0.006945327,-0.09178064,-0.031773843,0.09447173,-0.29413623,-0.06252081,0.10709392,0.15413797,0.063348696,-0.02457183,-0.056383368
2024.02.08,000004.SZ,-0.117803946,-0.18796952,0.26844975,0.036699414,-0.056465153,-0.0024238997,-0.028978592,0.06521619,0.18532537,-0.3435886,0.0035236927,0.06440639,0.18954077,0.01671777,0.030134318,-0.07450096
2024.02.08,000005.SZ,-0.015993536,-0.1403334,0.20836169,0.015166107,-0.072026595,0.0042488654,-0.036206864,0.03968268,0.08516329,-0.32188872,0.005274068,0.03678896,0.14697322,0.032507353,-0.0021564164,-0.07323977
2024.02.08,000006.SZ,-0.017213626,-0.13981429,0.2090939,0.015401818,-0.07077814,0.0035872436,-0.038467027,0.03957743,0.08623561,-0.3249105,0.0041952035,0.038399547,0.14781138,0.030008664,-0.0014114873,-0.07350321
2024.02.08,000007.SZ,-0.026700743,-0.15025082,0.22669937,0.079430826,-0.06676463,0.0159507,-0.021468485,0.07175093,0.13666628,-0.34342077,0.017445903,0.1434875,0.13548234,0.01117215,0.016790468,-0.09092372
2024.02.08,000008.SZ,0.044267546,-0.13194703,0.19164917,0.060399514,-0.06589322,-0.012413192,-0.012150211,-0.0002075024,0.04673976,-0.33290935,-0.040554218,-0.011658803,0.17574602,-0.0057671326,-0.02150773,-0.019929318
2024.02.08,000009.SZ,-0.06258918,-0.18713671,0.25240904,0.013313307,-0.15306088,0.025038488,-0.05679041,0.043279957,0.18888651,-0.25819424,0.022558482,0.14045826,0.1202557,0.106323674,0.027027182,-0.04550117
2024.02.08,000010.SZ,-0.016946668,-0.14040981,0.20805414,0.015036392,-0.07247878,0.0035100249,-0.037490312,0.03929662,0.08599794,-0.32308453,0.0043750573,0.037563536,0.14806391,0.030411843,-0.0023597733,-0.07265235
2024.02.08,000011.SZ,-0.006145549,-0.120301016,0.25729483,-0.0046470836,-0.105438545,-0.025511794,-0.011183511,0.025542175,0.04781386,-0.20237677,-0.017707478,-0.029217323,0.13412566,0.10297187,-0.05590824,-0.0066082184
2024.02.08,000012.SZ,-0.03362676,-0.17689838,0.152102,0.053597514,-0.0516508,0.053491928,-0.013089207,0.034229286,0.111850895,-0.34778947,0.022172408,0.19813412,0.05055878,0.060704928,0.1281023,-0.11607628
2024.02.08,000013.SZ,-0.016534453,-0.13941358,0.2091694,0.014768763,-0.07259438,0.0031270562,-0.037417043,0.039106246,0.08765826,-0.32470316,0.0035369697,0.037394293,0.14887655,0.03035579,-0.0016355667,-0.0730077
2024.02.08,000014.SZ,0.004942638,-0.110695764,0.2653502,-0.014426365,-0.0721739,-0.048291925,-0.053712122,0.03710965,0.08213623,-0.3121359,-0.026416294,-0.1144129,0.24590601,0.0047222176,-0.13634382,-0.035710383
2024.02.08,000015.SZ,-0.005834737,-0.119949706,0.25713438,-0.0046877516,-0.10735792,-0.025510386,-0.012593572,0.026961768,0.047603752,-0.20281456,-0.017333873,-0.029620277,0.1353611,0.101823404,-0.05751756,-0.005585396
2024.02.08,000016.SZ,-0.031893317,-0.17310458,0.14835885,0.05104561,-0.05854268,0.050182905,-0.014765933,0.033266995,0.10945528,-0.3528986,0.021230837,0.1982407,0.05371376,0.062957175,0.12390873,-0.113453984
2024.02.08,000017.SZ,-0.016373616,-0.14052877,0.20732233,0.016447894,-0.07008539,0.005061655,-0.036778662,0.039759472,0.0840043,-0.32164022,0.0052717137,0.03782246,0.14675151,0.031326428,-0.0010406744,-0.07429789
2024.02.08,000018.SZ,0.01616317,-0.15617853,0.12148184,0.06820699,0.082561605,0.004352351,-0.046554103,-0.005302428,0.08683302,-0.35120356,-0.022394177,0.03825976,0.14604525,0.023913331,0.028832706,-0.106397554
2024.02.08,000019.SZ,-0.057849362,-0.14464213,0.14881505,-0.02333094,-0.14269121,-0.000115833245,0.005259361,0.01323134,0.06698444,-0.34435803,0.023764508,0.09430827,0.09238492,0.10428603,0.013006402,-0.051454302
2024.02.08,000020.SZ,-0.016693613,-0.1400629,0.20647532,0.017195776,-0.07000505,0.0054444354,-0.037451997,0.04014774,0.08615691,-0.324662,0.0048852325,0.037561126,0.14713044,0.031692605,-0.00032573752,-0.075051956
2024.02.08,000021.SZ,-0.019989457,-0.14949897,0.19014479,0.030390423,-0.022069901,0.011257303,-0.008420477,0.084294334,0.088940375,-0.34140915,0.048863024,0.09625155,0.11111056,0.046688855,0.010087407,-0.047851637
2024.02.08,000022.SZ,-0.021599993,-0.14001274,0.23975192,-0.01897004,-0.16614477,-0.030634811,-0.15541251,0.062472716,0.08480945,-0.271003,-0.055264626,0.042364605,0.19843853,0.08931972,-0.14074363,-0.009624661
2024.02.08,000023.SZ,-0.057846915,-0.115073286,0.2749697,-0.00086611114,-0.14498326,-0.038412653,-0.030513914,0.06282805,0.12889764,-0.33545965,-0.0018454024,-0.0318249,0.25588495,0.0036962908,-0.12402938,-0.02955539
2024.02.08,000024.SZ,-0.041353688,-0.1453252,0.18089855,0.020343876,-0.017024962,0.009805619,-0.08379688,0.039882053,0.10647354,-0.31561854,-0.0168275,0.029010732,0.18354455,0.037660982,-0.029176516,-0.06377534
2024.02.08,000025.SZ,0.045567635,-0.13030897,0.19093674,0.062677085,-0.06539137,-0.011286947,-0.010317317,0.00084097666,0.04817052,-0.33343688,-0.040616106,-0.012467935,0.17621294,-0.007206017,-0.01946503,-0.021042407
2024.02.08,600000.SH,-0.040168326,-0.17681693,0.15936911,0.05255986,-0.046051297,0.057076614,-0.021025226,0.03476249,0.118236974,-0.34001267,0.020031491,0.19498372,0.051969144,0.061844356,0.13422197,-0.11902643
2024.02.08,600001.SH,-0.02839954,-0.1340524,0.21062584,-0.0638825,-0.14112382,-0.056229986,-0.03360905,0.013652776,0.045515683,-0.28766352,0.0040938626,-0.026696827,0.15845041,0.07979061,-0.06923856,-0.009919527
2024.02.08,600002.SH,-0.06203502,-0.18614736,0.25299132,0.015509245,-0.15292083,0.02633703,-0.057032377,0.044046424,0.18986161,-0.25731832,0.021415163,0.1387006,0.12178339,0.104041696,0.028169693,-0.04600049
2024.02.08,600003.SH,0.01831259,-0.17068256,0.20644897,0.03137519,-0.13340917,0.00758646,-0.08976052,-0.032908227,0.095292106,-0.29262555,-0.06264624,0.10676245,0.15286133,0.06314763,-0.023877349,-0.057127405
2024.02.08,600004.SH,-0.0658228,-0.21222688,0.14408366,-0.060829524,-0.03513902,-0.06050279,-0.030741628,-0.0027057612,0.12881945,-0.31489512,0.014588126,0.022962699,0.17078105,0.09007,0.04020558,-0.058224697
2024.02.08,600005.SH,-0.01773833,-0.13953833,0.2075412,0.015771732,-0.072135665,0.0043507074,-0.03710031,0.040377762,0.084686756,-0.3226068,0.004501849,0.040207323,0.14888924,0.031165874,-0.0005830116,-0.07455382
2024.02.08,600006.SH,-0.016361937,-0.13941275,0.20815715,0.015881894,-0.06981293,0.004566742,-0.037515,0.03879427,0.08674541,-0.3241774,0.0035666225,0.037910167,0.14740896,0.030538024,0.00025170296,-0.074678384
2024.02.08,600007.SH,-0.022036508,-0.17785694,0.13261975,-0.017680198,-0.021990385,-0.042268634,0.036674984,-0.0037877006,0.056164697,-0.32808667,0.057457503,0.13734171,0.04966486,0.15501653,0.0124370875,-0.09919788
2024.02.08,600008.SH,-0.01650235,-0.13872947,0.2088686,0.015508794,-0.071590185,0.0030826353,-0.038175765,0.0382461,0.088484205,-0.32565525,0.0017848145,0.038810007,0.15002385,0.028206568,0.00028597936,-0.07398708
2024.02.08,600009.SH,-0.017324092,-0.14089976,0.20737503,0.016522499,-0.071241006,0.0048778686,-0.0379504,0.039025664,0.08600676,-0.32269678,0.004209926,0.03778329,0.14752531,0.03045104,-0.000113544986,-0.07384569
2024.02.08,600010.SH,-0.077994145,-0.1520813,0.2190529,0.011706756,-0.067849614,0.01286477,-0.14828248,0.038993556,0.15267569,-0.36094463,-0.029076915,0.13664953,0.15055373,0.06694301,-0.036761884,-0.054859385
2024.02.08,600011.SH,-0.036892768,-0.17885174,0.15287441,0.056248568,-0.049007982,0.05519215,-0.017655818,0.034545597,0.11588463,-0.3496961,0.020143198,0.20231056,0.05149008,0.059601013,0.13256633,-0.11833983
2024.02.08,600012.SH,-0.034680393,-0.1787807,0.1537949,0.05670636,-0.049170304,0.054475293,-0.012449217,0.036028553,0.11352389,-0.3458149,0.024099123,0.19894432,0.04890085,0.058866646,0.12809996,-0.11792943
2024.02.08,600013.SH,-0.024313672,-0.1779759,0.13669018,-0.01606068,-0.023968631,-0.038501408,0.037592147,-0.0030566358,0.057780962,-0.32423753,0.058106273,0.13736418,0.04725951,0.15533654,0.012560868,-0.09964669
2024.02.08,600014.SH,-0.033030484,-0.17542645,0.1509046,0.05280967,-0.054830663,0.05122426,-0.011655101,0.03559552,0.1089799,-0.3482942,0.024378765,0.19604117,0.0503953,0.0601975,0.12427092,-0.11472557
2024.02.08,600015.SH,-0.016745739,-0.14014584,0.20799199,0.016900726,-0.070667066,0.0045152334,-0.036658112,0.040205523,0.08645816,-0.3244585,0.004786842,0.03825809,0.14797729,0.03075407,-0.0004064962,-0.074469164
2024.02.08,600016.SH,-0.032841217,-0.18223299,0.14116971,0.060656164,-0.011374917,0.05133572,-0.01817235,0.02619741,0.11524738,-0.34758517,0.013413005,0.18782234,0.053382285,0.050885703,0.15270643,-0.124988064
2024.02.08,600017.SH,-0.0043008584,-0.10454439,0.28412566,-0.010702212,-0.09532377,-0.051248133,-0.04372925,0.049185984,0.08117978,-0.31158373,-0.021171624,-0.110833876,0.2548472,-0.0044547026,-0.15273862,-0.033093777
2024.02.08,600018.SH,0.02663739,-0.1291075,0.22778338,0.148364,-0.19362628,0.024577081,0.024109824,-0.024214568,0.12638412,-0.28872007,-0.030121004,0.04111154,0.18712021,-0.040266946,-0.039996825,-0.04479688
2024.02.08,600019.SH,-0.017879197,-0.14085011,0.2075933,0.017370537,-0.06963388,0.0040215985,-0.038879115,0.04002371,0.08696825,-0.32564887,0.0042048297,0.038771838,0.14864601,0.028519353,0.00027045794,-0.07427317
2024.02.08,600020.SH,-0.017181143,-0.13892563,0.20961517,0.014571838,-0.07106154,0.0035717932,-0.03759995,0.038098782,0.08708811,-0.32416153,0.0026407181,0.038347013,0.14870183,0.029345108,0.0013895435,-0.07376077
2024.02.08,600021.SH,-0.034632638,-0.17693728,0.15296578,0.055864472,-0.04983763,0.054391075,-0.014249612,0.035036236,0.11328079,-0.3478579,0.021743126,0.19927481,0.050627336,0.06003211,0.12980346,-0.117723376
2024.02.08,600022.SH,-0.017212613,-0.14015947,0.20657022,0.01841276,-0.071025275,0.005141433,-0.038873,0.04098029,0.0876112,-0.32575405,0.004022934,0.03943308,0.14968058,0.029722104,0.001315077,-0.07542271
2024.02.08,600023.SH,-0.034657612,-0.1777753,0.15219505,0.055496,-0.049614307,0.054680012,-0.016211772,0.033875674,0.11543225,-0.35013437,0.020066787,0.20270663,0.0516996,0.061029054,0.13124856,-0.11818402
2024.02.08,600024.SH,-0.0210555,-0.1530547,0.28036973,0.019446954,-0.035238124,-0.001310467,-0.0402241,0.044987537,0.14420156,-0.33454606,-0.0045599323,-0.037074436,0.22098851,-0.019239971,-0.0069435164,-0.08949483
2024.02.09,000001.SZ,-0.017027147,-0.14085113,0.20799099,0.016842412,-0.070631884,0.0046131564,-0.036700998,0.039918683,0.08598382,-0.32377568,0.0049753226,0.03833508,0.14717388,0.031436536,-0.001363366,-0.07437013
2024.02.09,000002.SZ,0.027478023,-0.12927918,0.22679825,0.14652312,-0.19622289,0.025174156,0.024317402,-0.02387989,0.12351687,-0.2848538,-0.028443724,0.042473316,0.18488455,-0.038739163,-0.040210456,-0.044375546
2024.02.09,000003.SZ,0.017304217,-0.17050403,0.20648445,0.030332258,-0.13478465,0.007026471,-0.09146799,-0.032003175,0.094712354,-0.29390126,-0.06252171,0.10697446,0.15378407,0.06310806,-0.024438087,-0.05647729
2024.02.09,000004.SZ,-0.11781843,-0.18782274,0.2684621,0.03693076,-0.056008823,-0.0025582314,-0.029432377,0.06471147,0.1857766,-0.3437367,0.0022391193,0.06525175,0.19037823,0.015860986,0.031221835,-0.07479726
2024.02.09,000005.SZ,-0.016569193,-0.14045048,0.2082066,0.015090203,-0.072841726,0.004391031,-0.036764137,0.039806634,0.085094556,-0.32151148,0.005221841,0.03737383,0.1473136,0.032594796,-0.0016644843,-0.07314076
2024.02.09,000006.SZ,-0.017496461,-0.1398726,0.2085778,0.015891146,-0.07113421,0.0036284262,-0.038858417,0.04021639,0.08688684,-0.32579273,0.0043580257,0.038123734,0.14840128,0.030013861,-0.0014153132,-0.07360136
2024.02.09,000007.SZ,-0.026164593,-0.15032451,0.22716066,0.07860609,-0.066979654,0.0159368,-0.020941801,0.07111557,0.13626666,-0.34188765,0.017312584,0.14258316,0.13478479,0.011568723,0.01601521,-0.09032516
2024.02.09,000008.SZ,0.04430123,-0.13211067,0.19182354,0.060528226,-0.0646097,-0.012258242,-0.011968667,-0.00033785775,0.046061356,-0.33193743,-0.039683383,-0.012433583,0.17489666,-0.006119257,-0.020478165,-0.019879047
2024.02.09,000009.SZ,-0.062969886,-0.1877658,0.2519365,0.013918019,-0.15368716,0.025160337,-0.057691116,0.043454655,0.18960233,-0.25798187,0.022053473,0.14091952,0.12079276,0.10549935,0.027426573,-0.045447674
2024.02.09,000010.SZ,-0.017344225,-0.14072484,0.20744298,0.015933402,-0.07284593,0.003786134,-0.03742984,0.0400106,0.08608111,-0.32327688,0.004667293,0.038177803,0.14857623,0.03047106,-0.0021947569,-0.07306371
2024.02.09,000011.SZ,-0.0065147104,-0.12057579,0.25759286,-0.0050895186,-0.10545204,-0.025987891,-0.011537591,0.025377162,0.048076026,-0.20267263,-0.01794743,-0.029404186,0.13432515,0.10270038,-0.056448,-0.0063074064
2024.02.09,000012.SZ,-0.033800766,-0.17695887,0.15191652,0.053493507,-0.051501505,0.053446304,-0.013203524,0.033962887,0.11186149,-0.34791297,0.021918846,0.19841793,0.05049297,0.06079908,0.12818207,-0.11616295
2024.02.09,000013.SZ,-0.015935145,-0.13926393,0.20956042,0.014194202,-0.072629474,0.0032376216,-0.036790106,0.03902186,0.08701753,-0.32392782,0.0040676817,0.036506463,0.1480175,0.0312909,-0.0022867916,-0.07280451
2024.02.09,000014.SZ,0.004795157,-0.11080239,0.26515678,-0.014254835,-0.07213079,-0.04826271,-0.05315271,0.03727949,0.08214856,-0.31253198,-0.02578417,-0.11464454,0.24549481,0.0052633323,-0.1362541,-0.035669
2024.02.09,000015.SZ,-0.005897878,-0.12012357,0.25727254,-0.0052250596,-0.10698628,-0.025687862,-0.012422027,0.026789464,0.047522955,-0.20279583,-0.017014917,-0.030061299,0.13517933,0.10158153,-0.057848845,-0.0054930863
2024.02.09,000016.SZ,-0.03185014,-0.17282425,0.14826035,0.050708015,-0.05920753,0.050064027,-0.015286044,0.032807585,0.109556824,-0.35326678,0.020883907,0.19833915,0.05394319,0.06334679,0.12378785,-0.11327249
2024.02.09,000017.SZ,-0.016091134,-0.14035615,0.20743366,0.016138554,-0.06995927,0.0052085235,-0.036502007,0.03955232,0.08363015,-0.32100806,0.005246621,0.03762526,0.14661375,0.03148827,-0.00091733574,-0.07431051
2024.02.09,000018.SZ,0.016227765,-0.15624464,0.1215124,0.06848192,0.082660526,0.004082531,-0.046709288,-0.00542068,0.08752668,-0.35205337,-0.022968812,0.0378717,0.14661098,0.023455594,0.027995134,-0.10645547
2024.02.09,000019.SZ,-0.057291385,-0.14441945,0.14884081,-0.024038032,-0.14310649,-0.00023511238,0.005661114,0.012837122,0.06683445,-0.34383425,0.02374164,0.094033584,0.092447266,0.10428899,0.012603377,-0.05125637
2024.02.09,000020.SZ,-0.017075414,-0.14051954,0.20609145,0.01695269,-0.07077742,0.0050502745,-0.037945163,0.040132083,0.0867084,-0.32475087,0.0048988517,0.03794047,0.14719567,0.03201908,-0.0011308449,-0.07460987
2024.02.09,000021.SZ,-0.020214805,-0.14940856,0.1900227,0.030661855,-0.022361975,0.011187158,-0.00844393,0.08457047,0.08912988,-0.3418579,0.048875317,0.09643372,0.11146217,0.04672191,0.009958112,-0.047764435
2024.02.09,000022.SZ,-0.021514,-0.13987404,0.23965174,-0.018756015,-0.16628367,-0.03063167,-0.1555282,0.06237946,0.08481277,-0.2703236,-0.055205725,0.04188909,0.19815712,0.08954357,-0.14070652,-0.009476713
2024.02.09,000023.SZ,-0.057784345,-0.11508555,0.27457523,-0.0005685724,-0.14462818,-0.038225077,-0.030636078,0.06289671,0.12879342,-0.33499053,-0.0019026375,-0.03147394,0.255608,0.0035452694,-0.12390858,-0.029815596
2024.02.09,000024.SZ,-0.041237395,-0.14503622,0.18137608,0.020140614,-0.016962256,0.009765345,-0.08377638,0.04004322,0.10644358,-0.3158602,-0.016788902,0.02854317,0.1835159,0.03805331,-0.029407268,-0.06373523
2024.02.09,000025.SZ,0.045969635,-0.12996173,0.19109994,0.0626873,-0.065175705,-0.011335628,-0.009698489,0.00096503616,0.048312955,-0.333166,-0.040372945,-0.013100458,0.17610522,-0.007128975,-0.01934089,-0.02089609
2024.02.09,600000.SH,-0.040200915,-0.17701593,0.15926313,0.05191039,-0.046995297,0.056653466,-0.022038944,0.03495891,0.118727915,-0.3410952,0.020272577,0.19556242,0.05265205,0.06224274,0.13405173,-0.11866729
2024.02.09,600001.SH,-0.028120628,-0.13419789,0.21102364,-0.06401809,-0.14089933,-0.056079768,-0.033221994,0.013114103,0.045261264,-0.28666815,0.0040055,-0.026975105,0.15795018,0.079617605,-0.06899877,-0.009827983
2024.02.09,600002.SH,-0.061910763,-0.18613395,0.25298846,0.0151583,-0.1531743,0.02619547,-0.05708812,0.043926433,0.18995224,-0.25717717,0.021359883,0.13860719,0.12191102,0.104111195,0.028119884,-0.045928493
2024.02.09,600003.SH,0.018093418,-0.1703303,0.20615904,0.031613406,-0.13319246,0.007532106,-0.09041502,-0.032470968,0.09575811,-0.29391694,-0.062915206,0.10716607,0.15360996,0.06255432,-0.02328547,-0.057331182
2024.02.09,600004.SH,-0.06634896,-0.21248783,0.14376123,-0.06044399,-0.035389923,-0.060336385,-0.03041935,-0.0017592888,0.12844156,-0.31486252,0.015378015,0.02274041,0.17058204,0.09026807,0.039359007,-0.05800371
2024.02.09,600005.SH,-0.017465856,-0.13916308,0.2081579,0.015364638,-0.07258702,0.0040326114,-0.037958063,0.039559975,0.08587639,-0.32305637,0.003550887,0.03982835,0.14946482,0.030485535,0.00033830665,-0.074266076
2024.02.09,600006.SH,-0.015937803,-0.13952029,0.20851573,0.015604757,-0.06994483,0.004449134,-0.036691695,0.03883222,0.08602251,-0.32345483,0.0040538535,0.037317798,0.14706197,0.030840572,-0.0006265565,-0.07434749
2024.02.09,600007.SH,-0.022153277,-0.17797795,0.13268177,-0.016984345,-0.021396177,-0.041933786,0.037035253,-0.0038439145,0.056005057,-0.32762453,0.05736352,0.1369547,0.049566817,0.15497796,0.013031712,-0.09939577
2024.02.09,600008.SH,-0.016377684,-0.138829,0.2089942,0.015429878,-0.071543254,0.0030354597,-0.03831916,0.03865404,0.08793798,-0.32536104,0.002375658,0.03847347,0.14996442,0.028316664,5.1669776e-05,-0.07381535
2024.02.09,600009.SH,-0.017780948,-0.14080353,0.20717883,0.016820181,-0.0713786,0.0050623803,-0.038121857,0.039162584,0.08655789,-0.32327592,0.0040562227,0.038397506,0.14757298,0.030956559,0.00021868013,-0.07432647
2024.02.09,600010.SH,-0.077604435,-0.15170325,0.21932462,0.011007677,-0.06776543,0.012650154,-0.14895347,0.03842108,0.15276949,-0.36109722,-0.029424278,0.13681094,0.15020695,0.06715666,-0.0370915,-0.05484941
2024.02.09,600011.SH,-0.03676824,-0.17876734,0.15294237,0.055634644,-0.04969437,0.055191074,-0.017393608,0.034272417,0.115850426,-0.3495993,0.020370511,0.20197758,0.051302105,0.060058307,0.13225612,-0.11792334
2024.02.09,600012.SH,-0.03539003,-0.17886005,0.15310729,0.05721984,-0.04826451,0.054476503,-0.013458765,0.035893872,0.113931715,-0.34711397,0.02304114,0.20039842,0.0494079,0.058910713,0.12924065,-0.118516356
2024.02.09,600013.SH,-0.024629088,-0.17842166,0.13701606,-0.015533745,-0.023038087,-0.038557783,0.03804513,-0.0026334054,0.057720523,-0.32370183,0.05839771,0.13734068,0.04705505,0.1555049,0.013731941,-0.09995844
2024.02.09,600014.SH,-0.03288565,-0.17532304,0.1506853,0.052672297,-0.055310808,0.05111201,-0.012278953,0.035170343,0.108909376,-0.34862426,0.023872815,0.19626626,0.05092333,0.06013661,0.124208,-0.114429906
2024.02.09,600015.SH,-0.016579874,-0.13987178,0.20810789,0.01671038,-0.0708655,0.0041474462,-0.03681363,0.040301368,0.08690014,-0.32504717,0.004650917,0.038284734,0.14828968,0.030732507,-0.00097492494,-0.07449815
2024.02.09,600016.SH,-0.032790434,-0.18198289,0.14084491,0.061118755,-0.011258345,0.051259495,-0.018215265,0.026385712,0.11574864,-0.34831688,0.013274464,0.18800078,0.053924803,0.050589345,0.15290587,-0.12536559
2024.02.09,600017.SH,-0.0041319868,-0.104741685,0.2833826,-0.010330432,-0.09510368,-0.05101612,-0.042701844,0.049709506,0.08047061,-0.31128058,-0.020802567,-0.11026819,0.2543037,-0.0037538828,-0.15326156,-0.03297103
2024.02.09,600018.SH,0.02657507,-0.12919153,0.2272205,0.14837804,-0.19376676,0.024910668,0.024867212,-0.02372063,0.12534267,-0.28802812,-0.029151596,0.04126535,0.1858403,-0.038906667,-0.040418822,-0.044987015
2024.02.09,600019.SH,-0.018365158,-0.14104767,0.20779043,0.01737155,-0.0699002,0.0037457666,-0.039462045,0.040024683,0.08752202,-0.32607356,0.0037430946,0.039513595,0.14938703,0.02790062,0.00062116416,-0.07418467
2024.02.09,600020.SH,-0.016098106,-0.13878171,0.20957391,0.014138576,-0.071570404,0.0035745136,-0.036378566,0.03744366,0.08676291,-0.3229066,0.0025737826,0.03753042,0.14841464,0.029792083,0.00073314446,-0.07350666
2024.02.09,600021.SH,-0.0342413,-0.17623962,0.15272747,0.054709736,-0.05015507,0.054210834,-0.014327723,0.034371193,0.113366134,-0.34860703,0.020907342,0.19963442,0.051101796,0.061167065,0.12980656,-0.11773771
2024.02.09,600022.SH,-0.017610986,-0.14034504,0.2061266,0.018669171,-0.07111818,0.005525312,-0.038750533,0.041255347,0.08738304,-0.32539558,0.0043413066,0.039509114,0.14933173,0.030462181,0.0014669047,-0.075651124
2024.02.09,600023.SH,-0.034447692,-0.17768583,0.15175056,0.054641604,-0.051020905,0.05453453,-0.016805407,0.03358021,0.1159283,-0.35120523,0.019915644,0.20336835,0.052233357,0.06202931,0.1306489,-0.11779651
2024.02.09,600024.SH,-0.021177739,-0.15295634,0.28034678,0.019733315,-0.035072956,-0.0009860654,-0.03989604,0.044970643,0.14441682,-0.33461514,-0.005055504,-0.036691546,0.22109917,-0.019276354,-0.006445598,-0.08970745
2024.02.12,000001.SZ,-0.016665578,-0.14029442,0.2088795,0.01576699,-0.07092976,0.0040206094,-0.03707695,0.038637925,0.08650756,-0.32368493,0.0037376855,0.038491707,0.14746547,0.030719927,-0.0013808636,-0.073952965
2024.02.12,000002.SZ,0.027836002,-0.12934025,0.22649992,0.14644405,-0.19616245,0.025030594,0.024664927,-0.024053961,0.12337422,-0.28452918,-0.028428372,0.042459697,0.1847776,-0.038447313,-0.040354975,-0.04449358
2024.02.12,000003.SZ,0.017756425,-0.170637,0.20645818,0.030988276,-0.13414212,0.007417148,-0.090225786,-0.0321859,0.094803944,-0.29318604,-0.062158544,0.10618122,0.15318725,0.06319225,-0.02411537,-0.056859657
2024.02.12,000004.SZ,-0.118136935,-0.18807396,0.26834297,0.0368568,-0.056458566,-0.0028716181,-0.030143663,0.06444686,0.18618752,-0.34389663,0.0020013575,0.06596652,0.19045109,0.01572238,0.03153183,-0.07472751
2024.02.12,000005.SZ,-0.017340248,-0.1409381,0.20831074,0.015517189,-0.072835386,0.004168516,-0.037074983,0.040238194,0.08568985,-0.32270986,0.0052237036,0.037970554,0.14760445,0.032394793,-0.0020547016,-0.07314873
2024.02.12,000006.SZ,-0.016632378,-0.13982196,0.20811875,0.01612827,-0.070442714,0.004283322,-0.037942007,0.039922535,0.086433046,-0.32478857,0.0047890474,0.03690925,0.14752282,0.030863505,-0.0010166873,-0.07399091
2024.02.12,000007.SZ,-0.025646068,-0.15031604,0.22741486,0.07810741,-0.06790086,0.016185043,-0.020645874,0.07113112,0.13602936,-0.34077632,0.017416868,0.14231132,0.13456018,0.0117461495,0.01521532,-0.09014635
2024.02.12,000008.SZ,0.04465053,-0.13219237,0.19205658,0.060463168,-0.06401956,-0.011758827,-0.011000011,-0.0008373557,0.045995604,-0.3303806,-0.03910497,-0.012759965,0.1738449,-0.0060861553,-0.019401709,-0.02002236
2024.02.12,000009.SZ,-0.06307794,-0.18841256,0.25217542,0.012738388,-0.15414833,0.0245639,-0.05761105,0.04348855,0.18933672,-0.25748235,0.02240752,0.14149264,0.12090225,0.10607857,0.026778767,-0.045247357
2024.02.12,000010.SZ,-0.017340196,-0.14098075,0.20684667,0.016647693,-0.072389476,0.004136128,-0.037055388,0.040106613,0.08605644,-0.32308912,0.0048865136,0.038244437,0.1484781,0.030539382,-0.0015888257,-0.07355333
2024.02.12,000011.SZ,-0.0064457655,-0.12057627,0.25756368,-0.0050274753,-0.10501565,-0.026211549,-0.011303688,0.025325533,0.04808908,-0.20287153,-0.017754864,-0.029869769,0.13444963,0.10257862,-0.05675156,-0.0063179634
2024.02.12,000012.SZ,-0.03405881,-0.17706344,0.15212512,0.053714264,-0.051363718,0.05352033,-0.01309761,0.034335703,0.11178082,-0.34764647,0.022373935,0.19823669,0.050377883,0.060745675,0.12806533,-0.116141476
2024.02.12,000013.SZ,-0.01620898,-0.13928466,0.20990126,0.01422338,-0.07291729,0.0032623042,-0.037153002,0.039213564,0.08651968,-0.323707,0.003987947,0.037219133,0.14837423,0.031090202,-0.0021099232,-0.07282397
2024.02.12,000014.SZ,0.0048114583,-0.11082321,0.26473466,-0.013947633,-0.07164226,-0.047913413,-0.052888334,0.03780643,0.08181089,-0.3124737,-0.025641825,-0.11428079,0.2454044,0.0056515406,-0.13585488,-0.03601648
2024.02.12,000015.SZ,-0.0056928676,-0.12008903,0.25757056,-0.00519401,-0.10719617,-0.025928887,-0.012160327,0.02664668,0.047636997,-0.20255034,-0.017721646,-0.030100076,0.13570538,0.10170298,-0.057621524,-0.005536306
2024.02.12,000016.SZ,-0.03167075,-0.17269304,0.1485263,0.05017496,-0.059650775,0.05007685,-0.014970257,0.032220565,0.10936852,-0.35284936,0.020691622,0.19815268,0.053619135,0.063962534,0.123483464,-0.11309073
2024.02.12,000017.SZ,-0.016634308,-0.14028007,0.2078966,0.015581666,-0.071027935,0.0046379906,-0.037133213,0.03951721,0.084806435,-0.32193038,0.0047922363,0.037889883,0.1471885,0.03141038,-0.0013127059,-0.07380187
2024.02.12,000018.SZ,0.01593684,-0.15606096,0.12203746,0.06866053,0.08259931,0.0040446953,-0.047015402,-0.005198536,0.08771274,-0.3528235,-0.02366323,0.03829457,0.14704695,0.02317932,0.027604988,-0.10665822
2024.02.12,000019.SZ,-0.057583477,-0.14493263,0.14868787,-0.023711512,-0.14273441,-0.00032916386,0.0053874776,0.013313795,0.06692302,-0.344082,0.0244091,0.09453501,0.092353344,0.10419603,0.012374818,-0.051345993
2024.02.12,000020.SZ,-0.016245427,-0.14101924,0.2054078,0.017157763,-0.070133545,0.005225353,-0.037364233,0.04030659,0.08652846,-0.3237956,0.0064523816,0.037023634,0.1462808,0.033236083,-0.0011556088,-0.07486248
2024.02.12,000021.SZ,-0.019324288,-0.14904948,0.19020025,0.030338041,-0.022313869,0.011253685,-0.007250912,0.08406733,0.088413745,-0.34051025,0.048819028,0.09578574,0.11095978,0.047520027,0.009394881,-0.047657494
2024.02.12,000022.SZ,-0.021078318,-0.13996787,0.23969288,-0.018765425,-0.16595896,-0.03062405,-0.15518497,0.06214709,0.084266745,-0.2691702,-0.054725174,0.04138498,0.19762261,0.089508794,-0.14075604,-0.0095565915
2024.02.12,000023.SZ,-0.057464678,-0.11494155,0.27490073,-0.0009740886,-0.14452451,-0.03820115,-0.030006398,0.06266169,0.12823842,-0.33435968,-0.0016644433,-0.03184555,0.25554222,0.0037326566,-0.124097355,-0.029712966
2024.02.12,000024.SZ,-0.041425105,-0.14429408,0.18182826,0.01983295,-0.01713976,0.010107538,-0.083713725,0.03980806,0.10623191,-0.316055,-0.017445285,0.028611783,0.1837696,0.037608095,-0.029288048,-0.06401438
2024.02.12,000025.SZ,0.046049733,-0.12984549,0.19128104,0.06277582,-0.06547875,-0.011658455,-0.010562295,0.0014569078,0.048674352,-0.33432704,-0.04053058,-0.012983507,0.17678988,-0.0068551567,-0.020579077,-0.02088873
2024.02.12,600000.SH,-0.040155802,-0.17648467,0.15983404,0.052747793,-0.045795582,0.057415936,-0.019979024,0.034793254,0.11770347,-0.3389923,0.020325089,0.19429646,0.051243123,0.062040802,0.13363142,-0.11922032
2024.02.12,600001.SH,-0.02815841,-0.13454798,0.21129978,-0.06473722,-0.14059354,-0.05628258,-0.03316741,0.012888761,0.04446258,-0.28611192,0.004473105,-0.026967207,0.15742739,0.080217235,-0.069872245,-0.009538793
2024.02.12,600002.SH,-0.06252381,-0.18656504,0.2526972,0.015188927,-0.15377644,0.026117556,-0.057768565,0.044442628,0.19058736,-0.25770777,0.021510396,0.13931766,0.122229755,0.10465389,0.027767919,-0.04608161
2024.02.12,600003.SH,0.018026184,-0.17035297,0.20653151,0.031848997,-0.13274153,0.007626948,-0.089666575,-0.0322598,0.0951874,-0.29308307,-0.06258925,0.10650681,0.1534262,0.063254036,-0.023642438,-0.0575799
2024.02.12,600004.SH,-0.06671165,-0.21265252,0.14347346,-0.06029739,-0.035009243,-0.060584582,-0.031000497,-0.0020481544,0.12883031,-0.31544596,0.015151399,0.023168378,0.17086051,0.090083554,0.039959747,-0.058131047
2024.02.12,600005.SH,-0.017340658,-0.13859874,0.2093278,0.014450815,-0.0730512,0.0033478322,-0.037808105,0.038944658,0.08629911,-0.3234458,0.0027186803,0.03976384,0.15003772,0.030084927,0.00038227995,-0.07377265
2024.02.12,600006.SH,-0.01651549,-0.14007615,0.2084398,0.015687944,-0.069709234,0.0047475775,-0.036864333,0.039099853,0.08507293,-0.32283834,0.004602802,0.037612982,0.14638093,0.031291064,-0.00095155434,-0.07420484
2024.02.12,600007.SH,-0.021865295,-0.17760715,0.13334598,-0.01701435,-0.021109235,-0.04182242,0.037652582,-0.0037617655,0.055359207,-0.32674688,0.057606936,0.13568208,0.049605794,0.15497348,0.012460467,-0.09920565
2024.02.12,600008.SH,-0.017130017,-0.1390004,0.2092024,0.015606432,-0.07163604,0.002776514,-0.038703874,0.03913408,0.08816589,-0.32614154,0.0023817078,0.0389562,0.15048033,0.02799691,0.00022072718,-0.07376385
2024.02.12,600009.SH,-0.017371837,-0.14040513,0.20722014,0.016655097,-0.071104445,0.0050331927,-0.037952453,0.038251054,0.0870057,-0.3230976,0.0030176549,0.03885176,0.14787117,0.03049634,0.0010198966,-0.07467468
2024.02.12,600010.SH,-0.078033715,-0.151965,0.21993802,0.010697139,-0.06814889,0.012633935,-0.14956912,0.03864537,0.15266447,-0.36083454,-0.02922942,0.13733114,0.14986712,0.06742527,-0.037091445,-0.054661516
2024.02.12,600011.SH,-0.036502313,-0.17899224,0.15291755,0.056341093,-0.04946044,0.055329595,-0.017033076,0.03452153,0.11546752,-0.34929278,0.020376612,0.20203309,0.051385146,0.05967809,0.13188353,-0.11786255
2024.02.12,600012.SH,-0.035934348,-0.17874105,0.1526689,0.056613825,-0.048574276,0.054256115,-0.014648299,0.036056872,0.114746355,-0.34883404,0.0230636,0.20159619,0.04989319,0.05979705,0.12963374,-0.118837886
2024.02.12,600013.SH,-0.02463349,-0.17874084,0.13737965,-0.015709333,-0.02284481,-0.038777772,0.03834124,-0.0023692914,0.057957284,-0.32323626,0.058811087,0.13764003,0.046709474,0.15599486,0.014007343,-0.10023497
2024.02.12,600014.SH,-0.032425698,-0.17499687,0.15083589,0.05184322,-0.05588646,0.051101398,-0.011908058,0.034601893,0.10872869,-0.34859,0.023598744,0.1961649,0.05092685,0.060995944,0.12388704,-0.11408655
2024.02.12,600015.SH,-0.016401011,-0.13961305,0.20843512,0.016521083,-0.070679806,0.003986412,-0.036718454,0.039882544,0.08732906,-0.32523358,0.004296634,0.038306057,0.14839046,0.03073178,-0.00051775755,-0.07467658
2024.02.12,600016.SH,-0.03238114,-0.18156953,0.1411324,0.061250508,-0.010935356,0.051473692,-0.017594116,0.026037205,0.115488686,-0.34790537,0.012636548,0.18764022,0.05405978,0.050759282,0.1528018,-0.12535654
2024.02.12,600017.SH,-0.004269276,-0.104774795,0.28327036,-0.010389433,-0.095295474,-0.05082183,-0.043009613,0.05024503,0.08017535,-0.31084985,-0.020597152,-0.1097417,0.2542761,-0.003497251,-0.15312982,-0.03263196
2024.02.12,600018.SH,0.026587268,-0.12935153,0.22765286,0.14767773,-0.19388613,0.024975544,0.024610778,-0.023709556,0.124946065,-0.28727826,-0.028882366,0.041571714,0.18524612,-0.038523242,-0.04059051,-0.044842236
2024.02.12,600019.SH,-0.018248737,-0.14059706,0.20805511,0.016910736,-0.06988052,0.0036606197,-0.039213,0.040017113,0.08745897,-0.32602745,0.0037032047,0.039697856,0.14937511,0.02829459,0.00096330204,-0.07437259
2024.02.12,600020.SH,-0.01596295,-0.13891792,0.20969109,0.014321514,-0.07160901,0.003274972,-0.036378417,0.037507184,0.08733554,-0.32363632,0.0023366916,0.037726615,0.14882255,0.029300727,0.00037188453,-0.07350661
2024.02.12,600021.SH,-0.034243215,-0.17655116,0.15283927,0.054817796,-0.05076013,0.054278385,-0.014707443,0.034444347,0.11305877,-0.34796318,0.021258324,0.19919956,0.0511956,0.060235493,0.12925129,-0.11737812
2024.02.12,600022.SH,-0.01705484,-0.14005654,0.20603113,0.018593187,-0.07024647,0.0060013537,-0.03760495,0.04101934,0.08689373,-0.32470506,0.0048336606,0.038749594,0.1482278,0.031573057,0.0015072904,-0.07618694
2024.02.12,600023.SH,-0.034161948,-0.17745826,0.15216063,0.054378822,-0.051034704,0.05455156,-0.016311644,0.033458415,0.115730435,-0.35052487,0.020211328,0.2025484,0.051861588,0.06225676,0.13041756,-0.11774274
2024.02.12,600024.SH,-0.020967823,-0.15308058,0.2805662,0.019210527,-0.035242673,-0.0009334643,-0.03944824,0.044860948,0.14422739,-0.33390743,-0.0047021313,-0.036932,0.22044736,-0.018594624,-0.0069975215,-0.08953895
2024.02.13,000001.SZ,-0.016942095,-0.14030147,0.20874129,0.015645059,-0.071151204,0.0040474175,-0.037386432,0.038664624,0.08610608,-0.3232969,0.0036987048,0.03896992,0.14759368,0.03070274,-0.0013380005,-0.07391919
2024.02.13,000002.SZ,0.027728444,-0.12935124,0.22595453,0.14687978,-0.19581802,0.025102235,0.024565559,-0.023598624,0.12304784,-0.28495702,-0.028037783,0.04234072,0.18469553,-0.038505282,-0.04089307,-0.04450532
2024.02.13,000003.SZ,0.018765656,-0.17029436,0.20648247,0.030703062,-0.1341237,0.0074101766,-0.08986072,-0.032904748,0.0945843,-0.29222766,-0.06259018,0.10613849,0.15296678,0.06308198,-0.024454018,-0.05656056
2024.02.13,000004.SZ,-0.118119314,-0.18807292,0.26845652,0.03672698,-0.056228414,-0.0029782527,-0.029812396,0.06430664,0.1861152,-0.34404877,0.0026370375,0.065508075,0.18967144,0.016213657,0.030952463,-0.074881636
2024.02.13,000005.SZ,-0.016779508,-0.14068505,0.20813131,0.015134259,-0.07278696,0.0043199696,-0.03687857,0.0400171,0.0856349,-0.32232708,0.0053829923,0.037389904,0.14699034,0.03316505,-0.0024815057,-0.07322118
2024.02.13,000006.SZ,-0.0169271,-0.14016205,0.20744763,0.016514156,-0.07035852,0.004812059,-0.037634708,0.04032833,0.08572978,-0.32395738,0.00551096,0.036659673,0.14719743,0.031642735,-0.0007969698,-0.07413935
2024.02.13,000007.SZ,-0.0256133,-0.15002446,0.22730404,0.07816874,-0.06791955,0.016219705,-0.020390768,0.07120209,0.13627936,-0.34119233,0.01746751,0.14257827,0.13470274,0.012007896,0.015558736,-0.09048173
2024.02.13,000008.SZ,0.04497151,-0.13169974,0.19194926,0.060880885,-0.06423602,-0.0115262605,-0.010471244,-0.0011398154,0.046664137,-0.33063552,-0.039921455,-0.012469708,0.17413981,-0.0065929904,-0.019443933,-0.020000525
2024.02.13,000009.SZ,-0.06291456,-0.18825626,0.2520783,0.012529161,-0.15400176,0.024533462,-0.057224065,0.04358951,0.18894781,-0.25744042,0.022696568,0.14163908,0.12078479,0.10650423,0.026668245,-0.045466557
2024.02.13,000010.SZ,-0.017588127,-0.14160986,0.20663904,0.01722625,-0.07223196,0.004118475,-0.037815455,0.04021233,0.086313576,-0.3233775,0.0050357752,0.038221657,0.14864364,0.029714309,-0.0012256479,-0.07324912
2024.02.13,000011.SZ,-0.0064089466,-0.12056723,0.25700787,-0.0049766228,-0.104949825,-0.026081426,-0.01112442,0.025243718,0.047902018,-0.20273098,-0.01698843,-0.029804453,0.13377357,0.102976546,-0.056495436,-0.006342527
2024.02.13,000012.SZ,-0.034449387,-0.17714286,0.15179272,0.0547118,-0.050462317,0.05352911,-0.013618462,0.035102732,0.11195271,-0.3483241,0.022123497,0.1985449,0.050979882,0.059805308,0.12894253,-0.1164363
2024.02.13,000013.SZ,-0.016348671,-0.13967621,0.20943272,0.014164041,-0.073165685,0.003791328,-0.037221543,0.039391074,0.08551841,-0.3223446,0.0047299955,0.036854617,0.1476003,0.03201163,-0.0019759529,-0.07256583
2024.02.13,000014.SZ,0.0048381533,-0.110897206,0.26417986,-0.013668854,-0.07125493,-0.047581505,-0.052286062,0.038174782,0.08153275,-0.3122116,-0.02557584,-0.11395363,0.24525179,0.006092212,-0.13547303,-0.036335245
2024.02.13,000015.SZ,-0.00618137,-0.12006489,0.25768405,-0.0046452805,-0.10732805,-0.025926642,-0.012588253,0.026990246,0.04793645,-0.2035495,-0.01779361,-0.029931523,0.1358676,0.10176959,-0.058079563,-0.005409799
2024.02.13,000016.SZ,-0.03163675,-0.17260586,0.14902936,0.05035256,-0.059097007,0.050176136,-0.014146025,0.03227507,0.10892076,-0.3519603,0.020991832,0.19732697,0.052938536,0.06372673,0.12369399,-0.11313244
2024.02.13,000017.SZ,-0.016272785,-0.14032072,0.20758943,0.016104314,-0.07043203,0.0051904405,-0.03641833,0.039740704,0.084354624,-0.32150465,0.0052777636,0.037527114,0.14670444,0.03199675,-0.0008802654,-0.074297376
2024.02.13,000018.SZ,0.016073646,-0.15603377,0.122663006,0.06795957,0.08206192,0.003876826,-0.046373803,-0.0055833547,0.08742162,-0.3519271,-0.023503758,0.03795605,0.14645185,0.02372913,0.027188988,-0.106161505
2024.02.13,000019.SZ,-0.058212947,-0.14545743,0.14833754,-0.023742355,-0.14273773,-0.00041542572,0.004843227,0.01319752,0.06721557,-0.34465647,0.024501955,0.09561686,0.09222561,0.10434817,0.012402023,-0.0513924
2024.02.13,000020.SZ,-0.016838418,-0.14129353,0.20540561,0.017026393,-0.070406206,0.0048700883,-0.03778546,0.040887907,0.086267054,-0.32382196,0.0070379926,0.0374331,0.1465517,0.033107597,-0.0013695593,-0.07452105
2024.02.13,000021.SZ,-0.019179711,-0.14946589,0.1899265,0.030635899,-0.022437308,0.011243126,-0.006990587,0.08412633,0.088477716,-0.33995202,0.04889263,0.09622292,0.11101226,0.047260467,0.009781702,-0.047756013
2024.02.13,000022.SZ,-0.021033164,-0.14034139,0.23948969,-0.019072507,-0.16640505,-0.030601399,-0.15528731,0.061796043,0.08428192,-0.26848128,-0.054801565,0.0419571,0.19751534,0.08893483,-0.14081454,-0.009270008
2024.02.13,000023.SZ,-0.05756362,-0.11495649,0.27467054,-0.0010576319,-0.1443909,-0.038232986,-0.030051077,0.062470607,0.12819651,-0.334306,-0.0016109184,-0.03171197,0.25533703,0.0038981687,-0.124178365,-0.029770628
2024.02.13,000024.SZ,-0.04184481,-0.14301454,0.18234399,0.02024286,-0.016384589,0.010119005,-0.08401578,0.03951544,0.10613587,-0.3171503,-0.019134749,0.028078966,0.18535863,0.037095778,-0.028742054,-0.06452107
2024.02.13,000025.SZ,0.045868635,-0.13000058,0.19125181,0.06281311,-0.06622477,-0.01169228,-0.010941948,0.0012453452,0.049193125,-0.3349955,-0.041366294,-0.0123368725,0.17738584,-0.0072187497,-0.021008693,-0.020923167
2024.02.13,600000.SH,-0.040605623,-0.17676678,0.15978006,0.053702526,-0.045326546,0.057755224,-0.018921575,0.035786744,0.11692686,-0.33806333,0.021322014,0.19361684,0.050444428,0.061385088,0.13324788,-0.11951971
2024.02.13,600001.SH,-0.028346326,-0.13456146,0.21080847,-0.06480497,-0.13960254,-0.055844598,-0.033677593,0.0128987655,0.043418664,-0.28586623,0.004208376,-0.026735967,0.15671311,0.08065265,-0.069669485,-0.009912874
2024.02.13,600002.SH,-0.06310721,-0.18682571,0.2526449,0.015502403,-0.15414828,0.025927063,-0.058330067,0.04516319,0.19084871,-0.2586032,0.021673437,0.13998981,0.12289844,0.104546405,0.027683297,-0.046126384
2024.02.13,600003.SH,0.01933634,-0.16998601,0.20683348,0.031697053,-0.13190103,0.007748009,-0.08911736,-0.03263069,0.095031664,-0.29203466,-0.06235167,0.1057467,0.15284963,0.06265852,-0.0231423,-0.057784136
2024.02.13,600004.SH,-0.06664875,-0.21240973,0.14354151,-0.060172636,-0.03494522,-0.060569327,-0.030805374,-0.0023000499,0.12904908,-0.31537038,0.014711108,0.023158127,0.1714237,0.08981813,0.040415432,-0.058356754
2024.02.13,600005.SH,-0.01650101,-0.13884345,0.20923166,0.014007792,-0.07307576,0.0033644198,-0.037549507,0.038768508,0.085732855,-0.32240808,0.003328326,0.038604163,0.14912885,0.0306565,-0.0005824044,-0.07318363
2024.02.13,600006.SH,-0.016112445,-0.14007185,0.20841938,0.0154851815,-0.0695394,0.0048704804,-0.0367396,0.03889433,0.08475583,-0.32243314,0.0046099694,0.037328158,0.14587976,0.03156539,-0.0015943409,-0.07421974
2024.02.13,600007.SH,-0.02167888,-0.17721024,0.13335466,-0.016733877,-0.020665467,-0.041422404,0.037967943,-0.003940558,0.055078153,-0.3262245,0.05734147,0.1349833,0.049568456,0.15477557,0.012954153,-0.099266715
2024.02.13,600008.SH,-0.01826519,-0.13951899,0.20894314,0.015714059,-0.07188889,0.002789737,-0.03942253,0.039850954,0.087837905,-0.3262394,0.0028163567,0.03993882,0.15055545,0.028208258,-9.364635e-05,-0.07359999
2024.02.13,600009.SH,-0.016747018,-0.14052182,0.20679088,0.016803863,-0.07062501,0.0053166086,-0.037355363,0.038567703,0.08672248,-0.32259724,0.003807735,0.037909478,0.14721492,0.031065896,0.00078069215,-0.07467695
2024.02.13,600010.SH,-0.07872663,-0.15180764,0.21976143,0.010811307,-0.068275765,0.0128161255,-0.15012886,0.03923275,0.15257642,-0.36118606,-0.029324556,0.13759002,0.14999273,0.06724662,-0.036800664,-0.054763395
2024.02.13,600011.SH,-0.03570685,-0.17797066,0.1528784,0.055693068,-0.049333237,0.055320367,-0.016502641,0.0339408,0.11518198,-0.34927776,0.019526346,0.20161445,0.051607005,0.060579292,0.13203311,-0.11789949
2024.02.13,600012.SH,-0.035288583,-0.17850181,0.15257694,0.05667256,-0.04830596,0.054222587,-0.014333772,0.035577655,0.11478488,-0.34855294,0.022718357,0.201332,0.049895022,0.05974634,0.12976035,-0.11902927
2024.02.13,600013.SH,-0.024823021,-0.17886348,0.13672599,-0.015551604,-0.022355322,-0.03877513,0.037543435,-0.0022002945,0.057777226,-0.32396045,0.058725413,0.13804276,0.047038767,0.155487,0.014157305,-0.10066048
2024.02.13,600014.SH,-0.032582637,-0.17512433,0.15062338,0.051686,-0.056544762,0.05131056,-0.012211863,0.03479446,0.10912626,-0.3491296,0.023789834,0.19651404,0.05110207,0.061146248,0.123723306,-0.11404258
2024.02.13,600015.SH,-0.016467119,-0.1398444,0.20882781,0.016169386,-0.07165629,0.0034133585,-0.03778388,0.039455548,0.08815654,-0.3254905,0.0036831181,0.038230103,0.14910904,0.029624691,-0.0007562208,-0.07381038
2024.02.13,600016.SH,-0.032677963,-0.18177596,0.14052612,0.060517572,-0.011838718,0.051300164,-0.018958665,0.0256083,0.11609746,-0.34900182,0.0123213325,0.18859912,0.05454995,0.051340375,0.15291305,-0.12527826
2024.02.13,600017.SH,-0.0044079362,-0.10497542,0.2825412,-0.010398312,-0.095766395,-0.0504413,-0.042461447,0.051139746,0.079355404,-0.31007266,-0.02002359,-0.10882834,0.25360933,-0.0020551356,-0.15325177,-0.032418754
2024.02.13,600018.SH,0.026696986,-0.1296117,0.22785762,0.1473233,-0.19371617,0.025134245,0.024485812,-0.024294823,0.12466709,-0.2863662,-0.028988417,0.041920476,0.18516947,-0.038768772,-0.03992362,-0.04478936
2024.02.13,600019.SH,-0.018317081,-0.14092034,0.20750347,0.01696749,-0.070714355,0.003701859,-0.03904842,0.04006018,0.087688446,-0.32564184,0.0037682026,0.039517097,0.14940847,0.02858894,0.00040655394,-0.07395419
2024.02.13,600020.SH,-0.016095351,-0.13969067,0.20887911,0.014935035,-0.07188177,0.003489049,-0.036289334,0.038029958,0.08726249,-0.3234155,0.0029601518,0.03753488,0.14855002,0.02946338,-0.00043408197,-0.07319275
2024.02.13,600021.SH,-0.034241963,-0.17667006,0.15310605,0.0553073,-0.05010005,0.054399367,-0.014072249,0.03486758,0.11266668,-0.34715733,0.02144735,0.19860807,0.051000014,0.059545223,0.12934116,-0.11728903
2024.02.13,600022.SH,-0.016567964,-0.13960555,0.20647861,0.017665511,-0.070083976,0.0061710346,-0.0366018,0.04029654,0.08632149,-0.3236204,0.0049671717,0.038066454,0.14701216,0.03270077,0.001116171,-0.076090604
2024.02.13,600023.SH,-0.034476314,-0.17758802,0.15233335,0.055328883,-0.050132956,0.054783475,-0.01628127,0.033769313,0.11571648,-0.3502157,0.020272875,0.202342,0.051675014,0.061509024,0.13090524,-0.118223816
2024.02.13,600024.SH,-0.021037513,-0.15315443,0.28065035,0.01828228,-0.035515018,-0.0012547432,-0.039307583,0.04439782,0.14393894,-0.33320278,-0.004696558,-0.03718559,0.22039607,-0.018830726,-0.0074430224,-0.08918176
2024.02.14,000001.SZ,-0.017162433,-0.1405162,0.20893332,0.01566301,-0.07174768,0.003819352,-0.03845096,0.039049506,0.08655456,-0.32356247,0.0037668615,0.038963582,0.14842735,0.030061562,-0.0010092031,-0.07350426
2024.02.14,000002.SZ,0.027637698,-0.12956947,0.22567596,0.147191,-0.19588962,0.025364684,0.025032662,-0.023284772,0.12257296,-0.284467,-0.027584333,0.042241562,0.1842007,-0.03811476,-0.040915575,-0.044728268
2024.02.14,000003.SZ,0.019040223,-0.17034367,0.20670219,0.030821571,-0.13339356,0.007611418,-0.088947855,-0.033058573,0.0938959,-0.29106292,-0.06216663,0.105361745,0.15222925,0.063319966,-0.024668127,-0.056871165
2024.02.14,000004.SZ,-0.1177355,-0.18846548,0.26867232,0.03648275,-0.056496568,-0.0030721617,-0.029667089,0.064355314,0.18538862,-0.34296358,0.0030664557,0.06523457,0.18951848,0.016313067,0.030482775,-0.074114785
2024.02.14,000005.SZ,-0.016053297,-0.14058864,0.2079941,0.014906557,-0.07196464,0.0047141244,-0.035983115,0.03957536,0.08515838,-0.3214621,0.005853452,0.036760107,0.14574204,0.034061655,-0.002538236,-0.07353718
2024.02.14,000006.SZ,-0.016550995,-0.13993548,0.20749374,0.015917342,-0.07029755,0.0046126964,-0.037497245,0.039834186,0.08588501,-0.32368335,0.0053158943,0.03627112,0.1469334,0.031855334,-0.0011148411,-0.07400484
2024.02.14,000007.SZ,-0.026092656,-0.15015131,0.22774696,0.07822475,-0.068181895,0.01591688,-0.02094691,0.07146604,0.13684897,-0.34239987,0.01709828,0.14324826,0.1356409,0.011767657,0.015813211,-0.09058184
2024.02.14,000008.SZ,0.04513286,-0.13166577,0.19195545,0.06079457,-0.0642497,-0.011364707,-0.010359572,-0.0013075911,0.046875108,-0.33047348,-0.040174115,-0.011982814,0.1739662,-0.0063740495,-0.019370731,-0.020211946
2024.02.14,000009.SZ,-0.063147515,-0.18857352,0.25220037,0.01240696,-0.15407898,0.024316952,-0.057325,0.044097994,0.18874596,-0.25754857,0.023185747,0.14185,0.1209743,0.10635808,0.026007831,-0.04513226
2024.02.14,000010.SZ,-0.017318297,-0.1413281,0.20703408,0.016984241,-0.07214786,0.0038385622,-0.037997913,0.03998761,0.08693353,-0.32410213,0.0047319178,0.038089596,0.14872411,0.029573457,-0.0017093236,-0.073260434
2024.02.14,000011.SZ,-0.006887938,-0.12042627,0.25730595,-0.0049437964,-0.10504664,-0.026059514,-0.011522245,0.025379306,0.048235487,-0.20365459,-0.017316995,-0.030004483,0.13410766,0.10271145,-0.056970607,-0.0063461703
2024.02.14,000012.SZ,-0.03439265,-0.1766002,0.15197724,0.05377278,-0.051130682,0.053408645,-0.014067452,0.034972984,0.11190066,-0.348775,0.022135241,0.19886594,0.051101174,0.06094055,0.12855835,-0.11643367
2024.02.14,000013.SZ,-0.016365362,-0.14000066,0.20923881,0.014316024,-0.073543094,0.004053058,-0.0371915,0.039484672,0.085236706,-0.3218229,0.0048822225,0.03684952,0.14742655,0.032562084,-0.0021457323,-0.072548166
2024.02.14,000014.SZ,0.0043258695,-0.11051186,0.2648066,-0.013721238,-0.07153369,-0.04779614,-0.052981548,0.03813523,0.08237742,-0.3131855,-0.026586672,-0.11384073,0.2464808,0.005065867,-0.13534063,-0.03634875
2024.02.14,000015.SZ,-0.0059747654,-0.12030117,0.25760812,-0.0045595486,-0.107240096,-0.026086584,-0.012078741,0.026648987,0.047755387,-0.20286553,-0.017631954,-0.029775307,0.13542809,0.102287084,-0.057488535,-0.005465997
2024.02.14,000016.SZ,-0.030964658,-0.17228274,0.14942604,0.049655255,-0.05933759,0.05037599,-0.012625098,0.031836264,0.108254634,-0.35075384,0.021471828,0.19673891,0.052151456,0.06436445,0.12239251,-0.112952225
2024.02.14,000017.SZ,-0.01627134,-0.14055908,0.20744392,0.016392138,-0.07017624,0.0054888297,-0.036031436,0.04005348,0.083942674,-0.32103416,0.0060811783,0.037447665,0.14610709,0.032985095,-0.0006940159,-0.074634485
2024.02.14,000018.SZ,0.015768394,-0.15588309,0.12229604,0.06895594,0.082976624,0.0043707844,-0.04626206,-0.00582957,0.08769484,-0.35273033,-0.024296701,0.03842252,0.14719264,0.022839716,0.028202066,-0.106902905
2024.02.14,000019.SZ,-0.05825616,-0.14558174,0.14851445,-0.023690123,-0.14275217,-0.0004513785,0.00504102,0.013426023,0.06735213,-0.3449138,0.024754629,0.09569188,0.092300236,0.10454178,0.012249872,-0.05126333
2024.02.14,000020.SZ,-0.016058913,-0.14057682,0.20604701,0.016551066,-0.07066877,0.0047271186,-0.037049912,0.04083323,0.08585075,-0.3233495,0.006915265,0.037077956,0.14657162,0.033416428,-0.0019026692,-0.074555695
2024.02.14,000021.SZ,-0.0190036,-0.14931653,0.19029093,0.030258527,-0.022755345,0.011134377,-0.0067214104,0.08426661,0.088426694,-0.3396621,0.04903125,0.095969684,0.11076036,0.04790369,0.009406518,-0.04759201
2024.02.14,000022.SZ,-0.021178715,-0.14045991,0.23925419,-0.018640295,-0.16674684,-0.030193342,-0.15507977,0.062089473,0.08435495,-0.2680659,-0.05478307,0.04229123,0.19763608,0.08871173,-0.14087185,-0.0092185065
2024.02.14,000023.SZ,-0.057204127,-0.11473866,0.2748195,-0.0007162726,-0.14387523,-0.03838576,-0.029536385,0.062460944,0.12803492,-0.33389917,-0.0017338229,-0.03250442,0.25546578,0.0034157352,-0.123949505,-0.02957607
2024.02.14,000024.SZ,-0.0421594,-0.14275822,0.18258286,0.020317646,-0.015477382,0.01026162,-0.08411299,0.039141864,0.10573142,-0.3175476,-0.0195994,0.028110513,0.18561819,0.036386833,-0.028560717,-0.06473634
2024.02.14,000025.SZ,0.046159863,-0.12974042,0.19162443,0.062672205,-0.06691239,-0.011709824,-0.01040664,0.0008883809,0.04964853,-0.3346564,-0.0421813,-0.012069076,0.17777802,-0.007058995,-0.021212723,-0.020794211
2024.02.14,600000.SH,-0.04044009,-0.17692448,0.16001646,0.053644095,-0.04529309,0.057603538,-0.01886892,0.03598681,0.11665361,-0.3378163,0.021544736,0.19339572,0.05049315,0.061267506,0.13302164,-0.119313695
2024.02.14,600001.SH,-0.027883794,-0.13473772,0.21090029,-0.064645514,-0.1379677,-0.055281136,-0.032690555,0.013212388,0.04202499,-0.2843431,0.0054135984,-0.028048743,0.15474774,0.08099938,-0.06947442,-0.00993693
2024.02.14,600002.SH,-0.06300504,-0.18657386,0.25302693,0.015236264,-0.1546988,0.025796456,-0.05848895,0.044794764,0.19119868,-0.25899664,0.021347988,0.14003213,0.12316756,0.10459043,0.027695097,-0.045942005
2024.02.14,600003.SH,0.018396001,-0.17014617,0.20674418,0.031623915,-0.13214295,0.007605367,-0.08973191,-0.03229008,0.09486205,-0.292612,-0.06235835,0.10635149,0.15315859,0.06299877,-0.023423381,-0.057835434
2024.02.14,600004.SH,-0.06602183,-0.21163058,0.14390747,-0.060195256,-0.03488106,-0.060445357,-0.030244332,-0.0029960258,0.12918606,-0.31507927,0.013906513,0.0233396,0.1718142,0.08996103,0.040745955,-0.05895078
2024.02.14,600005.SH,-0.015830133,-0.1388561,0.20969263,0.013458299,-0.07345247,0.0031319652,-0.037165847,0.038785756,0.08502001,-0.32171145,0.0037732392,0.03793942,0.14881662,0.030753378,-0.0014920651,-0.07255183
2024.02.14,600006.SH,-0.016201815,-0.1401431,0.20864585,0.015114933,-0.06983948,0.0048572132,-0.036209125,0.038987413,0.08437559,-0.32194743,0.004858575,0.037497222,0.14546576,0.03231459,-0.002255233,-0.07410845
2024.02.14,600007.SH,-0.021589747,-0.17728932,0.13365701,-0.016741332,-0.02035064,-0.041171096,0.038072713,-0.004033961,0.054703746,-0.3255082,0.057553224,0.13452229,0.049054634,0.15454525,0.013069133,-0.09953822
2024.02.14,600008.SH,-0.018377172,-0.13967705,0.2094379,0.014962838,-0.07215202,0.0026097286,-0.039590172,0.039764255,0.08733483,-0.32566422,0.0030452814,0.04019423,0.15008345,0.028712213,-0.00094467745,-0.07316626
2024.02.14,600009.SH,-0.01618486,-0.14046632,0.2068433,0.016719418,-0.07029918,0.0055010184,-0.03653083,0.039265703,0.08594257,-0.32213798,0.004922142,0.037076484,0.14651114,0.0320115,7.844716e-05,-0.07467568
2024.02.14,600010.SH,-0.078472406,-0.15148322,0.2195902,0.010769186,-0.0685215,0.012864903,-0.15043706,0.038804278,0.15337585,-0.36178845,-0.030098867,0.13837986,0.14985023,0.06770888,-0.036983237,-0.05510407
2024.02.14,600011.SH,-0.035439216,-0.17796619,0.1531732,0.05631826,-0.04886926,0.055432305,-0.015678387,0.03414508,0.11469316,-0.3480258,0.020188896,0.20058042,0.050991323,0.05963584,0.13180283,-0.117932834
2024.02.14,600012.SH,-0.035544876,-0.17838767,0.15177126,0.056486733,-0.04899856,0.05416538,-0.015816338,0.03560155,0.11539674,-0.3503392,0.021725416,0.20263365,0.05136253,0.05977512,0.13040784,-0.118734635
2024.02.14,600013.SH,-0.024564257,-0.17889355,0.13687113,-0.015846647,-0.023034543,-0.03889749,0.037768636,-0.0018134619,0.058211993,-0.324047,0.05916453,0.13805863,0.047099102,0.15597683,0.014130697,-0.1006038
2024.02.14,600014.SH,-0.03238766,-0.17505258,0.15070316,0.051537104,-0.05685296,0.051368903,-0.012196294,0.034577224,0.10889918,-0.34894916,0.02363646,0.19644697,0.051159043,0.06119651,0.123513386,-0.11380707
2024.02.14,600015.SH,-0.01594666,-0.13950568,0.20896181,0.01589598,-0.070941105,0.0034630264,-0.03781306,0.03850679,0.088271804,-0.3253084,0.003054818,0.038138185,0.14868093,0.029338446,-0.00040186007,-0.07411924
2024.02.14,600016.SH,-0.03220043,-0.18147664,0.14104441,0.060301695,-0.011559159,0.051638845,-0.018253578,0.025184039,0.11569634,-0.34790415,0.01180921,0.18792017,0.054371078,0.05162599,0.1527013,-0.12510191
2024.02.14,600017.SH,-0.00442163,-0.10486701,0.28275546,-0.01103204,-0.09580829,-0.050626017,-0.041928343,0.050013326,0.07903079,-0.3095734,-0.019621879,-0.10886286,0.25286797,-0.0017442462,-0.15262899,-0.032795943
2024.02.14,600018.SH,0.026991902,-0.12914415,0.22785376,0.14662445,-0.19306158,0.025132045,0.024765896,-0.024323247,0.12421875,-0.28631374,-0.028763553,0.04200257,0.18450858,-0.038095567,-0.04010469,-0.044986654
2024.02.14,600019.SH,-0.017188033,-0.14044964,0.20803544,0.016436035,-0.07055589,0.0040120287,-0.037270457,0.039751124,0.0867546,-0.32423523,0.0042101196,0.039187215,0.14833921,0.030176364,-0.00019772351,-0.07432902
2024.02.14,600020.SH,-0.01602234,-0.13972054,0.20849939,0.015230819,-0.071614906,0.0039665564,-0.036036614,0.03822633,0.08674716,-0.32284608,0.0032570546,0.037844874,0.14819904,0.03017087,-0.00035158359,-0.07369876
2024.02.14,600021.SH,-0.03351639,-0.17660493,0.15408745,0.05568481,-0.04932472,0.054492,-0.012132258,0.03511513,0.11205469,-0.34519163,0.022223024,0.19711637,0.05001133,0.059494298,0.12879254,-0.11741179
2024.02.14,600022.SH,-0.016775442,-0.13940206,0.20768379,0.016858574,-0.070104256,0.0054966337,-0.036758512,0.040097553,0.08628327,-0.32410055,0.0046444647,0.038785655,0.14709908,0.032236,0.0005544889,-0.075732425
2024.02.14,600023.SH,-0.03459886,-0.17771596,0.15268016,0.055344373,-0.050115164,0.05479139,-0.016463475,0.03395448,0.11545924,-0.34991118,0.02045314,0.20216163,0.05171715,0.061260648,0.13075942,-0.11816119
2024.02.14,600024.SH,-0.020727124,-0.15328808,0.28097588,0.01786289,-0.03563259,-0.0014350619,-0.03872244,0.04418362,0.14392924,-0.33236605,-0.004630354,-0.037561946,0.22060995,-0.018611383,-0.007626553,-0.0891324
2024.02.15,000001.SZ,-0.016668474,-0.14030538,0.20878917,0.015422943,-0.07202431,0.00389864,-0.038286038,0.038885836,0.086567454,-0.3231108,0.0037185824,0.038460452,0.14834064,0.030404145,-0.0014893849,-0.07345947
2024.02.15,000002.SZ,0.027899086,-0.12956963,0.22647919,0.14633761,-0.19606692,0.024739703,0.024638018,-0.023300221,0.122844875,-0.2845801,-0.02780951,0.041977275,0.1843273,-0.038126487,-0.04198464,-0.044225898
2024.02.15,000003.SZ,0.019082103,-0.16989258,0.20643629,0.03137742,-0.13301064,0.007810637,-0.08832267,-0.032401297,0.09385967,-0.2914228,-0.06182503,0.10467587,0.15245767,0.063485645,-0.024867192,-0.057579614
2024.02.15,000004.SZ,-0.11798766,-0.18807286,0.26912224,0.036881458,-0.05630365,-0.0029614193,-0.030051984,0.06491342,0.18582115,-0.34398285,0.0020099403,0.06573541,0.19052114,0.016195752,0.03054921,-0.07450259
2024.02.15,000005.SZ,-0.01630958,-0.14133997,0.20798959,0.015440648,-0.071525484,0.004555392,-0.035870966,0.039798174,0.08514422,-0.32175884,0.0062940633,0.037406493,0.14568277,0.033712752,-0.0029312884,-0.07351798
2024.02.15,000006.SZ,-0.016783144,-0.14032765,0.20716858,0.016089195,-0.07081849,0.004468126,-0.03795171,0.039633278,0.08586068,-0.32320228,0.005011323,0.036750216,0.14740546,0.031089583,-0.0012187058,-0.073723525
2024.02.15,000007.SZ,-0.026068754,-0.1501275,0.22806962,0.07794689,-0.0680423,0.01578036,-0.020933267,0.071310334,0.13665847,-0.34245154,0.01711854,0.14305563,0.13538559,0.012161832,0.015687812,-0.09043781
2024.02.15,000008.SZ,0.04509042,-0.13186401,0.19235004,0.06035277,-0.06454465,-0.011349068,-0.010444127,-0.00091679,0.047088727,-0.33039597,-0.03977802,-0.011910727,0.17387731,-0.005467025,-0.019390954,-0.020387655
2024.02.15,000009.SZ,-0.06317748,-0.18797526,0.25294432,0.011664528,-0.15524267,0.02382456,-0.05804074,0.042861845,0.19013186,-0.2590163,0.021714969,0.14245525,0.12241502,0.105525196,0.02589308,-0.044833805
2024.02.15,000010.SZ,-0.01667558,-0.14063165,0.20761608,0.0168313,-0.072227865,0.0035344895,-0.03808948,0.039330184,0.08808354,-0.32497078,0.003722859,0.037836306,0.14941765,0.028939182,-0.0012677808,-0.07339133
2024.02.15,000011.SZ,-0.0070394604,-0.120363064,0.25747192,-0.005367872,-0.1048795,-0.026271328,-0.011370214,0.025142953,0.048421353,-0.2037687,-0.017462341,-0.03074036,0.1343216,0.10260218,-0.057053708,-0.006454661
2024.02.15,000012.SZ,-0.034402154,-0.17636925,0.15149315,0.053472728,-0.051903144,0.053336654,-0.0149506815,0.0347976,0.11212892,-0.3495513,0.02176368,0.19917741,0.05165647,0.060938545,0.12862504,-0.11619278
2024.02.15,000013.SZ,-0.016238239,-0.14016283,0.20863497,0.014534988,-0.07320111,0.0045311213,-0.037037425,0.039427735,0.08492307,-0.32122374,0.0051843952,0.0365175,0.14678761,0.033195272,-0.0019799408,-0.0728037
2024.02.15,000014.SZ,0.004162064,-0.11076657,0.26514512,-0.014024771,-0.07224901,-0.048384003,-0.053686775,0.03804879,0.08293029,-0.31361264,-0.026587715,-0.113907345,0.24689001,0.004839092,-0.13612211,-0.035775002
2024.02.15,000015.SZ,-0.005324425,-0.12023283,0.25738806,-0.0040458483,-0.107760675,-0.025613245,-0.011907686,0.027039124,0.047427945,-0.20207988,-0.018013168,-0.028778551,0.13545664,0.102633245,-0.057131547,-0.005686706
2024.02.15,000016.SZ,-0.03056357,-0.17209609,0.1498981,0.049583614,-0.058796953,0.050540116,-0.011371197,0.03174569,0.107556164,-0.3494234,0.021781642,0.19571784,0.051406983,0.064160325,0.12215981,-0.112888776
2024.02.15,000017.SZ,-0.016621616,-0.14055422,0.20768964,0.015800945,-0.0717144,0.0046928544,-0.03737694,0.03955645,0.08565799,-0.32208115,0.004879138,0.03742258,0.1471395,0.031807054,-0.0012051848,-0.07361217
2024.02.15,000018.SZ,0.015875816,-0.15580541,0.12201725,0.06968829,0.08271516,0.0050169826,-0.046238836,-0.0053533586,0.08770184,-0.35268337,-0.02434254,0.03906254,0.1474705,0.022653503,0.029069146,-0.10751044
2024.02.15,000019.SZ,-0.058633596,-0.14531493,0.14828002,-0.024130208,-0.14447705,-0.0006300918,0.0039055299,0.013127716,0.06842677,-0.3464965,0.023710381,0.096252926,0.093676165,0.10441713,0.012883128,-0.05086963
2024.02.15,000020.SZ,-0.016705412,-0.14021493,0.20672591,0.016556613,-0.071570106,0.0044904356,-0.037792183,0.040810693,0.08634222,-0.32407483,0.005568864,0.03729469,0.14777863,0.032082688,-0.0015738594,-0.07409427
2024.02.15,000021.SZ,-0.01893134,-0.14866519,0.1905743,0.029421896,-0.023278732,0.011207603,-0.0064884406,0.08411574,0.08848509,-0.33969182,0.04871075,0.095625795,0.11077378,0.048065063,0.008892117,-0.0476537
2024.02.15,000022.SZ,-0.021186206,-0.14041589,0.23922826,-0.01851039,-0.16701712,-0.02989876,-0.15490995,0.062041488,0.08456476,-0.2678369,-0.05515135,0.04302815,0.19789739,0.08862295,-0.14021635,-0.009540365
2024.02.15,000023.SZ,-0.057179604,-0.11506351,0.27486488,-0.00056147197,-0.1432876,-0.038191903,-0.029122058,0.06257236,0.12787005,-0.3330736,-0.0016313628,-0.032446332,0.25503924,0.0035000152,-0.123590894,-0.029502537
2024.02.15,000024.SZ,-0.04230889,-0.14274988,0.18289223,0.019883314,-0.016074935,0.010204354,-0.08455128,0.03946707,0.10637841,-0.31772587,-0.019599669,0.028559176,0.18532991,0.037288986,-0.028884757,-0.0648328
2024.02.15,000025.SZ,0.045730643,-0.13013381,0.19106129,0.06262575,-0.067261934,-0.011702694,-0.010832884,0.00032055005,0.04964101,-0.3350138,-0.04250338,-0.011001687,0.1773857,-0.0070667206,-0.021265503,-0.020812567
2024.02.15,600000.SH,-0.04076557,-0.17706455,0.16026637,0.05440411,-0.04472091,0.058037642,-0.017724788,0.036384158,0.116084106,-0.3367077,0.022208368,0.19213575,0.049729444,0.06018795,0.13302013,-0.119313434
2024.02.15,600001.SH,-0.028087007,-0.13515401,0.21094103,-0.06498496,-0.13782825,-0.055349924,-0.03274438,0.013191221,0.041984998,-0.2842369,0.0058764885,-0.027472898,0.15471807,0.08190948,-0.06999887,-0.010237828
2024.02.15,600002.SH,-0.06368186,-0.18681952,0.2533363,0.014958164,-0.15573163,0.02553008,-0.059678648,0.044268634,0.19247448,-0.26005894,0.020348579,0.14040333,0.12436933,0.10344183,0.02726465,-0.04530391
2024.02.15,600003.SH,0.018153599,-0.17021845,0.20668043,0.031431764,-0.13247856,0.0075848084,-0.089689605,-0.032488752,0.09493715,-0.2926358,-0.06251282,0.10664177,0.15307742,0.06315444,-0.023563948,-0.057668418
2024.02.15,600004.SH,-0.0658836,-0.21135345,0.143757,-0.060675535,-0.03529774,-0.060840745,-0.030932643,-0.0030183254,0.12960006,-0.31562254,0.013523984,0.022993527,0.17279853,0.089516036,0.04094497,-0.05860274
2024.02.15,600005.SH,-0.016429443,-0.1395776,0.20912835,0.01409031,-0.07351924,0.003329613,-0.03775244,0.03910414,0.08535716,-0.3219274,0.0041548074,0.037885875,0.14850014,0.030971669,-0.0016289377,-0.072468325
2024.02.15,600006.SH,-0.016467707,-0.13995898,0.209002,0.014786861,-0.07015342,0.0047202907,-0.03646937,0.039485853,0.08417902,-0.3221009,0.0051841717,0.03783574,0.14560431,0.032439783,-0.0023924308,-0.07397628
2024.02.15,600007.SH,-0.021715907,-0.17707708,0.13365412,-0.016406951,-0.020079708,-0.0408643,0.03803546,-0.0038815541,0.054510616,-0.3255186,0.05745673,0.13430737,0.049129367,0.15439658,0.013605457,-0.09978896
2024.02.15,600008.SH,-0.018507877,-0.14032711,0.20878299,0.015595237,-0.071771406,0.003251951,-0.038864132,0.04063047,0.085982695,-0.32500803,0.0043828655,0.0396703,0.14907128,0.029443625,-0.0018271672,-0.07304962
2024.02.15,600009.SH,-0.015814073,-0.13980067,0.20765096,0.016128635,-0.070458196,0.0049614194,-0.036110073,0.038900796,0.086273834,-0.32265016,0.004284207,0.03739221,0.14700481,0.03161242,-0.00023431517,-0.074657716
2024.02.15,600010.SH,-0.079610415,-0.15233874,0.21959674,0.011629873,-0.06893413,0.013172155,-0.15100683,0.03965129,0.15361574,-0.36198846,-0.029853277,0.13922329,0.15002856,0.06742068,-0.036684785,-0.055108514
2024.02.15,600011.SH,-0.034821574,-0.17770775,0.153286,0.055961926,-0.048957184,0.05527636,-0.014968336,0.033946276,0.114510804,-0.3475496,0.020632751,0.2002588,0.050587237,0.06010779,0.13114691,-0.11805294
2024.02.15,600012.SH,-0.035823967,-0.17858323,0.15141258,0.056502055,-0.049603384,0.05430313,-0.016714476,0.035171706,0.11572186,-0.3509695,0.020936565,0.20324714,0.05196334,0.05956575,0.13071835,-0.11854436
2024.02.15,600013.SH,-0.023539575,-0.17871384,0.13686341,-0.016030943,-0.024007184,-0.03880917,0.038341016,-0.0021080195,0.058630303,-0.32316953,0.05888071,0.13806687,0.04704807,0.156445,0.013568245,-0.10025322
2024.02.15,600014.SH,-0.03186813,-0.17444594,0.1506232,0.051159747,-0.057022274,0.051271256,-0.012182974,0.034252983,0.108865894,-0.34903157,0.023020633,0.19643359,0.051493216,0.06187049,0.123436674,-0.11385521
2024.02.15,600015.SH,-0.016117273,-0.13986135,0.2088143,0.016062278,-0.07135475,0.0034483469,-0.037862,0.03861519,0.08806644,-0.32495373,0.0031134237,0.03816107,0.14885494,0.029175842,-0.00083236006,-0.07382451
2024.02.15,600016.SH,-0.03259269,-0.181949,0.1412817,0.060090553,-0.011649064,0.0517513,-0.018278962,0.025344623,0.11570666,-0.3474914,0.012212481,0.18805428,0.053989287,0.051748935,0.15224764,-0.12504992
2024.02.15,600017.SH,-0.0045174425,-0.10483032,0.28310484,-0.011149343,-0.09569211,-0.05070881,-0.0427343,0.04977965,0.07925799,-0.30973053,-0.019908719,-0.109160185,0.25313282,-0.0025612954,-0.15284073,-0.032607883
2024.02.15,600018.SH,0.027788166,-0.12914161,0.22818552,0.1455945,-0.19288357,0.024513384,0.025218459,-0.025024978,0.124402255,-0.2858422,-0.029402109,0.041815884,0.18458112,-0.038040154,-0.040343735,-0.044805095
2024.02.15,600019.SH,-0.017594555,-0.14030474,0.20811641,0.016258882,-0.07129176,0.0036475162,-0.037360422,0.0397631,0.08715697,-0.3245234,0.0036605136,0.040029936,0.1490982,0.029976724,-0.0005420595,-0.074250214
2024.02.15,600020.SH,-0.016386956,-0.13982382,0.20774625,0.01573225,-0.07166203,0.0043712026,-0.03645321,0.038884386,0.086229905,-0.32268357,0.0036739393,0.038260117,0.14829731,0.030387707,-0.0003945138,-0.07399106
2024.02.15,600021.SH,-0.033666875,-0.17700645,0.15496364,0.056307346,-0.048823375,0.054817956,-0.011361766,0.035443418,0.11156777,-0.3434595,0.022469873,0.19621238,0.049582843,0.059040505,0.12871411,-0.11724388
2024.02.15,600022.SH,-0.016442455,-0.13863504,0.20886967,0.015383427,-0.07041012,0.004822674,-0.0362549,0.039647106,0.08628442,-0.3240778,0.0043852944,0.038713932,0.14710887,0.032499094,0.00010863319,-0.0753404
2024.02.15,600023.SH,-0.0350128,-0.17820202,0.15308176,0.055768747,-0.050206505,0.05507086,-0.016242908,0.034122266,0.11545077,-0.34902948,0.020734467,0.20159936,0.051351503,0.060529392,0.13061216,-0.11804035
2024.02.15,600024.SH,-0.02018874,-0.15340541,0.28051105,0.017198546,-0.035367385,-0.0012117516,-0.03810201,0.0436674,0.14307658,-0.33070433,-0.0040090466,-0.03730957,0.21934871,-0.01737802,-0.007950461,-0.08906566
2024.02.16,000001.SZ,-0.01628109,-0.14015725,0.20865189,0.0151371565,-0.0718251,0.0041298037,-0.038340956,0.038301717,0.08678245,-0.32262602,0.0035973631,0.03778384,0.147709,0.03076612,-0.00103813,-0.07338916
2024.02.16,000002.SZ,0.027590962,-0.12934507,0.226815,0.14665097,-0.19561857,0.02490841,0.024631673,-0.02348608,0.12359732,-0.28528076,-0.02820225,0.042039715,0.18479373,-0.038566407,-0.04150664,-0.0445002
2024.02.16,000003.SZ,0.019068679,-0.16986571,0.20664896,0.031583834,-0.13192597,0.007832456,-0.088393085,-0.031968582,0.09346925,-0.2913982,-0.06115379,0.10419854,0.15218543,0.06308173,-0.024191093,-0.05797322
2024.02.16,000004.SZ,-0.117777124,-0.1880262,0.26906902,0.03700404,-0.055948887,-0.0032513926,-0.030452028,0.0638631,0.18721147,-0.3450253,0.0010627058,0.06555678,0.19076231,0.014606019,0.031752147,-0.075190224
2024.02.16,000005.SZ,-0.016556911,-0.14129955,0.20778267,0.015619189,-0.071703196,0.0045848447,-0.03621094,0.040249903,0.085027814,-0.3219075,0.0064594517,0.037997756,0.14615281,0.03336232,-0.0027395028,-0.07364627
2024.02.16,000006.SZ,-0.016882105,-0.1400232,0.20709896,0.01617891,-0.07072055,0.0043482915,-0.037890017,0.039621986,0.08594366,-0.3235442,0.004654091,0.03736502,0.14781171,0.030924113,-0.0011136248,-0.07414632
2024.02.16,000007.SZ,-0.026251057,-0.15017913,0.22724439,0.0789847,-0.06741802,0.016018244,-0.02107006,0.07109026,0.1366338,-0.34253693,0.01693478,0.14353973,0.13555084,0.0118191475,0.016720649,-0.09084672
2024.02.16,000008.SZ,0.045533255,-0.13161115,0.19197078,0.060478847,-0.06536522,-0.0116010355,-0.010626929,-0.00080292654,0.047277104,-0.3309502,-0.040126774,-0.0119610755,0.17410462,-0.005530949,-0.020106861,-0.019890724
2024.02.16,000009.SZ,-0.06366195,-0.18831031,0.25296494,0.011399241,-0.15607801,0.02342908,-0.059228454,0.043066666,0.19042099,-0.2599123,0.022000078,0.14266646,0.122615285,0.10538649,0.024830602,-0.044066958
2024.02.16,000010.SZ,-0.016305134,-0.14006245,0.20807076,0.01688917,-0.072086796,0.0034968683,-0.03801623,0.038921468,0.088733256,-0.32555696,0.0029800744,0.03797637,0.14977898,0.028811593,-0.0008697787,-0.07381619
2024.02.16,000011.SZ,-0.0070436774,-0.12026046,0.25737637,-0.0048993956,-0.105684936,-0.025903212,-0.011887482,0.025979957,0.048285935,-0.20423561,-0.017233737,-0.030220542,0.13444638,0.102597944,-0.057674896,-0.0062157307
2024.02.16,000012.SZ,-0.03429658,-0.1763716,0.1515596,0.053786132,-0.0513355,0.053282678,-0.014968424,0.03486122,0.11161679,-0.34901294,0.021524487,0.19892159,0.051696867,0.060266335,0.12877725,-0.11616033
2024.02.16,000013.SZ,-0.016355144,-0.14073616,0.20719317,0.01616649,-0.07167723,0.005522705,-0.036735434,0.04001104,0.08466036,-0.32115743,0.006028743,0.036416903,0.14627118,0.033315003,-0.0007141902,-0.07383863
2024.02.16,000014.SZ,0.0039674654,-0.11056894,0.26515785,-0.014002665,-0.072738215,-0.04821827,-0.05400392,0.038148265,0.08319171,-0.3135581,-0.02690996,-0.11379165,0.24719714,0.004943904,-0.13596147,-0.035985094
2024.02.16,000015.SZ,-0.0052066646,-0.12032317,0.25750497,-0.0036796948,-0.107043706,-0.025505567,-0.0116825,0.027031083,0.047217023,-0.20255803,-0.017781112,-0.028788906,0.1352174,0.10243569,-0.057327785,-0.005741064
2024.02.16,000016.SZ,-0.030657962,-0.17222743,0.14955325,0.049939994,-0.05884916,0.050440036,-0.011763253,0.03224529,0.10754208,-0.34990823,0.021971414,0.196009,0.051772323,0.06368455,0.121966735,-0.11280732
2024.02.16,000017.SZ,-0.016905962,-0.1403143,0.20772535,0.01579233,-0.07169138,0.004804525,-0.03727736,0.039668366,0.085525885,-0.3222357,0.0049709566,0.037838805,0.14692804,0.032394327,-0.0011091582,-0.07392155
2024.02.16,000018.SZ,0.015599896,-0.15606116,0.121899165,0.06990391,0.08209943,0.005025583,-0.046484817,-0.0051929485,0.08839565,-0.35302198,-0.024336405,0.039106805,0.14765632,0.022810636,0.029284675,-0.10735782
2024.02.16,000019.SZ,-0.058409374,-0.1449992,0.1483257,-0.024578623,-0.14517878,-0.00080134795,0.0035001345,0.012701078,0.06879883,-0.3467466,0.023230225,0.096621946,0.09397702,0.10545321,0.012659822,-0.050965548
2024.02.16,000020.SZ,-0.01756506,-0.14026162,0.20710284,0.016687851,-0.07202957,0.0044296617,-0.038722664,0.041150026,0.086303234,-0.324526,0.005179538,0.03844758,0.14846015,0.031594887,-0.001482413,-0.07410557
2024.02.16,000021.SZ,-0.01965855,-0.14818557,0.19023976,0.029566973,-0.023580888,0.010887774,-0.007833321,0.08422755,0.08904573,-0.3413428,0.04785283,0.095969625,0.112342775,0.047203943,0.008945724,-0.04756047
2024.02.16,000022.SZ,-0.021152522,-0.14022928,0.23889314,-0.017779903,-0.16671717,-0.029603843,-0.15454207,0.062308494,0.084402725,-0.2670469,-0.055095017,0.042686068,0.19745286,0.08874366,-0.14006321,-0.009625898
2024.02.16,000023.SZ,-0.057113614,-0.11480522,0.27494726,-0.0005602203,-0.14376101,-0.038383342,-0.029537011,0.06261253,0.12804988,-0.3337383,-0.0016007856,-0.03250446,0.25527376,0.0039947936,-0.12380727,-0.029636217
2024.02.16,000024.SZ,-0.042222142,-0.14230922,0.18310599,0.019517517,-0.016134825,0.010448204,-0.084274024,0.039548147,0.10632946,-0.31749046,-0.01936158,0.028475165,0.1849297,0.03811687,-0.028514795,-0.065167524
2024.02.16,000025.SZ,0.045315277,-0.13054502,0.19123723,0.062311016,-0.06756252,-0.01181554,-0.011073763,0.00023066998,0.049704123,-0.3349416,-0.042558175,-0.010485164,0.17729734,-0.0067298366,-0.021042652,-0.020725224
2024.02.16,600000.SH,-0.041730728,-0.17781186,0.16005592,0.055395037,-0.044580426,0.058367945,-0.017711917,0.03723017,0.11627837,-0.33695713,0.02309253,0.19234025,0.049364276,0.059494566,0.13284475,-0.11945635
2024.02.16,600001.SH,-0.028507076,-0.13527638,0.21064682,-0.06457043,-0.13766117,-0.055196848,-0.033619754,0.012932537,0.04294445,-0.2851403,0.005137771,-0.026354235,0.15512222,0.08179709,-0.06999695,-0.010914578
2024.02.16,600002.SH,-0.064544685,-0.18700743,0.25305393,0.015323628,-0.15560928,0.025799837,-0.059923623,0.04474893,0.19253275,-0.2610234,0.020475095,0.14123352,0.12465297,0.10361276,0.027390186,-0.04585154
2024.02.16,600003.SH,0.017920732,-0.17035903,0.20675589,0.03166245,-0.1320649,0.007870026,-0.08897486,-0.032497022,0.094270125,-0.29182577,-0.062124938,0.10607698,0.152666,0.06367308,-0.02372223,-0.05782178
2024.02.16,600004.SH,-0.065861344,-0.21144767,0.14353946,-0.0624723,-0.036192242,-0.06271408,-0.034247573,-0.0040029036,0.13219671,-0.318986,0.012659268,0.02418551,0.17484932,0.089149885,0.04208647,-0.058220457
2024.02.16,600005.SH,-0.01687993,-0.13980894,0.20890722,0.014569321,-0.07374849,0.0032058556,-0.038294833,0.039746415,0.08600646,-0.32310322,0.004318389,0.037717722,0.14898294,0.030600874,-0.0017513187,-0.07235522
2024.02.16,600006.SH,-0.016485292,-0.14000235,0.20854788,0.015055424,-0.0701986,0.005121329,-0.036207456,0.039637838,0.08388874,-0.32154617,0.0055749137,0.037558034,0.14541861,0.032779593,-0.0016724862,-0.07406889
2024.02.16,600007.SH,-0.021344116,-0.17680243,0.13371855,-0.016475163,-0.020416861,-0.040694065,0.038525205,-0.0039510224,0.054561544,-0.3253652,0.05733726,0.13408163,0.049130067,0.1544396,0.013649646,-0.09973172
2024.02.16,600008.SH,-0.018117085,-0.14026189,0.20908713,0.015492258,-0.07203215,0.0033866195,-0.038607918,0.04055014,0.08574127,-0.32463324,0.0044822097,0.039433356,0.14890747,0.02963417,-0.0018665731,-0.072956204
2024.02.16,600009.SH,-0.015022868,-0.13977708,0.20770629,0.016534196,-0.0698536,0.0054553784,-0.034764163,0.03881682,0.08533102,-0.32181,0.0046279994,0.036841784,0.14631067,0.03200939,-0.00028640963,-0.0749923
2024.02.16,600010.SH,-0.07939391,-0.15213214,0.2199846,0.011480087,-0.069233365,0.01328714,-0.15094258,0.03991376,0.15364008,-0.36161372,-0.02939142,0.13918799,0.14954591,0.068132214,-0.036659725,-0.05535867
2024.02.16,600011.SH,-0.03463392,-0.1776639,0.15294819,0.056231245,-0.048794754,0.05516226,-0.01508938,0.034063518,0.11468298,-0.34790477,0.020654863,0.200525,0.050731078,0.059984565,0.131188,-0.11831903
2024.02.16,600012.SH,-0.0361509,-0.17837964,0.1517227,0.056297064,-0.049698398,0.054417334,-0.017255262,0.035070162,0.11559244,-0.35124943,0.020410504,0.20330676,0.052211776,0.059827313,0.13124853,-0.1184665
2024.02.16,600013.SH,-0.023022294,-0.17864971,0.136886,-0.01676314,-0.024997836,-0.038942102,0.038643926,-0.002516186,0.058841676,-0.32298568,0.058679096,0.13852677,0.047236968,0.15702151,0.012883741,-0.0998506
2024.02.16,600014.SH,-0.032351263,-0.17453264,0.15032421,0.051459957,-0.05728194,0.051334184,-0.013034827,0.03435978,0.109292075,-0.34985825,0.022786368,0.19711018,0.05186348,0.061859358,0.12379287,-0.11399245
2024.02.16,600015.SH,-0.016652282,-0.1398228,0.20871553,0.01622775,-0.07124099,0.003444253,-0.038624953,0.038974304,0.08807253,-0.32549912,0.0031005938,0.038344458,0.14932385,0.028580572,0.00023948029,-0.07382699
2024.02.16,600016.SH,-0.032395825,-0.18189086,0.14146864,0.05951741,-0.012224696,0.052029535,-0.018273763,0.024862817,0.11553572,-0.34708813,0.011811944,0.18803087,0.054036018,0.052285388,0.1517335,-0.12457011
2024.02.16,600017.SH,-0.0049049165,-0.10471338,0.2837061,-0.0112423925,-0.095619485,-0.05081755,-0.04408238,0.05001227,0.07953791,-0.3105923,-0.01986582,-0.10968069,0.2536135,-0.0033332582,-0.15327837,-0.032427486
2024.02.16,600018.SH,0.027869668,-0.12887771,0.22931042,0.14485224,-0.19349267,0.024366677,0.024417568,-0.025305772,0.12531495,-0.28565553,-0.029862389,0.04203387,0.18523462,-0.039074067,-0.039648566,-0.044602245
2024.02.16,600019.SH,-0.017362183,-0.13923292,0.20929863,0.014939325,-0.07245731,0.0028762394,-0.03807393,0.038747866,0.08850448,-0.3253299,0.0021607545,0.04051174,0.15021583,0.029368272,-8.241832e-05,-0.07392491
2024.02.16,600020.SH,-0.016671618,-0.13963757,0.20735043,0.016220797,-0.071978964,0.0047529354,-0.036212534,0.039479762,0.08616613,-0.322933,0.0039202967,0.03859286,0.14831474,0.031413835,-0.00050331646,-0.07458467
2024.02.16,600021.SH,-0.033746976,-0.1769466,0.15465847,0.055713374,-0.049710367,0.054727443,-0.012156499,0.035152797,0.111800656,-0.3439053,0.022177687,0.19642264,0.04998629,0.05918587,0.12862673,-0.11692729
2024.02.16,600022.SH,-0.015791317,-0.13880806,0.20902292,0.0151352165,-0.07061354,0.0046752333,-0.03598261,0.039230376,0.08629026,-0.32346773,0.0042863525,0.03789142,0.14713399,0.032003447,-0.00039223392,-0.07478923
2024.02.16,600023.SH,-0.035316497,-0.1782943,0.1531721,0.055834077,-0.050486803,0.055184394,-0.016421644,0.034330316,0.11560536,-0.3491116,0.020740306,0.20166384,0.05144101,0.06059372,0.13065238,-0.117918484
2024.02.16,600024.SH,-0.019979514,-0.15308473,0.2800427,0.01720314,-0.035316627,-0.00081997254,-0.037684675,0.043507345,0.14275183,-0.33001354,-0.0041158414,-0.037016194,0.21904024,-0.01690772,-0.007405952,-0.08925237
2024.02.19,000001.SZ,-0.01626935,-0.14031482,0.20884162,0.015112568,-0.07193784,0.0041654157,-0.03818045,0.03866046,0.0864515,-0.32239124,0.0041123843,0.03758727,0.14735864,0.031142903,-0.0011761052,-0.07323029
2024.02.19,000002.SZ,0.027518021,-0.12907228,0.22786863,0.14671545,-0.19536313,0.024852186,0.023998756,-0.023726689,0.124908954,-0.2859127,-0.02917049,0.042115115,0.18610868,-0.039805885,-0.040581528,-0.044614073
2024.02.19,000003.SZ,0.018920582,-0.16997984,0.20658454,0.03188444,-0.1321909,0.007899718,-0.08808603,-0.03210199,0.09411062,-0.2916175,-0.061297793,0.1044722,0.15211712,0.06332189,-0.024168098,-0.058114093
2024.02.19,000004.SZ,-0.11769315,-0.18792944,0.2693128,0.036193356,-0.05608059,-0.0037570857,-0.030198151,0.063592084,0.18720582,-0.344728,0.0012392247,0.065573476,0.1904027,0.015133708,0.031176442,-0.07515595
2024.02.19,000005.SZ,-0.016884279,-0.14061648,0.20792076,0.015628403,-0.071830615,0.0044997116,-0.036974523,0.040485572,0.08544725,-0.3228574,0.005538943,0.038644243,0.14713122,0.03249119,-0.0023946268,-0.07390773
2024.02.19,000006.SZ,-0.017584031,-0.1405255,0.20722264,0.016179096,-0.071353324,0.0038436071,-0.03907173,0.039674796,0.08674697,-0.32434,0.004415543,0.037740957,0.14837505,0.030107148,-0.001306887,-0.07359383
2024.02.19,000007.SZ,-0.026273,-0.15033287,0.22725064,0.07916888,-0.067429945,0.016400127,-0.020614043,0.0714731,0.13625681,-0.34195733,0.017716432,0.1433874,0.13462579,0.012193224,0.016510619,-0.09085996
2024.02.19,000008.SZ,0.045343075,-0.13159882,0.1927866,0.059491,-0.0664574,-0.011877291,-0.010668528,-4.2099506e-05,0.04793277,-0.33138633,-0.039422143,-0.012089099,0.1743407,-0.0047301073,-0.020589994,-0.019649241
2024.02.19,000009.SZ,-0.06431528,-0.1888534,0.25245106,0.011467207,-0.1563611,0.023498097,-0.059457287,0.04363874,0.19029944,-0.25980714,0.022294238,0.14321911,0.12267316,0.10551121,0.02456704,-0.04420445
2024.02.19,000010.SZ,-0.016918616,-0.14008127,0.20823501,0.016912233,-0.07179662,0.003221212,-0.039087027,0.038645856,0.08963363,-0.3264128,0.0022100771,0.038755156,0.15041961,0.02804814,-0.00013619475,-0.07393551
2024.02.19,000011.SZ,-0.0075090085,-0.12018483,0.25785556,-0.0051223375,-0.10658269,-0.025708243,-0.012608531,0.026422001,0.04884027,-0.20494041,-0.018082421,-0.029866157,0.13513055,0.102170765,-0.058240306,-0.0061520305
2024.02.19,000012.SZ,-0.033734273,-0.17638448,0.15174812,0.054039408,-0.05026669,0.053127196,-0.013821407,0.034491945,0.11160307,-0.348194,0.021775588,0.19844612,0.050781008,0.060179263,0.12879613,-0.11682368
2024.02.19,000013.SZ,-0.016672207,-0.14162944,0.20667313,0.016858347,-0.07096831,0.005589103,-0.036999583,0.040407747,0.084274866,-0.3208897,0.0069907582,0.036977515,0.14591186,0.03317141,-0.0005965735,-0.07394045
2024.02.19,000014.SZ,0.004213591,-0.110414624,0.2655887,-0.014115634,-0.07271209,-0.0486386,-0.054088145,0.03806265,0.082907766,-0.3139946,-0.026396533,-0.11436417,0.24706393,0.004734041,-0.13645048,-0.035580035
2024.02.19,000015.SZ,-0.0053288136,-0.11996948,0.25749975,-0.0035590006,-0.10661543,-0.025187856,-0.011466611,0.027163984,0.047605388,-0.20333868,-0.018280882,-0.028671525,0.13551755,0.10252751,-0.057326496,-0.0063973838
2024.02.19,000016.SZ,-0.03053967,-0.17175366,0.1494773,0.05034241,-0.057750627,0.05050989,-0.011417369,0.032377258,0.10730237,-0.34988448,0.021666637,0.19570972,0.051804885,0.063407995,0.12262991,-0.11309565
2024.02.19,000017.SZ,-0.01834878,-0.14055242,0.20762521,0.016224518,-0.07257173,0.004115071,-0.03873644,0.039875284,0.08744763,-0.32464868,0.0038986306,0.039347142,0.1484197,0.03126265,-0.0012013366,-0.07386778
2024.02.19,000018.SZ,0.015721293,-0.15592396,0.12222012,0.06976633,0.082123235,0.0052634776,-0.046103228,-0.0048951115,0.087482095,-0.3523554,-0.023773065,0.03931024,0.14703733,0.02322478,0.029535938,-0.10741555
2024.02.19,000019.SZ,-0.058807753,-0.14491956,0.14832516,-0.024700347,-0.14565048,-0.0006948187,0.002964324,0.012140985,0.069253,-0.34715548,0.022062982,0.09736404,0.094482265,0.10558088,0.013346574,-0.05109957
2024.02.19,000020.SZ,-0.017768405,-0.14027385,0.20761728,0.016565219,-0.0719698,0.004284125,-0.038997427,0.04105586,0.086296655,-0.32469475,0.0050033806,0.038623553,0.14858256,0.03116788,-0.001415587,-0.07395445
2024.02.19,000021.SZ,-0.0179568,-0.14780347,0.19029745,0.02935626,-0.022698002,0.011009766,-0.0056817816,0.083629146,0.0882145,-0.33912203,0.048337065,0.09479631,0.11117172,0.048576538,0.008961704,-0.047905464
2024.02.19,000022.SZ,-0.021562869,-0.1403977,0.23869732,-0.018571883,-0.16827312,-0.029821374,-0.15568452,0.06186999,0.08515554,-0.26833746,-0.055471253,0.04401775,0.19833136,0.08897762,-0.14047599,-0.009605008
2024.02.19,000023.SZ,-0.05728972,-0.114114515,0.27544686,-0.00048846373,-0.14458254,-0.03888316,-0.029926123,0.062434405,0.1285361,-0.335301,-0.0023762838,-0.032682687,0.25643355,0.0033466169,-0.12418077,-0.02956072
2024.02.19,000024.SZ,-0.042931683,-0.14186743,0.18353929,0.019823164,-0.01633503,0.010325549,-0.084878795,0.039539907,0.10635716,-0.3183,-0.020478396,0.028579386,0.18610124,0.037193686,-0.028461784,-0.065124415
2024.02.19,000025.SZ,0.045042813,-0.1306955,0.19163394,0.061703306,-0.067744434,-0.01208367,-0.0109919505,0.0005519501,0.049255464,-0.3343809,-0.04163554,-0.011339335,0.17704652,-0.0065697827,-0.020854423,-0.020199472
2024.02.19,600000.SH,-0.041971114,-0.17813288,0.15996572,0.055114754,-0.044947434,0.058131017,-0.018301738,0.03738633,0.116526805,-0.3374831,0.023397578,0.19251439,0.049555846,0.059634667,0.13293324,-0.119355224
2024.02.19,600001.SH,-0.028890153,-0.13540763,0.2104913,-0.06464307,-0.13806453,-0.055278078,-0.034291092,0.013299754,0.043209665,-0.28605494,0.004994023,-0.025835413,0.15576224,0.081995234,-0.07049625,-0.010967873
2024.02.19,600002.SH,-0.06539667,-0.18761763,0.2529792,0.015313735,-0.15588167,0.025941351,-0.060269848,0.045011144,0.19277254,-0.26133534,0.020538436,0.14216022,0.12480766,0.103946954,0.027357323,-0.046108622
2024.02.19,600003.SH,0.01789403,-0.17050491,0.20678718,0.031574123,-0.13200787,0.007952584,-0.08874356,-0.032305498,0.09367168,-0.29138702,-0.06168107,0.105406,0.15239115,0.06377945,-0.023982286,-0.057820227
2024.02.19,600004.SH,-0.06592087,-0.21154955,0.14364132,-0.062578425,-0.03607982,-0.06269155,-0.034160133,-0.0043747257,0.13202505,-0.31862712,0.012602191,0.023709096,0.17454149,0.08936434,0.042297557,-0.05796109
2024.02.19,600005.SH,-0.016331837,-0.14001769,0.20877789,0.014637475,-0.07332782,0.0033847885,-0.037108198,0.03946211,0.086249754,-0.32289967,0.004688437,0.036869768,0.14801471,0.031353302,-0.0025708359,-0.07247115
2024.02.19,600006.SH,-0.015791444,-0.1396741,0.2083859,0.014894606,-0.06961736,0.005284044,-0.035601582,0.03899878,0.083636224,-0.32113567,0.005374961,0.037214138,0.14489834,0.03269708,-0.0013190462,-0.07425675
2024.02.19,600007.SH,-0.020909838,-0.17675705,0.13466309,-0.016827127,-0.020864412,-0.040760126,0.039624937,-0.0038411168,0.054525703,-0.32430586,0.058066055,0.13335767,0.048405245,0.15488969,0.012682784,-0.099647604
2024.02.19,600008.SH,-0.017010374,-0.13987368,0.20916617,0.014896159,-0.07296626,0.0036077846,-0.0374743,0.039805464,0.08580826,-0.32341006,0.004289124,0.038504,0.14847198,0.03069936,-0.0023240815,-0.07279783
2024.02.19,600009.SH,-0.015346991,-0.13927491,0.20791109,0.016587885,-0.070275255,0.0055419067,-0.03508815,0.03906161,0.08561554,-0.32233402,0.0042526615,0.037277013,0.14698604,0.032008905,0.00031343848,-0.075296946
2024.02.19,600010.SH,-0.07907968,-0.1518467,0.21956745,0.011616449,-0.06919322,0.013311705,-0.15118334,0.03961004,0.15407996,-0.36204278,-0.029582063,0.1394156,0.1492553,0.06839264,-0.03666149,-0.055697054
2024.02.19,600011.SH,-0.03438335,-0.17805733,0.15350577,0.05678196,-0.04791428,0.055344902,-0.013245955,0.03455168,0.11459075,-0.3466476,0.021607589,0.19999932,0.049723838,0.060025584,0.1307003,-0.11853748
2024.02.19,600012.SH,-0.035980787,-0.17779443,0.15199737,0.05515312,-0.050542764,0.054391038,-0.017759765,0.03435279,0.11527122,-0.35104668,0.019941093,0.20277937,0.052285053,0.060379904,0.13120446,-0.11808936
2024.02.19,600013.SH,-0.02320807,-0.17891553,0.13637486,-0.017231308,-0.026167605,-0.03929795,0.03780603,-0.0029363884,0.059302103,-0.32457313,0.058539715,0.13926654,0.04783273,0.15675406,0.011923234,-0.09934856
2024.02.19,600014.SH,-0.032440353,-0.17454979,0.15029351,0.051334575,-0.057979345,0.051341526,-0.013439204,0.034340497,0.109472856,-0.3501882,0.022754272,0.19738996,0.05205238,0.062214103,0.123467974,-0.113896094
2024.02.19,600015.SH,-0.016869457,-0.13994597,0.20933029,0.015477401,-0.07204578,0.0028164834,-0.038263764,0.038982548,0.088167824,-0.32558298,0.0031359093,0.038480237,0.14936401,0.028855484,-0.0011319718,-0.07323136
2024.02.19,600016.SH,-0.032843582,-0.18215154,0.14058694,0.059169356,-0.013148236,0.051688567,-0.01978479,0.024931237,0.11619508,-0.3488247,0.011720896,0.18904775,0.054977007,0.052051824,0.15194325,-0.12429506
2024.02.19,600017.SH,-0.0057341647,-0.104339555,0.28460166,-0.011048776,-0.09586058,-0.050681476,-0.046030574,0.05068684,0.08072381,-0.3125064,-0.02118418,-0.11026996,0.25544593,-0.004856608,-0.15398203,-0.032201275
2024.02.19,600018.SH,0.028205726,-0.12881236,0.22964796,0.14441639,-0.19352756,0.02425351,0.02403201,-0.025642365,0.12584819,-0.28579256,-0.030455839,0.04240104,0.18537743,-0.039258484,-0.03980275,-0.04481825
2024.02.19,600019.SH,-0.017505072,-0.13902566,0.20938247,0.014590431,-0.073340856,0.0027804945,-0.037766904,0.03871602,0.08859179,-0.32552627,0.0020676523,0.040636215,0.15056475,0.029935217,-0.00051333563,-0.073861144
2024.02.19,600020.SH,-0.017307907,-0.13989095,0.20748368,0.016561212,-0.072027,0.004836298,-0.036649153,0.04040342,0.08565641,-0.32335123,0.0044994648,0.039176553,0.14832732,0.03178597,-0.0008049494,-0.07468463
2024.02.19,600021.SH,-0.033213887,-0.17684937,0.15436721,0.05523034,-0.050178006,0.0545709,-0.012156245,0.034638368,0.111889906,-0.34413564,0.021905135,0.19673365,0.05013039,0.05982239,0.12825507,-0.11673512
2024.02.19,600022.SH,-0.015259884,-0.1386388,0.20945583,0.015141622,-0.07011552,0.0045564044,-0.03494166,0.039148804,0.08591856,-0.323471,0.004277397,0.037663728,0.1470606,0.031776387,-0.00070686813,-0.07495957
2024.02.19,600023.SH,-0.03545435,-0.17871618,0.15352473,0.055993065,-0.050443955,0.05519603,-0.01601039,0.03435788,0.11576331,-0.34853506,0.021428844,0.20165889,0.050766196,0.06073093,0.13013649,-0.118263856
2024.02.19,600024.SH,-0.01998481,-0.15308022,0.27991995,0.017261172,-0.03545944,-0.00080014,-0.037868265,0.04353416,0.14268728,-0.33022717,-0.0039018493,-0.03688632,0.21883878,-0.016805936,-0.0077500767,-0.08931026
2024.02.20,000001.SZ,-0.016639872,-0.14029054,0.20830047,0.01542901,-0.07221252,0.004552681,-0.038151246,0.038954135,0.08602355,-0.32193705,0.0042234855,0.037812468,0.14754754,0.031271156,-0.00037462075,-0.07343061
2024.02.20,000002.SZ,0.027481306,-0.12869798,0.22867772,0.1462828,-0.19549836,0.024712406,0.023504777,-0.023951476,0.12556587,-0.28613973,-0.029534673,0.04208303,0.1867858,-0.040470775,-0.03990444,-0.04439056
2024.02.20,000003.SZ,0.018251251,-0.17031258,0.20631477,0.03214897,-0.131867,0.007957451,-0.08832805,-0.0313854,0.09350992,-0.29179704,-0.060642604,0.10399571,0.15219593,0.063610405,-0.024608772,-0.05871585
2024.02.20,000004.SZ,-0.117965356,-0.18794976,0.2690278,0.03698284,-0.055878878,-0.0031834426,-0.03012989,0.06418789,0.18726103,-0.3449965,0.0011593397,0.06563984,0.19084005,0.014848787,0.031984635,-0.07528535
2024.02.20,000005.SZ,-0.016468348,-0.14058495,0.20734102,0.016035002,-0.0709242,0.004995557,-0.036557484,0.040270492,0.08561758,-0.32246765,0.0057738377,0.038437467,0.14665692,0.03328781,-0.0016384184,-0.07479556
2024.02.20,000006.SZ,-0.017691815,-0.14030594,0.20751134,0.015648264,-0.07164076,0.0034928673,-0.040056184,0.039164517,0.087428465,-0.32462397,0.003799033,0.03809906,0.1487641,0.029491385,-0.0008974427,-0.07336596
2024.02.20,000007.SZ,-0.026451666,-0.15002865,0.22722943,0.07930637,-0.06715684,0.016225409,-0.020805724,0.07116802,0.136576,-0.3426223,0.016897619,0.1437273,0.13565089,0.011820898,0.017104192,-0.09109521
2024.02.20,000008.SZ,0.04548695,-0.1314078,0.19235417,0.060177654,-0.06509671,-0.011747227,-0.010341812,0.00015526265,0.047351338,-0.3311547,-0.03874226,-0.0128693655,0.1737067,-0.0051490953,-0.019660152,-0.019860167
2024.02.20,000009.SZ,-0.06329889,-0.18837906,0.25258565,0.011172728,-0.15541442,0.023512231,-0.05815061,0.043693047,0.18939395,-0.25871503,0.022888469,0.14238897,0.121667765,0.10635351,0.024637878,-0.044375014
2024.02.20,000010.SZ,-0.016674493,-0.13980816,0.20864291,0.016814778,-0.07162254,0.00329085,-0.038520683,0.03855243,0.089767784,-0.32638857,0.0021643455,0.03858993,0.15026109,0.028439138,0.00020376034,-0.07412847
2024.02.20,000011.SZ,-0.0072062556,-0.119807,0.2577162,-0.004634593,-0.10696384,-0.02535608,-0.012939878,0.026784789,0.04883577,-0.204848,-0.018695708,-0.029331272,0.13565491,0.101977624,-0.058007456,-0.0062832227
2024.02.20,000012.SZ,-0.03417416,-0.17674023,0.15159783,0.054208998,-0.05028723,0.05313811,-0.014245321,0.03474339,0.11189445,-0.34844118,0.021888664,0.19877456,0.05094308,0.059860535,0.12877448,-0.11698424
2024.02.20,000013.SZ,-0.016430665,-0.14159706,0.20682324,0.01675178,-0.070541106,0.005325526,-0.037111428,0.040451076,0.084480606,-0.32129806,0.006970345,0.03678152,0.14579222,0.032788597,-0.0009241157,-0.07383539
2024.02.20,000014.SZ,0.0046129497,-0.110615045,0.26575822,-0.014597978,-0.073395945,-0.049297977,-0.054270033,0.037514683,0.08325604,-0.313005,-0.026435146,-0.1150101,0.24731761,0.004652027,-0.1364592,-0.034741458
2024.02.20,000015.SZ,-0.005402952,-0.12025543,0.25760794,-0.003866709,-0.10629303,-0.025732625,-0.011718169,0.026730133,0.047533028,-0.2030084,-0.017965633,-0.029215978,0.1354464,0.10207406,-0.057522286,-0.0060508107
2024.02.20,000016.SZ,-0.030415352,-0.17202917,0.150146,0.051176496,-0.05646051,0.050787464,-0.0099288095,0.03304739,0.10667851,-0.34807098,0.022486294,0.194443,0.050902806,0.062287215,0.122557335,-0.113414705
2024.02.20,000017.SZ,-0.018650895,-0.14039667,0.20720698,0.016945956,-0.07191786,0.0044829575,-0.039666943,0.040321793,0.08763316,-0.325312,0.003838267,0.039956175,0.14889944,0.030397987,0.00045673174,-0.07444446
2024.02.20,000018.SZ,0.01576975,-0.1558561,0.12160434,0.070474856,0.08297344,0.0053235814,-0.046122823,-0.00505135,0.08766766,-0.35261217,-0.023755088,0.039260864,0.14759776,0.023074368,0.030654302,-0.10781706
2024.02.20,000019.SZ,-0.059054255,-0.14461002,0.14814685,-0.024172064,-0.14520782,-0.00040608735,0.002774127,0.012419837,0.069774166,-0.34768087,0.02142477,0.09747547,0.09491565,0.105287746,0.014420886,-0.051624775
2024.02.20,000020.SZ,-0.018272817,-0.14003439,0.20781069,0.01635618,-0.0721979,0.004344003,-0.03996967,0.04078961,0.08681081,-0.32506382,0.0044544046,0.039187104,0.14877495,0.031037573,-0.00038558987,-0.07409477
2024.02.20,000021.SZ,-0.018452292,-0.14798158,0.18972266,0.030111907,-0.022563107,0.011065775,-0.0065001524,0.08380582,0.08828117,-0.3398627,0.048192818,0.09498016,0.11192908,0.047624584,0.009391258,-0.04799728
2024.02.20,000022.SZ,-0.021639813,-0.14031236,0.23838192,-0.018559603,-0.16843925,-0.02979099,-0.15586258,0.061490543,0.08536208,-0.26808175,-0.05580738,0.044277728,0.19821429,0.089593165,-0.14056057,-0.010135229
2024.02.20,000023.SZ,-0.056661833,-0.11355946,0.2757433,-0.00070860225,-0.14495009,-0.039138082,-0.030199135,0.06162321,0.12802859,-0.3353221,-0.0023902906,-0.034013372,0.25595245,0.004034065,-0.124802545,-0.029523306
2024.02.20,000024.SZ,-0.0433909,-0.14221066,0.18308601,0.020655707,-0.015622485,0.010650093,-0.08508846,0.040147465,0.10646448,-0.31873775,-0.019963935,0.029233774,0.18595208,0.03720148,-0.027549475,-0.06572563
2024.02.20,000025.SZ,0.044538695,-0.13109931,0.19114333,0.062446687,-0.06642696,-0.0121254,-0.011937155,0.0007923914,0.047921218,-0.33445835,-0.04121029,-0.011912902,0.17693385,-0.0072988467,-0.020260219,-0.020201765
2024.02.20,600000.SH,-0.04209996,-0.1782228,0.1600234,0.054801565,-0.045036986,0.057984002,-0.018713078,0.03710193,0.11685623,-0.33781976,0.023382654,0.19249094,0.04957327,0.059734162,0.13320337,-0.119276956
2024.02.20,600001.SH,-0.029080661,-0.13547418,0.21059906,-0.064406596,-0.13881321,-0.055345107,-0.035313506,0.012728838,0.044316083,-0.28676727,0.00409051,-0.025184264,0.1564036,0.08142795,-0.07039164,-0.0109482575
2024.02.20,600002.SH,-0.065125905,-0.1878277,0.25295982,0.0150388535,-0.1548602,0.026228547,-0.059637133,0.04484165,0.19179632,-0.26022112,0.021168765,0.14182162,0.123360544,0.10483754,0.027081465,-0.046339314
2024.02.20,600003.SH,0.018629411,-0.17038213,0.20721105,0.031303786,-0.13210371,0.007804334,-0.0884705,-0.032680217,0.09397489,-0.29096636,-0.06194828,0.105208464,0.15232056,0.063603476,-0.023848273,-0.057365987
2024.02.20,600004.SH,-0.0653354,-0.21121265,0.14380713,-0.06376025,-0.03595684,-0.06354487,-0.03585912,-0.0051435637,0.1327361,-0.31983235,0.012077794,0.023127336,0.17524444,0.089135826,0.042838722,-0.057462215
2024.02.20,600005.SH,-0.015962183,-0.14011434,0.20816912,0.015076828,-0.07296417,0.0038201055,-0.036771845,0.038936213,0.086701415,-0.3226446,0.0043278215,0.03654705,0.14786088,0.031249888,-0.0021737723,-0.07279159
2024.02.20,600006.SH,-0.015453591,-0.14005266,0.20734185,0.016206052,-0.06866376,0.005841641,-0.035130225,0.039166994,0.08354071,-0.32120496,0.0057995412,0.036909375,0.1446144,0.032620326,-0.0007488652,-0.07495783
2024.02.20,600007.SH,-0.021097338,-0.17668362,0.13430084,-0.016542472,-0.02002798,-0.040491566,0.039581835,-0.00430718,0.054379653,-0.32412183,0.057790235,0.13339406,0.047903206,0.1544957,0.0132623045,-0.09998615
2024.02.20,600008.SH,-0.016596567,-0.13952996,0.21002641,0.014019789,-0.07315145,0.0030801804,-0.03792619,0.03940814,0.08658763,-0.32405767,0.0040462394,0.03805134,0.14825678,0.030761894,-0.0027337119,-0.072400875
2024.02.20,600009.SH,-0.016368216,-0.13944453,0.20788346,0.016802935,-0.07057607,0.0055639897,-0.036540803,0.039342854,0.085718,-0.32274848,0.0038022364,0.03851655,0.14787456,0.030994978,0.0015968257,-0.075276464
2024.02.20,600010.SH,-0.079165086,-0.15195881,0.21877897,0.012767932,-0.06846256,0.013629563,-0.15096349,0.03991367,0.1540136,-0.36200318,-0.02913129,0.13878424,0.14927341,0.06788564,-0.036209263,-0.056232005
2024.02.20,600011.SH,-0.03401347,-0.17739034,0.15343292,0.05624584,-0.047715735,0.05531405,-0.013246626,0.034054,0.11441462,-0.3469558,0.02049539,0.20022203,0.050171424,0.06088543,0.13112088,-0.118487276
2024.02.20,600012.SH,-0.035863977,-0.17788614,0.15254478,0.0550225,-0.050212163,0.05453021,-0.01690124,0.033871315,0.11492452,-0.3497695,0.019781511,0.20224412,0.051568143,0.060833234,0.1309168,-0.11813851
2024.02.20,600013.SH,-0.022651551,-0.1785054,0.1362477,-0.017346965,-0.026730394,-0.039149307,0.03827156,-0.0033594132,0.0592798,-0.3245025,0.058050547,0.13898104,0.048025247,0.15681261,0.011566922,-0.098938726
2024.02.20,600014.SH,-0.03208092,-0.17399839,0.1506906,0.05125332,-0.05782237,0.051420942,-0.013239265,0.034037285,0.109237954,-0.3498387,0.02249721,0.19677594,0.05201306,0.062645875,0.12378859,-0.11393028
2024.02.20,600015.SH,-0.017179675,-0.14008147,0.20919389,0.015808707,-0.072170526,0.0028634132,-0.038414177,0.039028946,0.0883423,-0.32584363,0.0028039292,0.03899767,0.14979115,0.028429825,-0.0010230258,-0.07336973
2024.02.20,600016.SH,-0.03334628,-0.18225712,0.14013484,0.059035707,-0.013487338,0.051667806,-0.020893393,0.024858356,0.11661881,-0.35029745,0.011177104,0.19000861,0.05584734,0.05213684,0.152206,-0.124159604
2024.02.20,600017.SH,-0.0058958516,-0.10440456,0.2843367,-0.010784329,-0.09598091,-0.049926866,-0.045860436,0.05139619,0.08027228,-0.31205076,-0.021127552,-0.10951018,0.2551488,-0.0042631966,-0.15385298,-0.032149125
2024.02.20,600018.SH,0.028082872,-0.128271,0.2296706,0.14495102,-0.19354191,0.024376044,0.023909288,-0.025861813,0.1267999,-0.28694978,-0.031067772,0.042523693,0.18636158,-0.03980904,-0.039184302,-0.045096327
2024.02.20,600019.SH,-0.017653575,-0.13870339,0.20993872,0.013817538,-0.073514044,0.0025428142,-0.0385118,0.038605228,0.088997275,-0.32645488,0.0020635247,0.04081439,0.15064418,0.030266786,-0.0002528429,-0.07374727
2024.02.20,600020.SH,-0.017736854,-0.13997923,0.20785794,0.01670714,-0.071932144,0.004826216,-0.037128393,0.04035233,0.086088434,-0.32398576,0.004257713,0.039184786,0.1484492,0.03161234,6.514788e-05,-0.0746992
2024.02.20,600021.SH,-0.033488978,-0.17670338,0.1538573,0.054967374,-0.049894955,0.05439303,-0.012732995,0.034516368,0.11220827,-0.34511083,0.021520361,0.19724855,0.050363943,0.059887752,0.12896399,-0.116875604
2024.02.20,600022.SH,-0.014946786,-0.13860361,0.20946752,0.015063949,-0.06939111,0.004924118,-0.034294546,0.0390495,0.085117236,-0.32273895,0.004688884,0.03723745,0.14620127,0.032248292,-0.00037890484,-0.07519746
2024.02.20,600023.SH,-0.035593987,-0.17896484,0.15414123,0.056447297,-0.04995508,0.05544358,-0.014888975,0.034491364,0.115414985,-0.34724125,0.021977566,0.20076178,0.04994632,0.060395267,0.13001703,-0.118223846
2024.02.20,600024.SH,-0.019841332,-0.15290439,0.27959338,0.01736066,-0.035357952,-0.0006530377,-0.037284873,0.04333722,0.14252222,-0.32967588,-0.0037504556,-0.03687331,0.21871975,-0.016537292,-0.0068597035,-0.08941201
2024.02.21,000001.SZ,-0.016377706,-0.13995565,0.20805816,0.015414705,-0.071940735,0.004739566,-0.037472084,0.039005533,0.085903354,-0.3221103,0.0044729114,0.037193287,0.14709136,0.031951647,-0.00038534772,-0.073685996
2024.02.21,000002.SZ,0.027614225,-0.12840845,0.22799645,0.14658324,-0.19506393,0.025275903,0.024384454,-0.024135062,0.1250665,-0.2860562,-0.0294887,0.042275134,0.18629727,-0.039584894,-0.03927241,-0.045032512
2024.02.21,000003.SZ,0.0181363,-0.17022555,0.2064016,0.032267936,-0.13106404,0.007825686,-0.08822723,-0.031359363,0.0934872,-0.29181886,-0.06072555,0.10427435,0.15231206,0.06367732,-0.02431811,-0.058895696
2024.02.21,000004.SZ,-0.11823147,-0.18798202,0.26901245,0.037130482,-0.05588201,-0.0031373333,-0.030309599,0.06466462,0.18695155,-0.3449783,0.0011593844,0.06601807,0.19098659,0.0152609125,0.03182546,-0.07524065
2024.02.21,000005.SZ,-0.01627595,-0.14016046,0.20807159,0.015565461,-0.071113214,0.0049153664,-0.036146846,0.040136725,0.085521325,-0.32230523,0.0054792957,0.038138736,0.1465815,0.033631343,-0.0018148607,-0.07473927
2024.02.21,000006.SZ,-0.017120797,-0.14056626,0.20671166,0.016258867,-0.070919365,0.00429898,-0.03870472,0.038893044,0.08660083,-0.32334596,0.0041700806,0.037524786,0.14782739,0.030164156,-0.00075276184,-0.07382871
2024.02.21,000007.SZ,-0.02620069,-0.15019384,0.22733723,0.07905638,-0.06720529,0.01665418,-0.020294428,0.0713671,0.13597614,-0.34169948,0.017940652,0.14348572,0.1341749,0.012624018,0.016160019,-0.0910773
2024.02.21,000008.SZ,0.045226477,-0.1314883,0.19233939,0.060292814,-0.06544829,-0.011866875,-0.010245695,0.00030795112,0.047267225,-0.33111998,-0.038849596,-0.01295768,0.17406948,-0.0050766626,-0.019594938,-0.019833028
2024.02.21,000009.SZ,-0.063427545,-0.18781246,0.25258505,0.011773545,-0.15467995,0.023736227,-0.058206093,0.043956958,0.18931018,-0.25970006,0.022979401,0.14257473,0.121814035,0.106405385,0.024981622,-0.04490113
2024.02.21,000010.SZ,-0.016199647,-0.13920322,0.20919973,0.015805436,-0.07143608,0.0031519781,-0.03851598,0.03810144,0.08953624,-0.32608378,0.0020642697,0.038117036,0.14962372,0.028936293,0.00014279224,-0.07400101
2024.02.21,000011.SZ,-0.006332916,-0.119199514,0.25741172,-0.003439383,-0.10743342,-0.02479211,-0.012919139,0.027651155,0.04823772,-0.20481914,-0.01891733,-0.029051535,0.13641196,0.10197062,-0.05790164,-0.0062804963
2024.02.21,000012.SZ,-0.03459719,-0.17692544,0.15146765,0.05454734,-0.05046969,0.053280473,-0.01501498,0.034888446,0.112070754,-0.34917077,0.02167506,0.1992685,0.051414646,0.0595639,0.12915379,-0.11690144
2024.02.21,000013.SZ,-0.016012663,-0.14144151,0.20674317,0.016744792,-0.07016315,0.0054914677,-0.036839735,0.04037265,0.08421174,-0.32107443,0.007137535,0.03636343,0.1455047,0.03280321,-0.00058499904,-0.073922336
2024.02.21,000014.SZ,0.004147856,-0.10982514,0.26677984,-0.014871123,-0.07365936,-0.049573556,-0.055337034,0.037181154,0.08368326,-0.31401318,-0.027138319,-0.115593806,0.24839516,0.00358431,-0.136477,-0.034658484
2024.02.21,000015.SZ,-0.0053558135,-0.12033875,0.25741827,-0.003541477,-0.105578616,-0.025895257,-0.011527386,0.026595216,0.047340278,-0.20338267,-0.017414553,-0.029551301,0.13520376,0.10195628,-0.057611328,-0.0059501347
2024.02.21,000016.SZ,-0.03072581,-0.17264158,0.15024409,0.051860873,-0.056091793,0.050933518,-0.010154345,0.033918593,0.106887735,-0.348147,0.022874834,0.19446905,0.05108716,0.061576784,0.12287978,-0.11362364
2024.02.21,000017.SZ,-0.019188998,-0.14069027,0.20688155,0.017558234,-0.071518585,0.0049163583,-0.039699316,0.04135796,0.08719038,-0.32558882,0.0047788257,0.04017097,0.14853425,0.031204438,0.00061335595,-0.07489916
2024.02.21,000018.SZ,0.015929664,-0.15592894,0.12097322,0.070188105,0.083366506,0.0049216715,-0.046155464,-0.005633205,0.08789025,-0.35221365,-0.023209605,0.03835701,0.14771019,0.02369,0.031421106,-0.10718975
2024.02.21,000019.SZ,-0.059164923,-0.14453967,0.14795664,-0.024254419,-0.14604543,-0.0004817657,0.0020410838,0.012151917,0.07010613,-0.3482815,0.020682082,0.097812496,0.09563402,0.10518979,0.0144863445,-0.05135481
2024.02.21,000020.SZ,-0.018033225,-0.14015979,0.20776546,0.016559238,-0.07167696,0.0046880245,-0.03990381,0.040270858,0.086874805,-0.32466978,0.0042265253,0.038745802,0.14839524,0.03075359,0.0008018723,-0.0741732
2024.02.21,000021.SZ,-0.018509055,-0.14874789,0.18939522,0.03089611,-0.021814592,0.011002061,-0.006778047,0.08404605,0.08795018,-0.33965325,0.04870683,0.09537605,0.1113645,0.047796104,0.009752167,-0.048015222
2024.02.21,000022.SZ,-0.021500865,-0.13987926,0.23798856,-0.017049061,-0.16722137,-0.02903412,-0.15440375,0.062781624,0.084581725,-0.267402,-0.055155985,0.04379421,0.19767132,0.08988871,-0.1399052,-0.010762522
2024.02.21,000023.SZ,-0.05645874,-0.11321191,0.2757199,-0.00091995276,-0.14548944,-0.03907692,-0.030112026,0.061232276,0.12791221,-0.3350221,-0.0025493149,-0.03470104,0.25570568,0.0046717036,-0.12462799,-0.029469999
2024.02.21,000024.SZ,-0.043724336,-0.14190783,0.18345109,0.02041475,-0.01587709,0.010357289,-0.0856192,0.039711103,0.10659252,-0.31888157,-0.020910775,0.02887797,0.18663763,0.036912903,-0.027768468,-0.06531474
2024.02.21,000025.SZ,0.04422455,-0.13138598,0.19150455,0.06168567,-0.06814595,-0.012424339,-0.012702005,0.0009525378,0.048602987,-0.3351348,-0.041451976,-0.01121178,0.17751394,-0.0069814157,-0.021522485,-0.019798053
2024.02.21,600000.SH,-0.042354718,-0.17864205,0.16033457,0.055887844,-0.04375453,0.05827429,-0.017919052,0.03759448,0.11626487,-0.33711112,0.023680596,0.19200677,0.04909347,0.05880978,0.1335094,-0.119445525
2024.02.21,600001.SH,-0.02907705,-0.13549614,0.21061084,-0.06427435,-0.13830672,-0.055001114,-0.03441723,0.012878115,0.043805216,-0.286114,0.0043016556,-0.025075471,0.15607499,0.0820309,-0.07011418,-0.0114520695
2024.02.21,600002.SH,-0.06450598,-0.18723805,0.2536513,0.014836456,-0.15443134,0.025888406,-0.05919408,0.044666603,0.19113769,-0.26035836,0.021379968,0.14138259,0.12333978,0.10466345,0.026976295,-0.04610093
2024.02.21,600003.SH,0.018836822,-0.17026302,0.20732123,0.031009393,-0.13206157,0.0076406156,-0.088759765,-0.032902505,0.09357214,-0.2905852,-0.062150467,0.10542318,0.15236294,0.06362485,-0.024130879,-0.05713846
2024.02.21,600004.SH,-0.06539643,-0.2112447,0.14379139,-0.06371553,-0.036023576,-0.0634608,-0.03592171,-0.005158699,0.13246435,-0.31954783,0.01197631,0.022972066,0.1754709,0.08889451,0.043043412,-0.05737457
2024.02.21,600005.SH,-0.01588302,-0.14002341,0.2077293,0.015740331,-0.072437815,0.0044842386,-0.03603306,0.039262183,0.086188845,-0.32245052,0.0045898384,0.03658835,0.14765862,0.031664725,-0.0018603799,-0.0734342
2024.02.21,600006.SH,-0.01566755,-0.14028798,0.2068992,0.016704451,-0.06865022,0.0057604513,-0.03536909,0.039308827,0.08395941,-0.3218173,0.0058556274,0.037196945,0.14489697,0.032358386,-0.00055216806,-0.07513261
2024.02.21,600007.SH,-0.020961834,-0.17633338,0.13433334,-0.016275939,-0.019527702,-0.040361352,0.0398069,-0.004355012,0.054440305,-0.32364225,0.057590496,0.13326102,0.047556233,0.15466385,0.013155862,-0.10031903
2024.02.21,600008.SH,-0.016098717,-0.139506,0.20954846,0.014300176,-0.072386175,0.0038083654,-0.0367532,0.039196625,0.085791394,-0.32304442,0.004623201,0.037347037,0.14708352,0.031898707,-0.002218319,-0.072900295
2024.02.21,600009.SH,-0.016701166,-0.13973877,0.20761558,0.01666322,-0.07084557,0.0057851938,-0.03647071,0.03983423,0.0848585,-0.32205677,0.0044702888,0.038601335,0.14741358,0.031878483,0.0013701665,-0.075159684
2024.02.21,600010.SH,-0.07951592,-0.1520369,0.21800068,0.01315199,-0.06845072,0.0135727795,-0.15127352,0.040153727,0.15441121,-0.36276957,-0.029064186,0.13879462,0.14942601,0.06768976,-0.036098704,-0.05630999
2024.02.21,600011.SH,-0.03453033,-0.17780004,0.15358813,0.056456313,-0.048035245,0.05530506,-0.013741701,0.034506865,0.11453398,-0.34714526,0.020957768,0.20014367,0.05014872,0.060467854,0.13104972,-0.1184202
2024.02.21,600012.SH,-0.035492793,-0.17783411,0.15325028,0.05514374,-0.049668558,0.054673083,-0.015507647,0.03408143,0.114248686,-0.34797284,0.020371346,0.20085527,0.050813913,0.060766093,0.1304711,-0.11792549
2024.02.21,600013.SH,-0.022187406,-0.17820735,0.13597235,-0.017526327,-0.027061049,-0.038829487,0.038507506,-0.0035100994,0.058823973,-0.32394183,0.057722926,0.13895513,0.048066184,0.15708977,0.011777774,-0.09901114
2024.02.21,600014.SH,-0.031501625,-0.1736906,0.15200797,0.05165954,-0.056538574,0.05176004,-0.011006433,0.03403547,0.108433165,-0.34718215,0.023351567,0.19467765,0.050524857,0.06240984,0.12353951,-0.114295326
2024.02.21,600015.SH,-0.016272346,-0.1400584,0.2089091,0.016129812,-0.07169689,0.0036038843,-0.03723205,0.038659364,0.08761623,-0.32468113,0.0030838004,0.037958197,0.14893803,0.028873928,-0.0007419883,-0.07362798
2024.02.21,600016.SH,-0.033902455,-0.18240619,0.14049546,0.05924799,-0.013153259,0.051980056,-0.02103714,0.025248557,0.116448425,-0.35032424,0.011168999,0.1896483,0.055964794,0.051606763,0.15249339,-0.12394213
2024.02.21,600017.SH,-0.0053486982,-0.10427834,0.28367892,-0.010835447,-0.09541665,-0.049536087,-0.044988714,0.05114136,0.07944006,-0.31057575,-0.020234862,-0.109641574,0.2540316,-0.0034035016,-0.15251064,-0.032115117
2024.02.21,600018.SH,0.028212205,-0.12829949,0.22974569,0.14467327,-0.19398664,0.024087742,0.02386636,-0.026027376,0.12670696,-0.28683025,-0.031204937,0.042435236,0.18651742,-0.03966251,-0.039612576,-0.044738103
2024.02.21,600019.SH,-0.017263575,-0.13875632,0.20958678,0.01472458,-0.07292785,0.0031923281,-0.037796617,0.03929756,0.0878165,-0.3253389,0.0026513275,0.039751086,0.14969498,0.030515473,-0.0009264589,-0.07388474
2024.02.21,600020.SH,-0.017974222,-0.14027637,0.20764771,0.016821545,-0.07163497,0.005131908,-0.036867056,0.040885616,0.085235745,-0.3235085,0.0051921885,0.038846478,0.14778715,0.03254967,-0.00015400909,-0.07476775
2024.02.21,600021.SH,-0.033963166,-0.17688446,0.15375464,0.055146206,-0.049983658,0.054376397,-0.01353813,0.034899812,0.11218217,-0.3453426,0.021722967,0.19723463,0.05066343,0.059198573,0.12932837,-0.11661187
2024.02.21,600022.SH,-0.014457209,-0.13853535,0.2095741,0.014915895,-0.069321744,0.0051204795,-0.033318594,0.03842168,0.08485539,-0.3217991,0.004457504,0.03668036,0.14582348,0.0325998,-0.00011615828,-0.075252354
2024.02.21,600023.SH,-0.036086895,-0.17881164,0.1537945,0.056472085,-0.049728874,0.055416387,-0.015680965,0.03463884,0.11580872,-0.3480776,0.02177984,0.2012752,0.050267372,0.060215354,0.13063939,-0.11863179
2024.02.21,600024.SH,-0.019633139,-0.1527512,0.27903607,0.01762137,-0.03521267,-0.00041509044,-0.03730535,0.043215107,0.14240293,-0.32975978,-0.0038112963,-0.036692385,0.21861473,-0.016559204,-0.0066779437,-0.08966884
2024.02.22,000001.SZ,-0.016492555,-0.14039394,0.20752937,0.015985942,-0.07206829,0.0049927714,-0.037129268,0.039351795,0.08541513,-0.32186732,0.004834659,0.037137654,0.14702661,0.032093577,-0.00066482637,-0.073705696
2024.02.22,000002.SZ,0.027277198,-0.12882783,0.22670211,0.14759262,-0.19515787,0.026342912,0.024895582,-0.023875503,0.12386849,-0.28519556,-0.028680846,0.042979952,0.18504332,-0.03852793,-0.03909779,-0.045790758
2024.02.22,000003.SZ,0.01807241,-0.1700122,0.20604528,0.032406066,-0.13021597,0.007650442,-0.08915444,-0.030937346,0.093545385,-0.29284114,-0.060638774,0.104607925,0.15266855,0.06275978,-0.023617791,-0.059333894
2024.02.22,000004.SZ,-0.11855504,-0.18815444,0.26921016,0.036730327,-0.056070477,-0.0032562937,-0.030344153,0.065044515,0.18647523,-0.34461412,0.0017525983,0.066107534,0.19073328,0.01576615,0.031126184,-0.074822694
2024.02.22,000005.SZ,-0.016956015,-0.14053477,0.2081839,0.015593889,-0.07119269,0.0047930605,-0.036760923,0.04049237,0.08543712,-0.32261932,0.005722997,0.038753293,0.14651778,0.03367691,-0.0021744447,-0.07458756
2024.02.22,000006.SZ,-0.017401004,-0.14049725,0.20669276,0.016712481,-0.070872836,0.0045379684,-0.03864107,0.03950579,0.0860447,-0.3232878,0.0043523633,0.038485933,0.14822333,0.029908102,-0.00017913245,-0.07425045
2024.02.22,000007.SZ,-0.02657462,-0.15029962,0.22746076,0.07906338,-0.06677752,0.016235936,-0.020912265,0.07150433,0.13610077,-0.3427777,0.017933123,0.1438493,0.13441321,0.012654166,0.016139846,-0.09107531
2024.02.22,000008.SZ,0.045425765,-0.13140717,0.19191739,0.06053222,-0.064601496,-0.0117790615,-0.010427246,0.00045624745,0.04644955,-0.3309426,-0.038543522,-0.01336062,0.17393075,-0.005054908,-0.019332765,-0.02032205
2024.02.22,000009.SZ,-0.06367838,-0.18769313,0.25288612,0.011166053,-0.15577629,0.02347227,-0.05931146,0.043064337,0.19028857,-0.26045775,0.02224372,0.14291583,0.12233927,0.10628428,0.024318978,-0.044469208
2024.02.22,000010.SZ,-0.016489137,-0.13949335,0.20937265,0.015793873,-0.07149415,0.0032221237,-0.03901799,0.038398605,0.08899249,-0.32600042,0.0023020764,0.038341023,0.14943752,0.02876167,-0.00035507974,-0.07375096
2024.02.22,000011.SZ,-0.0064175366,-0.11968533,0.25672412,-0.0035935189,-0.10691093,-0.024860693,-0.012586227,0.02712909,0.04774418,-0.20407054,-0.017393325,-0.029076867,0.13491529,0.102369756,-0.057636656,-0.006035046
2024.02.22,000012.SZ,-0.034370974,-0.17670558,0.1513036,0.054452542,-0.05083117,0.05330187,-0.014855454,0.034557484,0.11226786,-0.34941354,0.021591168,0.19917503,0.051319707,0.05971149,0.12916024,-0.11691794
2024.02.22,000013.SZ,-0.016447715,-0.14084618,0.20731571,0.016115705,-0.07097377,0.0048790774,-0.03698311,0.040095657,0.085262045,-0.32221666,0.005965475,0.036673866,0.14625755,0.03261595,-0.0010387168,-0.07368501
2024.02.22,000014.SZ,0.0035665778,-0.10949399,0.26724187,-0.01495898,-0.07372381,-0.049513616,-0.056741275,0.037384935,0.084134825,-0.31486532,-0.027940584,-0.11549181,0.24922335,0.0030133708,-0.13641177,-0.034890324
2024.02.22,000015.SZ,-0.0055879443,-0.12050431,0.25721106,-0.0034767995,-0.1053647,-0.026216693,-0.011346807,0.02628633,0.047325924,-0.20352033,-0.016783092,-0.029918188,0.13476393,0.10224584,-0.057530154,-0.0056665605
2024.02.22,000016.SZ,-0.030615825,-0.17280512,0.15063438,0.051851667,-0.055889133,0.050948367,-0.009803533,0.034240842,0.10711764,-0.34773573,0.023250382,0.19421574,0.050850417,0.061969057,0.12279768,-0.11397503
2024.02.22,000017.SZ,-0.018926326,-0.14056398,0.20706677,0.017266644,-0.07133308,0.0050689834,-0.039863534,0.04150517,0.08670936,-0.3251519,0.005208505,0.03993196,0.14811969,0.031699073,0.0006898547,-0.074922964
2024.02.22,000018.SZ,0.016066682,-0.15592422,0.12101488,0.07044683,0.08347694,0.0048604263,-0.045763943,-0.0055567906,0.08790192,-0.35217372,-0.023264233,0.038362868,0.14787407,0.02390704,0.031695116,-0.107302144
2024.02.22,000019.SZ,-0.059491806,-0.14466313,0.14762789,-0.023872335,-0.14597909,-0.00054703275,0.0013798168,0.012371743,0.070267245,-0.34877896,0.020449953,0.09809368,0.09589821,0.104688816,0.01493536,-0.051344223
2024.02.22,000020.SZ,-0.018768208,-0.14052814,0.20729256,0.017160932,-0.07145353,0.004845577,-0.04025619,0.040580116,0.08673305,-0.32499185,0.0040475656,0.039662313,0.14870265,0.030220665,0.0013740055,-0.07446255
2024.02.22,000021.SZ,-0.019001514,-0.1487009,0.1890417,0.031632893,-0.02103815,0.01106332,-0.0072103236,0.08392569,0.08812583,-0.34059733,0.048341904,0.09582082,0.11196884,0.047169283,0.010172007,-0.048343487
2024.02.22,000022.SZ,-0.021715408,-0.13976951,0.23760337,-0.016736438,-0.1677303,-0.028818654,-0.1545689,0.06314797,0.08479574,-0.26759988,-0.05531998,0.04440454,0.19797723,0.089863494,-0.13975577,-0.010848201
2024.02.22,000023.SZ,-0.05644466,-0.11329172,0.2761059,-0.0016873686,-0.14599337,-0.039299887,-0.030133868,0.060977496,0.12785514,-0.33536494,-0.0020693957,-0.035457402,0.2556405,0.004856973,-0.12559675,-0.02900318
2024.02.22,000024.SZ,-0.043770395,-0.1413303,0.18347473,0.019927282,-0.01574386,0.01053218,-0.08535037,0.038882248,0.10622567,-0.3183464,-0.021575738,0.02865673,0.18648836,0.037267454,-0.027535085,-0.065404154
2024.02.22,000025.SZ,0.044452712,-0.13117275,0.19135848,0.06198754,-0.06759128,-0.012272956,-0.012231217,0.0008219106,0.048324686,-0.33461747,-0.041045047,-0.01178071,0.17698821,-0.007245779,-0.020967264,-0.01964317
2024.02.22,600000.SH,-0.042107858,-0.17885472,0.16055362,0.055610377,-0.043471586,0.058189917,-0.018513128,0.036914498,0.11637608,-0.33705634,0.023037007,0.19217975,0.049341474,0.05862288,0.13390234,-0.11924428
2024.02.22,600001.SH,-0.029307218,-0.13551939,0.21116026,-0.06503689,-0.1398113,-0.055871792,-0.036116946,0.012133722,0.045181736,-0.2873444,0.0039395187,-0.024839345,0.15710407,0.08135943,-0.07119768,-0.010532094
2024.02.22,600002.SH,-0.06469036,-0.18728237,0.2534938,0.01530613,-0.15414451,0.02607342,-0.0595017,0.044759102,0.19083266,-0.26039267,0.021326296,0.14145362,0.123193935,0.104359604,0.026967015,-0.046130802
2024.02.22,600003.SH,0.018925099,-0.17025936,0.20692132,0.03132558,-0.1315969,0.0075911856,-0.08906087,-0.032751963,0.09356909,-0.29116067,-0.06198836,0.10532387,0.15240237,0.06298403,-0.023748733,-0.05742396
2024.02.22,600004.SH,-0.064840525,-0.21141626,0.14372401,-0.06409193,-0.035959218,-0.06340463,-0.035933245,-0.0063266284,0.13276523,-0.3185753,0.011096395,0.023637686,0.17514431,0.08872324,0.043511875,-0.057694998
2024.02.22,600005.SH,-0.016281648,-0.13975221,0.2082314,0.015249289,-0.07244252,0.004212735,-0.03652037,0.03917295,0.0862613,-0.3228881,0.0043529742,0.037116777,0.14775607,0.031600412,-0.0018475668,-0.07339452
2024.02.22,600006.SH,-0.01571604,-0.14085875,0.20637396,0.017451106,-0.067958646,0.0057032523,-0.03592097,0.0398904,0.084025025,-0.3224188,0.006720278,0.03737044,0.14485343,0.032239236,-0.00061328517,-0.07541529
2024.02.22,600007.SH,-0.020895733,-0.1763703,0.13468416,-0.015705489,-0.018515639,-0.040005,0.04096172,-0.0042216787,0.053635385,-0.32215685,0.058184233,0.13200185,0.046562117,0.15444082,0.013701272,-0.10084416
2024.02.22,600008.SH,-0.015719058,-0.13902439,0.20987199,0.01402846,-0.07257209,0.0035478948,-0.036548764,0.03910632,0.08640749,-0.32347688,0.00443183,0.037074115,0.14736605,0.0321023,-0.0021003901,-0.0730603
2024.02.22,600009.SH,-0.017032199,-0.14039141,0.20724037,0.01710803,-0.07029391,0.006162228,-0.03618765,0.040589318,0.08366855,-0.32143363,0.005654841,0.038876086,0.14661781,0.032847196,0.001160908,-0.07538085
2024.02.22,600010.SH,-0.0800406,-0.15261261,0.21766761,0.014116407,-0.06820457,0.013620601,-0.15068755,0.041202,0.1542375,-0.3626973,-0.028321693,0.13861547,0.15003742,0.06722707,-0.036045287,-0.056500934
2024.02.22,600011.SH,-0.034799177,-0.17791939,0.153814,0.056449607,-0.04806466,0.05525571,-0.014050066,0.03492129,0.11447909,-0.34683818,0.021153059,0.19977361,0.050292917,0.06025645,0.13097951,-0.11838846
2024.02.22,600012.SH,-0.03562594,-0.17790972,0.15317768,0.0549706,-0.049725868,0.054610007,-0.015890155,0.034076296,0.1141105,-0.34790924,0.020455934,0.2009834,0.05097618,0.060623504,0.1304067,-0.1177907
2024.02.22,600013.SH,-0.022400178,-0.17810881,0.13651718,-0.017735649,-0.026720542,-0.038797002,0.038889453,-0.0031689075,0.05852902,-0.3231769,0.05833786,0.13853145,0.047589913,0.1576132,0.011774411,-0.09944054
2024.02.22,600014.SH,-0.03179738,-0.17403226,0.15204692,0.052360892,-0.056133807,0.051863946,-0.011271819,0.03400643,0.10834853,-0.3468133,0.022875423,0.19480525,0.050693825,0.061947674,0.12393596,-0.114372656
2024.02.22,600015.SH,-0.01620679,-0.1402673,0.20826498,0.016397571,-0.07151386,0.0041672383,-0.03683479,0.038376596,0.08734635,-0.32384413,0.0031954537,0.03773617,0.1482354,0.029588066,-0.0002923943,-0.07387071
2024.02.22,600016.SH,-0.03421186,-0.18244548,0.14086272,0.05857987,-0.013303207,0.051991425,-0.021428032,0.02475484,0.116507486,-0.35025558,0.010952415,0.18966813,0.055741742,0.0518893,0.152603,-0.12383732
2024.02.22,600017.SH,-0.0053901374,-0.10421243,0.2832853,-0.010319584,-0.095157504,-0.048745535,-0.04470139,0.051707473,0.07924172,-0.31037953,-0.020206934,-0.10904477,0.25373656,-0.002831392,-0.15190457,-0.03263944
2024.02.22,600018.SH,0.028046716,-0.12838952,0.22887859,0.14537668,-0.19390048,0.024770299,0.024141716,-0.025691967,0.12605932,-0.2865565,-0.030710975,0.042816065,0.18592905,-0.039396137,-0.03935182,-0.045296364
2024.02.22,600019.SH,-0.01775552,-0.13890032,0.20943528,0.014811964,-0.07331741,0.0032531729,-0.0381515,0.03969508,0.08752587,-0.32517904,0.0029333746,0.039882716,0.1498741,0.030855343,-0.0009191183,-0.073868915
2024.02.22,600020.SH,-0.01802513,-0.14068465,0.20711985,0.016988639,-0.071026325,0.005447977,-0.036910523,0.040675823,0.08461542,-0.3227907,0.0056756125,0.038767405,0.14711939,0.03285116,-7.478148e-05,-0.07489841
2024.02.22,600021.SH,-0.035058036,-0.17775778,0.15301095,0.055550527,-0.05053021,0.054332264,-0.015492377,0.035381857,0.11288522,-0.34744585,0.021500157,0.19927193,0.051553544,0.058950577,0.12965515,-0.11654039
2024.02.22,600022.SH,-0.014848817,-0.13833751,0.20972994,0.014435659,-0.06981355,0.0048255455,-0.03413489,0.038204525,0.0853175,-0.3220765,0.003999048,0.036898516,0.14631777,0.032075003,0.00018027611,-0.0749349
2024.02.22,600023.SH,-0.036418628,-0.17925704,0.15377556,0.056761283,-0.04976082,0.05539464,-0.015915047,0.034920283,0.11573624,-0.34803644,0.022178328,0.20149153,0.050216738,0.059798688,0.13041548,-0.118557364
2024.02.22,600024.SH,-0.020244291,-0.15239322,0.2798843,0.017955083,-0.036259376,-0.00041716543,-0.037651032,0.04382431,0.1429751,-0.33055276,-0.0043213097,-0.036514193,0.21941987,-0.016720785,-0.0068674516,-0.08965258
2024.02.23,000001.SZ,-0.016736487,-0.14079086,0.20713495,0.016417034,-0.072365075,0.004872072,-0.03764581,0.039033767,0.08667392,-0.3226787,0.004292074,0.036932655,0.14753331,0.031358294,-9.6263364e-05,-0.073555894
2024.02.23,000002.SZ,0.027356744,-0.12888299,0.22731292,0.14721236,-0.19527036,0.026173376,0.024426235,-0.024273016,0.12427591,-0.2849866,-0.029145999,0.04307547,0.18537427,-0.038717873,-0.038703475,-0.045707874
2024.02.23,000003.SZ,0.018847205,-0.16977262,0.20628059,0.032289542,-0.13049844,0.007755342,-0.08825926,-0.031154752,0.09344088,-0.29193443,-0.060747523,0.103833064,0.15254703,0.063109666,-0.024043892,-0.059118845
2024.02.23,000004.SZ,-0.11904526,-0.18841161,0.2692171,0.036702745,-0.056740493,-0.0033412904,-0.03125552,0.06563017,0.18619743,-0.3443845,0.0017324222,0.06707801,0.19111991,0.016132468,0.030521229,-0.074395336
2024.02.23,000005.SZ,-0.016726214,-0.13997722,0.2089389,0.015007915,-0.07131741,0.004620765,-0.036133066,0.03991541,0.084896535,-0.32215786,0.0050318115,0.039095238,0.14663541,0.033236217,-0.0020730149,-0.074455634
2024.02.23,000006.SZ,-0.017751431,-0.14045975,0.20675148,0.016866883,-0.07079283,0.004498365,-0.038991656,0.039528128,0.0860391,-0.32336336,0.00403864,0.03947423,0.14877091,0.02925465,0.0006143003,-0.07447208
2024.02.23,000007.SZ,-0.026337715,-0.15005592,0.2275023,0.07854341,-0.06652123,0.01584178,-0.021061435,0.071016975,0.13590202,-0.34275535,0.01744261,0.1439509,0.13460843,0.012898326,0.016046166,-0.09108523
2024.02.23,000008.SZ,0.04536609,-0.13126056,0.19230394,0.059847504,-0.065506764,-0.012114545,-0.01028719,0.00058655435,0.04657601,-0.33083284,-0.03866703,-0.013511946,0.17440054,-0.0048522567,-0.019990109,-0.019977542
2024.02.23,000009.SZ,-0.06353985,-0.1877113,0.25275332,0.012015021,-0.15410796,0.023939915,-0.05757086,0.044337656,0.1887803,-0.25954074,0.02351932,0.14192893,0.1214076,0.10664844,0.025223736,-0.0449665
2024.02.23,000010.SZ,-0.016689956,-0.13950497,0.20890367,0.01606978,-0.0710243,0.0038573085,-0.039171327,0.03824363,0.08881287,-0.32561517,0.0022718569,0.038322005,0.14892732,0.02917035,0.00084481,-0.07422091
2024.02.23,000011.SZ,-0.0061850804,-0.11942525,0.25699145,-0.003347198,-0.106800206,-0.025450228,-0.012992977,0.027206652,0.04784465,-0.2042286,-0.017978027,-0.02973672,0.13603312,0.10168775,-0.05801248,-0.005858712
2024.02.23,000012.SZ,-0.03370605,-0.17651631,0.15161963,0.054597523,-0.05105207,0.05326262,-0.013829497,0.034792483,0.11232455,-0.34889567,0.022520771,0.19845389,0.050822146,0.060025074,0.12845887,-0.11713209
2024.02.23,000013.SZ,-0.016503489,-0.14095028,0.20728137,0.016226737,-0.070750706,0.0047195,-0.036954526,0.040010348,0.08521135,-0.3224296,0.0057209255,0.03702435,0.14642584,0.032122336,-0.0014132103,-0.07365204
2024.02.23,000014.SZ,0.0037225164,-0.10928298,0.26707077,-0.015155459,-0.0733185,-0.049650237,-0.057291243,0.037267305,0.08405744,-0.3150954,-0.028322123,-0.11604596,0.24952558,0.0025026225,-0.13648592,-0.034846816
2024.02.23,000015.SZ,-0.0057656947,-0.12032304,0.25760505,-0.0036649802,-0.105217874,-0.026578262,-0.011196608,0.026478013,0.047474302,-0.20430186,-0.016813377,-0.030974062,0.1354972,0.10181562,-0.058117207,-0.005382724
2024.02.23,000016.SZ,-0.03078841,-0.1730643,0.15064768,0.05172147,-0.0559774,0.051047713,-0.009828847,0.034457237,0.10734661,-0.3478702,0.023267204,0.19424105,0.050884422,0.061931048,0.1230245,-0.11394277
2024.02.23,000017.SZ,-0.019342983,-0.14089511,0.2069905,0.017766379,-0.07138409,0.004892761,-0.039840117,0.042027682,0.086442865,-0.3254589,0.005364218,0.04038836,0.14872941,0.031295825,0.00037329455,-0.074917376
2024.02.23,000018.SZ,0.0166382,-0.15549412,0.12052201,0.070737675,0.084181845,0.005442154,-0.04508099,-0.0055707376,0.08767847,-0.35209382,-0.02295782,0.038340896,0.14768413,0.024438044,0.032648146,-0.10807621
2024.02.23,000019.SZ,-0.05871138,-0.14473218,0.14827791,-0.022867886,-0.14364517,-4.3205917e-05,0.0028662304,0.012573462,0.06899267,-0.34667474,0.02116102,0.09654952,0.0942653,0.10393965,0.015197052,-0.05179835
2024.02.23,000020.SZ,-0.01805691,-0.14097013,0.20673658,0.017575033,-0.07055467,0.0054651345,-0.0386762,0.040651165,0.085671216,-0.323751,0.0050336593,0.03865837,0.14734803,0.03124573,0.001476773,-0.07475288
2024.02.23,000021.SZ,-0.019782353,-0.1485754,0.18878411,0.031965196,-0.02096904,0.011205986,-0.008076507,0.08383432,0.08851202,-0.34185,0.048051868,0.09619222,0.1125162,0.046344016,0.01054203,-0.04850255
2024.02.23,000022.SZ,-0.021841375,-0.13975082,0.23743126,-0.017040558,-0.16829579,-0.028895399,-0.15501179,0.063153565,0.08495281,-0.2682412,-0.055560727,0.045070697,0.19831873,0.08979024,-0.13979334,-0.010814699
2024.02.23,000023.SZ,-0.056616127,-0.1133552,0.27612185,-0.001852365,-0.1461906,-0.039290905,-0.030024918,0.061020184,0.1279337,-0.33565497,-0.0019731794,-0.035435617,0.25574863,0.004877648,-0.12574871,-0.02886039
2024.02.23,000024.SZ,-0.04348035,-0.14083374,0.18411508,0.0190229,-0.016268758,0.010530101,-0.08498475,0.038645938,0.105795786,-0.31828225,-0.021725126,0.028172264,0.18611965,0.037420142,-0.028472833,-0.065069504
2024.02.23,000025.SZ,0.044289917,-0.1311577,0.19107841,0.062861234,-0.0660456,-0.012326478,-0.012122931,0.001086365,0.047609217,-0.3344065,-0.040517516,-0.012550691,0.17657934,-0.007708367,-0.019939424,-0.019669693
2024.02.23,600000.SH,-0.04171804,-0.17846783,0.1609029,0.055989522,-0.04287493,0.05881012,-0.016707787,0.03692571,0.11534547,-0.33523884,0.023019135,0.19116323,0.048540737,0.05840859,0.13321461,-0.11934822
2024.02.23,600001.SH,-0.029135272,-0.13526645,0.2113612,-0.06474193,-0.14051154,-0.055917356,-0.036241863,0.012221432,0.045778833,-0.28769937,0.0035839821,-0.025092103,0.15761757,0.08064038,-0.0708505,-0.010299356
2024.02.23,600002.SH,-0.06413192,-0.18691121,0.25356093,0.015636306,-0.15343022,0.026106913,-0.058761757,0.04515189,0.18992572,-0.25992203,0.021799263,0.14107354,0.122743115,0.104608096,0.027529763,-0.046438556
2024.02.23,600003.SH,0.019063767,-0.17016795,0.20681126,0.031413082,-0.13179171,0.00741495,-0.089590125,-0.032653157,0.093909845,-0.29184318,-0.062247753,0.10545913,0.15288545,0.06258708,-0.023477366,-0.057208586
2024.02.23,600004.SH,-0.06437657,-0.2113434,0.14405525,-0.06395715,-0.03575283,-0.06274131,-0.03439309,-0.0065901964,0.13183892,-0.31671986,0.011208579,0.023159519,0.1739509,0.08919356,0.043136366,-0.05783621
2024.02.23,600005.SH,-0.016532337,-0.13993926,0.20827179,0.015382902,-0.07227741,0.0043040407,-0.036593527,0.03961333,0.08552402,-0.32272798,0.004848427,0.03751773,0.1474032,0.031940233,-0.0022650098,-0.073495075
2024.02.23,600006.SH,-0.016217569,-0.14137802,0.20615795,0.0179276,-0.068925574,0.005202131,-0.036269024,0.0399322,0.08495176,-0.32294747,0.0062860614,0.03785599,0.14617342,0.031295553,-0.0005637481,-0.07513537
2024.02.23,600007.SH,-0.020564405,-0.17638268,0.13432853,-0.016003666,-0.01840369,-0.039990805,0.041146927,-0.004533431,0.05367371,-0.32177,0.057994556,0.13233472,0.046288647,0.15459478,0.014157692,-0.101005785
2024.02.23,600008.SH,-0.015720258,-0.13926318,0.20911118,0.01466691,-0.071828246,0.004148342,-0.03530017,0.03973675,0.08535259,-0.3228032,0.005475094,0.036732957,0.1464771,0.033299282,-0.002072024,-0.073700674
2024.02.23,600009.SH,-0.017389474,-0.14045152,0.20732808,0.017026441,-0.0709136,0.00583586,-0.03680908,0.04091238,0.083882466,-0.32194605,0.005479102,0.03913551,0.14721692,0.032594338,0.00072835,-0.07509115
2024.02.23,600010.SH,-0.08041018,-0.15276738,0.2173569,0.01460613,-0.06834283,0.013617242,-0.15080875,0.041842368,0.15411964,-0.36299944,-0.02815517,0.13872568,0.15069701,0.066876605,-0.035967924,-0.056482878
2024.02.23,600011.SH,-0.03536601,-0.17816465,0.15384966,0.05662415,-0.048339985,0.05531476,-0.014776987,0.035406545,0.11435767,-0.34691533,0.02124787,0.19961576,0.050676238,0.05961043,0.13116609,-0.1180056
2024.02.23,600012.SH,-0.034988288,-0.17805871,0.15321563,0.054715205,-0.050185002,0.05452873,-0.0149695715,0.03380602,0.11392517,-0.34706286,0.021019582,0.20076326,0.050552223,0.060881723,0.1291584,-0.1176874
2024.02.23,600013.SH,-0.022395225,-0.17783922,0.1362491,-0.01798739,-0.027085468,-0.038899045,0.03827498,-0.0033962447,0.05839115,-0.32360548,0.05796859,0.13864265,0.04789478,0.15745172,0.011200639,-0.0991357
2024.02.23,600014.SH,-0.032158323,-0.17450543,0.15193097,0.05275593,-0.0560043,0.051859796,-0.011267126,0.034453254,0.10856546,-0.3469138,0.022942942,0.19511175,0.050802678,0.061711032,0.12399329,-0.114333145
2024.02.23,600015.SH,-0.016590556,-0.14070652,0.20771115,0.017025398,-0.07132908,0.0047641625,-0.036451977,0.03915754,0.08610983,-0.3230174,0.0041375817,0.038100213,0.14780681,0.030157158,-0.00024073571,-0.074149236
2024.02.23,600016.SH,-0.03411787,-0.18215904,0.14125589,0.058223378,-0.01338781,0.051992577,-0.021407403,0.024701744,0.116428524,-0.35016474,0.011064763,0.18942463,0.055574607,0.052456703,0.15263852,-0.123859406
2024.02.23,600017.SH,-0.005254168,-0.10427875,0.28248018,-0.009928413,-0.095740594,-0.047901224,-0.04412777,0.05260103,0.079196416,-0.30910012,-0.020740828,-0.107974574,0.2539009,-0.001838682,-0.15092663,-0.032500297
2024.02.23,600018.SH,0.027990159,-0.12839918,0.2279668,0.14589827,-0.19358242,0.02519981,0.024879081,-0.025514416,0.12557478,-0.2865843,-0.030264504,0.04286836,0.18528327,-0.038774755,-0.039364338,-0.045769937
2024.02.23,600019.SH,-0.017279701,-0.1389319,0.20922773,0.015357426,-0.07200627,0.003798257,-0.037616123,0.03983804,0.08653823,-0.32460126,0.0034524065,0.03921626,0.14913477,0.030898992,-0.00020761415,-0.07432581
2024.02.23,600020.SH,-0.017788166,-0.14078295,0.20686871,0.016906226,-0.07050065,0.0055669392,-0.03700518,0.040424682,0.08455834,-0.32258517,0.0058068726,0.037961096,0.14657438,0.032893702,0.00016554445,-0.0747796
2024.02.23,600021.SH,-0.034852732,-0.17791449,0.15348126,0.056079127,-0.05001149,0.05450067,-0.014640284,0.035317004,0.11241821,-0.34635678,0.021560285,0.19852318,0.051109444,0.058333047,0.12963788,-0.1165423
2024.02.23,600022.SH,-0.014239206,-0.1380593,0.20996857,0.014077452,-0.069865294,0.00495627,-0.03334094,0.037668314,0.084466785,-0.3207718,0.0038757727,0.036874536,0.14613402,0.03230655,0.0001287479,-0.075088084
2024.02.23,600023.SH,-0.036138773,-0.1789519,0.15384465,0.05686853,-0.04891274,0.05545337,-0.015177589,0.034786545,0.11546494,-0.34738925,0.021880792,0.2010131,0.049981624,0.05979791,0.13076325,-0.11878171
2024.02.23,600024.SH,-0.02036841,-0.15239108,0.2799171,0.018137723,-0.03613035,-0.00045294964,-0.03813565,0.044072993,0.14303476,-0.3311946,-0.0047034128,-0.036744613,0.21981187,-0.01737218,-0.0066913897,-0.08952963
2024.02.26,000001.SZ,-0.017178098,-0.1412677,0.2069689,0.01710635,-0.071563035,0.005080457,-0.037463214,0.040110026,0.08599274,-0.32315838,0.0053726514,0.037467245,0.14704151,0.031749547,-0.0003381353,-0.07393993
2024.02.26,000002.SZ,0.027428046,-0.12893166,0.22728398,0.14732893,-0.19500376,0.026013257,0.024637504,-0.024569806,0.124547206,-0.28528386,-0.029436873,0.043009542,0.18554507,-0.03869533,-0.038547806,-0.045714073
2024.02.26,000003.SZ,0.018604817,-0.17004825,0.20635019,0.03245347,-0.13103479,0.008027394,-0.088024035,-0.031257626,0.09355627,-0.29170808,-0.060614515,0.103808284,0.15227893,0.06350018,-0.024030395,-0.059086397
2024.02.26,000004.SZ,-0.1195928,-0.1882251,0.26943454,0.037366316,-0.056505118,-0.0029652321,-0.031836,0.06630501,0.1865619,-0.3455915,0.0011013891,0.06747803,0.19185296,0.015766736,0.03064222,-0.07475162
2024.02.26,000005.SZ,-0.016571404,-0.13973324,0.20900103,0.014957989,-0.0712552,0.004630714,-0.036457885,0.039744206,0.085039735,-0.32232824,0.0048698247,0.03899595,0.14669104,0.03309928,-0.001722077,-0.07454142
2024.02.26,000006.SZ,-0.017895889,-0.14029881,0.20713891,0.016689904,-0.07008469,0.004258443,-0.038792104,0.03995543,0.08562546,-0.3240632,0.0042619,0.04004331,0.14868072,0.029044637,0.00013261475,-0.07462424
2024.02.26,000007.SZ,-0.025950497,-0.1500612,0.22764294,0.07890583,-0.065185316,0.01595604,-0.020485023,0.07113591,0.13472728,-0.341922,0.017877327,0.14343347,0.13383518,0.012722096,0.015432762,-0.09120457
2024.02.26,000008.SZ,0.04499764,-0.13138022,0.19226356,0.059503023,-0.06552222,-0.012332135,-0.010694498,0.0010431219,0.046190653,-0.33130118,-0.037870854,-0.014209769,0.17438675,-0.0052352515,-0.020183967,-0.019668657
2024.02.26,000009.SZ,-0.06388366,-0.18777056,0.2528352,0.012750851,-0.15414953,0.024201676,-0.05765648,0.0445647,0.18919592,-0.25975037,0.023199322,0.14171648,0.12193327,0.10566996,0.025976093,-0.04488034
2024.02.26,000010.SZ,-0.016317274,-0.13985747,0.20821816,0.016200563,-0.07118008,0.004597692,-0.038647734,0.03821703,0.08779599,-0.3238327,0.0029589597,0.037608843,0.14813653,0.030093662,0.0011711767,-0.07421671
2024.02.26,000011.SZ,-0.005610713,-0.11911741,0.2565397,-0.0027583097,-0.106715195,-0.024706129,-0.012507115,0.02745056,0.047507927,-0.2039985,-0.017924802,-0.028865542,0.13572642,0.10201781,-0.05743336,-0.006311154
2024.02.26,000012.SZ,-0.03416381,-0.17720427,0.15154052,0.0551305,-0.05084138,0.053263072,-0.013827546,0.035295285,0.1124545,-0.3490593,0.022973852,0.19891866,0.05069571,0.05939894,0.12832983,-0.1172044
2024.02.26,000013.SZ,-0.017126055,-0.14086412,0.2074261,0.016248863,-0.07095371,0.004414236,-0.03741197,0.04047856,0.08551954,-0.32336062,0.005653992,0.037724383,0.1469598,0.032103717,-0.0017353186,-0.0737596
2024.02.26,000014.SZ,0.0037223673,-0.10994506,0.266229,-0.015086015,-0.07324062,-0.04940872,-0.056265768,0.037690848,0.08351083,-0.3141649,-0.02775506,-0.11574678,0.24867098,0.003704449,-0.13612328,-0.03460073
2024.02.26,000015.SZ,-0.0056417133,-0.120083064,0.25767595,-0.0032285973,-0.10491774,-0.026452743,-0.011274933,0.026709963,0.047543757,-0.20495299,-0.017331697,-0.03105782,0.13584208,0.1017327,-0.058399506,-0.005613581
2024.02.26,000016.SZ,-0.03159826,-0.17376535,0.15023142,0.05199179,-0.055993963,0.050954834,-0.011161311,0.034568854,0.10807897,-0.34879208,0.02280433,0.19537725,0.051424276,0.061830457,0.1237777,-0.114197806
2024.02.26,000017.SZ,-0.019161941,-0.14096566,0.2069749,0.017580165,-0.07130924,0.0048283343,-0.04022294,0.041209083,0.08677026,-0.32508513,0.0047513335,0.04025222,0.14872184,0.030745216,0.0005378704,-0.074723035
2024.02.26,000018.SZ,0.016532952,-0.1560037,0.12012056,0.07126083,0.08445059,0.0053879768,-0.045496937,-0.0050578094,0.08771573,-0.35223404,-0.022606649,0.03873582,0.14785203,0.024154017,0.033133123,-0.10813695
2024.02.26,000019.SZ,-0.05911411,-0.14497894,0.1480461,-0.022367358,-0.14357625,-4.1639432e-06,0.0021795894,0.0128225135,0.06941459,-0.34726173,0.020952273,0.096814126,0.09458236,0.10323004,0.016017435,-0.05189012
2024.02.26,000020.SZ,-0.017912438,-0.14138544,0.20604204,0.018060315,-0.06972548,0.0058013108,-0.038111176,0.04096383,0.08504139,-0.32322282,0.005956028,0.038818225,0.14668687,0.031922285,0.0016618449,-0.075323634
2024.02.26,000021.SZ,-0.02036923,-0.14811113,0.18878517,0.032070044,-0.021044295,0.011123116,-0.008669159,0.08370742,0.08876169,-0.34296644,0.047289144,0.09635583,0.11339954,0.04598499,0.010566402,-0.048566405
2024.02.26,000022.SZ,-0.021972688,-0.13963243,0.23706397,-0.016320946,-0.16757172,-0.028491428,-0.1542965,0.06371591,0.0845436,-0.26760268,-0.055338148,0.044692412,0.19770934,0.08971115,-0.13949107,-0.010830336
2024.02.26,000023.SZ,-0.05681721,-0.11352279,0.27584976,-0.0015869538,-0.14575854,-0.03932751,-0.030097645,0.061560217,0.1282656,-0.33592278,-0.0017395896,-0.035577483,0.2558396,0.0044035553,-0.12578231,-0.028631259
2024.02.26,000024.SZ,-0.04283723,-0.1415733,0.18338388,0.018993065,-0.015469098,0.010873714,-0.08439974,0.03889408,0.105509855,-0.3175119,-0.019939521,0.028371686,0.18433233,0.03839306,-0.028455548,-0.06538199
2024.02.26,000025.SZ,0.044125836,-0.13101105,0.19105852,0.06309205,-0.06566897,-0.012461993,-0.012289338,0.0016571902,0.047665335,-0.33503905,-0.040169533,-0.013171597,0.17688864,-0.008389798,-0.019853747,-0.019618735
2024.02.26,600000.SH,-0.041589797,-0.17832644,0.16103306,0.0558024,-0.042705204,0.059110068,-0.016639648,0.03634009,0.11521921,-0.33493793,0.022131316,0.19122475,0.048710965,0.0587284,0.13351616,-0.11926212
2024.02.26,600001.SH,-0.029531725,-0.13530158,0.21173707,-0.065718696,-0.14155142,-0.05678079,-0.0368257,0.012073448,0.046954826,-0.28881,0.003976488,-0.024842246,0.1584957,0.08092169,-0.07167056,-0.00965826
2024.02.26,600002.SH,-0.06418848,-0.18728073,0.25320417,0.01617117,-0.1528933,0.026472548,-0.05810444,0.045831658,0.18940175,-0.25876805,0.022350015,0.14069885,0.122030735,0.10499687,0.028099827,-0.046634886
2024.02.26,600003.SH,0.018748835,-0.17031321,0.20666848,0.031195618,-0.13254803,0.0071683526,-0.090489775,-0.03257513,0.09412273,-0.29243165,-0.062460203,0.10607047,0.15330933,0.062596485,-0.023818625,-0.056965597
2024.02.26,600004.SH,-0.06438684,-0.21110527,0.14402138,-0.06374565,-0.03543029,-0.062743686,-0.034316264,-0.006000674,0.1314169,-0.31701756,0.011547417,0.02271689,0.17404708,0.08905216,0.043016322,-0.057750475
2024.02.26,600005.SH,-0.016406808,-0.14028567,0.20791613,0.016077552,-0.07137803,0.004653685,-0.036714867,0.039599527,0.08560119,-0.32274726,0.0050863186,0.037045415,0.14712365,0.031566687,-0.0015054278,-0.07377562
2024.02.26,600006.SH,-0.016713269,-0.14118288,0.2065118,0.018058132,-0.06920902,0.004560075,-0.036923915,0.040377926,0.08584447,-0.32462877,0.005585359,0.03831673,0.14750074,0.030361312,-0.00095978164,-0.07511196
2024.02.26,600007.SH,-0.021094121,-0.17633985,0.13396521,-0.015495157,-0.018339891,-0.039999973,0.04004187,-0.004144939,0.05359363,-0.3229122,0.05761985,0.13249516,0.047490347,0.15414847,0.014367439,-0.10078826
2024.02.26,600008.SH,-0.014905846,-0.13902162,0.20945969,0.014299967,-0.071886905,0.004000541,-0.035339475,0.039087735,0.085629046,-0.3223893,0.005088226,0.036059096,0.14653052,0.032934543,-0.001844974,-0.07351856
2024.02.26,600009.SH,-0.01722497,-0.14118935,0.20668729,0.01750622,-0.07044731,0.006169008,-0.036858827,0.040963627,0.08347372,-0.32114974,0.0064864294,0.038664695,0.14661247,0.032987904,0.0011638546,-0.07507568
2024.02.26,600010.SH,-0.07975645,-0.15248834,0.21708992,0.013993154,-0.06812422,0.013393542,-0.15130483,0.040771473,0.15448108,-0.3629978,-0.028810289,0.1386002,0.15011176,0.0670777,-0.036390916,-0.056491654
2024.02.26,600011.SH,-0.035787344,-0.17901918,0.15381251,0.05695427,-0.04848512,0.05538836,-0.014886799,0.035533212,0.11414768,-0.34648934,0.021264633,0.19982366,0.050784327,0.058680177,0.13096039,-0.117389426
2024.02.26,600012.SH,-0.034962464,-0.17817916,0.15347818,0.055235703,-0.0495009,0.054607667,-0.014407621,0.03409801,0.11331486,-0.3463151,0.02122797,0.200151,0.050303023,0.060027894,0.12933916,-0.11746065
2024.02.26,600013.SH,-0.022401743,-0.17805968,0.13658081,-0.01794263,-0.026762903,-0.03885067,0.039059687,-0.0033879373,0.0581916,-0.32276145,0.05827598,0.13832474,0.047388975,0.15758578,0.011545653,-0.099251315
2024.02.26,600014.SH,-0.0320805,-0.17451951,0.1519692,0.052973066,-0.05552374,0.05175321,-0.011425326,0.034311198,0.108385965,-0.34669504,0.022590488,0.19497961,0.05088893,0.06146028,0.12445034,-0.11436936
2024.02.26,600015.SH,-0.016599426,-0.14080045,0.20642391,0.018045653,-0.06984548,0.0054916632,-0.035725046,0.039604075,0.08545922,-0.32294592,0.004893964,0.038181156,0.14731368,0.030557057,0.00029841997,-0.07516032
2024.02.26,600016.SH,-0.034273375,-0.18240947,0.14117129,0.05826451,-0.013680409,0.05201856,-0.021476781,0.024894089,0.11625864,-0.3499949,0.011335253,0.18920335,0.05542901,0.052335586,0.1526302,-0.123753004
2024.02.26,600017.SH,-0.0049723648,-0.10417079,0.28217474,-0.009460113,-0.09557798,-0.04754924,-0.044126596,0.053470753,0.078791216,-0.30904034,-0.020650983,-0.107680395,0.25402725,-0.0017079397,-0.15123454,-0.03235265
2024.02.26,600018.SH,0.027765902,-0.12845616,0.22814378,0.1463285,-0.19330099,0.02474897,0.0242893,-0.025548894,0.12620164,-0.28730077,-0.030775957,0.04243151,0.18659244,-0.04007222,-0.039078735,-0.04535629
2024.02.26,600019.SH,-0.01703041,-0.13927102,0.20836893,0.015966495,-0.070565015,0.004445547,-0.03811976,0.03962362,0.08629501,-0.32433653,0.003702713,0.03907868,0.14818582,0.03103317,5.6091696e-05,-0.074972086
2024.02.26,600020.SH,-0.017105147,-0.14136156,0.20670392,0.01718299,-0.069504485,0.00577386,-0.036977917,0.04013163,0.08452197,-0.32224917,0.0063091125,0.03682583,0.14568049,0.032543026,9.815954e-05,-0.07455356
2024.02.26,600021.SH,-0.0350005,-0.17817084,0.1535875,0.055880386,-0.050181832,0.054588947,-0.014336214,0.035075087,0.11275217,-0.34637135,0.021660673,0.19891207,0.05070501,0.05896198,0.1294564,-0.11669891
2024.02.26,600022.SH,-0.014466304,-0.1383546,0.20968819,0.014722897,-0.069765694,0.00532006,-0.03368819,0.037617445,0.08447909,-0.32070243,0.0037285662,0.037159264,0.14620632,0.03217693,0.00042338853,-0.07537994
2024.02.26,600023.SH,-0.03576692,-0.17883854,0.15398349,0.057219006,-0.048459657,0.055512443,-0.014243623,0.03521604,0.11521006,-0.34654173,0.022247547,0.20029289,0.049727634,0.059596777,0.1305666,-0.118807845
2024.02.26,600024.SH,-0.020325834,-0.1521708,0.28009662,0.01844169,-0.03662517,-0.0003763791,-0.037603833,0.044284333,0.14363216,-0.33147052,-0.004723931,-0.03698083,0.22019963,-0.017072627,-0.0063714753,-0.089706235
